group,groupLabel,influencedby,influencedbyLabel
http://www.wikidata.org/entity/Q11649,Nirvana,http://www.wikidata.org/entity/Q47670,Black Sabbath
http://www.wikidata.org/entity/Q11649,Nirvana,http://www.wikidata.org/entity/Q2331,Led Zeppelin
http://www.wikidata.org/entity/Q396,U2,http://www.wikidata.org/entity/Q1160206,Television
http://www.wikidata.org/entity/Q396,U2,http://www.wikidata.org/entity/Q103550,The Velvet Underground
http://www.wikidata.org/entity/Q396,U2,http://www.wikidata.org/entity/Q93346,The Who
http://www.wikidata.org/entity/Q10708,Red Hot Chili Peppers,http://www.wikidata.org/entity/Q124179,Kiss
http://www.wikidata.org/entity/Q396,U2,http://www.wikidata.org/entity/Q1149668,Lee Clayton
http://www.wikidata.org/entity/Q11036,The Rolling Stones,http://www.wikidata.org/entity/Q1299,The Beatles
http://www.wikidata.org/entity/Q2331,Led Zeppelin,http://www.wikidata.org/entity/Q15228,The Lord of the Rings
http://www.wikidata.org/entity/Q10708,Red Hot Chili Peppers,http://www.wikidata.org/entity/Q464476,Black Flag
http://www.wikidata.org/entity/Q10708,Red Hot Chili Peppers,http://www.wikidata.org/entity/Q888487,Bobby Byrd
http://www.wikidata.org/entity/Q10708,Red Hot Chili Peppers,http://www.wikidata.org/entity/Q708782,Arthur Brown
http://www.wikidata.org/entity/Q11036,The Rolling Stones,http://www.wikidata.org/entity/Q5921,Chuck Berry
http://www.wikidata.org/entity/Q10708,Red Hot Chili Peppers,http://www.wikidata.org/entity/Q1130624,Gang of Four
http://www.wikidata.org/entity/Q2331,Led Zeppelin,http://www.wikidata.org/entity/Q11036,The Rolling Stones
http://www.wikidata.org/entity/Q396,U2,http://www.wikidata.org/entity/Q172763,Joy Division
http://www.wikidata.org/entity/Q396,U2,http://www.wikidata.org/entity/Q125603,The Clash
http://www.wikidata.org/entity/Q10708,Red Hot Chili Peppers,http://www.wikidata.org/entity/Q1892425,Parliament
http://www.wikidata.org/entity/Q10708,Red Hot Chili Peppers,http://www.wikidata.org/entity/Q125603,The Clash
http://www.wikidata.org/entity/Q10708,Red Hot Chili Peppers,http://www.wikidata.org/entity/Q1133807,Sly and the Family Stone
http://www.wikidata.org/entity/Q10708,Red Hot Chili Peppers,http://www.wikidata.org/entity/Q1364766,Minutemen
http://www.wikidata.org/entity/Q1299,The Beatles,http://www.wikidata.org/entity/Q255,Ludwig van Beethoven
http://www.wikidata.org/entity/Q1299,The Beatles,http://www.wikidata.org/entity/Q1339,Johann Sebastian Bach
http://www.wikidata.org/entity/Q1299,The Beatles,http://www.wikidata.org/entity/Q392,Bob Dylan
http://www.wikidata.org/entity/Q10708,Red Hot Chili Peppers,http://www.wikidata.org/entity/Q1291507,Ohio Players
http://www.wikidata.org/entity/Q10708,Red Hot Chili Peppers,http://www.wikidata.org/entity/Q798671,Bad Brains
http://www.wikidata.org/entity/Q396,U2,http://www.wikidata.org/entity/Q1501348,The Undertones
http://www.wikidata.org/entity/Q1299,The Beatles,http://www.wikidata.org/entity/Q5977,Buddy Holly
http://www.wikidata.org/entity/Q396,U2,http://www.wikidata.org/entity/Q188426,Roy Orbison
http://www.wikidata.org/entity/Q396,U2,http://www.wikidata.org/entity/Q202314,Thin Lizzy
http://www.wikidata.org/entity/Q1299,The Beatles,http://www.wikidata.org/entity/Q5921,Chuck Berry
http://www.wikidata.org/entity/Q10708,Red Hot Chili Peppers,http://www.wikidata.org/entity/Q208767,The Stooges
http://www.wikidata.org/entity/Q10708,Red Hot Chili Peppers,http://www.wikidata.org/entity/Q523957,Funkadelic
http://www.wikidata.org/entity/Q261,Linkin Park,http://www.wikidata.org/entity/Q622947,Jane's Addiction
http://www.wikidata.org/entity/Q261,Linkin Park,http://www.wikidata.org/entity/Q157041,The Offspring
http://www.wikidata.org/entity/Q261,Linkin Park,http://www.wikidata.org/entity/Q1412298,Helmet
http://www.wikidata.org/entity/Q10708,Red Hot Chili Peppers,http://www.wikidata.org/entity/Q1811603,Blowfly
http://www.wikidata.org/entity/Q10708,Red Hot Chili Peppers,http://www.wikidata.org/entity/Q1850698,The Germs
http://www.wikidata.org/entity/Q10708,Red Hot Chili Peppers,http://www.wikidata.org/entity/Q1887369,The Meters
http://www.wikidata.org/entity/Q396,U2,http://www.wikidata.org/entity/Q82545,Sex Pistols
http://www.wikidata.org/entity/Q396,U2,http://www.wikidata.org/entity/Q272203,Van Morrison
http://www.wikidata.org/entity/Q261,Linkin Park,http://www.wikidata.org/entity/Q1052139,The Roots
http://www.wikidata.org/entity/Q396,U2,http://www.wikidata.org/entity/Q287514,Marc Bolan
http://www.wikidata.org/entity/Q10708,Red Hot Chili Peppers,http://www.wikidata.org/entity/Q467673,W.A.S.P.
http://www.wikidata.org/entity/Q261,Linkin Park,http://www.wikidata.org/entity/Q224565,311
http://www.wikidata.org/entity/Q261,Linkin Park,http://www.wikidata.org/entity/Q80304,Korn
http://www.wikidata.org/entity/Q396,U2,http://www.wikidata.org/entity/Q334648,Roxy Music
http://www.wikidata.org/entity/Q1299,The Beatles,http://www.wikidata.org/entity/Q303,Elvis Presley
http://www.wikidata.org/entity/Q10708,Red Hot Chili Peppers,http://www.wikidata.org/entity/Q310170,Curtis Mayfield
http://www.wikidata.org/entity/Q396,U2,http://www.wikidata.org/entity/Q916461,The Jam
http://www.wikidata.org/entity/Q261,Linkin Park,http://www.wikidata.org/entity/Q72092,Rage Against the Machine
http://www.wikidata.org/entity/Q261,Linkin Park,http://www.wikidata.org/entity/Q902881,Fishbone
http://www.wikidata.org/entity/Q10708,Red Hot Chili Peppers,http://www.wikidata.org/entity/Q3296741,Graham Central Station
http://www.wikidata.org/entity/Q10708,Red Hot Chili Peppers,http://www.wikidata.org/entity/Q3523343,The Weirdos
http://www.wikidata.org/entity/Q11036,The Rolling Stones,http://www.wikidata.org/entity/Q44570,John Lee Hooker
http://www.wikidata.org/entity/Q261,Linkin Park,http://www.wikidata.org/entity/Q223161,Aphex Twin
http://www.wikidata.org/entity/Q10682,Sœurs Goadec,http://www.wikidata.org/entity/Q910606,music of Brittany
http://www.wikidata.org/entity/Q261,Linkin Park,http://www.wikidata.org/entity/Q214039,Beastie Boys
http://www.wikidata.org/entity/Q261,Linkin Park,http://www.wikidata.org/entity/Q485039,Deftones
http://www.wikidata.org/entity/Q261,Linkin Park,http://www.wikidata.org/entity/Q240767,Limp Bizkit
http://www.wikidata.org/entity/Q10708,Red Hot Chili Peppers,http://www.wikidata.org/entity/Q845265,Public Image Ltd.
http://www.wikidata.org/entity/Q10708,Red Hot Chili Peppers,http://www.wikidata.org/entity/Q850290,Kool & The Gang
http://www.wikidata.org/entity/Q261,Linkin Park,http://www.wikidata.org/entity/Q320499,Faith No More
http://www.wikidata.org/entity/Q11647,Nine Inch Nails,http://www.wikidata.org/entity/Q425772,Ministry
http://www.wikidata.org/entity/Q11647,Nine Inch Nails,http://www.wikidata.org/entity/Q125603,The Clash
http://www.wikidata.org/entity/Q396,U2,http://www.wikidata.org/entity/Q5383,David Bowie
http://www.wikidata.org/entity/Q396,U2,http://www.wikidata.org/entity/Q392,Bob Dylan
http://www.wikidata.org/entity/Q396,U2,http://www.wikidata.org/entity/Q1299,The Beatles
http://www.wikidata.org/entity/Q396,U2,http://www.wikidata.org/entity/Q11895,Guns N' Roses
http://www.wikidata.org/entity/Q10708,Red Hot Chili Peppers,http://www.wikidata.org/entity/Q5950,James Brown
http://www.wikidata.org/entity/Q2331,Led Zeppelin,http://www.wikidata.org/entity/Q215983,The Grapes of Wrath
http://www.wikidata.org/entity/Q10708,Red Hot Chili Peppers,http://www.wikidata.org/entity/Q11895,Guns N' Roses
http://www.wikidata.org/entity/Q396,U2,http://www.wikidata.org/entity/Q11036,The Rolling Stones
http://www.wikidata.org/entity/Q11036,The Rolling Stones,http://www.wikidata.org/entity/Q192133,Robert Johnson
http://www.wikidata.org/entity/Q10708,Red Hot Chili Peppers,http://www.wikidata.org/entity/Q409,Bob Marley
http://www.wikidata.org/entity/Q2331,Led Zeppelin,http://www.wikidata.org/entity/Q192133,Robert Johnson
http://www.wikidata.org/entity/Q10708,Red Hot Chili Peppers,http://www.wikidata.org/entity/Q714,Stevie Wonder
http://www.wikidata.org/entity/Q11649,Nirvana,http://www.wikidata.org/entity/Q188626,Sonic Youth
http://www.wikidata.org/entity/Q11649,Nirvana,http://www.wikidata.org/entity/Q385618,Melvins
http://www.wikidata.org/entity/Q11649,Nirvana,http://www.wikidata.org/entity/Q188464,Pixies
http://www.wikidata.org/entity/Q10708,Red Hot Chili Peppers,http://www.wikidata.org/entity/Q28974,"Earth, Wind & Fire"
http://www.wikidata.org/entity/Q11036,The Rolling Stones,http://www.wikidata.org/entity/Q220707,Muddy Waters
http://www.wikidata.org/entity/Q11647,Nine Inch Nails,http://www.wikidata.org/entity/Q371535,Skinny Puppy
http://www.wikidata.org/entity/Q11649,Nirvana,http://www.wikidata.org/entity/Q208767,The Stooges
http://www.wikidata.org/entity/Q11649,Nirvana,http://www.wikidata.org/entity/Q1542725,The Vaselines
http://www.wikidata.org/entity/Q396,U2,http://www.wikidata.org/entity/Q19697,Motörhead
http://www.wikidata.org/entity/Q1299,The Beatles,http://www.wikidata.org/entity/Q103774,Ravi Shankar
http://www.wikidata.org/entity/Q11649,Nirvana,http://www.wikidata.org/entity/Q1889932,Wipers
http://www.wikidata.org/entity/Q10708,Red Hot Chili Peppers,http://www.wikidata.org/entity/Q19697,Motörhead
http://www.wikidata.org/entity/Q396,U2,http://www.wikidata.org/entity/Q2306,Pink Floyd
http://www.wikidata.org/entity/Q2331,Led Zeppelin,http://www.wikidata.org/entity/Q204092,Willie Dixon
http://www.wikidata.org/entity/Q396,U2,http://www.wikidata.org/entity/Q557,Patti Smith
http://www.wikidata.org/entity/Q261,Linkin Park,http://www.wikidata.org/entity/Q10708,Red Hot Chili Peppers
http://www.wikidata.org/entity/Q1299,The Beatles,http://www.wikidata.org/entity/Q82222,Little Richard
http://www.wikidata.org/entity/Q10708,Red Hot Chili Peppers,http://www.wikidata.org/entity/Q5928,Jimi Hendrix
http://www.wikidata.org/entity/Q11036,The Rolling Stones,http://www.wikidata.org/entity/Q356598,Elmore James
http://www.wikidata.org/entity/Q261,Linkin Park,http://www.wikidata.org/entity/Q11647,Nine Inch Nails
http://www.wikidata.org/entity/Q1299,The Beatles,http://www.wikidata.org/entity/Q211731,Timothy Leary
http://www.wikidata.org/entity/Q2331,Led Zeppelin,http://www.wikidata.org/entity/Q712586,Blind Willie Johnson
http://www.wikidata.org/entity/Q261,Linkin Park,http://www.wikidata.org/entity/Q45165,System of a Down
http://www.wikidata.org/entity/Q11895,Guns N' Roses,http://www.wikidata.org/entity/Q5383,David Bowie
http://www.wikidata.org/entity/Q17140,Backstreet Boys,http://www.wikidata.org/entity/Q687785,The Four Seasons
http://www.wikidata.org/entity/Q18852,Lostprophets,http://www.wikidata.org/entity/Q47871,Green Day
http://www.wikidata.org/entity/Q11895,Guns N' Roses,http://www.wikidata.org/entity/Q2331,Led Zeppelin
http://www.wikidata.org/entity/Q11895,Guns N' Roses,http://www.wikidata.org/entity/Q1299,The Beatles
http://www.wikidata.org/entity/Q11895,Guns N' Roses,http://www.wikidata.org/entity/Q45650,Free
http://www.wikidata.org/entity/Q11895,Guns N' Roses,http://www.wikidata.org/entity/Q15862,Queen
http://www.wikidata.org/entity/Q17140,Backstreet Boys,http://www.wikidata.org/entity/Q1024639,C+C Music Factory
http://www.wikidata.org/entity/Q11895,Guns N' Roses,http://www.wikidata.org/entity/Q2808,Elton John
http://www.wikidata.org/entity/Q17140,Backstreet Boys,http://www.wikidata.org/entity/Q311256,Richard Marx
http://www.wikidata.org/entity/Q17140,Backstreet Boys,http://www.wikidata.org/entity/Q233886,Tiffany
http://www.wikidata.org/entity/Q11895,Guns N' Roses,http://www.wikidata.org/entity/Q5921,Chuck Berry
http://www.wikidata.org/entity/Q17140,Backstreet Boys,http://www.wikidata.org/entity/Q1370588,New Edition
http://www.wikidata.org/entity/Q17140,Backstreet Boys,http://www.wikidata.org/entity/Q212464,New Kids on the Block
http://www.wikidata.org/entity/Q11895,Guns N' Roses,http://www.wikidata.org/entity/Q11036,The Rolling Stones
http://www.wikidata.org/entity/Q23376,Die Antwoord,http://www.wikidata.org/entity/Q1677162,Jack Parow
http://www.wikidata.org/entity/Q15862,Queen,http://www.wikidata.org/entity/Q203736,Cream
http://www.wikidata.org/entity/Q11895,Guns N' Roses,http://www.wikidata.org/entity/Q27593,AC/DC
http://www.wikidata.org/entity/Q15862,Queen,http://www.wikidata.org/entity/Q93346,The Who
http://www.wikidata.org/entity/Q17140,Backstreet Boys,http://www.wikidata.org/entity/Q744087,Wham!
http://www.wikidata.org/entity/Q17140,Backstreet Boys,http://www.wikidata.org/entity/Q850540,Milli Vanilli
http://www.wikidata.org/entity/Q17140,Backstreet Boys,http://www.wikidata.org/entity/Q152066,Take That
http://www.wikidata.org/entity/Q17140,Backstreet Boys,http://www.wikidata.org/entity/Q651231,Boyz II Men
http://www.wikidata.org/entity/Q17140,Backstreet Boys,http://www.wikidata.org/entity/Q151634,Ace of Base
http://www.wikidata.org/entity/Q11895,Guns N' Roses,http://www.wikidata.org/entity/Q19697,Motörhead
http://www.wikidata.org/entity/Q17140,Backstreet Boys,http://www.wikidata.org/entity/Q427469,Right Said Fred
http://www.wikidata.org/entity/Q17140,Backstreet Boys,http://www.wikidata.org/entity/Q233817,Debbie Gibson
http://www.wikidata.org/entity/Q18852,Lostprophets,http://www.wikidata.org/entity/Q484427,The Cure
http://www.wikidata.org/entity/Q18852,Lostprophets,http://www.wikidata.org/entity/Q622947,Jane's Addiction
http://www.wikidata.org/entity/Q17140,Backstreet Boys,http://www.wikidata.org/entity/Q295923,MC Hammer
http://www.wikidata.org/entity/Q18852,Lostprophets,http://www.wikidata.org/entity/Q165714,Live
http://www.wikidata.org/entity/Q18852,Lostprophets,http://www.wikidata.org/entity/Q1412298,Helmet
http://www.wikidata.org/entity/Q18852,Lostprophets,http://www.wikidata.org/entity/Q1358175,Refused
http://www.wikidata.org/entity/Q17140,Backstreet Boys,http://www.wikidata.org/entity/Q465632,Frankie Valli
http://www.wikidata.org/entity/Q17140,Backstreet Boys,http://www.wikidata.org/entity/Q812073,Bay City Rollers
http://www.wikidata.org/entity/Q18852,Lostprophets,http://www.wikidata.org/entity/Q484839,Placebo
http://www.wikidata.org/entity/Q18852,Lostprophets,http://www.wikidata.org/entity/Q125603,The Clash
http://www.wikidata.org/entity/Q18233,ABBA,http://www.wikidata.org/entity/Q213793,Phil Spector
http://www.wikidata.org/entity/Q18852,Lostprophets,http://www.wikidata.org/entity/Q174817,Soundgarden
http://www.wikidata.org/entity/Q18233,ABBA,http://www.wikidata.org/entity/Q211277,The Mamas & the Papas
http://www.wikidata.org/entity/Q18852,Lostprophets,http://www.wikidata.org/entity/Q485039,Deftones
http://www.wikidata.org/entity/Q17140,Backstreet Boys,http://www.wikidata.org/entity/Q219237,Rick Astley
http://www.wikidata.org/entity/Q18852,Lostprophets,http://www.wikidata.org/entity/Q320499,Faith No More
http://www.wikidata.org/entity/Q17140,Backstreet Boys,http://www.wikidata.org/entity/Q1744,Madonna
http://www.wikidata.org/entity/Q17140,Backstreet Boys,http://www.wikidata.org/entity/Q2831,Michael Jackson
http://www.wikidata.org/entity/Q18852,Lostprophets,http://www.wikidata.org/entity/Q484255,Alice in Chains
http://www.wikidata.org/entity/Q11895,Guns N' Roses,http://www.wikidata.org/entity/Q1136388,Faces
http://www.wikidata.org/entity/Q11895,Guns N' Roses,http://www.wikidata.org/entity/Q124179,Kiss
http://www.wikidata.org/entity/Q11895,Guns N' Roses,http://www.wikidata.org/entity/Q940536,The Damned
http://www.wikidata.org/entity/Q17140,Backstreet Boys,http://www.wikidata.org/entity/Q44398,Falco
http://www.wikidata.org/entity/Q11895,Guns N' Roses,http://www.wikidata.org/entity/Q156872,Slade
http://www.wikidata.org/entity/Q11895,Guns N' Roses,http://www.wikidata.org/entity/Q311785,Misfits
http://www.wikidata.org/entity/Q17140,Backstreet Boys,http://www.wikidata.org/entity/Q55641,Spice Girls
http://www.wikidata.org/entity/Q15862,Queen,http://www.wikidata.org/entity/Q1299,The Beatles
http://www.wikidata.org/entity/Q11895,Guns N' Roses,http://www.wikidata.org/entity/Q83468,Judas Priest
http://www.wikidata.org/entity/Q11895,Guns N' Roses,http://www.wikidata.org/entity/Q334670,Ted Nugent
http://www.wikidata.org/entity/Q18852,Lostprophets,http://www.wikidata.org/entity/Q83431,Megadeth
http://www.wikidata.org/entity/Q11895,Guns N' Roses,http://www.wikidata.org/entity/Q830586,New York Dolls
http://www.wikidata.org/entity/Q11895,Guns N' Roses,http://www.wikidata.org/entity/Q1180791,The Dead Boys
http://www.wikidata.org/entity/Q11895,Guns N' Roses,http://www.wikidata.org/entity/Q486688,Mötley Crüe
http://www.wikidata.org/entity/Q11895,Guns N' Roses,http://www.wikidata.org/entity/Q126826,Aerosmith
http://www.wikidata.org/entity/Q11895,Guns N' Roses,http://www.wikidata.org/entity/Q136591,ZZ Top
http://www.wikidata.org/entity/Q11895,Guns N' Roses,http://www.wikidata.org/entity/Q1428813,Hanoi Rocks
http://www.wikidata.org/entity/Q11895,Guns N' Roses,http://www.wikidata.org/entity/Q1473255,Richard Hell and the Voidoids
http://www.wikidata.org/entity/Q11895,Guns N' Roses,http://www.wikidata.org/entity/Q332032,Alice Cooper
http://www.wikidata.org/entity/Q11895,Guns N' Roses,http://www.wikidata.org/entity/Q208767,The Stooges
http://www.wikidata.org/entity/Q11895,Guns N' Roses,http://www.wikidata.org/entity/Q182890,Def Leppard
http://www.wikidata.org/entity/Q11895,Guns N' Roses,http://www.wikidata.org/entity/Q190155,Van Halen
http://www.wikidata.org/entity/Q11895,Guns N' Roses,http://www.wikidata.org/entity/Q202314,Thin Lizzy
http://www.wikidata.org/entity/Q11895,Guns N' Roses,http://www.wikidata.org/entity/Q211770,T. Rex
http://www.wikidata.org/entity/Q11895,Guns N' Roses,http://www.wikidata.org/entity/Q221494,Quiet Riot
http://www.wikidata.org/entity/Q11895,Guns N' Roses,http://www.wikidata.org/entity/Q82545,Sex Pistols
http://www.wikidata.org/entity/Q27593,AC/DC,http://www.wikidata.org/entity/Q408139,Airbourne
http://www.wikidata.org/entity/Q18852,Lostprophets,http://www.wikidata.org/entity/Q396,U2
http://www.wikidata.org/entity/Q17140,Backstreet Boys,http://www.wikidata.org/entity/Q43267,The Jackson 5
http://www.wikidata.org/entity/Q15862,Queen,http://www.wikidata.org/entity/Q2306,Pink Floyd
http://www.wikidata.org/entity/Q11895,Guns N' Roses,http://www.wikidata.org/entity/Q505072,Johnny Thunders
http://www.wikidata.org/entity/Q18852,Lostprophets,http://www.wikidata.org/entity/Q15920,Metallica
http://www.wikidata.org/entity/Q15862,Queen,http://www.wikidata.org/entity/Q5928,Jimi Hendrix
http://www.wikidata.org/entity/Q18852,Lostprophets,http://www.wikidata.org/entity/Q11647,Nine Inch Nails
http://www.wikidata.org/entity/Q11895,Guns N' Roses,http://www.wikidata.org/entity/Q622815,Grand Funk Railroad
http://www.wikidata.org/entity/Q125603,The Clash,http://www.wikidata.org/entity/Q2110365,Prince Far I
http://www.wikidata.org/entity/Q125603,The Clash,http://www.wikidata.org/entity/Q246749,The Equals
http://www.wikidata.org/entity/Q125603,The Clash,http://www.wikidata.org/entity/Q82545,Sex Pistols
http://www.wikidata.org/entity/Q134233,Jonas Brothers,http://www.wikidata.org/entity/Q178095,The Police
http://www.wikidata.org/entity/Q134233,Jonas Brothers,http://www.wikidata.org/entity/Q483407,Ramones
http://www.wikidata.org/entity/Q128220,The Jezabels,http://www.wikidata.org/entity/Q636,Kate Bush
http://www.wikidata.org/entity/Q134233,Jonas Brothers,http://www.wikidata.org/entity/Q733863,Fountains of Wayne
http://www.wikidata.org/entity/Q125603,The Clash,http://www.wikidata.org/entity/Q379802,Phil Ochs
http://www.wikidata.org/entity/Q134233,Jonas Brothers,http://www.wikidata.org/entity/Q154454,NSYNC
http://www.wikidata.org/entity/Q125603,The Clash,http://www.wikidata.org/entity/Q917541,Brinsley Schwarz
http://www.wikidata.org/entity/Q125603,The Clash,http://www.wikidata.org/entity/Q576723,Sly and Robbie
http://www.wikidata.org/entity/Q134233,Jonas Brothers,http://www.wikidata.org/entity/Q221101,MxPx
http://www.wikidata.org/entity/Q134233,Jonas Brothers,http://www.wikidata.org/entity/Q485220,Good Charlotte
http://www.wikidata.org/entity/Q134233,Jonas Brothers,http://www.wikidata.org/entity/Q2294322,The Modern Lovers
http://www.wikidata.org/entity/Q126826,Aerosmith,http://www.wikidata.org/entity/Q2331,Led Zeppelin
http://www.wikidata.org/entity/Q134233,Jonas Brothers,http://www.wikidata.org/entity/Q277551,Panic! at the Disco
http://www.wikidata.org/entity/Q125603,The Clash,http://www.wikidata.org/entity/Q667881,Junior Murvin
http://www.wikidata.org/entity/Q134233,Jonas Brothers,http://www.wikidata.org/entity/Q482477,Blink-182
http://www.wikidata.org/entity/Q126826,Aerosmith,http://www.wikidata.org/entity/Q11036,The Rolling Stones
http://www.wikidata.org/entity/Q125603,The Clash,http://www.wikidata.org/entity/Q82311,Gene Vincent
http://www.wikidata.org/entity/Q134233,Jonas Brothers,http://www.wikidata.org/entity/Q485811,Fall Out Boy
http://www.wikidata.org/entity/Q125603,The Clash,http://www.wikidata.org/entity/Q888539,Bobby Fuller
http://www.wikidata.org/entity/Q134233,Jonas Brothers,http://www.wikidata.org/entity/Q722232,Switchfoot
http://www.wikidata.org/entity/Q134233,Jonas Brothers,http://www.wikidata.org/entity/Q5928589,The Hudson Brothers
http://www.wikidata.org/entity/Q125603,The Clash,http://www.wikidata.org/entity/Q392,Bob Dylan
http://www.wikidata.org/entity/Q125603,The Clash,http://www.wikidata.org/entity/Q409,Bob Marley
http://www.wikidata.org/entity/Q134233,Jonas Brothers,http://www.wikidata.org/entity/Q30449,Avril Lavigne
http://www.wikidata.org/entity/Q125603,The Clash,http://www.wikidata.org/entity/Q303,Elvis Presley
http://www.wikidata.org/entity/Q134233,Jonas Brothers,http://www.wikidata.org/entity/Q7542,Prince
http://www.wikidata.org/entity/Q141703,The Futureheads,http://www.wikidata.org/entity/Q277865,Fugazi
http://www.wikidata.org/entity/Q134233,Jonas Brothers,http://www.wikidata.org/entity/Q396,U2
http://www.wikidata.org/entity/Q134233,Jonas Brothers,http://www.wikidata.org/entity/Q11036,The Rolling Stones
http://www.wikidata.org/entity/Q130928,Capture,http://www.wikidata.org/entity/Q1719158,"Woe, Is Me"
http://www.wikidata.org/entity/Q134233,Jonas Brothers,http://www.wikidata.org/entity/Q11975,Britney Spears
http://www.wikidata.org/entity/Q134233,Jonas Brothers,http://www.wikidata.org/entity/Q17140,Backstreet Boys
http://www.wikidata.org/entity/Q125603,The Clash,http://www.wikidata.org/entity/Q4061,Woody Guthrie
http://www.wikidata.org/entity/Q134233,Jonas Brothers,http://www.wikidata.org/entity/Q43267,The Jackson 5
http://www.wikidata.org/entity/Q134233,Jonas Brothers,http://www.wikidata.org/entity/Q47871,Green Day
http://www.wikidata.org/entity/Q125603,The Clash,http://www.wikidata.org/entity/Q315417,"Lee ""Scratch"" Perry"
http://www.wikidata.org/entity/Q125603,The Clash,http://www.wikidata.org/entity/Q124179,Kiss
http://www.wikidata.org/entity/Q125603,The Clash,http://www.wikidata.org/entity/Q156872,Slade
http://www.wikidata.org/entity/Q125603,The Clash,http://www.wikidata.org/entity/Q93346,The Who
http://www.wikidata.org/entity/Q125603,The Clash,http://www.wikidata.org/entity/Q712678,Ian Hunter
http://www.wikidata.org/entity/Q125603,The Clash,http://www.wikidata.org/entity/Q830316,MC5
http://www.wikidata.org/entity/Q125603,The Clash,http://www.wikidata.org/entity/Q109063,Jimmy Cliff
http://www.wikidata.org/entity/Q125603,The Clash,http://www.wikidata.org/entity/Q1126287,Mott the Hoople
http://www.wikidata.org/entity/Q125603,The Clash,http://www.wikidata.org/entity/Q1253897,Dr. Feelgood
http://www.wikidata.org/entity/Q125603,The Clash,http://www.wikidata.org/entity/Q830586,New York Dolls
http://www.wikidata.org/entity/Q134233,Jonas Brothers,http://www.wikidata.org/entity/Q768621,Hanson
http://www.wikidata.org/entity/Q125603,The Clash,http://www.wikidata.org/entity/Q483407,Ramones
http://www.wikidata.org/entity/Q125603,The Clash,http://www.wikidata.org/entity/Q188713,The Kinks
http://www.wikidata.org/entity/Q134233,Jonas Brothers,http://www.wikidata.org/entity/Q1543041,The Osmonds
http://www.wikidata.org/entity/Q134233,Jonas Brothers,http://www.wikidata.org/entity/Q212464,New Kids on the Block
http://www.wikidata.org/entity/Q125603,The Clash,http://www.wikidata.org/entity/Q208767,The Stooges
http://www.wikidata.org/entity/Q137804,Yat-Kha,http://www.wikidata.org/entity/Q6941969,music of Tuva
http://www.wikidata.org/entity/Q134233,Jonas Brothers,http://www.wikidata.org/entity/Q209956,Weezer
http://www.wikidata.org/entity/Q188464,Pixies,http://www.wikidata.org/entity/Q82545,Sex Pistols
http://www.wikidata.org/entity/Q172763,Joy Division,http://www.wikidata.org/entity/Q170132,Can
http://www.wikidata.org/entity/Q188464,Pixies,http://www.wikidata.org/entity/Q287514,Marc Bolan
http://www.wikidata.org/entity/Q178549,Counting Crows,http://www.wikidata.org/entity/Q134969,R.E.M.
http://www.wikidata.org/entity/Q188464,Pixies,http://www.wikidata.org/entity/Q346785,Dick Dale
http://www.wikidata.org/entity/Q165193,Avenged Sevenfold,http://www.wikidata.org/entity/Q11895,Guns N' Roses
http://www.wikidata.org/entity/Q165193,Avenged Sevenfold,http://www.wikidata.org/entity/Q15920,Metallica
http://www.wikidata.org/entity/Q178549,Counting Crows,http://www.wikidata.org/entity/Q272203,Van Morrison
http://www.wikidata.org/entity/Q165193,Avenged Sevenfold,http://www.wikidata.org/entity/Q42482,Iron Maiden
http://www.wikidata.org/entity/Q188464,Pixies,http://www.wikidata.org/entity/Q862223,Hüsker Dü
http://www.wikidata.org/entity/Q178549,Counting Crows,http://www.wikidata.org/entity/Q512312,Soul Asylum
http://www.wikidata.org/entity/Q178549,Counting Crows,http://www.wikidata.org/entity/Q525698,Vic Chesnutt
http://www.wikidata.org/entity/Q172763,Joy Division,http://www.wikidata.org/entity/Q82545,Sex Pistols
http://www.wikidata.org/entity/Q182223,Maroon 5,http://www.wikidata.org/entity/Q909483,Spin Doctors
http://www.wikidata.org/entity/Q182223,Maroon 5,http://www.wikidata.org/entity/Q622947,Jane's Addiction
http://www.wikidata.org/entity/Q182223,Maroon 5,http://www.wikidata.org/entity/Q218091,Seal
http://www.wikidata.org/entity/Q157041,The Offspring,http://www.wikidata.org/entity/Q940536,The Damned
http://www.wikidata.org/entity/Q182223,Maroon 5,http://www.wikidata.org/entity/Q282002,Michael McDonald
http://www.wikidata.org/entity/Q157041,The Offspring,http://www.wikidata.org/entity/Q1231142,Fear
http://www.wikidata.org/entity/Q182223,Maroon 5,http://www.wikidata.org/entity/Q354033,Joe Walsh
http://www.wikidata.org/entity/Q157041,The Offspring,http://www.wikidata.org/entity/Q464476,Black Flag
http://www.wikidata.org/entity/Q157041,The Offspring,http://www.wikidata.org/entity/Q201669,Bad Religion
http://www.wikidata.org/entity/Q182223,Maroon 5,http://www.wikidata.org/entity/Q202663,Wyclef Jean
http://www.wikidata.org/entity/Q175097,3 Doors Down,http://www.wikidata.org/entity/Q247949,Bush
http://www.wikidata.org/entity/Q175097,3 Doors Down,http://www.wikidata.org/entity/Q165714,Live
http://www.wikidata.org/entity/Q188464,Pixies,http://www.wikidata.org/entity/Q5383,David Bowie
http://www.wikidata.org/entity/Q175097,3 Doors Down,http://www.wikidata.org/entity/Q1033047,Candlebox
http://www.wikidata.org/entity/Q175097,3 Doors Down,http://www.wikidata.org/entity/Q1047508,Our Lady Peace
http://www.wikidata.org/entity/Q188464,Pixies,http://www.wikidata.org/entity/Q633,Neil Young
http://www.wikidata.org/entity/Q188464,Pixies,http://www.wikidata.org/entity/Q1299,The Beatles
http://www.wikidata.org/entity/Q156523,Sodom,http://www.wikidata.org/entity/Q19697,Motörhead
http://www.wikidata.org/entity/Q182223,Maroon 5,http://www.wikidata.org/entity/Q346565,Bill Withers
http://www.wikidata.org/entity/Q157041,The Offspring,http://www.wikidata.org/entity/Q301142,Descendents
http://www.wikidata.org/entity/Q157041,The Offspring,http://www.wikidata.org/entity/Q125603,The Clash
http://www.wikidata.org/entity/Q182223,Maroon 5,http://www.wikidata.org/entity/Q313260,Al Green
http://www.wikidata.org/entity/Q182223,Maroon 5,http://www.wikidata.org/entity/Q841514,Tonic
http://www.wikidata.org/entity/Q182223,Maroon 5,http://www.wikidata.org/entity/Q178095,The Police
http://www.wikidata.org/entity/Q157041,The Offspring,http://www.wikidata.org/entity/Q1180791,The Dead Boys
http://www.wikidata.org/entity/Q175097,3 Doors Down,http://www.wikidata.org/entity/Q483718,Foo Fighters
http://www.wikidata.org/entity/Q182223,Maroon 5,http://www.wikidata.org/entity/Q133405,Bee Gees
http://www.wikidata.org/entity/Q175097,3 Doors Down,http://www.wikidata.org/entity/Q1155385,Third Eye Blind
http://www.wikidata.org/entity/Q182223,Maroon 5,http://www.wikidata.org/entity/Q740434,Smash Mouth
http://www.wikidata.org/entity/Q175097,3 Doors Down,http://www.wikidata.org/entity/Q1381972,Everclear
http://www.wikidata.org/entity/Q182223,Maroon 5,http://www.wikidata.org/entity/Q489801,INXS
http://www.wikidata.org/entity/Q182223,Maroon 5,http://www.wikidata.org/entity/Q1572584,Semisonic
http://www.wikidata.org/entity/Q182223,Maroon 5,http://www.wikidata.org/entity/Q178549,Counting Crows
http://www.wikidata.org/entity/Q157041,The Offspring,http://www.wikidata.org/entity/Q1538312,Gorilla Biscuits
http://www.wikidata.org/entity/Q182223,Maroon 5,http://www.wikidata.org/entity/Q189758,Marvin Gaye
http://www.wikidata.org/entity/Q178549,Counting Crows,http://www.wikidata.org/entity/Q392,Bob Dylan
http://www.wikidata.org/entity/Q182223,Maroon 5,http://www.wikidata.org/entity/Q482444,Matchbox Twenty
http://www.wikidata.org/entity/Q182223,Maroon 5,http://www.wikidata.org/entity/Q202041,Jamiroquai
http://www.wikidata.org/entity/Q182223,Maroon 5,http://www.wikidata.org/entity/Q205721,Joni Mitchell
http://www.wikidata.org/entity/Q175097,3 Doors Down,http://www.wikidata.org/entity/Q142701,Pearl Jam
http://www.wikidata.org/entity/Q178549,Counting Crows,http://www.wikidata.org/entity/Q4028,Paul Simon
http://www.wikidata.org/entity/Q157041,The Offspring,http://www.wikidata.org/entity/Q1850698,The Germs
http://www.wikidata.org/entity/Q178549,Counting Crows,http://www.wikidata.org/entity/Q11895,Guns N' Roses
http://www.wikidata.org/entity/Q175097,3 Doors Down,http://www.wikidata.org/entity/Q157327,Silverchair
http://www.wikidata.org/entity/Q157041,The Offspring,http://www.wikidata.org/entity/Q83814,Agent Orange
http://www.wikidata.org/entity/Q175097,3 Doors Down,http://www.wikidata.org/entity/Q376283,Mad Season
http://www.wikidata.org/entity/Q175097,3 Doors Down,http://www.wikidata.org/entity/Q174817,Soundgarden
http://www.wikidata.org/entity/Q175097,3 Doors Down,http://www.wikidata.org/entity/Q845759,Temple of the Dog
http://www.wikidata.org/entity/Q175097,3 Doors Down,http://www.wikidata.org/entity/Q184217,The Smashing Pumpkins
http://www.wikidata.org/entity/Q157041,The Offspring,http://www.wikidata.org/entity/Q82545,Sex Pistols
http://www.wikidata.org/entity/Q175097,3 Doors Down,http://www.wikidata.org/entity/Q482444,Matchbox Twenty
http://www.wikidata.org/entity/Q157041,The Offspring,http://www.wikidata.org/entity/Q2601849,Darby Crash
http://www.wikidata.org/entity/Q175097,3 Doors Down,http://www.wikidata.org/entity/Q730046,Goo Goo Dolls
http://www.wikidata.org/entity/Q182223,Maroon 5,http://www.wikidata.org/entity/Q435398,Eagle-Eye Cherry
http://www.wikidata.org/entity/Q157041,The Offspring,http://www.wikidata.org/entity/Q916461,The Jam
http://www.wikidata.org/entity/Q157041,The Offspring,http://www.wikidata.org/entity/Q3700210,D.I.
http://www.wikidata.org/entity/Q178549,Counting Crows,http://www.wikidata.org/entity/Q1225,Bruce Springsteen
http://www.wikidata.org/entity/Q175097,3 Doors Down,http://www.wikidata.org/entity/Q329270,Stone Temple Pilots
http://www.wikidata.org/entity/Q175097,3 Doors Down,http://www.wikidata.org/entity/Q593366,Collective Soul
http://www.wikidata.org/entity/Q157041,The Offspring,http://www.wikidata.org/entity/Q522463,Circle Jerks
http://www.wikidata.org/entity/Q175097,3 Doors Down,http://www.wikidata.org/entity/Q484255,Alice in Chains
http://www.wikidata.org/entity/Q182223,Maroon 5,http://www.wikidata.org/entity/Q733182,Hall & Oates
http://www.wikidata.org/entity/Q157041,The Offspring,http://www.wikidata.org/entity/Q939329,Buzzcocks
http://www.wikidata.org/entity/Q182223,Maroon 5,http://www.wikidata.org/entity/Q832086,Dave Matthews Band
http://www.wikidata.org/entity/Q156523,Sodom,http://www.wikidata.org/entity/Q192861,Venom
http://www.wikidata.org/entity/Q156523,Sodom,http://www.wikidata.org/entity/Q933207,Tank
http://www.wikidata.org/entity/Q182223,Maroon 5,http://www.wikidata.org/entity/Q2831,Michael Jackson
http://www.wikidata.org/entity/Q182223,Maroon 5,http://www.wikidata.org/entity/Q7542,Prince
http://www.wikidata.org/entity/Q157041,The Offspring,http://www.wikidata.org/entity/Q11649,Nirvana
http://www.wikidata.org/entity/Q182223,Maroon 5,http://www.wikidata.org/entity/Q10708,Red Hot Chili Peppers
http://www.wikidata.org/entity/Q182223,Maroon 5,http://www.wikidata.org/entity/Q714,Stevie Wonder
http://www.wikidata.org/entity/Q175097,3 Doors Down,http://www.wikidata.org/entity/Q11649,Nirvana
http://www.wikidata.org/entity/Q188464,Pixies,http://www.wikidata.org/entity/Q667389,The Pretenders
http://www.wikidata.org/entity/Q182223,Maroon 5,http://www.wikidata.org/entity/Q43432,Justin Timberlake
http://www.wikidata.org/entity/Q188464,Pixies,http://www.wikidata.org/entity/Q103550,The Velvet Underground
http://www.wikidata.org/entity/Q188464,Pixies,http://www.wikidata.org/entity/Q93346,The Who
http://www.wikidata.org/entity/Q188464,Pixies,http://www.wikidata.org/entity/Q1035697,Cardiacs
http://www.wikidata.org/entity/Q188464,Pixies,http://www.wikidata.org/entity/Q1068713,Cheap Trick
http://www.wikidata.org/entity/Q178549,Counting Crows,http://www.wikidata.org/entity/Q600344,The Band
http://www.wikidata.org/entity/Q188464,Pixies,http://www.wikidata.org/entity/Q858388,The Cars
http://www.wikidata.org/entity/Q188464,Pixies,http://www.wikidata.org/entity/Q183048,The Beach Boys
http://www.wikidata.org/entity/Q188464,Pixies,http://www.wikidata.org/entity/Q483407,Ramones
http://www.wikidata.org/entity/Q178549,Counting Crows,http://www.wikidata.org/entity/Q311655,Tom Petty
http://www.wikidata.org/entity/Q188464,Pixies,http://www.wikidata.org/entity/Q188713,The Kinks
http://www.wikidata.org/entity/Q188464,Pixies,http://www.wikidata.org/entity/Q208767,The Stooges
http://www.wikidata.org/entity/Q188464,Pixies,http://www.wikidata.org/entity/Q202314,Thin Lizzy
http://www.wikidata.org/entity/Q188464,Pixies,http://www.wikidata.org/entity/Q72608,Big Star
http://www.wikidata.org/entity/Q190155,Van Halen,http://www.wikidata.org/entity/Q1141454,The Dave Clark Five
http://www.wikidata.org/entity/Q190155,Van Halen,http://www.wikidata.org/entity/Q334670,Ted Nugent
http://www.wikidata.org/entity/Q208767,The Stooges,http://www.wikidata.org/entity/Q904921,The Sonics
http://www.wikidata.org/entity/Q190155,Van Halen,http://www.wikidata.org/entity/Q118966,Black Oak Arkansas
http://www.wikidata.org/entity/Q208767,The Stooges,http://www.wikidata.org/entity/Q970502,The Kingsmen
http://www.wikidata.org/entity/Q190155,Van Halen,http://www.wikidata.org/entity/Q126826,Aerosmith
http://www.wikidata.org/entity/Q188464,Pixies,http://www.wikidata.org/entity/Q3562739,Volcano Suns
http://www.wikidata.org/entity/Q203871,Rush,http://www.wikidata.org/entity/Q1455057,Spooky Tooth
http://www.wikidata.org/entity/Q190155,Van Halen,http://www.wikidata.org/entity/Q188713,The Kinks
http://www.wikidata.org/entity/Q203871,Rush,http://www.wikidata.org/entity/Q943241,Gentle Giant
http://www.wikidata.org/entity/Q190155,Van Halen,http://www.wikidata.org/entity/Q136591,ZZ Top
http://www.wikidata.org/entity/Q190155,Van Halen,http://www.wikidata.org/entity/Q137758,Wishbone Ash
http://www.wikidata.org/entity/Q203871,Rush,http://www.wikidata.org/entity/Q189382,King Crimson
http://www.wikidata.org/entity/Q203871,Rush,http://www.wikidata.org/entity/Q192353,Jethro Tull
http://www.wikidata.org/entity/Q193697,Sugababes,http://www.wikidata.org/entity/Q588820,Cocteau Twins
http://www.wikidata.org/entity/Q190155,Van Halen,http://www.wikidata.org/entity/Q332032,Alice Cooper
http://www.wikidata.org/entity/Q208767,The Stooges,http://www.wikidata.org/entity/Q45354,The Doors
http://www.wikidata.org/entity/Q208767,The Stooges,http://www.wikidata.org/entity/Q1299,The Beatles
http://www.wikidata.org/entity/Q202314,Thin Lizzy,http://www.wikidata.org/entity/Q5928,Jimi Hendrix
http://www.wikidata.org/entity/Q203871,Rush,http://www.wikidata.org/entity/Q273171,"Emerson, Lake & Palmer"
http://www.wikidata.org/entity/Q203871,Rush,http://www.wikidata.org/entity/Q765243,Vanilla Fudge
http://www.wikidata.org/entity/Q208767,The Stooges,http://www.wikidata.org/entity/Q11036,The Rolling Stones
http://www.wikidata.org/entity/Q190155,Van Halen,http://www.wikidata.org/entity/Q728049,Golden Earring
http://www.wikidata.org/entity/Q190155,Van Halen,http://www.wikidata.org/entity/Q765243,Vanilla Fudge
http://www.wikidata.org/entity/Q203871,Rush,http://www.wikidata.org/entity/Q798232,Bachman–Turner Overdrive
http://www.wikidata.org/entity/Q203871,Rush,http://www.wikidata.org/entity/Q743353,Iron Butterfly
http://www.wikidata.org/entity/Q214237,The All-American Rejects,http://www.wikidata.org/entity/Q11649,Nirvana
http://www.wikidata.org/entity/Q190155,Van Halen,http://www.wikidata.org/entity/Q622815,Grand Funk Railroad
http://www.wikidata.org/entity/Q190155,Van Halen,http://www.wikidata.org/entity/Q709635,Robin Trower
http://www.wikidata.org/entity/Q214237,The All-American Rejects,http://www.wikidata.org/entity/Q27593,AC/DC
http://www.wikidata.org/entity/Q208767,The Stooges,http://www.wikidata.org/entity/Q5928,Jimi Hendrix
http://www.wikidata.org/entity/Q202314,Thin Lizzy,http://www.wikidata.org/entity/Q222628,Small Faces
http://www.wikidata.org/entity/Q203871,Rush,http://www.wikidata.org/entity/Q47670,Black Sabbath
http://www.wikidata.org/entity/Q203871,Rush,http://www.wikidata.org/entity/Q2331,Led Zeppelin
http://www.wikidata.org/entity/Q202314,Thin Lizzy,http://www.wikidata.org/entity/Q203736,Cream
http://www.wikidata.org/entity/Q202314,Thin Lizzy,http://www.wikidata.org/entity/Q101505,Deep Purple
http://www.wikidata.org/entity/Q203871,Rush,http://www.wikidata.org/entity/Q45650,Free
http://www.wikidata.org/entity/Q202314,Thin Lizzy,http://www.wikidata.org/entity/Q156872,Slade
http://www.wikidata.org/entity/Q202314,Thin Lizzy,http://www.wikidata.org/entity/Q93346,The Who
http://www.wikidata.org/entity/Q202314,Thin Lizzy,http://www.wikidata.org/entity/Q192474,Jeff Beck
http://www.wikidata.org/entity/Q192915,The Corrs,http://www.wikidata.org/entity/Q163819,"10,000 Maniacs"
http://www.wikidata.org/entity/Q190155,Van Halen,http://www.wikidata.org/entity/Q47670,Black Sabbath
http://www.wikidata.org/entity/Q190155,Van Halen,http://www.wikidata.org/entity/Q2331,Led Zeppelin
http://www.wikidata.org/entity/Q203871,Rush,http://www.wikidata.org/entity/Q5977,Buddy Holly
http://www.wikidata.org/entity/Q190155,Van Halen,http://www.wikidata.org/entity/Q15862,Queen
http://www.wikidata.org/entity/Q190155,Van Halen,http://www.wikidata.org/entity/Q27593,AC/DC
http://www.wikidata.org/entity/Q202314,Thin Lizzy,http://www.wikidata.org/entity/Q137758,Wishbone Ash
http://www.wikidata.org/entity/Q202314,Thin Lizzy,http://www.wikidata.org/entity/Q192725,The Yardbirds
http://www.wikidata.org/entity/Q208767,The Stooges,http://www.wikidata.org/entity/Q127330,Frank Zappa
http://www.wikidata.org/entity/Q203871,Rush,http://www.wikidata.org/entity/Q2306,Pink Floyd
http://www.wikidata.org/entity/Q202314,Thin Lizzy,http://www.wikidata.org/entity/Q272203,Van Morrison
http://www.wikidata.org/entity/Q208767,The Stooges,http://www.wikidata.org/entity/Q103774,Ravi Shankar
http://www.wikidata.org/entity/Q208767,The Stooges,http://www.wikidata.org/entity/Q103550,The Velvet Underground
http://www.wikidata.org/entity/Q208767,The Stooges,http://www.wikidata.org/entity/Q93346,The Who
http://www.wikidata.org/entity/Q203871,Rush,http://www.wikidata.org/entity/Q5928,Jimi Hendrix
http://www.wikidata.org/entity/Q190155,Van Halen,http://www.wikidata.org/entity/Q5928,Jimi Hendrix
http://www.wikidata.org/entity/Q202314,Thin Lizzy,http://www.wikidata.org/entity/Q507327,The Allman Brothers Band
http://www.wikidata.org/entity/Q190155,Van Halen,http://www.wikidata.org/entity/Q48187,Eric Clapton
http://www.wikidata.org/entity/Q208767,The Stooges,http://www.wikidata.org/entity/Q188713,The Kinks
http://www.wikidata.org/entity/Q208767,The Stooges,http://www.wikidata.org/entity/Q1364657,The Pretty Things
http://www.wikidata.org/entity/Q208767,The Stooges,http://www.wikidata.org/entity/Q1536429,The Trashmen
http://www.wikidata.org/entity/Q211768,The Kooks,http://www.wikidata.org/entity/Q211418,British Invasion
http://www.wikidata.org/entity/Q208767,The Stooges,http://www.wikidata.org/entity/Q192725,The Yardbirds
http://www.wikidata.org/entity/Q188464,Pixies,http://www.wikidata.org/entity/Q1570087,X
http://www.wikidata.org/entity/Q203736,Cream,http://www.wikidata.org/entity/Q1407424,The Jimi Hendrix Experience
http://www.wikidata.org/entity/Q188464,Pixies,http://www.wikidata.org/entity/Q1135620,Wire
http://www.wikidata.org/entity/Q188464,Pixies,http://www.wikidata.org/entity/Q4763957,Angst
http://www.wikidata.org/entity/Q208767,The Stooges,http://www.wikidata.org/entity/Q2142320,The Seeds
http://www.wikidata.org/entity/Q188464,Pixies,http://www.wikidata.org/entity/Q4047683,Pylon
http://www.wikidata.org/entity/Q208767,The Stooges,http://www.wikidata.org/entity/Q2525354,Bob Marley & The Wailers
http://www.wikidata.org/entity/Q208767,The Stooges,http://www.wikidata.org/entity/Q354508,Sun Ra
http://www.wikidata.org/entity/Q188464,Pixies,http://www.wikidata.org/entity/Q1134615,Violent Femmes
http://www.wikidata.org/entity/Q202314,Thin Lizzy,http://www.wikidata.org/entity/Q2331,Led Zeppelin
http://www.wikidata.org/entity/Q202314,Thin Lizzy,http://www.wikidata.org/entity/Q392,Bob Dylan
http://www.wikidata.org/entity/Q188464,Pixies,http://www.wikidata.org/entity/Q1364766,Minutemen
http://www.wikidata.org/entity/Q203871,Rush,http://www.wikidata.org/entity/Q184386,Yes
http://www.wikidata.org/entity/Q203871,Rush,http://www.wikidata.org/entity/Q288918,Focus
http://www.wikidata.org/entity/Q208767,The Stooges,http://www.wikidata.org/entity/Q943253,The Troggs
http://www.wikidata.org/entity/Q203871,Rush,http://www.wikidata.org/entity/Q151012,Genesis
http://www.wikidata.org/entity/Q203871,Rush,http://www.wikidata.org/entity/Q1255792,Mountain
http://www.wikidata.org/entity/Q203871,Rush,http://www.wikidata.org/entity/Q203736,Cream
http://www.wikidata.org/entity/Q203871,Rush,http://www.wikidata.org/entity/Q101505,Deep Purple
http://www.wikidata.org/entity/Q203871,Rush,http://www.wikidata.org/entity/Q93346,The Who
http://www.wikidata.org/entity/Q190155,Van Halen,http://www.wikidata.org/entity/Q127330,Frank Zappa
http://www.wikidata.org/entity/Q203871,Rush,http://www.wikidata.org/entity/Q214486,Procol Harum
http://www.wikidata.org/entity/Q202314,Thin Lizzy,http://www.wikidata.org/entity/Q11036,The Rolling Stones
http://www.wikidata.org/entity/Q188464,Pixies,http://www.wikidata.org/entity/Q1398604,The Gun Club
http://www.wikidata.org/entity/Q190155,Van Halen,http://www.wikidata.org/entity/Q124179,Kiss
http://www.wikidata.org/entity/Q190155,Van Halen,http://www.wikidata.org/entity/Q745517,Bad Company
http://www.wikidata.org/entity/Q188464,Pixies,http://www.wikidata.org/entity/Q1473255,Richard Hell and the Voidoids
http://www.wikidata.org/entity/Q188464,Pixies,http://www.wikidata.org/entity/Q1500073,Pere Ubu
http://www.wikidata.org/entity/Q208767,The Stooges,http://www.wikidata.org/entity/Q667342,Count Five
http://www.wikidata.org/entity/Q190155,Van Halen,http://www.wikidata.org/entity/Q203736,Cream
http://www.wikidata.org/entity/Q190155,Van Halen,http://www.wikidata.org/entity/Q101505,Deep Purple
http://www.wikidata.org/entity/Q190155,Van Halen,http://www.wikidata.org/entity/Q93346,The Who
http://www.wikidata.org/entity/Q190155,Van Halen,http://www.wikidata.org/entity/Q192474,Jeff Beck
http://www.wikidata.org/entity/Q208767,The Stooges,http://www.wikidata.org/entity/Q765177,The Standells
http://www.wikidata.org/entity/Q190155,Van Halen,http://www.wikidata.org/entity/Q1934859,Montrose
http://www.wikidata.org/entity/Q208767,The Stooges,http://www.wikidata.org/entity/Q928304,The Fugs
http://www.wikidata.org/entity/Q188464,Pixies,http://www.wikidata.org/entity/Q1939097,Mission of Burma
http://www.wikidata.org/entity/Q482477,Blink-182,http://www.wikidata.org/entity/Q3309104,Dead Milkmen
http://www.wikidata.org/entity/Q482477,Blink-182,http://www.wikidata.org/entity/Q570025,Screeching Weasel
http://www.wikidata.org/entity/Q421794,The Darkness,http://www.wikidata.org/entity/Q5383,David Bowie
http://www.wikidata.org/entity/Q421794,The Darkness,http://www.wikidata.org/entity/Q2331,Led Zeppelin
http://www.wikidata.org/entity/Q482477,Blink-182,http://www.wikidata.org/entity/Q3988410,The Mr. T Experience
http://www.wikidata.org/entity/Q482477,Blink-182,http://www.wikidata.org/entity/Q522463,Circle Jerks
http://www.wikidata.org/entity/Q421794,The Darkness,http://www.wikidata.org/entity/Q15862,Queen
http://www.wikidata.org/entity/Q421794,The Darkness,http://www.wikidata.org/entity/Q11895,Guns N' Roses
http://www.wikidata.org/entity/Q483285,My Chemical Romance,http://www.wikidata.org/entity/Q1170086,Phantom of the Paradise
http://www.wikidata.org/entity/Q483285,My Chemical Romance,http://www.wikidata.org/entity/Q464476,Black Flag
http://www.wikidata.org/entity/Q483407,Ramones,http://www.wikidata.org/entity/Q709470,Jonathan Richman
http://www.wikidata.org/entity/Q483285,My Chemical Romance,http://www.wikidata.org/entity/Q311785,Misfits
http://www.wikidata.org/entity/Q483407,Ramones,http://www.wikidata.org/entity/Q124179,Kiss
http://www.wikidata.org/entity/Q483407,Ramones,http://www.wikidata.org/entity/Q103550,The Velvet Underground
http://www.wikidata.org/entity/Q483407,Ramones,http://www.wikidata.org/entity/Q156872,Slade
http://www.wikidata.org/entity/Q483407,Ramones,http://www.wikidata.org/entity/Q93346,The Who
http://www.wikidata.org/entity/Q483407,Ramones,http://www.wikidata.org/entity/Q830316,MC5
http://www.wikidata.org/entity/Q483407,Ramones,http://www.wikidata.org/entity/Q2255807,The Music Machine
http://www.wikidata.org/entity/Q461269,Skid Row,http://www.wikidata.org/entity/Q124179,Kiss
http://www.wikidata.org/entity/Q461269,Skid Row,http://www.wikidata.org/entity/Q124147,Scorpions
http://www.wikidata.org/entity/Q461269,Skid Row,http://www.wikidata.org/entity/Q1068713,Cheap Trick
http://www.wikidata.org/entity/Q483407,Ramones,http://www.wikidata.org/entity/Q1475018,The Crystals
http://www.wikidata.org/entity/Q483407,Ramones,http://www.wikidata.org/entity/Q487919,The Sweet
http://www.wikidata.org/entity/Q483407,Ramones,http://www.wikidata.org/entity/Q3110679,The Remains
http://www.wikidata.org/entity/Q483407,Ramones,http://www.wikidata.org/entity/Q830586,New York Dolls
http://www.wikidata.org/entity/Q483407,Ramones,http://www.wikidata.org/entity/Q183048,The Beach Boys
http://www.wikidata.org/entity/Q482964,Depeche Mode,http://www.wikidata.org/entity/Q1444339,Fad Gadget
http://www.wikidata.org/entity/Q483407,Ramones,http://www.wikidata.org/entity/Q129050,The Shangri-Las
http://www.wikidata.org/entity/Q461269,Skid Row,http://www.wikidata.org/entity/Q259254,Bon Jovi
http://www.wikidata.org/entity/Q482477,Blink-182,http://www.wikidata.org/entity/Q11649,Nirvana
http://www.wikidata.org/entity/Q483285,My Chemical Romance,http://www.wikidata.org/entity/Q180598,The Smiths
http://www.wikidata.org/entity/Q483407,Ramones,http://www.wikidata.org/entity/Q332032,Alice Cooper
http://www.wikidata.org/entity/Q483407,Ramones,http://www.wikidata.org/entity/Q208767,The Stooges
http://www.wikidata.org/entity/Q483407,Ramones,http://www.wikidata.org/entity/Q1536429,The Trashmen
http://www.wikidata.org/entity/Q374679,Lambchop,http://www.wikidata.org/entity/Q2979510,Clockhammer
http://www.wikidata.org/entity/Q461269,Skid Row,http://www.wikidata.org/entity/Q486688,Mötley Crüe
http://www.wikidata.org/entity/Q483407,Ramones,http://www.wikidata.org/entity/Q951348,The Rivieras
http://www.wikidata.org/entity/Q483407,Ramones,http://www.wikidata.org/entity/Q211770,T. Rex
http://www.wikidata.org/entity/Q483407,Ramones,http://www.wikidata.org/entity/Q221494,Quiet Riot
http://www.wikidata.org/entity/Q461269,Skid Row,http://www.wikidata.org/entity/Q1428813,Hanoi Rocks
http://www.wikidata.org/entity/Q461269,Skid Row,http://www.wikidata.org/entity/Q182890,Def Leppard
http://www.wikidata.org/entity/Q472595,OutKast,http://www.wikidata.org/entity/Q636,Kate Bush
http://www.wikidata.org/entity/Q483407,Ramones,http://www.wikidata.org/entity/Q317254,Chubby Checker
http://www.wikidata.org/entity/Q461269,Skid Row,http://www.wikidata.org/entity/Q221494,Quiet Riot
http://www.wikidata.org/entity/Q461269,Skid Row,http://www.wikidata.org/entity/Q82545,Sex Pistols
http://www.wikidata.org/entity/Q483407,Ramones,http://www.wikidata.org/entity/Q812073,Bay City Rollers
http://www.wikidata.org/entity/Q461269,Skid Row,http://www.wikidata.org/entity/Q313992,David Lee Roth
http://www.wikidata.org/entity/Q483407,Ramones,http://www.wikidata.org/entity/Q943253,The Troggs
http://www.wikidata.org/entity/Q483407,Ramones,http://www.wikidata.org/entity/Q530886,The Ronettes
http://www.wikidata.org/entity/Q461269,Skid Row,http://www.wikidata.org/entity/Q435780,Sammy Hagar
http://www.wikidata.org/entity/Q483407,Ramones,http://www.wikidata.org/entity/Q667342,Count Five
http://www.wikidata.org/entity/Q483407,Ramones,http://www.wikidata.org/entity/Q765177,The Standells
http://www.wikidata.org/entity/Q482477,Blink-182,http://www.wikidata.org/entity/Q47871,Green Day
http://www.wikidata.org/entity/Q421794,The Darkness,http://www.wikidata.org/entity/Q204289,Boston
http://www.wikidata.org/entity/Q421794,The Darkness,http://www.wikidata.org/entity/Q124179,Kiss
http://www.wikidata.org/entity/Q483407,Ramones,http://www.wikidata.org/entity/Q888539,Bobby Fuller
http://www.wikidata.org/entity/Q421794,The Darkness,http://www.wikidata.org/entity/Q504090,Saxon
http://www.wikidata.org/entity/Q421794,The Darkness,http://www.wikidata.org/entity/Q156872,Slade
http://www.wikidata.org/entity/Q483407,Ramones,http://www.wikidata.org/entity/Q962043,Freddy Cannon
http://www.wikidata.org/entity/Q421794,The Darkness,http://www.wikidata.org/entity/Q887376,The Cult
http://www.wikidata.org/entity/Q421794,The Darkness,http://www.wikidata.org/entity/Q83468,Judas Priest
http://www.wikidata.org/entity/Q421794,The Darkness,http://www.wikidata.org/entity/Q1126287,Mott the Hoople
http://www.wikidata.org/entity/Q483407,Ramones,http://www.wikidata.org/entity/Q1299,The Beatles
http://www.wikidata.org/entity/Q482964,Depeche Mode,http://www.wikidata.org/entity/Q44892,Kraftwerk
http://www.wikidata.org/entity/Q421794,The Darkness,http://www.wikidata.org/entity/Q10448862,The Cherry Bombz
http://www.wikidata.org/entity/Q421794,The Darkness,http://www.wikidata.org/entity/Q487919,The Sweet
http://www.wikidata.org/entity/Q421794,The Darkness,http://www.wikidata.org/entity/Q830586,New York Dolls
http://www.wikidata.org/entity/Q483407,Ramones,http://www.wikidata.org/entity/Q5977,Buddy Holly
http://www.wikidata.org/entity/Q421794,The Darkness,http://www.wikidata.org/entity/Q126826,Aerosmith
http://www.wikidata.org/entity/Q483407,Ramones,http://www.wikidata.org/entity/Q5921,Chuck Berry
http://www.wikidata.org/entity/Q483407,Ramones,http://www.wikidata.org/entity/Q11036,The Rolling Stones
http://www.wikidata.org/entity/Q483558,Sum 41,http://www.wikidata.org/entity/Q11895,Guns N' Roses
http://www.wikidata.org/entity/Q483558,Sum 41,http://www.wikidata.org/entity/Q11649,Nirvana
http://www.wikidata.org/entity/Q421794,The Darkness,http://www.wikidata.org/entity/Q332032,Alice Cooper
http://www.wikidata.org/entity/Q461269,Skid Row,http://www.wikidata.org/entity/Q11895,Guns N' Roses
http://www.wikidata.org/entity/Q421794,The Darkness,http://www.wikidata.org/entity/Q182890,Def Leppard
http://www.wikidata.org/entity/Q421794,The Darkness,http://www.wikidata.org/entity/Q190155,Van Halen
http://www.wikidata.org/entity/Q421794,The Darkness,http://www.wikidata.org/entity/Q202314,Thin Lizzy
http://www.wikidata.org/entity/Q483558,Sum 41,http://www.wikidata.org/entity/Q15920,Metallica
http://www.wikidata.org/entity/Q483407,Ramones,http://www.wikidata.org/entity/Q20966651,Joey Dee
http://www.wikidata.org/entity/Q482477,Blink-182,http://www.wikidata.org/entity/Q1390974,Face to Face
http://www.wikidata.org/entity/Q482477,Blink-182,http://www.wikidata.org/entity/Q1253165,Down by Law
http://www.wikidata.org/entity/Q482477,Blink-182,http://www.wikidata.org/entity/Q294453,All
http://www.wikidata.org/entity/Q482477,Blink-182,http://www.wikidata.org/entity/Q157041,The Offspring
http://www.wikidata.org/entity/Q482477,Blink-182,http://www.wikidata.org/entity/Q201669,Bad Religion
http://www.wikidata.org/entity/Q421794,The Darkness,http://www.wikidata.org/entity/Q355384,Gary Glitter
http://www.wikidata.org/entity/Q421794,The Darkness,http://www.wikidata.org/entity/Q741661,Spinal Tap
http://www.wikidata.org/entity/Q482477,Blink-182,http://www.wikidata.org/entity/Q1157004,Generation X
http://www.wikidata.org/entity/Q482477,Blink-182,http://www.wikidata.org/entity/Q301142,Descendents
http://www.wikidata.org/entity/Q408139,Airbourne,http://www.wikidata.org/entity/Q27593,AC/DC
http://www.wikidata.org/entity/Q482477,Blink-182,http://www.wikidata.org/entity/Q390590,Rancid
http://www.wikidata.org/entity/Q482477,Blink-182,http://www.wikidata.org/entity/Q483407,Ramones
http://www.wikidata.org/entity/Q482477,Blink-182,http://www.wikidata.org/entity/Q165846,Operation Ivy
http://www.wikidata.org/entity/Q482477,Blink-182,http://www.wikidata.org/entity/Q265222,NOFX
http://www.wikidata.org/entity/Q482477,Blink-182,http://www.wikidata.org/entity/Q1570297,The Vandals
http://www.wikidata.org/entity/Q482477,Blink-182,http://www.wikidata.org/entity/Q360484,Adolescents
http://www.wikidata.org/entity/Q421794,The Darkness,http://www.wikidata.org/entity/Q863226,Billy Squier
http://www.wikidata.org/entity/Q482477,Blink-182,http://www.wikidata.org/entity/Q83814,Agent Orange
http://www.wikidata.org/entity/Q482477,Blink-182,http://www.wikidata.org/entity/Q2253861,Pansy Division
http://www.wikidata.org/entity/Q482477,Blink-182,http://www.wikidata.org/entity/Q754051,Pennywise
http://www.wikidata.org/entity/Q214237,The All-American Rejects,http://www.wikidata.org/entity/Q570025,Screeching Weasel
http://www.wikidata.org/entity/Q214237,The All-American Rejects,http://www.wikidata.org/entity/Q939329,Buzzcocks
http://www.wikidata.org/entity/Q217025,Manic Street Preachers,http://www.wikidata.org/entity/Q203871,Rush
http://www.wikidata.org/entity/Q217025,Manic Street Preachers,http://www.wikidata.org/entity/Q1475584,Magazine
http://www.wikidata.org/entity/Q217025,Manic Street Preachers,http://www.wikidata.org/entity/Q124179,Kiss
http://www.wikidata.org/entity/Q217025,Manic Street Preachers,http://www.wikidata.org/entity/Q2667568,Girls Against Boys
http://www.wikidata.org/entity/Q217025,Manic Street Preachers,http://www.wikidata.org/entity/Q103550,The Velvet Underground
http://www.wikidata.org/entity/Q217025,Manic Street Preachers,http://www.wikidata.org/entity/Q1135620,Wire
http://www.wikidata.org/entity/Q217025,Manic Street Preachers,http://www.wikidata.org/entity/Q1404436,Felt
http://www.wikidata.org/entity/Q218255,Electric Light Orchestra,http://www.wikidata.org/entity/Q1299,The Beatles
http://www.wikidata.org/entity/Q217025,Manic Street Preachers,http://www.wikidata.org/entity/Q1130624,Gang of Four
http://www.wikidata.org/entity/Q217025,Manic Street Preachers,http://www.wikidata.org/entity/Q595705,Talk Talk
http://www.wikidata.org/entity/Q217025,Manic Street Preachers,http://www.wikidata.org/entity/Q547438,Skids
http://www.wikidata.org/entity/Q217025,Manic Street Preachers,http://www.wikidata.org/entity/Q172763,Joy Division
http://www.wikidata.org/entity/Q217025,Manic Street Preachers,http://www.wikidata.org/entity/Q125603,The Clash
http://www.wikidata.org/entity/Q217025,Manic Street Preachers,http://www.wikidata.org/entity/Q830586,New York Dolls
http://www.wikidata.org/entity/Q217025,Manic Street Preachers,http://www.wikidata.org/entity/Q1243743,The Quireboys
http://www.wikidata.org/entity/Q217025,Manic Street Preachers,http://www.wikidata.org/entity/Q180598,The Smiths
http://www.wikidata.org/entity/Q228148,Zuco 103,http://www.wikidata.org/entity/Q119015,Jorge Ben
http://www.wikidata.org/entity/Q217025,Manic Street Preachers,http://www.wikidata.org/entity/Q1789260,The Only Ones
http://www.wikidata.org/entity/Q217025,Manic Street Preachers,http://www.wikidata.org/entity/Q211770,T. Rex
http://www.wikidata.org/entity/Q221494,Quiet Riot,http://www.wikidata.org/entity/Q124179,Kiss
http://www.wikidata.org/entity/Q221494,Quiet Riot,http://www.wikidata.org/entity/Q101505,Deep Purple
http://www.wikidata.org/entity/Q221494,Quiet Riot,http://www.wikidata.org/entity/Q156872,Slade
http://www.wikidata.org/entity/Q217025,Manic Street Preachers,http://www.wikidata.org/entity/Q82545,Sex Pistols
http://www.wikidata.org/entity/Q221494,Quiet Riot,http://www.wikidata.org/entity/Q664459,Humble Pie
http://www.wikidata.org/entity/Q221494,Quiet Riot,http://www.wikidata.org/entity/Q478750,Dio
http://www.wikidata.org/entity/Q217025,Manic Street Preachers,http://www.wikidata.org/entity/Q320499,Faith No More
http://www.wikidata.org/entity/Q217025,Manic Street Preachers,http://www.wikidata.org/entity/Q334648,Roxy Music
http://www.wikidata.org/entity/Q217025,Manic Street Preachers,http://www.wikidata.org/entity/Q743137,The Associates
http://www.wikidata.org/entity/Q221494,Quiet Riot,http://www.wikidata.org/entity/Q83468,Judas Priest
http://www.wikidata.org/entity/Q217025,Manic Street Preachers,http://www.wikidata.org/entity/Q916461,The Jam
http://www.wikidata.org/entity/Q221494,Quiet Riot,http://www.wikidata.org/entity/Q1126287,Mott the Hoople
http://www.wikidata.org/entity/Q217025,Manic Street Preachers,http://www.wikidata.org/entity/Q484255,Alice in Chains
http://www.wikidata.org/entity/Q221494,Quiet Riot,http://www.wikidata.org/entity/Q126826,Aerosmith
http://www.wikidata.org/entity/Q214237,The All-American Rejects,http://www.wikidata.org/entity/Q47871,Green Day
http://www.wikidata.org/entity/Q221494,Quiet Riot,http://www.wikidata.org/entity/Q332032,Alice Cooper
http://www.wikidata.org/entity/Q217025,Manic Street Preachers,http://www.wikidata.org/entity/Q748836,Simple Minds
http://www.wikidata.org/entity/Q221494,Quiet Riot,http://www.wikidata.org/entity/Q190155,Van Halen
http://www.wikidata.org/entity/Q217025,Manic Street Preachers,http://www.wikidata.org/entity/Q939329,Buzzcocks
http://www.wikidata.org/entity/Q217025,Manic Street Preachers,http://www.wikidata.org/entity/Q5383,David Bowie
http://www.wikidata.org/entity/Q217025,Manic Street Preachers,http://www.wikidata.org/entity/Q15862,Queen
http://www.wikidata.org/entity/Q217025,Manic Street Preachers,http://www.wikidata.org/entity/Q11895,Guns N' Roses
http://www.wikidata.org/entity/Q217025,Manic Street Preachers,http://www.wikidata.org/entity/Q396,U2
http://www.wikidata.org/entity/Q214237,The All-American Rejects,http://www.wikidata.org/entity/Q541737,Fastball
http://www.wikidata.org/entity/Q217025,Manic Street Preachers,http://www.wikidata.org/entity/Q10708,Red Hot Chili Peppers
http://www.wikidata.org/entity/Q214237,The All-American Rejects,http://www.wikidata.org/entity/Q1066024,The Replacements
http://www.wikidata.org/entity/Q217025,Manic Street Preachers,http://www.wikidata.org/entity/Q11036,The Rolling Stones
http://www.wikidata.org/entity/Q214237,The All-American Rejects,http://www.wikidata.org/entity/Q157041,The Offspring
http://www.wikidata.org/entity/Q214237,The All-American Rejects,http://www.wikidata.org/entity/Q591279,Squeeze
http://www.wikidata.org/entity/Q218255,Electric Light Orchestra,http://www.wikidata.org/entity/Q93346,The Who
http://www.wikidata.org/entity/Q214237,The All-American Rejects,http://www.wikidata.org/entity/Q371997,Barenaked Ladies
http://www.wikidata.org/entity/Q214237,The All-American Rejects,http://www.wikidata.org/entity/Q4955640,Braid
http://www.wikidata.org/entity/Q217025,Manic Street Preachers,http://www.wikidata.org/entity/Q18233,ABBA
http://www.wikidata.org/entity/Q214237,The All-American Rejects,http://www.wikidata.org/entity/Q209956,Weezer
http://www.wikidata.org/entity/Q214237,The All-American Rejects,http://www.wikidata.org/entity/Q483718,Foo Fighters
http://www.wikidata.org/entity/Q214237,The All-American Rejects,http://www.wikidata.org/entity/Q301142,Descendents
http://www.wikidata.org/entity/Q217025,Manic Street Preachers,http://www.wikidata.org/entity/Q1225,Bruce Springsteen
http://www.wikidata.org/entity/Q214237,The All-American Rejects,http://www.wikidata.org/entity/Q259254,Bon Jovi
http://www.wikidata.org/entity/Q214237,The All-American Rejects,http://www.wikidata.org/entity/Q1649624,The Promise Ring
http://www.wikidata.org/entity/Q214237,The All-American Rejects,http://www.wikidata.org/entity/Q858388,The Cars
http://www.wikidata.org/entity/Q217025,Manic Street Preachers,http://www.wikidata.org/entity/Q19697,Motörhead
http://www.wikidata.org/entity/Q218255,Electric Light Orchestra,http://www.wikidata.org/entity/Q188713,The Kinks
http://www.wikidata.org/entity/Q214237,The All-American Rejects,http://www.wikidata.org/entity/Q895463,Bowling for Soup
http://www.wikidata.org/entity/Q221494,Quiet Riot,http://www.wikidata.org/entity/Q47670,Black Sabbath
http://www.wikidata.org/entity/Q221494,Quiet Riot,http://www.wikidata.org/entity/Q2331,Led Zeppelin
http://www.wikidata.org/entity/Q214237,The All-American Rejects,http://www.wikidata.org/entity/Q182890,Def Leppard
http://www.wikidata.org/entity/Q214237,The All-American Rejects,http://www.wikidata.org/entity/Q642988,Jimmy Eat World
http://www.wikidata.org/entity/Q214237,The All-American Rejects,http://www.wikidata.org/entity/Q730046,Goo Goo Dolls
http://www.wikidata.org/entity/Q214237,The All-American Rejects,http://www.wikidata.org/entity/Q482477,Blink-182
http://www.wikidata.org/entity/Q221494,Quiet Riot,http://www.wikidata.org/entity/Q27593,AC/DC
http://www.wikidata.org/entity/Q214237,The All-American Rejects,http://www.wikidata.org/entity/Q329270,Stone Temple Pilots
http://www.wikidata.org/entity/Q221494,Quiet Riot,http://www.wikidata.org/entity/Q42482,Iron Maiden
http://www.wikidata.org/entity/Q484839,Placebo,http://www.wikidata.org/entity/Q173061,Syd Barrett
http://www.wikidata.org/entity/Q485811,Fall Out Boy,http://www.wikidata.org/entity/Q60747289,Boys Life
http://www.wikidata.org/entity/Q483558,Sum 41,http://www.wikidata.org/entity/Q1390974,Face to Face
http://www.wikidata.org/entity/Q483558,Sum 41,http://www.wikidata.org/entity/Q294453,All
http://www.wikidata.org/entity/Q483558,Sum 41,http://www.wikidata.org/entity/Q157041,The Offspring
http://www.wikidata.org/entity/Q483558,Sum 41,http://www.wikidata.org/entity/Q464476,Black Flag
http://www.wikidata.org/entity/Q483558,Sum 41,http://www.wikidata.org/entity/Q201669,Bad Religion
http://www.wikidata.org/entity/Q483558,Sum 41,http://www.wikidata.org/entity/Q131231,Slayer
http://www.wikidata.org/entity/Q483558,Sum 41,http://www.wikidata.org/entity/Q206939,Elvis Costello
http://www.wikidata.org/entity/Q483558,Sum 41,http://www.wikidata.org/entity/Q478750,Dio
http://www.wikidata.org/entity/Q484255,Alice in Chains,http://www.wikidata.org/entity/Q203871,Rush
http://www.wikidata.org/entity/Q483558,Sum 41,http://www.wikidata.org/entity/Q109871,Anthrax
http://www.wikidata.org/entity/Q484255,Alice in Chains,http://www.wikidata.org/entity/Q124179,Kiss
http://www.wikidata.org/entity/Q483558,Sum 41,http://www.wikidata.org/entity/Q209956,Weezer
http://www.wikidata.org/entity/Q483558,Sum 41,http://www.wikidata.org/entity/Q483718,Foo Fighters
http://www.wikidata.org/entity/Q484255,Alice in Chains,http://www.wikidata.org/entity/Q941662,Heart
http://www.wikidata.org/entity/Q484255,Alice in Chains,http://www.wikidata.org/entity/Q101505,Deep Purple
http://www.wikidata.org/entity/Q483558,Sum 41,http://www.wikidata.org/entity/Q83468,Judas Priest
http://www.wikidata.org/entity/Q485811,Fall Out Boy,http://www.wikidata.org/entity/Q47871,Green Day
http://www.wikidata.org/entity/Q485825,Simple Plan,http://www.wikidata.org/entity/Q47871,Green Day
http://www.wikidata.org/entity/Q483558,Sum 41,http://www.wikidata.org/entity/Q908848,Devo
http://www.wikidata.org/entity/Q484255,Alice in Chains,http://www.wikidata.org/entity/Q311785,Misfits
http://www.wikidata.org/entity/Q483558,Sum 41,http://www.wikidata.org/entity/Q277865,Fugazi
http://www.wikidata.org/entity/Q483558,Sum 41,http://www.wikidata.org/entity/Q390590,Rancid
http://www.wikidata.org/entity/Q483558,Sum 41,http://www.wikidata.org/entity/Q178095,The Police
http://www.wikidata.org/entity/Q483558,Sum 41,http://www.wikidata.org/entity/Q483407,Ramones
http://www.wikidata.org/entity/Q484255,Alice in Chains,http://www.wikidata.org/entity/Q887376,The Cult
http://www.wikidata.org/entity/Q483558,Sum 41,http://www.wikidata.org/entity/Q1462602,The Muffs
http://www.wikidata.org/entity/Q484255,Alice in Chains,http://www.wikidata.org/entity/Q1135391,Corrosion of Conformity
http://www.wikidata.org/entity/Q483558,Sum 41,http://www.wikidata.org/entity/Q159351,Run-DMC
http://www.wikidata.org/entity/Q483558,Sum 41,http://www.wikidata.org/entity/Q265222,NOFX
http://www.wikidata.org/entity/Q483558,Sum 41,http://www.wikidata.org/entity/Q1570297,The Vandals
http://www.wikidata.org/entity/Q484255,Alice in Chains,http://www.wikidata.org/entity/Q385618,Melvins
http://www.wikidata.org/entity/Q483558,Sum 41,http://www.wikidata.org/entity/Q2576798,Superchunk
http://www.wikidata.org/entity/Q483558,Sum 41,http://www.wikidata.org/entity/Q283835,Carcass
http://www.wikidata.org/entity/Q484255,Alice in Chains,http://www.wikidata.org/entity/Q483407,Ramones
http://www.wikidata.org/entity/Q484255,Alice in Chains,http://www.wikidata.org/entity/Q508678,Budgie
http://www.wikidata.org/entity/Q484255,Alice in Chains,http://www.wikidata.org/entity/Q188464,Pixies
http://www.wikidata.org/entity/Q483558,Sum 41,http://www.wikidata.org/entity/Q214039,Beastie Boys
http://www.wikidata.org/entity/Q483558,Sum 41,http://www.wikidata.org/entity/Q1984281,Rob Base and DJ E-Z Rock
http://www.wikidata.org/entity/Q483558,Sum 41,http://www.wikidata.org/entity/Q754051,Pennywise
http://www.wikidata.org/entity/Q484255,Alice in Chains,http://www.wikidata.org/entity/Q332032,Alice Cooper
http://www.wikidata.org/entity/Q484255,Alice in Chains,http://www.wikidata.org/entity/Q208767,The Stooges
http://www.wikidata.org/entity/Q484255,Alice in Chains,http://www.wikidata.org/entity/Q174817,Soundgarden
http://www.wikidata.org/entity/Q484255,Alice in Chains,http://www.wikidata.org/entity/Q190155,Van Halen
http://www.wikidata.org/entity/Q484255,Alice in Chains,http://www.wikidata.org/entity/Q331016,Blue Öyster Cult
http://www.wikidata.org/entity/Q483558,Sum 41,http://www.wikidata.org/entity/Q375364,No Use for a Name
http://www.wikidata.org/entity/Q483558,Sum 41,http://www.wikidata.org/entity/Q3309104,Dead Milkmen
http://www.wikidata.org/entity/Q483558,Sum 41,http://www.wikidata.org/entity/Q976882,Social Distortion
http://www.wikidata.org/entity/Q484255,Alice in Chains,http://www.wikidata.org/entity/Q82545,Sex Pistols
http://www.wikidata.org/entity/Q485825,Simple Plan,http://www.wikidata.org/entity/Q541737,Fastball
http://www.wikidata.org/entity/Q485811,Fall Out Boy,http://www.wikidata.org/entity/Q624538,Jawbreaker
http://www.wikidata.org/entity/Q485825,Simple Plan,http://www.wikidata.org/entity/Q624538,Jawbreaker
http://www.wikidata.org/entity/Q485811,Fall Out Boy,http://www.wikidata.org/entity/Q943982,Rites of Spring
http://www.wikidata.org/entity/Q485825,Simple Plan,http://www.wikidata.org/entity/Q157041,The Offspring
http://www.wikidata.org/entity/Q485825,Simple Plan,http://www.wikidata.org/entity/Q201669,Bad Religion
http://www.wikidata.org/entity/Q484427,The Cure,http://www.wikidata.org/entity/Q1160206,Television
http://www.wikidata.org/entity/Q485825,Simple Plan,http://www.wikidata.org/entity/Q206939,Elvis Costello
http://www.wikidata.org/entity/Q485811,Fall Out Boy,http://www.wikidata.org/entity/Q1824524,Lifetime
http://www.wikidata.org/entity/Q485811,Fall Out Boy,http://www.wikidata.org/entity/Q1358175,Refused
http://www.wikidata.org/entity/Q483558,Sum 41,http://www.wikidata.org/entity/Q939329,Buzzcocks
http://www.wikidata.org/entity/Q483558,Sum 41,http://www.wikidata.org/entity/Q83431,Megadeth
http://www.wikidata.org/entity/Q485811,Fall Out Boy,http://www.wikidata.org/entity/Q209956,Weezer
http://www.wikidata.org/entity/Q485825,Simple Plan,http://www.wikidata.org/entity/Q209956,Weezer
http://www.wikidata.org/entity/Q485825,Simple Plan,http://www.wikidata.org/entity/Q483718,Foo Fighters
http://www.wikidata.org/entity/Q485811,Fall Out Boy,http://www.wikidata.org/entity/Q301142,Descendents
http://www.wikidata.org/entity/Q483558,Sum 41,http://www.wikidata.org/entity/Q842156,Lagwagon
http://www.wikidata.org/entity/Q485825,Simple Plan,http://www.wikidata.org/entity/Q72092,Rage Against the Machine
http://www.wikidata.org/entity/Q485811,Fall Out Boy,http://www.wikidata.org/entity/Q1649624,The Promise Ring
http://www.wikidata.org/entity/Q485811,Fall Out Boy,http://www.wikidata.org/entity/Q1142703,Alkaline Trio
http://www.wikidata.org/entity/Q485825,Simple Plan,http://www.wikidata.org/entity/Q390590,Rancid
http://www.wikidata.org/entity/Q485811,Fall Out Boy,http://www.wikidata.org/entity/Q483407,Ramones
http://www.wikidata.org/entity/Q485825,Simple Plan,http://www.wikidata.org/entity/Q142701,Pearl Jam
http://www.wikidata.org/entity/Q485811,Fall Out Boy,http://www.wikidata.org/entity/Q1361543,Sunny Day Real Estate
http://www.wikidata.org/entity/Q485825,Simple Plan,http://www.wikidata.org/entity/Q265222,NOFX
http://www.wikidata.org/entity/Q485811,Fall Out Boy,http://www.wikidata.org/entity/Q180598,The Smiths
http://www.wikidata.org/entity/Q485825,Simple Plan,http://www.wikidata.org/entity/Q184217,The Smashing Pumpkins
http://www.wikidata.org/entity/Q485811,Fall Out Boy,http://www.wikidata.org/entity/Q1753105,Saves the Day
http://www.wikidata.org/entity/Q485811,Fall Out Boy,http://www.wikidata.org/entity/Q1757786,The Get Up Kids
http://www.wikidata.org/entity/Q485811,Fall Out Boy,http://www.wikidata.org/entity/Q642988,Jimmy Eat World
http://www.wikidata.org/entity/Q485825,Simple Plan,http://www.wikidata.org/entity/Q642988,Jimmy Eat World
http://www.wikidata.org/entity/Q485825,Simple Plan,http://www.wikidata.org/entity/Q221101,MxPx
http://www.wikidata.org/entity/Q485811,Fall Out Boy,http://www.wikidata.org/entity/Q286792,Boysetsfire
http://www.wikidata.org/entity/Q485811,Fall Out Boy,http://www.wikidata.org/entity/Q482477,Blink-182
http://www.wikidata.org/entity/Q485825,Simple Plan,http://www.wikidata.org/entity/Q482477,Blink-182
http://www.wikidata.org/entity/Q484255,Alice in Chains,http://www.wikidata.org/entity/Q47670,Black Sabbath
http://www.wikidata.org/entity/Q484255,Alice in Chains,http://www.wikidata.org/entity/Q2331,Led Zeppelin
http://www.wikidata.org/entity/Q484255,Alice in Chains,http://www.wikidata.org/entity/Q45354,The Doors
http://www.wikidata.org/entity/Q484255,Alice in Chains,http://www.wikidata.org/entity/Q633,Neil Young
http://www.wikidata.org/entity/Q485825,Simple Plan,http://www.wikidata.org/entity/Q375364,No Use for a Name
http://www.wikidata.org/entity/Q484255,Alice in Chains,http://www.wikidata.org/entity/Q25507,Accept
http://www.wikidata.org/entity/Q483558,Sum 41,http://www.wikidata.org/entity/Q42482,Iron Maiden
http://www.wikidata.org/entity/Q484255,Alice in Chains,http://www.wikidata.org/entity/Q15920,Metallica
http://www.wikidata.org/entity/Q484255,Alice in Chains,http://www.wikidata.org/entity/Q27593,AC/DC
http://www.wikidata.org/entity/Q485811,Fall Out Boy,http://www.wikidata.org/entity/Q7546039,Smoking Popes
http://www.wikidata.org/entity/Q484255,Alice in Chains,http://www.wikidata.org/entity/Q19697,Motörhead
http://www.wikidata.org/entity/Q485811,Fall Out Boy,http://www.wikidata.org/entity/Q927112,Less Than Jake
http://www.wikidata.org/entity/Q483558,Sum 41,http://www.wikidata.org/entity/Q47871,Green Day
http://www.wikidata.org/entity/Q485825,Simple Plan,http://www.wikidata.org/entity/Q11895,Guns N' Roses
http://www.wikidata.org/entity/Q485825,Simple Plan,http://www.wikidata.org/entity/Q11649,Nirvana
http://www.wikidata.org/entity/Q124179,Kiss,http://www.wikidata.org/entity/Q664459,Humble Pie
http://www.wikidata.org/entity/Q279105,Volbeat,http://www.wikidata.org/entity/Q42775,Johnny Cash
http://www.wikidata.org/entity/Q277551,Panic! at the Disco,http://www.wikidata.org/entity/Q93346,The Who
http://www.wikidata.org/entity/Q277551,Panic! at the Disco,http://www.wikidata.org/entity/Q292061,AFI
http://www.wikidata.org/entity/Q72092,Rage Against the Machine,http://www.wikidata.org/entity/Q924413,24-7 Spyz
http://www.wikidata.org/entity/Q254821,S.T.S.,http://www.wikidata.org/entity/Q733159,"Crosby, Stills & Nash"
http://www.wikidata.org/entity/Q277551,Panic! at the Disco,http://www.wikidata.org/entity/Q1163207,The Zombies
http://www.wikidata.org/entity/Q43267,The Jackson 5,http://www.wikidata.org/entity/Q218837,The Supremes
http://www.wikidata.org/entity/Q266549,iamamiwhoami,http://www.wikidata.org/entity/Q42455,Björk
http://www.wikidata.org/entity/Q124179,Kiss,http://www.wikidata.org/entity/Q1126287,Mott the Hoople
http://www.wikidata.org/entity/Q240767,Limp Bizkit,http://www.wikidata.org/entity/Q622947,Jane's Addiction
http://www.wikidata.org/entity/Q240767,Limp Bizkit,http://www.wikidata.org/entity/Q184827,Tool
http://www.wikidata.org/entity/Q277551,Panic! at the Disco,http://www.wikidata.org/entity/Q211583,The Strokes
http://www.wikidata.org/entity/Q124179,Kiss,http://www.wikidata.org/entity/Q487919,The Sweet
http://www.wikidata.org/entity/Q124179,Kiss,http://www.wikidata.org/entity/Q830586,New York Dolls
http://www.wikidata.org/entity/Q240767,Limp Bizkit,http://www.wikidata.org/entity/Q741836,Primus
http://www.wikidata.org/entity/Q265222,NOFX,http://www.wikidata.org/entity/Q742700,Rich Kids on LSD
http://www.wikidata.org/entity/Q72092,Rage Against the Machine,http://www.wikidata.org/entity/Q392,Bob Dylan
http://www.wikidata.org/entity/Q40585,30 Seconds to Mars,http://www.wikidata.org/entity/Q1381972,Everclear
http://www.wikidata.org/entity/Q277551,Panic! at the Disco,http://www.wikidata.org/entity/Q1155385,Third Eye Blind
http://www.wikidata.org/entity/Q279105,Volbeat,http://www.wikidata.org/entity/Q303,Elvis Presley
http://www.wikidata.org/entity/Q124179,Kiss,http://www.wikidata.org/entity/Q188713,The Kinks
http://www.wikidata.org/entity/Q240767,Limp Bizkit,http://www.wikidata.org/entity/Q80304,Korn
http://www.wikidata.org/entity/Q277551,Panic! at the Disco,http://www.wikidata.org/entity/Q183048,The Beach Boys
http://www.wikidata.org/entity/Q40585,30 Seconds to Mars,http://www.wikidata.org/entity/Q142701,Pearl Jam
http://www.wikidata.org/entity/Q72092,Rage Against the Machine,http://www.wikidata.org/entity/Q10708,Red Hot Chili Peppers
http://www.wikidata.org/entity/Q124179,Kiss,http://www.wikidata.org/entity/Q332032,Alice Cooper
http://www.wikidata.org/entity/Q124179,Kiss,http://www.wikidata.org/entity/Q208767,The Stooges
http://www.wikidata.org/entity/Q277551,Panic! at the Disco,http://www.wikidata.org/entity/Q1361543,Sunny Day Real Estate
http://www.wikidata.org/entity/Q240767,Limp Bizkit,http://www.wikidata.org/entity/Q72092,Rage Against the Machine
http://www.wikidata.org/entity/Q254138,Slipknot,http://www.wikidata.org/entity/Q124179,Kiss
http://www.wikidata.org/entity/Q254138,Slipknot,http://www.wikidata.org/entity/Q622947,Jane's Addiction
http://www.wikidata.org/entity/Q40585,30 Seconds to Mars,http://www.wikidata.org/entity/Q485893,Marilyn Manson
http://www.wikidata.org/entity/Q124179,Kiss,http://www.wikidata.org/entity/Q192725,The Yardbirds
http://www.wikidata.org/entity/Q240767,Limp Bizkit,http://www.wikidata.org/entity/Q1147061,Mr. Bungle
http://www.wikidata.org/entity/Q124179,Kiss,http://www.wikidata.org/entity/Q211770,T. Rex
http://www.wikidata.org/entity/Q254138,Slipknot,http://www.wikidata.org/entity/Q1412298,Helmet
http://www.wikidata.org/entity/Q254138,Slipknot,http://www.wikidata.org/entity/Q741836,Primus
http://www.wikidata.org/entity/Q277551,Panic! at the Disco,http://www.wikidata.org/entity/Q178549,Counting Crows
http://www.wikidata.org/entity/Q277551,Panic! at the Disco,http://www.wikidata.org/entity/Q180598,The Smiths
http://www.wikidata.org/entity/Q254138,Slipknot,http://www.wikidata.org/entity/Q207197,Gene Simmons
http://www.wikidata.org/entity/Q254138,Slipknot,http://www.wikidata.org/entity/Q311785,Misfits
http://www.wikidata.org/entity/Q254138,Slipknot,http://www.wikidata.org/entity/Q180880,Pantera
http://www.wikidata.org/entity/Q277551,Panic! at the Disco,http://www.wikidata.org/entity/Q642988,Jimmy Eat World
http://www.wikidata.org/entity/Q40585,30 Seconds to Mars,http://www.wikidata.org/entity/Q485039,Deftones
http://www.wikidata.org/entity/Q40585,30 Seconds to Mars,http://www.wikidata.org/entity/Q730046,Goo Goo Dolls
http://www.wikidata.org/entity/Q240767,Limp Bizkit,http://www.wikidata.org/entity/Q899341,Suicidal Tendencies
http://www.wikidata.org/entity/Q277551,Panic! at the Disco,http://www.wikidata.org/entity/Q216563,Paul Anka
http://www.wikidata.org/entity/Q254138,Slipknot,http://www.wikidata.org/entity/Q80304,Korn
http://www.wikidata.org/entity/Q254138,Slipknot,http://www.wikidata.org/entity/Q803876,Biohazard
http://www.wikidata.org/entity/Q124179,Kiss,http://www.wikidata.org/entity/Q287514,Marc Bolan
http://www.wikidata.org/entity/Q240767,Limp Bizkit,http://www.wikidata.org/entity/Q740434,Smash Mouth
http://www.wikidata.org/entity/Q240767,Limp Bizkit,http://www.wikidata.org/entity/Q1478077,Living Colour
http://www.wikidata.org/entity/Q240767,Limp Bizkit,http://www.wikidata.org/entity/Q159351,Run-DMC
http://www.wikidata.org/entity/Q40585,30 Seconds to Mars,http://www.wikidata.org/entity/Q329270,Stone Temple Pilots
http://www.wikidata.org/entity/Q331790,Interpol,http://www.wikidata.org/entity/Q1160206,Television
http://www.wikidata.org/entity/Q277551,Panic! at the Disco,http://www.wikidata.org/entity/Q482477,Blink-182
http://www.wikidata.org/entity/Q254138,Slipknot,http://www.wikidata.org/entity/Q72092,Rage Against the Machine
http://www.wikidata.org/entity/Q254138,Slipknot,http://www.wikidata.org/entity/Q272239,Twisted Sister
http://www.wikidata.org/entity/Q259381,The Dream Syndicate,http://www.wikidata.org/entity/Q103550,The Velvet Underground
http://www.wikidata.org/entity/Q240767,Limp Bizkit,http://www.wikidata.org/entity/Q214039,Beastie Boys
http://www.wikidata.org/entity/Q93346,The Who,http://www.wikidata.org/entity/Q255,Ludwig van Beethoven
http://www.wikidata.org/entity/Q93346,The Who,http://www.wikidata.org/entity/Q5950,James Brown
http://www.wikidata.org/entity/Q40585,30 Seconds to Mars,http://www.wikidata.org/entity/Q484255,Alice in Chains
http://www.wikidata.org/entity/Q254138,Slipknot,http://www.wikidata.org/entity/Q133151,Ozzy Osbourne
http://www.wikidata.org/entity/Q277551,Panic! at the Disco,http://www.wikidata.org/entity/Q485811,Fall Out Boy
http://www.wikidata.org/entity/Q240767,Limp Bizkit,http://www.wikidata.org/entity/Q320499,Faith No More
http://www.wikidata.org/entity/Q124179,Kiss,http://www.wikidata.org/entity/Q622815,Grand Funk Railroad
http://www.wikidata.org/entity/Q331790,Interpol,http://www.wikidata.org/entity/Q172763,Joy Division
http://www.wikidata.org/entity/Q254138,Slipknot,http://www.wikidata.org/entity/Q332032,Alice Cooper
http://www.wikidata.org/entity/Q334652,Stereolab,http://www.wikidata.org/entity/Q170132,Can
http://www.wikidata.org/entity/Q45165,System of a Down,http://www.wikidata.org/entity/Q80034,Armenian Genocide
http://www.wikidata.org/entity/Q334652,Stereolab,http://www.wikidata.org/entity/Q181874,Neu!
http://www.wikidata.org/entity/Q124179,Kiss,http://www.wikidata.org/entity/Q47670,Black Sabbath
http://www.wikidata.org/entity/Q124179,Kiss,http://www.wikidata.org/entity/Q5383,David Bowie
http://www.wikidata.org/entity/Q124179,Kiss,http://www.wikidata.org/entity/Q2331,Led Zeppelin
http://www.wikidata.org/entity/Q323187,Above & Beyond,http://www.wikidata.org/entity/Q110579,Energy 52
http://www.wikidata.org/entity/Q124179,Kiss,http://www.wikidata.org/entity/Q1299,The Beatles
http://www.wikidata.org/entity/Q40585,30 Seconds to Mars,http://www.wikidata.org/entity/Q5383,David Bowie
http://www.wikidata.org/entity/Q124179,Kiss,http://www.wikidata.org/entity/Q45650,Free
http://www.wikidata.org/entity/Q93346,The Who,http://www.wikidata.org/entity/Q5928,Jimi Hendrix
http://www.wikidata.org/entity/Q257876,Mostly Autumn,http://www.wikidata.org/entity/Q2306,Pink Floyd
http://www.wikidata.org/entity/Q277551,Panic! at the Disco,http://www.wikidata.org/entity/Q7542,Prince
http://www.wikidata.org/entity/Q277551,Panic! at the Disco,http://www.wikidata.org/entity/Q5383,David Bowie
http://www.wikidata.org/entity/Q40585,30 Seconds to Mars,http://www.wikidata.org/entity/Q11649,Nirvana
http://www.wikidata.org/entity/Q277551,Panic! at the Disco,http://www.wikidata.org/entity/Q392,Bob Dylan
http://www.wikidata.org/entity/Q277551,Panic! at the Disco,http://www.wikidata.org/entity/Q1299,The Beatles
http://www.wikidata.org/entity/Q277551,Panic! at the Disco,http://www.wikidata.org/entity/Q15862,Queen
http://www.wikidata.org/entity/Q124179,Kiss,http://www.wikidata.org/entity/Q11036,The Rolling Stones
http://www.wikidata.org/entity/Q40585,30 Seconds to Mars,http://www.wikidata.org/entity/Q11647,Nine Inch Nails
http://www.wikidata.org/entity/Q240767,Limp Bizkit,http://www.wikidata.org/entity/Q11895,Guns N' Roses
http://www.wikidata.org/entity/Q240767,Limp Bizkit,http://www.wikidata.org/entity/Q11649,Nirvana
http://www.wikidata.org/entity/Q240767,Limp Bizkit,http://www.wikidata.org/entity/Q10708,Red Hot Chili Peppers
http://www.wikidata.org/entity/Q72092,Rage Against the Machine,http://www.wikidata.org/entity/Q622947,Jane's Addiction
http://www.wikidata.org/entity/Q72092,Rage Against the Machine,http://www.wikidata.org/entity/Q464476,Black Flag
http://www.wikidata.org/entity/Q72092,Rage Against the Machine,http://www.wikidata.org/entity/Q250421,Killing Joke
http://www.wikidata.org/entity/Q72092,Rage Against the Machine,http://www.wikidata.org/entity/Q741836,Primus
http://www.wikidata.org/entity/Q72092,Rage Against the Machine,http://www.wikidata.org/entity/Q209182,Public Enemy
http://www.wikidata.org/entity/Q72092,Rage Against the Machine,http://www.wikidata.org/entity/Q1130624,Gang of Four
http://www.wikidata.org/entity/Q240767,Limp Bizkit,http://www.wikidata.org/entity/Q15920,Metallica
http://www.wikidata.org/entity/Q254138,Slipknot,http://www.wikidata.org/entity/Q47670,Black Sabbath
http://www.wikidata.org/entity/Q334652,Stereolab,http://www.wikidata.org/entity/Q722627,Juan García Esquivel
http://www.wikidata.org/entity/Q72092,Rage Against the Machine,http://www.wikidata.org/entity/Q109871,Anthrax
http://www.wikidata.org/entity/Q277551,Panic! at the Disco,http://www.wikidata.org/entity/Q40912,Frank Sinatra
http://www.wikidata.org/entity/Q40585,30 Seconds to Mars,http://www.wikidata.org/entity/Q45165,System of a Down
http://www.wikidata.org/entity/Q40585,30 Seconds to Mars,http://www.wikidata.org/entity/Q2306,Pink Floyd
http://www.wikidata.org/entity/Q72092,Rage Against the Machine,http://www.wikidata.org/entity/Q125603,The Clash
http://www.wikidata.org/entity/Q72092,Rage Against the Machine,http://www.wikidata.org/entity/Q902881,Fishbone
http://www.wikidata.org/entity/Q72092,Rage Against the Machine,http://www.wikidata.org/entity/Q277865,Fugazi
http://www.wikidata.org/entity/Q124179,Kiss,http://www.wikidata.org/entity/Q5928,Jimi Hendrix
http://www.wikidata.org/entity/Q72092,Rage Against the Machine,http://www.wikidata.org/entity/Q798671,Bad Brains
http://www.wikidata.org/entity/Q72092,Rage Against the Machine,http://www.wikidata.org/entity/Q899341,Suicidal Tendencies
http://www.wikidata.org/entity/Q72092,Rage Against the Machine,http://www.wikidata.org/entity/Q1351122,Eric B. & Rakim
http://www.wikidata.org/entity/Q72092,Rage Against the Machine,http://www.wikidata.org/entity/Q1478077,Living Colour
http://www.wikidata.org/entity/Q40585,30 Seconds to Mars,http://www.wikidata.org/entity/Q44190,Radiohead
http://www.wikidata.org/entity/Q122739,Bitch,http://www.wikidata.org/entity/Q332032,Alice Cooper
http://www.wikidata.org/entity/Q72092,Rage Against the Machine,http://www.wikidata.org/entity/Q208767,The Stooges
http://www.wikidata.org/entity/Q281894,Converge,http://www.wikidata.org/entity/Q822462,Born Against
http://www.wikidata.org/entity/Q72092,Rage Against the Machine,http://www.wikidata.org/entity/Q1811622,The Last Poets
http://www.wikidata.org/entity/Q277551,Panic! at the Disco,http://www.wikidata.org/entity/Q47871,Green Day
http://www.wikidata.org/entity/Q72092,Rage Against the Machine,http://www.wikidata.org/entity/Q208211,Dead Kennedys
http://www.wikidata.org/entity/Q72092,Rage Against the Machine,http://www.wikidata.org/entity/Q214039,Beastie Boys
http://www.wikidata.org/entity/Q72092,Rage Against the Machine,http://www.wikidata.org/entity/Q2300591,Urban Dance Squad
http://www.wikidata.org/entity/Q72092,Rage Against the Machine,http://www.wikidata.org/entity/Q320499,Faith No More
http://www.wikidata.org/entity/Q246677,Astral Projection,http://www.wikidata.org/entity/Q341364,acid house
http://www.wikidata.org/entity/Q72092,Rage Against the Machine,http://www.wikidata.org/entity/Q524387,The Nation of Ulysses
http://www.wikidata.org/entity/Q44190,Radiohead,http://www.wikidata.org/entity/Q2306,Pink Floyd
http://www.wikidata.org/entity/Q93346,The Who,http://www.wikidata.org/entity/Q188713,The Kinks
http://www.wikidata.org/entity/Q93346,The Who,http://www.wikidata.org/entity/Q1382570,Mose Allison
http://www.wikidata.org/entity/Q270019,7 Seconds,http://www.wikidata.org/entity/Q923253,D.O.A.
http://www.wikidata.org/entity/Q72092,Rage Against the Machine,http://www.wikidata.org/entity/Q81509,Minor Threat
http://www.wikidata.org/entity/Q40585,30 Seconds to Mars,http://www.wikidata.org/entity/Q308816,Creed
http://www.wikidata.org/entity/Q40585,30 Seconds to Mars,http://www.wikidata.org/entity/Q841042,My Bloody Valentine
http://www.wikidata.org/entity/Q40585,30 Seconds to Mars,http://www.wikidata.org/entity/Q622947,Jane's Addiction
http://www.wikidata.org/entity/Q124179,Kiss,http://www.wikidata.org/entity/Q203736,Cream
http://www.wikidata.org/entity/Q40585,30 Seconds to Mars,http://www.wikidata.org/entity/Q1661036,Incubus
http://www.wikidata.org/entity/Q124179,Kiss,http://www.wikidata.org/entity/Q182655,Rod Stewart
http://www.wikidata.org/entity/Q277551,Panic! at the Disco,http://www.wikidata.org/entity/Q220730,The Killers
http://www.wikidata.org/entity/Q124179,Kiss,http://www.wikidata.org/entity/Q156872,Slade
http://www.wikidata.org/entity/Q124179,Kiss,http://www.wikidata.org/entity/Q93346,The Who
http://www.wikidata.org/entity/Q124179,Kiss,http://www.wikidata.org/entity/Q192474,Jeff Beck
http://www.wikidata.org/entity/Q277551,Panic! at the Disco,http://www.wikidata.org/entity/Q180850,Tom Jones
http://www.wikidata.org/entity/Q277551,Panic! at the Disco,http://www.wikidata.org/entity/Q484427,The Cure
http://www.wikidata.org/entity/Q277551,Panic! at the Disco,http://www.wikidata.org/entity/Q943982,Rites of Spring
http://www.wikidata.org/entity/Q277551,Panic! at the Disco,http://www.wikidata.org/entity/Q1433169,Thursday
http://www.wikidata.org/entity/Q154454,NSYNC,http://www.wikidata.org/entity/Q219237,Rick Astley
http://www.wikidata.org/entity/Q154454,NSYNC,http://www.wikidata.org/entity/Q1744,Madonna
http://www.wikidata.org/entity/Q154454,NSYNC,http://www.wikidata.org/entity/Q2831,Michael Jackson
http://www.wikidata.org/entity/Q277230,98 Degrees,http://www.wikidata.org/entity/Q1370588,New Edition
http://www.wikidata.org/entity/Q277230,98 Degrees,http://www.wikidata.org/entity/Q212464,New Kids on the Block
http://www.wikidata.org/entity/Q277230,98 Degrees,http://www.wikidata.org/entity/Q344983,Babyface
http://www.wikidata.org/entity/Q277230,98 Degrees,http://www.wikidata.org/entity/Q1153370,Brian McKnight
http://www.wikidata.org/entity/Q277230,98 Degrees,http://www.wikidata.org/entity/Q420023,Tony! Toni! Toné!
http://www.wikidata.org/entity/Q277230,98 Degrees,http://www.wikidata.org/entity/Q152066,Take That
http://www.wikidata.org/entity/Q277230,98 Degrees,http://www.wikidata.org/entity/Q651231,Boyz II Men
http://www.wikidata.org/entity/Q154454,NSYNC,http://www.wikidata.org/entity/Q17140,Backstreet Boys
http://www.wikidata.org/entity/Q277230,98 Degrees,http://www.wikidata.org/entity/Q1291981,All-4-One
http://www.wikidata.org/entity/Q550602,Poison,http://www.wikidata.org/entity/Q124179,Kiss
http://www.wikidata.org/entity/Q41176090,Second Alibi,http://www.wikidata.org/entity/Q17140,Backstreet Boys
http://www.wikidata.org/entity/Q550602,Poison,http://www.wikidata.org/entity/Q1442133,London
http://www.wikidata.org/entity/Q550602,Poison,http://www.wikidata.org/entity/Q156872,Slade
http://www.wikidata.org/entity/Q277230,98 Degrees,http://www.wikidata.org/entity/Q327344,Take 6
http://www.wikidata.org/entity/Q550602,Poison,http://www.wikidata.org/entity/Q587184,Kix
http://www.wikidata.org/entity/Q550602,Poison,http://www.wikidata.org/entity/Q1068713,Cheap Trick
http://www.wikidata.org/entity/Q550602,Poison,http://www.wikidata.org/entity/Q1126287,Mott the Hoople
http://www.wikidata.org/entity/Q550602,Poison,http://www.wikidata.org/entity/Q487919,The Sweet
http://www.wikidata.org/entity/Q550602,Poison,http://www.wikidata.org/entity/Q830586,New York Dolls
http://www.wikidata.org/entity/Q550602,Poison,http://www.wikidata.org/entity/Q486688,Mötley Crüe
http://www.wikidata.org/entity/Q550602,Poison,http://www.wikidata.org/entity/Q126826,Aerosmith
http://www.wikidata.org/entity/Q154454,NSYNC,http://www.wikidata.org/entity/Q43267,The Jackson 5
http://www.wikidata.org/entity/Q550602,Poison,http://www.wikidata.org/entity/Q1428813,Hanoi Rocks
http://www.wikidata.org/entity/Q550602,Poison,http://www.wikidata.org/entity/Q182890,Def Leppard
http://www.wikidata.org/entity/Q550602,Poison,http://www.wikidata.org/entity/Q190155,Van Halen
http://www.wikidata.org/entity/Q550602,Poison,http://www.wikidata.org/entity/Q211770,T. Rex
http://www.wikidata.org/entity/Q550602,Poison,http://www.wikidata.org/entity/Q221494,Quiet Riot
http://www.wikidata.org/entity/Q550602,Poison,http://www.wikidata.org/entity/Q435780,Sammy Hagar
http://www.wikidata.org/entity/Q550602,Poison,http://www.wikidata.org/entity/Q17150563,Spiders & Snakes
http://www.wikidata.org/entity/Q550602,Poison,http://www.wikidata.org/entity/Q505072,Johnny Thunders
http://www.wikidata.org/entity/Q277230,98 Degrees,http://www.wikidata.org/entity/Q2831,Michael Jackson
http://www.wikidata.org/entity/Q550602,Poison,http://www.wikidata.org/entity/Q863226,Billy Squier
http://www.wikidata.org/entity/Q154454,NSYNC,http://www.wikidata.org/entity/Q1370588,New Edition
http://www.wikidata.org/entity/Q41176090,Second Alibi,http://www.wikidata.org/entity/Q370165,Dream
http://www.wikidata.org/entity/Q154454,NSYNC,http://www.wikidata.org/entity/Q1153370,Brian McKnight
http://www.wikidata.org/entity/Q154454,NSYNC,http://www.wikidata.org/entity/Q744087,Wham!
http://www.wikidata.org/entity/Q41176090,Second Alibi,http://www.wikidata.org/entity/Q1060468,Danity Kane
http://www.wikidata.org/entity/Q154454,NSYNC,http://www.wikidata.org/entity/Q651231,Boyz II Men
http://www.wikidata.org/entity/Q550602,Poison,http://www.wikidata.org/entity/Q2331,Led Zeppelin
http://www.wikidata.org/entity/Q154454,NSYNC,http://www.wikidata.org/entity/Q151634,Ace of Base
http://www.wikidata.org/entity/Q154454,NSYNC,http://www.wikidata.org/entity/Q233817,Debbie Gibson
http://www.wikidata.org/entity/Q41176090,Second Alibi,http://www.wikidata.org/entity/Q154454,NSYNC
http://www.wikidata.org/entity/Q41176090,Second Alibi,http://www.wikidata.org/entity/Q7092511,One Call
http://www.wikidata.org/entity/Q550602,Poison,http://www.wikidata.org/entity/Q27593,AC/DC
http://www.wikidata.org/entity/Q41176090,Second Alibi,http://www.wikidata.org/entity/Q2026055,Bonnie McKee
http://www.wikidata.org/entity/Q41176090,Second Alibi,http://www.wikidata.org/entity/Q703787,Sam Sparro
http://www.wikidata.org/entity/Q41176090,Second Alibi,http://www.wikidata.org/entity/Q271119,Ester Dean
http://www.wikidata.org/entity/Q41176090,Second Alibi,http://www.wikidata.org/entity/Q3305177,V Factory
http://www.wikidata.org/entity/Q41176090,Second Alibi,http://www.wikidata.org/entity/Q16155071,After Romeo
http://www.wikidata.org/entity/Q47871,Green Day,http://www.wikidata.org/entity/Q916461,The Jam
http://www.wikidata.org/entity/Q47871,Green Day,http://www.wikidata.org/entity/Q493098,Tsunami Bomb
http://www.wikidata.org/entity/Q47871,Green Day,http://www.wikidata.org/entity/Q508412,Billy Bragg
http://www.wikidata.org/entity/Q47871,Green Day,http://www.wikidata.org/entity/Q522463,Circle Jerks
http://www.wikidata.org/entity/Q4299,Coheed and Cambria,http://www.wikidata.org/entity/Q462380,Queensrÿche
http://www.wikidata.org/entity/Q11904,Eels,http://www.wikidata.org/entity/Q3089641,Jellyfish
http://www.wikidata.org/entity/Q4299,Coheed and Cambria,http://www.wikidata.org/entity/Q1927874,Youth of Today
http://www.wikidata.org/entity/Q11904,Eels,http://www.wikidata.org/entity/Q206939,Elvis Costello
http://www.wikidata.org/entity/Q4299,Coheed and Cambria,http://www.wikidata.org/entity/Q162586,Dream Theater
http://www.wikidata.org/entity/Q47871,Green Day,http://www.wikidata.org/entity/Q939329,Buzzcocks
http://www.wikidata.org/entity/Q11904,Eels,http://www.wikidata.org/entity/Q189080,Lou Reed
http://www.wikidata.org/entity/Q11904,Eels,http://www.wikidata.org/entity/Q212762,Burt Bacharach
http://www.wikidata.org/entity/Q47871,Green Day,http://www.wikidata.org/entity/Q81509,Minor Threat
http://www.wikidata.org/entity/Q4299,Coheed and Cambria,http://www.wikidata.org/entity/Q332032,Alice Cooper
http://www.wikidata.org/entity/Q11904,Eels,http://www.wikidata.org/entity/Q1132613,Meat Puppets
http://www.wikidata.org/entity/Q47871,Green Day,http://www.wikidata.org/entity/Q862223,Hüsker Dü
http://www.wikidata.org/entity/Q4299,Coheed and Cambria,http://www.wikidata.org/entity/Q201918,Every Avenue
http://www.wikidata.org/entity/Q11904,Eels,http://www.wikidata.org/entity/Q2504465,World Party
http://www.wikidata.org/entity/Q4299,Coheed and Cambria,http://www.wikidata.org/entity/Q331016,Blue Öyster Cult
http://www.wikidata.org/entity/Q11904,Eels,http://www.wikidata.org/entity/Q183048,The Beach Boys
http://www.wikidata.org/entity/Q22151,Muse,http://www.wikidata.org/entity/Q44190,Radiohead
http://www.wikidata.org/entity/Q11904,Eels,http://www.wikidata.org/entity/Q211588,Nick Drake
http://www.wikidata.org/entity/Q11904,Eels,http://www.wikidata.org/entity/Q188713,The Kinks
http://www.wikidata.org/entity/Q47871,Green Day,http://www.wikidata.org/entity/Q959100,Sham 69
http://www.wikidata.org/entity/Q4299,Coheed and Cambria,http://www.wikidata.org/entity/Q2463731,Don Caballero
http://www.wikidata.org/entity/Q11904,Eels,http://www.wikidata.org/entity/Q1467927,Sebadoh
http://www.wikidata.org/entity/Q11904,Eels,http://www.wikidata.org/entity/Q184805,Tom Waits
http://www.wikidata.org/entity/Q11904,Eels,http://www.wikidata.org/entity/Q221021,Yo La Tengo
http://www.wikidata.org/entity/Q47871,Green Day,http://www.wikidata.org/entity/Q11895,Guns N' Roses
http://www.wikidata.org/entity/Q47871,Green Day,http://www.wikidata.org/entity/Q11649,Nirvana
http://www.wikidata.org/entity/Q47871,Green Day,http://www.wikidata.org/entity/Q10708,Red Hot Chili Peppers
http://www.wikidata.org/entity/Q11904,Eels,http://www.wikidata.org/entity/Q364875,Todd Rundgren
http://www.wikidata.org/entity/Q4299,Coheed and Cambria,http://www.wikidata.org/entity/Q690904,At the Drive-In
http://www.wikidata.org/entity/Q47871,Green Day,http://www.wikidata.org/entity/Q303,Elvis Presley
http://www.wikidata.org/entity/Q4299,Coheed and Cambria,http://www.wikidata.org/entity/Q47670,Black Sabbath
http://www.wikidata.org/entity/Q4299,Coheed and Cambria,http://www.wikidata.org/entity/Q2331,Led Zeppelin
http://www.wikidata.org/entity/Q19697,Motörhead,http://www.wikidata.org/entity/Q940536,The Damned
http://www.wikidata.org/entity/Q22151,Muse,http://www.wikidata.org/entity/Q72092,Rage Against the Machine
http://www.wikidata.org/entity/Q19697,Motörhead,http://www.wikidata.org/entity/Q101505,Deep Purple
http://www.wikidata.org/entity/Q19697,Motörhead,http://www.wikidata.org/entity/Q465862,Steppenwolf
http://www.wikidata.org/entity/Q19697,Motörhead,http://www.wikidata.org/entity/Q708782,Arthur Brown
http://www.wikidata.org/entity/Q19697,Motörhead,http://www.wikidata.org/entity/Q830316,MC5
http://www.wikidata.org/entity/Q11904,Eels,http://www.wikidata.org/entity/Q633,Neil Young
http://www.wikidata.org/entity/Q11904,Eels,http://www.wikidata.org/entity/Q1299,The Beatles
http://www.wikidata.org/entity/Q11904,Eels,http://www.wikidata.org/entity/Q5329277,East River Pipe
http://www.wikidata.org/entity/Q11904,Eels,http://www.wikidata.org/entity/Q4028,Paul Simon
http://www.wikidata.org/entity/Q19697,Motörhead,http://www.wikidata.org/entity/Q125603,The Clash
http://www.wikidata.org/entity/Q11904,Eels,http://www.wikidata.org/entity/Q11649,Nirvana
http://www.wikidata.org/entity/Q11904,Eels,http://www.wikidata.org/entity/Q2808,Elton John
http://www.wikidata.org/entity/Q4299,Coheed and Cambria,http://www.wikidata.org/entity/Q42482,Iron Maiden
http://www.wikidata.org/entity/Q19697,Motörhead,http://www.wikidata.org/entity/Q483407,Ramones
http://www.wikidata.org/entity/Q11904,Eels,http://www.wikidata.org/entity/Q1276,Leonard Cohen
http://www.wikidata.org/entity/Q19697,Motörhead,http://www.wikidata.org/entity/Q208767,The Stooges
http://www.wikidata.org/entity/Q19697,Motörhead,http://www.wikidata.org/entity/Q285966,Hawkwind
http://www.wikidata.org/entity/Q19697,Motörhead,http://www.wikidata.org/entity/Q1536429,The Trashmen
http://www.wikidata.org/entity/Q19697,Motörhead,http://www.wikidata.org/entity/Q192725,The Yardbirds
http://www.wikidata.org/entity/Q4299,Coheed and Cambria,http://www.wikidata.org/entity/Q2306,Pink Floyd
http://www.wikidata.org/entity/Q19697,Motörhead,http://www.wikidata.org/entity/Q82545,Sex Pistols
http://www.wikidata.org/entity/Q11904,Eels,http://www.wikidata.org/entity/Q19697,Motörhead
http://www.wikidata.org/entity/Q47871,Green Day,http://www.wikidata.org/entity/Q940536,The Damned
http://www.wikidata.org/entity/Q47871,Green Day,http://www.wikidata.org/entity/Q1066024,The Replacements
http://www.wikidata.org/entity/Q19697,Motörhead,http://www.wikidata.org/entity/Q804567,Blue Cheer
http://www.wikidata.org/entity/Q47871,Green Day,http://www.wikidata.org/entity/Q464476,Black Flag
http://www.wikidata.org/entity/Q47871,Green Day,http://www.wikidata.org/entity/Q201669,Bad Religion
http://www.wikidata.org/entity/Q47871,Green Day,http://www.wikidata.org/entity/Q962103,Joe Jackson
http://www.wikidata.org/entity/Q47871,Green Day,http://www.wikidata.org/entity/Q93346,The Who
http://www.wikidata.org/entity/Q47871,Green Day,http://www.wikidata.org/entity/Q301142,Descendents
http://www.wikidata.org/entity/Q47871,Green Day,http://www.wikidata.org/entity/Q125603,The Clash
http://www.wikidata.org/entity/Q47871,Green Day,http://www.wikidata.org/entity/Q270019,7 Seconds
http://www.wikidata.org/entity/Q47871,Green Day,http://www.wikidata.org/entity/Q483407,Ramones
http://www.wikidata.org/entity/Q47871,Green Day,http://www.wikidata.org/entity/Q899341,Suicidal Tendencies
http://www.wikidata.org/entity/Q22151,Muse,http://www.wikidata.org/entity/Q15862,Queen
http://www.wikidata.org/entity/Q19697,Motörhead,http://www.wikidata.org/entity/Q970502,The Kingsmen
http://www.wikidata.org/entity/Q47871,Green Day,http://www.wikidata.org/entity/Q165846,Operation Ivy
http://www.wikidata.org/entity/Q47871,Green Day,http://www.wikidata.org/entity/Q265222,NOFX
http://www.wikidata.org/entity/Q22151,Muse,http://www.wikidata.org/entity/Q11649,Nirvana
http://www.wikidata.org/entity/Q47871,Green Day,http://www.wikidata.org/entity/Q180224,Lenny Kravitz
http://www.wikidata.org/entity/Q47871,Green Day,http://www.wikidata.org/entity/Q208211,Dead Kennedys
http://www.wikidata.org/entity/Q47871,Green Day,http://www.wikidata.org/entity/Q83814,Agent Orange
http://www.wikidata.org/entity/Q47871,Green Day,http://www.wikidata.org/entity/Q82545,Sex Pistols
http://www.wikidata.org/entity/Q19697,Motörhead,http://www.wikidata.org/entity/Q47670,Black Sabbath
http://www.wikidata.org/entity/Q4299,Coheed and Cambria,http://www.wikidata.org/entity/Q151012,Genesis
http://www.wikidata.org/entity/Q4299,Coheed and Cambria,http://www.wikidata.org/entity/Q203871,Rush
http://www.wikidata.org/entity/Q19697,Motörhead,http://www.wikidata.org/entity/Q2331,Led Zeppelin
http://www.wikidata.org/entity/Q4299,Coheed and Cambria,http://www.wikidata.org/entity/Q622947,Jane's Addiction
http://www.wikidata.org/entity/Q4299,Coheed and Cambria,http://www.wikidata.org/entity/Q311785,Misfits
http://www.wikidata.org/entity/Q47871,Green Day,http://www.wikidata.org/entity/Q3067117,Fastbacks
http://www.wikidata.org/entity/Q47871,Green Day,http://www.wikidata.org/entity/Q3309104,Dead Milkmen
http://www.wikidata.org/entity/Q82545,Sex Pistols,http://www.wikidata.org/entity/Q222628,Small Faces
http://www.wikidata.org/entity/Q82545,Sex Pistols,http://www.wikidata.org/entity/Q1136388,Faces
http://www.wikidata.org/entity/Q82545,Sex Pistols,http://www.wikidata.org/entity/Q124179,Kiss
http://www.wikidata.org/entity/Q82545,Sex Pistols,http://www.wikidata.org/entity/Q103550,The Velvet Underground
http://www.wikidata.org/entity/Q82545,Sex Pistols,http://www.wikidata.org/entity/Q156872,Slade
http://www.wikidata.org/entity/Q82545,Sex Pistols,http://www.wikidata.org/entity/Q93346,The Who
http://www.wikidata.org/entity/Q82545,Sex Pistols,http://www.wikidata.org/entity/Q830316,MC5
http://www.wikidata.org/entity/Q82545,Sex Pistols,http://www.wikidata.org/entity/Q1126287,Mott the Hoople
http://www.wikidata.org/entity/Q82545,Sex Pistols,http://www.wikidata.org/entity/Q1253897,Dr. Feelgood
http://www.wikidata.org/entity/Q82545,Sex Pistols,http://www.wikidata.org/entity/Q830586,New York Dolls
http://www.wikidata.org/entity/Q82545,Sex Pistols,http://www.wikidata.org/entity/Q483407,Ramones
http://www.wikidata.org/entity/Q82545,Sex Pistols,http://www.wikidata.org/entity/Q1639834,Edgar Broughton Band
http://www.wikidata.org/entity/Q101505,Deep Purple,http://www.wikidata.org/entity/Q222628,Small Faces
http://www.wikidata.org/entity/Q82545,Sex Pistols,http://www.wikidata.org/entity/Q188713,The Kinks
http://www.wikidata.org/entity/Q101505,Deep Purple,http://www.wikidata.org/entity/Q1338638,Them
http://www.wikidata.org/entity/Q101505,Deep Purple,http://www.wikidata.org/entity/Q203736,Cream
http://www.wikidata.org/entity/Q82545,Sex Pistols,http://www.wikidata.org/entity/Q332032,Alice Cooper
http://www.wikidata.org/entity/Q82545,Sex Pistols,http://www.wikidata.org/entity/Q208767,The Stooges
http://www.wikidata.org/entity/Q82545,Sex Pistols,http://www.wikidata.org/entity/Q285966,Hawkwind
http://www.wikidata.org/entity/Q101505,Deep Purple,http://www.wikidata.org/entity/Q192474,Jeff Beck
http://www.wikidata.org/entity/Q82545,Sex Pistols,http://www.wikidata.org/entity/Q211770,T. Rex
http://www.wikidata.org/entity/Q82545,Sex Pistols,http://www.wikidata.org/entity/Q2095846,Pink Fairies
http://www.wikidata.org/entity/Q82545,Sex Pistols,http://www.wikidata.org/entity/Q2294322,The Modern Lovers
http://www.wikidata.org/entity/Q101505,Deep Purple,http://www.wikidata.org/entity/Q131422,The Animals
http://www.wikidata.org/entity/Q101505,Deep Purple,http://www.wikidata.org/entity/Q188713,The Kinks
http://www.wikidata.org/entity/Q101505,Deep Purple,http://www.wikidata.org/entity/Q1333939,Joe South
http://www.wikidata.org/entity/Q101505,Deep Purple,http://www.wikidata.org/entity/Q1380926,Screaming Lord Sutch
http://www.wikidata.org/entity/Q101505,Deep Purple,http://www.wikidata.org/entity/Q192725,The Yardbirds
http://www.wikidata.org/entity/Q101505,Deep Purple,http://www.wikidata.org/entity/Q211965,The Moody Blues
http://www.wikidata.org/entity/Q82545,Sex Pistols,http://www.wikidata.org/entity/Q691605,The Deviants
http://www.wikidata.org/entity/Q82545,Sex Pistols,http://www.wikidata.org/entity/Q928304,The Fugs
http://www.wikidata.org/entity/Q101505,Deep Purple,http://www.wikidata.org/entity/Q765243,Vanilla Fudge
http://www.wikidata.org/entity/Q101505,Deep Purple,http://www.wikidata.org/entity/Q743353,Iron Butterfly
http://www.wikidata.org/entity/Q82545,Sex Pistols,http://www.wikidata.org/entity/Q5969,Eddie Cochran
http://www.wikidata.org/entity/Q82545,Sex Pistols,http://www.wikidata.org/entity/Q5383,David Bowie
http://www.wikidata.org/entity/Q82545,Sex Pistols,http://www.wikidata.org/entity/Q5921,Chuck Berry
http://www.wikidata.org/entity/Q82545,Sex Pistols,http://www.wikidata.org/entity/Q11036,The Rolling Stones
http://www.wikidata.org/entity/Q101505,Deep Purple,http://www.wikidata.org/entity/Q2331,Led Zeppelin
http://www.wikidata.org/entity/Q101505,Deep Purple,http://www.wikidata.org/entity/Q1299,The Beatles
http://www.wikidata.org/entity/Q101505,Deep Purple,http://www.wikidata.org/entity/Q11036,The Rolling Stones
http://www.wikidata.org/entity/Q47871,Green Day,http://www.wikidata.org/entity/Q1068713,Cheap Trick
http://www.wikidata.org/entity/Q101505,Deep Purple,http://www.wikidata.org/entity/Q5928,Jimi Hendrix
http://www.wikidata.org/entity/Q47871,Green Day,http://www.wikidata.org/entity/Q1501348,The Undertones
http://www.wikidata.org/entity/Q47871,Green Day,http://www.wikidata.org/entity/Q1538935,Stiff Little Fingers
http://www.wikidata.org/entity/Q47871,Green Day,http://www.wikidata.org/entity/Q1889287,The Adverts
http://www.wikidata.org/entity/Q178095,The Police,http://www.wikidata.org/entity/Q310332,Smokey Robinson
http://www.wikidata.org/entity/Q382890,Oasis,http://www.wikidata.org/entity/Q93346,The Who
http://www.wikidata.org/entity/Q178095,The Police,http://www.wikidata.org/entity/Q334648,Roxy Music
http://www.wikidata.org/entity/Q205838,Bloc Party,http://www.wikidata.org/entity/Q484427,The Cure
http://www.wikidata.org/entity/Q142701,Pearl Jam,http://www.wikidata.org/entity/Q2331,Led Zeppelin
http://www.wikidata.org/entity/Q134969,R.E.M.,http://www.wikidata.org/entity/Q557,Patti Smith
http://www.wikidata.org/entity/Q142701,Pearl Jam,http://www.wikidata.org/entity/Q45354,The Doors
http://www.wikidata.org/entity/Q142701,Pearl Jam,http://www.wikidata.org/entity/Q633,Neil Young
http://www.wikidata.org/entity/Q142701,Pearl Jam,http://www.wikidata.org/entity/Q1299,The Beatles
http://www.wikidata.org/entity/Q142701,Pearl Jam,http://www.wikidata.org/entity/Q11895,Guns N' Roses
http://www.wikidata.org/entity/Q142701,Pearl Jam,http://www.wikidata.org/entity/Q10708,Red Hot Chili Peppers
http://www.wikidata.org/entity/Q142701,Pearl Jam,http://www.wikidata.org/entity/Q11036,The Rolling Stones
http://www.wikidata.org/entity/Q464476,Black Flag,http://www.wikidata.org/entity/Q124179,Kiss
http://www.wikidata.org/entity/Q464476,Black Flag,http://www.wikidata.org/entity/Q285108,Suicide
http://www.wikidata.org/entity/Q464476,Black Flag,http://www.wikidata.org/entity/Q1570087,X
http://www.wikidata.org/entity/Q464476,Black Flag,http://www.wikidata.org/entity/Q103550,The Velvet Underground
http://www.wikidata.org/entity/Q464476,Black Flag,http://www.wikidata.org/entity/Q1111770,Eater
http://www.wikidata.org/entity/Q382890,Oasis,http://www.wikidata.org/entity/Q188713,The Kinks
http://www.wikidata.org/entity/Q464476,Black Flag,http://www.wikidata.org/entity/Q702634,The Monks
http://www.wikidata.org/entity/Q464476,Black Flag,http://www.wikidata.org/entity/Q830316,MC5
http://www.wikidata.org/entity/Q464476,Black Flag,http://www.wikidata.org/entity/Q3697152,Crime
http://www.wikidata.org/entity/Q178095,The Police,http://www.wikidata.org/entity/Q845465,Toots and the Maytals
http://www.wikidata.org/entity/Q464476,Black Flag,http://www.wikidata.org/entity/Q125603,The Clash
http://www.wikidata.org/entity/Q464476,Black Flag,http://www.wikidata.org/entity/Q483407,Ramones
http://www.wikidata.org/entity/Q184217,The Smashing Pumpkins,http://www.wikidata.org/entity/Q2306,Pink Floyd
http://www.wikidata.org/entity/Q827788,Wisdom,http://www.wikidata.org/entity/Q42482,Iron Maiden
http://www.wikidata.org/entity/Q142701,Pearl Jam,http://www.wikidata.org/entity/Q5928,Jimi Hendrix
http://www.wikidata.org/entity/Q464476,Black Flag,http://www.wikidata.org/entity/Q208767,The Stooges
http://www.wikidata.org/entity/Q178095,The Police,http://www.wikidata.org/entity/Q5383,David Bowie
http://www.wikidata.org/entity/Q178095,The Police,http://www.wikidata.org/entity/Q1299,The Beatles
http://www.wikidata.org/entity/Q464476,Black Flag,http://www.wikidata.org/entity/Q202314,Thin Lizzy
http://www.wikidata.org/entity/Q178095,The Police,http://www.wikidata.org/entity/Q409,Bob Marley
http://www.wikidata.org/entity/Q483718,Foo Fighters,http://www.wikidata.org/entity/Q124179,Kiss
http://www.wikidata.org/entity/Q178095,The Police,http://www.wikidata.org/entity/Q714,Stevie Wonder
http://www.wikidata.org/entity/Q464476,Black Flag,http://www.wikidata.org/entity/Q82545,Sex Pistols
http://www.wikidata.org/entity/Q207472,Toto,http://www.wikidata.org/entity/Q896109,Boz Scaggs
http://www.wikidata.org/entity/Q134969,R.E.M.,http://www.wikidata.org/entity/Q103550,The Velvet Underground
http://www.wikidata.org/entity/Q134969,R.E.M.,http://www.wikidata.org/entity/Q774927,Horses
http://www.wikidata.org/entity/Q483718,Foo Fighters,http://www.wikidata.org/entity/Q206939,Elvis Costello
http://www.wikidata.org/entity/Q464476,Black Flag,http://www.wikidata.org/entity/Q3520624,The Dils
http://www.wikidata.org/entity/Q464476,Black Flag,http://www.wikidata.org/entity/Q3523343,The Weirdos
http://www.wikidata.org/entity/Q483718,Foo Fighters,http://www.wikidata.org/entity/Q188626,Sonic Youth
http://www.wikidata.org/entity/Q174817,Soundgarden,http://www.wikidata.org/entity/Q47670,Black Sabbath
http://www.wikidata.org/entity/Q483718,Foo Fighters,http://www.wikidata.org/entity/Q125603,The Clash
http://www.wikidata.org/entity/Q174817,Soundgarden,http://www.wikidata.org/entity/Q2331,Led Zeppelin
http://www.wikidata.org/entity/Q209956,Weezer,http://www.wikidata.org/entity/Q382890,Oasis
http://www.wikidata.org/entity/Q209956,Weezer,http://www.wikidata.org/entity/Q124179,Kiss
http://www.wikidata.org/entity/Q134969,R.E.M.,http://www.wikidata.org/entity/Q432372,Marquee Moon
http://www.wikidata.org/entity/Q483718,Foo Fighters,http://www.wikidata.org/entity/Q188464,Pixies
http://www.wikidata.org/entity/Q464476,Black Flag,http://www.wikidata.org/entity/Q939329,Buzzcocks
http://www.wikidata.org/entity/Q483718,Foo Fighters,http://www.wikidata.org/entity/Q180224,Lenny Kravitz
http://www.wikidata.org/entity/Q483718,Foo Fighters,http://www.wikidata.org/entity/Q202314,Thin Lizzy
http://www.wikidata.org/entity/Q209956,Weezer,http://www.wikidata.org/entity/Q188626,Sonic Youth
http://www.wikidata.org/entity/Q382890,Oasis,http://www.wikidata.org/entity/Q1299,The Beatles
http://www.wikidata.org/entity/Q178095,The Police,http://www.wikidata.org/entity/Q5928,Jimi Hendrix
http://www.wikidata.org/entity/Q483718,Foo Fighters,http://www.wikidata.org/entity/Q72608,Big Star
http://www.wikidata.org/entity/Q209956,Weezer,http://www.wikidata.org/entity/Q183048,The Beach Boys
http://www.wikidata.org/entity/Q207472,Toto,http://www.wikidata.org/entity/Q2331,Led Zeppelin
http://www.wikidata.org/entity/Q209956,Weezer,http://www.wikidata.org/entity/Q188464,Pixies
http://www.wikidata.org/entity/Q382890,Oasis,http://www.wikidata.org/entity/Q11036,The Rolling Stones
http://www.wikidata.org/entity/Q142701,Pearl Jam,http://www.wikidata.org/entity/Q600344,The Band
http://www.wikidata.org/entity/Q464476,Black Flag,http://www.wikidata.org/entity/Q959100,Sham 69
http://www.wikidata.org/entity/Q142701,Pearl Jam,http://www.wikidata.org/entity/Q2083578,Double Trouble
http://www.wikidata.org/entity/Q142701,Pearl Jam,http://www.wikidata.org/entity/Q203736,Cream
http://www.wikidata.org/entity/Q142701,Pearl Jam,http://www.wikidata.org/entity/Q93346,The Who
http://www.wikidata.org/entity/Q142701,Pearl Jam,http://www.wikidata.org/entity/Q830316,MC5
http://www.wikidata.org/entity/Q207472,Toto,http://www.wikidata.org/entity/Q11036,The Rolling Stones
http://www.wikidata.org/entity/Q209956,Weezer,http://www.wikidata.org/entity/Q1969654,Wax
http://www.wikidata.org/entity/Q134969,R.E.M.,http://www.wikidata.org/entity/Q449140,Roger McGuinn
http://www.wikidata.org/entity/Q378948,Fields of the Nephilim,http://www.wikidata.org/entity/Q751814,The Sisters of Mercy
http://www.wikidata.org/entity/Q464476,Black Flag,http://www.wikidata.org/entity/Q47670,Black Sabbath
http://www.wikidata.org/entity/Q464476,Black Flag,http://www.wikidata.org/entity/Q45354,The Doors
http://www.wikidata.org/entity/Q134969,R.E.M.,http://www.wikidata.org/entity/Q943253,The Troggs
http://www.wikidata.org/entity/Q174817,Soundgarden,http://www.wikidata.org/entity/Q5928,Jimi Hendrix
http://www.wikidata.org/entity/Q142701,Pearl Jam,http://www.wikidata.org/entity/Q125603,The Clash
http://www.wikidata.org/entity/Q142701,Pearl Jam,http://www.wikidata.org/entity/Q622944,Dinosaur Jr.
http://www.wikidata.org/entity/Q142701,Pearl Jam,http://www.wikidata.org/entity/Q1180791,The Dead Boys
http://www.wikidata.org/entity/Q142701,Pearl Jam,http://www.wikidata.org/entity/Q1364766,Minutemen
http://www.wikidata.org/entity/Q142701,Pearl Jam,http://www.wikidata.org/entity/Q486688,Mötley Crüe
http://www.wikidata.org/entity/Q142701,Pearl Jam,http://www.wikidata.org/entity/Q126826,Aerosmith
http://www.wikidata.org/entity/Q142701,Pearl Jam,http://www.wikidata.org/entity/Q134969,R.E.M.
http://www.wikidata.org/entity/Q142701,Pearl Jam,http://www.wikidata.org/entity/Q192463,Creedence Clearwater Revival
http://www.wikidata.org/entity/Q142701,Pearl Jam,http://www.wikidata.org/entity/Q208767,The Stooges
http://www.wikidata.org/entity/Q142701,Pearl Jam,http://www.wikidata.org/entity/Q202314,Thin Lizzy
http://www.wikidata.org/entity/Q142701,Pearl Jam,http://www.wikidata.org/entity/Q331016,Blue Öyster Cult
http://www.wikidata.org/entity/Q483718,Foo Fighters,http://www.wikidata.org/entity/Q47670,Black Sabbath
http://www.wikidata.org/entity/Q483718,Foo Fighters,http://www.wikidata.org/entity/Q1299,The Beatles
http://www.wikidata.org/entity/Q178095,The Police,http://www.wikidata.org/entity/Q109063,Jimmy Cliff
http://www.wikidata.org/entity/Q483718,Foo Fighters,http://www.wikidata.org/entity/Q11895,Guns N' Roses
http://www.wikidata.org/entity/Q178095,The Police,http://www.wikidata.org/entity/Q1120697,Weather Report
http://www.wikidata.org/entity/Q178095,The Police,http://www.wikidata.org/entity/Q125603,The Clash
http://www.wikidata.org/entity/Q837141,The Emotions,http://www.wikidata.org/entity/Q28974,"Earth, Wind & Fire"
http://www.wikidata.org/entity/Q483718,Foo Fighters,http://www.wikidata.org/entity/Q27593,AC/DC
http://www.wikidata.org/entity/Q142701,Pearl Jam,http://www.wikidata.org/entity/Q81509,Minor Threat
http://www.wikidata.org/entity/Q217360,Florence + the Machine,http://www.wikidata.org/entity/Q636,Kate Bush
http://www.wikidata.org/entity/Q209956,Weezer,http://www.wikidata.org/entity/Q11649,Nirvana
http://www.wikidata.org/entity/Q142701,Pearl Jam,http://www.wikidata.org/entity/Q862223,Hüsker Dü
http://www.wikidata.org/entity/Q178095,The Police,http://www.wikidata.org/entity/Q189758,Marvin Gaye
http://www.wikidata.org/entity/Q178095,The Police,http://www.wikidata.org/entity/Q203185,Robert Fripp
http://www.wikidata.org/entity/Q178095,The Police,http://www.wikidata.org/entity/Q82545,Sex Pistols
http://www.wikidata.org/entity/Q485039,Deftones,http://www.wikidata.org/entity/Q47670,Black Sabbath
http://www.wikidata.org/entity/Q485039,Deftones,http://www.wikidata.org/entity/Q2331,Led Zeppelin
http://www.wikidata.org/entity/Q669033,Fiction Plane,http://www.wikidata.org/entity/Q134449265,Junior Toots
http://www.wikidata.org/entity/Q485039,Deftones,http://www.wikidata.org/entity/Q11895,Guns N' Roses
http://www.wikidata.org/entity/Q669033,Fiction Plane,http://www.wikidata.org/entity/Q178095,The Police
http://www.wikidata.org/entity/Q483802,Nickelback,http://www.wikidata.org/entity/Q203871,Rush
http://www.wikidata.org/entity/Q483802,Nickelback,http://www.wikidata.org/entity/Q1428953,Tesla
http://www.wikidata.org/entity/Q483802,Nickelback,http://www.wikidata.org/entity/Q184827,Tool
http://www.wikidata.org/entity/Q483802,Nickelback,http://www.wikidata.org/entity/Q1849053,Triumph
http://www.wikidata.org/entity/Q483802,Nickelback,http://www.wikidata.org/entity/Q1335689,White Lion
http://www.wikidata.org/entity/Q485039,Deftones,http://www.wikidata.org/entity/Q15920,Metallica
http://www.wikidata.org/entity/Q669033,Fiction Plane,http://www.wikidata.org/entity/Q199418,Ziggy Marley
http://www.wikidata.org/entity/Q669033,Fiction Plane,http://www.wikidata.org/entity/Q2349474,Cibo Matto
http://www.wikidata.org/entity/Q673364,Obrint Pas,http://www.wikidata.org/entity/Q762674,Negu Gorriak
http://www.wikidata.org/entity/Q669033,Fiction Plane,http://www.wikidata.org/entity/Q334648,Roxy Music
http://www.wikidata.org/entity/Q485039,Deftones,http://www.wikidata.org/entity/Q19697,Motörhead
http://www.wikidata.org/entity/Q483802,Nickelback,http://www.wikidata.org/entity/Q142701,Pearl Jam
http://www.wikidata.org/entity/Q669033,Fiction Plane,http://www.wikidata.org/entity/Q435398,Eagle-Eye Cherry
http://www.wikidata.org/entity/Q483802,Nickelback,http://www.wikidata.org/entity/Q192463,Creedence Clearwater Revival
http://www.wikidata.org/entity/Q483718,Foo Fighters,http://www.wikidata.org/entity/Q1428959,Flipper
http://www.wikidata.org/entity/Q483802,Nickelback,http://www.wikidata.org/entity/Q174817,Soundgarden
http://www.wikidata.org/entity/Q483718,Foo Fighters,http://www.wikidata.org/entity/Q2667568,Girls Against Boys
http://www.wikidata.org/entity/Q483718,Foo Fighters,http://www.wikidata.org/entity/Q464476,Black Flag
http://www.wikidata.org/entity/Q483802,Nickelback,http://www.wikidata.org/entity/Q190155,Van Halen
http://www.wikidata.org/entity/Q483718,Foo Fighters,http://www.wikidata.org/entity/Q250421,Killing Joke
http://www.wikidata.org/entity/Q483718,Foo Fighters,http://www.wikidata.org/entity/Q1068713,Cheap Trick
http://www.wikidata.org/entity/Q669033,Fiction Plane,http://www.wikidata.org/entity/Q677115,The Slits
http://www.wikidata.org/entity/Q485039,Deftones,http://www.wikidata.org/entity/Q44190,Radiohead
http://www.wikidata.org/entity/Q483718,Foo Fighters,http://www.wikidata.org/entity/Q277865,Fugazi
http://www.wikidata.org/entity/Q483718,Foo Fighters,http://www.wikidata.org/entity/Q858388,The Cars
http://www.wikidata.org/entity/Q483802,Nickelback,http://www.wikidata.org/entity/Q484255,Alice in Chains
http://www.wikidata.org/entity/Q669033,Fiction Plane,http://www.wikidata.org/entity/Q28064794,Keita Morris
http://www.wikidata.org/entity/Q483718,Foo Fighters,http://www.wikidata.org/entity/Q1411035,Screaming Trees
http://www.wikidata.org/entity/Q483718,Foo Fighters,http://www.wikidata.org/entity/Q208767,The Stooges
http://www.wikidata.org/entity/Q483718,Foo Fighters,http://www.wikidata.org/entity/Q898820,Mudhoney
http://www.wikidata.org/entity/Q483718,Foo Fighters,http://www.wikidata.org/entity/Q1850698,The Germs
http://www.wikidata.org/entity/Q483718,Foo Fighters,http://www.wikidata.org/entity/Q1889932,Wipers
http://www.wikidata.org/entity/Q669033,Fiction Plane,http://www.wikidata.org/entity/Q5383,David Bowie
http://www.wikidata.org/entity/Q483802,Nickelback,http://www.wikidata.org/entity/Q83431,Megadeth
http://www.wikidata.org/entity/Q669033,Fiction Plane,http://www.wikidata.org/entity/Q11649,Nirvana
http://www.wikidata.org/entity/Q483718,Foo Fighters,http://www.wikidata.org/entity/Q916461,The Jam
http://www.wikidata.org/entity/Q483718,Foo Fighters,http://www.wikidata.org/entity/Q526406,Ric Ocasek
http://www.wikidata.org/entity/Q485039,Deftones,http://www.wikidata.org/entity/Q841042,My Bloody Valentine
http://www.wikidata.org/entity/Q485039,Deftones,http://www.wikidata.org/entity/Q484427,The Cure
http://www.wikidata.org/entity/Q485039,Deftones,http://www.wikidata.org/entity/Q622947,Jane's Addiction
http://www.wikidata.org/entity/Q485039,Deftones,http://www.wikidata.org/entity/Q184827,Tool
http://www.wikidata.org/entity/Q483718,Foo Fighters,http://www.wikidata.org/entity/Q4991503,Kyuss
http://www.wikidata.org/entity/Q483802,Nickelback,http://www.wikidata.org/entity/Q47670,Black Sabbath
http://www.wikidata.org/entity/Q483802,Nickelback,http://www.wikidata.org/entity/Q2331,Led Zeppelin
http://www.wikidata.org/entity/Q485039,Deftones,http://www.wikidata.org/entity/Q180880,Pantera
http://www.wikidata.org/entity/Q483802,Nickelback,http://www.wikidata.org/entity/Q633,Neil Young
http://www.wikidata.org/entity/Q485039,Deftones,http://www.wikidata.org/entity/Q728559,Quicksand
http://www.wikidata.org/entity/Q485039,Deftones,http://www.wikidata.org/entity/Q2839847,Hum
http://www.wikidata.org/entity/Q483802,Nickelback,http://www.wikidata.org/entity/Q11895,Guns N' Roses
http://www.wikidata.org/entity/Q483802,Nickelback,http://www.wikidata.org/entity/Q11649,Nirvana
http://www.wikidata.org/entity/Q483802,Nickelback,http://www.wikidata.org/entity/Q409,Bob Marley
http://www.wikidata.org/entity/Q483802,Nickelback,http://www.wikidata.org/entity/Q396,U2
http://www.wikidata.org/entity/Q483802,Nickelback,http://www.wikidata.org/entity/Q10708,Red Hot Chili Peppers
http://www.wikidata.org/entity/Q669033,Fiction Plane,http://www.wikidata.org/entity/Q18852,Lostprophets
http://www.wikidata.org/entity/Q485039,Deftones,http://www.wikidata.org/entity/Q72092,Rage Against the Machine
http://www.wikidata.org/entity/Q483718,Foo Fighters,http://www.wikidata.org/entity/Q862223,Hüsker Dü
http://www.wikidata.org/entity/Q485039,Deftones,http://www.wikidata.org/entity/Q1147061,Mr. Bungle
http://www.wikidata.org/entity/Q483802,Nickelback,http://www.wikidata.org/entity/Q15920,Metallica
http://www.wikidata.org/entity/Q485039,Deftones,http://www.wikidata.org/entity/Q798671,Bad Brains
http://www.wikidata.org/entity/Q485039,Deftones,http://www.wikidata.org/entity/Q174817,Soundgarden
http://www.wikidata.org/entity/Q485039,Deftones,http://www.wikidata.org/entity/Q180598,The Smiths
http://www.wikidata.org/entity/Q483802,Nickelback,http://www.wikidata.org/entity/Q19697,Motörhead
http://www.wikidata.org/entity/Q844579,Quarteto em Cy,http://www.wikidata.org/entity/Q1046768,música popular brasileira
http://www.wikidata.org/entity/Q669033,Fiction Plane,http://www.wikidata.org/entity/Q65996381,Nabiyah Be
http://www.wikidata.org/entity/Q485039,Deftones,http://www.wikidata.org/entity/Q320499,Faith No More
http://www.wikidata.org/entity/Q617627,Spock's Beard,http://www.wikidata.org/entity/Q184386,Yes
http://www.wikidata.org/entity/Q485039,Deftones,http://www.wikidata.org/entity/Q482964,Depeche Mode
http://www.wikidata.org/entity/Q485039,Deftones,http://www.wikidata.org/entity/Q484255,Alice in Chains
http://www.wikidata.org/entity/Q485039,Deftones,http://www.wikidata.org/entity/Q588820,Cocteau Twins
http://www.wikidata.org/entity/Q669033,Fiction Plane,http://www.wikidata.org/entity/Q119141332,Marvin Gaye III
http://www.wikidata.org/entity/Q673364,Obrint Pas,http://www.wikidata.org/entity/Q1549224,Kortatu
http://www.wikidata.org/entity/Q730046,Goo Goo Dolls,http://www.wikidata.org/entity/Q862223,Hüsker Dü
http://www.wikidata.org/entity/Q730046,Goo Goo Dolls,http://www.wikidata.org/entity/Q7754196,The Nils
http://www.wikidata.org/entity/Q740434,Smash Mouth,http://www.wikidata.org/entity/Q303,Elvis Presley
http://www.wikidata.org/entity/Q740434,Smash Mouth,http://www.wikidata.org/entity/Q43259,No Doubt
http://www.wikidata.org/entity/Q725469,Stone Sour,http://www.wikidata.org/entity/Q15920,Metallica
http://www.wikidata.org/entity/Q673364,Obrint Pas,http://www.wikidata.org/entity/Q2306388,Al Tall
http://www.wikidata.org/entity/Q730046,Goo Goo Dolls,http://www.wikidata.org/entity/Q633,Neil Young
http://www.wikidata.org/entity/Q730046,Goo Goo Dolls,http://www.wikidata.org/entity/Q1299,The Beatles
http://www.wikidata.org/entity/Q673364,Obrint Pas,http://www.wikidata.org/entity/Q806241,Banda Bassotti
http://www.wikidata.org/entity/Q740434,Smash Mouth,http://www.wikidata.org/entity/Q47871,Green Day
http://www.wikidata.org/entity/Q673364,Obrint Pas,http://www.wikidata.org/entity/Q4894861,Companyia Elèctrica Dharma
http://www.wikidata.org/entity/Q741801,Sevendust,http://www.wikidata.org/entity/Q11649,Nirvana
http://www.wikidata.org/entity/Q741801,Sevendust,http://www.wikidata.org/entity/Q15920,Metallica
http://www.wikidata.org/entity/Q740434,Smash Mouth,http://www.wikidata.org/entity/Q315417,"Lee ""Scratch"" Perry"
http://www.wikidata.org/entity/Q740434,Smash Mouth,http://www.wikidata.org/entity/Q1064319,Goldfinger
http://www.wikidata.org/entity/Q740434,Smash Mouth,http://www.wikidata.org/entity/Q2295871,War
http://www.wikidata.org/entity/Q740434,Smash Mouth,http://www.wikidata.org/entity/Q745741,Madness
http://www.wikidata.org/entity/Q740434,Smash Mouth,http://www.wikidata.org/entity/Q464036,The Monkees
http://www.wikidata.org/entity/Q740434,Smash Mouth,http://www.wikidata.org/entity/Q962103,Joe Jackson
http://www.wikidata.org/entity/Q740434,Smash Mouth,http://www.wikidata.org/entity/Q1163207,The Zombies
http://www.wikidata.org/entity/Q740434,Smash Mouth,http://www.wikidata.org/entity/Q206939,Elvis Costello
http://www.wikidata.org/entity/Q740434,Smash Mouth,http://www.wikidata.org/entity/Q752410,House of Pain
http://www.wikidata.org/entity/Q725469,Stone Sour,http://www.wikidata.org/entity/Q1428953,Tesla
http://www.wikidata.org/entity/Q740434,Smash Mouth,http://www.wikidata.org/entity/Q213793,Phil Spector
http://www.wikidata.org/entity/Q740434,Smash Mouth,http://www.wikidata.org/entity/Q125603,The Clash
http://www.wikidata.org/entity/Q740434,Smash Mouth,http://www.wikidata.org/entity/Q902881,Fishbone
http://www.wikidata.org/entity/Q740434,Smash Mouth,http://www.wikidata.org/entity/Q1155385,Third Eye Blind
http://www.wikidata.org/entity/Q740434,Smash Mouth,http://www.wikidata.org/entity/Q183048,The Beach Boys
http://www.wikidata.org/entity/Q740434,Smash Mouth,http://www.wikidata.org/entity/Q575400,Sugar Ray
http://www.wikidata.org/entity/Q740434,Smash Mouth,http://www.wikidata.org/entity/Q483407,Ramones
http://www.wikidata.org/entity/Q740434,Smash Mouth,http://www.wikidata.org/entity/Q188464,Pixies
http://www.wikidata.org/entity/Q740434,Smash Mouth,http://www.wikidata.org/entity/Q2165980,The Beat
http://www.wikidata.org/entity/Q740434,Smash Mouth,http://www.wikidata.org/entity/Q188713,The Kinks
http://www.wikidata.org/entity/Q740434,Smash Mouth,http://www.wikidata.org/entity/Q489801,INXS
http://www.wikidata.org/entity/Q740434,Smash Mouth,http://www.wikidata.org/entity/Q190155,Van Halen
http://www.wikidata.org/entity/Q740434,Smash Mouth,http://www.wikidata.org/entity/Q360484,Adolescents
http://www.wikidata.org/entity/Q740434,Smash Mouth,http://www.wikidata.org/entity/Q1887722,? and the Mysterians
http://www.wikidata.org/entity/Q740434,Smash Mouth,http://www.wikidata.org/entity/Q214039,Beastie Boys
http://www.wikidata.org/entity/Q740434,Smash Mouth,http://www.wikidata.org/entity/Q73437,Billy Idol
http://www.wikidata.org/entity/Q730046,Goo Goo Dolls,http://www.wikidata.org/entity/Q1066024,The Replacements
http://www.wikidata.org/entity/Q740434,Smash Mouth,http://www.wikidata.org/entity/Q2142320,The Seeds
http://www.wikidata.org/entity/Q730046,Goo Goo Dolls,http://www.wikidata.org/entity/Q311655,Tom Petty
http://www.wikidata.org/entity/Q730046,Goo Goo Dolls,http://www.wikidata.org/entity/Q464476,Black Flag
http://www.wikidata.org/entity/Q725469,Stone Sour,http://www.wikidata.org/entity/Q174817,Soundgarden
http://www.wikidata.org/entity/Q730046,Goo Goo Dolls,http://www.wikidata.org/entity/Q1068713,Cheap Trick
http://www.wikidata.org/entity/Q740434,Smash Mouth,http://www.wikidata.org/entity/Q346785,Dick Dale
http://www.wikidata.org/entity/Q725469,Stone Sour,http://www.wikidata.org/entity/Q485039,Deftones
http://www.wikidata.org/entity/Q741801,Sevendust,http://www.wikidata.org/entity/Q740623,White Zombie
http://www.wikidata.org/entity/Q730046,Goo Goo Dolls,http://www.wikidata.org/entity/Q622944,Dinosaur Jr.
http://www.wikidata.org/entity/Q725469,Stone Sour,http://www.wikidata.org/entity/Q329270,Stone Temple Pilots
http://www.wikidata.org/entity/Q741801,Sevendust,http://www.wikidata.org/entity/Q180880,Pantera
http://www.wikidata.org/entity/Q730046,Goo Goo Dolls,http://www.wikidata.org/entity/Q483407,Ramones
http://www.wikidata.org/entity/Q741801,Sevendust,http://www.wikidata.org/entity/Q425772,Ministry
http://www.wikidata.org/entity/Q730046,Goo Goo Dolls,http://www.wikidata.org/entity/Q134969,R.E.M.
http://www.wikidata.org/entity/Q741801,Sevendust,http://www.wikidata.org/entity/Q109871,Anthrax
http://www.wikidata.org/entity/Q725469,Stone Sour,http://www.wikidata.org/entity/Q484255,Alice in Chains
http://www.wikidata.org/entity/Q730046,Goo Goo Dolls,http://www.wikidata.org/entity/Q166006,The Lemonheads
http://www.wikidata.org/entity/Q741801,Sevendust,http://www.wikidata.org/entity/Q72092,Rage Against the Machine
http://www.wikidata.org/entity/Q741801,Sevendust,http://www.wikidata.org/entity/Q272239,Twisted Sister
http://www.wikidata.org/entity/Q740434,Smash Mouth,http://www.wikidata.org/entity/Q939329,Buzzcocks
http://www.wikidata.org/entity/Q730046,Goo Goo Dolls,http://www.wikidata.org/entity/Q2576798,Superchunk
http://www.wikidata.org/entity/Q740434,Smash Mouth,http://www.wikidata.org/entity/Q7169608,Perrey and Kingsley
http://www.wikidata.org/entity/Q741801,Sevendust,http://www.wikidata.org/entity/Q798671,Bad Brains
http://www.wikidata.org/entity/Q730046,Goo Goo Dolls,http://www.wikidata.org/entity/Q465198,The Plimsouls
http://www.wikidata.org/entity/Q741801,Sevendust,http://www.wikidata.org/entity/Q1478077,Living Colour
http://www.wikidata.org/entity/Q730046,Goo Goo Dolls,http://www.wikidata.org/entity/Q512312,Soul Asylum
http://www.wikidata.org/entity/Q740434,Smash Mouth,http://www.wikidata.org/entity/Q19057,The Specials
http://www.wikidata.org/entity/Q740434,Smash Mouth,http://www.wikidata.org/entity/Q1299,The Beatles
http://www.wikidata.org/entity/Q741801,Sevendust,http://www.wikidata.org/entity/Q320499,Faith No More
http://www.wikidata.org/entity/Q740434,Smash Mouth,http://www.wikidata.org/entity/Q409,Bob Marley
http://www.wikidata.org/entity/Q740434,Smash Mouth,http://www.wikidata.org/entity/Q10708,Red Hot Chili Peppers
http://www.wikidata.org/entity/Q1512507,You Me at Six,http://www.wikidata.org/entity/Q482477,Blink-182
http://www.wikidata.org/entity/Q1549224,Kortatu,http://www.wikidata.org/entity/Q2165980,The Beat
http://www.wikidata.org/entity/Q841514,Tonic,http://www.wikidata.org/entity/Q311655,Tom Petty
http://www.wikidata.org/entity/Q841514,Tonic,http://www.wikidata.org/entity/Q1068713,Cheap Trick
http://www.wikidata.org/entity/Q1068713,Cheap Trick,http://www.wikidata.org/entity/Q124179,Kiss
http://www.wikidata.org/entity/Q1777698,Evanescence,http://www.wikidata.org/entity/Q42455,Björk
http://www.wikidata.org/entity/Q1068713,Cheap Trick,http://www.wikidata.org/entity/Q103550,The Velvet Underground
http://www.wikidata.org/entity/Q1068713,Cheap Trick,http://www.wikidata.org/entity/Q93346,The Who
http://www.wikidata.org/entity/Q1068713,Cheap Trick,http://www.wikidata.org/entity/Q666001,Terry Reid
http://www.wikidata.org/entity/Q845790,Lifehouse,http://www.wikidata.org/entity/Q489293,The Call
http://www.wikidata.org/entity/Q845790,Lifehouse,http://www.wikidata.org/entity/Q308816,Creed
http://www.wikidata.org/entity/Q841514,Tonic,http://www.wikidata.org/entity/Q631948,Cracker
http://www.wikidata.org/entity/Q1068713,Cheap Trick,http://www.wikidata.org/entity/Q2715339,Raspberries
http://www.wikidata.org/entity/Q841514,Tonic,http://www.wikidata.org/entity/Q178095,The Police
http://www.wikidata.org/entity/Q1777698,Evanescence,http://www.wikidata.org/entity/Q15920,Metallica
http://www.wikidata.org/entity/Q845790,Lifehouse,http://www.wikidata.org/entity/Q310300,James Taylor
http://www.wikidata.org/entity/Q1777698,Evanescence,http://www.wikidata.org/entity/Q11647,Nine Inch Nails
http://www.wikidata.org/entity/Q1068713,Cheap Trick,http://www.wikidata.org/entity/Q1126287,Mott the Hoople
http://www.wikidata.org/entity/Q1068713,Cheap Trick,http://www.wikidata.org/entity/Q1133828,The Move
http://www.wikidata.org/entity/Q841514,Tonic,http://www.wikidata.org/entity/Q178549,Counting Crows
http://www.wikidata.org/entity/Q1068713,Cheap Trick,http://www.wikidata.org/entity/Q1346522,Nazz
http://www.wikidata.org/entity/Q841514,Tonic,http://www.wikidata.org/entity/Q180598,The Smiths
http://www.wikidata.org/entity/Q841514,Tonic,http://www.wikidata.org/entity/Q202314,Thin Lizzy
http://www.wikidata.org/entity/Q1068713,Cheap Trick,http://www.wikidata.org/entity/Q426015,Wizzard
http://www.wikidata.org/entity/Q841514,Tonic,http://www.wikidata.org/entity/Q205721,Joni Mitchell
http://www.wikidata.org/entity/Q1068713,Cheap Trick,http://www.wikidata.org/entity/Q183048,The Beach Boys
http://www.wikidata.org/entity/Q1002101,Buffalo Tom,http://www.wikidata.org/entity/Q633,Neil Young
http://www.wikidata.org/entity/Q1549224,Kortatu,http://www.wikidata.org/entity/Q845465,Toots and the Maytals
http://www.wikidata.org/entity/Q1068713,Cheap Trick,http://www.wikidata.org/entity/Q188713,The Kinks
http://www.wikidata.org/entity/Q1068713,Cheap Trick,http://www.wikidata.org/entity/Q208767,The Stooges
http://www.wikidata.org/entity/Q841514,Tonic,http://www.wikidata.org/entity/Q593366,Collective Soul
http://www.wikidata.org/entity/Q1068713,Cheap Trick,http://www.wikidata.org/entity/Q192725,The Yardbirds
http://www.wikidata.org/entity/Q845790,Lifehouse,http://www.wikidata.org/entity/Q142701,Pearl Jam
http://www.wikidata.org/entity/Q1068713,Cheap Trick,http://www.wikidata.org/entity/Q211770,T. Rex
http://www.wikidata.org/entity/Q841514,Tonic,http://www.wikidata.org/entity/Q916461,The Jam
http://www.wikidata.org/entity/Q1068713,Cheap Trick,http://www.wikidata.org/entity/Q72608,Big Star
http://www.wikidata.org/entity/Q1068713,Cheap Trick,http://www.wikidata.org/entity/Q82545,Sex Pistols
http://www.wikidata.org/entity/Q845790,Lifehouse,http://www.wikidata.org/entity/Q184217,The Smashing Pumpkins
http://www.wikidata.org/entity/Q841514,Tonic,http://www.wikidata.org/entity/Q512312,Soul Asylum
http://www.wikidata.org/entity/Q845790,Lifehouse,http://www.wikidata.org/entity/Q210428,Elliott Smith
http://www.wikidata.org/entity/Q841514,Tonic,http://www.wikidata.org/entity/Q665979,Reel Big Fish
http://www.wikidata.org/entity/Q1068713,Cheap Trick,http://www.wikidata.org/entity/Q798993,Badfinger
http://www.wikidata.org/entity/Q1068713,Cheap Trick,http://www.wikidata.org/entity/Q918484,Roy Wood
http://www.wikidata.org/entity/Q841514,Tonic,http://www.wikidata.org/entity/Q154216,Cat Stevens
http://www.wikidata.org/entity/Q841514,Tonic,http://www.wikidata.org/entity/Q2331,Led Zeppelin
http://www.wikidata.org/entity/Q841514,Tonic,http://www.wikidata.org/entity/Q392,Bob Dylan
http://www.wikidata.org/entity/Q841514,Tonic,http://www.wikidata.org/entity/Q1299,The Beatles
http://www.wikidata.org/entity/Q841514,Tonic,http://www.wikidata.org/entity/Q45650,Free
http://www.wikidata.org/entity/Q841514,Tonic,http://www.wikidata.org/entity/Q2808,Elton John
http://www.wikidata.org/entity/Q1777698,Evanescence,http://www.wikidata.org/entity/Q191352,Portishead
http://www.wikidata.org/entity/Q1068713,Cheap Trick,http://www.wikidata.org/entity/Q2331,Led Zeppelin
http://www.wikidata.org/entity/Q1068713,Cheap Trick,http://www.wikidata.org/entity/Q45354,The Doors
http://www.wikidata.org/entity/Q1068713,Cheap Trick,http://www.wikidata.org/entity/Q1299,The Beatles
http://www.wikidata.org/entity/Q1777698,Evanescence,http://www.wikidata.org/entity/Q180880,Pantera
http://www.wikidata.org/entity/Q1777698,Evanescence,http://www.wikidata.org/entity/Q485673,Garbage
http://www.wikidata.org/entity/Q1777698,Evanescence,http://www.wikidata.org/entity/Q80304,Korn
http://www.wikidata.org/entity/Q841514,Tonic,http://www.wikidata.org/entity/Q1225,Bruce Springsteen
http://www.wikidata.org/entity/Q845790,Lifehouse,http://www.wikidata.org/entity/Q1299,The Beatles
http://www.wikidata.org/entity/Q1068713,Cheap Trick,http://www.wikidata.org/entity/Q11036,The Rolling Stones
http://www.wikidata.org/entity/Q845790,Lifehouse,http://www.wikidata.org/entity/Q4028,Paul Simon
http://www.wikidata.org/entity/Q845790,Lifehouse,http://www.wikidata.org/entity/Q11649,Nirvana
http://www.wikidata.org/entity/Q845790,Lifehouse,http://www.wikidata.org/entity/Q396,U2
http://www.wikidata.org/entity/Q841514,Tonic,http://www.wikidata.org/entity/Q2306,Pink Floyd
http://www.wikidata.org/entity/Q1777698,Evanescence,http://www.wikidata.org/entity/Q174817,Soundgarden
http://www.wikidata.org/entity/Q1777698,Evanescence,http://www.wikidata.org/entity/Q184217,The Smashing Pumpkins
http://www.wikidata.org/entity/Q1777698,Evanescence,http://www.wikidata.org/entity/Q193744,Tori Amos
http://www.wikidata.org/entity/Q1777698,Evanescence,http://www.wikidata.org/entity/Q2300681,Veruca Salt
http://www.wikidata.org/entity/Q1777698,Evanescence,http://www.wikidata.org/entity/Q300519,A Perfect Circle
http://www.wikidata.org/entity/Q826255,Suede,http://www.wikidata.org/entity/Q82545,Sex Pistols
http://www.wikidata.org/entity/Q1777698,Evanescence,http://www.wikidata.org/entity/Q357418,Massive Attack
http://www.wikidata.org/entity/Q1549224,Kortatu,http://www.wikidata.org/entity/Q1751483,The Business
http://www.wikidata.org/entity/Q1777698,Evanescence,http://www.wikidata.org/entity/Q482964,Depeche Mode
http://www.wikidata.org/entity/Q1514140,Mayday Parade,http://www.wikidata.org/entity/Q214237,The All-American Rejects
http://www.wikidata.org/entity/Q1549224,Kortatu,http://www.wikidata.org/entity/Q125603,The Clash
http://www.wikidata.org/entity/Q916973,Funeral for a Friend,http://www.wikidata.org/entity/Q6416936,Kiss It Goodbye
http://www.wikidata.org/entity/Q918511,Scandal,http://www.wikidata.org/entity/Q10708,Red Hot Chili Peppers
http://www.wikidata.org/entity/Q914489,Magma,http://www.wikidata.org/entity/Q1339,Johann Sebastian Bach
http://www.wikidata.org/entity/Q918511,Scandal,http://www.wikidata.org/entity/Q26876,Taylor Swift
http://www.wikidata.org/entity/Q916973,Funeral for a Friend,http://www.wikidata.org/entity/Q939139,Poison the Well
http://www.wikidata.org/entity/Q895463,Bowling for Soup,http://www.wikidata.org/entity/Q19057,The Specials
http://www.wikidata.org/entity/Q924993,The Orb,http://www.wikidata.org/entity/Q2306,Pink Floyd
http://www.wikidata.org/entity/Q925481,Planet Funk,http://www.wikidata.org/entity/Q714,Stevie Wonder
http://www.wikidata.org/entity/Q916973,Funeral for a Friend,http://www.wikidata.org/entity/Q42482,Iron Maiden
http://www.wikidata.org/entity/Q918511,Scandal,http://www.wikidata.org/entity/Q47871,Green Day
http://www.wikidata.org/entity/Q914489,Magma,http://www.wikidata.org/entity/Q44086,Carl Orff
http://www.wikidata.org/entity/Q925481,Planet Funk,http://www.wikidata.org/entity/Q2306,Pink Floyd
http://www.wikidata.org/entity/Q914489,Magma,http://www.wikidata.org/entity/Q7346,John Coltrane
http://www.wikidata.org/entity/Q895463,Bowling for Soup,http://www.wikidata.org/entity/Q47871,Green Day
http://www.wikidata.org/entity/Q918511,Scandal,http://www.wikidata.org/entity/Q124179,Kiss
http://www.wikidata.org/entity/Q918511,Scandal,http://www.wikidata.org/entity/Q160009,Pink
http://www.wikidata.org/entity/Q918511,Scandal,http://www.wikidata.org/entity/Q483718,Foo Fighters
http://www.wikidata.org/entity/Q918511,Scandal,http://www.wikidata.org/entity/Q10863741,Za Bon
http://www.wikidata.org/entity/Q908712,The Black Dahlia Murder,http://www.wikidata.org/entity/Q485231,Cannibal Corpse
http://www.wikidata.org/entity/Q908712,The Black Dahlia Murder,http://www.wikidata.org/entity/Q283835,Carcass
http://www.wikidata.org/entity/Q916973,Funeral for a Friend,http://www.wikidata.org/entity/Q1433169,Thursday
http://www.wikidata.org/entity/Q918511,Scandal,http://www.wikidata.org/entity/Q473466,Paramore
http://www.wikidata.org/entity/Q925481,Planet Funk,http://www.wikidata.org/entity/Q214990,New Order
http://www.wikidata.org/entity/Q925481,Planet Funk,http://www.wikidata.org/entity/Q849429,Underworld
http://www.wikidata.org/entity/Q918511,Scandal,http://www.wikidata.org/entity/Q182223,Maroon 5
http://www.wikidata.org/entity/Q895463,Bowling for Soup,http://www.wikidata.org/entity/Q209956,Weezer
http://www.wikidata.org/entity/Q5660219,Agua Bendita,http://www.wikidata.org/entity/Q125603,The Clash
http://www.wikidata.org/entity/Q895463,Bowling for Soup,http://www.wikidata.org/entity/Q1134615,Violent Femmes
http://www.wikidata.org/entity/Q5660219,Agua Bendita,http://www.wikidata.org/entity/Q1549224,Kortatu
http://www.wikidata.org/entity/Q895463,Bowling for Soup,http://www.wikidata.org/entity/Q858388,The Cars
http://www.wikidata.org/entity/Q895463,Bowling for Soup,http://www.wikidata.org/entity/Q486688,Mötley Crüe
http://www.wikidata.org/entity/Q895463,Bowling for Soup,http://www.wikidata.org/entity/Q483407,Ramones
http://www.wikidata.org/entity/Q925481,Planet Funk,http://www.wikidata.org/entity/Q125603,The Clash
http://www.wikidata.org/entity/Q916973,Funeral for a Friend,http://www.wikidata.org/entity/Q1232641,Drowningman
http://www.wikidata.org/entity/Q895463,Bowling for Soup,http://www.wikidata.org/entity/Q856941,Ratt
http://www.wikidata.org/entity/Q925481,Planet Funk,http://www.wikidata.org/entity/Q178095,The Police
http://www.wikidata.org/entity/Q918511,Scandal,http://www.wikidata.org/entity/Q483558,Sum 41
http://www.wikidata.org/entity/Q916973,Funeral for a Friend,http://www.wikidata.org/entity/Q1339989,The Haunted
http://www.wikidata.org/entity/Q916973,Funeral for a Friend,http://www.wikidata.org/entity/Q1529784,Glassjaw
http://www.wikidata.org/entity/Q895463,Bowling for Soup,http://www.wikidata.org/entity/Q1889163,Night Ranger
http://www.wikidata.org/entity/Q895463,Bowling for Soup,http://www.wikidata.org/entity/Q221494,Quiet Riot
http://www.wikidata.org/entity/Q916973,Funeral for a Friend,http://www.wikidata.org/entity/Q1726843,Shai Hulud
http://www.wikidata.org/entity/Q916973,Funeral for a Friend,http://www.wikidata.org/entity/Q1757786,The Get Up Kids
http://www.wikidata.org/entity/Q925481,Planet Funk,http://www.wikidata.org/entity/Q189382,King Crimson
http://www.wikidata.org/entity/Q916973,Funeral for a Friend,http://www.wikidata.org/entity/Q217025,Manic Street Preachers
http://www.wikidata.org/entity/Q916973,Funeral for a Friend,http://www.wikidata.org/entity/Q485039,Deftones
http://www.wikidata.org/entity/Q925481,Planet Funk,http://www.wikidata.org/entity/Q277479,Leftfield
http://www.wikidata.org/entity/Q895463,Bowling for Soup,http://www.wikidata.org/entity/Q3309104,Dead Milkmen
http://www.wikidata.org/entity/Q925481,Planet Funk,http://www.wikidata.org/entity/Q569003,Brian Eno
http://www.wikidata.org/entity/Q895463,Bowling for Soup,http://www.wikidata.org/entity/Q3988410,The Mr. T Experience
http://www.wikidata.org/entity/Q895463,Bowling for Soup,http://www.wikidata.org/entity/Q4049348,Shades Apart
http://www.wikidata.org/entity/Q916973,Funeral for a Friend,http://www.wikidata.org/entity/Q457731,Vision of Disorder
http://www.wikidata.org/entity/Q925481,Planet Funk,http://www.wikidata.org/entity/Q482964,Depeche Mode
http://www.wikidata.org/entity/Q925481,Planet Funk,http://www.wikidata.org/entity/Q588820,Cocteau Twins
http://www.wikidata.org/entity/Q916973,Funeral for a Friend,http://www.wikidata.org/entity/Q5245556,Deadguy
http://www.wikidata.org/entity/Q895463,Bowling for Soup,http://www.wikidata.org/entity/Q939329,Buzzcocks
http://www.wikidata.org/entity/Q749979,Béla Fleck and the Flecktones,http://www.wikidata.org/entity/Q346785,Dick Dale
http://www.wikidata.org/entity/Q134413525,Amalgamated Hippopotamus,http://www.wikidata.org/entity/Q134412365,Superluminal Pachyderm
http://www.wikidata.org/entity/Q651146,The Ditty Bops,http://www.wikidata.org/entity/Q205721,Joni Mitchell
http://www.wikidata.org/entity/Q818377,Gym Class Heroes,http://www.wikidata.org/entity/Q311241,Bobby Brown
http://www.wikidata.org/entity/Q818377,Gym Class Heroes,http://www.wikidata.org/entity/Q1052139,The Roots
http://www.wikidata.org/entity/Q3394814,La Banda Trapera del Río,http://www.wikidata.org/entity/Q101505,Deep Purple
http://www.wikidata.org/entity/Q123022135,Three Brown Sisters,http://www.wikidata.org/entity/Q242725,Ethel Waters
http://www.wikidata.org/entity/Q3394814,La Banda Trapera del Río,http://www.wikidata.org/entity/Q830316,MC5
http://www.wikidata.org/entity/Q587184,Kix,http://www.wikidata.org/entity/Q124179,Kiss
http://www.wikidata.org/entity/Q818377,Gym Class Heroes,http://www.wikidata.org/entity/Q858388,The Cars
http://www.wikidata.org/entity/Q98400550,Estanzuela,http://www.wikidata.org/entity/Q60824605,Mono Blanco
http://www.wikidata.org/entity/Q608208,ANOHNI and the Johnsons,http://www.wikidata.org/entity/Q636,Kate Bush
http://www.wikidata.org/entity/Q3183680,Ningen Isu,http://www.wikidata.org/entity/Q124179,Kiss
http://www.wikidata.org/entity/Q524822,Cobra Starship,http://www.wikidata.org/entity/Q976991,Dashboard Confessional
http://www.wikidata.org/entity/Q23592958,BNK48,http://www.wikidata.org/entity/Q51118,AKB48
http://www.wikidata.org/entity/Q745741,Madness,http://www.wikidata.org/entity/Q441161,Prince Buster
http://www.wikidata.org/entity/Q55284721,Amish Outlaws,http://www.wikidata.org/entity/Q778221,Ausbund
http://www.wikidata.org/entity/Q1161836,The Pointer Sisters,http://www.wikidata.org/entity/Q125121,Aretha Franklin
http://www.wikidata.org/entity/Q9081459,Tag Team,http://www.wikidata.org/entity/Q316872,Afrika Bambaataa
http://www.wikidata.org/entity/Q818377,Gym Class Heroes,http://www.wikidata.org/entity/Q176430,The Presidents of the United States of America
http://www.wikidata.org/entity/Q818377,Gym Class Heroes,http://www.wikidata.org/entity/Q185610,will.i.am
http://www.wikidata.org/entity/Q524822,Cobra Starship,http://www.wikidata.org/entity/Q2831,Michael Jackson
http://www.wikidata.org/entity/Q738110,Legião Urbana,http://www.wikidata.org/entity/Q392,Bob Dylan
http://www.wikidata.org/entity/Q818377,Gym Class Heroes,http://www.wikidata.org/entity/Q1974953,Non Phixion
http://www.wikidata.org/entity/Q3394814,La Banda Trapera del Río,http://www.wikidata.org/entity/Q208767,The Stooges
http://www.wikidata.org/entity/Q140253391,The BeatLove,http://www.wikidata.org/entity/Q1299,The Beatles
http://www.wikidata.org/entity/Q109322864,Las Ninyas del Corro,http://www.wikidata.org/entity/Q194220,Nas
http://www.wikidata.org/entity/Q524822,Cobra Starship,http://www.wikidata.org/entity/Q43432,Justin Timberlake
http://www.wikidata.org/entity/Q9081459,Tag Team,http://www.wikidata.org/entity/Q705532,Egyptian Lover
http://www.wikidata.org/entity/Q2358074,Boh Foi Toch,http://www.wikidata.org/entity/Q2670460,Normaal
http://www.wikidata.org/entity/Q603579,Circa Survive,http://www.wikidata.org/entity/Q1001450,Finch
http://www.wikidata.org/entity/Q698224,Coldcut,http://www.wikidata.org/entity/Q3011302,DJ Food
http://www.wikidata.org/entity/Q696050,Warlock,http://www.wikidata.org/entity/Q124147,Scorpions
http://www.wikidata.org/entity/Q818377,Gym Class Heroes,http://www.wikidata.org/entity/Q733182,Hall & Oates
http://www.wikidata.org/entity/Q2670460,Normaal,http://www.wikidata.org/entity/Q192463,Creedence Clearwater Revival
http://www.wikidata.org/entity/Q109322864,Las Ninyas del Corro,http://www.wikidata.org/entity/Q2818363,7 Notas 7 Colores
http://www.wikidata.org/entity/Q674913,Touché Amoré,http://www.wikidata.org/entity/Q281894,Converge
http://www.wikidata.org/entity/Q818377,Gym Class Heroes,http://www.wikidata.org/entity/Q7501077,Shootyz Groove
http://www.wikidata.org/entity/Q788589,Baha Men,http://www.wikidata.org/entity/Q280415,Arrow
http://www.wikidata.org/entity/Q678410,Marillion,http://www.wikidata.org/entity/Q2306,Pink Floyd
http://www.wikidata.org/entity/Q818377,Gym Class Heroes,http://www.wikidata.org/entity/Q924413,24-7 Spyz
http://www.wikidata.org/entity/Q722778,Boards of Canada,http://www.wikidata.org/entity/Q1530721,National Film Board of Canada
http://www.wikidata.org/entity/Q603579,Circa Survive,http://www.wikidata.org/entity/Q1361543,Sunny Day Real Estate
http://www.wikidata.org/entity/Q788589,Baha Men,http://www.wikidata.org/entity/Q5183103,Crazy
http://www.wikidata.org/entity/Q788589,Baha Men,http://www.wikidata.org/entity/Q7801361,Tiger
http://www.wikidata.org/entity/Q109322864,Las Ninyas del Corro,http://www.wikidata.org/entity/Q6137316,Sólo los Solo
http://www.wikidata.org/entity/Q818377,Gym Class Heroes,http://www.wikidata.org/entity/Q7542,Prince
http://www.wikidata.org/entity/Q485825,Simple Plan,http://www.wikidata.org/entity/Q1142016,Lit
http://www.wikidata.org/entity/Q722960,Vildhjarta,http://www.wikidata.org/entity/Q569408,Meshuggah
http://www.wikidata.org/entity/Q788589,Baha Men,http://www.wikidata.org/entity/Q313868,Fela Kuti
http://www.wikidata.org/entity/Q485825,Simple Plan,http://www.wikidata.org/entity/Q1068713,Cheap Trick
http://www.wikidata.org/entity/Q788589,Baha Men,http://www.wikidata.org/entity/Q4930275,Blueboy
http://www.wikidata.org/entity/Q818377,Gym Class Heroes,http://www.wikidata.org/entity/Q10708,Red Hot Chili Peppers
http://www.wikidata.org/entity/Q9081459,Tag Team,http://www.wikidata.org/entity/Q47160828,MC Shy D
http://www.wikidata.org/entity/Q3394814,La Banda Trapera del Río,http://www.wikidata.org/entity/Q2331,Led Zeppelin
http://www.wikidata.org/entity/Q109322864,Las Ninyas del Corro,http://www.wikidata.org/entity/Q28864892,Gata Cattana
http://www.wikidata.org/entity/Q788589,Baha Men,http://www.wikidata.org/entity/Q11182116,Boukman Eksperyans
http://www.wikidata.org/entity/Q485825,Simple Plan,http://www.wikidata.org/entity/Q1155385,Third Eye Blind
http://www.wikidata.org/entity/Q818377,Gym Class Heroes,http://www.wikidata.org/entity/Q16212190,Me Phi Me
http://www.wikidata.org/entity/Q485825,Simple Plan,http://www.wikidata.org/entity/Q2303544,Strung Out
http://www.wikidata.org/entity/Q603579,Circa Survive,http://www.wikidata.org/entity/Q485825,Simple Plan
http://www.wikidata.org/entity/Q485825,Simple Plan,http://www.wikidata.org/entity/Q858388,The Cars
http://www.wikidata.org/entity/Q587184,Kix,http://www.wikidata.org/entity/Q2331,Led Zeppelin
http://www.wikidata.org/entity/Q514572,RPWL,http://www.wikidata.org/entity/Q2306,Pink Floyd
http://www.wikidata.org/entity/Q485825,Simple Plan,http://www.wikidata.org/entity/Q1381972,Everclear
http://www.wikidata.org/entity/Q615471,M83,http://www.wikidata.org/entity/Q153172,Vangelis
http://www.wikidata.org/entity/Q3183680,Ningen Isu,http://www.wikidata.org/entity/Q47670,Black Sabbath
http://www.wikidata.org/entity/Q3183680,Ningen Isu,http://www.wikidata.org/entity/Q2331,Led Zeppelin
http://www.wikidata.org/entity/Q788589,Baha Men,http://www.wikidata.org/entity/Q427469,Right Said Fred
http://www.wikidata.org/entity/Q818377,Gym Class Heroes,http://www.wikidata.org/entity/Q52440,LL Cool J
http://www.wikidata.org/entity/Q485825,Simple Plan,http://www.wikidata.org/entity/Q1327973,The Mighty Mighty Bosstones
http://www.wikidata.org/entity/Q485825,Simple Plan,http://www.wikidata.org/entity/Q1338793,Millencolin
http://www.wikidata.org/entity/Q788589,Baha Men,http://www.wikidata.org/entity/Q258686,Ladysmith Black Mambazo
http://www.wikidata.org/entity/Q485825,Simple Plan,http://www.wikidata.org/entity/Q895463,Bowling for Soup
http://www.wikidata.org/entity/Q3051556,Elmer Food Beat,http://www.wikidata.org/entity/Q1299,The Beatles
http://www.wikidata.org/entity/Q798993,Badfinger,http://www.wikidata.org/entity/Q273171,"Emerson, Lake & Palmer"
http://www.wikidata.org/entity/Q98400550,Estanzuela,http://www.wikidata.org/entity/Q18001577,Cirilo Promotor Decena
http://www.wikidata.org/entity/Q503205,Rouge,http://www.wikidata.org/entity/Q55641,Spice Girls
http://www.wikidata.org/entity/Q587184,Kix,http://www.wikidata.org/entity/Q27593,AC/DC
http://www.wikidata.org/entity/Q123852702,Last Idol Thailand,http://www.wikidata.org/entity/Q38279217,Last Idol
http://www.wikidata.org/entity/Q485825,Simple Plan,http://www.wikidata.org/entity/Q754051,Pennywise
http://www.wikidata.org/entity/Q98400550,Estanzuela,http://www.wikidata.org/entity/Q5675532,Andrés Alfonso Vergara
http://www.wikidata.org/entity/Q788589,Baha Men,http://www.wikidata.org/entity/Q4356602,Calypso Rose
http://www.wikidata.org/entity/Q603579,Circa Survive,http://www.wikidata.org/entity/Q913673,Underoath
http://www.wikidata.org/entity/Q655648,Boys Like Girls,http://www.wikidata.org/entity/Q209956,Weezer
http://www.wikidata.org/entity/Q655648,Boys Like Girls,http://www.wikidata.org/entity/Q214237,The All-American Rejects
http://www.wikidata.org/entity/Q816079,Belly,http://www.wikidata.org/entity/Q134969,R.E.M.
http://www.wikidata.org/entity/Q713438,F4,http://www.wikidata.org/entity/Q545333,Meteor Garden
http://www.wikidata.org/entity/Q738110,Legião Urbana,http://www.wikidata.org/entity/Q172763,Joy Division
http://www.wikidata.org/entity/Q818377,Gym Class Heroes,http://www.wikidata.org/entity/Q4299,Coheed and Cambria
http://www.wikidata.org/entity/Q485825,Simple Plan,http://www.wikidata.org/entity/Q5301098,Doughboys
http://www.wikidata.org/entity/Q109322864,Las Ninyas del Corro,http://www.wikidata.org/entity/Q52463,Wu-Tang Clan
http://www.wikidata.org/entity/Q485825,Simple Plan,http://www.wikidata.org/entity/Q3988410,The Mr. T Experience
http://www.wikidata.org/entity/Q2602057,Jovink en de Voederbietels,http://www.wikidata.org/entity/Q2670460,Normaal
http://www.wikidata.org/entity/Q524822,Cobra Starship,http://www.wikidata.org/entity/Q484885,Erasure
http://www.wikidata.org/entity/Q738110,Legião Urbana,http://www.wikidata.org/entity/Q180598,The Smiths
http://www.wikidata.org/entity/Q524822,Cobra Starship,http://www.wikidata.org/entity/Q185828,Daft Punk
http://www.wikidata.org/entity/Q524822,Cobra Starship,http://www.wikidata.org/entity/Q1757786,The Get Up Kids
http://www.wikidata.org/entity/Q485825,Simple Plan,http://www.wikidata.org/entity/Q842156,Lagwagon
http://www.wikidata.org/entity/Q3139170,Hogwash,http://www.wikidata.org/entity/Q1435083,Propagandhi
http://www.wikidata.org/entity/Q655648,Boys Like Girls,http://www.wikidata.org/entity/Q482477,Blink-182
http://www.wikidata.org/entity/Q134413525,Amalgamated Hippopotamus,http://www.wikidata.org/entity/Q153616,Tangerine Dream
http://www.wikidata.org/entity/Q798993,Badfinger,http://www.wikidata.org/entity/Q1299,The Beatles
http://www.wikidata.org/entity/Q135012592,Smashing Horizon,http://www.wikidata.org/entity/Q135013271,FIM
http://www.wikidata.org/entity/Q135012592,Smashing Horizon,http://www.wikidata.org/entity/Q310580,David Cook
http://www.wikidata.org/entity/Q134395746,Turbogeist,http://www.wikidata.org/entity/Q6663066,LoCash
http://www.wikidata.org/entity/Q134395746,Turbogeist,http://www.wikidata.org/entity/Q832446,Better Than Ezra
http://www.wikidata.org/entity/Q136441504,Inder Tracks,http://www.wikidata.org/entity/Q18852,Lostprophets
http://www.wikidata.org/entity/Q134393110,Sons of Albion,http://www.wikidata.org/entity/Q973760,Skindred
http://www.wikidata.org/entity/Q135012592,Smashing Horizon,http://www.wikidata.org/entity/Q92654328,Classless Act
http://www.wikidata.org/entity/Q134395746,Turbogeist,http://www.wikidata.org/entity/Q973760,Skindred
http://www.wikidata.org/entity/Q135012592,Smashing Horizon,http://www.wikidata.org/entity/Q134403731,Very Nice Person
http://www.wikidata.org/entity/Q135012592,Smashing Horizon,http://www.wikidata.org/entity/Q135012631,Dexter MacManus
http://www.wikidata.org/entity/Q135012592,Smashing Horizon,http://www.wikidata.org/entity/Q135013130,Dubbington
http://www.wikidata.org/entity/Q135012592,Smashing Horizon,http://www.wikidata.org/entity/Q135013107,Redheads
http://www.wikidata.org/entity/Q135012592,Smashing Horizon,http://www.wikidata.org/entity/Q135013227,The Beat Featuring Ranking Jnr
http://www.wikidata.org/entity/Q133868388,Q133868388,http://www.wikidata.org/entity/Q483407,Ramones
http://www.wikidata.org/entity/Q134393110,Sons of Albion,http://www.wikidata.org/entity/Q396,U2
http://www.wikidata.org/entity/Q135012592,Smashing Horizon,http://www.wikidata.org/entity/Q199418,Ziggy Marley
http://www.wikidata.org/entity/Q135012592,Smashing Horizon,http://www.wikidata.org/entity/Q4641147,5 Seconds of Summer
http://www.wikidata.org/entity/Q135013271,FIM,http://www.wikidata.org/entity/Q247949,Bush
http://www.wikidata.org/entity/Q134393110,Sons of Albion,http://www.wikidata.org/entity/Q16233571,Skeme
http://www.wikidata.org/entity/Q133868388,Q133868388,http://www.wikidata.org/entity/Q263632,Platero y Tú
http://www.wikidata.org/entity/Q135012592,Smashing Horizon,http://www.wikidata.org/entity/Q15042553,The Vamps
http://www.wikidata.org/entity/Q130638649,Dan Peralbo and The Convoy,http://www.wikidata.org/entity/Q11920737,Esquirols
http://www.wikidata.org/entity/Q135013271,FIM,http://www.wikidata.org/entity/Q132853229,Dead!
http://www.wikidata.org/entity/Q135012592,Smashing Horizon,http://www.wikidata.org/entity/Q17385637,Benjamin Keough
http://www.wikidata.org/entity/Q135013271,FIM,http://www.wikidata.org/entity/Q134395746,Turbogeist
http://www.wikidata.org/entity/Q135013271,FIM,http://www.wikidata.org/entity/Q1169219,Pierce the Veil
http://www.wikidata.org/entity/Q135012592,Smashing Horizon,http://www.wikidata.org/entity/Q18158481,Radkey
http://www.wikidata.org/entity/Q135012592,Smashing Horizon,http://www.wikidata.org/entity/Q18719011,SWMRS
http://www.wikidata.org/entity/Q134393110,Sons of Albion,http://www.wikidata.org/entity/Q18852,Lostprophets
http://www.wikidata.org/entity/Q134393110,Sons of Albion,http://www.wikidata.org/entity/Q55099181,Soho Roses
http://www.wikidata.org/entity/Q134395746,Turbogeist,http://www.wikidata.org/entity/Q40585,30 Seconds to Mars
http://www.wikidata.org/entity/Q135013271,FIM,http://www.wikidata.org/entity/Q201918,Every Avenue
http://www.wikidata.org/entity/Q136441504,Inder Tracks,http://www.wikidata.org/entity/Q764483,Dope
http://www.wikidata.org/entity/Q136441504,Inder Tracks,http://www.wikidata.org/entity/Q1428953,Tesla
http://www.wikidata.org/entity/Q136441504,Inder Tracks,http://www.wikidata.org/entity/Q247949,Bush
http://www.wikidata.org/entity/Q135013271,FIM,http://www.wikidata.org/entity/Q3572062,Year Long Disaster
http://www.wikidata.org/entity/Q136441504,Inder Tracks,http://www.wikidata.org/entity/Q1664392,Slaughter
http://www.wikidata.org/entity/Q134393110,Sons of Albion,http://www.wikidata.org/entity/Q45188,Coldplay
http://www.wikidata.org/entity/Q135013271,FIM,http://www.wikidata.org/entity/Q912909,The Raconteurs
http://www.wikidata.org/entity/Q135013271,FIM,http://www.wikidata.org/entity/Q283487,Taking Back Sunday
http://www.wikidata.org/entity/Q136441504,Inder Tracks,http://www.wikidata.org/entity/Q1071154,Finger Eleven
http://www.wikidata.org/entity/Q136441504,Inder Tracks,http://www.wikidata.org/entity/Q224565,311
http://www.wikidata.org/entity/Q134395746,Turbogeist,http://www.wikidata.org/entity/Q47871,Green Day
http://www.wikidata.org/entity/Q135013271,FIM,http://www.wikidata.org/entity/Q17385637,Benjamin Keough
http://www.wikidata.org/entity/Q136441504,Inder Tracks,http://www.wikidata.org/entity/Q1381972,Everclear
http://www.wikidata.org/entity/Q135013271,FIM,http://www.wikidata.org/entity/Q7228997,Pop Evil
http://www.wikidata.org/entity/Q136441504,Inder Tracks,http://www.wikidata.org/entity/Q201918,Every Avenue
http://www.wikidata.org/entity/Q134393110,Sons of Albion,http://www.wikidata.org/entity/Q118683602,"Ike Turner, Jr."
http://www.wikidata.org/entity/Q134395746,Turbogeist,http://www.wikidata.org/entity/Q124001550,Polly Parsons
http://www.wikidata.org/entity/Q135012592,Smashing Horizon,http://www.wikidata.org/entity/Q18852,Lostprophets
http://www.wikidata.org/entity/Q134393110,Sons of Albion,http://www.wikidata.org/entity/Q131179846,The Strays
http://www.wikidata.org/entity/Q134395746,Turbogeist,http://www.wikidata.org/entity/Q1070944,Chevelle
http://www.wikidata.org/entity/Q134393110,Sons of Albion,http://www.wikidata.org/entity/Q175097,3 Doors Down
http://www.wikidata.org/entity/Q135013271,FIM,http://www.wikidata.org/entity/Q396,U2
http://www.wikidata.org/entity/Q134393110,Sons of Albion,http://www.wikidata.org/entity/Q623921,Drowning Pool
http://www.wikidata.org/entity/Q136441504,Inder Tracks,http://www.wikidata.org/entity/Q677115,The Slits
http://www.wikidata.org/entity/Q134395746,Turbogeist,http://www.wikidata.org/entity/Q175097,3 Doors Down
http://www.wikidata.org/entity/Q134393110,Sons of Albion,http://www.wikidata.org/entity/Q134395746,Turbogeist
http://www.wikidata.org/entity/Q134393110,Sons of Albion,http://www.wikidata.org/entity/Q1169219,Pierce the Veil
http://www.wikidata.org/entity/Q134393110,Sons of Albion,http://www.wikidata.org/entity/Q1183784,Del Amitri
http://www.wikidata.org/entity/Q134395746,Turbogeist,http://www.wikidata.org/entity/Q134396083,Jerry Lee Lewis Jr.
http://www.wikidata.org/entity/Q134395746,Turbogeist,http://www.wikidata.org/entity/Q134396028,Nico Korner
http://www.wikidata.org/entity/Q134395746,Turbogeist,http://www.wikidata.org/entity/Q134396134,Teddy Brown
http://www.wikidata.org/entity/Q134395746,Turbogeist,http://www.wikidata.org/entity/Q261812,Drake Bell
http://www.wikidata.org/entity/Q134393110,Sons of Albion,http://www.wikidata.org/entity/Q740434,Smash Mouth
http://www.wikidata.org/entity/Q134393110,Sons of Albion,http://www.wikidata.org/entity/Q895463,Bowling for Soup
http://www.wikidata.org/entity/Q134393110,Sons of Albion,http://www.wikidata.org/entity/Q1374009,SR-71
http://www.wikidata.org/entity/Q134395746,Turbogeist,http://www.wikidata.org/entity/Q1373222,The Ataris
http://www.wikidata.org/entity/Q134393110,Sons of Albion,http://www.wikidata.org/entity/Q175044,12 Stones
http://www.wikidata.org/entity/Q134393110,Sons of Albion,http://www.wikidata.org/entity/Q180224,Lenny Kravitz
http://www.wikidata.org/entity/Q134393110,Sons of Albion,http://www.wikidata.org/entity/Q2061582,Vertical Horizon
http://www.wikidata.org/entity/Q134395746,Turbogeist,http://www.wikidata.org/entity/Q1476499,Hootie & the Blowfish
http://www.wikidata.org/entity/Q134393110,Sons of Albion,http://www.wikidata.org/entity/Q188407,Snow Patrol
http://www.wikidata.org/entity/Q135012592,Smashing Horizon,http://www.wikidata.org/entity/Q108570463,Mammoth WVH
http://www.wikidata.org/entity/Q134393110,Sons of Albion,http://www.wikidata.org/entity/Q14031788,Nick Harper
http://www.wikidata.org/entity/Q134393110,Sons of Albion,http://www.wikidata.org/entity/Q1889163,Night Ranger
http://www.wikidata.org/entity/Q136441504,Inder Tracks,http://www.wikidata.org/entity/Q973760,Skindred
http://www.wikidata.org/entity/Q134395746,Turbogeist,http://www.wikidata.org/entity/Q180224,Lenny Kravitz
http://www.wikidata.org/entity/Q134395746,Turbogeist,http://www.wikidata.org/entity/Q184217,The Smashing Pumpkins
http://www.wikidata.org/entity/Q134393110,Sons of Albion,http://www.wikidata.org/entity/Q223736,Velvet Revolver
http://www.wikidata.org/entity/Q134395746,Turbogeist,http://www.wikidata.org/entity/Q1777698,Evanescence
http://www.wikidata.org/entity/Q134395746,Turbogeist,http://www.wikidata.org/entity/Q199418,Ziggy Marley
http://www.wikidata.org/entity/Q134395746,Turbogeist,http://www.wikidata.org/entity/Q643005,The Wallflowers
http://www.wikidata.org/entity/Q134393110,Sons of Albion,http://www.wikidata.org/entity/Q2095970,Saving Abel
http://www.wikidata.org/entity/Q134393110,Sons of Albion,http://www.wikidata.org/entity/Q237324,Lisa Marie Presley
http://www.wikidata.org/entity/Q134393110,Sons of Albion,http://www.wikidata.org/entity/Q950290,Crazyhead
http://www.wikidata.org/entity/Q134393110,Sons of Albion,http://www.wikidata.org/entity/Q2349474,Cibo Matto
http://www.wikidata.org/entity/Q134395746,Turbogeist,http://www.wikidata.org/entity/Q2095970,Saving Abel
http://www.wikidata.org/entity/Q134395746,Turbogeist,http://www.wikidata.org/entity/Q237324,Lisa Marie Presley
http://www.wikidata.org/entity/Q135013271,FIM,http://www.wikidata.org/entity/Q18852,Lostprophets
http://www.wikidata.org/entity/Q135013271,FIM,http://www.wikidata.org/entity/Q49724,Hoobastank
http://www.wikidata.org/entity/Q134393110,Sons of Albion,http://www.wikidata.org/entity/Q327340,Rocky Burnette
http://www.wikidata.org/entity/Q134395746,Turbogeist,http://www.wikidata.org/entity/Q320499,Faith No More
http://www.wikidata.org/entity/Q134395746,Turbogeist,http://www.wikidata.org/entity/Q2686961,Nine Lashes
http://www.wikidata.org/entity/Q134393110,Sons of Albion,http://www.wikidata.org/entity/Q15059467,Reggie Sears
http://www.wikidata.org/entity/Q134393110,Sons of Albion,http://www.wikidata.org/entity/Q380849,Ben Harper
http://www.wikidata.org/entity/Q134393110,Sons of Albion,http://www.wikidata.org/entity/Q485811,Fall Out Boy
http://www.wikidata.org/entity/Q134395746,Turbogeist,http://www.wikidata.org/entity/Q485811,Fall Out Boy
http://www.wikidata.org/entity/Q134395746,Turbogeist,http://www.wikidata.org/entity/Q508059,Andrew Tosh
http://www.wikidata.org/entity/Q134395746,Turbogeist,http://www.wikidata.org/entity/Q18158481,Radkey
http://www.wikidata.org/entity/Q79318422,The Phone Call Damage,http://www.wikidata.org/entity/Q34166,Slash
http://www.wikidata.org/entity/Q97206561,Q97206561,http://www.wikidata.org/entity/Q484255,Alice in Chains
http://www.wikidata.org/entity/Q101534582,A. Armada,http://www.wikidata.org/entity/Q578270,Explosions in the Sky
http://www.wikidata.org/entity/Q76076474,Las Ultrasónicas,http://www.wikidata.org/entity/Q904921,The Sonics
http://www.wikidata.org/entity/Q97206561,Q97206561,http://www.wikidata.org/entity/Q952245,Berri Txarrak
http://www.wikidata.org/entity/Q76076474,Las Ultrasónicas,http://www.wikidata.org/entity/Q970502,The Kingsmen
http://www.wikidata.org/entity/Q79318422,The Phone Call Damage,http://www.wikidata.org/entity/Q15920,Metallica
http://www.wikidata.org/entity/Q79318422,The Phone Call Damage,http://www.wikidata.org/entity/Q50040,Dire Straits
http://www.wikidata.org/entity/Q92990314,The Dives,http://www.wikidata.org/entity/Q18852,Lostprophets
http://www.wikidata.org/entity/Q93710964,Red Vox,http://www.wikidata.org/entity/Q5383,David Bowie
http://www.wikidata.org/entity/Q79318422,The Phone Call Damage,http://www.wikidata.org/entity/Q18557,Opeth
http://www.wikidata.org/entity/Q89063842,Vended,http://www.wikidata.org/entity/Q18852,Lostprophets
http://www.wikidata.org/entity/Q92990314,The Dives,http://www.wikidata.org/entity/Q105634998,CO‐OP
http://www.wikidata.org/entity/Q106937897,Komando Moriles,http://www.wikidata.org/entity/Q19057,The Specials
http://www.wikidata.org/entity/Q97206561,Q97206561,http://www.wikidata.org/entity/Q11649,Nirvana
http://www.wikidata.org/entity/Q89063842,Vended,http://www.wikidata.org/entity/Q47871,Green Day
http://www.wikidata.org/entity/Q93710964,Red Vox,http://www.wikidata.org/entity/Q2306,Pink Floyd
http://www.wikidata.org/entity/Q1134411,Shpongle,http://www.wikidata.org/entity/Q2328030,1200 Micrograms
http://www.wikidata.org/entity/Q105271690,A.S.T.R.A.,http://www.wikidata.org/entity/Q612471,Camel
http://www.wikidata.org/entity/Q62266267,Hürlement,http://www.wikidata.org/entity/Q156049,Manowar
http://www.wikidata.org/entity/Q93710964,Red Vox,http://www.wikidata.org/entity/Q44190,Radiohead
http://www.wikidata.org/entity/Q89063842,Vended,http://www.wikidata.org/entity/Q111988489,Bastardane
http://www.wikidata.org/entity/Q92990314,The Dives,http://www.wikidata.org/entity/Q3989687,The Treatment
http://www.wikidata.org/entity/Q92990314,The Dives,http://www.wikidata.org/entity/Q93346,The Who
http://www.wikidata.org/entity/Q89063842,Vended,http://www.wikidata.org/entity/Q92990314,The Dives
http://www.wikidata.org/entity/Q92990314,The Dives,http://www.wikidata.org/entity/Q131179846,The Strays
http://www.wikidata.org/entity/Q92990314,The Dives,http://www.wikidata.org/entity/Q826185,Busted
http://www.wikidata.org/entity/Q92990314,The Dives,http://www.wikidata.org/entity/Q129780537,Rolan Bolan
http://www.wikidata.org/entity/Q74822578,The Electric Alley,http://www.wikidata.org/entity/Q486688,Mötley Crüe
http://www.wikidata.org/entity/Q92990314,The Dives,http://www.wikidata.org/entity/Q483718,Foo Fighters
http://www.wikidata.org/entity/Q89063842,Vended,http://www.wikidata.org/entity/Q421794,The Darkness
http://www.wikidata.org/entity/Q92990314,The Dives,http://www.wikidata.org/entity/Q1126287,Mott the Hoople
http://www.wikidata.org/entity/Q92990314,The Dives,http://www.wikidata.org/entity/Q134393110,Sons of Albion
http://www.wikidata.org/entity/Q92990314,The Dives,http://www.wikidata.org/entity/Q134395746,Turbogeist
http://www.wikidata.org/entity/Q92990314,The Dives,http://www.wikidata.org/entity/Q134396919,The Witty Featherstones
http://www.wikidata.org/entity/Q92990314,The Dives,http://www.wikidata.org/entity/Q134397166,Son of Sweet
http://www.wikidata.org/entity/Q92990314,The Dives,http://www.wikidata.org/entity/Q830586,New York Dolls
http://www.wikidata.org/entity/Q89063842,Vended,http://www.wikidata.org/entity/Q131231,Slayer
http://www.wikidata.org/entity/Q89063842,Vended,http://www.wikidata.org/entity/Q180880,Pantera
http://www.wikidata.org/entity/Q62266267,Hürlement,http://www.wikidata.org/entity/Q290750,ADX
http://www.wikidata.org/entity/Q89063842,Vended,http://www.wikidata.org/entity/Q425772,Ministry
http://www.wikidata.org/entity/Q93710964,Red Vox,http://www.wikidata.org/entity/Q9619,Tame Impala
http://www.wikidata.org/entity/Q89063842,Vended,http://www.wikidata.org/entity/Q80304,Korn
http://www.wikidata.org/entity/Q62266267,Hürlement,http://www.wikidata.org/entity/Q2906210,Blasphème
http://www.wikidata.org/entity/Q89063842,Vended,http://www.wikidata.org/entity/Q156049,Manowar
http://www.wikidata.org/entity/Q1155385,Third Eye Blind,http://www.wikidata.org/entity/Q1299,The Beatles
http://www.wikidata.org/entity/Q62266267,Hürlement,http://www.wikidata.org/entity/Q3473851,Satan Jokers
http://www.wikidata.org/entity/Q62266267,Hürlement,http://www.wikidata.org/entity/Q3491302,Sortilège
http://www.wikidata.org/entity/Q89063842,Vended,http://www.wikidata.org/entity/Q522849,Winger
http://www.wikidata.org/entity/Q89063842,Vended,http://www.wikidata.org/entity/Q254138,Slipknot
http://www.wikidata.org/entity/Q79318422,The Phone Call Damage,http://www.wikidata.org/entity/Q178517,David Gilmour
http://www.wikidata.org/entity/Q92990314,The Dives,http://www.wikidata.org/entity/Q189965,Whitesnake
http://www.wikidata.org/entity/Q104921573,A.I.(d),http://www.wikidata.org/entity/Q7713096,The Algorithm
http://www.wikidata.org/entity/Q1155385,Third Eye Blind,http://www.wikidata.org/entity/Q396,U2
http://www.wikidata.org/entity/Q92990314,The Dives,http://www.wikidata.org/entity/Q223736,Velvet Revolver
http://www.wikidata.org/entity/Q89063842,Vended,http://www.wikidata.org/entity/Q4051718,Trash Talk
http://www.wikidata.org/entity/Q92990314,The Dives,http://www.wikidata.org/entity/Q16632343,Royal Blood
http://www.wikidata.org/entity/Q89063842,Vended,http://www.wikidata.org/entity/Q899341,Suicidal Tendencies
http://www.wikidata.org/entity/Q92990314,The Dives,http://www.wikidata.org/entity/Q2349474,Cibo Matto
http://www.wikidata.org/entity/Q92990314,The Dives,http://www.wikidata.org/entity/Q285481,Bôa
http://www.wikidata.org/entity/Q79318422,The Phone Call Damage,http://www.wikidata.org/entity/Q185343,Mark Knopfler
http://www.wikidata.org/entity/Q74822578,The Electric Alley,http://www.wikidata.org/entity/Q4035173,Blackberry Smoke
http://www.wikidata.org/entity/Q79318422,The Phone Call Damage,http://www.wikidata.org/entity/Q485490,John Bonham
http://www.wikidata.org/entity/Q89063842,Vended,http://www.wikidata.org/entity/Q1752700,Powerman 5000
http://www.wikidata.org/entity/Q89063842,Vended,http://www.wikidata.org/entity/Q283835,Carcass
http://www.wikidata.org/entity/Q93710964,Red Vox,http://www.wikidata.org/entity/Q637771,Wilco
http://www.wikidata.org/entity/Q93710964,Red Vox,http://www.wikidata.org/entity/Q125603,The Clash
http://www.wikidata.org/entity/Q93710964,Red Vox,http://www.wikidata.org/entity/Q391969,MGMT
http://www.wikidata.org/entity/Q93710964,Red Vox,http://www.wikidata.org/entity/Q205001,Talking Heads
http://www.wikidata.org/entity/Q104921573,A.I.(d),http://www.wikidata.org/entity/Q3681214,Cloudkicker
http://www.wikidata.org/entity/Q89063842,Vended,http://www.wikidata.org/entity/Q467673,W.A.S.P.
http://www.wikidata.org/entity/Q89063842,Vended,http://www.wikidata.org/entity/Q2297961,Seikima-II
http://www.wikidata.org/entity/Q93710964,Red Vox,http://www.wikidata.org/entity/Q858388,The Cars
http://www.wikidata.org/entity/Q89063842,Vended,http://www.wikidata.org/entity/Q283487,Taking Back Sunday
http://www.wikidata.org/entity/Q89063842,Vended,http://www.wikidata.org/entity/Q320499,Faith No More
http://www.wikidata.org/entity/Q76076474,Las Ultrasónicas,http://www.wikidata.org/entity/Q483407,Ramones
http://www.wikidata.org/entity/Q93710964,Red Vox,http://www.wikidata.org/entity/Q1243718,Queens of the Stone Age
http://www.wikidata.org/entity/Q93710964,Red Vox,http://www.wikidata.org/entity/Q188464,Pixies
http://www.wikidata.org/entity/Q101534582,A. Armada,http://www.wikidata.org/entity/Q1548973,Maserati
http://www.wikidata.org/entity/Q92990314,The Dives,http://www.wikidata.org/entity/Q7228997,Pop Evil
http://www.wikidata.org/entity/Q89063842,Vended,http://www.wikidata.org/entity/Q3433132,Rise to Remain
http://www.wikidata.org/entity/Q89063842,Vended,http://www.wikidata.org/entity/Q3558267,Viking Skull
http://www.wikidata.org/entity/Q76076474,Las Ultrasónicas,http://www.wikidata.org/entity/Q182665,Iggy Pop
http://www.wikidata.org/entity/Q97206561,Q97206561,http://www.wikidata.org/entity/Q188626,Sonic Youth
http://www.wikidata.org/entity/Q97206561,Q97206561,http://www.wikidata.org/entity/Q728958,Foals
http://www.wikidata.org/entity/Q97206561,Q97206561,http://www.wikidata.org/entity/Q622944,Dinosaur Jr.
http://www.wikidata.org/entity/Q97206561,Q97206561,http://www.wikidata.org/entity/Q1243718,Queens of the Stone Age
http://www.wikidata.org/entity/Q101534582,A. Armada,http://www.wikidata.org/entity/Q645980,Mogwai
http://www.wikidata.org/entity/Q97206561,Q97206561,http://www.wikidata.org/entity/Q7777713,Osees
http://www.wikidata.org/entity/Q92990314,The Dives,http://www.wikidata.org/entity/Q30636835,Greta Van Fleet
http://www.wikidata.org/entity/Q89063842,Vended,http://www.wikidata.org/entity/Q23756620,Lody Kong
http://www.wikidata.org/entity/Q74822578,The Electric Alley,http://www.wikidata.org/entity/Q2331,Led Zeppelin
http://www.wikidata.org/entity/Q106937897,Komando Moriles,http://www.wikidata.org/entity/Q1546385,The Selecter
http://www.wikidata.org/entity/Q106937897,Komando Moriles,http://www.wikidata.org/entity/Q1669011,The Toasters
http://www.wikidata.org/entity/Q97206561,Q97206561,http://www.wikidata.org/entity/Q184217,The Smashing Pumpkins
http://www.wikidata.org/entity/Q92990314,The Dives,http://www.wikidata.org/entity/Q5383,David Bowie
http://www.wikidata.org/entity/Q89063842,Vended,http://www.wikidata.org/entity/Q47500295,Yungblud
http://www.wikidata.org/entity/Q104921573,A.I.(d),http://www.wikidata.org/entity/Q22151,Muse
http://www.wikidata.org/entity/Q97206561,Q97206561,http://www.wikidata.org/entity/Q2354373,Ty Segall
http://www.wikidata.org/entity/Q76076474,Las Ultrasónicas,http://www.wikidata.org/entity/Q686939,Thee Headcoatees
http://www.wikidata.org/entity/Q1045827,Cartel,http://www.wikidata.org/entity/Q482477,Blink-182
http://www.wikidata.org/entity/Q136514496,Avant Zoom,http://www.wikidata.org/entity/Q1138104,The Veer Union
http://www.wikidata.org/entity/Q136441504,Inder Tracks,http://www.wikidata.org/entity/Q6030028,Louis Osbourne
http://www.wikidata.org/entity/Q1045827,Cartel,http://www.wikidata.org/entity/Q2845440,Anarbor
http://www.wikidata.org/entity/Q136514496,Avant Zoom,http://www.wikidata.org/entity/Q134397166,Son of Sweet
http://www.wikidata.org/entity/Q136514496,Avant Zoom,http://www.wikidata.org/entity/Q1169219,Pierce the Veil
http://www.wikidata.org/entity/Q136514496,Avant Zoom,http://www.wikidata.org/entity/Q135012631,Dexter MacManus
http://www.wikidata.org/entity/Q136514496,Avant Zoom,http://www.wikidata.org/entity/Q135013130,Dubbington
http://www.wikidata.org/entity/Q1071154,Finger Eleven,http://www.wikidata.org/entity/Q2331,Led Zeppelin
http://www.wikidata.org/entity/Q136514496,Avant Zoom,http://www.wikidata.org/entity/Q376035,American Hi-Fi
http://www.wikidata.org/entity/Q7773439,The Wannadies,http://www.wikidata.org/entity/Q30587,Stan Getz
http://www.wikidata.org/entity/Q1045827,Cartel,http://www.wikidata.org/entity/Q483558,Sum 41
http://www.wikidata.org/entity/Q1045827,Cartel,http://www.wikidata.org/entity/Q485825,Simple Plan
http://www.wikidata.org/entity/Q136514496,Avant Zoom,http://www.wikidata.org/entity/Q736766,Wolfmother
http://www.wikidata.org/entity/Q16630137,Drunksouls,http://www.wikidata.org/entity/Q409,Bob Marley
http://www.wikidata.org/entity/Q1071154,Finger Eleven,http://www.wikidata.org/entity/Q10708,Red Hot Chili Peppers
http://www.wikidata.org/entity/Q20104364,Pilseners,http://www.wikidata.org/entity/Q1472482,The 4-Skins
http://www.wikidata.org/entity/Q136514496,Avant Zoom,http://www.wikidata.org/entity/Q20012445,The Tide
http://www.wikidata.org/entity/Q136514496,Avant Zoom,http://www.wikidata.org/entity/Q180224,Lenny Kravitz
http://www.wikidata.org/entity/Q1071154,Finger Eleven,http://www.wikidata.org/entity/Q15920,Metallica
http://www.wikidata.org/entity/Q136514496,Avant Zoom,http://www.wikidata.org/entity/Q2297961,Seikima-II
http://www.wikidata.org/entity/Q136514496,Avant Zoom,http://www.wikidata.org/entity/Q2349474,Cibo Matto
http://www.wikidata.org/entity/Q940536,The Damned,http://www.wikidata.org/entity/Q664248,Love
http://www.wikidata.org/entity/Q940536,The Damned,http://www.wikidata.org/entity/Q1136388,Faces
http://www.wikidata.org/entity/Q136514496,Avant Zoom,http://www.wikidata.org/entity/Q3003724,Crooked X
http://www.wikidata.org/entity/Q136514496,Avant Zoom,http://www.wikidata.org/entity/Q15053060,Dead Boots
http://www.wikidata.org/entity/Q940536,The Damned,http://www.wikidata.org/entity/Q830316,MC5
http://www.wikidata.org/entity/Q959100,Sham 69,http://www.wikidata.org/entity/Q125603,The Clash
http://www.wikidata.org/entity/Q1027165,Three 6 Mafia,http://www.wikidata.org/entity/Q63699444,Tommy Wright III
http://www.wikidata.org/entity/Q7758619,The Protomen,http://www.wikidata.org/entity/Q24925,science fiction
http://www.wikidata.org/entity/Q7758619,The Protomen,http://www.wikidata.org/entity/Q7889,video game
http://www.wikidata.org/entity/Q136514496,Avant Zoom,http://www.wikidata.org/entity/Q18719011,SWMRS
http://www.wikidata.org/entity/Q1071154,Finger Eleven,http://www.wikidata.org/entity/Q2306,Pink Floyd
http://www.wikidata.org/entity/Q136514496,Avant Zoom,http://www.wikidata.org/entity/Q627269,Black Veil Brides
http://www.wikidata.org/entity/Q940536,The Damned,http://www.wikidata.org/entity/Q1253897,Dr. Feelgood
http://www.wikidata.org/entity/Q940536,The Damned,http://www.wikidata.org/entity/Q830586,New York Dolls
http://www.wikidata.org/entity/Q136514496,Avant Zoom,http://www.wikidata.org/entity/Q5566561,Glamour Camp
http://www.wikidata.org/entity/Q940536,The Damned,http://www.wikidata.org/entity/Q962095,Nick Lowe
http://www.wikidata.org/entity/Q136822842,Die Spitz,http://www.wikidata.org/entity/Q188464,Pixies
http://www.wikidata.org/entity/Q940536,The Damned,http://www.wikidata.org/entity/Q483407,Ramones
http://www.wikidata.org/entity/Q940536,The Damned,http://www.wikidata.org/entity/Q1282674,Eddie and the Hot Rods
http://www.wikidata.org/entity/Q1045827,Cartel,http://www.wikidata.org/entity/Q11895,Guns N' Roses
http://www.wikidata.org/entity/Q1045827,Cartel,http://www.wikidata.org/entity/Q11649,Nirvana
http://www.wikidata.org/entity/Q953918,Mumford & Sons,http://www.wikidata.org/entity/Q7083804,Old Crow Medicine Show
http://www.wikidata.org/entity/Q940536,The Damned,http://www.wikidata.org/entity/Q332032,Alice Cooper
http://www.wikidata.org/entity/Q940536,The Damned,http://www.wikidata.org/entity/Q208767,The Stooges
http://www.wikidata.org/entity/Q136822842,Die Spitz,http://www.wikidata.org/entity/Q898820,Mudhoney
http://www.wikidata.org/entity/Q979826,Farin Urlaub Racing Team,http://www.wikidata.org/entity/Q704593,Farin Urlaub
http://www.wikidata.org/entity/Q940536,The Damned,http://www.wikidata.org/entity/Q173061,Syd Barrett
http://www.wikidata.org/entity/Q1074367,Chingon,http://www.wikidata.org/entity/Q464129,mariachi
http://www.wikidata.org/entity/Q971332,Bluvertigo,http://www.wikidata.org/entity/Q482964,Depeche Mode
http://www.wikidata.org/entity/Q136822842,Die Spitz,http://www.wikidata.org/entity/Q219772,PJ Harvey
http://www.wikidata.org/entity/Q940536,The Damned,http://www.wikidata.org/entity/Q211770,T. Rex
http://www.wikidata.org/entity/Q940536,The Damned,http://www.wikidata.org/entity/Q2095846,Pink Fairies
http://www.wikidata.org/entity/Q136514496,Avant Zoom,http://www.wikidata.org/entity/Q136334016,Yes Factory
http://www.wikidata.org/entity/Q136514496,Avant Zoom,http://www.wikidata.org/entity/Q136464169,The Smashing Pixels
http://www.wikidata.org/entity/Q136514496,Avant Zoom,http://www.wikidata.org/entity/Q136514635,Big Nils
http://www.wikidata.org/entity/Q136514496,Avant Zoom,http://www.wikidata.org/entity/Q136514769,Warish
http://www.wikidata.org/entity/Q1045827,Cartel,http://www.wikidata.org/entity/Q27593,AC/DC
http://www.wikidata.org/entity/Q940536,The Damned,http://www.wikidata.org/entity/Q82545,Sex Pistols
http://www.wikidata.org/entity/Q20104364,Pilseners,http://www.wikidata.org/entity/Q973104,Cockney Rejects
http://www.wikidata.org/entity/Q940536,The Damned,http://www.wikidata.org/entity/Q287514,Marc Bolan
http://www.wikidata.org/entity/Q940536,The Damned,http://www.wikidata.org/entity/Q334648,Roxy Music
http://www.wikidata.org/entity/Q7773439,The Wannadies,http://www.wikidata.org/entity/Q125603,The Clash
http://www.wikidata.org/entity/Q7773439,The Wannadies,http://www.wikidata.org/entity/Q188464,Pixies
http://www.wikidata.org/entity/Q940536,The Damned,http://www.wikidata.org/entity/Q682021,The Groundhogs
http://www.wikidata.org/entity/Q940536,The Damned,http://www.wikidata.org/entity/Q4037666,Ducks Deluxe
http://www.wikidata.org/entity/Q1035286,Carabao,http://www.wikidata.org/entity/Q2331,Led Zeppelin
http://www.wikidata.org/entity/Q7773439,The Wannadies,http://www.wikidata.org/entity/Q182665,Iggy Pop
http://www.wikidata.org/entity/Q971332,Bluvertigo,http://www.wikidata.org/entity/Q5383,David Bowie
http://www.wikidata.org/entity/Q1045827,Cartel,http://www.wikidata.org/entity/Q47871,Green Day
http://www.wikidata.org/entity/Q951819,Scratch Acid,http://www.wikidata.org/entity/Q1018174,Butthole Surfers
http://www.wikidata.org/entity/Q973760,Skindred,http://www.wikidata.org/entity/Q1412298,Helmet
http://www.wikidata.org/entity/Q951819,Scratch Acid,http://www.wikidata.org/entity/Q188626,Sonic Youth
http://www.wikidata.org/entity/Q973760,Skindred,http://www.wikidata.org/entity/Q180880,Pantera
http://www.wikidata.org/entity/Q136822842,Die Spitz,http://www.wikidata.org/entity/Q47670,Black Sabbath
http://www.wikidata.org/entity/Q973760,Skindred,http://www.wikidata.org/entity/Q1130624,Gang of Four
http://www.wikidata.org/entity/Q973760,Skindred,http://www.wikidata.org/entity/Q224565,311
http://www.wikidata.org/entity/Q973760,Skindred,http://www.wikidata.org/entity/Q80304,Korn
http://www.wikidata.org/entity/Q940536,The Damned,http://www.wikidata.org/entity/Q5383,David Bowie
http://www.wikidata.org/entity/Q951819,Scratch Acid,http://www.wikidata.org/entity/Q572821,Big Black
http://www.wikidata.org/entity/Q940536,The Damned,http://www.wikidata.org/entity/Q1299,The Beatles
http://www.wikidata.org/entity/Q136822842,Die Spitz,http://www.wikidata.org/entity/Q11649,Nirvana
http://www.wikidata.org/entity/Q7773439,The Wannadies,http://www.wikidata.org/entity/Q5610817,Grotus
http://www.wikidata.org/entity/Q973760,Skindred,http://www.wikidata.org/entity/Q109871,Anthrax
http://www.wikidata.org/entity/Q971332,Bluvertigo,http://www.wikidata.org/entity/Q58381,Duran Duran
http://www.wikidata.org/entity/Q973760,Skindred,http://www.wikidata.org/entity/Q125603,The Clash
http://www.wikidata.org/entity/Q973760,Skindred,http://www.wikidata.org/entity/Q1135391,Corrosion of Conformity
http://www.wikidata.org/entity/Q940536,The Damned,http://www.wikidata.org/entity/Q11036,The Rolling Stones
http://www.wikidata.org/entity/Q136514496,Avant Zoom,http://www.wikidata.org/entity/Q105634998,CO‐OP
http://www.wikidata.org/entity/Q973760,Skindred,http://www.wikidata.org/entity/Q178095,The Police
http://www.wikidata.org/entity/Q973760,Skindred,http://www.wikidata.org/entity/Q1262803,Dub War
http://www.wikidata.org/entity/Q973760,Skindred,http://www.wikidata.org/entity/Q798671,Bad Brains
http://www.wikidata.org/entity/Q136514496,Avant Zoom,http://www.wikidata.org/entity/Q108570463,Mammoth WVH
http://www.wikidata.org/entity/Q971332,Bluvertigo,http://www.wikidata.org/entity/Q25147,Franco Battiato
http://www.wikidata.org/entity/Q136441504,Inder Tracks,http://www.wikidata.org/entity/Q134393110,Sons of Albion
http://www.wikidata.org/entity/Q7758619,The Protomen,http://www.wikidata.org/entity/Q7565689,Mega Man
http://www.wikidata.org/entity/Q1071154,Finger Eleven,http://www.wikidata.org/entity/Q320499,Faith No More
http://www.wikidata.org/entity/Q1045827,Cartel,http://www.wikidata.org/entity/Q247949,Bush
http://www.wikidata.org/entity/Q1045827,Cartel,http://www.wikidata.org/entity/Q157041,The Offspring
http://www.wikidata.org/entity/Q7758619,The Protomen,http://www.wikidata.org/entity/Q208460,Nineteen Eighty-Four
http://www.wikidata.org/entity/Q973760,Skindred,http://www.wikidata.org/entity/Q485039,Deftones
http://www.wikidata.org/entity/Q7773439,The Wannadies,http://www.wikidata.org/entity/Q1299,The Beatles
http://www.wikidata.org/entity/Q1071154,Finger Eleven,http://www.wikidata.org/entity/Q484255,Alice in Chains
http://www.wikidata.org/entity/Q973760,Skindred,http://www.wikidata.org/entity/Q320499,Faith No More
http://www.wikidata.org/entity/Q1045827,Cartel,http://www.wikidata.org/entity/Q483718,Foo Fighters
http://www.wikidata.org/entity/Q1045827,Cartel,http://www.wikidata.org/entity/Q175097,3 Doors Down
http://www.wikidata.org/entity/Q1045827,Cartel,http://www.wikidata.org/entity/Q125603,The Clash
http://www.wikidata.org/entity/Q1045827,Cartel,http://www.wikidata.org/entity/Q214237,The All-American Rejects
http://www.wikidata.org/entity/Q1045827,Cartel,http://www.wikidata.org/entity/Q1169219,Pierce the Veil
http://www.wikidata.org/entity/Q136514496,Avant Zoom,http://www.wikidata.org/entity/Q92990314,The Dives
http://www.wikidata.org/entity/Q938630,Dropkick Murphys,http://www.wikidata.org/entity/Q478629,The Dubliners
http://www.wikidata.org/entity/Q1045827,Cartel,http://www.wikidata.org/entity/Q1381972,Everclear
http://www.wikidata.org/entity/Q1045827,Cartel,http://www.wikidata.org/entity/Q740434,Smash Mouth
http://www.wikidata.org/entity/Q1045827,Cartel,http://www.wikidata.org/entity/Q895463,Bowling for Soup
http://www.wikidata.org/entity/Q1045827,Cartel,http://www.wikidata.org/entity/Q1373222,The Ataris
http://www.wikidata.org/entity/Q136514496,Avant Zoom,http://www.wikidata.org/entity/Q764483,Dope
http://www.wikidata.org/entity/Q136514496,Avant Zoom,http://www.wikidata.org/entity/Q136514594,Dino
http://www.wikidata.org/entity/Q136514496,Avant Zoom,http://www.wikidata.org/entity/Q310580,David Cook
http://www.wikidata.org/entity/Q1045827,Cartel,http://www.wikidata.org/entity/Q1478077,Living Colour
http://www.wikidata.org/entity/Q1045827,Cartel,http://www.wikidata.org/entity/Q174817,Soundgarden
http://www.wikidata.org/entity/Q16733086,My Excuse,http://www.wikidata.org/entity/Q192486,Kings of Leon
http://www.wikidata.org/entity/Q1045827,Cartel,http://www.wikidata.org/entity/Q221101,MxPx
http://www.wikidata.org/entity/Q136514496,Avant Zoom,http://www.wikidata.org/entity/Q826185,Busted
http://www.wikidata.org/entity/Q136514496,Avant Zoom,http://www.wikidata.org/entity/Q1888903,Midtown
http://www.wikidata.org/entity/Q1045827,Cartel,http://www.wikidata.org/entity/Q485039,Deftones
http://www.wikidata.org/entity/Q1035286,Carabao,http://www.wikidata.org/entity/Q189635,Eagles
http://www.wikidata.org/entity/Q136514496,Avant Zoom,http://www.wikidata.org/entity/Q129780537,Rolan Bolan
http://www.wikidata.org/entity/Q20104364,Pilseners,http://www.wikidata.org/entity/Q1089581,The Oppressed
http://www.wikidata.org/entity/Q1045827,Cartel,http://www.wikidata.org/entity/Q730046,Goo Goo Dolls
http://www.wikidata.org/entity/Q973760,Skindred,http://www.wikidata.org/entity/Q845265,Public Image Ltd.
http://www.wikidata.org/entity/Q136441504,Inder Tracks,http://www.wikidata.org/entity/Q7228997,Pop Evil
http://www.wikidata.org/entity/Q1035286,Carabao,http://www.wikidata.org/entity/Q105460,John Denver
http://www.wikidata.org/entity/Q113509592,Desechables,http://www.wikidata.org/entity/Q182665,Iggy Pop
http://www.wikidata.org/entity/Q124020843,Remences (band),http://www.wikidata.org/entity/Q1472482,The 4-Skins
http://www.wikidata.org/entity/Q111474093,Lion's Law,http://www.wikidata.org/entity/Q600311,Cock Sparrer
http://www.wikidata.org/entity/Q124003407,Budellam,http://www.wikidata.org/entity/Q5961204,L'Odi Social
http://www.wikidata.org/entity/Q124003407,Budellam,http://www.wikidata.org/entity/Q747112,Dag Nasty
http://www.wikidata.org/entity/Q124003407,Budellam,http://www.wikidata.org/entity/Q6134983,Subterranean Kids
http://www.wikidata.org/entity/Q113509592,Desechables,http://www.wikidata.org/entity/Q323834,Siouxsie and the Banshees
http://www.wikidata.org/entity/Q124020843,Remences (band),http://www.wikidata.org/entity/Q1932170,The Redskins
http://www.wikidata.org/entity/Q1271726,Dün,http://www.wikidata.org/entity/Q127330,Frank Zappa
http://www.wikidata.org/entity/Q1271726,Dün,http://www.wikidata.org/entity/Q914489,Magma
http://www.wikidata.org/entity/Q126095445,Q126095445,http://www.wikidata.org/entity/Q201669,Bad Religion
http://www.wikidata.org/entity/Q108199456,Zombi Pujol,http://www.wikidata.org/entity/Q6267788,Johnny Thunder
http://www.wikidata.org/entity/Q107486549,Q107486549,http://www.wikidata.org/entity/Q265222,NOFX
http://www.wikidata.org/entity/Q131403708,Q131403708,http://www.wikidata.org/entity/Q3399751,Post Regiment
http://www.wikidata.org/entity/Q68829640,The Remote Junkies,http://www.wikidata.org/entity/Q301142,Descendents
http://www.wikidata.org/entity/Q108199456,Zombi Pujol,http://www.wikidata.org/entity/Q798671,Bad Brains
http://www.wikidata.org/entity/Q120098022,Fox System,http://www.wikidata.org/entity/Q9093560,Vidres a la Sang
http://www.wikidata.org/entity/Q126093942,Q126093942,http://www.wikidata.org/entity/Q265222,NOFX
http://www.wikidata.org/entity/Q108199456,Zombi Pujol,http://www.wikidata.org/entity/Q208211,Dead Kennedys
http://www.wikidata.org/entity/Q107486549,Q107486549,http://www.wikidata.org/entity/Q482477,Blink-182
http://www.wikidata.org/entity/Q108199456,Zombi Pujol,http://www.wikidata.org/entity/Q2126038,Radio Birdman
http://www.wikidata.org/entity/Q68829640,The Remote Junkies,http://www.wikidata.org/entity/Q265222,NOFX
http://www.wikidata.org/entity/Q111525544,Ratpenat,http://www.wikidata.org/entity/Q311785,Misfits
http://www.wikidata.org/entity/Q107103185,Les Buch,http://www.wikidata.org/entity/Q56400672,Crim
http://www.wikidata.org/entity/Q108911706,Memento Mori Hardcore,http://www.wikidata.org/entity/Q395013,Agnostic Front
http://www.wikidata.org/entity/Q126095445,Q126095445,http://www.wikidata.org/entity/Q246352,Rise Against
http://www.wikidata.org/entity/Q108911706,Memento Mori Hardcore,http://www.wikidata.org/entity/Q931471,Sick of It All
http://www.wikidata.org/entity/Q126093942,Q126093942,http://www.wikidata.org/entity/Q287690,The Hives
http://www.wikidata.org/entity/Q110485652,The Demencials,http://www.wikidata.org/entity/Q20104364,Pilseners
http://www.wikidata.org/entity/Q124020843,Remences (band),http://www.wikidata.org/entity/Q973104,Cockney Rejects
http://www.wikidata.org/entity/Q107486549,Q107486549,http://www.wikidata.org/entity/Q574663,Anti-Flag
http://www.wikidata.org/entity/Q111525544,Ratpenat,http://www.wikidata.org/entity/Q830586,New York Dolls
http://www.wikidata.org/entity/Q108199456,Zombi Pujol,http://www.wikidata.org/entity/Q600311,Cock Sparrer
http://www.wikidata.org/entity/Q108199456,Zombi Pujol,http://www.wikidata.org/entity/Q522463,Circle Jerks
http://www.wikidata.org/entity/Q112584337,Judy and The Jerks,http://www.wikidata.org/entity/Q2277509,Keith Morris
http://www.wikidata.org/entity/Q108199456,Zombi Pujol,http://www.wikidata.org/entity/Q20103189,Els Surfing Sirles
http://www.wikidata.org/entity/Q108911706,Memento Mori Hardcore,http://www.wikidata.org/entity/Q6134983,Subterranean Kids
http://www.wikidata.org/entity/Q122969444,Distorsión,http://www.wikidata.org/entity/Q483407,Ramones
http://www.wikidata.org/entity/Q111525544,Ratpenat,http://www.wikidata.org/entity/Q208211,Dead Kennedys
http://www.wikidata.org/entity/Q111525544,Ratpenat,http://www.wikidata.org/entity/Q2098530,Plasmatics
http://www.wikidata.org/entity/Q112584337,Judy and The Jerks,http://www.wikidata.org/entity/Q215026,Debbie Harry
http://www.wikidata.org/entity/Q110156519,Anal Hard,http://www.wikidata.org/entity/Q268359,Hatebreed
http://www.wikidata.org/entity/Q124051915,Knür,http://www.wikidata.org/entity/Q3738658,Fall of Efrafa
http://www.wikidata.org/entity/Q68829640,The Remote Junkies,http://www.wikidata.org/entity/Q842156,Lagwagon
http://www.wikidata.org/entity/Q112584337,Judy and The Jerks,http://www.wikidata.org/entity/Q1538312,Gorilla Biscuits
http://www.wikidata.org/entity/Q112584337,Judy and The Jerks,http://www.wikidata.org/entity/Q1783981,Negative Approach
http://www.wikidata.org/entity/Q112124541,Achtung!Babies,http://www.wikidata.org/entity/Q499757,Tarakany!
http://www.wikidata.org/entity/Q123995911,Batec (band),http://www.wikidata.org/entity/Q119948411,Código Neurótico
http://www.wikidata.org/entity/Q111525544,Ratpenat,http://www.wikidata.org/entity/Q5961204,L'Odi Social
http://www.wikidata.org/entity/Q110156519,Anal Hard,http://www.wikidata.org/entity/Q795030,Brujeria
http://www.wikidata.org/entity/Q110156519,Anal Hard,http://www.wikidata.org/entity/Q395013,Agnostic Front
http://www.wikidata.org/entity/Q110156519,Anal Hard,http://www.wikidata.org/entity/Q931471,Sick of It All
http://www.wikidata.org/entity/Q107103185,Les Buch,http://www.wikidata.org/entity/Q157041,The Offspring
http://www.wikidata.org/entity/Q107103185,Les Buch,http://www.wikidata.org/entity/Q201669,Bad Religion
http://www.wikidata.org/entity/Q112584337,Judy and The Jerks,http://www.wikidata.org/entity/Q7390429,SIN 34
http://www.wikidata.org/entity/Q107103185,Les Buch,http://www.wikidata.org/entity/Q1138185,L7
http://www.wikidata.org/entity/Q111474093,Lion's Law,http://www.wikidata.org/entity/Q1751483,The Business
http://www.wikidata.org/entity/Q120098022,Fox System,http://www.wikidata.org/entity/Q311785,Misfits
http://www.wikidata.org/entity/Q111474093,Lion's Law,http://www.wikidata.org/entity/Q1028582,Camera silens
http://www.wikidata.org/entity/Q107103185,Les Buch,http://www.wikidata.org/entity/Q265222,NOFX
http://www.wikidata.org/entity/Q107103185,Les Buch,http://www.wikidata.org/entity/Q1676311,The Baboon Show
http://www.wikidata.org/entity/Q120098022,Fox System,http://www.wikidata.org/entity/Q483407,Ramones
http://www.wikidata.org/entity/Q107103185,Les Buch,http://www.wikidata.org/entity/Q913662,The Distillers
http://www.wikidata.org/entity/Q113509592,Desechables,http://www.wikidata.org/entity/Q172763,Joy Division
http://www.wikidata.org/entity/Q107103185,Les Buch,http://www.wikidata.org/entity/Q976882,Social Distortion
http://www.wikidata.org/entity/Q113509592,Desechables,http://www.wikidata.org/entity/Q1361146,The Cramps
http://www.wikidata.org/entity/Q5697049,Q5697049,http://www.wikidata.org/entity/Q1785354,MDC
http://www.wikidata.org/entity/Q56400672,Crim,http://www.wikidata.org/entity/Q3571363,KOP
http://www.wikidata.org/entity/Q5848349,Núcleo Terco,http://www.wikidata.org/entity/Q11910988,Camarada Kalashnikov
http://www.wikidata.org/entity/Q29068119,Rat-zinger,http://www.wikidata.org/entity/Q117684,The Exploited
http://www.wikidata.org/entity/Q29068119,Rat-zinger,http://www.wikidata.org/entity/Q3323676,RIP
http://www.wikidata.org/entity/Q20108759,Ràbia Positiva,http://www.wikidata.org/entity/Q747112,Dag Nasty
http://www.wikidata.org/entity/Q1242174,Pooh,http://www.wikidata.org/entity/Q1299,The Beatles
http://www.wikidata.org/entity/Q4045457,Non Servium,http://www.wikidata.org/entity/Q126074865,Animales Muertos
http://www.wikidata.org/entity/Q10319684,Looking for an Answer,http://www.wikidata.org/entity/Q1853330,Repulsion
http://www.wikidata.org/entity/Q4895718,Opció K-95,http://www.wikidata.org/entity/Q806241,Banda Bassotti
http://www.wikidata.org/entity/Q5848349,Núcleo Terco,http://www.wikidata.org/entity/Q2893979,Pablo Hasél
http://www.wikidata.org/entity/Q1242447,DOOM:VS,http://www.wikidata.org/entity/Q1539810,Shape of Despair
http://www.wikidata.org/entity/Q5848349,Núcleo Terco,http://www.wikidata.org/entity/Q4045457,Non Servium
http://www.wikidata.org/entity/Q5848349,Núcleo Terco,http://www.wikidata.org/entity/Q4895718,Opció K-95
http://www.wikidata.org/entity/Q5848349,Núcleo Terco,http://www.wikidata.org/entity/Q20104364,Pilseners
http://www.wikidata.org/entity/Q842156,Lagwagon,http://www.wikidata.org/entity/Q742700,Rich Kids on LSD
http://www.wikidata.org/entity/Q5848349,Núcleo Terco,http://www.wikidata.org/entity/Q5839890,Espasmódicos
http://www.wikidata.org/entity/Q5848349,Núcleo Terco,http://www.wikidata.org/entity/Q5847624,Kaos Urbano
http://www.wikidata.org/entity/Q10319684,Looking for an Answer,http://www.wikidata.org/entity/Q1534282,Ratos de Porão
http://www.wikidata.org/entity/Q4895718,Opció K-95,http://www.wikidata.org/entity/Q973104,Cockney Rejects
http://www.wikidata.org/entity/Q10319684,Looking for an Answer,http://www.wikidata.org/entity/Q11703358,Ruido de Rabia
http://www.wikidata.org/entity/Q56400672,Crim,http://www.wikidata.org/entity/Q5961204,L'Odi Social
http://www.wikidata.org/entity/Q1242174,Pooh,http://www.wikidata.org/entity/Q2306,Pink Floyd
http://www.wikidata.org/entity/Q3753043,Inadaptats,http://www.wikidata.org/entity/Q72092,Rage Against the Machine
http://www.wikidata.org/entity/Q11950442,Suburban Rebels,http://www.wikidata.org/entity/Q1751483,The Business
http://www.wikidata.org/entity/Q5697049,Q5697049,http://www.wikidata.org/entity/Q4021028,Wretched
http://www.wikidata.org/entity/Q3753043,Inadaptats,http://www.wikidata.org/entity/Q2734296,Ovidi Montllor
http://www.wikidata.org/entity/Q3753043,Inadaptats,http://www.wikidata.org/entity/Q1549224,Kortatu
http://www.wikidata.org/entity/Q10319684,Looking for an Answer,http://www.wikidata.org/entity/Q321762,Napalm Death
http://www.wikidata.org/entity/Q633735,Have Heart,http://www.wikidata.org/entity/Q783088,Inside Out
http://www.wikidata.org/entity/Q633735,Have Heart,http://www.wikidata.org/entity/Q1660643,In My Eyes
http://www.wikidata.org/entity/Q3753043,Inadaptats,http://www.wikidata.org/entity/Q12257343,Etsaiak
http://www.wikidata.org/entity/Q1676311,The Baboon Show,http://www.wikidata.org/entity/Q860153,Bikini Kill
http://www.wikidata.org/entity/Q4916080,Birds in Row,http://www.wikidata.org/entity/Q637727,Envy
http://www.wikidata.org/entity/Q3753043,Inadaptats,http://www.wikidata.org/entity/Q806241,Banda Bassotti
http://www.wikidata.org/entity/Q201669,Bad Religion,http://www.wikidata.org/entity/Q483407,Ramones
http://www.wikidata.org/entity/Q3753043,Inadaptats,http://www.wikidata.org/entity/Q5961204,L'Odi Social
http://www.wikidata.org/entity/Q3753043,Inadaptats,http://www.wikidata.org/entity/Q762674,Negu Gorriak
http://www.wikidata.org/entity/Q28869470,The Anti-Patiks,http://www.wikidata.org/entity/Q201669,Bad Religion
http://www.wikidata.org/entity/Q85854286,Orquesta Akokán,http://www.wikidata.org/entity/Q333002,mambo
http://www.wikidata.org/entity/Q12257343,Etsaiak,http://www.wikidata.org/entity/Q3323676,RIP
http://www.wikidata.org/entity/Q4916080,Birds in Row,http://www.wikidata.org/entity/Q1143521,Cult of Luna
http://www.wikidata.org/entity/Q4916080,Birds in Row,http://www.wikidata.org/entity/Q277865,Fugazi
http://www.wikidata.org/entity/Q29068119,Rat-zinger,http://www.wikidata.org/entity/Q19697,Motörhead
http://www.wikidata.org/entity/Q201669,Bad Religion,http://www.wikidata.org/entity/Q1850698,The Germs
http://www.wikidata.org/entity/Q4916080,Birds in Row,http://www.wikidata.org/entity/Q281894,Converge
http://www.wikidata.org/entity/Q1242174,Pooh,http://www.wikidata.org/entity/Q1068887,Inti-Illimani
http://www.wikidata.org/entity/Q28869470,The Anti-Patiks,http://www.wikidata.org/entity/Q125603,The Clash
http://www.wikidata.org/entity/Q12257343,Etsaiak,http://www.wikidata.org/entity/Q9003293,Hertzainak
http://www.wikidata.org/entity/Q28869470,The Anti-Patiks,http://www.wikidata.org/entity/Q390590,Rancid
http://www.wikidata.org/entity/Q6049380,Oi! The Arrase,http://www.wikidata.org/entity/Q521396,Angelic Upstarts
http://www.wikidata.org/entity/Q28869470,The Anti-Patiks,http://www.wikidata.org/entity/Q1402096,U.S. Bombs
http://www.wikidata.org/entity/Q28869470,The Anti-Patiks,http://www.wikidata.org/entity/Q265222,NOFX
http://www.wikidata.org/entity/Q201669,Bad Religion,http://www.wikidata.org/entity/Q522463,Circle Jerks
http://www.wikidata.org/entity/Q742700,Rich Kids on LSD,http://www.wikidata.org/entity/Q798671,Bad Brains
http://www.wikidata.org/entity/Q11950442,Suburban Rebels,http://www.wikidata.org/entity/Q973104,Cockney Rejects
http://www.wikidata.org/entity/Q742700,Rich Kids on LSD,http://www.wikidata.org/entity/Q1807708,Youth Brigade
http://www.wikidata.org/entity/Q12257343,Etsaiak,http://www.wikidata.org/entity/Q4045813,One Way System
http://www.wikidata.org/entity/Q742700,Rich Kids on LSD,http://www.wikidata.org/entity/Q1850698,The Germs
http://www.wikidata.org/entity/Q20108759,Ràbia Positiva,http://www.wikidata.org/entity/Q125603,The Clash
http://www.wikidata.org/entity/Q20108759,Ràbia Positiva,http://www.wikidata.org/entity/Q1549224,Kortatu
http://www.wikidata.org/entity/Q6049380,Oi! The Arrase,http://www.wikidata.org/entity/Q973104,Cockney Rejects
http://www.wikidata.org/entity/Q4895718,Opció K-95,http://www.wikidata.org/entity/Q935223,Last Resort
http://www.wikidata.org/entity/Q12257343,Etsaiak,http://www.wikidata.org/entity/Q742700,Rich Kids on LSD
http://www.wikidata.org/entity/Q1431118,Good Clean Fun,http://www.wikidata.org/entity/Q1538312,Gorilla Biscuits
http://www.wikidata.org/entity/Q29950701,Banane Metalik,http://www.wikidata.org/entity/Q721305,Frank Margerin
http://www.wikidata.org/entity/Q139801632,Q139801632,http://www.wikidata.org/entity/Q2306,Pink Floyd
http://www.wikidata.org/entity/Q28869470,The Anti-Patiks,http://www.wikidata.org/entity/Q728289,Toy Dolls
http://www.wikidata.org/entity/Q56400672,Crim,http://www.wikidata.org/entity/Q124003407,Budellam
http://www.wikidata.org/entity/Q4895718,Opció K-95,http://www.wikidata.org/entity/Q1402204,Stage Bottles
http://www.wikidata.org/entity/Q4895718,Opció K-95,http://www.wikidata.org/entity/Q1429925,Los Fastidios
http://www.wikidata.org/entity/Q5848349,Núcleo Terco,http://www.wikidata.org/entity/Q1549224,Kortatu
http://www.wikidata.org/entity/Q742700,Rich Kids on LSD,http://www.wikidata.org/entity/Q810908,Battalion of Saints
http://www.wikidata.org/entity/Q139801632,Q139801632,http://www.wikidata.org/entity/Q48187,Eric Clapton
http://www.wikidata.org/entity/Q1381972,Everclear,http://www.wikidata.org/entity/Q11649,Nirvana
http://www.wikidata.org/entity/Q29788531,Servicentro,http://www.wikidata.org/entity/Q485820,Blur
http://www.wikidata.org/entity/Q59773470,DeafBrood,http://www.wikidata.org/entity/Q27593,AC/DC
http://www.wikidata.org/entity/Q29788531,Servicentro,http://www.wikidata.org/entity/Q126826,Aerosmith
http://www.wikidata.org/entity/Q29788531,Servicentro,http://www.wikidata.org/entity/Q162586,Dream Theater
http://www.wikidata.org/entity/Q29788531,Servicentro,http://www.wikidata.org/entity/Q142701,Pearl Jam
http://www.wikidata.org/entity/Q59773470,DeafBrood,http://www.wikidata.org/entity/Q19697,Motörhead
http://www.wikidata.org/entity/Q113336119,Abandoned Stars,http://www.wikidata.org/entity/Q18557,Opeth
http://www.wikidata.org/entity/Q21468763,Tűzkerék xT,http://www.wikidata.org/entity/Q1244803,Béla Radics
http://www.wikidata.org/entity/Q110918175,Los Mambo Jambo,http://www.wikidata.org/entity/Q438460,Ben Webster
http://www.wikidata.org/entity/Q110918175,Los Mambo Jambo,http://www.wikidata.org/entity/Q1820469,Les Baxter
http://www.wikidata.org/entity/Q109393457,Zeidun,http://www.wikidata.org/entity/Q4955640,Braid
http://www.wikidata.org/entity/Q1374009,SR-71,http://www.wikidata.org/entity/Q93346,The Who
http://www.wikidata.org/entity/Q109393457,Zeidun,http://www.wikidata.org/entity/Q1358175,Refused
http://www.wikidata.org/entity/Q55815169,Mt. Eddy,http://www.wikidata.org/entity/Q211583,The Strokes
http://www.wikidata.org/entity/Q1191761,Spacemen 3,http://www.wikidata.org/entity/Q285108,Suicide
http://www.wikidata.org/entity/Q115015633,The Representatives of Monkey Jack,http://www.wikidata.org/entity/Q484839,Placebo
http://www.wikidata.org/entity/Q53405005,Spanta la Xente,http://www.wikidata.org/entity/Q10975368,La Coḷḷá Propinde
http://www.wikidata.org/entity/Q1191761,Spacemen 3,http://www.wikidata.org/entity/Q103550,The Velvet Underground
http://www.wikidata.org/entity/Q1381972,Everclear,http://www.wikidata.org/entity/Q47871,Green Day
http://www.wikidata.org/entity/Q110918175,Los Mambo Jambo,http://www.wikidata.org/entity/Q455754,Screamin' Jay Hawkins
http://www.wikidata.org/entity/Q1402204,Stage Bottles,http://www.wikidata.org/entity/Q1549224,Kortatu
http://www.wikidata.org/entity/Q55815169,Mt. Eddy,http://www.wikidata.org/entity/Q130798,Kendrick Lamar
http://www.wikidata.org/entity/Q1374009,SR-71,http://www.wikidata.org/entity/Q125603,The Clash
http://www.wikidata.org/entity/Q1180841,dead prez,http://www.wikidata.org/entity/Q43303,Malcolm X
http://www.wikidata.org/entity/Q109393457,Zeidun,http://www.wikidata.org/entity/Q10677618,Starmarket
http://www.wikidata.org/entity/Q1374009,SR-71,http://www.wikidata.org/entity/Q1155385,Third Eye Blind
http://www.wikidata.org/entity/Q1374009,SR-71,http://www.wikidata.org/entity/Q178095,The Police
http://www.wikidata.org/entity/Q55815169,Mt. Eddy,http://www.wikidata.org/entity/Q170599,Arctic Monkeys
http://www.wikidata.org/entity/Q109393457,Zeidun,http://www.wikidata.org/entity/Q265222,NOFX
http://www.wikidata.org/entity/Q53405005,Spanta la Xente,http://www.wikidata.org/entity/Q2748433,Dixebra
http://www.wikidata.org/entity/Q55815169,Mt. Eddy,http://www.wikidata.org/entity/Q4038524,FIDLAR
http://www.wikidata.org/entity/Q55815169,Mt. Eddy,http://www.wikidata.org/entity/Q4042220,King Krule
http://www.wikidata.org/entity/Q110918175,Los Mambo Jambo,http://www.wikidata.org/entity/Q252248,Link Wray
http://www.wikidata.org/entity/Q109393457,Zeidun,http://www.wikidata.org/entity/Q1757786,The Get Up Kids
http://www.wikidata.org/entity/Q31283512,Bala,http://www.wikidata.org/entity/Q184217,The Smashing Pumpkins
http://www.wikidata.org/entity/Q1191761,Spacemen 3,http://www.wikidata.org/entity/Q2314176,psychedelic drug
http://www.wikidata.org/entity/Q1155385,Third Eye Blind,http://www.wikidata.org/entity/Q622947,Jane's Addiction
http://www.wikidata.org/entity/Q53405005,Spanta la Xente,http://www.wikidata.org/entity/Q3320623,Nuberu
http://www.wikidata.org/entity/Q46640506,Q46640506,http://www.wikidata.org/entity/Q897754,Brand New
http://www.wikidata.org/entity/Q46640506,Q46640506,http://www.wikidata.org/entity/Q7598682,Standstill
http://www.wikidata.org/entity/Q115015633,The Representatives of Monkey Jack,http://www.wikidata.org/entity/Q268160,The White Stripes
http://www.wikidata.org/entity/Q31283512,Bala,http://www.wikidata.org/entity/Q219772,PJ Harvey
http://www.wikidata.org/entity/Q1191761,Spacemen 3,http://www.wikidata.org/entity/Q208767,The Stooges
http://www.wikidata.org/entity/Q110918175,Los Mambo Jambo,http://www.wikidata.org/entity/Q354508,Sun Ra
http://www.wikidata.org/entity/Q1155385,Third Eye Blind,http://www.wikidata.org/entity/Q1030927,Camper Van Beethoven
http://www.wikidata.org/entity/Q24938234,Gromyka,http://www.wikidata.org/entity/Q4310714,N.O.M.
http://www.wikidata.org/entity/Q1374009,SR-71,http://www.wikidata.org/entity/Q82545,Sex Pistols
http://www.wikidata.org/entity/Q96065650,As Sublimes,http://www.wikidata.org/entity/Q218837,The Supremes
http://www.wikidata.org/entity/Q31283512,Bala,http://www.wikidata.org/entity/Q860153,Bikini Kill
http://www.wikidata.org/entity/Q1374009,SR-71,http://www.wikidata.org/entity/Q329270,Stone Temple Pilots
http://www.wikidata.org/entity/Q1155385,Third Eye Blind,http://www.wikidata.org/entity/Q189080,Lou Reed
http://www.wikidata.org/entity/Q21426164,Ten Commando,http://www.wikidata.org/entity/Q142701,Pearl Jam
http://www.wikidata.org/entity/Q1155385,Third Eye Blind,http://www.wikidata.org/entity/Q483718,Foo Fighters
http://www.wikidata.org/entity/Q110918175,Los Mambo Jambo,http://www.wikidata.org/entity/Q557535,Martin Denny
http://www.wikidata.org/entity/Q29788531,Servicentro,http://www.wikidata.org/entity/Q1299,The Beatles
http://www.wikidata.org/entity/Q1402204,Stage Bottles,http://www.wikidata.org/entity/Q521396,Angelic Upstarts
http://www.wikidata.org/entity/Q109393457,Zeidun,http://www.wikidata.org/entity/Q3603529,Abhinanda
http://www.wikidata.org/entity/Q1155385,Third Eye Blind,http://www.wikidata.org/entity/Q125603,The Clash
http://www.wikidata.org/entity/Q55815169,Mt. Eddy,http://www.wikidata.org/entity/Q18719011,SWMRS
http://www.wikidata.org/entity/Q55815169,Mt. Eddy,http://www.wikidata.org/entity/Q606226,The Black Keys
http://www.wikidata.org/entity/Q55815169,Mt. Eddy,http://www.wikidata.org/entity/Q4875710,Beach Fossils
http://www.wikidata.org/entity/Q1381972,Everclear,http://www.wikidata.org/entity/Q1066024,The Replacements
http://www.wikidata.org/entity/Q1155385,Third Eye Blind,http://www.wikidata.org/entity/Q178095,The Police
http://www.wikidata.org/entity/Q1407424,The Jimi Hendrix Experience,http://www.wikidata.org/entity/Q203736,Cream
http://www.wikidata.org/entity/Q1407424,The Jimi Hendrix Experience,http://www.wikidata.org/entity/Q93346,The Who
http://www.wikidata.org/entity/Q1381972,Everclear,http://www.wikidata.org/entity/Q1127431,Green River
http://www.wikidata.org/entity/Q113336119,Abandoned Stars,http://www.wikidata.org/entity/Q648940,Symphony X
http://www.wikidata.org/entity/Q28799862,Sweet Eve,http://www.wikidata.org/entity/Q15920,Metallica
http://www.wikidata.org/entity/Q1155385,Third Eye Blind,http://www.wikidata.org/entity/Q142701,Pearl Jam
http://www.wikidata.org/entity/Q1155385,Third Eye Blind,http://www.wikidata.org/entity/Q1476499,Hootie & the Blowfish
http://www.wikidata.org/entity/Q21426156,Feu! Chatterton,http://www.wikidata.org/entity/Q380045,Alain Bashung
http://www.wikidata.org/entity/Q1155385,Third Eye Blind,http://www.wikidata.org/entity/Q178549,Counting Crows
http://www.wikidata.org/entity/Q55815169,Mt. Eddy,http://www.wikidata.org/entity/Q24963042,Jack and Eliza
http://www.wikidata.org/entity/Q109393457,Zeidun,http://www.wikidata.org/entity/Q81509,Minor Threat
http://www.wikidata.org/entity/Q1381972,Everclear,http://www.wikidata.org/entity/Q188626,Sonic Youth
http://www.wikidata.org/entity/Q1402204,Stage Bottles,http://www.wikidata.org/entity/Q881063,Blaggers ITA
http://www.wikidata.org/entity/Q1155385,Third Eye Blind,http://www.wikidata.org/entity/Q730046,Goo Goo Dolls
http://www.wikidata.org/entity/Q113336119,Abandoned Stars,http://www.wikidata.org/entity/Q542745,Angra
http://www.wikidata.org/entity/Q46640506,Q46640506,http://www.wikidata.org/entity/Q952245,Berri Txarrak
http://www.wikidata.org/entity/Q1381972,Everclear,http://www.wikidata.org/entity/Q188464,Pixies
http://www.wikidata.org/entity/Q1155385,Third Eye Blind,http://www.wikidata.org/entity/Q287514,Marc Bolan
http://www.wikidata.org/entity/Q113336119,Abandoned Stars,http://www.wikidata.org/entity/Q162586,Dream Theater
http://www.wikidata.org/entity/Q1370588,New Edition,http://www.wikidata.org/entity/Q43267,The Jackson 5
http://www.wikidata.org/entity/Q6669064,Candy Mafia,http://www.wikidata.org/entity/Q213665,K-pop
http://www.wikidata.org/entity/Q1381972,Everclear,http://www.wikidata.org/entity/Q142701,Pearl Jam
http://www.wikidata.org/entity/Q1381972,Everclear,http://www.wikidata.org/entity/Q1411035,Screaming Trees
http://www.wikidata.org/entity/Q1381972,Everclear,http://www.wikidata.org/entity/Q1417587,The Afghan Whigs
http://www.wikidata.org/entity/Q1381972,Everclear,http://www.wikidata.org/entity/Q1473092,Uncle Tupelo
http://www.wikidata.org/entity/Q24938234,Gromyka,http://www.wikidata.org/entity/Q951225,Zvuki Mu
http://www.wikidata.org/entity/Q1381972,Everclear,http://www.wikidata.org/entity/Q174817,Soundgarden
http://www.wikidata.org/entity/Q1381972,Everclear,http://www.wikidata.org/entity/Q898820,Mudhoney
http://www.wikidata.org/entity/Q1381972,Everclear,http://www.wikidata.org/entity/Q206181,Hank Williams
http://www.wikidata.org/entity/Q1155385,Third Eye Blind,http://www.wikidata.org/entity/Q504458,Huey Lewis
http://www.wikidata.org/entity/Q59773470,DeafBrood,http://www.wikidata.org/entity/Q1965814,Nashville Pussy
http://www.wikidata.org/entity/Q55815169,Mt. Eddy,http://www.wikidata.org/entity/Q11649,Nirvana
http://www.wikidata.org/entity/Q30674084,Sorry About Your Daughter,http://www.wikidata.org/entity/Q1549376,Jawbox
http://www.wikidata.org/entity/Q55815169,Mt. Eddy,http://www.wikidata.org/entity/Q42775,Johnny Cash
http://www.wikidata.org/entity/Q31283512,Bala,http://www.wikidata.org/entity/Q2331,Led Zeppelin
http://www.wikidata.org/entity/Q1374009,SR-71,http://www.wikidata.org/entity/Q1299,The Beatles
http://www.wikidata.org/entity/Q1374009,SR-71,http://www.wikidata.org/entity/Q15862,Queen
http://www.wikidata.org/entity/Q31283512,Bala,http://www.wikidata.org/entity/Q11649,Nirvana
http://www.wikidata.org/entity/Q1374009,SR-71,http://www.wikidata.org/entity/Q396,U2
http://www.wikidata.org/entity/Q1402704,Pentagram,http://www.wikidata.org/entity/Q47670,Black Sabbath
http://www.wikidata.org/entity/Q59773470,DeafBrood,http://www.wikidata.org/entity/Q408139,Airbourne
http://www.wikidata.org/entity/Q21468763,Tűzkerék xT,http://www.wikidata.org/entity/Q5928,Jimi Hendrix
http://www.wikidata.org/entity/Q1381972,Everclear,http://www.wikidata.org/entity/Q512312,Soul Asylum
http://www.wikidata.org/entity/Q55815169,Mt. Eddy,http://www.wikidata.org/entity/Q14517,Mac DeMarco
http://www.wikidata.org/entity/Q1374009,SR-71,http://www.wikidata.org/entity/Q58381,Duran Duran
http://www.wikidata.org/entity/Q30674084,Sorry About Your Daughter,http://www.wikidata.org/entity/Q5397099,Shudder to Think
http://www.wikidata.org/entity/Q21569166,The Capaces,http://www.wikidata.org/entity/Q830316,MC5
http://www.wikidata.org/entity/Q1155385,Third Eye Blind,http://www.wikidata.org/entity/Q7542,Prince
http://www.wikidata.org/entity/Q1155385,Third Eye Blind,http://www.wikidata.org/entity/Q5383,David Bowie
http://www.wikidata.org/entity/Q1381972,Everclear,http://www.wikidata.org/entity/Q862223,Hüsker Dü
http://www.wikidata.org/entity/Q44011227,Truman Brothers,http://www.wikidata.org/entity/Q1208723,Diamond Rio
http://www.wikidata.org/entity/Q1155385,Third Eye Blind,http://www.wikidata.org/entity/Q15862,Queen
http://www.wikidata.org/entity/Q1155385,Third Eye Blind,http://www.wikidata.org/entity/Q11649,Nirvana
http://www.wikidata.org/entity/Q1407424,The Jimi Hendrix Experience,http://www.wikidata.org/entity/Q392,Bob Dylan
http://www.wikidata.org/entity/Q1381972,Everclear,http://www.wikidata.org/entity/Q633,Neil Young
http://www.wikidata.org/entity/Q1381972,Everclear,http://www.wikidata.org/entity/Q1299,The Beatles
http://www.wikidata.org/entity/Q21569166,The Capaces,http://www.wikidata.org/entity/Q208767,The Stooges
http://www.wikidata.org/entity/Q486688,Mötley Crüe,http://www.wikidata.org/entity/Q126826,Aerosmith
http://www.wikidata.org/entity/Q486688,Mötley Crüe,http://www.wikidata.org/entity/Q133151,Ozzy Osbourne
http://www.wikidata.org/entity/Q2116606,The 3rd and the Mortal,http://www.wikidata.org/entity/Q687651,The Gathering
http://www.wikidata.org/entity/Q1353720,Shadows Fall,http://www.wikidata.org/entity/Q258546,In Flames
http://www.wikidata.org/entity/Q1888903,Midtown,http://www.wikidata.org/entity/Q1066024,The Replacements
http://www.wikidata.org/entity/Q486688,Mötley Crüe,http://www.wikidata.org/entity/Q332032,Alice Cooper
http://www.wikidata.org/entity/Q114900526,667,http://www.wikidata.org/entity/Q115691081,Chicago drill
http://www.wikidata.org/entity/Q486688,Mötley Crüe,http://www.wikidata.org/entity/Q190155,Van Halen
http://www.wikidata.org/entity/Q486688,Mötley Crüe,http://www.wikidata.org/entity/Q211770,T. Rex
http://www.wikidata.org/entity/Q1888903,Midtown,http://www.wikidata.org/entity/Q1824524,Lifetime
http://www.wikidata.org/entity/Q486688,Mötley Crüe,http://www.wikidata.org/entity/Q331016,Blue Öyster Cult
http://www.wikidata.org/entity/Q486688,Mötley Crüe,http://www.wikidata.org/entity/Q82545,Sex Pistols
http://www.wikidata.org/entity/Q182032,JKT48,http://www.wikidata.org/entity/Q51118,AKB48
http://www.wikidata.org/entity/Q136458199,Q136458199,http://www.wikidata.org/entity/Q111474093,Lion's Law
http://www.wikidata.org/entity/Q5494459,Ha*Ash,http://www.wikidata.org/entity/Q142636,The Chicks
http://www.wikidata.org/entity/Q1888903,Midtown,http://www.wikidata.org/entity/Q209956,Weezer
http://www.wikidata.org/entity/Q486688,Mötley Crüe,http://www.wikidata.org/entity/Q287514,Marc Bolan
http://www.wikidata.org/entity/Q1478077,Living Colour,http://www.wikidata.org/entity/Q203871,Rush
http://www.wikidata.org/entity/Q1478077,Living Colour,http://www.wikidata.org/entity/Q453406,Stanley Clarke
http://www.wikidata.org/entity/Q1478077,Living Colour,http://www.wikidata.org/entity/Q192474,Jeff Beck
http://www.wikidata.org/entity/Q486688,Mötley Crüe,http://www.wikidata.org/entity/Q435780,Sammy Hagar
http://www.wikidata.org/entity/Q1478077,Living Colour,http://www.wikidata.org/entity/Q1120697,Weather Report
http://www.wikidata.org/entity/Q1888903,Midtown,http://www.wikidata.org/entity/Q1338793,Millencolin
http://www.wikidata.org/entity/Q486688,Mötley Crüe,http://www.wikidata.org/entity/Q505072,Johnny Thunders
http://www.wikidata.org/entity/Q1888903,Midtown,http://www.wikidata.org/entity/Q166006,The Lemonheads
http://www.wikidata.org/entity/Q1888903,Midtown,http://www.wikidata.org/entity/Q265222,NOFX
http://www.wikidata.org/entity/Q1888903,Midtown,http://www.wikidata.org/entity/Q1549376,Jawbox
http://www.wikidata.org/entity/Q1534282,Ratos de Porão,http://www.wikidata.org/entity/Q1544744,Terveet Kädet
http://www.wikidata.org/entity/Q1976152,Igor & The Red Elvises,http://www.wikidata.org/entity/Q1161663,Stray Cats
http://www.wikidata.org/entity/Q1478077,Living Colour,http://www.wikidata.org/entity/Q1892425,Parliament
http://www.wikidata.org/entity/Q1478077,Living Colour,http://www.wikidata.org/entity/Q82222,Little Richard
http://www.wikidata.org/entity/Q1478077,Living Colour,http://www.wikidata.org/entity/Q125603,The Clash
http://www.wikidata.org/entity/Q1478077,Living Colour,http://www.wikidata.org/entity/Q205001,Talking Heads
http://www.wikidata.org/entity/Q1478077,Living Colour,http://www.wikidata.org/entity/Q1133807,Sly and the Family Stone
http://www.wikidata.org/entity/Q1888903,Midtown,http://www.wikidata.org/entity/Q1757786,The Get Up Kids
http://www.wikidata.org/entity/Q1888903,Midtown,http://www.wikidata.org/entity/Q221101,MxPx
http://www.wikidata.org/entity/Q1888903,Midtown,http://www.wikidata.org/entity/Q2064784,The Movielife
http://www.wikidata.org/entity/Q1478077,Living Colour,http://www.wikidata.org/entity/Q483407,Ramones
http://www.wikidata.org/entity/Q1478077,Living Colour,http://www.wikidata.org/entity/Q1291507,Ohio Players
http://www.wikidata.org/entity/Q1513716,Wild Beasts,http://www.wikidata.org/entity/Q180598,The Smiths
http://www.wikidata.org/entity/Q1922274,Mes Souliers Sont Rouges,http://www.wikidata.org/entity/Q3228051,Le Vent du Nord
http://www.wikidata.org/entity/Q1478077,Living Colour,http://www.wikidata.org/entity/Q798671,Bad Brains
http://www.wikidata.org/entity/Q1639080,Kowloon Walled City,http://www.wikidata.org/entity/Q474627,Amphetamine Reptile Records
http://www.wikidata.org/entity/Q114900526,667,http://www.wikidata.org/entity/Q3439789,Roi Heenok
http://www.wikidata.org/entity/Q1501183,Vintersorg,http://www.wikidata.org/entity/Q1215940,The Legend of the Ice People
http://www.wikidata.org/entity/Q1478077,Living Colour,http://www.wikidata.org/entity/Q159351,Run-DMC
http://www.wikidata.org/entity/Q1358175,Refused,http://www.wikidata.org/entity/Q822462,Born Against
http://www.wikidata.org/entity/Q1478077,Living Colour,http://www.wikidata.org/entity/Q523957,Funkadelic
http://www.wikidata.org/entity/Q1478077,Living Colour,http://www.wikidata.org/entity/Q189758,Marvin Gaye
http://www.wikidata.org/entity/Q1478077,Living Colour,http://www.wikidata.org/entity/Q190155,Van Halen
http://www.wikidata.org/entity/Q114900526,667,http://www.wikidata.org/entity/Q206032,Gucci Mane
http://www.wikidata.org/entity/Q114900526,667,http://www.wikidata.org/entity/Q1849006,Houston hip-hop
http://www.wikidata.org/entity/Q1478077,Living Colour,http://www.wikidata.org/entity/Q6494345,Last Exit
http://www.wikidata.org/entity/Q2070724,Atoll,http://www.wikidata.org/entity/Q11399,rock music
http://www.wikidata.org/entity/Q114900526,667,http://www.wikidata.org/entity/Q12640968,Raider Klan
http://www.wikidata.org/entity/Q114900526,667,http://www.wikidata.org/entity/Q2414771,Ghetto Fabulous Gang
http://www.wikidata.org/entity/Q1478077,Living Colour,http://www.wikidata.org/entity/Q331088,Ronald Shannon Jackson
http://www.wikidata.org/entity/Q1579194,Radio Moscow,http://www.wikidata.org/entity/Q315408,Peter Green
http://www.wikidata.org/entity/Q486688,Mötley Crüe,http://www.wikidata.org/entity/Q47670,Black Sabbath
http://www.wikidata.org/entity/Q486688,Mötley Crüe,http://www.wikidata.org/entity/Q5383,David Bowie
http://www.wikidata.org/entity/Q486688,Mötley Crüe,http://www.wikidata.org/entity/Q2331,Led Zeppelin
http://www.wikidata.org/entity/Q486688,Mötley Crüe,http://www.wikidata.org/entity/Q1299,The Beatles
http://www.wikidata.org/entity/Q131231,Slayer,http://www.wikidata.org/entity/Q192861,Venom
http://www.wikidata.org/entity/Q1888903,Midtown,http://www.wikidata.org/entity/Q939329,Buzzcocks
http://www.wikidata.org/entity/Q486688,Mötley Crüe,http://www.wikidata.org/entity/Q11036,The Rolling Stones
http://www.wikidata.org/entity/Q1521915,Ghost of the Robot,http://www.wikidata.org/entity/Q11649,Nirvana
http://www.wikidata.org/entity/Q1813924,La Pegatina,http://www.wikidata.org/entity/Q969654,Macaco
http://www.wikidata.org/entity/Q1586748,Talco,http://www.wikidata.org/entity/Q936474,Mano Negra
http://www.wikidata.org/entity/Q65203853,Jansky,http://www.wikidata.org/entity/Q2899063,Bernie Krause
http://www.wikidata.org/entity/Q131231,Slayer,http://www.wikidata.org/entity/Q83468,Judas Priest
http://www.wikidata.org/entity/Q114900526,667,http://www.wikidata.org/entity/Q6010117,Memphis rap
http://www.wikidata.org/entity/Q1651057,Omega Massif,http://www.wikidata.org/entity/Q47670,Black Sabbath
http://www.wikidata.org/entity/Q1568465,Mafia K-1 Fry,http://www.wikidata.org/entity/Q52463,Wu-Tang Clan
http://www.wikidata.org/entity/Q1353720,Shadows Fall,http://www.wikidata.org/entity/Q15920,Metallica
http://www.wikidata.org/entity/Q1612406,Belladonna,http://www.wikidata.org/entity/Q636,Kate Bush
http://www.wikidata.org/entity/Q1888903,Midtown,http://www.wikidata.org/entity/Q5383,David Bowie
http://www.wikidata.org/entity/Q1353720,Shadows Fall,http://www.wikidata.org/entity/Q42482,Iron Maiden
http://www.wikidata.org/entity/Q1813924,La Pegatina,http://www.wikidata.org/entity/Q2968676,Dusminguet
http://www.wikidata.org/entity/Q1622663,Hocus Pocus,http://www.wikidata.org/entity/Q300602,A Tribe Called Quest
http://www.wikidata.org/entity/Q136458199,Q136458199,http://www.wikidata.org/entity/Q20104364,Pilseners
http://www.wikidata.org/entity/Q1813924,La Pegatina,http://www.wikidata.org/entity/Q3160725,Jaleo Real
http://www.wikidata.org/entity/Q1543866,Grausame Töchter,http://www.wikidata.org/entity/Q502894,Rockbitch
http://www.wikidata.org/entity/Q1813924,La Pegatina,http://www.wikidata.org/entity/Q389364,Amparanoia
http://www.wikidata.org/entity/Q1668512,Lush,http://www.wikidata.org/entity/Q636,Kate Bush
http://www.wikidata.org/entity/Q1813924,La Pegatina,http://www.wikidata.org/entity/Q576420,Ojos de Brujo
http://www.wikidata.org/entity/Q462380,Queensrÿche,http://www.wikidata.org/entity/Q2306,Pink Floyd
http://www.wikidata.org/entity/Q1976152,Igor & The Red Elvises,http://www.wikidata.org/entity/Q1299,The Beatles
http://www.wikidata.org/entity/Q1478077,Living Colour,http://www.wikidata.org/entity/Q5950,James Brown
http://www.wikidata.org/entity/Q1478077,Living Colour,http://www.wikidata.org/entity/Q2331,Led Zeppelin
http://www.wikidata.org/entity/Q124362995,Siroll!,http://www.wikidata.org/entity/Q180880,Pantera
http://www.wikidata.org/entity/Q1813924,La Pegatina,http://www.wikidata.org/entity/Q21568908,Costo Rico
http://www.wikidata.org/entity/Q1754136,This Mortal Coil,http://www.wikidata.org/entity/Q1641565,Colin Newman
http://www.wikidata.org/entity/Q1976152,Igor & The Red Elvises,http://www.wikidata.org/entity/Q11036,The Rolling Stones
http://www.wikidata.org/entity/Q1478077,Living Colour,http://www.wikidata.org/entity/Q10708,Red Hot Chili Peppers
http://www.wikidata.org/entity/Q124364994,Assot,http://www.wikidata.org/entity/Q278406,High on Fire
http://www.wikidata.org/entity/Q1478077,Living Colour,http://www.wikidata.org/entity/Q11036,The Rolling Stones
http://www.wikidata.org/entity/Q1478077,Living Colour,http://www.wikidata.org/entity/Q714,Stevie Wonder
http://www.wikidata.org/entity/Q1535105,Little Dragon,http://www.wikidata.org/entity/Q569003,Brian Eno
http://www.wikidata.org/entity/Q124362995,Siroll!,http://www.wikidata.org/entity/Q1201201,Dethklok
http://www.wikidata.org/entity/Q1976152,Igor & The Red Elvises,http://www.wikidata.org/entity/Q303,Elvis Presley
http://www.wikidata.org/entity/Q1582829,P-Square,http://www.wikidata.org/entity/Q2831,Michael Jackson
http://www.wikidata.org/entity/Q124364994,Assot,http://www.wikidata.org/entity/Q526132,Entombed
http://www.wikidata.org/entity/Q1888903,Midtown,http://www.wikidata.org/entity/Q47871,Green Day
http://www.wikidata.org/entity/Q124362995,Siroll!,http://www.wikidata.org/entity/Q2726093,Soziedad Alkoholika
http://www.wikidata.org/entity/Q1478077,Living Colour,http://www.wikidata.org/entity/Q5928,Jimi Hendrix
http://www.wikidata.org/entity/Q136458199,Q136458199,http://www.wikidata.org/entity/Q56400672,Crim
http://www.wikidata.org/entity/Q1586748,Talco,http://www.wikidata.org/entity/Q61361424,Adrenalized
http://www.wikidata.org/entity/Q486688,Mötley Crüe,http://www.wikidata.org/entity/Q124179,Kiss
http://www.wikidata.org/entity/Q486688,Mötley Crüe,http://www.wikidata.org/entity/Q156872,Slade
http://www.wikidata.org/entity/Q486688,Mötley Crüe,http://www.wikidata.org/entity/Q124147,Scorpions
http://www.wikidata.org/entity/Q1543686,The Divine Comedy,http://www.wikidata.org/entity/Q636,Kate Bush
http://www.wikidata.org/entity/Q486688,Mötley Crüe,http://www.wikidata.org/entity/Q1068713,Cheap Trick
http://www.wikidata.org/entity/Q486688,Mötley Crüe,http://www.wikidata.org/entity/Q478750,Dio
http://www.wikidata.org/entity/Q1463593,Out Hud,http://www.wikidata.org/entity/Q300348,A Certain Ratio
http://www.wikidata.org/entity/Q1353720,Shadows Fall,http://www.wikidata.org/entity/Q128010,Fear Factory
http://www.wikidata.org/entity/Q5494459,Ha*Ash,http://www.wikidata.org/entity/Q272931,Loretta Lynn
http://www.wikidata.org/entity/Q5494459,Ha*Ash,http://www.wikidata.org/entity/Q131433,Shania Twain
http://www.wikidata.org/entity/Q1353720,Shadows Fall,http://www.wikidata.org/entity/Q131231,Slayer
http://www.wikidata.org/entity/Q1353720,Shadows Fall,http://www.wikidata.org/entity/Q180880,Pantera
http://www.wikidata.org/entity/Q486688,Mötley Crüe,http://www.wikidata.org/entity/Q83468,Judas Priest
http://www.wikidata.org/entity/Q486688,Mötley Crüe,http://www.wikidata.org/entity/Q1126287,Mott the Hoople
http://www.wikidata.org/entity/Q486688,Mötley Crüe,http://www.wikidata.org/entity/Q334670,Ted Nugent
http://www.wikidata.org/entity/Q1361805,Second Hand Rose,http://www.wikidata.org/entity/Q38848,heavy metal music
http://www.wikidata.org/entity/Q486688,Mötley Crüe,http://www.wikidata.org/entity/Q830586,New York Dolls
http://www.wikidata.org/entity/Q131231,Slayer,http://www.wikidata.org/entity/Q42482,Iron Maiden
http://www.wikidata.org/entity/Q486688,Mötley Crüe,http://www.wikidata.org/entity/Q2657995,Brownsville Station
http://www.wikidata.org/entity/Q1358175,Refused,http://www.wikidata.org/entity/Q277865,Fugazi
http://www.wikidata.org/entity/Q130224579,Q130224579,http://www.wikidata.org/entity/Q670403,GUT
http://www.wikidata.org/entity/Q2845440,Anarbor,http://www.wikidata.org/entity/Q483802,Nickelback
http://www.wikidata.org/entity/Q2845440,Anarbor,http://www.wikidata.org/entity/Q485811,Fall Out Boy
http://www.wikidata.org/entity/Q2845440,Anarbor,http://www.wikidata.org/entity/Q485825,Simple Plan
http://www.wikidata.org/entity/Q2412660,Fuel,http://www.wikidata.org/entity/Q124179,Kiss
http://www.wikidata.org/entity/Q2412660,Fuel,http://www.wikidata.org/entity/Q1033047,Candlebox
http://www.wikidata.org/entity/Q2412660,Fuel,http://www.wikidata.org/entity/Q1335689,White Lion
http://www.wikidata.org/entity/Q3025814,Diabologum,http://www.wikidata.org/entity/Q697954,Atari Teenage Riot
http://www.wikidata.org/entity/Q3025814,Diabologum,http://www.wikidata.org/entity/Q727115,Mobb Deep
http://www.wikidata.org/entity/Q3399109,Startijenn,http://www.wikidata.org/entity/Q43343,folk music
http://www.wikidata.org/entity/Q5245712,Deadsquad,http://www.wikidata.org/entity/Q379499,Spawn of Possession
http://www.wikidata.org/entity/Q2412660,Fuel,http://www.wikidata.org/entity/Q887376,The Cult
http://www.wikidata.org/entity/Q2893328,Beautiful Sin,http://www.wikidata.org/entity/Q158895,Helloween
http://www.wikidata.org/entity/Q5378413,English Words,http://www.wikidata.org/entity/Q5383,David Bowie
http://www.wikidata.org/entity/Q2733436,Antònia Font,http://www.wikidata.org/entity/Q1367152,Pascal Comelade
http://www.wikidata.org/entity/Q2412660,Fuel,http://www.wikidata.org/entity/Q126826,Aerosmith
http://www.wikidata.org/entity/Q3378704,Phenix,http://www.wikidata.org/entity/Q42482,Iron Maiden
http://www.wikidata.org/entity/Q3228051,Le Vent du Nord,http://www.wikidata.org/entity/Q1922274,Mes Souliers Sont Rouges
http://www.wikidata.org/entity/Q5245712,Deadsquad,http://www.wikidata.org/entity/Q672432,Necrophagist
http://www.wikidata.org/entity/Q2845440,Anarbor,http://www.wikidata.org/entity/Q976991,Dashboard Confessional
http://www.wikidata.org/entity/Q5140037,Code Orange,http://www.wikidata.org/entity/Q464476,Black Flag
http://www.wikidata.org/entity/Q2412660,Fuel,http://www.wikidata.org/entity/Q190155,Van Halen
http://www.wikidata.org/entity/Q3546264,Tyran' Pace,http://www.wikidata.org/entity/Q83468,Judas Priest
http://www.wikidata.org/entity/Q2733436,Antònia Font,http://www.wikidata.org/entity/Q3110913,Jaume Sisa
http://www.wikidata.org/entity/Q5245712,Deadsquad,http://www.wikidata.org/entity/Q908396,Malevolent Creation
http://www.wikidata.org/entity/Q5245712,Deadsquad,http://www.wikidata.org/entity/Q908712,The Black Dahlia Murder
http://www.wikidata.org/entity/Q4121141,Razika,http://www.wikidata.org/entity/Q3357593,The Aller Værste!
http://www.wikidata.org/entity/Q2845440,Anarbor,http://www.wikidata.org/entity/Q396,U2
http://www.wikidata.org/entity/Q5118436,Chvrches,http://www.wikidata.org/entity/Q214990,New Order
http://www.wikidata.org/entity/Q2845440,Anarbor,http://www.wikidata.org/entity/Q10708,Red Hot Chili Peppers
http://www.wikidata.org/entity/Q4121141,Razika,http://www.wikidata.org/entity/Q10997318,Alle Tiders Duster
http://www.wikidata.org/entity/Q2529057,The Pierces,http://www.wikidata.org/entity/Q256813,Lucinda Williams
http://www.wikidata.org/entity/Q2412660,Fuel,http://www.wikidata.org/entity/Q593366,Collective Soul
http://www.wikidata.org/entity/Q2413972,The Roches,http://www.wikidata.org/entity/Q4028,Paul Simon
http://www.wikidata.org/entity/Q3307486,Metrô,http://www.wikidata.org/entity/Q202741,Blondie
http://www.wikidata.org/entity/Q4787402,Arckid,http://www.wikidata.org/entity/Q5383,David Bowie
http://www.wikidata.org/entity/Q2482652,Les Discrets,http://www.wikidata.org/entity/Q1517060,Alcest
http://www.wikidata.org/entity/Q4787402,Arckid,http://www.wikidata.org/entity/Q15862,Queen
http://www.wikidata.org/entity/Q3349220,Odezenne,http://www.wikidata.org/entity/Q44190,Radiohead
http://www.wikidata.org/entity/Q3520798,The Experimental Tropic Blues Band,http://www.wikidata.org/entity/Q208881,Bo Diddley
http://www.wikidata.org/entity/Q3307486,Metrô,http://www.wikidata.org/entity/Q1325248,Os Mutantes
http://www.wikidata.org/entity/Q5118436,Chvrches,http://www.wikidata.org/entity/Q484885,Erasure
http://www.wikidata.org/entity/Q3539315,Trio EDF,http://www.wikidata.org/entity/Q43343,folk music
http://www.wikidata.org/entity/Q2465263,SHeDAISY,http://www.wikidata.org/entity/Q131433,Shania Twain
http://www.wikidata.org/entity/Q3549804,Une touche d'optimisme,http://www.wikidata.org/entity/Q1799105,La Rue Ketanou
http://www.wikidata.org/entity/Q3179668,Todos Tus Muertos,http://www.wikidata.org/entity/Q125603,The Clash
http://www.wikidata.org/entity/Q2733436,Antònia Font,http://www.wikidata.org/entity/Q9056991,Pau Riba i Romeva
http://www.wikidata.org/entity/Q2465263,SHeDAISY,http://www.wikidata.org/entity/Q224650,Sarah McLachlan
http://www.wikidata.org/entity/Q2975394,Clan d'Oiche,http://www.wikidata.org/entity/Q43343,folk music
http://www.wikidata.org/entity/Q3422677,Red Cardell,http://www.wikidata.org/entity/Q11399,rock music
http://www.wikidata.org/entity/Q4641147,5 Seconds of Summer,http://www.wikidata.org/entity/Q482477,Blink-182
http://www.wikidata.org/entity/Q2715339,Raspberries,http://www.wikidata.org/entity/Q222628,Small Faces
http://www.wikidata.org/entity/Q3179668,Todos Tus Muertos,http://www.wikidata.org/entity/Q798671,Bad Brains
http://www.wikidata.org/entity/Q4039076,Future World Music,http://www.wikidata.org/entity/Q76364,Hans Zimmer
http://www.wikidata.org/entity/Q2845440,Anarbor,http://www.wikidata.org/entity/Q47871,Green Day
http://www.wikidata.org/entity/Q4412076,Jota Quest,http://www.wikidata.org/entity/Q846553,Clube da Esquina
http://www.wikidata.org/entity/Q4121141,Razika,http://www.wikidata.org/entity/Q7248390,Program 81/82
http://www.wikidata.org/entity/Q2715339,Raspberries,http://www.wikidata.org/entity/Q93346,The Who
http://www.wikidata.org/entity/Q2412660,Fuel,http://www.wikidata.org/entity/Q2331,Led Zeppelin
http://www.wikidata.org/entity/Q2813204,1995,http://www.wikidata.org/entity/Q18415477,Time Bomb
http://www.wikidata.org/entity/Q2465263,SHeDAISY,http://www.wikidata.org/entity/Q464241,Faith Hill
http://www.wikidata.org/entity/Q3005697,Cry Babies,http://www.wikidata.org/entity/Q93346,The Who
http://www.wikidata.org/entity/Q4042698,Left Lane Cruiser,http://www.wikidata.org/entity/Q1127539,Delta blues
http://www.wikidata.org/entity/Q5118436,Chvrches,http://www.wikidata.org/entity/Q482964,Depeche Mode
http://www.wikidata.org/entity/Q2860182,Archimède,http://www.wikidata.org/entity/Q713477,Jacques Dutronc
http://www.wikidata.org/entity/Q3365077,Tages,http://www.wikidata.org/entity/Q222628,Small Faces
http://www.wikidata.org/entity/Q4894689,Skatalà,http://www.wikidata.org/entity/Q536566,Laurel Aitken
http://www.wikidata.org/entity/Q3040541,Dubmatique,http://www.wikidata.org/entity/Q918784,MC Solaar
http://www.wikidata.org/entity/Q2894627,Belladonna 9ch,http://www.wikidata.org/entity/Q584735,Les Rita Mitsouko
http://www.wikidata.org/entity/Q2465263,SHeDAISY,http://www.wikidata.org/entity/Q142636,The Chicks
http://www.wikidata.org/entity/Q3532677,Total Eclipse,http://www.wikidata.org/entity/Q193207,ambient music
http://www.wikidata.org/entity/Q2581513,The Raincoats,http://www.wikidata.org/entity/Q677115,The Slits
http://www.wikidata.org/entity/Q2623076,Mashina,http://www.wikidata.org/entity/Q745741,Madness
http://www.wikidata.org/entity/Q2465263,SHeDAISY,http://www.wikidata.org/entity/Q464251,Trisha Yearwood
http://www.wikidata.org/entity/Q3393170,Poetic Lover,http://www.wikidata.org/entity/Q651231,Boyz II Men
http://www.wikidata.org/entity/Q2465263,SHeDAISY,http://www.wikidata.org/entity/Q205721,Joni Mitchell
http://www.wikidata.org/entity/Q4019781,Wild Nothing,http://www.wikidata.org/entity/Q636,Kate Bush
http://www.wikidata.org/entity/Q5378413,English Words,http://www.wikidata.org/entity/Q214990,New Order
http://www.wikidata.org/entity/Q3095000,Gamine,http://www.wikidata.org/entity/Q1571476,Flamin' Groovies
http://www.wikidata.org/entity/Q2465263,SHeDAISY,http://www.wikidata.org/entity/Q270765,Mary Chapin Carpenter
http://www.wikidata.org/entity/Q3314223,Milk Coffee and Sugar,http://www.wikidata.org/entity/Q1052139,The Roots
http://www.wikidata.org/entity/Q3273352,MXD,http://www.wikidata.org/entity/Q208507,The Chemical Brothers
http://www.wikidata.org/entity/Q4894689,Skatalà,http://www.wikidata.org/entity/Q973104,Cockney Rejects
http://www.wikidata.org/entity/Q2465263,SHeDAISY,http://www.wikidata.org/entity/Q464232,Pam Tillis
http://www.wikidata.org/entity/Q3179668,Todos Tus Muertos,http://www.wikidata.org/entity/Q936474,Mano Negra
http://www.wikidata.org/entity/Q2715339,Raspberries,http://www.wikidata.org/entity/Q282925,The Hollies
http://www.wikidata.org/entity/Q3025814,Diabologum,http://www.wikidata.org/entity/Q1773603,Codeine
http://www.wikidata.org/entity/Q2845440,Anarbor,http://www.wikidata.org/entity/Q591691,Sublime
http://www.wikidata.org/entity/Q2845440,Anarbor,http://www.wikidata.org/entity/Q308816,Creed
http://www.wikidata.org/entity/Q2845440,Anarbor,http://www.wikidata.org/entity/Q550602,Poison
http://www.wikidata.org/entity/Q3025814,Diabologum,http://www.wikidata.org/entity/Q1018174,Butthole Surfers
http://www.wikidata.org/entity/Q2845440,Anarbor,http://www.wikidata.org/entity/Q165714,Live
http://www.wikidata.org/entity/Q4894689,Skatalà,http://www.wikidata.org/entity/Q19057,The Specials
http://www.wikidata.org/entity/Q3025814,Diabologum,http://www.wikidata.org/entity/Q313627,Tricky
http://www.wikidata.org/entity/Q2845440,Anarbor,http://www.wikidata.org/entity/Q206939,Elvis Costello
http://www.wikidata.org/entity/Q2868712,AtOmsk,http://www.wikidata.org/entity/Q111224,Holstein
http://www.wikidata.org/entity/Q2845440,Anarbor,http://www.wikidata.org/entity/Q909731,All Time Low
http://www.wikidata.org/entity/Q3338929,New Deal String Band,http://www.wikidata.org/entity/Q1299,The Beatles
http://www.wikidata.org/entity/Q3025814,Diabologum,http://www.wikidata.org/entity/Q188626,Sonic Youth
http://www.wikidata.org/entity/Q2845440,Anarbor,http://www.wikidata.org/entity/Q209956,Weezer
http://www.wikidata.org/entity/Q3319640,Molodoï,http://www.wikidata.org/entity/Q1019489,Bérurier Noir
http://www.wikidata.org/entity/Q2465263,SHeDAISY,http://www.wikidata.org/entity/Q6800042,McBride & the Ride
http://www.wikidata.org/entity/Q2845440,Anarbor,http://www.wikidata.org/entity/Q259254,Bon Jovi
http://www.wikidata.org/entity/Q2845440,Anarbor,http://www.wikidata.org/entity/Q125603,The Clash
http://www.wikidata.org/entity/Q2845440,Anarbor,http://www.wikidata.org/entity/Q214237,The All-American Rejects
http://www.wikidata.org/entity/Q2845440,Anarbor,http://www.wikidata.org/entity/Q902881,Fishbone
http://www.wikidata.org/entity/Q5245712,Deadsquad,http://www.wikidata.org/entity/Q660835,Nile
http://www.wikidata.org/entity/Q2845440,Anarbor,http://www.wikidata.org/entity/Q1155385,Third Eye Blind
http://www.wikidata.org/entity/Q2968676,Dusminguet,http://www.wikidata.org/entity/Q936474,Mano Negra
http://www.wikidata.org/entity/Q3025814,Diabologum,http://www.wikidata.org/entity/Q2712704,Pussy Galore
http://www.wikidata.org/entity/Q2412893,The Moonchild Trio,http://www.wikidata.org/entity/Q187166,Antonin Artaud
http://www.wikidata.org/entity/Q5118436,Chvrches,http://www.wikidata.org/entity/Q636,Kate Bush
http://www.wikidata.org/entity/Q2845440,Anarbor,http://www.wikidata.org/entity/Q178095,The Police
http://www.wikidata.org/entity/Q2845440,Anarbor,http://www.wikidata.org/entity/Q376035,American Hi-Fi
http://www.wikidata.org/entity/Q2845440,Anarbor,http://www.wikidata.org/entity/Q142701,Pearl Jam
http://www.wikidata.org/entity/Q2845440,Anarbor,http://www.wikidata.org/entity/Q740434,Smash Mouth
http://www.wikidata.org/entity/Q3025814,Diabologum,http://www.wikidata.org/entity/Q180598,The Smiths
http://www.wikidata.org/entity/Q2845440,Anarbor,http://www.wikidata.org/entity/Q880805,Blackfire
http://www.wikidata.org/entity/Q2845440,Anarbor,http://www.wikidata.org/entity/Q180224,Lenny Kravitz
http://www.wikidata.org/entity/Q2845440,Anarbor,http://www.wikidata.org/entity/Q199418,Ziggy Marley
http://www.wikidata.org/entity/Q2845440,Anarbor,http://www.wikidata.org/entity/Q642988,Jimmy Eat World
http://www.wikidata.org/entity/Q3025814,Diabologum,http://www.wikidata.org/entity/Q232348,Cat Power
http://www.wikidata.org/entity/Q2845440,Anarbor,http://www.wikidata.org/entity/Q73437,Billy Idol
http://www.wikidata.org/entity/Q5245712,Deadsquad,http://www.wikidata.org/entity/Q1182111,Decrepit Birth
http://www.wikidata.org/entity/Q2845440,Anarbor,http://www.wikidata.org/entity/Q485220,Good Charlotte
http://www.wikidata.org/entity/Q3189511,Outside Duo,http://www.wikidata.org/entity/Q1378776,music of Ireland
http://www.wikidata.org/entity/Q3038450,Dr Phibes & the House of Wax Equations,http://www.wikidata.org/entity/Q2306,Pink Floyd
http://www.wikidata.org/entity/Q5245712,Deadsquad,http://www.wikidata.org/entity/Q839149,Disavowed
http://www.wikidata.org/entity/Q2413972,The Roches,http://www.wikidata.org/entity/Q203185,Robert Fripp
http://www.wikidata.org/entity/Q4938685,Bojo,http://www.wikidata.org/entity/Q15862,Queen
http://www.wikidata.org/entity/Q2845440,Anarbor,http://www.wikidata.org/entity/Q482477,Blink-182
http://www.wikidata.org/entity/Q2845440,Anarbor,http://www.wikidata.org/entity/Q320499,Faith No More
http://www.wikidata.org/entity/Q4938685,Bojo,http://www.wikidata.org/entity/Q11895,Guns N' Roses
http://www.wikidata.org/entity/Q3538020,Transwave,http://www.wikidata.org/entity/Q187760,new wave
http://www.wikidata.org/entity/Q2968676,Dusminguet,http://www.wikidata.org/entity/Q9053253,Orquestra Plateria
http://www.wikidata.org/entity/Q2893681,Beep Beep,http://www.wikidata.org/entity/Q636,Kate Bush
http://www.wikidata.org/entity/Q4787402,Arckid,http://www.wikidata.org/entity/Q211770,T. Rex
http://www.wikidata.org/entity/Q3025814,Diabologum,http://www.wikidata.org/entity/Q470617,Pharoah Sanders
http://www.wikidata.org/entity/Q2872627,Automato,http://www.wikidata.org/entity/Q194220,Nas
http://www.wikidata.org/entity/Q5245712,Deadsquad,http://www.wikidata.org/entity/Q485231,Cannibal Corpse
http://www.wikidata.org/entity/Q2715339,Raspberries,http://www.wikidata.org/entity/Q1299,The Beatles
http://www.wikidata.org/entity/Q5245712,Deadsquad,http://www.wikidata.org/entity/Q1786919,Visceral Bleeding
http://www.wikidata.org/entity/Q2845440,Anarbor,http://www.wikidata.org/entity/Q483285,My Chemical Romance
http://www.wikidata.org/entity/Q2845440,Anarbor,http://www.wikidata.org/entity/Q483558,Sum 41
http://www.wikidata.org/entity/Q22121775,The Palace Guards,http://www.wikidata.org/entity/Q11036,The Rolling Stones
http://www.wikidata.org/entity/Q10288245,Gang 90 e as Absurdettes,http://www.wikidata.org/entity/Q1740850,Kid Creole and the Coconuts
http://www.wikidata.org/entity/Q25212126,Caitlin Krisko and The Broadcast,http://www.wikidata.org/entity/Q548656,Blind Faith
http://www.wikidata.org/entity/Q16628361,Deluxe,http://www.wikidata.org/entity/Q110477,Cannonball Adderley
http://www.wikidata.org/entity/Q11196140,Doll$Boxx,http://www.wikidata.org/entity/Q11229064,Light Bringer
http://www.wikidata.org/entity/Q7228997,Pop Evil,http://www.wikidata.org/entity/Q142701,Pearl Jam
http://www.wikidata.org/entity/Q7231470,Portal,http://www.wikidata.org/entity/Q756956,dark ambient
http://www.wikidata.org/entity/Q25212126,Caitlin Krisko and The Broadcast,http://www.wikidata.org/entity/Q125121,Aretha Franklin
http://www.wikidata.org/entity/Q10288245,Gang 90 e as Absurdettes,http://www.wikidata.org/entity/Q950309,The B-52's
http://www.wikidata.org/entity/Q7382487,Rustic Overtones,http://www.wikidata.org/entity/Q184805,Tom Waits
http://www.wikidata.org/entity/Q7228997,Pop Evil,http://www.wikidata.org/entity/Q174817,Soundgarden
http://www.wikidata.org/entity/Q5733974,Brighton 64,http://www.wikidata.org/entity/Q847191,The Fleshtones
http://www.wikidata.org/entity/Q17091884,Southern Backtones,http://www.wikidata.org/entity/Q5383,David Bowie
http://www.wikidata.org/entity/Q7736862,The Go,http://www.wikidata.org/entity/Q1299,The Beatles
http://www.wikidata.org/entity/Q17300304,Booze & Glory,http://www.wikidata.org/entity/Q600311,Cock Sparrer
http://www.wikidata.org/entity/Q7231470,Portal,http://www.wikidata.org/entity/Q309001,Morbid Angel
http://www.wikidata.org/entity/Q7228997,Pop Evil,http://www.wikidata.org/entity/Q329270,Stone Temple Pilots
http://www.wikidata.org/entity/Q21087582,The Suicide of Western Culture,http://www.wikidata.org/entity/Q1043901,Fuck Buttons
http://www.wikidata.org/entity/Q18719134,Twin Peaks,http://www.wikidata.org/entity/Q11036,The Rolling Stones
http://www.wikidata.org/entity/Q7083804,Old Crow Medicine Show,http://www.wikidata.org/entity/Q392,Bob Dylan
http://www.wikidata.org/entity/Q7775815,The Work,http://www.wikidata.org/entity/Q1474555,Henry Cow
http://www.wikidata.org/entity/Q13379099,Alejandro Silva Power Cuarteto,http://www.wikidata.org/entity/Q315092,Paul Gilbert
http://www.wikidata.org/entity/Q25379470,Crypt Sermon,http://www.wikidata.org/entity/Q2139942,Solitude Aeturnus
http://www.wikidata.org/entity/Q16628361,Deluxe,http://www.wikidata.org/entity/Q2365459,Matthieu Chedid
http://www.wikidata.org/entity/Q13379099,Alejandro Silva Power Cuarteto,http://www.wikidata.org/entity/Q194287,Joe Satriani
http://www.wikidata.org/entity/Q15042553,The Vamps,http://www.wikidata.org/entity/Q47871,Green Day
http://www.wikidata.org/entity/Q25379470,Crypt Sermon,http://www.wikidata.org/entity/Q840197,Candlemass
http://www.wikidata.org/entity/Q11242779,Vanilla Beans,http://www.wikidata.org/entity/Q174291,Morning Musume
http://www.wikidata.org/entity/Q16628361,Deluxe,http://www.wikidata.org/entity/Q3100494,General Elektriks
http://www.wikidata.org/entity/Q17091884,Southern Backtones,http://www.wikidata.org/entity/Q303,Elvis Presley
http://www.wikidata.org/entity/Q21087582,The Suicide of Western Culture,http://www.wikidata.org/entity/Q223161,Aphex Twin
http://www.wikidata.org/entity/Q7228997,Pop Evil,http://www.wikidata.org/entity/Q749502,Five Finger Death Punch
http://www.wikidata.org/entity/Q7269352,Quarteto Novo,http://www.wikidata.org/entity/Q1046768,música popular brasileira
http://www.wikidata.org/entity/Q21087582,The Suicide of Western Culture,http://www.wikidata.org/entity/Q1368314,Esplendor Geométrico
http://www.wikidata.org/entity/Q21087582,The Suicide of Western Culture,http://www.wikidata.org/entity/Q645980,Mogwai
http://www.wikidata.org/entity/Q25449109,Sargento Pimenta,http://www.wikidata.org/entity/Q1299,The Beatles
http://www.wikidata.org/entity/Q25172022,Medusa,http://www.wikidata.org/entity/Q190155,Van Halen
http://www.wikidata.org/entity/Q19798483,Blowfuse,http://www.wikidata.org/entity/Q742700,Rich Kids on LSD
http://www.wikidata.org/entity/Q16668304,Orion,http://www.wikidata.org/entity/Q943241,Gentle Giant
http://www.wikidata.org/entity/Q13379099,Alejandro Silva Power Cuarteto,http://www.wikidata.org/entity/Q193397,Steve Vai
http://www.wikidata.org/entity/Q25172022,Medusa,http://www.wikidata.org/entity/Q82545,Sex Pistols
http://www.wikidata.org/entity/Q16682638,Vigon Bamy Jay,http://www.wikidata.org/entity/Q544387,Ray Charles
http://www.wikidata.org/entity/Q14957024,The Temperance Movement,http://www.wikidata.org/entity/Q101505,Deep Purple
http://www.wikidata.org/entity/Q7460157,Shack,http://www.wikidata.org/entity/Q3522161,The Pale Fountains
http://www.wikidata.org/entity/Q16667975,Olli and the Bollywood Orchestra,http://www.wikidata.org/entity/Q531426,music of India
http://www.wikidata.org/entity/Q20687383,Thou,http://www.wikidata.org/entity/Q228968,Fiona Apple
http://www.wikidata.org/entity/Q7401935,Saint Motel,http://www.wikidata.org/entity/Q504464,Pulp
http://www.wikidata.org/entity/Q13379099,Alejandro Silva Power Cuarteto,http://www.wikidata.org/entity/Q272012,Eddie Van Halen
http://www.wikidata.org/entity/Q7382487,Rustic Overtones,http://www.wikidata.org/entity/Q11401,hip-hop
http://www.wikidata.org/entity/Q11939403,Oprimits,http://www.wikidata.org/entity/Q581587,Brams
http://www.wikidata.org/entity/Q18151740,GoGo Penguin,http://www.wikidata.org/entity/Q4700,Claude Debussy
http://www.wikidata.org/entity/Q6134983,Subterranean Kids,http://www.wikidata.org/entity/Q1785354,MDC
http://www.wikidata.org/entity/Q15042553,The Vamps,http://www.wikidata.org/entity/Q134233,Jonas Brothers
http://www.wikidata.org/entity/Q17639569,Sudden Death of Stars,http://www.wikidata.org/entity/Q103550,The Velvet Underground
http://www.wikidata.org/entity/Q16645748,Jesus Volt,http://www.wikidata.org/entity/Q19697,Motörhead
http://www.wikidata.org/entity/Q11859341,Faction,http://www.wikidata.org/entity/Q203736,Cream
http://www.wikidata.org/entity/Q16628361,Deluxe,http://www.wikidata.org/entity/Q2892907,Beat Assailant
http://www.wikidata.org/entity/Q24950797,Nico and the Red Shoes,http://www.wikidata.org/entity/Q10334892,music of Cameroon
http://www.wikidata.org/entity/Q15042553,The Vamps,http://www.wikidata.org/entity/Q826185,Busted
http://www.wikidata.org/entity/Q16666230,Naïve,http://www.wikidata.org/entity/Q485039,Deftones
http://www.wikidata.org/entity/Q11318391,Tulip,http://www.wikidata.org/entity/Q1299,The Beatles
http://www.wikidata.org/entity/Q7382487,Rustic Overtones,http://www.wikidata.org/entity/Q28974,"Earth, Wind & Fire"
http://www.wikidata.org/entity/Q14557360,London Grammar,http://www.wikidata.org/entity/Q636,Kate Bush
http://www.wikidata.org/entity/Q12072952,LETAY,http://www.wikidata.org/entity/Q7857806,Twenty One Pilots
http://www.wikidata.org/entity/Q7679669,Talk Show,http://www.wikidata.org/entity/Q329270,Stone Temple Pilots
http://www.wikidata.org/entity/Q6134983,Subterranean Kids,http://www.wikidata.org/entity/Q117684,The Exploited
http://www.wikidata.org/entity/Q15042553,The Vamps,http://www.wikidata.org/entity/Q146027,One Direction
http://www.wikidata.org/entity/Q15042553,The Vamps,http://www.wikidata.org/entity/Q740434,Smash Mouth
http://www.wikidata.org/entity/Q6134983,Subterranean Kids,http://www.wikidata.org/entity/Q798671,Bad Brains
http://www.wikidata.org/entity/Q18217099,Myrkur,http://www.wikidata.org/entity/Q485116,Mayhem
http://www.wikidata.org/entity/Q15042553,The Vamps,http://www.wikidata.org/entity/Q170599,Arctic Monkeys
http://www.wikidata.org/entity/Q12335778,Skousen & Ingemann,http://www.wikidata.org/entity/Q12309539,Eik Skaløe
http://www.wikidata.org/entity/Q15042553,The Vamps,http://www.wikidata.org/entity/Q2811247,The 1975
http://www.wikidata.org/entity/Q11939403,Oprimits,http://www.wikidata.org/entity/Q3753043,Inadaptats
http://www.wikidata.org/entity/Q15042553,The Vamps,http://www.wikidata.org/entity/Q4641147,5 Seconds of Summer
http://www.wikidata.org/entity/Q15042553,The Vamps,http://www.wikidata.org/entity/Q223768,McFly
http://www.wikidata.org/entity/Q16628361,Deluxe,http://www.wikidata.org/entity/Q1698,Serge Gainsbourg
http://www.wikidata.org/entity/Q6134983,Subterranean Kids,http://www.wikidata.org/entity/Q2000167,Peter and the Test Tube Babies
http://www.wikidata.org/entity/Q20012445,The Tide,http://www.wikidata.org/entity/Q4641147,5 Seconds of Summer
http://www.wikidata.org/entity/Q15042553,The Vamps,http://www.wikidata.org/entity/Q277551,Panic! at the Disco
http://www.wikidata.org/entity/Q15042553,The Vamps,http://www.wikidata.org/entity/Q482477,Blink-182
http://www.wikidata.org/entity/Q18719134,Twin Peaks,http://www.wikidata.org/entity/Q103550,The Velvet Underground
http://www.wikidata.org/entity/Q6134983,Subterranean Kids,http://www.wikidata.org/entity/Q2354777,Lärm
http://www.wikidata.org/entity/Q25172022,Medusa,http://www.wikidata.org/entity/Q11649,Nirvana
http://www.wikidata.org/entity/Q18747269,Síntesis,http://www.wikidata.org/entity/Q151012,Genesis
http://www.wikidata.org/entity/Q13560684,Popstrangers,http://www.wikidata.org/entity/Q3074625,Flying Nun Records
http://www.wikidata.org/entity/Q5659477,Sobrinus,http://www.wikidata.org/entity/Q127330,Frank Zappa
http://www.wikidata.org/entity/Q13379099,Alejandro Silva Power Cuarteto,http://www.wikidata.org/entity/Q15873,Brian May
http://www.wikidata.org/entity/Q25935346,Bökkers,http://www.wikidata.org/entity/Q2602057,Jovink en de Voederbietels
http://www.wikidata.org/entity/Q25935346,Bökkers,http://www.wikidata.org/entity/Q2670460,Normaal
http://www.wikidata.org/entity/Q15042553,The Vamps,http://www.wikidata.org/entity/Q391348,Imagine Dragons
http://www.wikidata.org/entity/Q5659477,Sobrinus,http://www.wikidata.org/entity/Q741836,Primus
http://www.wikidata.org/entity/Q20687383,Thou,http://www.wikidata.org/entity/Q11649,Nirvana
http://www.wikidata.org/entity/Q20012445,The Tide,http://www.wikidata.org/entity/Q15042553,The Vamps
http://www.wikidata.org/entity/Q6134983,Subterranean Kids,http://www.wikidata.org/entity/Q3337758,Negazione
http://www.wikidata.org/entity/Q20012445,The Tide,http://www.wikidata.org/entity/Q384424,Hey Violet
http://www.wikidata.org/entity/Q16679474,The Celtic Social Club,http://www.wikidata.org/entity/Q11399,rock music
http://www.wikidata.org/entity/Q12072952,LETAY,http://www.wikidata.org/entity/Q26834366,Rag'n'Bone Man
http://www.wikidata.org/entity/Q25055832,Wolfpack,http://www.wikidata.org/entity/Q5807252,Dimitri Vegas & Like Mike
http://www.wikidata.org/entity/Q7231470,Portal,http://www.wikidata.org/entity/Q671359,Immolation
http://www.wikidata.org/entity/Q11942096,Plowshare,http://www.wikidata.org/entity/Q83431,Megadeth
http://www.wikidata.org/entity/Q15982430,Blues Pills,http://www.wikidata.org/entity/Q47670,Black Sabbath
http://www.wikidata.org/entity/Q21157838,Squealer,http://www.wikidata.org/entity/Q25507,Accept
http://www.wikidata.org/entity/Q5659477,Sobrinus,http://www.wikidata.org/entity/Q178095,The Police
http://www.wikidata.org/entity/Q15042553,The Vamps,http://www.wikidata.org/entity/Q957718,Wheatus
http://www.wikidata.org/entity/Q17631411,Kel Assouf,http://www.wikidata.org/entity/Q2331,Led Zeppelin
http://www.wikidata.org/entity/Q6134983,Subterranean Kids,http://www.wikidata.org/entity/Q81509,Minor Threat
http://www.wikidata.org/entity/Q5659477,Sobrinus,http://www.wikidata.org/entity/Q189382,King Crimson
http://www.wikidata.org/entity/Q24579017,Ladylike Dragons,http://www.wikidata.org/entity/Q1299,The Beatles
http://www.wikidata.org/entity/Q18608591,Years & Years,http://www.wikidata.org/entity/Q742804,TLC
http://www.wikidata.org/entity/Q7231470,Portal,http://www.wikidata.org/entity/Q160476,German Expressionism
http://www.wikidata.org/entity/Q7231470,Portal,http://www.wikidata.org/entity/Q1538284,Gorguts
http://www.wikidata.org/entity/Q20012445,The Tide,http://www.wikidata.org/entity/Q28677824,New Hope Club
http://www.wikidata.org/entity/Q18019815,The Gentle Storm,http://www.wikidata.org/entity/Q702361,Inside Out Music
http://www.wikidata.org/entity/Q7231470,Portal,http://www.wikidata.org/entity/Q1640319,experimental music
http://www.wikidata.org/entity/Q5733974,Brighton 64,http://www.wikidata.org/entity/Q1424584,The Barracudas
http://www.wikidata.org/entity/Q5807252,Dimitri Vegas & Like Mike,http://www.wikidata.org/entity/Q459955,Steve Aoki
http://www.wikidata.org/entity/Q14072091,Oberschlesien,http://www.wikidata.org/entity/Q25177,Rammstein
http://www.wikidata.org/entity/Q18151740,GoGo Penguin,http://www.wikidata.org/entity/Q189729,Philip Glass
http://www.wikidata.org/entity/Q7083804,Old Crow Medicine Show,http://www.wikidata.org/entity/Q704700,John Hartford
http://www.wikidata.org/entity/Q17300304,Booze & Glory,http://www.wikidata.org/entity/Q117684,The Exploited
http://www.wikidata.org/entity/Q15042553,The Vamps,http://www.wikidata.org/entity/Q689,Bastille
http://www.wikidata.org/entity/Q22121775,The Palace Guards,http://www.wikidata.org/entity/Q1299,The Beatles
http://www.wikidata.org/entity/Q22080821,Fuzz,http://www.wikidata.org/entity/Q47670,Black Sabbath
http://www.wikidata.org/entity/Q20012445,The Tide,http://www.wikidata.org/entity/Q1076,Lawson
http://www.wikidata.org/entity/Q19798483,Blowfuse,http://www.wikidata.org/entity/Q157041,The Offspring
http://www.wikidata.org/entity/Q19606588,Babylone,http://www.wikidata.org/entity/Q205049,world music
http://www.wikidata.org/entity/Q20103189,Els Surfing Sirles,http://www.wikidata.org/entity/Q124003407,Budellam
http://www.wikidata.org/entity/Q19278215,Die Nerven,http://www.wikidata.org/entity/Q188626,Sonic Youth
http://www.wikidata.org/entity/Q11942096,Plowshare,http://www.wikidata.org/entity/Q42482,Iron Maiden
http://www.wikidata.org/entity/Q18151740,GoGo Penguin,http://www.wikidata.org/entity/Q569003,Brian Eno
http://www.wikidata.org/entity/Q7758718,The Pulsars,http://www.wikidata.org/entity/Q1631669,Silicon Teens
http://www.wikidata.org/entity/Q14159626,The War on Drugs,http://www.wikidata.org/entity/Q392,Bob Dylan
http://www.wikidata.org/entity/Q7231470,Portal,http://www.wikidata.org/entity/Q814482,Beherit
http://www.wikidata.org/entity/Q16628361,Deluxe,http://www.wikidata.org/entity/Q1052139,The Roots
http://www.wikidata.org/entity/Q105572694,Ovidi4,http://www.wikidata.org/entity/Q3753043,Inadaptats
http://www.wikidata.org/entity/Q28441348,Story Untold,http://www.wikidata.org/entity/Q482477,Blink-182
http://www.wikidata.org/entity/Q70341504,Psychedelic Porn Crumpets,http://www.wikidata.org/entity/Q189021,TED
http://www.wikidata.org/entity/Q42299127,Jesus Loves Junkies,http://www.wikidata.org/entity/Q186327,Marilyn Manson
http://www.wikidata.org/entity/Q106419214,Califato ¾,http://www.wikidata.org/entity/Q108460566,Q108460566
http://www.wikidata.org/entity/Q55658213,Spasm,http://www.wikidata.org/entity/Q28727769,Gutalax
http://www.wikidata.org/entity/Q105104216,MAZ,http://www.wikidata.org/entity/Q3206727,La Bolduc
http://www.wikidata.org/entity/Q63078412,Inèrcia,http://www.wikidata.org/entity/Q952245,Berri Txarrak
http://www.wikidata.org/entity/Q97657092,Dehd,http://www.wikidata.org/entity/Q588820,Cocteau Twins
http://www.wikidata.org/entity/Q105279583,Chill Mafia,http://www.wikidata.org/entity/Q611466,Tego Calderón
http://www.wikidata.org/entity/Q28441348,Story Untold,http://www.wikidata.org/entity/Q483558,Sum 41
http://www.wikidata.org/entity/Q28441348,Story Untold,http://www.wikidata.org/entity/Q485825,Simple Plan
http://www.wikidata.org/entity/Q65969348,Fades,http://www.wikidata.org/entity/Q62008751,La Zowi
http://www.wikidata.org/entity/Q42301624,No One's Kind,http://www.wikidata.org/entity/Q485039,Deftones
http://www.wikidata.org/entity/Q65079531,Munnycat,http://www.wikidata.org/entity/Q55641,Spice Girls
http://www.wikidata.org/entity/Q42301624,No One's Kind,http://www.wikidata.org/entity/Q741801,Sevendust
http://www.wikidata.org/entity/Q106928114,Jeff and Jane Hudson,http://www.wikidata.org/entity/Q908848,Devo
http://www.wikidata.org/entity/Q106928056,Jason Bennett & the Resistance,http://www.wikidata.org/entity/Q117669,Street Dogs
http://www.wikidata.org/entity/Q65969348,Fades,http://www.wikidata.org/entity/Q105622678,Samantha Hudson
http://www.wikidata.org/entity/Q57598838,2Luv,http://www.wikidata.org/entity/Q1768834,Ready for the World
http://www.wikidata.org/entity/Q70341504,Psychedelic Porn Crumpets,http://www.wikidata.org/entity/Q14159540,The Mighty Boosh
http://www.wikidata.org/entity/Q30927930,Conexão Baixada,http://www.wikidata.org/entity/Q72092,Rage Against the Machine
http://www.wikidata.org/entity/Q106369977,Q106369977,http://www.wikidata.org/entity/Q42455,Björk
http://www.wikidata.org/entity/Q47500365,Faceplant,http://www.wikidata.org/entity/Q47871,Green Day
http://www.wikidata.org/entity/Q28134941,G.L.O.S.S.,http://www.wikidata.org/entity/Q3930946,Reach the Sky
http://www.wikidata.org/entity/Q105279583,Chill Mafia,http://www.wikidata.org/entity/Q3325902,Tijuana in Blue
http://www.wikidata.org/entity/Q106928114,Jeff and Jane Hudson,http://www.wikidata.org/entity/Q82545,Sex Pistols
http://www.wikidata.org/entity/Q106928114,Jeff and Jane Hudson,http://www.wikidata.org/entity/Q2273733,Poly Styrene
http://www.wikidata.org/entity/Q28226507,Quimere,http://www.wikidata.org/entity/Q494784,Bring Me the Horizon
http://www.wikidata.org/entity/Q55759024,Negative Self,http://www.wikidata.org/entity/Q899341,Suicidal Tendencies
http://www.wikidata.org/entity/Q29532947,Situació Extrema,http://www.wikidata.org/entity/Q50040,Dire Straits
http://www.wikidata.org/entity/Q106928114,Jeff and Jane Hudson,http://www.wikidata.org/entity/Q950309,The B-52's
http://www.wikidata.org/entity/Q106928114,Jeff and Jane Hudson,http://www.wikidata.org/entity/Q3098957,The Rentals
http://www.wikidata.org/entity/Q60751936,Kagoule,http://www.wikidata.org/entity/Q11365,grunge
http://www.wikidata.org/entity/Q30927930,Conexão Baixada,http://www.wikidata.org/entity/Q214039,Beastie Boys
http://www.wikidata.org/entity/Q60751936,Kagoule,http://www.wikidata.org/entity/Q10922,hardcore punk
http://www.wikidata.org/entity/Q42562680,American Sixgun,http://www.wikidata.org/entity/Q483718,Foo Fighters
http://www.wikidata.org/entity/Q28226507,Quimere,http://www.wikidata.org/entity/Q6983583,Nação Zumbi
http://www.wikidata.org/entity/Q30927930,Conexão Baixada,http://www.wikidata.org/entity/Q3081809,Racionais MC's
http://www.wikidata.org/entity/Q42562680,American Sixgun,http://www.wikidata.org/entity/Q1243718,Queens of the Stone Age
http://www.wikidata.org/entity/Q106419214,Califato ¾,http://www.wikidata.org/entity/Q6038246,Narco
http://www.wikidata.org/entity/Q47500365,Faceplant,http://www.wikidata.org/entity/Q550602,Poison
http://www.wikidata.org/entity/Q41544316,Zuruckspulen,http://www.wikidata.org/entity/Q712820,Howard Jones
http://www.wikidata.org/entity/Q47500365,Faceplant,http://www.wikidata.org/entity/Q961810,The Chariot
http://www.wikidata.org/entity/Q47500365,Faceplant,http://www.wikidata.org/entity/Q157041,The Offspring
http://www.wikidata.org/entity/Q70341504,Psychedelic Porn Crumpets,http://www.wikidata.org/entity/Q47670,Black Sabbath
http://www.wikidata.org/entity/Q70341504,Psychedelic Porn Crumpets,http://www.wikidata.org/entity/Q25089,Woody Allen
http://www.wikidata.org/entity/Q70341504,Psychedelic Porn Crumpets,http://www.wikidata.org/entity/Q2331,Led Zeppelin
http://www.wikidata.org/entity/Q70341504,Psychedelic Porn Crumpets,http://www.wikidata.org/entity/Q1299,The Beatles
http://www.wikidata.org/entity/Q65969348,Fades,http://www.wikidata.org/entity/Q213665,K-pop
http://www.wikidata.org/entity/Q70341504,Psychedelic Porn Crumpets,http://www.wikidata.org/entity/Q16402,Monty Python
http://www.wikidata.org/entity/Q65969348,Fades,http://www.wikidata.org/entity/Q18161827,Sophie
http://www.wikidata.org/entity/Q65969348,Fades,http://www.wikidata.org/entity/Q19832676,Zoo
http://www.wikidata.org/entity/Q42299127,Jesus Loves Junkies,http://www.wikidata.org/entity/Q11647,Nine Inch Nails
http://www.wikidata.org/entity/Q65969348,Fades,http://www.wikidata.org/entity/Q1362028,Troye Sivan
http://www.wikidata.org/entity/Q65969348,Fades,http://www.wikidata.org/entity/Q162202,Nicki Minaj
http://www.wikidata.org/entity/Q41544316,Zuruckspulen,http://www.wikidata.org/entity/Q153926,Alphaville
http://www.wikidata.org/entity/Q105886167,La La Love You,http://www.wikidata.org/entity/Q1518160,La Casa Azul
http://www.wikidata.org/entity/Q106928114,Jeff and Jane Hudson,http://www.wikidata.org/entity/Q45354,The Doors
http://www.wikidata.org/entity/Q106928114,Jeff and Jane Hudson,http://www.wikidata.org/entity/Q1299,The Beatles
http://www.wikidata.org/entity/Q47500365,Faceplant,http://www.wikidata.org/entity/Q486688,Mötley Crüe
http://www.wikidata.org/entity/Q47500365,Faceplant,http://www.wikidata.org/entity/Q631948,Cracker
http://www.wikidata.org/entity/Q47500365,Faceplant,http://www.wikidata.org/entity/Q1381972,Everclear
http://www.wikidata.org/entity/Q63546531,Emmy & The Emmys,http://www.wikidata.org/entity/Q667389,The Pretenders
http://www.wikidata.org/entity/Q47500365,Faceplant,http://www.wikidata.org/entity/Q281894,Converge
http://www.wikidata.org/entity/Q47459173,Hańba!,http://www.wikidata.org/entity/Q7944083,Lucjan Szenwald
http://www.wikidata.org/entity/Q47500365,Faceplant,http://www.wikidata.org/entity/Q17325289,Nails
http://www.wikidata.org/entity/Q65065254,Judicator,http://www.wikidata.org/entity/Q152540,Blind Guardian
http://www.wikidata.org/entity/Q28945042,Gertrudis,http://www.wikidata.org/entity/Q2968676,Dusminguet
http://www.wikidata.org/entity/Q105886167,La La Love You,http://www.wikidata.org/entity/Q483407,Ramones
http://www.wikidata.org/entity/Q105886167,La La Love You,http://www.wikidata.org/entity/Q188464,Pixies
http://www.wikidata.org/entity/Q60751936,Kagoule,http://www.wikidata.org/entity/Q42201,independent music
http://www.wikidata.org/entity/Q47459173,Hańba!,http://www.wikidata.org/entity/Q376278,Julian Tuwim
http://www.wikidata.org/entity/Q28226507,Quimere,http://www.wikidata.org/entity/Q25177,Rammstein
http://www.wikidata.org/entity/Q56248912,Deche-Charge,http://www.wikidata.org/entity/Q484595,Anal Cunt
http://www.wikidata.org/entity/Q41544316,Zuruckspulen,http://www.wikidata.org/entity/Q225422,Men Without Hats
http://www.wikidata.org/entity/Q28441348,Story Untold,http://www.wikidata.org/entity/Q47871,Green Day
http://www.wikidata.org/entity/Q65969348,Fades,http://www.wikidata.org/entity/Q357645,Frank Ocean
http://www.wikidata.org/entity/Q35681697,Calacas Jazz Band,http://www.wikidata.org/.well-known/genid/6d5b0d8d9303f5f39253bc47b1b62fc1,http://www.wikidata.org/.well-known/genid/6d5b0d8d9303f5f39253bc47b1b62fc1
http://www.wikidata.org/entity/Q47500365,Faceplant,http://www.wikidata.org/entity/Q285190,Molly Hatchet
http://www.wikidata.org/entity/Q47459173,Hańba!,http://www.wikidata.org/entity/Q1399475,Władysław Broniewski
http://www.wikidata.org/entity/Q47500365,Faceplant,http://www.wikidata.org/entity/Q3020722,Death Grips
http://www.wikidata.org/entity/Q42562680,American Sixgun,http://www.wikidata.org/entity/Q690775,Maylene and the Sons of Disaster
http://www.wikidata.org/entity/Q89910983,Oliva trencada,http://www.wikidata.org/entity/Q11935420,Maria Antònia Salvà
http://www.wikidata.org/entity/Q28452770,MUNA,http://www.wikidata.org/entity/Q484427,The Cure
http://www.wikidata.org/entity/Q47500365,Faceplant,http://www.wikidata.org/entity/Q730046,Goo Goo Dolls
http://www.wikidata.org/entity/Q35681697,Calacas Jazz Band,http://www.wikidata.org/entity/Q7241031,Preservation Hall Jazz Band
http://www.wikidata.org/entity/Q63546531,Emmy & The Emmys,http://www.wikidata.org/entity/Q178095,The Police
http://www.wikidata.org/entity/Q47500365,Faceplant,http://www.wikidata.org/entity/Q884163,Blind Melon
http://www.wikidata.org/entity/Q28226507,Quimere,http://www.wikidata.org/entity/Q45165,System of a Down
http://www.wikidata.org/entity/Q47500365,Faceplant,http://www.wikidata.org/entity/Q16822837,Beartooth
http://www.wikidata.org/entity/Q41544316,Zuruckspulen,http://www.wikidata.org/entity/Q482964,Depeche Mode
http://www.wikidata.org/entity/Q41544316,Zuruckspulen,http://www.wikidata.org/entity/Q594199,Blancmange
http://www.wikidata.org/entity/Q58374492,Isák,http://www.wikidata.org/entity/Q464191,Mari Boine
http://www.wikidata.org/entity/Q89910983,Oliva trencada,http://www.wikidata.org/entity/Q2917088,Tomeu Penya
http://www.wikidata.org/entity/Q62027119,Gruesome,http://www.wikidata.org/entity/Q192843,Death
http://www.wikidata.org/entity/Q56248912,Deche-Charge,http://www.wikidata.org/entity/Q7563397,Sore Throat
http://www.wikidata.org/entity/Q65079531,Munnycat,http://www.wikidata.org/entity/Q214039,Beastie Boys
http://www.wikidata.org/entity/Q65969348,Fades,http://www.wikidata.org/entity/Q25432114,Bad Gyal
http://www.wikidata.org/entity/Q63546531,Emmy & The Emmys,http://www.wikidata.org/entity/Q235252,Pat Benatar
http://www.wikidata.org/entity/Q56248912,Deche-Charge,http://www.wikidata.org/entity/Q321762,Napalm Death
http://www.wikidata.org/entity/Q47459173,Hańba!,http://www.wikidata.org/entity/Q508990,Jan Brzechwa
http://www.wikidata.org/entity/Q47500365,Faceplant,http://www.wikidata.org/entity/Q5245804,Deafheaven
http://www.wikidata.org/entity/Q65079531,Munnycat,http://www.wikidata.org/entity/Q272619,Fatboy Slim
http://www.wikidata.org/entity/Q97657092,Dehd,http://www.wikidata.org/entity/Q180453,Dolly Parton
http://www.wikidata.org/entity/Q35681697,Calacas Jazz Band,http://www.wikidata.org/entity/Q1779,Louis Armstrong
http://www.wikidata.org/entity/Q97657092,Dehd,http://www.wikidata.org/entity/Q922155,Broadcast
http://www.wikidata.org/entity/Q56248912,Deche-Charge,http://www.wikidata.org/entity/Q3853452,Meat Shits
http://www.wikidata.org/entity/Q42562680,American Sixgun,http://www.wikidata.org/entity/Q42775,Johnny Cash
http://www.wikidata.org/entity/Q28452770,MUNA,http://www.wikidata.org/entity/Q1970440,The Blue Nile
http://www.wikidata.org/entity/Q41544316,Zuruckspulen,http://www.wikidata.org/entity/Q927927,Bronski Beat
http://www.wikidata.org/entity/Q105572694,Ovidi4,http://www.wikidata.org/entity/Q2734296,Ovidi Montllor
http://www.wikidata.org/entity/Q65969348,Fades,http://www.wikidata.org/entity/Q42493,Katy Perry
http://www.wikidata.org/entity/Q70341504,Psychedelic Porn Crumpets,http://www.wikidata.org/entity/Q9619,Tame Impala
http://www.wikidata.org/entity/Q56248912,Deche-Charge,http://www.wikidata.org/entity/Q23786494,Seven Minutes of Nausea
http://www.wikidata.org/entity/Q60751936,Kagoule,http://www.wikidata.org/entity/Q277865,Fugazi
http://www.wikidata.org/entity/Q65969348,Fades,http://www.wikidata.org/entity/Q36153,Beyoncé
http://www.wikidata.org/entity/Q60751936,Kagoule,http://www.wikidata.org/entity/Q188464,Pixies
http://www.wikidata.org/entity/Q105279583,Chill Mafia,http://www.wikidata.org/entity/Q3325908,Cicatriz
http://www.wikidata.org/entity/Q55658213,Spasm,http://www.wikidata.org/entity/Q18019495,Carnal Diafragma
http://www.wikidata.org/entity/Q106369977,Q106369977,http://www.wikidata.org/entity/Q15948790,Tove Lo
http://www.wikidata.org/entity/Q65969348,Fades,http://www.wikidata.org/entity/Q33605,Kesha
http://www.wikidata.org/entity/Q97657092,Dehd,http://www.wikidata.org/entity/Q188426,Roy Orbison
http://www.wikidata.org/entity/Q106369977,Q106369977,http://www.wikidata.org/entity/Q16875004,Vök
http://www.wikidata.org/entity/Q60751936,Kagoule,http://www.wikidata.org/entity/Q184217,The Smashing Pumpkins
http://www.wikidata.org/entity/Q70341504,Psychedelic Porn Crumpets,http://www.wikidata.org/entity/Q2103520,Pond
http://www.wikidata.org/entity/Q105572694,Ovidi4,http://www.wikidata.org/entity/Q2528647,Feliu Ventura
http://www.wikidata.org/entity/Q55393127,Speedwolf,http://www.wikidata.org/entity/Q19697,Motörhead
http://www.wikidata.org/entity/Q105572694,Ovidi4,http://www.wikidata.org/entity/Q2618737,Toti Soler
http://www.wikidata.org/entity/Q74445376,Saïm,http://www.wikidata.org/entity/Q11649,Nirvana
http://www.wikidata.org/entity/Q55697129,The Oath,http://www.wikidata.org/entity/Q647370,Mercyful Fate
http://www.wikidata.org/entity/Q28134941,G.L.O.S.S.,http://www.wikidata.org/entity/Q2550107,Bane
http://www.wikidata.org/entity/Q57598838,2Luv,http://www.wikidata.org/entity/Q3540315,Troop
http://www.wikidata.org/entity/Q56550697,Year of the Goat,http://www.wikidata.org/entity/Q331016,Blue Öyster Cult
http://www.wikidata.org/entity/Q106928114,Jeff and Jane Hudson,http://www.wikidata.org/entity/Q214990,New Order
http://www.wikidata.org/entity/Q106928114,Jeff and Jane Hudson,http://www.wikidata.org/entity/Q285108,Suicide
http://www.wikidata.org/entity/Q114298530,Q114298530,http://www.wikidata.org/entity/Q54901464,Men I Trust
http://www.wikidata.org/entity/Q115268370,Sonido Pesao,http://www.wikidata.org/entity/Q121506337,Q121506337
http://www.wikidata.org/entity/Q114298530,Q114298530,http://www.wikidata.org/entity/Q100795156,Yellow Days
http://www.wikidata.org/entity/Q113865963,Q113865963,http://www.wikidata.org/entity/Q61362679,Rotten XIII
http://www.wikidata.org/entity/Q113865963,Q113865963,http://www.wikidata.org/entity/Q61364866,Kaleko Urdangak
http://www.wikidata.org/entity/Q115179184,Lóci játszik,http://www.wikidata.org/entity/Q5928,Jimi Hendrix
http://www.wikidata.org/entity/Q114298530,Q114298530,http://www.wikidata.org/entity/Q64010780,Faye Webster
http://www.wikidata.org/entity/Q113865963,Q113865963,http://www.wikidata.org/entity/Q65216132,Brigade Loco
http://www.wikidata.org/entity/Q115246741,Juice Girls,http://www.wikidata.org/entity/Q272167,shoegaze
http://www.wikidata.org/entity/Q116115723,Falç de Metzinera,http://www.wikidata.org/entity/Q1789258,Om
http://www.wikidata.org/entity/Q116115723,Falç de Metzinera,http://www.wikidata.org/entity/Q808701,Baroness
http://www.wikidata.org/entity/Q116115723,Falç de Metzinera,http://www.wikidata.org/entity/Q192353,Jethro Tull
http://www.wikidata.org/entity/Q116115723,Falç de Metzinera,http://www.wikidata.org/entity/Q207717,Guillaume Dufay
http://www.wikidata.org/entity/Q116115723,Falç de Metzinera,http://www.wikidata.org/entity/Q12252922,Ainara LeGardon
http://www.wikidata.org/entity/Q116115723,Falç de Metzinera,http://www.wikidata.org/entity/Q2120164,Wardruna
http://www.wikidata.org/entity/Q115179184,Lóci játszik,http://www.wikidata.org/entity/Q101505,Deep Purple
http://www.wikidata.org/entity/Q114963738,Segell Microcscopi,http://www.wikidata.org/entity/Q26883986,Maria Arnal
http://www.wikidata.org/entity/Q114963738,Segell Microcscopi,http://www.wikidata.org/entity/Q8000980,Wildbirds & Peacedrums
http://www.wikidata.org/entity/Q114963738,Segell Microcscopi,http://www.wikidata.org/entity/Q28864892,Gata Cattana
http://www.wikidata.org/entity/Q116115723,Falç de Metzinera,http://www.wikidata.org/entity/Q20652558,Mourn
http://www.wikidata.org/entity/Q116115723,Falç de Metzinera,http://www.wikidata.org/entity/Q16842912,Hiatus Kaiyote
http://www.wikidata.org/entity/Q113865963,Q113865963,http://www.wikidata.org/entity/Q1549224,Kortatu
http://www.wikidata.org/entity/Q116115723,Falç de Metzinera,http://www.wikidata.org/entity/Q4877283,Beats Antique
http://www.wikidata.org/entity/Q116115723,Falç de Metzinera,http://www.wikidata.org/entity/Q19958216,Zoe Jakes
http://www.wikidata.org/entity/Q116115723,Falç de Metzinera,http://www.wikidata.org/entity/Q5325290,Eagle Twin
http://www.wikidata.org/entity/Q113865963,Q113865963,http://www.wikidata.org/entity/Q11933944,Los Draps
http://www.wikidata.org/entity/Q113865963,Q113865963,http://www.wikidata.org/entity/Q12253983,Arkada Social
http://www.wikidata.org/entity/Q113865963,Q113865963,http://www.wikidata.org/entity/Q13049275,La Ronda de Boltaña
http://www.wikidata.org/entity/Q116115723,Falç de Metzinera,http://www.wikidata.org/entity/Q27063452,Gina Gleason
http://www.wikidata.org/entity/Q113865963,Q113865963,http://www.wikidata.org/entity/Q3574232,Ixo rai!
http://www.wikidata.org/entity/Q116115723,Falç de Metzinera,http://www.wikidata.org/entity/Q47670,Black Sabbath
http://www.wikidata.org/entity/Q113865963,Q113865963,http://www.wikidata.org/entity/Q673364,Obrint Pas
http://www.wikidata.org/entity/Q114963738,Segell Microcscopi,http://www.wikidata.org/entity/Q56318705,El Niño de Elche
http://www.wikidata.org/entity/Q114298530,Q114298530,http://www.wikidata.org/entity/Q26710833,Alice Phoebe Lou
http://www.wikidata.org/entity/Q113865963,Q113865963,http://www.wikidata.org/entity/Q8210859,Azero
http://www.wikidata.org/entity/Q116115723,Falç de Metzinera,http://www.wikidata.org/entity/Q63531152,Udol
http://www.wikidata.org/entity/Q116115723,Falç de Metzinera,http://www.wikidata.org/entity/Q57743952,Nai Palm
http://www.wikidata.org/entity/Q115179184,Lóci játszik,http://www.wikidata.org/entity/Q45354,The Doors
http://www.wikidata.org/entity/Q115179184,Lóci játszik,http://www.wikidata.org/entity/Q1299,The Beatles
http://www.wikidata.org/entity/Q115179184,Lóci játszik,http://www.wikidata.org/entity/Q11895,Guns N' Roses
http://www.wikidata.org/entity/Q115179184,Lóci játszik,http://www.wikidata.org/entity/Q27593,AC/DC
http://www.wikidata.org/entity/Q114963738,Segell Microcscopi,http://www.wikidata.org/entity/Q250669,Fink
http://www.wikidata.org/entity/Q134403731,Very Nice Person,http://www.wikidata.org/entity/Q3143740,Hydrogyn
http://www.wikidata.org/entity/Q134403731,Very Nice Person,http://www.wikidata.org/entity/Q3351893,Omar Perry
http://www.wikidata.org/entity/Q134403731,Very Nice Person,http://www.wikidata.org/entity/Q456058,The Bled
http://www.wikidata.org/entity/Q134403731,Very Nice Person,http://www.wikidata.org/entity/Q519515,Falling in Reverse
http://www.wikidata.org/entity/Q134403613,Nyjah Music & Zyah Rhythm,http://www.wikidata.org/entity/Q18719011,SWMRS
http://www.wikidata.org/entity/Q134403613,Nyjah Music & Zyah Rhythm,http://www.wikidata.org/entity/Q669033,Fiction Plane
http://www.wikidata.org/entity/Q134396919,The Witty Featherstones,http://www.wikidata.org/entity/Q6778228,Marvell Thomas
http://www.wikidata.org/entity/Q134403731,Very Nice Person,http://www.wikidata.org/entity/Q6533435,Letlive
http://www.wikidata.org/entity/Q134403731,Very Nice Person,http://www.wikidata.org/entity/Q832446,Better Than Ezra
http://www.wikidata.org/entity/Q134403731,Very Nice Person,http://www.wikidata.org/entity/Q7430751,Scene of Irony
http://www.wikidata.org/entity/Q134403613,Nyjah Music & Zyah Rhythm,http://www.wikidata.org/entity/Q10708,Red Hot Chili Peppers
http://www.wikidata.org/entity/Q134403613,Nyjah Music & Zyah Rhythm,http://www.wikidata.org/entity/Q56281544,Common Kings
http://www.wikidata.org/entity/Q134396919,The Witty Featherstones,http://www.wikidata.org/entity/Q65061016,Shallow Side
http://www.wikidata.org/entity/Q134403731,Very Nice Person,http://www.wikidata.org/entity/Q44637,Hollywood Undead
http://www.wikidata.org/entity/Q134403613,Nyjah Music & Zyah Rhythm,http://www.wikidata.org/entity/Q118610720,Iam Tongi
http://www.wikidata.org/entity/Q134396919,The Witty Featherstones,http://www.wikidata.org/entity/Q284196,Sam Brown
http://www.wikidata.org/entity/Q134396919,The Witty Featherstones,http://www.wikidata.org/entity/Q93346,The Who
http://www.wikidata.org/entity/Q134403613,Nyjah Music & Zyah Rhythm,http://www.wikidata.org/entity/Q591691,Sublime
http://www.wikidata.org/entity/Q134403613,Nyjah Music & Zyah Rhythm,http://www.wikidata.org/entity/Q421794,The Darkness
http://www.wikidata.org/entity/Q134403731,Very Nice Person,http://www.wikidata.org/entity/Q550602,Poison
http://www.wikidata.org/entity/Q134403731,Very Nice Person,http://www.wikidata.org/entity/Q1355578,Ghost
http://www.wikidata.org/entity/Q134403613,Nyjah Music & Zyah Rhythm,http://www.wikidata.org/entity/Q297097,Jack Johnson
http://www.wikidata.org/entity/Q134403613,Nyjah Music & Zyah Rhythm,http://www.wikidata.org/entity/Q1045827,Cartel
http://www.wikidata.org/entity/Q134396919,The Witty Featherstones,http://www.wikidata.org/entity/Q175097,3 Doors Down
http://www.wikidata.org/entity/Q134403731,Very Nice Person,http://www.wikidata.org/entity/Q909731,All Time Low
http://www.wikidata.org/entity/Q134396919,The Witty Featherstones,http://www.wikidata.org/entity/Q134395746,Turbogeist
http://www.wikidata.org/entity/Q134396919,The Witty Featherstones,http://www.wikidata.org/entity/Q134397090,Tristan Lord Sutch
http://www.wikidata.org/entity/Q134403731,Very Nice Person,http://www.wikidata.org/entity/Q522849,Winger
http://www.wikidata.org/entity/Q134403613,Nyjah Music & Zyah Rhythm,http://www.wikidata.org/entity/Q134393110,Sons of Albion
http://www.wikidata.org/entity/Q134403613,Nyjah Music & Zyah Rhythm,http://www.wikidata.org/entity/Q134403731,Very Nice Person
http://www.wikidata.org/entity/Q134396919,The Witty Featherstones,http://www.wikidata.org/entity/Q180224,Lenny Kravitz
http://www.wikidata.org/entity/Q134396919,The Witty Featherstones,http://www.wikidata.org/entity/Q223736,Velvet Revolver
http://www.wikidata.org/entity/Q134403731,Very Nice Person,http://www.wikidata.org/entity/Q271984,Breaking Benjamin
http://www.wikidata.org/entity/Q134396919,The Witty Featherstones,http://www.wikidata.org/entity/Q3572062,Year Long Disaster
http://www.wikidata.org/entity/Q134396919,The Witty Featherstones,http://www.wikidata.org/entity/Q2349474,Cibo Matto
http://www.wikidata.org/entity/Q134396919,The Witty Featherstones,http://www.wikidata.org/entity/Q2413479,Band of Skulls
http://www.wikidata.org/entity/Q134403613,Nyjah Music & Zyah Rhythm,http://www.wikidata.org/entity/Q199418,Ziggy Marley
http://www.wikidata.org/entity/Q134396919,The Witty Featherstones,http://www.wikidata.org/entity/Q7752792,The Mustangs
http://www.wikidata.org/entity/Q134403731,Very Nice Person,http://www.wikidata.org/entity/Q485220,Good Charlotte
http://www.wikidata.org/entity/Q134403613,Nyjah Music & Zyah Rhythm,http://www.wikidata.org/entity/Q2349474,Cibo Matto
http://www.wikidata.org/entity/Q134396919,The Witty Featherstones,http://www.wikidata.org/entity/Q380849,Ben Harper
http://www.wikidata.org/entity/Q134403731,Very Nice Person,http://www.wikidata.org/entity/Q267435,Diggy Simmons
http://www.wikidata.org/entity/Q134403731,Very Nice Person,http://www.wikidata.org/entity/Q320499,Faith No More
http://www.wikidata.org/entity/Q101788657,Los Marañones,http://www.wikidata.org/entity/Q220707,Muddy Waters
http://www.wikidata.org/entity/Q118176928,Fetus,http://www.wikidata.org/entity/Q938630,Dropkick Murphys
http://www.wikidata.org/entity/Q107290639,Maluks,http://www.wikidata.org/entity/Q54855961,Iseo & Dodosound
http://www.wikidata.org/entity/Q125055833,The Sound Of Eddy,http://www.wikidata.org/entity/Q188668,Thom Yorke
http://www.wikidata.org/entity/Q126858310,Q126858310,http://www.wikidata.org/entity/Q6127106,Carlos Alberto Sánchez Uriol
http://www.wikidata.org/entity/Q122877720,Les Testarudes,http://www.wikidata.org/entity/Q612657,Dr. Calypso
http://www.wikidata.org/entity/Q122877720,Les Testarudes,http://www.wikidata.org/entity/Q4894689,Skatalà
http://www.wikidata.org/entity/Q126858310,Q126858310,http://www.wikidata.org/entity/Q777302,Two Door Cinema Club
http://www.wikidata.org/entity/Q112061524,SEES,http://www.wikidata.org/entity/Q569408,Meshuggah
http://www.wikidata.org/entity/Q125391883,Maneloren,http://www.wikidata.org/entity/Q728958,Foals
http://www.wikidata.org/entity/Q120727626,Bdrmm,http://www.wikidata.org/entity/Q1695023,alternative music
http://www.wikidata.org/entity/Q107290639,Maluks,http://www.wikidata.org/entity/Q60926853,Koffee
http://www.wikidata.org/entity/Q116290936,Telethon,http://www.wikidata.org/entity/Q209956,Weezer
http://www.wikidata.org/entity/Q126911159,Q126911159,http://www.wikidata.org/entity/Q1184597,Delorean
http://www.wikidata.org/entity/Q125055833,The Sound Of Eddy,http://www.wikidata.org/entity/Q357418,Massive Attack
http://www.wikidata.org/entity/Q117767711,Outsiders,http://www.wikidata.org/entity/Q3071,punk rock
http://www.wikidata.org/entity/Q122643415,Premier Métro,http://www.wikidata.org/entity/Q58608,Arcade Fire
http://www.wikidata.org/entity/Q122877720,Les Testarudes,http://www.wikidata.org/entity/Q845449,The Skatalites
http://www.wikidata.org/entity/Q125844419,Instructions For Song,http://www.wikidata.org/entity/Q191352,Portishead
http://www.wikidata.org/entity/Q125055833,The Sound Of Eddy,http://www.wikidata.org/entity/Q425821,Mark Ronson
http://www.wikidata.org/entity/Q125187779,Q125187779,http://www.wikidata.org/entity/Q1075066,Chixdiggit
http://www.wikidata.org/entity/Q126096871,Remei de Ca la Fresca,http://www.wikidata.org/entity/Q1276,Leonard Cohen
http://www.wikidata.org/entity/Q107290639,Maluks,http://www.wikidata.org/entity/Q66740361,La Sra. Tomasa
http://www.wikidata.org/entity/Q125055833,The Sound Of Eddy,http://www.wikidata.org/entity/Q547272,Animal Collective
http://www.wikidata.org/entity/Q125391991,Paper Divers,http://www.wikidata.org/entity/Q207938,Owl City
http://www.wikidata.org/entity/Q125391883,Maneloren,http://www.wikidata.org/entity/Q891829,Bombay Bicycle Club
http://www.wikidata.org/entity/Q125055833,The Sound Of Eddy,http://www.wikidata.org/entity/Q616642,Broken Social Scene
http://www.wikidata.org/entity/Q126855011,Q126855011,http://www.wikidata.org/entity/Q11399,rock music
http://www.wikidata.org/entity/Q100269171,Complex Numbers,http://www.wikidata.org/entity/Q24925,science fiction
http://www.wikidata.org/entity/Q120187122,Q120187122,http://www.wikidata.org/entity/Q61976633,Ojete Calor
http://www.wikidata.org/entity/Q111417483,Wu Ming Contingent,http://www.wikidata.org/entity/Q557,Patti Smith
http://www.wikidata.org/entity/Q109538607,Pinkshift,http://www.wikidata.org/entity/Q170599,Arctic Monkeys
http://www.wikidata.org/entity/Q126540956,Ben and The Biorhythms,http://www.wikidata.org/entity/Q214990,New Order
http://www.wikidata.org/entity/Q120727626,Bdrmm,http://www.wikidata.org/entity/Q598929,post-punk
http://www.wikidata.org/entity/Q126855011,Q126855011,http://www.wikidata.org/entity/Q10926,emo
http://www.wikidata.org/entity/Q124412677,QWER,http://www.wikidata.org/entity/Q223341,League of Legends
http://www.wikidata.org/entity/Q125187779,Q125187779,http://www.wikidata.org/entity/Q483407,Ramones
http://www.wikidata.org/entity/Q121438470,Animal Triste,http://www.wikidata.org/entity/Q45354,The Doors
http://www.wikidata.org/entity/Q125391883,Maneloren,http://www.wikidata.org/entity/Q488562,Angels & Airwaves
http://www.wikidata.org/entity/Q126096871,Remei de Ca la Fresca,http://www.wikidata.org/entity/Q2306,Pink Floyd
http://www.wikidata.org/entity/Q117353603,Grosse Isle,http://www.wikidata.org/entity/Q645562,Jean Carignan
http://www.wikidata.org/entity/Q116290936,Telethon,http://www.wikidata.org/entity/Q16952970,Modern Baseball
http://www.wikidata.org/entity/Q107290639,Maluks,http://www.wikidata.org/entity/Q200577,Sean Paul
http://www.wikidata.org/entity/Q125391883,Maneloren,http://www.wikidata.org/entity/Q858365,Biffy Clyro
http://www.wikidata.org/entity/Q107290639,Maluks,http://www.wikidata.org/entity/Q87409840,JazzWoman
http://www.wikidata.org/entity/Q118176928,Fetus,http://www.wikidata.org/entity/Q48304,The Pogues
http://www.wikidata.org/entity/Q125187779,Q125187779,http://www.wikidata.org/entity/Q16950803,Masked Intruder
http://www.wikidata.org/entity/Q107106065,The Māori Sidesteps,http://www.wikidata.org/entity/Q5920451,Howard Morrison Quartet
http://www.wikidata.org/entity/Q125187779,Q125187779,http://www.wikidata.org/entity/Q3982563,Teenage Bottlerocket
http://www.wikidata.org/entity/Q126096871,Remei de Ca la Fresca,http://www.wikidata.org/entity/Q109441792,La Ludwig Band
http://www.wikidata.org/entity/Q107106065,The Māori Sidesteps,http://www.wikidata.org/entity/Q6472339,Prince Tui Teka
http://www.wikidata.org/entity/Q101788657,Los Marañones,http://www.wikidata.org/entity/Q1299,The Beatles
http://www.wikidata.org/entity/Q126858310,Q126858310,http://www.wikidata.org/entity/Q61113,Foster the People
http://www.wikidata.org/entity/Q121290701,Octave Noire,http://www.wikidata.org/entity/Q117315771,Sylvain Picard
http://www.wikidata.org/entity/Q123568555,Apollo Bebop,http://www.wikidata.org/entity/Q7346,John Coltrane
http://www.wikidata.org/entity/Q107290639,Maluks,http://www.wikidata.org/entity/Q134541,Black Eyed Peas
http://www.wikidata.org/entity/Q107290639,Maluks,http://www.wikidata.org/entity/Q19832676,Zoo
http://www.wikidata.org/entity/Q120187122,Q120187122,http://www.wikidata.org/entity/Q90010759,Ladilla Rusa
http://www.wikidata.org/entity/Q107290639,Maluks,http://www.wikidata.org/entity/Q1350622,Fermin Muguruza
http://www.wikidata.org/entity/Q121506337,Q121506337,http://www.wikidata.org/entity/Q115268370,Sonido Pesao
http://www.wikidata.org/entity/Q120187122,Q120187122,http://www.wikidata.org/entity/Q211583,The Strokes
http://www.wikidata.org/entity/Q126540956,Ben and The Biorhythms,http://www.wikidata.org/entity/Q482964,Depeche Mode
http://www.wikidata.org/entity/Q116762464,The Busker,http://www.wikidata.org/entity/Q183048,The Beach Boys
http://www.wikidata.org/entity/Q107290639,Maluks,http://www.wikidata.org/entity/Q174957,Nina Simone
http://www.wikidata.org/entity/Q107290639,Maluks,http://www.wikidata.org/entity/Q11955284,Xavi Sarrià
http://www.wikidata.org/entity/Q122643415,Premier Métro,http://www.wikidata.org/entity/Q1045752,Phoenix
http://www.wikidata.org/entity/Q120187122,Q120187122,http://www.wikidata.org/entity/Q483407,Ramones
http://www.wikidata.org/entity/Q122643415,Premier Métro,http://www.wikidata.org/entity/Q484427,The Cure
http://www.wikidata.org/entity/Q122643415,Premier Métro,http://www.wikidata.org/entity/Q1122583,Indochine
http://www.wikidata.org/entity/Q111417483,Wu Ming Contingent,http://www.wikidata.org/entity/Q189080,Lou Reed
http://www.wikidata.org/entity/Q109538607,Pinkshift,http://www.wikidata.org/entity/Q11649,Nirvana
http://www.wikidata.org/entity/Q111417483,Wu Ming Contingent,http://www.wikidata.org/entity/Q172763,Joy Division
http://www.wikidata.org/entity/Q107290639,Maluks,http://www.wikidata.org/entity/Q310796,Damian Marley
http://www.wikidata.org/entity/Q110485867,Groggy Rude,http://www.wikidata.org/entity/Q600311,Cock Sparrer
http://www.wikidata.org/entity/Q120187122,Q120187122,http://www.wikidata.org/entity/Q11687785,La Veneno
http://www.wikidata.org/entity/Q126096871,Remei de Ca la Fresca,http://www.wikidata.org/entity/Q598585,Triana
http://www.wikidata.org/entity/Q125844419,Instructions For Song,http://www.wikidata.org/entity/Q1299,The Beatles
http://www.wikidata.org/entity/Q120187122,Q120187122,http://www.wikidata.org/entity/Q3325178,Vulpes
http://www.wikidata.org/entity/Q117767711,Outsiders,http://www.wikidata.org/entity/Q457125,Albert Ayler
http://www.wikidata.org/entity/Q126858310,Q126858310,http://www.wikidata.org/entity/Q9619,Tame Impala
http://www.wikidata.org/entity/Q125391991,Paper Divers,http://www.wikidata.org/entity/Q16414,Death Cab for Cutie
http://www.wikidata.org/entity/Q125055833,The Sound Of Eddy,http://www.wikidata.org/entity/Q44190,Radiohead
http://www.wikidata.org/entity/Q111417483,Wu Ming Contingent,http://www.wikidata.org/entity/Q181874,Neu!
http://www.wikidata.org/entity/Q120187122,Q120187122,http://www.wikidata.org/entity/Q2561536,Parálisis Permanente
http://www.wikidata.org/entity/Q104623227,Maria Bacana,http://www.wikidata.org/entity/Q1325248,Os Mutantes
http://www.wikidata.org/entity/Q104623227,Maria Bacana,http://www.wikidata.org/entity/Q1534282,Ratos de Porão
http://www.wikidata.org/entity/Q122877720,Les Testarudes,http://www.wikidata.org/entity/Q118176928,Fetus
http://www.wikidata.org/entity/Q116319937,Fado Bicha,http://www.wikidata.org/entity/Q214813,Amália Rodrigues
http://www.wikidata.org/entity/Q118289325,Zafem,http://www.wikidata.org/entity/Q1318954,Kassav'
http://www.wikidata.org/entity/Q100269171,Complex Numbers,http://www.wikidata.org/entity/Q4295505,Mirage
http://www.wikidata.org/entity/Q120187122,Q120187122,http://www.wikidata.org/entity/Q16592912,Los Ganglios
http://www.wikidata.org/entity/Q126096871,Remei de Ca la Fresca,http://www.wikidata.org/entity/Q3131908,Manel
http://www.wikidata.org/entity/Q126096871,Remei de Ca la Fresca,http://www.wikidata.org/entity/Q1333372,Els Pets
http://www.wikidata.org/entity/Q107290639,Maluks,http://www.wikidata.org/entity/Q25400561,Sara Hebe
http://www.wikidata.org/entity/Q123568555,Apollo Bebop,http://www.wikidata.org/entity/Q300602,A Tribe Called Quest
http://www.wikidata.org/entity/Q125391883,Maneloren,http://www.wikidata.org/entity/Q45188,Coldplay
http://www.wikidata.org/entity/Q100900626,Little Cities,http://www.wikidata.org/entity/Q482477,Blink-182
http://www.wikidata.org/entity/Q122643415,Premier Métro,http://www.wikidata.org/entity/Q289556,Étienne Daho
http://www.wikidata.org/entity/Q121438470,Animal Triste,http://www.wikidata.org/entity/Q192668,Nick Cave
http://www.wikidata.org/entity/Q116458114,OR,http://www.wikidata.org/entity/Q3752591,Sopa de Cabra
http://www.wikidata.org/entity/Q126096871,Remei de Ca la Fresca,http://www.wikidata.org/entity/Q2733436,Antònia Font
http://www.wikidata.org/entity/Q121164488,Star Feminine Band,http://www.wikidata.org/entity/Q3586228,Élage Diouf
http://www.wikidata.org/entity/Q117328207,dumb belles,http://www.wikidata.org/entity/Q106648,Fleetwood Mac
http://www.wikidata.org/entity/Q118176928,Fetus,http://www.wikidata.org/entity/Q11927225,Jaume Arnella i París
http://www.wikidata.org/entity/Q110572800,Le Petit Bayreuth,http://www.wikidata.org/entity/Q1511,Richard Wagner
http://www.wikidata.org/entity/Q120187122,Q120187122,http://www.wikidata.org/entity/Q6683173,Los Punsetes
http://www.wikidata.org/entity/Q100900626,Little Cities,http://www.wikidata.org/entity/Q483558,Sum 41
http://www.wikidata.org/entity/Q100900626,Little Cities,http://www.wikidata.org/entity/Q485811,Fall Out Boy
http://www.wikidata.org/entity/Q100900626,Little Cities,http://www.wikidata.org/entity/Q485825,Simple Plan
http://www.wikidata.org/entity/Q125844419,Instructions For Song,http://www.wikidata.org/entity/Q2306,Pink Floyd
http://www.wikidata.org/entity/Q117767711,Outsiders,http://www.wikidata.org/entity/Q2123902,R. L. Burnside
http://www.wikidata.org/entity/Q122643415,Premier Métro,http://www.wikidata.org/entity/Q482964,Depeche Mode
http://www.wikidata.org/entity/Q100269171,Complex Numbers,http://www.wikidata.org/entity/Q153796,Arkady and Boris Strugatsky
http://www.wikidata.org/entity/Q107290639,Maluks,http://www.wikidata.org/entity/Q9018656,La Kinky Beat
http://www.wikidata.org/entity/Q118289325,Zafem,http://www.wikidata.org/entity/Q3513534,Tabou Combo
http://www.wikidata.org/entity/Q107290639,Maluks,http://www.wikidata.org/entity/Q9053350,Orxata Sound System
http://www.wikidata.org/entity/Q112061524,SEES,http://www.wikidata.org/entity/Q184827,Tool
http://www.wikidata.org/entity/Q117767711,Outsiders,http://www.wikidata.org/entity/Q252248,Link Wray
http://www.wikidata.org/entity/Q117767711,Outsiders,http://www.wikidata.org/entity/Q262317,Tinariwen
http://www.wikidata.org/entity/Q117767711,Outsiders,http://www.wikidata.org/entity/Q324905,Nikki Sudden
http://www.wikidata.org/entity/Q104814105,Nikto,http://www.wikidata.org/entity/Q823080,no wave
http://www.wikidata.org/entity/Q107290639,Maluks,http://www.wikidata.org/entity/Q409,Bob Marley
http://www.wikidata.org/entity/Q120187122,Q120187122,http://www.wikidata.org/entity/Q29912107,Las Bistecs
http://www.wikidata.org/entity/Q112659793,Пане-браце,http://www.wikidata.org/entity/Q1299,The Beatles
http://www.wikidata.org/entity/Q111417483,Wu Ming Contingent,http://www.wikidata.org/entity/Q845265,Public Image Ltd.
http://www.wikidata.org/entity/Q126851218,Q126851218,http://www.wikidata.org/entity/Q2566660,British rock
http://www.wikidata.org/entity/Q126858310,Q126858310,http://www.wikidata.org/entity/Q199125,Love of Lesbian
http://www.wikidata.org/entity/Q109341162,Big Blood,http://www.wikidata.org/entity/Q3063174,Sun City Girls
http://www.wikidata.org/entity/Q125055833,The Sound Of Eddy,http://www.wikidata.org/entity/Q191352,Portishead
http://www.wikidata.org/entity/Q116762464,The Busker,http://www.wikidata.org/entity/Q392,Bob Dylan
http://www.wikidata.org/entity/Q116762464,The Busker,http://www.wikidata.org/entity/Q1299,The Beatles
http://www.wikidata.org/entity/Q125844419,Instructions For Song,http://www.wikidata.org/entity/Q44190,Radiohead
http://www.wikidata.org/entity/Q111417483,Wu Ming Contingent,http://www.wikidata.org/entity/Q904921,The Sonics
http://www.wikidata.org/entity/Q116458114,OR,http://www.wikidata.org/entity/Q3075731,Lax'n'Busto
http://www.wikidata.org/entity/Q110485867,Groggy Rude,http://www.wikidata.org/entity/Q56400672,Crim
http://www.wikidata.org/entity/Q117767711,Outsiders,http://www.wikidata.org/entity/Q76092,glam rock
http://www.wikidata.org/entity/Q101500239,Arsenal Mills,http://www.wikidata.org/entity/Q262207,70s
http://www.wikidata.org/entity/Q126096871,Remei de Ca la Fresca,http://www.wikidata.org/entity/Q26883986,Maria Arnal
http://www.wikidata.org/entity/Q120727626,Bdrmm,http://www.wikidata.org/entity/Q320592,Krautrock
http://www.wikidata.org/entity/Q136464169,The Smashing Pixels,http://www.wikidata.org/entity/Q764483,Dope
http://www.wikidata.org/entity/Q135649274,Antihéroe,http://www.wikidata.org/entity/Q133866570,Siloé
http://www.wikidata.org/entity/Q136464169,The Smashing Pixels,http://www.wikidata.org/entity/Q136451280,Jimmy Dale
http://www.wikidata.org/entity/Q136464169,The Smashing Pixels,http://www.wikidata.org/entity/Q200577,Sean Paul
http://www.wikidata.org/entity/Q136464169,The Smashing Pixels,http://www.wikidata.org/entity/Q1753914,Saliva
http://www.wikidata.org/entity/Q136464306,Settle Your Scores,http://www.wikidata.org/entity/Q292061,AFI
http://www.wikidata.org/entity/Q136464169,The Smashing Pixels,http://www.wikidata.org/entity/Q1045827,Cartel
http://www.wikidata.org/entity/Q136085739,Marie Céleste,http://www.wikidata.org/entity/Q1410117,Harmonium
http://www.wikidata.org/entity/Q136296006,Bunny X,http://www.wikidata.org/entity/Q66708620,Timecop1983
http://www.wikidata.org/entity/Q136464169,The Smashing Pixels,http://www.wikidata.org/entity/Q1640281,Wargasm
http://www.wikidata.org/entity/Q136334199,The Audio Cartel,http://www.wikidata.org/entity/Q750455,Astralasia
http://www.wikidata.org/entity/Q136464169,The Smashing Pixels,http://www.wikidata.org/entity/Q129780537,Rolan Bolan
http://www.wikidata.org/entity/Q136328233,The Very Simple Band,http://www.wikidata.org/entity/Q136334016,Yes Factory
http://www.wikidata.org/entity/Q136328233,The Very Simple Band,http://www.wikidata.org/entity/Q136514496,Avant Zoom
http://www.wikidata.org/entity/Q136464306,Settle Your Scores,http://www.wikidata.org/entity/Q300386,A Day to Remember
http://www.wikidata.org/entity/Q136464169,The Smashing Pixels,http://www.wikidata.org/entity/Q655648,Boys Like Girls
http://www.wikidata.org/entity/Q135826704,All American Boys,http://www.wikidata.org/entity/Q4822998,Austin Brown
http://www.wikidata.org/entity/Q135826704,All American Boys,http://www.wikidata.org/entity/Q826185,Busted
http://www.wikidata.org/entity/Q136464169,The Smashing Pixels,http://www.wikidata.org/entity/Q1155385,Third Eye Blind
http://www.wikidata.org/entity/Q136464169,The Smashing Pixels,http://www.wikidata.org/entity/Q1169219,Pierce the Veil
http://www.wikidata.org/entity/Q136464169,The Smashing Pixels,http://www.wikidata.org/entity/Q135013227,The Beat Featuring Ranking Jnr
http://www.wikidata.org/entity/Q136464169,The Smashing Pixels,http://www.wikidata.org/entity/Q376035,American Hi-Fi
http://www.wikidata.org/entity/Q136472433,Upon Stone,http://www.wikidata.org/entity/Q421794,The Darkness
http://www.wikidata.org/entity/Q135651269,Q135651269,http://www.wikidata.org/entity/Q261,Linkin Park
http://www.wikidata.org/entity/Q135826704,All American Boys,http://www.wikidata.org/entity/Q214237,The All-American Rejects
http://www.wikidata.org/entity/Q136334016,Yes Factory,http://www.wikidata.org/entity/Q136334199,The Audio Cartel
http://www.wikidata.org/entity/Q136334199,The Audio Cartel,http://www.wikidata.org/entity/Q136334249,Dan Penniman
http://www.wikidata.org/entity/Q136334016,Yes Factory,http://www.wikidata.org/entity/Q973760,Skindred
http://www.wikidata.org/entity/Q136464169,The Smashing Pixels,http://www.wikidata.org/entity/Q740434,Smash Mouth
http://www.wikidata.org/entity/Q136464169,The Smashing Pixels,http://www.wikidata.org/entity/Q1358683,Wilson Phillips
http://www.wikidata.org/entity/Q136472433,Upon Stone,http://www.wikidata.org/entity/Q1052297,Puya
http://www.wikidata.org/entity/Q136464169,The Smashing Pixels,http://www.wikidata.org/entity/Q1572584,Semisonic
http://www.wikidata.org/entity/Q136464306,Settle Your Scores,http://www.wikidata.org/entity/Q186318,Four Year Strong
http://www.wikidata.org/entity/Q136464169,The Smashing Pixels,http://www.wikidata.org/entity/Q199418,Ziggy Marley
http://www.wikidata.org/entity/Q136464169,The Smashing Pixels,http://www.wikidata.org/entity/Q201918,Every Avenue
http://www.wikidata.org/entity/Q136464306,Settle Your Scores,http://www.wikidata.org/entity/Q850645,New Found Glory
http://www.wikidata.org/entity/Q136464169,The Smashing Pixels,http://www.wikidata.org/entity/Q3572062,Year Long Disaster
http://www.wikidata.org/entity/Q135826704,All American Boys,http://www.wikidata.org/entity/Q20012445,The Tide
http://www.wikidata.org/entity/Q136464306,Settle Your Scores,http://www.wikidata.org/entity/Q17063207,State Champs
http://www.wikidata.org/entity/Q136464169,The Smashing Pixels,http://www.wikidata.org/entity/Q2349474,Cibo Matto
http://www.wikidata.org/entity/Q136464169,The Smashing Pixels,http://www.wikidata.org/entity/Q283487,Taking Back Sunday
http://www.wikidata.org/entity/Q135826704,All American Boys,http://www.wikidata.org/entity/Q199418,Ziggy Marley
http://www.wikidata.org/entity/Q135826704,All American Boys,http://www.wikidata.org/entity/Q201918,Every Avenue
http://www.wikidata.org/entity/Q136464306,Settle Your Scores,http://www.wikidata.org/entity/Q16955493,Neck Deep
http://www.wikidata.org/entity/Q136472433,Upon Stone,http://www.wikidata.org/entity/Q1353720,Shadows Fall
http://www.wikidata.org/entity/Q136464169,The Smashing Pixels,http://www.wikidata.org/entity/Q22443752,Lexi Jones
http://www.wikidata.org/entity/Q135649274,Antihéroe,http://www.wikidata.org/entity/Q24943971,Viva Suecia
http://www.wikidata.org/entity/Q135826704,All American Boys,http://www.wikidata.org/entity/Q15042553,The Vamps
http://www.wikidata.org/entity/Q136464169,The Smashing Pixels,http://www.wikidata.org/entity/Q18719011,SWMRS
http://www.wikidata.org/entity/Q136464169,The Smashing Pixels,http://www.wikidata.org/entity/Q7228997,Pop Evil
http://www.wikidata.org/entity/Q136296006,Bunny X,http://www.wikidata.org/entity/Q485625,Pet Shop Boys
http://www.wikidata.org/entity/Q136464169,The Smashing Pixels,http://www.wikidata.org/entity/Q669033,Fiction Plane
http://www.wikidata.org/entity/Q136464169,The Smashing Pixels,http://www.wikidata.org/entity/Q5566561,Glamour Camp
http://www.wikidata.org/entity/Q135826704,All American Boys,http://www.wikidata.org/entity/Q18719011,SWMRS
http://www.wikidata.org/entity/Q136334016,Yes Factory,http://www.wikidata.org/entity/Q18852,Lostprophets
http://www.wikidata.org/entity/Q136472433,Upon Stone,http://www.wikidata.org/entity/Q769430,BulletBoys
http://www.wikidata.org/entity/Q136085739,Marie Céleste,http://www.wikidata.org/entity/Q780669,Karkwa
http://www.wikidata.org/entity/Q136472433,Upon Stone,http://www.wikidata.org/entity/Q404317,Saigon Kick
http://www.wikidata.org/entity/Q136464306,Settle Your Scores,http://www.wikidata.org/entity/Q913673,Underoath
http://www.wikidata.org/entity/Q136464169,The Smashing Pixels,http://www.wikidata.org/entity/Q136334016,Yes Factory
http://www.wikidata.org/entity/Q136464169,The Smashing Pixels,http://www.wikidata.org/entity/Q136464306,Settle Your Scores
http://www.wikidata.org/entity/Q136472433,Upon Stone,http://www.wikidata.org/entity/Q595862,God Forbid
http://www.wikidata.org/entity/Q135826704,All American Boys,http://www.wikidata.org/entity/Q135831261,Barlows
http://www.wikidata.org/entity/Q135826704,All American Boys,http://www.wikidata.org/entity/Q135832844,WanMor
http://www.wikidata.org/entity/Q136296006,Bunny X,http://www.wikidata.org/entity/Q482964,Depeche Mode
http://www.wikidata.org/entity/Q136328233,The Very Simple Band,http://www.wikidata.org/entity/Q120639597,Drain
http://www.wikidata.org/entity/Q136327111,Touch Excellent,http://www.wikidata.org/entity/Q420880,They Might Be Giants
http://www.wikidata.org/entity/Q136327111,Touch Excellent,http://www.wikidata.org/entity/Q1089523,Chumbawamba
http://www.wikidata.org/entity/Q136464169,The Smashing Pixels,http://www.wikidata.org/entity/Q18852,Lostprophets
http://www.wikidata.org/entity/Q136334016,Yes Factory,http://www.wikidata.org/entity/Q310580,David Cook
http://www.wikidata.org/entity/Q136334016,Yes Factory,http://www.wikidata.org/entity/Q421794,The Darkness
http://www.wikidata.org/entity/Q136334016,Yes Factory,http://www.wikidata.org/entity/Q124179,Kiss
http://www.wikidata.org/entity/Q136334016,Yes Factory,http://www.wikidata.org/entity/Q2292368,Skin
http://www.wikidata.org/entity/Q136296006,Bunny X,http://www.wikidata.org/entity/Q1744,Madonna
http://www.wikidata.org/entity/Q136334016,Yes Factory,http://www.wikidata.org/entity/Q750954,Filter
http://www.wikidata.org/entity/Q136334016,Yes Factory,http://www.wikidata.org/entity/Q93346,The Who
http://www.wikidata.org/entity/Q136334016,Yes Factory,http://www.wikidata.org/entity/Q736089,CKY
http://www.wikidata.org/entity/Q136334016,Yes Factory,http://www.wikidata.org/entity/Q1753914,Saliva
http://www.wikidata.org/entity/Q136334016,Yes Factory,http://www.wikidata.org/entity/Q826255,Suede
http://www.wikidata.org/entity/Q135683594,Q135683594,http://www.wikidata.org/entity/Q277865,Fugazi
http://www.wikidata.org/entity/Q136334016,Yes Factory,http://www.wikidata.org/entity/Q1640281,Wargasm
http://www.wikidata.org/entity/Q136334016,Yes Factory,http://www.wikidata.org/entity/Q129780537,Rolan Bolan
http://www.wikidata.org/entity/Q136334199,The Audio Cartel,http://www.wikidata.org/entity/Q132853229,Dead!
http://www.wikidata.org/entity/Q136472433,Upon Stone,http://www.wikidata.org/entity/Q49724,Hoobastank
http://www.wikidata.org/entity/Q136334016,Yes Factory,http://www.wikidata.org/entity/Q134393110,Sons of Albion
http://www.wikidata.org/entity/Q136334016,Yes Factory,http://www.wikidata.org/entity/Q134395746,Turbogeist
http://www.wikidata.org/entity/Q135683594,Q135683594,http://www.wikidata.org/entity/Q184217,The Smashing Pumpkins
http://www.wikidata.org/entity/Q136334016,Yes Factory,http://www.wikidata.org/entity/Q1358683,Wilson Phillips
http://www.wikidata.org/entity/Q135649274,Antihéroe,http://www.wikidata.org/entity/Q117440368,Arde Bogotá
http://www.wikidata.org/entity/Q136334199,The Audio Cartel,http://www.wikidata.org/entity/Q1369148,John Mayer Trio
http://www.wikidata.org/entity/Q136334199,The Audio Cartel,http://www.wikidata.org/entity/Q180224,Lenny Kravitz
http://www.wikidata.org/entity/Q136334199,The Audio Cartel,http://www.wikidata.org/entity/Q643005,The Wallflowers
http://www.wikidata.org/entity/Q136334016,Yes Factory,http://www.wikidata.org/entity/Q3572062,Year Long Disaster
http://www.wikidata.org/entity/Q136334199,The Audio Cartel,http://www.wikidata.org/entity/Q3572062,Year Long Disaster
http://www.wikidata.org/entity/Q136334016,Yes Factory,http://www.wikidata.org/entity/Q2349474,Cibo Matto
http://www.wikidata.org/entity/Q136334199,The Audio Cartel,http://www.wikidata.org/entity/Q2349474,Cibo Matto
http://www.wikidata.org/entity/Q136328233,The Very Simple Band,http://www.wikidata.org/entity/Q18719011,SWMRS
http://www.wikidata.org/entity/Q136334199,The Audio Cartel,http://www.wikidata.org/entity/Q3560408,Lionsheart
http://www.wikidata.org/entity/Q135649274,Antihéroe,http://www.wikidata.org/entity/Q131629512,Sexy Zebras
http://www.wikidata.org/entity/Q136464169,The Smashing Pixels,http://www.wikidata.org/entity/Q135013271,FIM
http://www.wikidata.org/entity/Q128678361,Los Monstruitos,http://www.wikidata.org/entity/Q3182761,Los Suaves
http://www.wikidata.org/entity/Q129211219,Superuva,http://www.wikidata.org/entity/Q1622756,Siniestro Total
http://www.wikidata.org/entity/Q137639661,Sound System Seven,http://www.wikidata.org/entity/Q19057,The Specials
http://www.wikidata.org/entity/Q137541482,Q137541482,http://www.wikidata.org/entity/Q221438,rhumba
http://www.wikidata.org/entity/Q126374592,Dead Floyd,http://www.wikidata.org/entity/Q212533,Grateful Dead
http://www.wikidata.org/entity/Q134403731,Very Nice Person,http://www.wikidata.org/entity/Q123177741,James Brown Jr.
http://www.wikidata.org/entity/Q140065832,Amor Líquido,http://www.wikidata.org/entity/Q68061,Cage the Elephant
http://www.wikidata.org/entity/Q137541482,Q137541482,http://www.wikidata.org/entity/Q2707994,Catalan rumba
http://www.wikidata.org/entity/Q128678361,Los Monstruitos,http://www.wikidata.org/entity/Q728289,Toy Dolls
http://www.wikidata.org/entity/Q130331767,Turista Sueca,http://www.wikidata.org/entity/Q45129099,Chico y Chica
http://www.wikidata.org/entity/Q133176560,Too Snoozed,http://www.wikidata.org/entity/Q11649,Nirvana
http://www.wikidata.org/entity/Q126857927,Q126857927,http://www.wikidata.org/entity/Q780823,Vetusta Morla
http://www.wikidata.org/entity/Q135458550,Isla Lavanda,http://www.wikidata.org/entity/Q220730,The Killers
http://www.wikidata.org/entity/Q133809820,Q133809820,http://www.wikidata.org/entity/Q1357035,Vybz Kartel
http://www.wikidata.org/entity/Q140065832,Amor Líquido,http://www.wikidata.org/entity/Q18719133,Turnstile
http://www.wikidata.org/entity/Q138842979,A11UREA,http://www.wikidata.org/entity/Q66364245,Ukrainian folk music
http://www.wikidata.org/entity/Q135458550,Isla Lavanda,http://www.wikidata.org/entity/Q127601403,Delaporte
http://www.wikidata.org/entity/Q136472433,Upon Stone,http://www.wikidata.org/entity/Q54958724,Fever 333
http://www.wikidata.org/entity/Q135458550,Isla Lavanda,http://www.wikidata.org/entity/Q3392326,Dorian
http://www.wikidata.org/entity/Q134403731,Very Nice Person,http://www.wikidata.org/entity/Q134393110,Sons of Albion
http://www.wikidata.org/entity/Q134403731,Very Nice Person,http://www.wikidata.org/entity/Q135261209,Rambies
http://www.wikidata.org/entity/Q136521690,Feed the Beast,http://www.wikidata.org/entity/Q54958724,Fever 333
http://www.wikidata.org/entity/Q133809820,Q133809820,http://www.wikidata.org/entity/Q440898,Gregory Isaacs
http://www.wikidata.org/entity/Q126857927,Q126857927,http://www.wikidata.org/entity/Q22151,Muse
http://www.wikidata.org/entity/Q139545434,Q139545434,http://www.wikidata.org/entity/Q1299,The Beatles
http://www.wikidata.org/entity/Q130331767,Turista Sueca,http://www.wikidata.org/entity/Q61976633,Ojete Calor
http://www.wikidata.org/entity/Q133809820,Q133809820,http://www.wikidata.org/entity/Q560642,Buju Banton
http://www.wikidata.org/entity/Q135211833,The Finz,http://www.wikidata.org/entity/Q108570463,Mammoth WVH
http://www.wikidata.org/entity/Q130331767,Turista Sueca,http://www.wikidata.org/entity/Q63860004,Chenta Tsai Tseng
http://www.wikidata.org/entity/Q130331767,Turista Sueca,http://www.wikidata.org/entity/Q105622678,Samantha Hudson
http://www.wikidata.org/entity/Q128678361,Los Monstruitos,http://www.wikidata.org/entity/Q42482,Iron Maiden
http://www.wikidata.org/entity/Q134403731,Very Nice Person,http://www.wikidata.org/entity/Q17090739,Unlocking the Truth
http://www.wikidata.org/entity/Q133809820,Q133809820,http://www.wikidata.org/entity/Q7361545,Romain Virgo
http://www.wikidata.org/entity/Q134403731,Very Nice Person,http://www.wikidata.org/entity/Q18158481,Radkey
http://www.wikidata.org/entity/Q128077193,The Oozes,http://www.wikidata.org/entity/Q860153,Bikini Kill
http://www.wikidata.org/entity/Q136648326,The Mop Tops,http://www.wikidata.org/entity/Q3365077,Tages
http://www.wikidata.org/entity/Q138842979,A11UREA,http://www.wikidata.org/entity/Q130711854,Dikir Barat Singapura
http://www.wikidata.org/entity/Q138858342,TheVeilers,http://www.wikidata.org/entity/Q44190,Radiohead
http://www.wikidata.org/entity/Q136472433,Upon Stone,http://www.wikidata.org/entity/Q92990314,The Dives
http://www.wikidata.org/entity/Q140065832,Amor Líquido,http://www.wikidata.org/entity/Q22151,Muse
http://www.wikidata.org/entity/Q133809820,Q133809820,http://www.wikidata.org/entity/Q958875,Israel Vibration
http://www.wikidata.org/entity/Q135211833,The Finz,http://www.wikidata.org/entity/Q92990314,The Dives
http://www.wikidata.org/entity/Q135211833,The Finz,http://www.wikidata.org/entity/Q310580,David Cook
http://www.wikidata.org/entity/Q135458550,Isla Lavanda,http://www.wikidata.org/entity/Q6019273,Miss Caffeina
http://www.wikidata.org/entity/Q135211833,The Finz,http://www.wikidata.org/entity/Q157041,The Offspring
http://www.wikidata.org/entity/Q135458550,Isla Lavanda,http://www.wikidata.org/entity/Q777302,Two Door Cinema Club
http://www.wikidata.org/entity/Q139553797,All the Pretty Horses,http://www.wikidata.org/entity/Q82545,Sex Pistols
http://www.wikidata.org/entity/Q135211833,The Finz,http://www.wikidata.org/entity/Q909731,All Time Low
http://www.wikidata.org/entity/Q135211833,The Finz,http://www.wikidata.org/entity/Q129780537,Rolan Bolan
http://www.wikidata.org/entity/Q126857927,Q126857927,http://www.wikidata.org/entity/Q44190,Radiohead
http://www.wikidata.org/entity/Q133802081,Maybe You're Right,http://www.wikidata.org/entity/Q909731,All Time Low
http://www.wikidata.org/entity/Q136648326,The Mop Tops,http://www.wikidata.org/entity/Q246749,The Equals
http://www.wikidata.org/entity/Q136521690,Feed the Beast,http://www.wikidata.org/entity/Q764483,Dope
http://www.wikidata.org/entity/Q136521690,Feed the Beast,http://www.wikidata.org/entity/Q169472,Zebrahead
http://www.wikidata.org/entity/Q126374592,Dead Floyd,http://www.wikidata.org/entity/Q2306,Pink Floyd
http://www.wikidata.org/entity/Q135211833,The Finz,http://www.wikidata.org/entity/Q134393110,Sons of Albion
http://www.wikidata.org/entity/Q135211833,The Finz,http://www.wikidata.org/entity/Q134395746,Turbogeist
http://www.wikidata.org/entity/Q135211833,The Finz,http://www.wikidata.org/entity/Q134396919,The Witty Featherstones
http://www.wikidata.org/entity/Q135211833,The Finz,http://www.wikidata.org/entity/Q134397166,Son of Sweet
http://www.wikidata.org/entity/Q135211833,The Finz,http://www.wikidata.org/entity/Q1169219,Pierce the Veil
http://www.wikidata.org/entity/Q130331767,Turista Sueca,http://www.wikidata.org/entity/Q90010759,Ladilla Rusa
http://www.wikidata.org/entity/Q135211833,The Finz,http://www.wikidata.org/entity/Q830586,New York Dolls
http://www.wikidata.org/entity/Q113133192,Cariño,http://www.wikidata.org/entity/Q1518160,La Casa Azul
http://www.wikidata.org/entity/Q135211833,The Finz,http://www.wikidata.org/entity/Q135212436,Harmony Riley
http://www.wikidata.org/entity/Q56489980,Bömbers,http://www.wikidata.org/entity/Q19697,Motörhead
http://www.wikidata.org/entity/Q136535301,Magnitude Peace,http://www.wikidata.org/entity/Q4881320,Being as an Ocean
http://www.wikidata.org/entity/Q135211833,The Finz,http://www.wikidata.org/entity/Q736766,Wolfmother
http://www.wikidata.org/entity/Q140065832,Amor Líquido,http://www.wikidata.org/entity/Q56318379,Carolina Durante
http://www.wikidata.org/entity/Q134737655,No Resolve,http://www.wikidata.org/entity/Q374747,Skillet
http://www.wikidata.org/entity/Q136521690,Feed the Beast,http://www.wikidata.org/entity/Q890064,Body Count
http://www.wikidata.org/entity/Q133802081,Maybe You're Right,http://www.wikidata.org/entity/Q473466,Paramore
http://www.wikidata.org/entity/Q135211833,The Finz,http://www.wikidata.org/entity/Q1787908,Reckless Love
http://www.wikidata.org/entity/Q136535301,Magnitude Peace,http://www.wikidata.org/entity/Q18719011,SWMRS
http://www.wikidata.org/entity/Q137639661,Sound System Seven,http://www.wikidata.org/entity/Q2165980,The Beat
http://www.wikidata.org/entity/Q135211833,The Finz,http://www.wikidata.org/entity/Q207306,Godsmack
http://www.wikidata.org/entity/Q113133192,Cariño,http://www.wikidata.org/entity/Q11689534,Los Fresones Rebeldes
http://www.wikidata.org/entity/Q136521690,Feed the Beast,http://www.wikidata.org/entity/Q127548,Dweezil Zappa
http://www.wikidata.org/entity/Q133176560,Too Snoozed,http://www.wikidata.org/entity/Q464369,American Football
http://www.wikidata.org/entity/Q5493149,François & the Atlas Mountains,http://www.wikidata.org/entity/Q3034954,Dominique A
http://www.wikidata.org/entity/Q138348548,Mal di Luna,http://www.wikidata.org/entity/Q485395,gothic rock
http://www.wikidata.org/entity/Q135211833,The Finz,http://www.wikidata.org/entity/Q268160,The White Stripes
http://www.wikidata.org/entity/Q134737655,No Resolve,http://www.wikidata.org/entity/Q486825,Three Days Grace
http://www.wikidata.org/entity/Q133802081,Maybe You're Right,http://www.wikidata.org/entity/Q277551,Panic! at the Disco
http://www.wikidata.org/entity/Q137639661,Sound System Seven,http://www.wikidata.org/entity/Q1669011,The Toasters
http://www.wikidata.org/entity/Q140065832,Amor Líquido,http://www.wikidata.org/entity/Q65040870,Amyl and the Sniffers
http://www.wikidata.org/entity/Q140065832,Amor Líquido,http://www.wikidata.org/entity/Q65056403,Fontaines D.C.
http://www.wikidata.org/entity/Q136535301,Magnitude Peace,http://www.wikidata.org/entity/Q24039414,Desperate Journalist
http://www.wikidata.org/entity/Q133176560,Too Snoozed,http://www.wikidata.org/entity/Q188464,Pixies
http://www.wikidata.org/entity/Q128077193,The Oozes,http://www.wikidata.org/entity/Q11975,Britney Spears
http://www.wikidata.org/entity/Q130500031,Cocobolo,http://www.wikidata.org/entity/Q3305713,Menahan Street Band
http://www.wikidata.org/entity/Q135211833,The Finz,http://www.wikidata.org/entity/Q15042553,The Vamps
http://www.wikidata.org/entity/Q136521690,Feed the Beast,http://www.wikidata.org/entity/Q199418,Ziggy Marley
http://www.wikidata.org/entity/Q136521690,Feed the Beast,http://www.wikidata.org/entity/Q485220,Good Charlotte
http://www.wikidata.org/entity/Q133802081,Maybe You're Right,http://www.wikidata.org/entity/Q483285,My Chemical Romance
http://www.wikidata.org/entity/Q133802081,Maybe You're Right,http://www.wikidata.org/entity/Q485811,Fall Out Boy
http://www.wikidata.org/entity/Q136521690,Feed the Beast,http://www.wikidata.org/entity/Q2349474,Cibo Matto
http://www.wikidata.org/entity/Q128678361,Los Monstruitos,http://www.wikidata.org/entity/Q201669,Bad Religion
http://www.wikidata.org/entity/Q136535301,Magnitude Peace,http://www.wikidata.org/entity/Q136514769,Warish
http://www.wikidata.org/entity/Q135211833,The Finz,http://www.wikidata.org/entity/Q18719011,SWMRS
http://www.wikidata.org/entity/Q128678361,Los Monstruitos,http://www.wikidata.org/entity/Q158895,Helloween
http://www.wikidata.org/entity/Q135211833,The Finz,http://www.wikidata.org/entity/Q627269,Black Veil Brides
http://www.wikidata.org/entity/Q139553797,All the Pretty Horses,http://www.wikidata.org/entity/Q5383,David Bowie
http://www.wikidata.org/entity/Q138858342,TheVeilers,http://www.wikidata.org/entity/Q189991,Gorillaz
http://www.wikidata.org/entity/Q134737655,No Resolve,http://www.wikidata.org/entity/Q254371,Papa Roach
http://www.wikidata.org/entity/Q128678361,Los Monstruitos,http://www.wikidata.org/entity/Q156049,Manowar
http://www.wikidata.org/entity/Q126857927,Q126857927,http://www.wikidata.org/entity/Q3825360,Zahara
http://www.wikidata.org/entity/Q128678361,Los Monstruitos,http://www.wikidata.org/entity/Q83468,Judas Priest
http://www.wikidata.org/entity/Q113133192,Cariño,http://www.wikidata.org/entity/Q5956411,Juniper Moon
http://www.wikidata.org/entity/Q136521690,Feed the Beast,http://www.wikidata.org/entity/Q595862,God Forbid
http://www.wikidata.org/entity/Q130331767,Turista Sueca,http://www.wikidata.org/entity/Q6093460,Putilatex
http://www.wikidata.org/entity/Q128678361,Los Monstruitos,http://www.wikidata.org/entity/Q154129,Gamma Ray
http://www.wikidata.org/entity/Q137541482,Q137541482,http://www.wikidata.org/entity/Q178359,sauce
http://www.wikidata.org/entity/Q133176560,Too Snoozed,http://www.wikidata.org/entity/Q431355,Modest Mouse
http://www.wikidata.org/entity/Q136472433,Upon Stone,http://www.wikidata.org/entity/Q136441504,Inder Tracks
http://www.wikidata.org/entity/Q136521690,Feed the Beast,http://www.wikidata.org/entity/Q6030028,Louis Osbourne
http://www.wikidata.org/entity/Q135211833,The Finz,http://www.wikidata.org/entity/Q28746379,Neil Wharton's Rock-N-Roll Junkies
http://www.wikidata.org/entity/Q128678361,Los Monstruitos,http://www.wikidata.org/entity/Q152540,Blind Guardian
http://www.wikidata.org/entity/Q128678361,Los Monstruitos,http://www.wikidata.org/entity/Q1446529,Eskorbuto
http://www.wikidata.org/entity/Q128678361,Los Monstruitos,http://www.wikidata.org/entity/Q265222,NOFX
http://www.wikidata.org/entity/Q137639661,Sound System Seven,http://www.wikidata.org/entity/Q845449,The Skatalites
http://www.wikidata.org/entity/Q136521690,Feed the Beast,http://www.wikidata.org/entity/Q23756620,Lody Kong
http://www.wikidata.org/entity/Q136768260,TILT,http://www.wikidata.org/entity/Q3645098,British punk
http://www.wikidata.org/entity/Q126857927,Q126857927,http://www.wikidata.org/entity/Q199125,Love of Lesbian
http://www.wikidata.org/entity/Q136521690,Feed the Beast,http://www.wikidata.org/entity/Q25303345,The White Noise
http://www.wikidata.org/entity/Q134403731,Very Nice Person,http://www.wikidata.org/entity/Q110111791,James Sundquist
http://www.wikidata.org/entity/Q129211219,Superuva,http://www.wikidata.org/entity/Q483407,Ramones
http://www.wikidata.org/entity/Q126857927,Q126857927,http://www.wikidata.org/entity/Q7857806,Twenty One Pilots
http://www.wikidata.org/entity/Q136521690,Feed the Beast,http://www.wikidata.org/entity/Q136441504,Inder Tracks
http://www.wikidata.org/entity/Q128678361,Los Monstruitos,http://www.wikidata.org/entity/Q2561938,Reincidentes
http://www.wikidata.org/entity/Q128678361,Los Monstruitos,http://www.wikidata.org/entity/Q2606599,La Polla Records
http://www.wikidata.org/entity/Q484885,Erasure,http://www.wikidata.org/entity/Q175195,Peter Gabriel
http://www.wikidata.org/entity/Q484885,Erasure,http://www.wikidata.org/entity/Q484918,Simon & Garfunkel
http://www.wikidata.org/entity/Q484885,Erasure,http://www.wikidata.org/entity/Q202741,Blondie
http://www.wikidata.org/entity/Q1066813,Cheech & Chong,http://www.wikidata.org/entity/Q4538,Jonathan Winters
http://www.wikidata.org/entity/Q131318965,femtanyl,http://www.wikidata.org/entity/Q11647,Nine Inch Nails
http://www.wikidata.org/entity/Q72349,Krewella,http://www.wikidata.org/entity/Q19004,Skrillex
http://www.wikidata.org/entity/Q269091,Tears for Fears,http://www.wikidata.org/entity/Q2654896,Be-Bop Deluxe
http://www.wikidata.org/entity/Q131318965,femtanyl,http://www.wikidata.org/entity/Q60749920,Drain Gang
http://www.wikidata.org/entity/Q734756,Tegan and Sara,http://www.wikidata.org/entity/Q636,Kate Bush
http://www.wikidata.org/entity/Q710574,Praga Khan,http://www.wikidata.org/entity/Q1786810,Lords of Acid
http://www.wikidata.org/entity/Q1066813,Cheech & Chong,http://www.wikidata.org/entity/Q150651,George Carlin
http://www.wikidata.org/entity/Q1066813,Cheech & Chong,http://www.wikidata.org/entity/Q460876,Lenny Bruce
http://www.wikidata.org/entity/Q1066813,Cheech & Chong,http://www.wikidata.org/entity/Q213512,Bill Cosby
http://www.wikidata.org/entity/Q1027492,The Dø,http://www.wikidata.org/entity/Q42455,Björk
http://www.wikidata.org/entity/Q484885,Erasure,http://www.wikidata.org/entity/Q44892,Kraftwerk
http://www.wikidata.org/entity/Q1066813,Cheech & Chong,http://www.wikidata.org/entity/Q3324468,Mort Sahl
http://www.wikidata.org/entity/Q484885,Erasure,http://www.wikidata.org/entity/Q18233,ABBA
http://www.wikidata.org/entity/Q131318965,femtanyl,http://www.wikidata.org/entity/Q7256860,The Prodigy
http://www.wikidata.org/entity/Q131318965,femtanyl,http://www.wikidata.org/entity/Q1165655,Throbbing Gristle
http://www.wikidata.org/entity/Q136779934,Emanate,http://www.wikidata.org/entity/Q569003,Brian Eno
http://www.wikidata.org/entity/Q136779934,Emanate,http://www.wikidata.org/entity/Q303847,John Digweed
http://www.wikidata.org/entity/Q136779934,Emanate,http://www.wikidata.org/entity/Q357418,Massive Attack
http://www.wikidata.org/entity/Q136779934,Emanate,http://www.wikidata.org/entity/Q359835,Trentemøller
http://www.wikidata.org/entity/Q121501067,La Élite,http://www.wikidata.org/entity/Q172763,Joy Division
http://www.wikidata.org/entity/Q121501067,La Élite,http://www.wikidata.org/entity/Q125603,The Clash
http://www.wikidata.org/entity/Q16672007,Rachid & Fethi,http://www.wikidata.org/entity/Q2719078,Western music
http://www.wikidata.org/entity/Q121501067,La Élite,http://www.wikidata.org/entity/Q1479074,U.K. Subs
http://www.wikidata.org/entity/Q1578262,Megan and Liz,http://www.wikidata.org/entity/Q26876,Taylor Swift
http://www.wikidata.org/entity/Q121501067,La Élite,http://www.wikidata.org/entity/Q2561536,Parálisis Permanente
http://www.wikidata.org/entity/Q10346039,Patati Patatá,http://www.wikidata.org/entity/Q46476,Bozo the Clown
http://www.wikidata.org/entity/Q56285567,Wedlock,http://www.wikidata.org/entity/Q14528,Fine Young Cannibals
http://www.wikidata.org/entity/Q22125467,Bed In,http://www.wikidata.org/entity/Q1142295,Wink
http://www.wikidata.org/entity/Q3021184,Def Con Dos,http://www.wikidata.org/entity/Q214039,Beastie Boys
http://www.wikidata.org/entity/Q22125467,Bed In,http://www.wikidata.org/entity/Q614728,CoCo
http://www.wikidata.org/entity/Q121501067,La Élite,http://www.wikidata.org/entity/Q18162306,Sleaford Mods
http://www.wikidata.org/entity/Q131145225,Q131145225,http://www.wikidata.org/entity/Q3324114,Alasdair Fraser
http://www.wikidata.org/entity/Q22125467,Bed In,http://www.wikidata.org/entity/Q11619792,Momoko Kikuchi
http://www.wikidata.org/entity/Q131145225,Q131145225,http://www.wikidata.org/entity/Q3298047,Natalia Lafourcade
http://www.wikidata.org/entity/Q136779934,Emanate,http://www.wikidata.org/entity/Q52463,Wu-Tang Clan
http://www.wikidata.org/entity/Q131145225,Q131145225,http://www.wikidata.org/entity/Q16842912,Hiatus Kaiyote
http://www.wikidata.org/entity/Q3020511,The Irrepressibles,http://www.wikidata.org/entity/Q15862,Queen
http://www.wikidata.org/entity/Q24883151,Dynamic Rockers,http://www.wikidata.org/entity/Q185828,Daft Punk
http://www.wikidata.org/entity/Q3567035,Q3567035,http://www.wikidata.org/entity/Q498460,My Dying Bride
http://www.wikidata.org/entity/Q131145225,Q131145225,http://www.wikidata.org/entity/Q6968172,Natalie Haas
http://www.wikidata.org/entity/Q3195469,Kern,http://www.wikidata.org/entity/Q910606,music of Brittany
http://www.wikidata.org/entity/Q105083104,Q105083104,http://www.wikidata.org/entity/Q357340,Bon Iver
http://www.wikidata.org/entity/Q105083104,Q105083104,http://www.wikidata.org/entity/Q292972,Ólafur Arnalds
http://www.wikidata.org/entity/Q105083104,Q105083104,http://www.wikidata.org/entity/Q14557360,London Grammar
http://www.wikidata.org/entity/Q105083104,Q105083104,http://www.wikidata.org/entity/Q483828,Sigur Rós
http://www.wikidata.org/entity/Q56285567,Wedlock,http://www.wikidata.org/entity/Q122898,The System
http://www.wikidata.org/entity/Q25471282,Inlander,http://www.wikidata.org/entity/Q311785,Misfits
http://www.wikidata.org/entity/Q56285567,Wedlock,http://www.wikidata.org/entity/Q2445127,Naked Eyes
http://www.wikidata.org/entity/Q130486583,Q130486583,http://www.wikidata.org/entity/Q97193549,Coetus
http://www.wikidata.org/entity/Q25471282,Inlander,http://www.wikidata.org/entity/Q483407,Ramones
http://www.wikidata.org/entity/Q130486583,Q130486583,http://www.wikidata.org/entity/Q232214,Julieta Venegas
http://www.wikidata.org/entity/Q130486583,Q130486583,http://www.wikidata.org/entity/Q2733436,Antònia Font
http://www.wikidata.org/entity/Q136779934,Emanate,http://www.wikidata.org/entity/Q849429,Underworld
http://www.wikidata.org/entity/Q136779934,Emanate,http://www.wikidata.org/entity/Q106648,Fleetwood Mac
http://www.wikidata.org/entity/Q136779934,Emanate,http://www.wikidata.org/entity/Q425772,Ministry
http://www.wikidata.org/entity/Q1256943,Peter and Gordon,http://www.wikidata.org/entity/Q1299,The Beatles
http://www.wikidata.org/entity/Q136779934,Emanate,http://www.wikidata.org/entity/Q556024,Sasha
http://www.wikidata.org/entity/Q15136158,A Great Big World,http://www.wikidata.org/entity/Q1299,The Beatles
http://www.wikidata.org/entity/Q25471282,Inlander,http://www.wikidata.org/entity/Q82545,Sex Pistols
http://www.wikidata.org/entity/Q136779934,Emanate,http://www.wikidata.org/entity/Q76364,Hans Zimmer
http://www.wikidata.org/entity/Q16800947,Ibeyi,http://www.wikidata.org/entity/Q636,Kate Bush
http://www.wikidata.org/entity/Q121501067,La Élite,http://www.wikidata.org/entity/Q214990,New Order
http://www.wikidata.org/entity/Q136779934,Emanate,http://www.wikidata.org/entity/Q193338,Danny Elfman
http://www.wikidata.org/entity/Q136779934,Emanate,http://www.wikidata.org/entity/Q216856,N.W.A.
