genre,statementCount
http://www.wikidata.org/entity/Q542971,8
http://www.wikidata.org/entity/Q544440,6
http://www.wikidata.org/entity/Q546206,13
http://www.wikidata.org/entity/Q546264,23
http://www.wikidata.org/entity/Q546359,33
http://www.wikidata.org/entity/Q547137,29
http://www.wikidata.org/entity/Q556959,23
http://www.wikidata.org/entity/Q564848,3
http://www.wikidata.org/entity/Q567915,27
http://www.wikidata.org/entity/Q572717,11
http://www.wikidata.org/entity/Q572901,39
http://www.wikidata.org/entity/Q573484,24
http://www.wikidata.org/entity/Q574651,12
http://www.wikidata.org/entity/Q574784,24
http://www.wikidata.org/entity/Q577080,10
http://www.wikidata.org/entity/Q577996,17
http://www.wikidata.org/entity/Q579955,6
http://www.wikidata.org/entity/Q582093,40
http://www.wikidata.org/entity/Q584752,10
http://www.wikidata.org/entity/Q585588,10
http://www.wikidata.org/entity/Q586110,30
http://www.wikidata.org/entity/Q590662,8
http://www.wikidata.org/entity/Q591990,19
http://www.wikidata.org/entity/Q592060,13
http://www.wikidata.org/entity/Q592330,19
http://www.wikidata.org/entity/Q592807,13
http://www.wikidata.org/entity/Q597240,13
http://www.wikidata.org/entity/Q597493,21
http://www.wikidata.org/entity/Q598593,15
http://www.wikidata.org/entity/Q598929,34
http://www.wikidata.org/entity/Q599510,26
http://www.wikidata.org/entity/Q599877,19
http://www.wikidata.org/entity/Q600094,23
http://www.wikidata.org/entity/Q601235,14
http://www.wikidata.org/entity/Q602498,4
http://www.wikidata.org/entity/Q602561,13
http://www.wikidata.org/entity/Q602646,12
http://www.wikidata.org/entity/Q602859,11
http://www.wikidata.org/entity/Q604748,18
http://www.wikidata.org/entity/Q606089,27
http://www.wikidata.org/entity/Q606393,14
http://www.wikidata.org/entity/Q608490,10
http://www.wikidata.org/entity/Q608862,12
http://www.wikidata.org/entity/Q610022,13
http://www.wikidata.org/entity/Q612024,28
http://www.wikidata.org/entity/Q613408,26
http://www.wikidata.org/entity/Q613707,25
http://www.wikidata.org/entity/Q613874,6
http://www.wikidata.org/entity/Q615418,8
http://www.wikidata.org/entity/Q615455,17
http://www.wikidata.org/entity/Q616425,13
http://www.wikidata.org/entity/Q616679,15
http://www.wikidata.org/entity/Q617240,25
http://www.wikidata.org/entity/Q617338,12
http://www.wikidata.org/entity/Q620979,4
http://www.wikidata.org/entity/Q622688,6
http://www.wikidata.org/entity/Q622871,24
http://www.wikidata.org/entity/Q623715,42
http://www.wikidata.org/entity/Q623823,13
http://www.wikidata.org/entity/Q623824,14
http://www.wikidata.org/entity/Q623904,14
http://www.wikidata.org/entity/Q624044,33
http://www.wikidata.org/entity/Q624081,14
http://www.wikidata.org/entity/Q624221,10
http://www.wikidata.org/entity/Q627181,16
http://www.wikidata.org/entity/Q627906,15
http://www.wikidata.org/entity/Q630689,16
http://www.wikidata.org/entity/Q631621,13
http://www.wikidata.org/entity/Q632393,5
http://www.wikidata.org/entity/Q632964,8
http://www.wikidata.org/entity/Q637696,14
http://www.wikidata.org/entity/Q638569,38
http://www.wikidata.org/entity/Q639197,59
http://www.wikidata.org/entity/Q640097,16
http://www.wikidata.org/entity/Q641318,10
http://www.wikidata.org/entity/Q641357,11
http://www.wikidata.org/entity/Q642760,3
http://www.wikidata.org/entity/Q642983,12
http://www.wikidata.org/entity/Q643684,11
http://www.wikidata.org/entity/Q645992,20
http://www.wikidata.org/entity/Q646026,17
http://www.wikidata.org/entity/Q646165,9
http://www.wikidata.org/entity/Q646528,8
http://www.wikidata.org/entity/Q646679,19
http://www.wikidata.org/entity/Q647653,26
http://www.wikidata.org/entity/Q648283,25
http://www.wikidata.org/entity/Q648311,6
http://www.wikidata.org/entity/Q649634,11
http://www.wikidata.org/entity/Q649823,20
http://www.wikidata.org/entity/Q650316,21
http://www.wikidata.org/entity/Q650505,9
http://www.wikidata.org/entity/Q655514,16
http://www.wikidata.org/entity/Q658334,44
http://www.wikidata.org/entity/Q659599,11
http://www.wikidata.org/entity/Q660984,27
http://www.wikidata.org/entity/Q661651,12
http://www.wikidata.org/entity/Q662791,21
http://www.wikidata.org/entity/Q663519,23
http://www.wikidata.org/entity/Q663833,8
http://www.wikidata.org/entity/Q663979,15
http://www.wikidata.org/entity/Q178145,22
http://www.wikidata.org/entity/Q179465,54
http://www.wikidata.org/entity/Q180268,62
http://www.wikidata.org/entity/Q180853,39
http://www.wikidata.org/entity/Q181010,22
http://www.wikidata.org/entity/Q181014,67
http://www.wikidata.org/entity/Q181861,24
http://www.wikidata.org/entity/Q181897,14
http://www.wikidata.org/entity/Q181999,3
http://www.wikidata.org/entity/Q183016,6
http://www.wikidata.org/entity/Q183504,41
http://www.wikidata.org/entity/Q183862,24
http://www.wikidata.org/entity/Q185162,22
http://www.wikidata.org/entity/Q185298,46
http://www.wikidata.org/entity/Q185652,57
http://www.wikidata.org/entity/Q185676,47
http://www.wikidata.org/entity/Q185858,25
http://www.wikidata.org/entity/Q186017,3
http://www.wikidata.org/entity/Q186170,30
http://www.wikidata.org/entity/Q186472,43
http://www.wikidata.org/entity/Q187760,43
http://www.wikidata.org/entity/Q188237,13
http://www.wikidata.org/entity/Q188285,57
http://www.wikidata.org/entity/Q188450,18
http://www.wikidata.org/entity/Q188534,28
http://www.wikidata.org/entity/Q188539,33
http://www.wikidata.org/entity/Q188994,38
http://www.wikidata.org/entity/Q189045,38
http://www.wikidata.org/entity/Q189201,68
http://www.wikidata.org/entity/Q193207,47
http://www.wikidata.org/entity/Q193217,51
http://www.wikidata.org/entity/Q193355,37
http://www.wikidata.org/entity/Q193605,56
http://www.wikidata.org/entity/Q194172,50
http://www.wikidata.org/entity/Q194492,58
http://www.wikidata.org/entity/Q196999,11
http://www.wikidata.org/entity/Q199415,5
http://www.wikidata.org/entity/Q201405,40
http://www.wikidata.org/entity/Q202287,54
http://www.wikidata.org/entity/Q202919,15
http://www.wikidata.org/entity/Q202925,12
http://www.wikidata.org/entity/Q202930,35
http://www.wikidata.org/entity/Q203720,41
http://www.wikidata.org/entity/Q203775,50
http://www.wikidata.org/entity/Q204067,8
http://www.wikidata.org/entity/Q205049,58
http://www.wikidata.org/entity/Q205560,36
http://www.wikidata.org/entity/Q205978,9
http://www.wikidata.org/entity/Q206159,40
http://www.wikidata.org/entity/Q207591,35
http://www.wikidata.org/entity/Q207683,20
http://www.wikidata.org/entity/Q207841,42
http://www.wikidata.org/entity/Q208239,40
http://www.wikidata.org/entity/Q208341,39
http://www.wikidata.org/entity/Q208494,21
http://www.wikidata.org/entity/Q208593,35
http://www.wikidata.org/entity/Q209137,34
http://www.wikidata.org/entity/Q209498,14
http://www.wikidata.org/entity/Q209741,35
http://www.wikidata.org/entity/Q210216,33
http://www.wikidata.org/entity/Q210854,40
http://www.wikidata.org/entity/Q211025,45
http://www.wikidata.org/entity/Q211418,17
http://www.wikidata.org/entity/Q211573,28
http://www.wikidata.org/entity/Q211723,21
http://www.wikidata.org/entity/Q211745,41
http://www.wikidata.org/entity/Q211756,17
http://www.wikidata.org/entity/Q211781,31
http://www.wikidata.org/entity/Q212024,47
http://www.wikidata.org/entity/Q212112,33
http://www.wikidata.org/entity/Q212148,38
http://www.wikidata.org/entity/Q212688,30
http://www.wikidata.org/entity/Q212944,47
http://www.wikidata.org/entity/Q212952,45
http://www.wikidata.org/entity/Q213121,38
http://www.wikidata.org/entity/Q213149,20
http://www.wikidata.org/entity/Q213572,14
http://www.wikidata.org/entity/Q213608,34
http://www.wikidata.org/entity/Q213665,64
http://www.wikidata.org/entity/Q213714,52
http://www.wikidata.org/entity/Q214981,33
http://www.wikidata.org/entity/Q215911,51
http://www.wikidata.org/entity/Q216860,37
http://www.wikidata.org/entity/Q216926,37
http://www.wikidata.org/entity/Q216961,21
http://www.wikidata.org/entity/Q217191,24
http://www.wikidata.org/entity/Q217295,40
http://www.wikidata.org/entity/Q217467,29
http://www.wikidata.org/entity/Q217597,23
http://www.wikidata.org/entity/Q220528,35
http://www.wikidata.org/entity/Q220535,18
http://www.wikidata.org/entity/Q220830,33
http://www.wikidata.org/entity/Q221686,44
http://www.wikidata.org/entity/Q221772,29
http://www.wikidata.org/entity/Q221934,9
http://www.wikidata.org/entity/Q222445,21
http://www.wikidata.org/entity/Q223840,15
http://www.wikidata.org/entity/Q224694,6
http://www.wikidata.org/entity/Q226887,57
http://www.wikidata.org/entity/Q227036,12
http://www.wikidata.org/entity/Q69596,13
http://www.wikidata.org/entity/Q70076,8
http://www.wikidata.org/entity/Q76092,48
http://www.wikidata.org/entity/Q81105,27
http://www.wikidata.org/entity/Q82469,18
http://www.wikidata.org/entity/Q83270,43
http://www.wikidata.org/entity/Q83390,13
http://www.wikidata.org/entity/Q83440,102
http://www.wikidata.org/entity/Q85477,59
http://www.wikidata.org/entity/Q105513,38
http://www.wikidata.org/entity/Q105527,31
http://www.wikidata.org/entity/Q118120,28
http://www.wikidata.org/entity/Q122772,9
http://www.wikidata.org/entity/Q127624,9
http://www.wikidata.org/entity/Q130572,14
http://www.wikidata.org/entity/Q131269,63
http://www.wikidata.org/entity/Q131272,78
http://www.wikidata.org/entity/Q131425,28
http://www.wikidata.org/entity/Q131510,55
http://www.wikidata.org/entity/Q131578,34
http://www.wikidata.org/entity/Q132438,36
http://www.wikidata.org/entity/Q135637,44
http://www.wikidata.org/entity/Q138020,20
http://www.wikidata.org/entity/Q140222,20
http://www.wikidata.org/entity/Q140544,38
http://www.wikidata.org/entity/Q141459,16
http://www.wikidata.org/entity/Q145594,7
http://www.wikidata.org/entity/Q145980,9
http://www.wikidata.org/entity/Q151942,60
http://www.wikidata.org/entity/Q155119,19
http://www.wikidata.org/entity/Q155858,26
http://www.wikidata.org/entity/Q163491,19
http://www.wikidata.org/entity/Q163775,40
http://www.wikidata.org/entity/Q164444,80
http://www.wikidata.org/entity/Q166813,12
http://www.wikidata.org/entity/Q170435,46
http://www.wikidata.org/entity/Q170611,60
http://www.wikidata.org/entity/Q173844,4
http://www.wikidata.org/entity/Q174873,66
http://www.wikidata.org/entity/Q177447,6
http://www.wikidata.org/entity/Q177771,12
http://www.wikidata.org/entity/Q1344,160
http://www.wikidata.org/entity/Q2743,92
http://www.wikidata.org/entity/Q3071,84
http://www.wikidata.org/entity/Q3858,17
http://www.wikidata.org/entity/Q4797,29
http://www.wikidata.org/entity/Q6010,92
http://www.wikidata.org/entity/Q7749,60
http://www.wikidata.org/entity/Q8341,154
http://www.wikidata.org/entity/Q8361,49
http://www.wikidata.org/entity/Q9730,99
http://www.wikidata.org/entity/Q9734,73
http://www.wikidata.org/entity/Q9748,57
http://www.wikidata.org/entity/Q9759,104
http://www.wikidata.org/entity/Q9764,90
http://www.wikidata.org/entity/Q9778,66
http://www.wikidata.org/entity/Q9794,89
http://www.wikidata.org/entity/Q10922,35
http://www.wikidata.org/entity/Q10926,35
http://www.wikidata.org/entity/Q11363,18
http://www.wikidata.org/entity/Q11366,44
http://www.wikidata.org/entity/Q11365,50
http://www.wikidata.org/entity/Q11399,106
http://www.wikidata.org/entity/Q11403,48
http://www.wikidata.org/entity/Q11401,89
http://www.wikidata.org/entity/Q12302,17
http://www.wikidata.org/entity/Q17723,31
http://www.wikidata.org/entity/Q18846,15
http://www.wikidata.org/entity/Q19816,14
http://www.wikidata.org/entity/Q20378,23
http://www.wikidata.org/entity/Q20474,59
http://www.wikidata.org/entity/Q20502,53
http://www.wikidata.org/entity/Q20903,14
http://www.wikidata.org/entity/Q21092,14
http://www.wikidata.org/entity/Q23965,18
http://www.wikidata.org/entity/Q24383,12
http://www.wikidata.org/entity/Q25116,20
http://www.wikidata.org/entity/Q26473,71
http://www.wikidata.org/entity/Q27190,13
http://www.wikidata.org/entity/Q37073,99
http://www.wikidata.org/entity/Q38656,16
http://www.wikidata.org/entity/Q38848,79
http://www.wikidata.org/entity/Q40461,23
http://www.wikidata.org/entity/Q41270,26
http://www.wikidata.org/entity/Q41343,22
http://www.wikidata.org/entity/Q42201,20
http://www.wikidata.org/entity/Q43343,58
http://www.wikidata.org/entity/Q45981,70
http://www.wikidata.org/entity/Q46046,18
http://www.wikidata.org/entity/Q46649,9
http://www.wikidata.org/entity/Q47112,15
http://www.wikidata.org/entity/Q48445,20
http://www.wikidata.org/entity/Q49451,65
http://www.wikidata.org/entity/Q54365,56
http://www.wikidata.org/entity/Q56580,11
http://www.wikidata.org/entity/Q57143,24
http://www.wikidata.org/entity/Q58339,64
http://www.wikidata.org/entity/Q59158,13
http://www.wikidata.org/entity/Q62128,9
http://www.wikidata.org/entity/Q63885,10
http://www.wikidata.org/entity/Q388475,18
http://www.wikidata.org/entity/Q388906,18
http://www.wikidata.org/entity/Q389372,7
http://www.wikidata.org/entity/Q389631,11
http://www.wikidata.org/entity/Q389671,12
http://www.wikidata.org/entity/Q389993,5
http://www.wikidata.org/entity/Q406714,11
http://www.wikidata.org/entity/Q407916,12
http://www.wikidata.org/entity/Q420883,8
http://www.wikidata.org/entity/Q423918,8
http://www.wikidata.org/entity/Q427183,15
http://www.wikidata.org/entity/Q428656,14
http://www.wikidata.org/entity/Q429264,16
http://www.wikidata.org/entity/Q430075,14
http://www.wikidata.org/entity/Q431415,22
http://www.wikidata.org/entity/Q436016,27
http://www.wikidata.org/entity/Q438476,27
http://www.wikidata.org/entity/Q438503,17
http://www.wikidata.org/entity/Q442133,3
http://www.wikidata.org/entity/Q444340,6
http://www.wikidata.org/entity/Q446241,11
http://www.wikidata.org/entity/Q447962,9
http://www.wikidata.org/entity/Q448738,15
http://www.wikidata.org/entity/Q454071,16
http://www.wikidata.org/entity/Q455686,12
http://www.wikidata.org/entity/Q458480,10
http://www.wikidata.org/entity/Q460674,17
http://www.wikidata.org/entity/Q461064,19
http://www.wikidata.org/entity/Q461406,11
http://www.wikidata.org/entity/Q464129,37
http://www.wikidata.org/entity/Q465978,20
http://www.wikidata.org/entity/Q466445,9
http://www.wikidata.org/entity/Q469343,18
http://www.wikidata.org/entity/Q469630,11
http://www.wikidata.org/entity/Q470611,10
http://www.wikidata.org/entity/Q471194,22
http://www.wikidata.org/entity/Q473602,16
http://www.wikidata.org/entity/Q474027,30
http://www.wikidata.org/entity/Q475221,22
http://www.wikidata.org/entity/Q476091,3
http://www.wikidata.org/entity/Q476983,17
http://www.wikidata.org/entity/Q478176,11
http://www.wikidata.org/entity/Q481900,10
http://www.wikidata.org/entity/Q482981,37
http://www.wikidata.org/entity/Q483251,43
http://www.wikidata.org/entity/Q483352,34
http://www.wikidata.org/entity/Q483740,15
http://www.wikidata.org/entity/Q484179,31
http://www.wikidata.org/entity/Q484344,29
http://www.wikidata.org/entity/Q484641,33
http://www.wikidata.org/entity/Q484692,77
http://www.wikidata.org/entity/Q485395,34
http://www.wikidata.org/entity/Q485915,16
http://www.wikidata.org/entity/Q486263,63
http://www.wikidata.org/entity/Q486365,20
http://www.wikidata.org/entity/Q486415,16
http://www.wikidata.org/entity/Q487914,27
http://www.wikidata.org/entity/Q487965,33
http://www.wikidata.org/entity/Q489913,43
http://www.wikidata.org/entity/Q491621,6
http://www.wikidata.org/entity/Q492067,11
http://www.wikidata.org/entity/Q492096,18
http://www.wikidata.org/entity/Q492264,47
http://www.wikidata.org/entity/Q492643,22
http://www.wikidata.org/entity/Q496929,23
http://www.wikidata.org/entity/Q497674,12
http://www.wikidata.org/entity/Q497957,13
http://www.wikidata.org/entity/Q500879,11
http://www.wikidata.org/entity/Q502448,11
http://www.wikidata.org/entity/Q502535,25
http://www.wikidata.org/entity/Q502658,34
http://www.wikidata.org/entity/Q502808,10
http://www.wikidata.org/entity/Q503354,52
http://www.wikidata.org/entity/Q504476,10
http://www.wikidata.org/entity/Q504635,15
http://www.wikidata.org/entity/Q505343,16
http://www.wikidata.org/entity/Q507246,42
http://www.wikidata.org/entity/Q508790,20
http://www.wikidata.org/entity/Q509901,7
http://www.wikidata.org/entity/Q512359,11
http://www.wikidata.org/entity/Q512410,43
http://www.wikidata.org/entity/Q513357,14
http://www.wikidata.org/entity/Q515074,10
http://www.wikidata.org/entity/Q516568,8
http://www.wikidata.org/entity/Q517415,13
http://www.wikidata.org/entity/Q523896,17
http://www.wikidata.org/entity/Q525073,17
http://www.wikidata.org/entity/Q526463,12
http://www.wikidata.org/entity/Q527675,22
http://www.wikidata.org/entity/Q529742,10
http://www.wikidata.org/entity/Q530750,14
http://www.wikidata.org/entity/Q531426,32
http://www.wikidata.org/entity/Q533914,10
http://www.wikidata.org/entity/Q533946,19
http://www.wikidata.org/entity/Q534606,11
http://www.wikidata.org/entity/Q535328,11
http://www.wikidata.org/entity/Q535402,8
http://www.wikidata.org/entity/Q539089,14
http://www.wikidata.org/entity/Q541947,42
http://www.wikidata.org/entity/Q542703,13
http://www.wikidata.org/entity/Q5716953,4
http://www.wikidata.org/entity/Q5717026,7
http://www.wikidata.org/entity/Q5724040,11
http://www.wikidata.org/entity/Q5730722,7
http://www.wikidata.org/entity/Q5731395,3
http://www.wikidata.org/entity/Q5731393,3
http://www.wikidata.org/entity/Q5731764,5
http://www.wikidata.org/entity/Q5735613,3
http://www.wikidata.org/entity/Q5747258,9
http://www.wikidata.org/entity/Q5747261,3
http://www.wikidata.org/entity/Q5747874,8
http://www.wikidata.org/entity/Q5747877,7
http://www.wikidata.org/entity/Q5747907,6
http://www.wikidata.org/entity/Q5753407,7
http://www.wikidata.org/entity/Q5759480,2
http://www.wikidata.org/entity/Q5762403,7
http://www.wikidata.org/entity/Q5764471,3
http://www.wikidata.org/entity/Q5765288,9
http://www.wikidata.org/entity/Q5766029,3
http://www.wikidata.org/entity/Q5766537,11
http://www.wikidata.org/entity/Q5766737,3
http://www.wikidata.org/entity/Q5767258,2
http://www.wikidata.org/entity/Q5767310,3
http://www.wikidata.org/entity/Q5768028,6
http://www.wikidata.org/entity/Q5769376,4
http://www.wikidata.org/entity/Q5778054,4
http://www.wikidata.org/entity/Q5783033,9
http://www.wikidata.org/entity/Q5792218,5
http://www.wikidata.org/entity/Q5793032,5
http://www.wikidata.org/entity/Q5793651,7
http://www.wikidata.org/entity/Q5793654,5
http://www.wikidata.org/entity/Q5793656,4
http://www.wikidata.org/entity/Q5794671,6
http://www.wikidata.org/entity/Q5794674,5
http://www.wikidata.org/entity/Q5794676,9
http://www.wikidata.org/entity/Q5794682,6
http://www.wikidata.org/entity/Q5794680,5
http://www.wikidata.org/entity/Q5794686,8
http://www.wikidata.org/entity/Q5794690,5
http://www.wikidata.org/entity/Q5794688,8
http://www.wikidata.org/entity/Q5794692,3
http://www.wikidata.org/entity/Q5794983,7
http://www.wikidata.org/entity/Q5799202,5
http://www.wikidata.org/entity/Q5799237,3
http://www.wikidata.org/entity/Q5799402,3
http://www.wikidata.org/entity/Q5801257,4
http://www.wikidata.org/entity/Q5814219,4
http://www.wikidata.org/entity/Q5815576,3
http://www.wikidata.org/entity/Q5821609,4
http://www.wikidata.org/entity/Q5834708,12
http://www.wikidata.org/entity/Q5843799,14
http://www.wikidata.org/entity/Q5863486,5
http://www.wikidata.org/entity/Q5870900,5
http://www.wikidata.org/entity/Q5871848,5
http://www.wikidata.org/entity/Q5873676,4
http://www.wikidata.org/entity/Q5876350,4
http://www.wikidata.org/entity/Q5881246,6
http://www.wikidata.org/entity/Q5886831,3
http://www.wikidata.org/entity/Q5893243,8
http://www.wikidata.org/entity/Q5894518,5
http://www.wikidata.org/entity/Q5895294,8
http://www.wikidata.org/entity/Q5898237,7
http://www.wikidata.org/entity/Q5898242,7
http://www.wikidata.org/entity/Q5903971,7
http://www.wikidata.org/entity/Q5905221,5
http://www.wikidata.org/entity/Q5928480,14
http://www.wikidata.org/entity/Q5934478,9
http://www.wikidata.org/entity/Q5935852,5
http://www.wikidata.org/entity/Q5950055,5
http://www.wikidata.org/entity/Q5954460,3
http://www.wikidata.org/entity/Q5955539,18
http://www.wikidata.org/entity/Q5955765,3
http://www.wikidata.org/entity/Q5956747,4
http://www.wikidata.org/entity/Q5956785,12
http://www.wikidata.org/entity/Q5957548,2
http://www.wikidata.org/entity/Q5957561,11
http://www.wikidata.org/entity/Q5958515,6
http://www.wikidata.org/entity/Q5964411,5
http://www.wikidata.org/entity/Q5967604,14
http://www.wikidata.org/entity/Q5969884,7
http://www.wikidata.org/entity/Q5970684,3
http://www.wikidata.org/entity/Q5978495,7
http://www.wikidata.org/entity/Q5978663,2
http://www.wikidata.org/entity/Q5979609,3
http://www.wikidata.org/entity/Q5985066,18
http://www.wikidata.org/entity/Q5985802,10
http://www.wikidata.org/entity/Q5985805,9
http://www.wikidata.org/entity/Q5996073,5
http://www.wikidata.org/entity/Q6003760,2
http://www.wikidata.org/entity/Q6007421,3
http://www.wikidata.org/entity/Q6010117,13
http://www.wikidata.org/entity/Q6016474,8
http://www.wikidata.org/entity/Q6016603,3
http://www.wikidata.org/entity/Q6021901,5
http://www.wikidata.org/entity/Q6022257,14
http://www.wikidata.org/entity/Q6024704,7
http://www.wikidata.org/entity/Q6025453,4
http://www.wikidata.org/entity/Q6025503,7
http://www.wikidata.org/entity/Q6025624,7
http://www.wikidata.org/entity/Q6026226,8
http://www.wikidata.org/entity/Q227045,24
http://www.wikidata.org/entity/Q235858,93
http://www.wikidata.org/entity/Q236913,18
http://www.wikidata.org/entity/Q236932,18
http://www.wikidata.org/entity/Q239459,5
http://www.wikidata.org/entity/Q241662,16
http://www.wikidata.org/entity/Q245296,32
http://www.wikidata.org/entity/Q245931,13
http://www.wikidata.org/entity/Q250090,20
http://www.wikidata.org/entity/Q251192,21
http://www.wikidata.org/entity/Q252626,24
http://www.wikidata.org/entity/Q252821,4
http://www.wikidata.org/entity/Q252833,10
http://www.wikidata.org/entity/Q253137,28
http://www.wikidata.org/entity/Q253918,18
http://www.wikidata.org/entity/Q254866,10
http://www.wikidata.org/entity/Q254890,13
http://www.wikidata.org/entity/Q255406,14
http://www.wikidata.org/entity/Q257533,32
http://www.wikidata.org/entity/Q260095,6
http://www.wikidata.org/entity/Q262533,41
http://www.wikidata.org/entity/Q263524,7
http://www.wikidata.org/entity/Q263734,21
http://www.wikidata.org/entity/Q264289,12
http://www.wikidata.org/entity/Q264922,18
http://www.wikidata.org/entity/Q267287,10
http://www.wikidata.org/entity/Q268253,20
http://www.wikidata.org/entity/Q268673,20
http://www.wikidata.org/entity/Q271802,44
http://www.wikidata.org/entity/Q272167,28
http://www.wikidata.org/entity/Q274401,21
http://www.wikidata.org/entity/Q277393,32
http://www.wikidata.org/entity/Q278357,6
http://www.wikidata.org/entity/Q278409,21
http://www.wikidata.org/entity/Q280955,9
http://www.wikidata.org/entity/Q281111,60
http://www.wikidata.org/entity/Q282131,33
http://www.wikidata.org/entity/Q283405,15
http://www.wikidata.org/entity/Q284543,15
http://www.wikidata.org/entity/Q286080,9
http://www.wikidata.org/entity/Q288824,37
http://www.wikidata.org/entity/Q288901,8
http://www.wikidata.org/entity/Q289505,12
http://www.wikidata.org/entity/Q290869,13
http://www.wikidata.org/entity/Q302401,5
http://www.wikidata.org/entity/Q307054,11
http://www.wikidata.org/entity/Q310871,11
http://www.wikidata.org/entity/Q316930,44
http://www.wikidata.org/entity/Q318973,12
http://www.wikidata.org/entity/Q320592,28
http://www.wikidata.org/entity/Q324617,44
http://www.wikidata.org/entity/Q325397,13
http://www.wikidata.org/entity/Q325504,13
http://www.wikidata.org/entity/Q327547,30
http://www.wikidata.org/entity/Q328296,11
http://www.wikidata.org/entity/Q329385,28
http://www.wikidata.org/entity/Q331810,13
http://www.wikidata.org/entity/Q332478,19
http://www.wikidata.org/entity/Q336567,5
http://www.wikidata.org/entity/Q338779,9
http://www.wikidata.org/entity/Q339906,16
http://www.wikidata.org/entity/Q341364,26
http://www.wikidata.org/entity/Q341395,12
http://www.wikidata.org/entity/Q341396,11
http://www.wikidata.org/entity/Q352235,11
http://www.wikidata.org/entity/Q354204,13
http://www.wikidata.org/entity/Q355247,9
http://www.wikidata.org/entity/Q359607,18
http://www.wikidata.org/entity/Q360596,7
http://www.wikidata.org/entity/Q361164,7
http://www.wikidata.org/entity/Q362515,7
http://www.wikidata.org/entity/Q367751,16
http://www.wikidata.org/entity/Q369820,33
http://www.wikidata.org/entity/Q370142,11
http://www.wikidata.org/entity/Q370515,16
http://www.wikidata.org/entity/Q370778,14
http://www.wikidata.org/entity/Q371745,24
http://www.wikidata.org/entity/Q372103,30
http://www.wikidata.org/entity/Q373342,51
http://www.wikidata.org/entity/Q373982,7
http://www.wikidata.org/entity/Q377185,14
http://www.wikidata.org/entity/Q377910,21
http://www.wikidata.org/entity/Q378495,13
http://www.wikidata.org/entity/Q378988,17
http://www.wikidata.org/entity/Q379033,14
http://www.wikidata.org/entity/Q379288,8
http://www.wikidata.org/entity/Q379671,19
http://www.wikidata.org/entity/Q382343,9
http://www.wikidata.org/entity/Q383103,18
http://www.wikidata.org/entity/Q383530,13
http://www.wikidata.org/entity/Q383615,10
http://www.wikidata.org/entity/Q383904,16
http://www.wikidata.org/entity/Q383982,14
http://www.wikidata.org/entity/Q384064,5
http://www.wikidata.org/entity/Q384181,8
http://www.wikidata.org/entity/Q387236,8
http://www.wikidata.org/entity/Q387916,26
http://www.wikidata.org/entity/Q388100,13
http://www.wikidata.org/entity/Q388207,31
http://www.wikidata.org/entity/Q388296,32
http://www.wikidata.org/entity/Q665286,13
http://www.wikidata.org/entity/Q667659,14
http://www.wikidata.org/entity/Q668657,6
http://www.wikidata.org/entity/Q669738,7
http://www.wikidata.org/entity/Q672134,18
http://www.wikidata.org/entity/Q674684,17
http://www.wikidata.org/entity/Q675553,19
http://www.wikidata.org/entity/Q677542,33
http://www.wikidata.org/entity/Q681379,17
http://www.wikidata.org/entity/Q682417,5
http://www.wikidata.org/entity/Q685884,59
http://www.wikidata.org/entity/Q691771,26
http://www.wikidata.org/entity/Q693322,7
http://www.wikidata.org/entity/Q700423,13
http://www.wikidata.org/entity/Q700440,19
http://www.wikidata.org/entity/Q700805,17
http://www.wikidata.org/entity/Q703778,16
http://www.wikidata.org/entity/Q704073,14
http://www.wikidata.org/entity/Q706468,10
http://www.wikidata.org/entity/Q708228,13
http://www.wikidata.org/entity/Q710425,3
http://www.wikidata.org/entity/Q710673,18
http://www.wikidata.org/entity/Q710917,9
http://www.wikidata.org/entity/Q716060,23
http://www.wikidata.org/entity/Q717080,11
http://www.wikidata.org/entity/Q718540,32
http://www.wikidata.org/entity/Q719927,17
http://www.wikidata.org/entity/Q720959,20
http://www.wikidata.org/entity/Q721385,7
http://www.wikidata.org/entity/Q721644,9
http://www.wikidata.org/entity/Q722989,14
http://www.wikidata.org/entity/Q723418,29
http://www.wikidata.org/entity/Q724010,12
http://www.wikidata.org/entity/Q724104,19
http://www.wikidata.org/entity/Q724473,34
http://www.wikidata.org/entity/Q724755,5
http://www.wikidata.org/entity/Q725011,19
http://www.wikidata.org/entity/Q725888,10
http://www.wikidata.org/entity/Q726239,25
http://www.wikidata.org/entity/Q727634,18
http://www.wikidata.org/entity/Q727781,52
http://www.wikidata.org/entity/Q727803,15
http://www.wikidata.org/entity/Q728579,9
http://www.wikidata.org/entity/Q733804,12
http://www.wikidata.org/entity/Q739138,15
http://www.wikidata.org/entity/Q740911,17
http://www.wikidata.org/entity/Q741702,10
http://www.wikidata.org/entity/Q742341,8
http://www.wikidata.org/entity/Q744327,30
http://www.wikidata.org/entity/Q744417,21
http://www.wikidata.org/entity/Q746743,22
http://www.wikidata.org/entity/Q747717,11
http://www.wikidata.org/entity/Q749475,14
http://www.wikidata.org/entity/Q750811,6
http://www.wikidata.org/entity/Q752047,3
http://www.wikidata.org/entity/Q752329,38
http://www.wikidata.org/entity/Q752785,45
http://www.wikidata.org/entity/Q753520,23
http://www.wikidata.org/entity/Q753679,29
http://www.wikidata.org/entity/Q756146,5
http://www.wikidata.org/entity/Q756956,22
http://www.wikidata.org/entity/Q757143,13
http://www.wikidata.org/entity/Q758422,12
http://www.wikidata.org/entity/Q761163,13
http://www.wikidata.org/entity/Q761684,8
http://www.wikidata.org/entity/Q766240,27
http://www.wikidata.org/entity/Q768134,4
http://www.wikidata.org/entity/Q771291,13
http://www.wikidata.org/entity/Q772497,13
http://www.wikidata.org/entity/Q773084,7
http://www.wikidata.org/entity/Q773880,16
http://www.wikidata.org/entity/Q774475,22
http://www.wikidata.org/entity/Q775614,19
http://www.wikidata.org/entity/Q780517,13
http://www.wikidata.org/entity/Q781402,27
http://www.wikidata.org/entity/Q781470,31
http://www.wikidata.org/entity/Q781815,37
http://www.wikidata.org/entity/Q783097,14
http://www.wikidata.org/entity/Q783243,11
http://www.wikidata.org/entity/Q783874,20
http://www.wikidata.org/entity/Q784310,11
http://www.wikidata.org/entity/Q786815,14
http://www.wikidata.org/entity/Q787663,11
http://www.wikidata.org/entity/Q788016,10
http://www.wikidata.org/entity/Q788460,26
http://www.wikidata.org/entity/Q790188,16
http://www.wikidata.org/entity/Q804401,13
http://www.wikidata.org/entity/Q804596,8
http://www.wikidata.org/entity/Q805044,8
http://www.wikidata.org/entity/Q805130,20
http://www.wikidata.org/entity/Q807820,25
http://www.wikidata.org/entity/Q808855,4
http://www.wikidata.org/entity/Q812605,6
http://www.wikidata.org/entity/Q814402,17
http://www.wikidata.org/entity/Q815536,10
http://www.wikidata.org/entity/Q817138,25
http://www.wikidata.org/entity/Q819325,17
http://www.wikidata.org/entity/Q820049,21
http://www.wikidata.org/entity/Q820119,7
http://www.wikidata.org/entity/Q822309,11
http://www.wikidata.org/entity/Q6026926,7
http://www.wikidata.org/entity/Q6027927,4
http://www.wikidata.org/entity/Q6030291,6
http://www.wikidata.org/entity/Q6032954,4
http://www.wikidata.org/entity/Q6032957,2
http://www.wikidata.org/entity/Q6032965,10
http://www.wikidata.org/entity/Q6036427,4
http://www.wikidata.org/entity/Q6036438,2
http://www.wikidata.org/entity/Q6036463,4
http://www.wikidata.org/entity/Q6036466,5
http://www.wikidata.org/entity/Q6036478,7
http://www.wikidata.org/entity/Q6036517,7
http://www.wikidata.org/entity/Q6036526,3
http://www.wikidata.org/entity/Q6036534,6
http://www.wikidata.org/entity/Q6036543,5
http://www.wikidata.org/entity/Q6036566,4
http://www.wikidata.org/entity/Q6036568,6
http://www.wikidata.org/entity/Q6036579,5
http://www.wikidata.org/entity/Q6036577,3
http://www.wikidata.org/entity/Q6037387,6
http://www.wikidata.org/entity/Q6039799,9
http://www.wikidata.org/entity/Q6040713,7
http://www.wikidata.org/entity/Q6042534,6
http://www.wikidata.org/entity/Q6050834,7
http://www.wikidata.org/entity/Q6057482,3
http://www.wikidata.org/entity/Q6058911,4
http://www.wikidata.org/entity/Q6066199,5
http://www.wikidata.org/entity/Q6067375,8
http://www.wikidata.org/entity/Q6070734,3
http://www.wikidata.org/entity/Q6072445,3
http://www.wikidata.org/entity/Q6073487,5
http://www.wikidata.org/entity/Q6076141,2
http://www.wikidata.org/entity/Q6081528,3
http://www.wikidata.org/entity/Q6082625,7
http://www.wikidata.org/entity/Q6093230,4
http://www.wikidata.org/entity/Q6093242,4
http://www.wikidata.org/entity/Q6093324,10
http://www.wikidata.org/entity/Q6098469,3
http://www.wikidata.org/entity/Q6100475,2
http://www.wikidata.org/entity/Q6100580,4
http://www.wikidata.org/entity/Q6103404,5
http://www.wikidata.org/entity/Q6106812,5
http://www.wikidata.org/entity/Q6108923,4
http://www.wikidata.org/entity/Q6109162,4
http://www.wikidata.org/entity/Q6110296,7
http://www.wikidata.org/entity/Q6110311,14
http://www.wikidata.org/entity/Q6110312,6
http://www.wikidata.org/entity/Q6110313,3
http://www.wikidata.org/entity/Q6110316,7
http://www.wikidata.org/entity/Q6110333,3
http://www.wikidata.org/entity/Q6110336,5
http://www.wikidata.org/entity/Q6111379,2
http://www.wikidata.org/entity/Q6111428,9
http://www.wikidata.org/entity/Q6113614,3
http://www.wikidata.org/entity/Q6117417,3
http://www.wikidata.org/entity/Q6120148,3
http://www.wikidata.org/entity/Q6124308,7
http://www.wikidata.org/entity/Q6126881,7
http://www.wikidata.org/entity/Q6129214,3
http://www.wikidata.org/entity/Q6129485,5
http://www.wikidata.org/entity/Q6130346,6
http://www.wikidata.org/entity/Q6131129,5
http://www.wikidata.org/entity/Q6132064,5
http://www.wikidata.org/entity/Q6132068,4
http://www.wikidata.org/entity/Q6132074,4
http://www.wikidata.org/entity/Q6132082,4
http://www.wikidata.org/entity/Q6132086,7
http://www.wikidata.org/entity/Q6132084,4
http://www.wikidata.org/entity/Q6132088,7
http://www.wikidata.org/entity/Q6136664,3
http://www.wikidata.org/entity/Q6138490,7
http://www.wikidata.org/entity/Q6138491,5
http://www.wikidata.org/entity/Q6138499,11
http://www.wikidata.org/entity/Q6138497,6
http://www.wikidata.org/entity/Q6139036,4
http://www.wikidata.org/entity/Q6140143,6
http://www.wikidata.org/entity/Q6147820,5
http://www.wikidata.org/entity/Q6149344,13
http://www.wikidata.org/entity/Q6152936,4
http://www.wikidata.org/entity/Q6153278,8
http://www.wikidata.org/entity/Q6153327,7
http://www.wikidata.org/entity/Q6153324,4
http://www.wikidata.org/entity/Q6153333,4
http://www.wikidata.org/entity/Q6153818,9
http://www.wikidata.org/entity/Q6157282,4
http://www.wikidata.org/entity/Q6158987,7
http://www.wikidata.org/entity/Q6160688,2
http://www.wikidata.org/entity/Q6161710,2
http://www.wikidata.org/entity/Q6165240,7
http://www.wikidata.org/entity/Q6168369,11
http://www.wikidata.org/entity/Q6168383,9
http://www.wikidata.org/entity/Q6168405,10
http://www.wikidata.org/entity/Q6168411,3
http://www.wikidata.org/entity/Q6169362,7
http://www.wikidata.org/entity/Q6184945,8
http://www.wikidata.org/entity/Q6188299,8
http://www.wikidata.org/entity/Q6191199,8
http://www.wikidata.org/entity/Q6191683,13
http://www.wikidata.org/entity/Q6192596,8
http://www.wikidata.org/entity/Q6202259,2
http://www.wikidata.org/entity/Q2631396,14
http://www.wikidata.org/entity/Q2631975,8
http://www.wikidata.org/entity/Q2634010,8
http://www.wikidata.org/entity/Q2635155,11
http://www.wikidata.org/entity/Q2638634,4
http://www.wikidata.org/entity/Q2639210,11
http://www.wikidata.org/entity/Q2640307,9
http://www.wikidata.org/entity/Q2641862,9
http://www.wikidata.org/entity/Q2656325,3
http://www.wikidata.org/entity/Q2657409,7
http://www.wikidata.org/entity/Q2659045,5
http://www.wikidata.org/entity/Q2662072,19
http://www.wikidata.org/entity/Q2662148,14
http://www.wikidata.org/entity/Q2665906,21
http://www.wikidata.org/entity/Q2668052,8
http://www.wikidata.org/entity/Q2682013,8
http://www.wikidata.org/entity/Q2682554,4
http://www.wikidata.org/entity/Q2687544,12
http://www.wikidata.org/entity/Q2693142,5
http://www.wikidata.org/entity/Q2697917,20
http://www.wikidata.org/entity/Q2702280,13
http://www.wikidata.org/entity/Q2706919,14
http://www.wikidata.org/entity/Q2707298,14
http://www.wikidata.org/entity/Q2707688,18
http://www.wikidata.org/entity/Q2707994,12
http://www.wikidata.org/entity/Q2710523,12
http://www.wikidata.org/entity/Q2713930,4
http://www.wikidata.org/entity/Q2715283,13
http://www.wikidata.org/entity/Q2715398,14
http://www.wikidata.org/entity/Q2719078,8
http://www.wikidata.org/entity/Q2720293,8
http://www.wikidata.org/entity/Q2722134,9
http://www.wikidata.org/entity/Q2726026,17
http://www.wikidata.org/entity/Q2731147,20
http://www.wikidata.org/entity/Q2736181,9
http://www.wikidata.org/entity/Q2737175,11
http://www.wikidata.org/entity/Q2738113,14
http://www.wikidata.org/entity/Q2738178,14
http://www.wikidata.org/entity/Q2738469,6
http://www.wikidata.org/entity/Q2738544,13
http://www.wikidata.org/entity/Q2738838,13
http://www.wikidata.org/entity/Q2741465,9
http://www.wikidata.org/entity/Q2742436,8
http://www.wikidata.org/entity/Q2742742,10
http://www.wikidata.org/entity/Q2743435,12
http://www.wikidata.org/entity/Q2743758,19
http://www.wikidata.org/entity/Q2744144,8
http://www.wikidata.org/entity/Q2746494,7
http://www.wikidata.org/entity/Q2746731,15
http://www.wikidata.org/entity/Q2746831,19
http://www.wikidata.org/entity/Q2747852,12
http://www.wikidata.org/entity/Q2748579,5
http://www.wikidata.org/entity/Q2748817,12
http://www.wikidata.org/entity/Q2774511,4
http://www.wikidata.org/entity/Q2781896,4
http://www.wikidata.org/entity/Q2782580,4
http://www.wikidata.org/entity/Q2784269,5
http://www.wikidata.org/entity/Q2785096,13
http://www.wikidata.org/entity/Q2797513,6
http://www.wikidata.org/entity/Q2798694,10
http://www.wikidata.org/entity/Q2812726,16
http://www.wikidata.org/entity/Q2823181,3
http://www.wikidata.org/entity/Q2832970,3
http://www.wikidata.org/entity/Q2835411,4
http://www.wikidata.org/entity/Q2835456,8
http://www.wikidata.org/entity/Q2842043,10
http://www.wikidata.org/entity/Q2843815,6
http://www.wikidata.org/entity/Q2849807,3
http://www.wikidata.org/entity/Q2853325,10
http://www.wikidata.org/entity/Q2854974,8
http://www.wikidata.org/entity/Q2859120,3
http://www.wikidata.org/entity/Q2863648,9
http://www.wikidata.org/entity/Q2864671,8
http://www.wikidata.org/entity/Q2866725,15
http://www.wikidata.org/entity/Q2867170,10
http://www.wikidata.org/entity/Q2875011,11
http://www.wikidata.org/entity/Q2879826,8
http://www.wikidata.org/entity/Q2879857,9
http://www.wikidata.org/entity/Q2879962,13
http://www.wikidata.org/entity/Q2880274,20
http://www.wikidata.org/entity/Q2881236,8
http://www.wikidata.org/entity/Q2881396,6
http://www.wikidata.org/entity/Q2884829,5
http://www.wikidata.org/entity/Q2886472,14
http://www.wikidata.org/entity/Q2886774,13
http://www.wikidata.org/entity/Q2891357,12
http://www.wikidata.org/entity/Q2891921,14
http://www.wikidata.org/entity/Q2893435,4
http://www.wikidata.org/entity/Q2894547,10
http://www.wikidata.org/entity/Q2897092,17
http://www.wikidata.org/entity/Q2897103,6
http://www.wikidata.org/entity/Q2902385,9
http://www.wikidata.org/entity/Q2907328,5
http://www.wikidata.org/entity/Q2907334,5
http://www.wikidata.org/entity/Q2909943,8
http://www.wikidata.org/entity/Q2910735,7
http://www.wikidata.org/entity/Q2913982,34
http://www.wikidata.org/entity/Q2915789,24
http://www.wikidata.org/entity/Q2916253,8
http://www.wikidata.org/entity/Q2917227,8
http://www.wikidata.org/entity/Q16828236,3
http://www.wikidata.org/entity/Q16829781,17
http://www.wikidata.org/entity/Q16837290,9
http://www.wikidata.org/entity/Q16837791,7
http://www.wikidata.org/entity/Q16844015,6
http://www.wikidata.org/entity/Q16845069,4
http://www.wikidata.org/entity/Q16855754,18
http://www.wikidata.org/entity/Q16873176,6
http://www.wikidata.org/entity/Q16874159,9
http://www.wikidata.org/entity/Q16875726,5
http://www.wikidata.org/entity/Q16888343,3
http://www.wikidata.org/entity/Q16894106,3
http://www.wikidata.org/entity/Q16894831,10
http://www.wikidata.org/entity/Q16909209,3
http://www.wikidata.org/entity/Q16912992,6
http://www.wikidata.org/entity/Q16928350,3
http://www.wikidata.org/entity/Q16937368,28
http://www.wikidata.org/entity/Q16941867,4
http://www.wikidata.org/entity/Q16942070,10
http://www.wikidata.org/entity/Q16942605,3
http://www.wikidata.org/entity/Q16947034,6
http://www.wikidata.org/entity/Q16947691,3
http://www.wikidata.org/entity/Q16951912,5
http://www.wikidata.org/entity/Q16954055,6
http://www.wikidata.org/entity/Q16954258,3
http://www.wikidata.org/entity/Q16960459,8
http://www.wikidata.org/entity/Q16961740,8
http://www.wikidata.org/entity/Q16965402,8
http://www.wikidata.org/entity/Q16965849,3
http://www.wikidata.org/entity/Q16977816,10
http://www.wikidata.org/entity/Q16979361,5
http://www.wikidata.org/entity/Q16985341,8
http://www.wikidata.org/entity/Q16985638,4
http://www.wikidata.org/entity/Q16986699,21
http://www.wikidata.org/entity/Q16987529,3
http://www.wikidata.org/entity/Q16993565,10
http://www.wikidata.org/entity/Q17000631,7
http://www.wikidata.org/entity/Q17002468,5
http://www.wikidata.org/entity/Q17004101,3
http://www.wikidata.org/entity/Q17004167,7
http://www.wikidata.org/entity/Q17004507,17
http://www.wikidata.org/entity/Q17004572,4
http://www.wikidata.org/entity/Q17007779,6
http://www.wikidata.org/entity/Q17012551,11
http://www.wikidata.org/entity/Q17018487,14
http://www.wikidata.org/entity/Q17021538,3
http://www.wikidata.org/entity/Q17030450,3
http://www.wikidata.org/entity/Q17037735,3
http://www.wikidata.org/entity/Q17045570,3
http://www.wikidata.org/entity/Q17045843,6
http://www.wikidata.org/entity/Q17048822,9
http://www.wikidata.org/entity/Q17048829,8
http://www.wikidata.org/entity/Q17049926,5
http://www.wikidata.org/entity/Q17050023,4
http://www.wikidata.org/entity/Q17051846,5
http://www.wikidata.org/entity/Q17053024,5
http://www.wikidata.org/entity/Q17053324,5
http://www.wikidata.org/entity/Q17053898,13
http://www.wikidata.org/entity/Q17055458,5
http://www.wikidata.org/entity/Q17058526,6
http://www.wikidata.org/entity/Q17060288,3
http://www.wikidata.org/entity/Q17065399,8
http://www.wikidata.org/entity/Q17069284,9
http://www.wikidata.org/entity/Q17070226,6
http://www.wikidata.org/entity/Q17070464,10
http://www.wikidata.org/entity/Q17070502,14
http://www.wikidata.org/entity/Q17073966,6
http://www.wikidata.org/entity/Q17075815,5
http://www.wikidata.org/entity/Q17077948,6
http://www.wikidata.org/entity/Q17079948,4
http://www.wikidata.org/entity/Q17080863,12
http://www.wikidata.org/entity/Q17086313,5
http://www.wikidata.org/entity/Q17088735,5
http://www.wikidata.org/entity/Q17091278,10
http://www.wikidata.org/entity/Q17098563,6
http://www.wikidata.org/entity/Q17103754,4
http://www.wikidata.org/entity/Q17104891,6
http://www.wikidata.org/entity/Q17108006,7
http://www.wikidata.org/entity/Q17108017,8
http://www.wikidata.org/entity/Q17108262,7
http://www.wikidata.org/entity/Q17111083,3
http://www.wikidata.org/entity/Q17111357,5
http://www.wikidata.org/entity/Q17111414,8
http://www.wikidata.org/entity/Q17111801,6
http://www.wikidata.org/entity/Q17115009,5
http://www.wikidata.org/entity/Q17118720,4
http://www.wikidata.org/entity/Q17119147,4
http://www.wikidata.org/entity/Q17119190,2
http://www.wikidata.org/entity/Q17120991,3
http://www.wikidata.org/entity/Q17125440,5
http://www.wikidata.org/entity/Q17146868,13
http://www.wikidata.org/entity/Q17152287,6
http://www.wikidata.org/entity/Q17153632,9
http://www.wikidata.org/entity/Q17157177,2
http://www.wikidata.org/entity/Q17176205,12
http://www.wikidata.org/entity/Q17191592,9
http://www.wikidata.org/entity/Q17231682,5
http://www.wikidata.org/entity/Q17231747,5
http://www.wikidata.org/entity/Q17232009,4
http://www.wikidata.org/entity/Q17272400,6
http://www.wikidata.org/entity/Q6873842,5
http://www.wikidata.org/entity/Q6874626,5
http://www.wikidata.org/entity/Q6874634,5
http://www.wikidata.org/entity/Q6878168,3
http://www.wikidata.org/entity/Q6907397,8
http://www.wikidata.org/entity/Q6908884,6
http://www.wikidata.org/entity/Q6909347,4
http://www.wikidata.org/entity/Q6909358,6
http://www.wikidata.org/entity/Q6911419,5
http://www.wikidata.org/entity/Q6912671,5
http://www.wikidata.org/entity/Q6912676,5
http://www.wikidata.org/entity/Q6918602,12
http://www.wikidata.org/entity/Q6936014,5
http://www.wikidata.org/entity/Q6941842,27
http://www.wikidata.org/entity/Q6941917,6
http://www.wikidata.org/entity/Q6941949,9
http://www.wikidata.org/entity/Q6941967,7
http://www.wikidata.org/entity/Q6941994,13
http://www.wikidata.org/entity/Q6942003,9
http://www.wikidata.org/entity/Q6942010,7
http://www.wikidata.org/entity/Q6942011,5
http://www.wikidata.org/entity/Q6942012,9
http://www.wikidata.org/entity/Q6942022,14
http://www.wikidata.org/entity/Q6942031,13
http://www.wikidata.org/entity/Q6942028,10
http://www.wikidata.org/entity/Q6942037,15
http://www.wikidata.org/entity/Q6942044,10
http://www.wikidata.org/entity/Q6942070,10
http://www.wikidata.org/entity/Q6942071,13
http://www.wikidata.org/entity/Q6942068,18
http://www.wikidata.org/entity/Q6942076,9
http://www.wikidata.org/entity/Q6942095,12
http://www.wikidata.org/entity/Q6942096,6
http://www.wikidata.org/entity/Q6942105,11
http://www.wikidata.org/entity/Q6942110,5
http://www.wikidata.org/entity/Q6942109,13
http://www.wikidata.org/entity/Q6942118,8
http://www.wikidata.org/entity/Q6942130,9
http://www.wikidata.org/entity/Q6942143,12
http://www.wikidata.org/entity/Q6942147,8
http://www.wikidata.org/entity/Q6942151,11
http://www.wikidata.org/entity/Q6942148,10
http://www.wikidata.org/entity/Q6942158,8
http://www.wikidata.org/entity/Q6942167,13
http://www.wikidata.org/entity/Q6942168,8
http://www.wikidata.org/entity/Q6942178,10
http://www.wikidata.org/entity/Q6942176,6
http://www.wikidata.org/entity/Q6942177,8
http://www.wikidata.org/entity/Q6942193,6
http://www.wikidata.org/entity/Q6942203,7
http://www.wikidata.org/entity/Q6942216,12
http://www.wikidata.org/entity/Q6942217,13
http://www.wikidata.org/entity/Q6942229,11
http://www.wikidata.org/entity/Q6942239,6
http://www.wikidata.org/entity/Q6942240,15
http://www.wikidata.org/entity/Q6942262,5
http://www.wikidata.org/entity/Q6942263,9
http://www.wikidata.org/entity/Q6942260,9
http://www.wikidata.org/entity/Q6942267,12
http://www.wikidata.org/entity/Q6942271,11
http://www.wikidata.org/entity/Q6942275,12
http://www.wikidata.org/entity/Q6942277,12
http://www.wikidata.org/entity/Q6942280,10
http://www.wikidata.org/entity/Q6942287,10
http://www.wikidata.org/entity/Q6942291,8
http://www.wikidata.org/entity/Q6942295,7
http://www.wikidata.org/entity/Q6942300,6
http://www.wikidata.org/entity/Q6942301,9
http://www.wikidata.org/entity/Q6942315,8
http://www.wikidata.org/entity/Q6942329,8
http://www.wikidata.org/entity/Q6942343,12
http://www.wikidata.org/entity/Q6942354,9
http://www.wikidata.org/entity/Q6942358,11
http://www.wikidata.org/entity/Q6942356,12
http://www.wikidata.org/entity/Q6942370,16
http://www.wikidata.org/entity/Q6942377,9
http://www.wikidata.org/entity/Q6942398,5
http://www.wikidata.org/entity/Q6950147,7
http://www.wikidata.org/entity/Q6950428,11
http://www.wikidata.org/entity/Q6956465,16
http://www.wikidata.org/entity/Q6956569,6
http://www.wikidata.org/entity/Q6966089,7
http://www.wikidata.org/entity/Q6979961,9
http://www.wikidata.org/entity/Q6981036,2
http://www.wikidata.org/entity/Q6981664,6
http://www.wikidata.org/entity/Q6993291,6
http://www.wikidata.org/entity/Q6994496,6
http://www.wikidata.org/entity/Q7005181,10
http://www.wikidata.org/entity/Q7005540,3
http://www.wikidata.org/entity/Q7010517,5
http://www.wikidata.org/entity/Q7015151,7
http://www.wikidata.org/entity/Q7016386,3
http://www.wikidata.org/entity/Q7016547,6
http://www.wikidata.org/entity/Q7023407,13
http://www.wikidata.org/entity/Q7023411,8
http://www.wikidata.org/entity/Q7042505,4
http://www.wikidata.org/entity/Q7042753,6
http://www.wikidata.org/entity/Q7050752,9
http://www.wikidata.org/entity/Q7060273,4
http://www.wikidata.org/entity/Q7067688,8
http://www.wikidata.org/entity/Q822914,20
http://www.wikidata.org/entity/Q823080,22
http://www.wikidata.org/entity/Q823560,36
http://www.wikidata.org/entity/Q824948,10
http://www.wikidata.org/entity/Q825769,18
http://www.wikidata.org/entity/Q827775,25
http://www.wikidata.org/entity/Q828181,11
http://www.wikidata.org/entity/Q828243,11
http://www.wikidata.org/entity/Q828305,18
http://www.wikidata.org/entity/Q829147,26
http://www.wikidata.org/entity/Q830325,22
http://www.wikidata.org/entity/Q830634,41
http://www.wikidata.org/entity/Q831354,20
http://www.wikidata.org/entity/Q832665,15
http://www.wikidata.org/entity/Q833189,14
http://www.wikidata.org/entity/Q834566,6
http://www.wikidata.org/entity/Q834959,16
http://www.wikidata.org/entity/Q835131,19
http://www.wikidata.org/entity/Q835562,29
http://www.wikidata.org/entity/Q835891,13
http://www.wikidata.org/entity/Q835919,5
http://www.wikidata.org/entity/Q836571,31
http://www.wikidata.org/entity/Q837389,28
http://www.wikidata.org/entity/Q837837,21
http://www.wikidata.org/entity/Q839029,45
http://www.wikidata.org/entity/Q840065,25
http://www.wikidata.org/entity/Q840748,8
http://www.wikidata.org/entity/Q842324,31
http://www.wikidata.org/entity/Q844245,19
http://www.wikidata.org/entity/Q845414,8
http://www.wikidata.org/entity/Q846119,20
http://www.wikidata.org/entity/Q846219,25
http://www.wikidata.org/entity/Q846748,30
http://www.wikidata.org/entity/Q846784,19
http://www.wikidata.org/entity/Q846833,10
http://www.wikidata.org/entity/Q848399,28
http://www.wikidata.org/entity/Q848457,10
http://www.wikidata.org/entity/Q848852,17
http://www.wikidata.org/entity/Q850412,28
http://www.wikidata.org/entity/Q851213,52
http://www.wikidata.org/entity/Q852027,31
http://www.wikidata.org/entity/Q852210,13
http://www.wikidata.org/entity/Q852767,25
http://www.wikidata.org/entity/Q853873,20
http://www.wikidata.org/entity/Q854451,34
http://www.wikidata.org/entity/Q854775,11
http://www.wikidata.org/entity/Q854844,18
http://www.wikidata.org/entity/Q856713,44
http://www.wikidata.org/entity/Q856872,16
http://www.wikidata.org/entity/Q858579,20
http://www.wikidata.org/entity/Q860196,17
http://www.wikidata.org/entity/Q861823,12
http://www.wikidata.org/entity/Q863539,18
http://www.wikidata.org/entity/Q864605,2
http://www.wikidata.org/entity/Q866816,35
http://www.wikidata.org/entity/Q867306,17
http://www.wikidata.org/entity/Q867914,18
http://www.wikidata.org/entity/Q868855,14
http://www.wikidata.org/entity/Q869210,21
http://www.wikidata.org/entity/Q869750,8
http://www.wikidata.org/entity/Q870340,8
http://www.wikidata.org/entity/Q873478,29
http://www.wikidata.org/entity/Q874038,22
http://www.wikidata.org/entity/Q876171,15
http://www.wikidata.org/entity/Q876812,31
http://www.wikidata.org/entity/Q877693,14
http://www.wikidata.org/entity/Q880270,8
http://www.wikidata.org/entity/Q882985,13
http://www.wikidata.org/entity/Q885561,17
http://www.wikidata.org/entity/Q885943,6
http://www.wikidata.org/entity/Q888137,13
http://www.wikidata.org/entity/Q888612,13
http://www.wikidata.org/entity/Q890575,9
http://www.wikidata.org/entity/Q890887,10
http://www.wikidata.org/entity/Q892958,22
http://www.wikidata.org/entity/Q896513,13
http://www.wikidata.org/entity/Q896981,6
http://www.wikidata.org/entity/Q898530,7
http://www.wikidata.org/entity/Q898709,12
http://www.wikidata.org/entity/Q899116,9
http://www.wikidata.org/entity/Q899215,32
http://www.wikidata.org/entity/Q901610,13
http://www.wikidata.org/entity/Q903735,20
http://www.wikidata.org/entity/Q904500,9
http://www.wikidata.org/entity/Q906647,41
http://www.wikidata.org/entity/Q907799,11
http://www.wikidata.org/entity/Q910606,9
http://www.wikidata.org/entity/Q912383,17
http://www.wikidata.org/entity/Q915152,20
http://www.wikidata.org/entity/Q916387,13
http://www.wikidata.org/entity/Q918095,8
http://www.wikidata.org/entity/Q918542,11
http://www.wikidata.org/entity/Q918727,46
http://www.wikidata.org/entity/Q919516,16
http://www.wikidata.org/entity/Q919948,7
http://www.wikidata.org/entity/Q920883,16
http://www.wikidata.org/entity/Q922865,7
http://www.wikidata.org/entity/Q927425,7
http://www.wikidata.org/entity/Q928825,12
http://www.wikidata.org/entity/Q930592,10
http://www.wikidata.org/entity/Q2917508,16
http://www.wikidata.org/entity/Q2924151,5
http://www.wikidata.org/entity/Q2928716,3
http://www.wikidata.org/entity/Q2929369,8
http://www.wikidata.org/entity/Q2932658,12
http://www.wikidata.org/entity/Q2936610,3
http://www.wikidata.org/entity/Q2936879,11
http://www.wikidata.org/entity/Q2936886,18
http://www.wikidata.org/entity/Q2941721,14
http://www.wikidata.org/entity/Q2956156,2
http://www.wikidata.org/entity/Q2956164,8
http://www.wikidata.org/entity/Q2956171,7
http://www.wikidata.org/entity/Q2956172,6
http://www.wikidata.org/entity/Q2956178,11
http://www.wikidata.org/entity/Q2956176,7
http://www.wikidata.org/entity/Q2956201,5
http://www.wikidata.org/entity/Q2956224,12
http://www.wikidata.org/entity/Q2956228,2
http://www.wikidata.org/entity/Q2956242,4
http://www.wikidata.org/entity/Q2956240,10
http://www.wikidata.org/entity/Q2956246,15
http://www.wikidata.org/entity/Q2956468,5
http://www.wikidata.org/entity/Q2961759,9
http://www.wikidata.org/entity/Q2961763,6
http://www.wikidata.org/entity/Q2961766,13
http://www.wikidata.org/entity/Q2963337,7
http://www.wikidata.org/entity/Q2963621,10
http://www.wikidata.org/entity/Q2976236,6
http://www.wikidata.org/entity/Q2976911,6
http://www.wikidata.org/entity/Q2978696,6
http://www.wikidata.org/entity/Q2981079,11
http://www.wikidata.org/entity/Q2982341,10
http://www.wikidata.org/entity/Q2988851,9
http://www.wikidata.org/entity/Q2991840,10
http://www.wikidata.org/entity/Q2994332,12
http://www.wikidata.org/entity/Q2995521,9
http://www.wikidata.org/entity/Q2997058,12
http://www.wikidata.org/entity/Q2998920,6
http://www.wikidata.org/entity/Q3008122,13
http://www.wikidata.org/entity/Q3008180,6
http://www.wikidata.org/entity/Q3020766,4
http://www.wikidata.org/entity/Q3021144,5
http://www.wikidata.org/entity/Q3023376,6
http://www.wikidata.org/entity/Q3025242,7
http://www.wikidata.org/entity/Q3026173,3
http://www.wikidata.org/entity/Q3029796,4
http://www.wikidata.org/entity/Q3032090,16
http://www.wikidata.org/entity/Q3032212,9
http://www.wikidata.org/entity/Q3036886,5
http://www.wikidata.org/entity/Q3039303,3
http://www.wikidata.org/entity/Q3046632,9
http://www.wikidata.org/entity/Q3048168,14
http://www.wikidata.org/entity/Q3050572,4
http://www.wikidata.org/entity/Q3052655,4
http://www.wikidata.org/entity/Q3053954,11
http://www.wikidata.org/entity/Q3056538,11
http://www.wikidata.org/entity/Q3062629,8
http://www.wikidata.org/entity/Q3066180,10
http://www.wikidata.org/entity/Q3069904,16
http://www.wikidata.org/entity/Q3075498,11
http://www.wikidata.org/entity/Q3080963,15
http://www.wikidata.org/entity/Q3083000,13
http://www.wikidata.org/entity/Q3084222,12
http://www.wikidata.org/entity/Q3085344,21
http://www.wikidata.org/entity/Q3089524,13
http://www.wikidata.org/entity/Q3090876,15
http://www.wikidata.org/entity/Q3091180,21
http://www.wikidata.org/entity/Q3092733,7
http://www.wikidata.org/entity/Q3094259,7
http://www.wikidata.org/entity/Q3098078,22
http://www.wikidata.org/entity/Q3098694,3
http://www.wikidata.org/entity/Q3106448,23
http://www.wikidata.org/entity/Q3108920,16
http://www.wikidata.org/entity/Q3109641,13
http://www.wikidata.org/entity/Q3109918,6
http://www.wikidata.org/entity/Q3110519,15
http://www.wikidata.org/entity/Q3111428,9
http://www.wikidata.org/entity/Q3114644,16
http://www.wikidata.org/entity/Q3116754,7
http://www.wikidata.org/entity/Q3117305,10
http://www.wikidata.org/entity/Q3121396,8
http://www.wikidata.org/entity/Q3128751,8
http://www.wikidata.org/entity/Q3129432,16
http://www.wikidata.org/entity/Q3135787,7
http://www.wikidata.org/entity/Q3135790,10
http://www.wikidata.org/entity/Q3135791,8
http://www.wikidata.org/entity/Q3135794,8
http://www.wikidata.org/entity/Q3135792,3
http://www.wikidata.org/entity/Q3135793,5
http://www.wikidata.org/entity/Q3135799,7
http://www.wikidata.org/entity/Q3135796,10
http://www.wikidata.org/entity/Q3135801,8
http://www.wikidata.org/entity/Q3135807,12
http://www.wikidata.org/entity/Q3140141,18
http://www.wikidata.org/entity/Q3141414,6
http://www.wikidata.org/entity/Q3141879,12
http://www.wikidata.org/entity/Q3151435,6
http://www.wikidata.org/entity/Q3160589,16
http://www.wikidata.org/entity/Q3163340,13
http://www.wikidata.org/entity/Q3163344,5
http://www.wikidata.org/entity/Q7070611,4
http://www.wikidata.org/entity/Q7077860,13
http://www.wikidata.org/entity/Q7085499,6
http://www.wikidata.org/entity/Q7088779,3
http://www.wikidata.org/entity/Q7092205,8
http://www.wikidata.org/entity/Q7118426,15
http://www.wikidata.org/entity/Q7122786,10
http://www.wikidata.org/entity/Q7124405,7
http://www.wikidata.org/entity/Q7125889,7
http://www.wikidata.org/entity/Q7125896,6
http://www.wikidata.org/entity/Q7125908,9
http://www.wikidata.org/entity/Q7125918,7
http://www.wikidata.org/entity/Q7127417,8
http://www.wikidata.org/entity/Q7129072,5
http://www.wikidata.org/entity/Q7132500,3
http://www.wikidata.org/entity/Q7134728,10
http://www.wikidata.org/entity/Q7139128,6
http://www.wikidata.org/entity/Q7139757,3
http://www.wikidata.org/entity/Q7142141,20
http://www.wikidata.org/entity/Q7170259,5
http://www.wikidata.org/entity/Q7170257,11
http://www.wikidata.org/entity/Q7170263,4
http://www.wikidata.org/entity/Q7171184,10
http://www.wikidata.org/entity/Q7179597,6
http://www.wikidata.org/entity/Q7180954,5
http://www.wikidata.org/entity/Q7182869,3
http://www.wikidata.org/entity/Q7185310,7
http://www.wikidata.org/entity/Q7187227,3
http://www.wikidata.org/entity/Q7190617,3
http://www.wikidata.org/entity/Q7196459,5
http://www.wikidata.org/entity/Q7196456,32
http://www.wikidata.org/entity/Q7198347,10
http://www.wikidata.org/entity/Q7203347,2
http://www.wikidata.org/entity/Q7205507,9
http://www.wikidata.org/entity/Q7210038,10
http://www.wikidata.org/entity/Q7210069,7
http://www.wikidata.org/entity/Q7210075,7
http://www.wikidata.org/entity/Q7225887,2
http://www.wikidata.org/entity/Q7226751,5
http://www.wikidata.org/entity/Q7229757,6
http://www.wikidata.org/entity/Q7233169,2
http://www.wikidata.org/entity/Q7233274,4
http://www.wikidata.org/entity/Q7245792,5
http://www.wikidata.org/entity/Q7247338,5
http://www.wikidata.org/entity/Q7248857,9
http://www.wikidata.org/entity/Q7251113,6
http://www.wikidata.org/entity/Q7258480,6
http://www.wikidata.org/entity/Q7259146,7
http://www.wikidata.org/entity/Q7260406,6
http://www.wikidata.org/entity/Q7260407,9
http://www.wikidata.org/entity/Q7260405,6
http://www.wikidata.org/entity/Q7260408,6
http://www.wikidata.org/entity/Q7260409,8
http://www.wikidata.org/entity/Q7260604,2
http://www.wikidata.org/entity/Q7263021,7
http://www.wikidata.org/entity/Q7269821,2
http://www.wikidata.org/entity/Q7273050,9
http://www.wikidata.org/entity/Q7282874,3
http://www.wikidata.org/entity/Q7283707,5
http://www.wikidata.org/entity/Q7290060,4
http://www.wikidata.org/entity/Q7293809,9
http://www.wikidata.org/entity/Q7293812,6
http://www.wikidata.org/entity/Q7295057,7
http://www.wikidata.org/entity/Q7295067,6
http://www.wikidata.org/entity/Q7302395,5
http://www.wikidata.org/entity/Q7306376,5
http://www.wikidata.org/entity/Q7308175,12
http://www.wikidata.org/entity/Q7309098,15
http://www.wikidata.org/entity/Q7310628,5
http://www.wikidata.org/entity/Q7310665,8
http://www.wikidata.org/entity/Q7311227,13
http://www.wikidata.org/entity/Q7311378,3
http://www.wikidata.org/entity/Q7315815,7
http://www.wikidata.org/entity/Q7321654,5
http://www.wikidata.org/entity/Q7334835,3
http://www.wikidata.org/entity/Q7335754,5
http://www.wikidata.org/entity/Q7354827,9
http://www.wikidata.org/entity/Q7354915,4
http://www.wikidata.org/entity/Q7361460,8
http://www.wikidata.org/entity/Q7361853,5
http://www.wikidata.org/entity/Q7362652,3
http://www.wikidata.org/entity/Q7362666,7
http://www.wikidata.org/entity/Q7362864,6
http://www.wikidata.org/entity/Q7363273,5
http://www.wikidata.org/entity/Q7365548,4
http://www.wikidata.org/entity/Q7382074,7
http://www.wikidata.org/entity/Q7382101,12
http://www.wikidata.org/entity/Q7385628,8
http://www.wikidata.org/entity/Q7397088,18
http://www.wikidata.org/entity/Q7397320,8
http://www.wikidata.org/entity/Q7397641,8
http://www.wikidata.org/entity/Q7402234,3
http://www.wikidata.org/entity/Q7402829,5
http://www.wikidata.org/entity/Q7405759,7
http://www.wikidata.org/entity/Q7405765,5
http://www.wikidata.org/entity/Q7406498,5
http://www.wikidata.org/entity/Q7409412,18
http://www.wikidata.org/entity/Q7409969,5
http://www.wikidata.org/entity/Q7410145,7
http://www.wikidata.org/entity/Q7410295,9
http://www.wikidata.org/entity/Q17477934,1
http://www.wikidata.org/entity/Q17510016,6
http://www.wikidata.org/entity/Q17513978,9
http://www.wikidata.org/entity/Q17513988,9
http://www.wikidata.org/entity/Q17514023,6
http://www.wikidata.org/entity/Q17514029,5
http://www.wikidata.org/entity/Q17598653,6
http://www.wikidata.org/entity/Q17623202,2
http://www.wikidata.org/entity/Q17624127,3
http://www.wikidata.org/entity/Q17630580,10
http://www.wikidata.org/entity/Q17747244,5
http://www.wikidata.org/entity/Q17988509,6
http://www.wikidata.org/entity/Q17991683,7
http://www.wikidata.org/entity/Q17995885,3
http://www.wikidata.org/entity/Q17995961,6
http://www.wikidata.org/entity/Q17996401,4
http://www.wikidata.org/entity/Q18110001,7
http://www.wikidata.org/entity/Q18126823,3
http://www.wikidata.org/entity/Q18126969,5
http://www.wikidata.org/entity/Q18129813,15
http://www.wikidata.org/entity/Q18163148,5
http://www.wikidata.org/entity/Q18170752,5
http://www.wikidata.org/entity/Q18191937,3
http://www.wikidata.org/entity/Q18204859,9
http://www.wikidata.org/entity/Q18205078,10
http://www.wikidata.org/entity/Q18205595,2
http://www.wikidata.org/entity/Q18207423,3
http://www.wikidata.org/entity/Q18208255,6
http://www.wikidata.org/entity/Q18217098,20
http://www.wikidata.org/entity/Q18225375,7
http://www.wikidata.org/entity/Q18242331,9
http://www.wikidata.org/entity/Q18278642,5
http://www.wikidata.org/entity/Q18324847,10
http://www.wikidata.org/entity/Q18342587,14
http://www.wikidata.org/entity/Q18345375,33
http://www.wikidata.org/entity/Q18358825,2
http://www.wikidata.org/entity/Q18358879,9
http://www.wikidata.org/entity/Q18370965,11
http://www.wikidata.org/entity/Q18379604,9
http://www.wikidata.org/entity/Q18391540,5
http://www.wikidata.org/entity/Q18393891,8
http://www.wikidata.org/entity/Q18398185,2
http://www.wikidata.org/entity/Q18406550,8
http://www.wikidata.org/entity/Q18432631,5
http://www.wikidata.org/entity/Q18464783,3
http://www.wikidata.org/entity/Q18465009,3
http://www.wikidata.org/entity/Q18466722,10
http://www.wikidata.org/entity/Q18473388,3
http://www.wikidata.org/entity/Q18534490,5
http://www.wikidata.org/entity/Q18582315,10
http://www.wikidata.org/entity/Q18660751,3
http://www.wikidata.org/entity/Q18690116,3
http://www.wikidata.org/entity/Q18702741,7
http://www.wikidata.org/entity/Q18915482,6
http://www.wikidata.org/entity/Q19358266,8
http://www.wikidata.org/entity/Q19361028,7
http://www.wikidata.org/entity/Q19366417,3
http://www.wikidata.org/entity/Q19545411,2
http://www.wikidata.org/entity/Q19610934,5
http://www.wikidata.org/entity/Q19672555,9
http://www.wikidata.org/entity/Q19678100,6
http://www.wikidata.org/entity/Q19703932,2
http://www.wikidata.org/entity/Q19708376,8
http://www.wikidata.org/entity/Q19708604,7
http://www.wikidata.org/entity/Q19708789,3
http://www.wikidata.org/entity/Q19708925,4
http://www.wikidata.org/entity/Q19729536,8
http://www.wikidata.org/entity/Q19749652,7
http://www.wikidata.org/entity/Q19754215,20
http://www.wikidata.org/entity/Q19815286,10
http://www.wikidata.org/entity/Q19820570,8
http://www.wikidata.org/entity/Q19832746,3
http://www.wikidata.org/entity/Q19860267,9
http://www.wikidata.org/entity/Q19879476,4
http://www.wikidata.org/entity/Q19880374,5
http://www.wikidata.org/entity/Q19885329,4
http://www.wikidata.org/entity/Q19899689,4
http://www.wikidata.org/entity/Q19901725,7
http://www.wikidata.org/entity/Q19938910,22
http://www.wikidata.org/entity/Q20016116,8
http://www.wikidata.org/entity/Q20016989,9
http://www.wikidata.org/entity/Q20018165,4
http://www.wikidata.org/entity/Q20021059,12
http://www.wikidata.org/entity/Q20021568,3
http://www.wikidata.org/entity/Q20022908,3
http://www.wikidata.org/entity/Q20047305,9
http://www.wikidata.org/entity/Q20102359,11
http://www.wikidata.org/entity/Q20102893,5
http://www.wikidata.org/entity/Q20104443,6
http://www.wikidata.org/entity/Q20106916,7
http://www.wikidata.org/entity/Q20108528,6
http://www.wikidata.org/entity/Q20380119,4
http://www.wikidata.org/entity/Q20427186,8
http://www.wikidata.org/entity/Q20427333,9
http://www.wikidata.org/entity/Q20438522,4
http://www.wikidata.org/entity/Q20492204,7
http://www.wikidata.org/entity/Q20507819,2
http://www.wikidata.org/entity/Q20587253,3
http://www.wikidata.org/entity/Q20589414,4
http://www.wikidata.org/entity/Q20615323,5
http://www.wikidata.org/entity/Q6296743,11
http://www.wikidata.org/entity/Q6301761,17
http://www.wikidata.org/entity/Q6304912,2
http://www.wikidata.org/entity/Q6305421,3
http://www.wikidata.org/entity/Q6319299,3
http://www.wikidata.org/entity/Q6346110,7
http://www.wikidata.org/entity/Q6348555,4
http://www.wikidata.org/entity/Q6348907,5
http://www.wikidata.org/entity/Q6351763,15
http://www.wikidata.org/entity/Q6365333,5
http://www.wikidata.org/entity/Q6365528,7
http://www.wikidata.org/entity/Q6366462,3
http://www.wikidata.org/entity/Q6367434,3
http://www.wikidata.org/entity/Q6378419,4
http://www.wikidata.org/entity/Q6379228,5
http://www.wikidata.org/entity/Q6379275,3
http://www.wikidata.org/entity/Q6379472,6
http://www.wikidata.org/entity/Q6392890,11
http://www.wikidata.org/entity/Q6394780,4
http://www.wikidata.org/entity/Q6397421,8
http://www.wikidata.org/entity/Q6404580,6
http://www.wikidata.org/entity/Q6410349,5
http://www.wikidata.org/entity/Q6410606,6
http://www.wikidata.org/entity/Q6414548,4
http://www.wikidata.org/entity/Q6419747,10
http://www.wikidata.org/entity/Q6420782,2
http://www.wikidata.org/entity/Q6421060,9
http://www.wikidata.org/entity/Q6425210,7
http://www.wikidata.org/entity/Q6430313,4
http://www.wikidata.org/entity/Q6431989,18
http://www.wikidata.org/entity/Q6432024,15
http://www.wikidata.org/entity/Q6440913,5
http://www.wikidata.org/entity/Q6442578,6
http://www.wikidata.org/entity/Q6444335,8
http://www.wikidata.org/entity/Q6450040,3
http://www.wikidata.org/entity/Q6452410,28
http://www.wikidata.org/entity/Q6453929,6
http://www.wikidata.org/entity/Q6456152,6
http://www.wikidata.org/entity/Q6457912,7
http://www.wikidata.org/entity/Q6480726,5
http://www.wikidata.org/entity/Q6480724,4
http://www.wikidata.org/entity/Q6480725,3
http://www.wikidata.org/entity/Q6496549,10
http://www.wikidata.org/entity/Q6496560,12
http://www.wikidata.org/entity/Q6497489,7
http://www.wikidata.org/entity/Q6510987,7
http://www.wikidata.org/entity/Q6516176,5
http://www.wikidata.org/entity/Q6537469,3
http://www.wikidata.org/entity/Q6543501,4
http://www.wikidata.org/entity/Q6554176,5
http://www.wikidata.org/entity/Q6584641,9
http://www.wikidata.org/entity/Q6585404,6
http://www.wikidata.org/entity/Q6593123,10
http://www.wikidata.org/entity/Q6629917,6
http://www.wikidata.org/entity/Q6654795,7
http://www.wikidata.org/entity/Q6658771,10
http://www.wikidata.org/entity/Q6665245,6
http://www.wikidata.org/entity/Q6665252,9
http://www.wikidata.org/entity/Q6666682,5
http://www.wikidata.org/entity/Q6684958,4
http://www.wikidata.org/entity/Q6689665,5
http://www.wikidata.org/entity/Q6694797,4
http://www.wikidata.org/entity/Q6701559,9
http://www.wikidata.org/entity/Q6705212,6
http://www.wikidata.org/entity/Q6705418,6
http://www.wikidata.org/entity/Q6723162,7
http://www.wikidata.org/entity/Q6727621,3
http://www.wikidata.org/entity/Q6741049,10
http://www.wikidata.org/entity/Q6741534,11
http://www.wikidata.org/entity/Q6742056,8
http://www.wikidata.org/entity/Q6742070,11
http://www.wikidata.org/entity/Q6748116,5
http://www.wikidata.org/entity/Q6748746,7
http://www.wikidata.org/entity/Q6749708,15
http://www.wikidata.org/entity/Q6754164,9
http://www.wikidata.org/entity/Q6754289,3
http://www.wikidata.org/entity/Q6758799,5
http://www.wikidata.org/entity/Q6759033,7
http://www.wikidata.org/entity/Q6772364,3
http://www.wikidata.org/entity/Q6774721,42
http://www.wikidata.org/entity/Q6783396,11
http://www.wikidata.org/entity/Q6784085,8
http://www.wikidata.org/entity/Q6785872,4
http://www.wikidata.org/entity/Q6793820,2
http://www.wikidata.org/entity/Q6796760,6
http://www.wikidata.org/entity/Q6799044,15
http://www.wikidata.org/entity/Q6799695,5
http://www.wikidata.org/entity/Q6799787,9
http://www.wikidata.org/entity/Q6812125,4
http://www.wikidata.org/entity/Q6817378,6
http://www.wikidata.org/entity/Q6819034,5
http://www.wikidata.org/entity/Q6821898,6
http://www.wikidata.org/entity/Q6825988,9
http://www.wikidata.org/entity/Q6826021,9
http://www.wikidata.org/entity/Q6826078,7
http://www.wikidata.org/entity/Q6826151,17
http://www.wikidata.org/entity/Q6860135,5
http://www.wikidata.org/entity/Q6864975,9
http://www.wikidata.org/entity/Q6865341,8
http://www.wikidata.org/entity/Q6868046,14
http://www.wikidata.org/entity/Q3163359,5
http://www.wikidata.org/entity/Q3177825,4
http://www.wikidata.org/entity/Q3179786,11
http://www.wikidata.org/entity/Q3181943,20
http://www.wikidata.org/entity/Q3191713,11
http://www.wikidata.org/entity/Q3191747,13
http://www.wikidata.org/entity/Q3192617,8
http://www.wikidata.org/entity/Q3192842,10
http://www.wikidata.org/entity/Q3207645,3
http://www.wikidata.org/entity/Q3211884,23
http://www.wikidata.org/entity/Q3217069,9
http://www.wikidata.org/entity/Q3220874,3
http://www.wikidata.org/entity/Q3228974,20
http://www.wikidata.org/entity/Q3231749,10
http://www.wikidata.org/entity/Q3240930,8
http://www.wikidata.org/entity/Q3246270,20
http://www.wikidata.org/entity/Q3247353,4
http://www.wikidata.org/entity/Q3247534,8
http://www.wikidata.org/entity/Q3267742,13
http://www.wikidata.org/entity/Q3274667,12
http://www.wikidata.org/entity/Q3278092,11
http://www.wikidata.org/entity/Q3287249,7
http://www.wikidata.org/entity/Q3291151,13
http://www.wikidata.org/entity/Q3293102,5
http://www.wikidata.org/entity/Q3296134,17
http://www.wikidata.org/entity/Q3296779,12
http://www.wikidata.org/entity/Q3299089,7
http://www.wikidata.org/entity/Q3299373,10
http://www.wikidata.org/entity/Q3303865,7
http://www.wikidata.org/entity/Q3303902,3
http://www.wikidata.org/entity/Q3304143,8
http://www.wikidata.org/entity/Q3305039,16
http://www.wikidata.org/entity/Q3307010,12
http://www.wikidata.org/entity/Q3307225,12
http://www.wikidata.org/entity/Q3310676,5
http://www.wikidata.org/entity/Q3322619,10
http://www.wikidata.org/entity/Q3322869,8
http://www.wikidata.org/entity/Q3325918,19
http://www.wikidata.org/entity/Q3327514,13
http://www.wikidata.org/entity/Q3328577,4
http://www.wikidata.org/entity/Q3328582,5
http://www.wikidata.org/entity/Q3328583,23
http://www.wikidata.org/entity/Q3328590,8
http://www.wikidata.org/entity/Q3328589,5
http://www.wikidata.org/entity/Q3328592,5
http://www.wikidata.org/entity/Q3328593,15
http://www.wikidata.org/entity/Q3328599,16
http://www.wikidata.org/entity/Q3328602,16
http://www.wikidata.org/entity/Q3328603,18
http://www.wikidata.org/entity/Q3328601,8
http://www.wikidata.org/entity/Q3328608,10
http://www.wikidata.org/entity/Q3328618,7
http://www.wikidata.org/entity/Q3328619,6
http://www.wikidata.org/entity/Q3328622,9
http://www.wikidata.org/entity/Q3328652,15
http://www.wikidata.org/entity/Q3328656,11
http://www.wikidata.org/entity/Q3328660,6
http://www.wikidata.org/entity/Q3328668,10
http://www.wikidata.org/entity/Q3328669,6
http://www.wikidata.org/entity/Q3328678,5
http://www.wikidata.org/entity/Q3328676,21
http://www.wikidata.org/entity/Q3328681,8
http://www.wikidata.org/entity/Q3328686,8
http://www.wikidata.org/entity/Q3328687,6
http://www.wikidata.org/entity/Q3328684,13
http://www.wikidata.org/entity/Q3328694,9
http://www.wikidata.org/entity/Q3328692,18
http://www.wikidata.org/entity/Q3328693,11
http://www.wikidata.org/entity/Q3328697,12
http://www.wikidata.org/entity/Q3328702,9
http://www.wikidata.org/entity/Q3328706,5
http://www.wikidata.org/entity/Q3328704,15
http://www.wikidata.org/entity/Q3328710,15
http://www.wikidata.org/entity/Q3328711,7
http://www.wikidata.org/entity/Q3328714,9
http://www.wikidata.org/entity/Q3328715,17
http://www.wikidata.org/entity/Q3328720,3
http://www.wikidata.org/entity/Q3328727,16
http://www.wikidata.org/entity/Q3328730,10
http://www.wikidata.org/entity/Q3328728,13
http://www.wikidata.org/entity/Q3328734,11
http://www.wikidata.org/entity/Q3328735,16
http://www.wikidata.org/entity/Q3328732,14
http://www.wikidata.org/entity/Q3328738,14
http://www.wikidata.org/entity/Q3328739,15
http://www.wikidata.org/entity/Q3328743,12
http://www.wikidata.org/entity/Q3328740,19
http://www.wikidata.org/entity/Q3328745,7
http://www.wikidata.org/entity/Q3328755,7
http://www.wikidata.org/entity/Q3328758,12
http://www.wikidata.org/entity/Q3328756,8
http://www.wikidata.org/entity/Q3328757,6
http://www.wikidata.org/entity/Q3328762,5
http://www.wikidata.org/entity/Q3328763,9
http://www.wikidata.org/entity/Q3328761,7
http://www.wikidata.org/entity/Q3328766,11
http://www.wikidata.org/entity/Q3328764,20
http://www.wikidata.org/entity/Q3328770,12
http://www.wikidata.org/entity/Q3328768,13
http://www.wikidata.org/entity/Q3328772,15
http://www.wikidata.org/entity/Q930995,11
http://www.wikidata.org/entity/Q932477,11
http://www.wikidata.org/entity/Q932977,12
http://www.wikidata.org/entity/Q935086,11
http://www.wikidata.org/entity/Q935586,18
http://www.wikidata.org/entity/Q936552,10
http://www.wikidata.org/entity/Q936573,16
http://www.wikidata.org/entity/Q936942,8
http://www.wikidata.org/entity/Q940462,33
http://www.wikidata.org/entity/Q942955,28
http://www.wikidata.org/entity/Q944465,40
http://www.wikidata.org/entity/Q944800,29
http://www.wikidata.org/entity/Q947155,17
http://www.wikidata.org/entity/Q949369,10
http://www.wikidata.org/entity/Q952404,9
http://www.wikidata.org/entity/Q956717,21
http://www.wikidata.org/entity/Q956883,29
http://www.wikidata.org/entity/Q956925,13
http://www.wikidata.org/entity/Q958982,19
http://www.wikidata.org/entity/Q959583,38
http://www.wikidata.org/entity/Q960867,7
http://www.wikidata.org/entity/Q961146,9
http://www.wikidata.org/entity/Q963061,30
http://www.wikidata.org/entity/Q963369,5
http://www.wikidata.org/entity/Q964658,13
http://www.wikidata.org/entity/Q964987,21
http://www.wikidata.org/entity/Q965635,17
http://www.wikidata.org/entity/Q965834,20
http://www.wikidata.org/entity/Q966438,3
http://www.wikidata.org/entity/Q966564,17
http://www.wikidata.org/entity/Q967167,3
http://www.wikidata.org/entity/Q967654,14
http://www.wikidata.org/entity/Q968018,10
http://www.wikidata.org/entity/Q968165,7
http://www.wikidata.org/entity/Q968730,13
http://www.wikidata.org/entity/Q969663,17
http://www.wikidata.org/entity/Q970409,11
http://www.wikidata.org/entity/Q972424,20
http://www.wikidata.org/entity/Q972634,18
http://www.wikidata.org/entity/Q973150,16
http://www.wikidata.org/entity/Q976802,17
http://www.wikidata.org/entity/Q985039,8
http://www.wikidata.org/entity/Q985135,12
http://www.wikidata.org/entity/Q988502,15
http://www.wikidata.org/entity/Q989478,7
http://www.wikidata.org/entity/Q997481,12
http://www.wikidata.org/entity/Q1003981,13
http://www.wikidata.org/entity/Q1014887,5
http://www.wikidata.org/entity/Q1016608,9
http://www.wikidata.org/entity/Q1020611,6
http://www.wikidata.org/entity/Q1024999,13
http://www.wikidata.org/entity/Q1026089,35
http://www.wikidata.org/entity/Q1026113,25
http://www.wikidata.org/entity/Q1027114,12
http://www.wikidata.org/entity/Q1027999,9
http://www.wikidata.org/entity/Q1033032,6
http://www.wikidata.org/entity/Q1033073,25
http://www.wikidata.org/entity/Q1033810,14
http://www.wikidata.org/entity/Q1033813,5
http://www.wikidata.org/entity/Q1033831,28
http://www.wikidata.org/entity/Q1033912,10
http://www.wikidata.org/entity/Q1034045,22
http://www.wikidata.org/entity/Q1034231,6
http://www.wikidata.org/entity/Q1036183,22
http://www.wikidata.org/entity/Q1036888,4
http://www.wikidata.org/entity/Q1037693,8
http://www.wikidata.org/entity/Q1045541,16
http://www.wikidata.org/entity/Q1045756,38
http://www.wikidata.org/entity/Q1046768,25
http://www.wikidata.org/entity/Q1046801,22
http://www.wikidata.org/entity/Q1046838,10
http://www.wikidata.org/entity/Q1046920,10
http://www.wikidata.org/entity/Q1048249,12
http://www.wikidata.org/entity/Q1048469,21
http://www.wikidata.org/entity/Q1049625,48
http://www.wikidata.org/entity/Q1051575,13
http://www.wikidata.org/entity/Q1051735,26
http://www.wikidata.org/entity/Q1051843,12
http://www.wikidata.org/entity/Q1051952,1
http://www.wikidata.org/entity/Q1054490,3
http://www.wikidata.org/entity/Q1055871,19
http://www.wikidata.org/entity/Q1060475,22
http://www.wikidata.org/entity/Q1061165,12
http://www.wikidata.org/entity/Q1062199,11
http://www.wikidata.org/entity/Q1062328,13
http://www.wikidata.org/entity/Q1062400,44
http://www.wikidata.org/entity/Q1062702,26
http://www.wikidata.org/entity/Q1063010,15
http://www.wikidata.org/entity/Q1064810,13
http://www.wikidata.org/entity/Q1065742,54
http://www.wikidata.org/entity/Q1067089,35
http://www.wikidata.org/entity/Q1071244,5
http://www.wikidata.org/entity/Q1071834,15
http://www.wikidata.org/entity/Q1071873,21
http://www.wikidata.org/entity/Q1071961,12
http://www.wikidata.org/entity/Q1074080,33
http://www.wikidata.org/entity/Q1074569,11
http://www.wikidata.org/entity/Q1075338,16
http://www.wikidata.org/entity/Q1075799,17
http://www.wikidata.org/entity/Q1076092,15
http://www.wikidata.org/entity/Q7417910,3
http://www.wikidata.org/entity/Q7418014,8
http://www.wikidata.org/entity/Q7420501,5
http://www.wikidata.org/entity/Q7424751,2
http://www.wikidata.org/entity/Q7425759,7
http://www.wikidata.org/entity/Q7426239,3
http://www.wikidata.org/entity/Q7438078,6
http://www.wikidata.org/entity/Q7438911,5
http://www.wikidata.org/entity/Q7439349,8
http://www.wikidata.org/entity/Q7444764,5
http://www.wikidata.org/entity/Q7446911,2
http://www.wikidata.org/entity/Q7450478,8
http://www.wikidata.org/entity/Q7452955,6
http://www.wikidata.org/entity/Q7456197,3
http://www.wikidata.org/entity/Q7482056,25
http://www.wikidata.org/entity/Q7487815,8
http://www.wikidata.org/entity/Q7489094,4
http://www.wikidata.org/entity/Q7496127,8
http://www.wikidata.org/entity/Q7497655,6
http://www.wikidata.org/entity/Q7500354,5
http://www.wikidata.org/entity/Q7505953,5
http://www.wikidata.org/entity/Q7513991,8
http://www.wikidata.org/entity/Q7522213,9
http://www.wikidata.org/entity/Q7523217,5
http://www.wikidata.org/entity/Q7525526,3
http://www.wikidata.org/entity/Q7535166,7
http://www.wikidata.org/entity/Q7541571,10
http://www.wikidata.org/entity/Q7541786,8
http://www.wikidata.org/entity/Q7541854,8
http://www.wikidata.org/entity/Q7542391,5
http://www.wikidata.org/entity/Q7555120,5
http://www.wikidata.org/entity/Q7560584,9
http://www.wikidata.org/entity/Q7560585,4
http://www.wikidata.org/entity/Q7560612,7
http://www.wikidata.org/entity/Q7561194,4
http://www.wikidata.org/entity/Q7561291,4
http://www.wikidata.org/entity/Q7565243,8
http://www.wikidata.org/entity/Q7565881,9
http://www.wikidata.org/entity/Q7570655,4
http://www.wikidata.org/entity/Q7572179,3
http://www.wikidata.org/entity/Q7573316,3
http://www.wikidata.org/entity/Q7573410,9
http://www.wikidata.org/entity/Q7580152,8
http://www.wikidata.org/entity/Q7602145,6
http://www.wikidata.org/entity/Q7616089,2
http://www.wikidata.org/entity/Q7624424,5
http://www.wikidata.org/entity/Q7634691,6
http://www.wikidata.org/entity/Q7636849,8
http://www.wikidata.org/entity/Q7650647,6
http://www.wikidata.org/entity/Q7654105,6
http://www.wikidata.org/entity/Q7654953,11
http://www.wikidata.org/entity/Q7655004,9
http://www.wikidata.org/entity/Q7663198,6
http://www.wikidata.org/entity/Q7663254,7
http://www.wikidata.org/entity/Q7663873,2
http://www.wikidata.org/entity/Q7667734,5
http://www.wikidata.org/entity/Q7672468,6
http://www.wikidata.org/entity/Q7675233,4
http://www.wikidata.org/entity/Q7676613,8
http://www.wikidata.org/entity/Q7676623,7
http://www.wikidata.org/entity/Q7676784,5
http://www.wikidata.org/entity/Q7679165,12
http://www.wikidata.org/entity/Q7681054,8
http://www.wikidata.org/entity/Q7681407,3
http://www.wikidata.org/entity/Q7684171,9
http://www.wikidata.org/entity/Q7684951,4
http://www.wikidata.org/entity/Q7687882,4
http://www.wikidata.org/entity/Q7690640,4
http://www.wikidata.org/entity/Q7692752,5
http://www.wikidata.org/entity/Q7694469,5
http://www.wikidata.org/entity/Q7697089,4
http://www.wikidata.org/entity/Q7701003,6
http://www.wikidata.org/entity/Q7707946,3
http://www.wikidata.org/entity/Q7724724,4
http://www.wikidata.org/entity/Q7770873,19
http://www.wikidata.org/entity/Q7774408,19
http://www.wikidata.org/entity/Q7777494,20
http://www.wikidata.org/entity/Q7800608,10
http://www.wikidata.org/entity/Q7801106,8
http://www.wikidata.org/entity/Q7810544,5
http://www.wikidata.org/entity/Q7832290,7
http://www.wikidata.org/entity/Q7832297,10
http://www.wikidata.org/entity/Q7832302,6
http://www.wikidata.org/entity/Q7832321,14
http://www.wikidata.org/entity/Q7832354,7
http://www.wikidata.org/entity/Q7844612,9
http://www.wikidata.org/entity/Q7845403,5
http://www.wikidata.org/entity/Q7847070,5
http://www.wikidata.org/entity/Q7847156,10
http://www.wikidata.org/entity/Q7849239,4
http://www.wikidata.org/entity/Q7849348,3
http://www.wikidata.org/entity/Q7855391,13
http://www.wikidata.org/entity/Q7858125,7
http://www.wikidata.org/entity/Q7878542,7
http://www.wikidata.org/entity/Q7883674,4
http://www.wikidata.org/entity/Q7899987,3
http://www.wikidata.org/entity/Q7901502,4
http://www.wikidata.org/entity/Q7901509,9
http://www.wikidata.org/entity/Q7911938,3
http://www.wikidata.org/entity/Q7912528,2
http://www.wikidata.org/entity/Q20627595,13
http://www.wikidata.org/entity/Q20631510,2
http://www.wikidata.org/entity/Q20656222,7
http://www.wikidata.org/entity/Q20715191,8
http://www.wikidata.org/entity/Q20716146,8
http://www.wikidata.org/entity/Q20722785,3
http://www.wikidata.org/entity/Q20726225,3
http://www.wikidata.org/entity/Q20819985,6
http://www.wikidata.org/entity/Q20820817,5
http://www.wikidata.org/entity/Q20825943,7
http://www.wikidata.org/entity/Q21000514,6
http://www.wikidata.org/entity/Q21003309,3
http://www.wikidata.org/entity/Q21006606,10
http://www.wikidata.org/entity/Q21028652,3
http://www.wikidata.org/entity/Q21059341,7
http://www.wikidata.org/entity/Q21064844,6
http://www.wikidata.org/entity/Q21074462,4
http://www.wikidata.org/entity/Q21234489,7
http://www.wikidata.org/entity/Q21260785,4
http://www.wikidata.org/entity/Q21261423,3
http://www.wikidata.org/entity/Q21327441,8
http://www.wikidata.org/entity/Q21400499,5
http://www.wikidata.org/entity/Q21427856,5
http://www.wikidata.org/entity/Q21427887,8
http://www.wikidata.org/entity/Q21480567,4
http://www.wikidata.org/entity/Q21503497,6
http://www.wikidata.org/entity/Q21620487,2
http://www.wikidata.org/entity/Q21653344,26
http://www.wikidata.org/entity/Q21654728,5
http://www.wikidata.org/entity/Q21662779,11
http://www.wikidata.org/entity/Q21684437,26
http://www.wikidata.org/entity/Q21713208,9
http://www.wikidata.org/entity/Q21848887,7
http://www.wikidata.org/entity/Q21856748,3
http://www.wikidata.org/entity/Q21971297,10
http://www.wikidata.org/entity/Q21997160,6
http://www.wikidata.org/entity/Q21998394,5
http://www.wikidata.org/entity/Q21998559,11
http://www.wikidata.org/entity/Q21998637,8
http://www.wikidata.org/entity/Q22110347,3
http://www.wikidata.org/entity/Q22114540,3
http://www.wikidata.org/entity/Q22115031,3
http://www.wikidata.org/entity/Q22908051,3
http://www.wikidata.org/entity/Q22908082,5
http://www.wikidata.org/entity/Q22908553,14
http://www.wikidata.org/entity/Q22909461,4
http://www.wikidata.org/entity/Q22947471,4
http://www.wikidata.org/entity/Q22948243,5
http://www.wikidata.org/entity/Q22949256,8
http://www.wikidata.org/entity/Q22964975,7
http://www.wikidata.org/entity/Q22991878,13
http://www.wikidata.org/entity/Q23019151,10
http://www.wikidata.org/entity/Q23072366,3
http://www.wikidata.org/entity/Q23072435,25
http://www.wikidata.org/entity/Q23301960,6
http://www.wikidata.org/entity/Q23499405,3
http://www.wikidata.org/entity/Q23637018,6
http://www.wikidata.org/entity/Q23687321,6
http://www.wikidata.org/entity/Q23710206,2
http://www.wikidata.org/entity/Q23808076,5
http://www.wikidata.org/entity/Q23808313,4
http://www.wikidata.org/entity/Q23817363,8
http://www.wikidata.org/entity/Q23834771,9
http://www.wikidata.org/entity/Q23925185,7
http://www.wikidata.org/entity/Q24061928,3
http://www.wikidata.org/entity/Q24077837,6
http://www.wikidata.org/entity/Q24189851,6
http://www.wikidata.org/entity/Q24204889,4
http://www.wikidata.org/entity/Q24256758,7
http://www.wikidata.org/entity/Q24840943,7
http://www.wikidata.org/entity/Q24876318,7
http://www.wikidata.org/entity/Q24885387,8
http://www.wikidata.org/entity/Q24887126,10
http://www.wikidata.org/entity/Q24905903,10
http://www.wikidata.org/entity/Q24910123,5
http://www.wikidata.org/entity/Q24935256,11
http://www.wikidata.org/entity/Q24938169,4
http://www.wikidata.org/entity/Q24941533,2
http://www.wikidata.org/entity/Q24943969,7
http://www.wikidata.org/entity/Q25001356,7
http://www.wikidata.org/entity/Q25040706,7
http://www.wikidata.org/entity/Q25040715,5
http://www.wikidata.org/entity/Q25040713,5
http://www.wikidata.org/entity/Q25047660,12
http://www.wikidata.org/entity/Q25091767,4
http://www.wikidata.org/entity/Q25092815,3
http://www.wikidata.org/entity/Q25093633,10
http://www.wikidata.org/entity/Q25094591,9
http://www.wikidata.org/entity/Q25094849,10
http://www.wikidata.org/entity/Q25099472,6
http://www.wikidata.org/entity/Q25099691,9
http://www.wikidata.org/entity/Q25099840,23
http://www.wikidata.org/entity/Q25101770,7
http://www.wikidata.org/entity/Q25110142,7
http://www.wikidata.org/entity/Q25110284,6
http://www.wikidata.org/entity/Q25113117,4
http://www.wikidata.org/entity/Q25204037,3
http://www.wikidata.org/entity/Q25230739,11
http://www.wikidata.org/entity/Q25312759,4
http://www.wikidata.org/entity/Q25313225,7
http://www.wikidata.org/entity/Q3328774,45
http://www.wikidata.org/entity/Q3328778,32
http://www.wikidata.org/entity/Q3328779,2
http://www.wikidata.org/entity/Q3328781,5
http://www.wikidata.org/entity/Q3328786,13
http://www.wikidata.org/entity/Q3328789,10
http://www.wikidata.org/entity/Q3328797,5
http://www.wikidata.org/entity/Q3333303,16
http://www.wikidata.org/entity/Q3334664,6
http://www.wikidata.org/entity/Q3337088,3
http://www.wikidata.org/entity/Q3337361,6
http://www.wikidata.org/entity/Q3337494,9
http://www.wikidata.org/entity/Q3345214,3
http://www.wikidata.org/entity/Q3345491,23
http://www.wikidata.org/entity/Q3346909,8
http://www.wikidata.org/entity/Q3347022,7
http://www.wikidata.org/entity/Q3347093,4
http://www.wikidata.org/entity/Q3347279,10
http://www.wikidata.org/entity/Q3349675,13
http://www.wikidata.org/entity/Q3349878,4
http://www.wikidata.org/entity/Q3349990,15
http://www.wikidata.org/entity/Q3357584,7
http://www.wikidata.org/entity/Q3360459,16
http://www.wikidata.org/entity/Q3365745,7
http://www.wikidata.org/entity/Q3375178,2
http://www.wikidata.org/entity/Q3388814,8
http://www.wikidata.org/entity/Q3389124,9
http://www.wikidata.org/entity/Q3391334,8
http://www.wikidata.org/entity/Q3392209,8
http://www.wikidata.org/entity/Q3394533,3
http://www.wikidata.org/entity/Q3394906,16
http://www.wikidata.org/entity/Q3395292,6
http://www.wikidata.org/entity/Q3397325,27
http://www.wikidata.org/entity/Q3397882,13
http://www.wikidata.org/entity/Q3398980,4
http://www.wikidata.org/entity/Q3401087,7
http://www.wikidata.org/entity/Q3408028,8
http://www.wikidata.org/entity/Q3408409,9
http://www.wikidata.org/entity/Q3410854,9
http://www.wikidata.org/entity/Q3410876,9
http://www.wikidata.org/entity/Q3410882,12
http://www.wikidata.org/entity/Q3413969,6
http://www.wikidata.org/entity/Q3415943,7
http://www.wikidata.org/entity/Q3417531,6
http://www.wikidata.org/entity/Q3419347,8
http://www.wikidata.org/entity/Q3419345,8
http://www.wikidata.org/entity/Q3419350,8
http://www.wikidata.org/entity/Q3419744,17
http://www.wikidata.org/entity/Q3421402,6
http://www.wikidata.org/entity/Q3422697,9
http://www.wikidata.org/entity/Q3422966,15
http://www.wikidata.org/entity/Q3437798,7
http://www.wikidata.org/entity/Q3437802,10
http://www.wikidata.org/entity/Q3437814,7
http://www.wikidata.org/entity/Q3437819,7
http://www.wikidata.org/entity/Q3437817,8
http://www.wikidata.org/entity/Q3437823,11
http://www.wikidata.org/entity/Q3437821,8
http://www.wikidata.org/entity/Q3437826,6
http://www.wikidata.org/entity/Q3437827,7
http://www.wikidata.org/entity/Q3437825,3
http://www.wikidata.org/entity/Q3437834,5
http://www.wikidata.org/entity/Q3437832,8
http://www.wikidata.org/entity/Q3437842,8
http://www.wikidata.org/entity/Q3437841,12
http://www.wikidata.org/entity/Q3437846,8
http://www.wikidata.org/entity/Q3437850,6
http://www.wikidata.org/entity/Q3437854,6
http://www.wikidata.org/entity/Q3437855,8
http://www.wikidata.org/entity/Q3437852,7
http://www.wikidata.org/entity/Q3437856,6
http://www.wikidata.org/entity/Q3437862,7
http://www.wikidata.org/entity/Q3437861,11
http://www.wikidata.org/entity/Q3437867,8
http://www.wikidata.org/entity/Q3437864,6
http://www.wikidata.org/entity/Q3437868,5
http://www.wikidata.org/entity/Q3437873,8
http://www.wikidata.org/entity/Q3437879,7
http://www.wikidata.org/entity/Q3437876,8
http://www.wikidata.org/entity/Q3437882,6
http://www.wikidata.org/entity/Q3437891,6
http://www.wikidata.org/entity/Q3446440,6
http://www.wikidata.org/entity/Q3453150,20
http://www.wikidata.org/entity/Q3470213,2
http://www.wikidata.org/entity/Q3470607,3
http://www.wikidata.org/entity/Q3470688,11
http://www.wikidata.org/entity/Q3470692,8
http://www.wikidata.org/entity/Q3474944,3
http://www.wikidata.org/entity/Q3476584,8
http://www.wikidata.org/entity/Q3476798,12
http://www.wikidata.org/entity/Q3477737,11
http://www.wikidata.org/entity/Q3482281,12
http://www.wikidata.org/entity/Q3486097,4
http://www.wikidata.org/entity/Q3486495,5
http://www.wikidata.org/entity/Q3487087,4
http://www.wikidata.org/entity/Q3487358,8
http://www.wikidata.org/entity/Q3492946,7
http://www.wikidata.org/entity/Q3492949,3
http://www.wikidata.org/entity/Q3495144,6
http://www.wikidata.org/entity/Q3500284,3
http://www.wikidata.org/entity/Q25339674,11
http://www.wikidata.org/entity/Q25339858,6
http://www.wikidata.org/entity/Q25345818,11
http://www.wikidata.org/entity/Q25386691,4
http://www.wikidata.org/entity/Q25387735,7
http://www.wikidata.org/entity/Q25389065,4
http://www.wikidata.org/entity/Q25389262,8
http://www.wikidata.org/entity/Q25393943,3
http://www.wikidata.org/entity/Q25396338,2
http://www.wikidata.org/entity/Q25400286,7
http://www.wikidata.org/entity/Q25407483,2
http://www.wikidata.org/entity/Q25407651,4
http://www.wikidata.org/entity/Q25408203,3
http://www.wikidata.org/entity/Q25413973,4
http://www.wikidata.org/entity/Q25415942,5
http://www.wikidata.org/entity/Q25419286,7
http://www.wikidata.org/entity/Q25419750,2
http://www.wikidata.org/entity/Q25419984,6
http://www.wikidata.org/entity/Q25436215,9
http://www.wikidata.org/entity/Q25448187,6
http://www.wikidata.org/entity/Q25448883,11
http://www.wikidata.org/entity/Q25456501,6
http://www.wikidata.org/entity/Q25458248,10
http://www.wikidata.org/entity/Q25483671,6
http://www.wikidata.org/entity/Q25504971,1
http://www.wikidata.org/entity/Q25513043,7
http://www.wikidata.org/entity/Q25519933,3
http://www.wikidata.org/entity/Q25531130,2
http://www.wikidata.org/entity/Q25537138,4
http://www.wikidata.org/entity/Q25539725,3
http://www.wikidata.org/entity/Q25540245,6
http://www.wikidata.org/entity/Q25551410,4
http://www.wikidata.org/entity/Q25554481,14
http://www.wikidata.org/entity/Q25573027,3
http://www.wikidata.org/entity/Q25578673,2
http://www.wikidata.org/entity/Q25579315,3
http://www.wikidata.org/entity/Q25611806,2
http://www.wikidata.org/entity/Q25616123,4
http://www.wikidata.org/entity/Q25619728,4
http://www.wikidata.org/entity/Q25620807,11
http://www.wikidata.org/entity/Q25624527,3
http://www.wikidata.org/entity/Q25629962,5
http://www.wikidata.org/entity/Q25683514,5
http://www.wikidata.org/entity/Q25702306,4
http://www.wikidata.org/entity/Q25702508,5
http://www.wikidata.org/entity/Q25705473,4
http://www.wikidata.org/entity/Q25705835,5
http://www.wikidata.org/entity/Q26234147,8
http://www.wikidata.org/entity/Q26280189,4
http://www.wikidata.org/entity/Q26302245,18
http://www.wikidata.org/entity/Q26897135,17
http://www.wikidata.org/entity/Q26906566,11
http://www.wikidata.org/entity/Q27103155,4
http://www.wikidata.org/entity/Q27345019,8
http://www.wikidata.org/entity/Q27961199,5
http://www.wikidata.org/entity/Q27973183,4
http://www.wikidata.org/entity/Q28017865,3
http://www.wikidata.org/entity/Q28039559,9
http://www.wikidata.org/entity/Q28055053,13
http://www.wikidata.org/entity/Q28070612,7
http://www.wikidata.org/entity/Q28102012,4
http://www.wikidata.org/entity/Q28129954,9
http://www.wikidata.org/entity/Q28134285,4
http://www.wikidata.org/entity/Q28135297,12
http://www.wikidata.org/entity/Q28146601,7
http://www.wikidata.org/entity/Q28147473,2
http://www.wikidata.org/entity/Q28154356,13
http://www.wikidata.org/entity/Q28163991,8
http://www.wikidata.org/entity/Q28196971,4
http://www.wikidata.org/entity/Q28206879,8
http://www.wikidata.org/entity/Q28219760,6
http://www.wikidata.org/entity/Q28219803,3
http://www.wikidata.org/entity/Q28223137,5
http://www.wikidata.org/entity/Q28223150,17
http://www.wikidata.org/entity/Q28328303,5
http://www.wikidata.org/entity/Q28342195,8
http://www.wikidata.org/entity/Q28371127,1
http://www.wikidata.org/entity/Q28401124,12
http://www.wikidata.org/entity/Q28401204,8
http://www.wikidata.org/entity/Q28444186,3
http://www.wikidata.org/entity/Q28453837,7
http://www.wikidata.org/entity/Q28458027,9
http://www.wikidata.org/entity/Q28490034,7
http://www.wikidata.org/entity/Q28494769,12
http://www.wikidata.org/entity/Q28501777,4
http://www.wikidata.org/entity/Q28502375,5
http://www.wikidata.org/entity/Q28502454,7
http://www.wikidata.org/entity/Q28517114,5
http://www.wikidata.org/entity/Q28666781,6
http://www.wikidata.org/entity/Q28666961,5
http://www.wikidata.org/entity/Q28668626,4
http://www.wikidata.org/entity/Q28721502,4
http://www.wikidata.org/entity/Q28746819,13
http://www.wikidata.org/entity/Q28923934,3
http://www.wikidata.org/entity/Q28949059,10
http://www.wikidata.org/entity/Q29025044,5
http://www.wikidata.org/entity/Q29068175,5
http://www.wikidata.org/entity/Q29252685,13
http://www.wikidata.org/entity/Q29425426,5
http://www.wikidata.org/entity/Q29480448,11
http://www.wikidata.org/entity/Q7915876,12
http://www.wikidata.org/entity/Q7919872,8
http://www.wikidata.org/entity/Q7919873,8
http://www.wikidata.org/entity/Q7920719,1
http://www.wikidata.org/entity/Q7922659,5
http://www.wikidata.org/entity/Q7928923,5
http://www.wikidata.org/entity/Q7935998,5
http://www.wikidata.org/entity/Q7939193,5
http://www.wikidata.org/entity/Q7967858,7
http://www.wikidata.org/entity/Q7972788,8
http://www.wikidata.org/entity/Q7975176,8
http://www.wikidata.org/entity/Q7982016,2
http://www.wikidata.org/entity/Q7983231,7
http://www.wikidata.org/entity/Q7987058,3
http://www.wikidata.org/entity/Q7988543,4
http://www.wikidata.org/entity/Q8011200,7
http://www.wikidata.org/entity/Q8011523,16
http://www.wikidata.org/entity/Q8030395,5
http://www.wikidata.org/entity/Q8031215,13
http://www.wikidata.org/entity/Q8032087,6
http://www.wikidata.org/entity/Q8043468,7
http://www.wikidata.org/entity/Q8044009,7
http://www.wikidata.org/entity/Q8044658,5
http://www.wikidata.org/entity/Q8044676,10
http://www.wikidata.org/entity/Q8049166,4
http://www.wikidata.org/entity/Q8052472,5
http://www.wikidata.org/entity/Q8054113,4
http://www.wikidata.org/entity/Q8059887,6
http://www.wikidata.org/entity/Q8061059,5
http://www.wikidata.org/entity/Q8062662,8
http://www.wikidata.org/entity/Q8072085,8
http://www.wikidata.org/entity/Q8072348,4
http://www.wikidata.org/entity/Q8074508,4
http://www.wikidata.org/entity/Q8074593,7
http://www.wikidata.org/entity/Q8074636,4
http://www.wikidata.org/entity/Q8083433,4
http://www.wikidata.org/entity/Q8192992,6
http://www.wikidata.org/entity/Q8195422,3
http://www.wikidata.org/entity/Q8197165,7
http://www.wikidata.org/entity/Q8210150,6
http://www.wikidata.org/entity/Q8251828,13
http://www.wikidata.org/entity/Q8261759,10
http://www.wikidata.org/entity/Q8345377,7
http://www.wikidata.org/entity/Q8347620,5
http://www.wikidata.org/entity/Q8457821,5
http://www.wikidata.org/entity/Q8560269,11
http://www.wikidata.org/entity/Q8564213,8
http://www.wikidata.org/entity/Q8701407,27
http://www.wikidata.org/entity/Q8770312,9
http://www.wikidata.org/entity/Q8774180,6
http://www.wikidata.org/entity/Q8812109,36
http://www.wikidata.org/entity/Q8964779,6
http://www.wikidata.org/entity/Q9009342,9
http://www.wikidata.org/entity/Q9011351,10
http://www.wikidata.org/entity/Q9014988,12
http://www.wikidata.org/entity/Q9016350,8
http://www.wikidata.org/entity/Q9016941,8
http://www.wikidata.org/entity/Q9030802,6
http://www.wikidata.org/entity/Q9031318,6
http://www.wikidata.org/entity/Q9031739,6
http://www.wikidata.org/entity/Q9034560,7
http://www.wikidata.org/entity/Q9034625,4
http://www.wikidata.org/entity/Q9035285,2
http://www.wikidata.org/entity/Q9035712,8
http://www.wikidata.org/entity/Q9048257,10
http://www.wikidata.org/entity/Q9048261,8
http://www.wikidata.org/entity/Q9048265,9
http://www.wikidata.org/entity/Q9049284,13
http://www.wikidata.org/entity/Q9050551,7
http://www.wikidata.org/entity/Q9051042,7
http://www.wikidata.org/entity/Q9051097,9
http://www.wikidata.org/entity/Q9051102,7
http://www.wikidata.org/entity/Q9067503,5
http://www.wikidata.org/entity/Q9067501,6
http://www.wikidata.org/entity/Q9070133,4
http://www.wikidata.org/entity/Q9078960,13
http://www.wikidata.org/entity/Q9079141,3
http://www.wikidata.org/entity/Q9081689,3
http://www.wikidata.org/entity/Q9081761,4
http://www.wikidata.org/entity/Q9089200,10
http://www.wikidata.org/entity/Q9095433,8
http://www.wikidata.org/entity/Q9148579,5
http://www.wikidata.org/entity/Q9149798,4
http://www.wikidata.org/entity/Q9149801,10
http://www.wikidata.org/entity/Q9162904,8
http://www.wikidata.org/entity/Q9184398,7
http://www.wikidata.org/entity/Q9184396,6
http://www.wikidata.org/entity/Q9190324,6
http://www.wikidata.org/entity/Q9196467,5
http://www.wikidata.org/entity/Q9253748,5
http://www.wikidata.org/entity/Q9260728,3
http://www.wikidata.org/entity/Q9261178,5
http://www.wikidata.org/entity/Q9266272,8
http://www.wikidata.org/entity/Q9298306,4
http://www.wikidata.org/entity/Q9300201,24
http://www.wikidata.org/entity/Q9300624,6
http://www.wikidata.org/entity/Q9302696,5
http://www.wikidata.org/entity/Q9332634,2
http://www.wikidata.org/entity/Q9334632,3
http://www.wikidata.org/entity/Q9347545,2
http://www.wikidata.org/entity/Q1076513,46
http://www.wikidata.org/entity/Q1076539,25
http://www.wikidata.org/entity/Q1077172,10
http://www.wikidata.org/entity/Q1077388,12
http://www.wikidata.org/entity/Q1078010,9
http://www.wikidata.org/entity/Q1079270,39
http://www.wikidata.org/entity/Q1089050,10
http://www.wikidata.org/entity/Q1090048,17
http://www.wikidata.org/entity/Q1091056,10
http://www.wikidata.org/entity/Q1091450,9
http://www.wikidata.org/entity/Q1091536,16
http://www.wikidata.org/entity/Q1092553,11
http://www.wikidata.org/entity/Q1092788,3
http://www.wikidata.org/entity/Q1092837,12
http://www.wikidata.org/entity/Q1092924,18
http://www.wikidata.org/entity/Q1093232,15
http://www.wikidata.org/entity/Q1100989,24
http://www.wikidata.org/entity/Q1102161,27
http://www.wikidata.org/entity/Q1102871,4
http://www.wikidata.org/entity/Q1103669,8
http://www.wikidata.org/entity/Q1109497,12
http://www.wikidata.org/entity/Q1109947,9
http://www.wikidata.org/entity/Q1113204,16
http://www.wikidata.org/entity/Q1121111,27
http://www.wikidata.org/entity/Q1123037,61
http://www.wikidata.org/entity/Q1123381,18
http://www.wikidata.org/entity/Q1123734,2
http://www.wikidata.org/entity/Q1123745,11
http://www.wikidata.org/entity/Q1123763,3
http://www.wikidata.org/entity/Q1125657,18
http://www.wikidata.org/entity/Q1125678,10
http://www.wikidata.org/entity/Q1127157,3
http://www.wikidata.org/entity/Q1127530,14
http://www.wikidata.org/entity/Q1127539,31
http://www.wikidata.org/entity/Q1127578,5
http://www.wikidata.org/entity/Q1129422,37
http://www.wikidata.org/entity/Q1130969,41
http://www.wikidata.org/entity/Q1131855,17
http://www.wikidata.org/entity/Q1132152,21
http://www.wikidata.org/entity/Q1132929,11
http://www.wikidata.org/entity/Q1133657,15
http://www.wikidata.org/entity/Q1134562,18
http://www.wikidata.org/entity/Q1136047,10
http://www.wikidata.org/entity/Q1136045,9
http://www.wikidata.org/entity/Q1136331,24
http://www.wikidata.org/entity/Q1136765,12
http://www.wikidata.org/entity/Q1136846,21
http://www.wikidata.org/entity/Q1137588,7
http://www.wikidata.org/entity/Q1139136,14
http://www.wikidata.org/entity/Q1139787,16
http://www.wikidata.org/entity/Q1140291,11
http://www.wikidata.org/entity/Q1141081,23
http://www.wikidata.org/entity/Q1141686,14
http://www.wikidata.org/entity/Q1143743,3
http://www.wikidata.org/entity/Q1143741,17
http://www.wikidata.org/entity/Q1143744,8
http://www.wikidata.org/entity/Q1143752,12
http://www.wikidata.org/entity/Q1145867,8
http://www.wikidata.org/entity/Q1147692,11
http://www.wikidata.org/entity/Q1147752,29
http://www.wikidata.org/entity/Q1151259,21
http://www.wikidata.org/entity/Q1151260,11
http://www.wikidata.org/entity/Q1151663,24
http://www.wikidata.org/entity/Q1154911,13
http://www.wikidata.org/entity/Q1156570,24
http://www.wikidata.org/entity/Q1156957,13
http://www.wikidata.org/entity/Q1157018,5
http://www.wikidata.org/entity/Q1159539,39
http://www.wikidata.org/entity/Q1162461,9
http://www.wikidata.org/entity/Q1162475,5
http://www.wikidata.org/entity/Q1162954,17
http://www.wikidata.org/entity/Q1164252,18
http://www.wikidata.org/entity/Q1165358,15
http://www.wikidata.org/entity/Q1165777,22
http://www.wikidata.org/entity/Q1166158,11
http://www.wikidata.org/entity/Q1166197,11
http://www.wikidata.org/entity/Q1166218,6
http://www.wikidata.org/entity/Q1166321,13
http://www.wikidata.org/entity/Q1166726,28
http://www.wikidata.org/entity/Q1181308,12
http://www.wikidata.org/entity/Q1182371,8
http://www.wikidata.org/entity/Q1185390,16
http://www.wikidata.org/entity/Q1187080,7
http://www.wikidata.org/entity/Q1188882,12
http://www.wikidata.org/entity/Q1190485,14
http://www.wikidata.org/entity/Q1190565,20
http://www.wikidata.org/entity/Q1191299,9
http://www.wikidata.org/entity/Q1191544,23
http://www.wikidata.org/entity/Q1191923,3
http://www.wikidata.org/entity/Q1192110,19
http://www.wikidata.org/entity/Q1193421,17
http://www.wikidata.org/entity/Q1193470,27
http://www.wikidata.org/entity/Q1195253,34
http://www.wikidata.org/entity/Q1195630,20
http://www.wikidata.org/entity/Q1196752,17
http://www.wikidata.org/entity/Q1202208,34
http://www.wikidata.org/entity/Q1202801,20
http://www.wikidata.org/entity/Q1205368,4
http://www.wikidata.org/entity/Q1206090,10
http://www.wikidata.org/entity/Q1206160,8
http://www.wikidata.org/entity/Q29652773,19
http://www.wikidata.org/entity/Q29973057,18
http://www.wikidata.org/entity/Q30324607,9
http://www.wikidata.org/entity/Q30587620,5
http://www.wikidata.org/entity/Q30587784,6
http://www.wikidata.org/entity/Q30593639,6
http://www.wikidata.org/entity/Q30594541,10
http://www.wikidata.org/entity/Q30632022,6
http://www.wikidata.org/entity/Q30632442,11
http://www.wikidata.org/entity/Q30638997,8
http://www.wikidata.org/entity/Q30639642,4
http://www.wikidata.org/entity/Q30688859,3
http://www.wikidata.org/entity/Q30692559,7
http://www.wikidata.org/entity/Q30765672,2
http://www.wikidata.org/entity/Q30879806,3
http://www.wikidata.org/entity/Q30895273,9
http://www.wikidata.org/entity/Q30902501,10
http://www.wikidata.org/entity/Q30904272,6
http://www.wikidata.org/entity/Q30909062,14
http://www.wikidata.org/entity/Q30912564,4
http://www.wikidata.org/entity/Q30912999,6
http://www.wikidata.org/entity/Q30917047,5
http://www.wikidata.org/entity/Q30917612,8
http://www.wikidata.org/entity/Q30919272,11
http://www.wikidata.org/entity/Q30921682,2
http://www.wikidata.org/entity/Q30931016,5
http://www.wikidata.org/entity/Q30934395,11
http://www.wikidata.org/entity/Q30971904,7
http://www.wikidata.org/entity/Q31174954,8
http://www.wikidata.org/entity/Q31187915,1
http://www.wikidata.org/entity/Q31197689,3
http://www.wikidata.org/entity/Q31358818,4
http://www.wikidata.org/entity/Q31362119,2
http://www.wikidata.org/entity/Q31449844,3
http://www.wikidata.org/entity/Q31450035,3
http://www.wikidata.org/entity/Q31450746,4
http://www.wikidata.org/entity/Q31795541,3
http://www.wikidata.org/entity/Q31836693,9
http://www.wikidata.org/entity/Q31837446,10
http://www.wikidata.org/entity/Q31837971,4
http://www.wikidata.org/entity/Q31930766,5
http://www.wikidata.org/entity/Q33160145,9
http://www.wikidata.org/entity/Q33246019,7
http://www.wikidata.org/entity/Q35121365,4
http://www.wikidata.org/entity/Q37681995,4
http://www.wikidata.org/entity/Q37731261,6
http://www.wikidata.org/entity/Q39046042,7
http://www.wikidata.org/entity/Q39046859,8
http://www.wikidata.org/entity/Q39052425,10
http://www.wikidata.org/entity/Q39052604,5
http://www.wikidata.org/entity/Q39075405,7
http://www.wikidata.org/entity/Q39760174,3
http://www.wikidata.org/entity/Q40039114,15
http://www.wikidata.org/entity/Q40379540,5
http://www.wikidata.org/entity/Q40488741,3
http://www.wikidata.org/entity/Q40501317,3
http://www.wikidata.org/entity/Q42525933,10
http://www.wikidata.org/entity/Q42681198,4
http://www.wikidata.org/entity/Q47005557,5
http://www.wikidata.org/entity/Q47074428,5
http://www.wikidata.org/entity/Q47781397,9
http://www.wikidata.org/entity/Q48297861,12
http://www.wikidata.org/entity/Q48359853,3
http://www.wikidata.org/entity/Q48549789,4
http://www.wikidata.org/entity/Q48723594,23
http://www.wikidata.org/entity/Q48747276,6
http://www.wikidata.org/entity/Q48767281,7
http://www.wikidata.org/entity/Q48770362,6
http://www.wikidata.org/entity/Q48770364,5
http://www.wikidata.org/entity/Q48781411,3
http://www.wikidata.org/entity/Q48783348,5
http://www.wikidata.org/entity/Q48783464,6
http://www.wikidata.org/entity/Q48792190,5
http://www.wikidata.org/entity/Q48810672,8
http://www.wikidata.org/entity/Q48834745,7
http://www.wikidata.org/entity/Q48855105,7
http://www.wikidata.org/entity/Q48855636,5
http://www.wikidata.org/entity/Q48871578,6
http://www.wikidata.org/entity/Q48941193,7
http://www.wikidata.org/entity/Q48971892,9
http://www.wikidata.org/entity/Q48996475,3
http://www.wikidata.org/entity/Q48999297,4
http://www.wikidata.org/entity/Q49001554,5
http://www.wikidata.org/entity/Q49096106,5
http://www.wikidata.org/entity/Q51446080,11
http://www.wikidata.org/entity/Q51560345,1
http://www.wikidata.org/entity/Q51882621,7
http://www.wikidata.org/entity/Q53677895,11
http://www.wikidata.org/entity/Q53677903,8
http://www.wikidata.org/entity/Q53677911,7
http://www.wikidata.org/entity/Q53677919,8
http://www.wikidata.org/entity/Q53677927,6
http://www.wikidata.org/entity/Q53677925,8
http://www.wikidata.org/entity/Q53677931,7
http://www.wikidata.org/entity/Q53677938,7
http://www.wikidata.org/entity/Q53677940,6
http://www.wikidata.org/entity/Q53677944,7
http://www.wikidata.org/entity/Q53719487,8
http://www.wikidata.org/entity/Q53724923,2
http://www.wikidata.org/entity/Q53806314,13
http://www.wikidata.org/entity/Q107140632,5
http://www.wikidata.org/entity/Q107177810,3
http://www.wikidata.org/entity/Q107189715,5
http://www.wikidata.org/entity/Q107192370,7
http://www.wikidata.org/entity/Q107192482,7
http://www.wikidata.org/entity/Q107192506,4
http://www.wikidata.org/entity/Q107194317,4
http://www.wikidata.org/entity/Q107194780,8
http://www.wikidata.org/entity/Q107195014,9
http://www.wikidata.org/entity/Q107196156,5
http://www.wikidata.org/entity/Q107197766,20
http://www.wikidata.org/entity/Q107229142,5
http://www.wikidata.org/entity/Q107254577,5
http://www.wikidata.org/entity/Q107254627,7
http://www.wikidata.org/entity/Q107266605,5
http://www.wikidata.org/entity/Q107267446,7
http://www.wikidata.org/entity/Q107267643,7
http://www.wikidata.org/entity/Q107267759,5
http://www.wikidata.org/entity/Q107290600,9
http://www.wikidata.org/entity/Q107290934,4
http://www.wikidata.org/entity/Q107308143,3
http://www.wikidata.org/entity/Q107331898,9
http://www.wikidata.org/entity/Q107332291,6
http://www.wikidata.org/entity/Q107356948,5
http://www.wikidata.org/entity/Q107364106,7
http://www.wikidata.org/entity/Q107365602,5
http://www.wikidata.org/entity/Q107407607,5
http://www.wikidata.org/entity/Q107407692,17
http://www.wikidata.org/entity/Q107414547,4
http://www.wikidata.org/entity/Q107414578,4
http://www.wikidata.org/entity/Q107443116,4
http://www.wikidata.org/entity/Q107455228,4
http://www.wikidata.org/entity/Q107486984,5
http://www.wikidata.org/entity/Q107494231,17
http://www.wikidata.org/entity/Q107505833,3
http://www.wikidata.org/entity/Q107515261,8
http://www.wikidata.org/entity/Q107515319,4
http://www.wikidata.org/entity/Q107524184,5
http://www.wikidata.org/entity/Q107539696,6
http://www.wikidata.org/entity/Q107539785,6
http://www.wikidata.org/entity/Q107539809,6
http://www.wikidata.org/entity/Q107539904,9
http://www.wikidata.org/entity/Q107540971,9
http://www.wikidata.org/entity/Q107565104,13
http://www.wikidata.org/entity/Q107572242,4
http://www.wikidata.org/entity/Q107589110,7
http://www.wikidata.org/entity/Q107602122,4
http://www.wikidata.org/entity/Q107641327,2
http://www.wikidata.org/entity/Q107641917,4
http://www.wikidata.org/entity/Q107686154,5
http://www.wikidata.org/entity/Q107697041,7
http://www.wikidata.org/entity/Q107697201,5
http://www.wikidata.org/entity/Q107697221,7
http://www.wikidata.org/entity/Q107697234,6
http://www.wikidata.org/entity/Q107697260,7
http://www.wikidata.org/entity/Q107697441,7
http://www.wikidata.org/entity/Q107718509,9
http://www.wikidata.org/entity/Q107718539,12
http://www.wikidata.org/entity/Q107718737,11
http://www.wikidata.org/entity/Q107736421,15
http://www.wikidata.org/entity/Q107740285,11
http://www.wikidata.org/entity/Q107814971,8
http://www.wikidata.org/entity/Q107819512,9
http://www.wikidata.org/entity/Q107970042,4
http://www.wikidata.org/entity/Q107982599,7
http://www.wikidata.org/entity/Q107985185,4
http://www.wikidata.org/entity/Q107985505,4
http://www.wikidata.org/entity/Q107985522,5
http://www.wikidata.org/entity/Q107985638,6
http://www.wikidata.org/entity/Q107985650,5
http://www.wikidata.org/entity/Q108032157,3
http://www.wikidata.org/entity/Q108055228,7
http://www.wikidata.org/entity/Q108107422,4
http://www.wikidata.org/entity/Q108107602,8
http://www.wikidata.org/entity/Q108107614,4
http://www.wikidata.org/entity/Q108107635,5
http://www.wikidata.org/entity/Q108110644,8
http://www.wikidata.org/entity/Q108123046,8
http://www.wikidata.org/entity/Q108124565,13
http://www.wikidata.org/entity/Q108151076,5
http://www.wikidata.org/entity/Q108151792,4
http://www.wikidata.org/entity/Q108167943,9
http://www.wikidata.org/entity/Q108177317,3
http://www.wikidata.org/entity/Q108197774,7
http://www.wikidata.org/entity/Q108226936,5
http://www.wikidata.org/entity/Q108250543,8
http://www.wikidata.org/entity/Q108297178,5
http://www.wikidata.org/entity/Q108297179,5
http://www.wikidata.org/entity/Q108297183,5
http://www.wikidata.org/entity/Q108297180,5
http://www.wikidata.org/entity/Q108297181,7
http://www.wikidata.org/entity/Q108297186,4
http://www.wikidata.org/entity/Q108297187,6
http://www.wikidata.org/entity/Q108297184,4
http://www.wikidata.org/entity/Q108297185,4
http://www.wikidata.org/entity/Q108297190,6
http://www.wikidata.org/entity/Q108297188,5
http://www.wikidata.org/entity/Q108297189,7
http://www.wikidata.org/entity/Q108297192,6
http://www.wikidata.org/entity/Q108297193,4
http://www.wikidata.org/entity/Q3501147,4
http://www.wikidata.org/entity/Q3503814,9
http://www.wikidata.org/entity/Q3506890,8
http://www.wikidata.org/entity/Q3509353,12
http://www.wikidata.org/entity/Q3510161,7
http://www.wikidata.org/entity/Q3510528,13
http://www.wikidata.org/entity/Q3511593,9
http://www.wikidata.org/entity/Q3512282,9
http://www.wikidata.org/entity/Q3512563,3
http://www.wikidata.org/entity/Q3512676,4
http://www.wikidata.org/entity/Q3512699,3
http://www.wikidata.org/entity/Q3517436,15
http://www.wikidata.org/entity/Q3521984,8
http://www.wikidata.org/entity/Q3525838,17
http://www.wikidata.org/entity/Q3527765,8
http://www.wikidata.org/entity/Q3529199,11
http://www.wikidata.org/entity/Q3531526,9
http://www.wikidata.org/entity/Q3535998,16
http://www.wikidata.org/entity/Q3538739,3
http://www.wikidata.org/entity/Q3541635,9
http://www.wikidata.org/entity/Q3542334,5
http://www.wikidata.org/entity/Q3553356,13
http://www.wikidata.org/entity/Q3554510,9
http://www.wikidata.org/entity/Q3559240,10
http://www.wikidata.org/entity/Q3560556,9
http://www.wikidata.org/entity/Q3562031,5
http://www.wikidata.org/entity/Q3564665,6
http://www.wikidata.org/entity/Q3564915,8
http://www.wikidata.org/entity/Q3565141,2
http://www.wikidata.org/entity/Q3567452,5
http://www.wikidata.org/entity/Q3570024,7
http://www.wikidata.org/entity/Q3570841,13
http://www.wikidata.org/entity/Q3572737,6
http://www.wikidata.org/entity/Q3572987,2
http://www.wikidata.org/entity/Q3573134,3
http://www.wikidata.org/entity/Q3574259,2
http://www.wikidata.org/entity/Q3575673,8
http://www.wikidata.org/entity/Q3587612,8
http://www.wikidata.org/entity/Q3591962,15
http://www.wikidata.org/entity/Q3595117,6
http://www.wikidata.org/entity/Q3605852,11
http://www.wikidata.org/entity/Q3606268,9
http://www.wikidata.org/entity/Q3613770,13
http://www.wikidata.org/entity/Q3622181,18
http://www.wikidata.org/entity/Q3624086,2
http://www.wikidata.org/entity/Q3630966,13
http://www.wikidata.org/entity/Q3631657,8
http://www.wikidata.org/entity/Q3635495,5
http://www.wikidata.org/entity/Q3641200,6
http://www.wikidata.org/entity/Q3643031,8
http://www.wikidata.org/entity/Q3644819,4
http://www.wikidata.org/entity/Q3645098,11
http://www.wikidata.org/entity/Q3650974,4
http://www.wikidata.org/entity/Q3655696,13
http://www.wikidata.org/entity/Q3655716,23
http://www.wikidata.org/entity/Q3655722,7
http://www.wikidata.org/entity/Q3655728,5
http://www.wikidata.org/entity/Q3656466,7
http://www.wikidata.org/entity/Q3656492,3
http://www.wikidata.org/entity/Q3656510,4
http://www.wikidata.org/entity/Q3656509,4
http://www.wikidata.org/entity/Q3656514,5
http://www.wikidata.org/entity/Q3656521,5
http://www.wikidata.org/entity/Q3656557,3
http://www.wikidata.org/entity/Q3658336,8
http://www.wikidata.org/entity/Q3664327,5
http://www.wikidata.org/entity/Q3678263,3
http://www.wikidata.org/entity/Q3679098,23
http://www.wikidata.org/entity/Q3683985,11
http://www.wikidata.org/entity/Q3696098,6
http://www.wikidata.org/entity/Q3699386,6
http://www.wikidata.org/entity/Q3702442,7
http://www.wikidata.org/entity/Q3709211,9
http://www.wikidata.org/entity/Q3710513,15
http://www.wikidata.org/entity/Q3724735,13
http://www.wikidata.org/entity/Q3724778,9
http://www.wikidata.org/entity/Q3726825,6
http://www.wikidata.org/entity/Q3735422,6
http://www.wikidata.org/entity/Q3735537,8
http://www.wikidata.org/entity/Q3735853,7
http://www.wikidata.org/entity/Q3736049,8
http://www.wikidata.org/entity/Q3736603,10
http://www.wikidata.org/entity/Q3737170,6
http://www.wikidata.org/entity/Q3752342,8
http://www.wikidata.org/entity/Q3753864,7
http://www.wikidata.org/entity/Q3765927,6
http://www.wikidata.org/entity/Q3783347,4
http://www.wikidata.org/entity/Q3785730,10
http://www.wikidata.org/entity/Q3785731,7
http://www.wikidata.org/entity/Q3785732,11
http://www.wikidata.org/entity/Q3785733,8
http://www.wikidata.org/entity/Q3791697,5
http://www.wikidata.org/entity/Q3797148,13
http://www.wikidata.org/entity/Q3807537,9
http://www.wikidata.org/entity/Q3808055,15
http://www.wikidata.org/entity/Q3813661,13
http://www.wikidata.org/entity/Q3815106,5
http://www.wikidata.org/entity/Q3816171,3
http://www.wikidata.org/entity/Q3820150,9
http://www.wikidata.org/entity/Q3827483,18
http://www.wikidata.org/entity/Q9348934,4
http://www.wikidata.org/entity/Q9355589,6
http://www.wikidata.org/entity/Q9356246,5
http://www.wikidata.org/entity/Q9364028,10
http://www.wikidata.org/entity/Q9364029,2
http://www.wikidata.org/entity/Q9373944,7
http://www.wikidata.org/entity/Q9375535,1
http://www.wikidata.org/entity/Q9384895,5
http://www.wikidata.org/entity/Q9615674,3
http://www.wikidata.org/entity/Q9668561,12
http://www.wikidata.org/entity/Q9849206,6
http://www.wikidata.org/entity/Q10260594,7
http://www.wikidata.org/entity/Q10265571,7
http://www.wikidata.org/entity/Q10268931,6
http://www.wikidata.org/entity/Q10283571,4
http://www.wikidata.org/entity/Q10283579,5
http://www.wikidata.org/entity/Q10283582,7
http://www.wikidata.org/entity/Q10283583,5
http://www.wikidata.org/entity/Q10283584,7
http://www.wikidata.org/entity/Q10285947,6
http://www.wikidata.org/entity/Q10285948,6
http://www.wikidata.org/entity/Q10286190,10
http://www.wikidata.org/entity/Q10286515,11
http://www.wikidata.org/entity/Q10292943,8
http://www.wikidata.org/entity/Q10293901,4
http://www.wikidata.org/entity/Q10295992,5
http://www.wikidata.org/entity/Q10296747,5
http://www.wikidata.org/entity/Q10301862,4
http://www.wikidata.org/entity/Q10312897,8
http://www.wikidata.org/entity/Q10316114,7
http://www.wikidata.org/entity/Q10324896,14
http://www.wikidata.org/entity/Q10331354,7
http://www.wikidata.org/entity/Q10334882,7
http://www.wikidata.org/entity/Q10334885,10
http://www.wikidata.org/entity/Q10334890,13
http://www.wikidata.org/entity/Q10334888,10
http://www.wikidata.org/entity/Q10334895,5
http://www.wikidata.org/entity/Q10334892,13
http://www.wikidata.org/entity/Q10334898,8
http://www.wikidata.org/entity/Q10334896,11
http://www.wikidata.org/entity/Q10335288,4
http://www.wikidata.org/entity/Q10343541,8
http://www.wikidata.org/entity/Q10351563,7
http://www.wikidata.org/entity/Q10352317,4
http://www.wikidata.org/entity/Q10354439,8
http://www.wikidata.org/entity/Q10360435,4
http://www.wikidata.org/entity/Q10363599,7
http://www.wikidata.org/entity/Q10363610,7
http://www.wikidata.org/entity/Q10363654,8
http://www.wikidata.org/entity/Q10366208,7
http://www.wikidata.org/entity/Q10367218,5
http://www.wikidata.org/entity/Q10367219,5
http://www.wikidata.org/entity/Q10367216,6
http://www.wikidata.org/entity/Q10367217,7
http://www.wikidata.org/entity/Q10367222,8
http://www.wikidata.org/entity/Q10367223,5
http://www.wikidata.org/entity/Q10367220,7
http://www.wikidata.org/entity/Q10367221,7
http://www.wikidata.org/entity/Q10367226,5
http://www.wikidata.org/entity/Q10367224,5
http://www.wikidata.org/entity/Q10367225,6
http://www.wikidata.org/entity/Q10367246,7
http://www.wikidata.org/entity/Q10367249,7
http://www.wikidata.org/entity/Q10367259,7
http://www.wikidata.org/entity/Q10370216,10
http://www.wikidata.org/entity/Q10370558,8
http://www.wikidata.org/entity/Q10372501,5
http://www.wikidata.org/entity/Q10376827,4
http://www.wikidata.org/entity/Q10378015,13
http://www.wikidata.org/entity/Q10382665,6
http://www.wikidata.org/entity/Q10387147,8
http://www.wikidata.org/entity/Q10389097,8
http://www.wikidata.org/entity/Q10392015,6
http://www.wikidata.org/entity/Q10397358,2
http://www.wikidata.org/entity/Q10397381,3
http://www.wikidata.org/entity/Q10428865,5
http://www.wikidata.org/entity/Q10451148,3
http://www.wikidata.org/entity/Q10465914,4
http://www.wikidata.org/entity/Q10466674,4
http://www.wikidata.org/entity/Q10489338,2
http://www.wikidata.org/entity/Q10497435,5
http://www.wikidata.org/entity/Q10524630,2
http://www.wikidata.org/entity/Q10541010,5
http://www.wikidata.org/entity/Q10549360,4
http://www.wikidata.org/entity/Q10551707,2
http://www.wikidata.org/entity/Q10556386,2
http://www.wikidata.org/entity/Q10590623,2
http://www.wikidata.org/entity/Q10590624,2
http://www.wikidata.org/entity/Q10594989,2
http://www.wikidata.org/entity/Q10597524,1
http://www.wikidata.org/entity/Q10604890,4
http://www.wikidata.org/entity/Q10648457,3
http://www.wikidata.org/entity/Q10654964,2
http://www.wikidata.org/entity/Q10655037,3
http://www.wikidata.org/entity/Q10659106,3
http://www.wikidata.org/entity/Q10669480,6
http://www.wikidata.org/entity/Q10670937,3
http://www.wikidata.org/entity/Q10683897,1
http://www.wikidata.org/entity/Q10690617,3
http://www.wikidata.org/entity/Q10730335,6
http://www.wikidata.org/entity/Q1207347,21
http://www.wikidata.org/entity/Q1208331,19
http://www.wikidata.org/entity/Q1208448,7
http://www.wikidata.org/entity/Q1210921,25
http://www.wikidata.org/entity/Q1217862,5
http://www.wikidata.org/entity/Q1227093,3
http://www.wikidata.org/entity/Q1228230,9
http://www.wikidata.org/entity/Q1229479,35
http://www.wikidata.org/entity/Q1230604,11
http://www.wikidata.org/entity/Q1232283,31
http://www.wikidata.org/entity/Q1233698,11
http://www.wikidata.org/entity/Q1234748,2
http://www.wikidata.org/entity/Q1236108,24
http://www.wikidata.org/entity/Q1236268,14
http://www.wikidata.org/entity/Q1242484,14
http://www.wikidata.org/entity/Q1243254,10
http://www.wikidata.org/entity/Q1243912,24
http://www.wikidata.org/entity/Q1245536,12
http://www.wikidata.org/entity/Q1245902,23
http://www.wikidata.org/entity/Q1247105,3
http://www.wikidata.org/entity/Q1249907,4
http://www.wikidata.org/entity/Q1252451,3
http://www.wikidata.org/entity/Q1253172,14
http://www.wikidata.org/entity/Q1253861,12
http://www.wikidata.org/entity/Q1258366,4
http://www.wikidata.org/entity/Q1259016,10
http://www.wikidata.org/entity/Q1262697,17
http://www.wikidata.org/entity/Q1262781,23
http://www.wikidata.org/entity/Q1265050,9
http://www.wikidata.org/entity/Q1265067,14
http://www.wikidata.org/entity/Q1268283,37
http://www.wikidata.org/entity/Q1269729,10
http://www.wikidata.org/entity/Q1270332,8
http://www.wikidata.org/entity/Q1271752,15
http://www.wikidata.org/entity/Q1273641,6
http://www.wikidata.org/entity/Q1275972,7
http://www.wikidata.org/entity/Q1277532,13
http://www.wikidata.org/entity/Q1278710,14
http://www.wikidata.org/entity/Q1288193,13
http://www.wikidata.org/entity/Q1293057,12
http://www.wikidata.org/entity/Q1294481,17
http://www.wikidata.org/entity/Q1298412,13
http://www.wikidata.org/entity/Q1298934,31
http://www.wikidata.org/entity/Q1299260,17
http://www.wikidata.org/entity/Q1303892,4
http://www.wikidata.org/entity/Q1307555,9
http://www.wikidata.org/entity/Q1309336,17
http://www.wikidata.org/entity/Q1314422,5
http://www.wikidata.org/entity/Q1317816,16
http://www.wikidata.org/entity/Q1323698,26
http://www.wikidata.org/entity/Q1325944,2
http://www.wikidata.org/entity/Q1325963,7
http://www.wikidata.org/entity/Q1325966,4
http://www.wikidata.org/entity/Q1326777,24
http://www.wikidata.org/entity/Q1328468,23
http://www.wikidata.org/entity/Q1328560,8
http://www.wikidata.org/entity/Q1335045,10
http://www.wikidata.org/entity/Q1335569,11
http://www.wikidata.org/entity/Q1337498,16
http://www.wikidata.org/entity/Q1337973,10
http://www.wikidata.org/entity/Q1338153,18
http://www.wikidata.org/entity/Q1339027,9
http://www.wikidata.org/entity/Q1339121,17
http://www.wikidata.org/entity/Q1346068,6
http://www.wikidata.org/entity/Q1348260,27
http://www.wikidata.org/entity/Q1353390,18
http://www.wikidata.org/entity/Q1357775,4
http://www.wikidata.org/entity/Q1361883,3
http://www.wikidata.org/entity/Q1361891,34
http://www.wikidata.org/entity/Q1362878,11
http://www.wikidata.org/entity/Q1365482,5
http://www.wikidata.org/entity/Q1366983,7
http://www.wikidata.org/entity/Q1368139,10
http://www.wikidata.org/entity/Q1369726,16
http://www.wikidata.org/entity/Q1370345,29
http://www.wikidata.org/entity/Q1370720,14
http://www.wikidata.org/entity/Q1371364,6
http://www.wikidata.org/entity/Q1373485,8
http://www.wikidata.org/entity/Q1374731,12
http://www.wikidata.org/entity/Q1378776,24
http://www.wikidata.org/entity/Q1379958,26
http://www.wikidata.org/entity/Q1381447,10
http://www.wikidata.org/entity/Q1386554,6
http://www.wikidata.org/entity/Q1391336,15
http://www.wikidata.org/entity/Q1399566,17
http://www.wikidata.org/entity/Q1399695,10
http://www.wikidata.org/entity/Q1399964,3
http://www.wikidata.org/entity/Q1403744,15
http://www.wikidata.org/entity/Q1406136,20
http://www.wikidata.org/entity/Q1413061,20
http://www.wikidata.org/entity/Q1413570,30
http://www.wikidata.org/entity/Q1414130,21
http://www.wikidata.org/entity/Q1414858,6
http://www.wikidata.org/entity/Q1415568,4
http://www.wikidata.org/entity/Q1417272,28
http://www.wikidata.org/entity/Q1417976,16
http://www.wikidata.org/entity/Q1418683,15
http://www.wikidata.org/entity/Q1420722,10
http://www.wikidata.org/entity/Q1422944,3
http://www.wikidata.org/entity/Q1423598,5
http://www.wikidata.org/entity/Q108297194,6
http://www.wikidata.org/entity/Q108297198,6
http://www.wikidata.org/entity/Q108297199,4
http://www.wikidata.org/entity/Q108297196,6
http://www.wikidata.org/entity/Q108297202,7
http://www.wikidata.org/entity/Q108297203,5
http://www.wikidata.org/entity/Q108297200,8
http://www.wikidata.org/entity/Q108297201,4
http://www.wikidata.org/entity/Q108297206,6
http://www.wikidata.org/entity/Q108297207,4
http://www.wikidata.org/entity/Q108297204,6
http://www.wikidata.org/entity/Q108297205,6
http://www.wikidata.org/entity/Q108297210,5
http://www.wikidata.org/entity/Q108297209,7
http://www.wikidata.org/entity/Q108297214,4
http://www.wikidata.org/entity/Q108297215,8
http://www.wikidata.org/entity/Q108297212,5
http://www.wikidata.org/entity/Q108297213,6
http://www.wikidata.org/entity/Q108297218,5
http://www.wikidata.org/entity/Q108297216,5
http://www.wikidata.org/entity/Q108297217,4
http://www.wikidata.org/entity/Q108297222,6
http://www.wikidata.org/entity/Q108297220,4
http://www.wikidata.org/entity/Q108297221,4
http://www.wikidata.org/entity/Q108297227,6
http://www.wikidata.org/entity/Q108297224,5
http://www.wikidata.org/entity/Q108297225,9
http://www.wikidata.org/entity/Q108297231,4
http://www.wikidata.org/entity/Q108297229,4
http://www.wikidata.org/entity/Q108297234,8
http://www.wikidata.org/entity/Q108297235,7
http://www.wikidata.org/entity/Q108297232,6
http://www.wikidata.org/entity/Q108297233,6
http://www.wikidata.org/entity/Q108297238,6
http://www.wikidata.org/entity/Q108297239,5
http://www.wikidata.org/entity/Q108297236,4
http://www.wikidata.org/entity/Q108297237,4
http://www.wikidata.org/entity/Q108297242,6
http://www.wikidata.org/entity/Q108297243,6
http://www.wikidata.org/entity/Q108297241,6
http://www.wikidata.org/entity/Q108297246,5
http://www.wikidata.org/entity/Q108297247,8
http://www.wikidata.org/entity/Q108297244,3
http://www.wikidata.org/entity/Q108297245,5
http://www.wikidata.org/entity/Q108297250,7
http://www.wikidata.org/entity/Q108297251,5
http://www.wikidata.org/entity/Q108297248,5
http://www.wikidata.org/entity/Q108297249,5
http://www.wikidata.org/entity/Q108301597,6
http://www.wikidata.org/entity/Q108321657,10
http://www.wikidata.org/entity/Q108321843,8
http://www.wikidata.org/entity/Q108408373,4
http://www.wikidata.org/entity/Q108419648,4
http://www.wikidata.org/entity/Q108430097,6
http://www.wikidata.org/entity/Q108535339,7
http://www.wikidata.org/entity/Q108539884,8
http://www.wikidata.org/entity/Q108555812,10
http://www.wikidata.org/entity/Q108556049,6
http://www.wikidata.org/entity/Q108556056,4
http://www.wikidata.org/entity/Q108556409,4
http://www.wikidata.org/entity/Q108562050,6
http://www.wikidata.org/entity/Q108572381,5
http://www.wikidata.org/entity/Q108574405,6
http://www.wikidata.org/entity/Q108575656,8
http://www.wikidata.org/entity/Q108610259,3
http://www.wikidata.org/entity/Q108610396,5
http://www.wikidata.org/entity/Q108610706,3
http://www.wikidata.org/entity/Q108615774,3
http://www.wikidata.org/entity/Q108615838,7
http://www.wikidata.org/entity/Q108615898,6
http://www.wikidata.org/entity/Q108616070,5
http://www.wikidata.org/entity/Q108616106,8
http://www.wikidata.org/entity/Q108629498,5
http://www.wikidata.org/entity/Q108631274,2
http://www.wikidata.org/entity/Q108631385,4
http://www.wikidata.org/entity/Q108651047,5
http://www.wikidata.org/entity/Q108665706,13
http://www.wikidata.org/entity/Q108665742,8
http://www.wikidata.org/entity/Q108665895,4
http://www.wikidata.org/entity/Q108667604,4
http://www.wikidata.org/entity/Q108716407,5
http://www.wikidata.org/entity/Q108743983,4
http://www.wikidata.org/entity/Q108757333,14
http://www.wikidata.org/entity/Q108788324,4
http://www.wikidata.org/entity/Q108788334,5
http://www.wikidata.org/entity/Q108788365,7
http://www.wikidata.org/entity/Q108788730,8
http://www.wikidata.org/entity/Q108807617,11
http://www.wikidata.org/entity/Q108807656,4
http://www.wikidata.org/entity/Q108807663,5
http://www.wikidata.org/entity/Q108807661,8
http://www.wikidata.org/entity/Q108807670,5
http://www.wikidata.org/entity/Q108807674,5
http://www.wikidata.org/entity/Q108823220,6
http://www.wikidata.org/entity/Q108831582,5
http://www.wikidata.org/entity/Q108834047,2
http://www.wikidata.org/entity/Q108844852,5
http://www.wikidata.org/entity/Q108845022,5
http://www.wikidata.org/entity/Q108845109,4
http://www.wikidata.org/entity/Q108845283,3
http://www.wikidata.org/entity/Q54329757,19
http://www.wikidata.org/entity/Q54864794,2
http://www.wikidata.org/entity/Q54891495,12
http://www.wikidata.org/entity/Q55104351,5
http://www.wikidata.org/entity/Q55119881,8
http://www.wikidata.org/entity/Q55296418,6
http://www.wikidata.org/entity/Q55415524,8
http://www.wikidata.org/entity/Q55529556,6
http://www.wikidata.org/entity/Q55593233,6
http://www.wikidata.org/entity/Q55604305,5
http://www.wikidata.org/entity/Q55605210,8
http://www.wikidata.org/entity/Q55608567,3
http://www.wikidata.org/entity/Q55608822,2
http://www.wikidata.org/entity/Q55612592,5
http://www.wikidata.org/entity/Q55613761,5
http://www.wikidata.org/entity/Q55614428,4
http://www.wikidata.org/entity/Q55622691,2
http://www.wikidata.org/entity/Q55633758,5
http://www.wikidata.org/entity/Q55641646,8
http://www.wikidata.org/entity/Q55641735,3
http://www.wikidata.org/entity/Q55642856,6
http://www.wikidata.org/entity/Q55644985,16
http://www.wikidata.org/entity/Q55648025,6
http://www.wikidata.org/entity/Q55657955,4
http://www.wikidata.org/entity/Q56244093,6
http://www.wikidata.org/entity/Q56276781,3
http://www.wikidata.org/entity/Q56297567,3
http://www.wikidata.org/entity/Q56303195,3
http://www.wikidata.org/entity/Q56305707,5
http://www.wikidata.org/entity/Q56315833,4
http://www.wikidata.org/entity/Q56342439,4
http://www.wikidata.org/entity/Q56342556,10
http://www.wikidata.org/entity/Q56342573,4
http://www.wikidata.org/entity/Q56344591,1
http://www.wikidata.org/entity/Q56351111,11
http://www.wikidata.org/entity/Q56351526,4
http://www.wikidata.org/entity/Q56353998,7
http://www.wikidata.org/entity/Q56364937,7
http://www.wikidata.org/entity/Q56377253,7
http://www.wikidata.org/entity/Q56398770,2
http://www.wikidata.org/entity/Q56399794,3
http://www.wikidata.org/entity/Q56414588,8
http://www.wikidata.org/entity/Q56465221,2
http://www.wikidata.org/entity/Q56572789,9
http://www.wikidata.org/entity/Q56872586,4
http://www.wikidata.org/entity/Q57392588,12
http://www.wikidata.org/entity/Q58809444,7
http://www.wikidata.org/entity/Q59351462,6
http://www.wikidata.org/entity/Q59387411,4
http://www.wikidata.org/entity/Q59389199,5
http://www.wikidata.org/entity/Q60030725,21
http://www.wikidata.org/entity/Q60199541,3
http://www.wikidata.org/entity/Q60462608,9
http://www.wikidata.org/entity/Q60463676,7
http://www.wikidata.org/entity/Q60477130,6
http://www.wikidata.org/entity/Q60500291,5
http://www.wikidata.org/entity/Q60722009,7
http://www.wikidata.org/entity/Q60729751,8
http://www.wikidata.org/entity/Q60742458,4
http://www.wikidata.org/entity/Q60742809,3
http://www.wikidata.org/entity/Q60743281,8
http://www.wikidata.org/entity/Q60743608,4
http://www.wikidata.org/entity/Q60745864,6
http://www.wikidata.org/entity/Q60792489,4
http://www.wikidata.org/entity/Q60824940,3
http://www.wikidata.org/entity/Q60847029,3
http://www.wikidata.org/entity/Q60853089,5
http://www.wikidata.org/entity/Q60914635,3
http://www.wikidata.org/entity/Q60973191,9
http://www.wikidata.org/entity/Q60985143,5
http://www.wikidata.org/entity/Q61058797,3
http://www.wikidata.org/entity/Q61063128,6
http://www.wikidata.org/entity/Q61065236,7
http://www.wikidata.org/entity/Q61127698,13
http://www.wikidata.org/entity/Q61127902,7
http://www.wikidata.org/entity/Q61340552,7
http://www.wikidata.org/entity/Q61360197,4
http://www.wikidata.org/entity/Q61693382,3
http://www.wikidata.org/entity/Q61998611,4
http://www.wikidata.org/entity/Q63064412,13
http://www.wikidata.org/entity/Q63119086,3
http://www.wikidata.org/entity/Q63122412,4
http://www.wikidata.org/entity/Q63197384,10
http://www.wikidata.org/entity/Q63203971,35
http://www.wikidata.org/entity/Q63229806,4
http://www.wikidata.org/entity/Q63243766,6
http://www.wikidata.org/entity/Q63247669,8
http://www.wikidata.org/entity/Q63293122,5
http://www.wikidata.org/entity/Q63973609,9
http://www.wikidata.org/entity/Q64055364,7
http://www.wikidata.org/entity/Q64058224,1
http://www.wikidata.org/entity/Q64137792,5
http://www.wikidata.org/entity/Q64151977,2
http://www.wikidata.org/entity/Q64152411,4
http://www.wikidata.org/entity/Q64152500,5
http://www.wikidata.org/entity/Q64441232,4
http://www.wikidata.org/entity/Q65031097,5
http://www.wikidata.org/entity/Q65041781,3
http://www.wikidata.org/entity/Q65044348,7
http://www.wikidata.org/entity/Q65047322,5
http://www.wikidata.org/entity/Q3835724,10
http://www.wikidata.org/entity/Q3837980,6
http://www.wikidata.org/entity/Q3840596,24
http://www.wikidata.org/entity/Q3842899,4
http://www.wikidata.org/entity/Q3843144,3
http://www.wikidata.org/entity/Q3843655,14
http://www.wikidata.org/entity/Q3845811,7
http://www.wikidata.org/entity/Q3846957,9
http://www.wikidata.org/entity/Q3853406,3
http://www.wikidata.org/entity/Q3855113,10
http://www.wikidata.org/entity/Q3855303,6
http://www.wikidata.org/entity/Q3867028,15
http://www.wikidata.org/entity/Q3868594,14
http://www.wikidata.org/entity/Q3868595,8
http://www.wikidata.org/entity/Q3868596,16
http://www.wikidata.org/entity/Q3868597,12
http://www.wikidata.org/entity/Q3868600,11
http://www.wikidata.org/entity/Q3868605,13
http://www.wikidata.org/entity/Q3868609,6
http://www.wikidata.org/entity/Q3868613,8
http://www.wikidata.org/entity/Q3868631,7
http://www.wikidata.org/entity/Q3868755,8
http://www.wikidata.org/entity/Q3868787,10
http://www.wikidata.org/entity/Q3874645,7
http://www.wikidata.org/entity/Q3874690,5
http://www.wikidata.org/entity/Q3875615,5
http://www.wikidata.org/entity/Q3876770,29
http://www.wikidata.org/entity/Q3879179,7
http://www.wikidata.org/entity/Q3879286,10
http://www.wikidata.org/entity/Q3889385,18
http://www.wikidata.org/entity/Q3889661,15
http://www.wikidata.org/entity/Q3897519,7
http://www.wikidata.org/entity/Q3905200,8
http://www.wikidata.org/entity/Q3907451,5
http://www.wikidata.org/entity/Q3908370,7
http://www.wikidata.org/entity/Q3908372,7
http://www.wikidata.org/entity/Q3918025,16
http://www.wikidata.org/entity/Q3922813,6
http://www.wikidata.org/entity/Q3924081,5
http://www.wikidata.org/entity/Q3924271,3
http://www.wikidata.org/entity/Q3925627,5
http://www.wikidata.org/entity/Q3930216,11
http://www.wikidata.org/entity/Q3931695,10
http://www.wikidata.org/entity/Q3939763,4
http://www.wikidata.org/entity/Q3948462,9
http://www.wikidata.org/entity/Q3951797,7
http://www.wikidata.org/entity/Q3963047,6
http://www.wikidata.org/entity/Q3963051,10
http://www.wikidata.org/entity/Q3967328,7
http://www.wikidata.org/entity/Q3974631,4
http://www.wikidata.org/entity/Q3975956,21
http://www.wikidata.org/entity/Q3978155,6
http://www.wikidata.org/entity/Q3980452,6
http://www.wikidata.org/entity/Q3980643,9
http://www.wikidata.org/entity/Q3981034,9
http://www.wikidata.org/entity/Q3981262,5
http://www.wikidata.org/entity/Q3982213,3
http://www.wikidata.org/entity/Q3990466,7
http://www.wikidata.org/entity/Q4006363,5
http://www.wikidata.org/entity/Q4006465,6
http://www.wikidata.org/entity/Q4011109,9
http://www.wikidata.org/entity/Q4011325,4
http://www.wikidata.org/entity/Q4020968,8
http://www.wikidata.org/entity/Q4024159,2
http://www.wikidata.org/entity/Q4034145,6
http://www.wikidata.org/entity/Q4040357,3
http://www.wikidata.org/entity/Q4045303,5
http://www.wikidata.org/entity/Q4045538,19
http://www.wikidata.org/entity/Q4049849,8
http://www.wikidata.org/entity/Q4053719,4
http://www.wikidata.org/entity/Q4056436,22
http://www.wikidata.org/entity/Q4058252,10
http://www.wikidata.org/entity/Q4059163,17
http://www.wikidata.org/entity/Q4065202,2
http://www.wikidata.org/entity/Q4069711,14
http://www.wikidata.org/entity/Q4078107,8
http://www.wikidata.org/entity/Q4083733,13
http://www.wikidata.org/entity/Q4088026,8
http://www.wikidata.org/entity/Q4100058,7
http://www.wikidata.org/entity/Q4117103,13
http://www.wikidata.org/entity/Q4118941,3
http://www.wikidata.org/entity/Q4119678,14
http://www.wikidata.org/entity/Q4130112,8
http://www.wikidata.org/entity/Q4138449,9
http://www.wikidata.org/entity/Q4145692,5
http://www.wikidata.org/entity/Q4145841,6
http://www.wikidata.org/entity/Q4155078,10
http://www.wikidata.org/entity/Q4159719,8
http://www.wikidata.org/entity/Q4171186,6
http://www.wikidata.org/entity/Q4177625,7
http://www.wikidata.org/entity/Q4179738,6
http://www.wikidata.org/entity/Q4181641,3
http://www.wikidata.org/entity/Q4181927,6
http://www.wikidata.org/entity/Q4193824,4
http://www.wikidata.org/entity/Q4198071,4
http://www.wikidata.org/entity/Q4200851,7
http://www.wikidata.org/entity/Q4202963,6
http://www.wikidata.org/entity/Q4203061,7
http://www.wikidata.org/entity/Q4207331,11
http://www.wikidata.org/entity/Q4208567,7
http://www.wikidata.org/entity/Q10743749,7
http://www.wikidata.org/entity/Q10748669,3
http://www.wikidata.org/entity/Q10750971,7
http://www.wikidata.org/entity/Q10752660,9
http://www.wikidata.org/entity/Q10757361,8
http://www.wikidata.org/entity/Q10770854,4
http://www.wikidata.org/entity/Q10770871,5
http://www.wikidata.org/entity/Q10801090,5
http://www.wikidata.org/entity/Q10801096,6
http://www.wikidata.org/entity/Q10801097,4
http://www.wikidata.org/entity/Q10811025,5
http://www.wikidata.org/entity/Q10830180,13
http://www.wikidata.org/entity/Q10831132,5
http://www.wikidata.org/entity/Q10836741,8
http://www.wikidata.org/entity/Q10838732,8
http://www.wikidata.org/entity/Q10846275,4
http://www.wikidata.org/entity/Q10856835,5
http://www.wikidata.org/entity/Q10859713,6
http://www.wikidata.org/entity/Q10874829,9
http://www.wikidata.org/entity/Q10915563,10
http://www.wikidata.org/entity/Q10932272,10
http://www.wikidata.org/entity/Q10948524,1
http://www.wikidata.org/entity/Q10951437,4
http://www.wikidata.org/entity/Q10970468,10
http://www.wikidata.org/entity/Q10972251,6
http://www.wikidata.org/entity/Q10973951,8
http://www.wikidata.org/entity/Q10978770,7
http://www.wikidata.org/entity/Q10979284,5
http://www.wikidata.org/entity/Q10994046,2
http://www.wikidata.org/entity/Q10995782,2
http://www.wikidata.org/entity/Q10997436,2
http://www.wikidata.org/entity/Q11000115,2
http://www.wikidata.org/entity/Q11058740,3
http://www.wikidata.org/entity/Q11058823,10
http://www.wikidata.org/entity/Q11061723,6
http://www.wikidata.org/entity/Q11064735,7
http://www.wikidata.org/entity/Q11074326,2
http://www.wikidata.org/entity/Q11122966,7
http://www.wikidata.org/entity/Q11135733,3
http://www.wikidata.org/entity/Q11162353,13
http://www.wikidata.org/entity/Q11180043,3
http://www.wikidata.org/entity/Q11184265,3
http://www.wikidata.org/entity/Q11185609,8
http://www.wikidata.org/entity/Q11210968,8
http://www.wikidata.org/entity/Q11212348,2
http://www.wikidata.org/entity/Q11213538,2
http://www.wikidata.org/entity/Q11214531,12
http://www.wikidata.org/entity/Q11215782,11
http://www.wikidata.org/entity/Q11223087,17
http://www.wikidata.org/entity/Q11258489,3
http://www.wikidata.org/entity/Q11260516,5
http://www.wikidata.org/entity/Q11262541,6
http://www.wikidata.org/entity/Q11275415,2
http://www.wikidata.org/entity/Q11277611,3
http://www.wikidata.org/entity/Q11282754,7
http://www.wikidata.org/entity/Q11285080,5
http://www.wikidata.org/entity/Q11293623,3
http://www.wikidata.org/entity/Q11300154,2
http://www.wikidata.org/entity/Q11300623,3
http://www.wikidata.org/entity/Q11304409,5
http://www.wikidata.org/entity/Q11307326,17
http://www.wikidata.org/entity/Q11308620,6
http://www.wikidata.org/entity/Q11310298,6
http://www.wikidata.org/entity/Q11312853,6
http://www.wikidata.org/entity/Q11314351,3
http://www.wikidata.org/entity/Q11317843,5
http://www.wikidata.org/entity/Q11319210,7
http://www.wikidata.org/entity/Q11319232,9
http://www.wikidata.org/entity/Q11320501,4
http://www.wikidata.org/entity/Q11320601,14
http://www.wikidata.org/entity/Q11324632,3
http://www.wikidata.org/entity/Q11324774,3
http://www.wikidata.org/entity/Q11324951,6
http://www.wikidata.org/entity/Q11324974,6
http://www.wikidata.org/entity/Q11325015,3
http://www.wikidata.org/entity/Q11325235,13
http://www.wikidata.org/entity/Q11325233,3
http://www.wikidata.org/entity/Q11325293,3
http://www.wikidata.org/entity/Q11330425,10
http://www.wikidata.org/entity/Q11331081,3
http://www.wikidata.org/entity/Q11331157,7
http://www.wikidata.org/entity/Q11331567,3
http://www.wikidata.org/entity/Q11332204,8
http://www.wikidata.org/entity/Q11334714,4
http://www.wikidata.org/entity/Q11334766,3
http://www.wikidata.org/entity/Q11339397,7
http://www.wikidata.org/entity/Q11344133,4
http://www.wikidata.org/entity/Q11344341,3
http://www.wikidata.org/entity/Q11345830,6
http://www.wikidata.org/entity/Q11345973,6
http://www.wikidata.org/entity/Q11346620,3
http://www.wikidata.org/entity/Q11346971,3
http://www.wikidata.org/entity/Q11348032,2
http://www.wikidata.org/entity/Q11352348,3
http://www.wikidata.org/entity/Q11359070,6
http://www.wikidata.org/entity/Q11375663,3
http://www.wikidata.org/entity/Q11385637,2
http://www.wikidata.org/entity/Q11395594,4
http://www.wikidata.org/entity/Q11395595,4
http://www.wikidata.org/entity/Q11398105,6
http://www.wikidata.org/entity/Q1425111,11
http://www.wikidata.org/entity/Q1425661,17
http://www.wikidata.org/entity/Q1426909,7
http://www.wikidata.org/entity/Q1427690,13
http://www.wikidata.org/entity/Q1428162,23
http://www.wikidata.org/entity/Q1428470,18
http://www.wikidata.org/entity/Q1428885,7
http://www.wikidata.org/entity/Q1429121,7
http://www.wikidata.org/entity/Q1430045,9
http://www.wikidata.org/entity/Q1430587,19
http://www.wikidata.org/entity/Q1430717,9
http://www.wikidata.org/entity/Q1431327,19
http://www.wikidata.org/entity/Q1432201,10
http://www.wikidata.org/entity/Q1432540,12
http://www.wikidata.org/entity/Q1432836,12
http://www.wikidata.org/entity/Q1432934,13
http://www.wikidata.org/entity/Q1433387,21
http://www.wikidata.org/entity/Q1433547,8
http://www.wikidata.org/entity/Q1435485,17
http://www.wikidata.org/entity/Q1435509,12
http://www.wikidata.org/entity/Q1436228,11
http://www.wikidata.org/entity/Q1437709,4
http://www.wikidata.org/entity/Q1440196,4
http://www.wikidata.org/entity/Q1443316,38
http://www.wikidata.org/entity/Q1451799,3
http://www.wikidata.org/entity/Q1452181,22
http://www.wikidata.org/entity/Q1452401,19
http://www.wikidata.org/entity/Q1455292,16
http://www.wikidata.org/entity/Q1455487,10
http://www.wikidata.org/entity/Q1455932,33
http://www.wikidata.org/entity/Q1457545,8
http://www.wikidata.org/entity/Q1457753,17
http://www.wikidata.org/entity/Q1460303,8
http://www.wikidata.org/entity/Q1464124,3
http://www.wikidata.org/entity/Q1465419,16
http://www.wikidata.org/entity/Q1467193,5
http://www.wikidata.org/entity/Q1468751,6
http://www.wikidata.org/entity/Q1470503,13
http://www.wikidata.org/entity/Q1472271,22
http://www.wikidata.org/entity/Q1474342,2
http://www.wikidata.org/entity/Q1474372,33
http://www.wikidata.org/entity/Q1477428,9
http://www.wikidata.org/entity/Q1482325,26
http://www.wikidata.org/entity/Q1484821,8
http://www.wikidata.org/entity/Q1490170,14
http://www.wikidata.org/entity/Q1492977,8
http://www.wikidata.org/entity/Q1493069,10
http://www.wikidata.org/entity/Q1493531,5
http://www.wikidata.org/entity/Q1495855,2
http://www.wikidata.org/entity/Q1499262,9
http://www.wikidata.org/entity/Q1499839,14
http://www.wikidata.org/entity/Q1500364,16
http://www.wikidata.org/entity/Q1503406,15
http://www.wikidata.org/entity/Q1507298,22
http://www.wikidata.org/entity/Q1510942,25
http://www.wikidata.org/entity/Q1515757,15
http://www.wikidata.org/entity/Q1516324,4
http://www.wikidata.org/entity/Q1518063,17
http://www.wikidata.org/entity/Q1519864,8
http://www.wikidata.org/entity/Q1521688,16
http://www.wikidata.org/entity/Q1522794,11
http://www.wikidata.org/entity/Q1524033,11
http://www.wikidata.org/entity/Q1524296,11
http://www.wikidata.org/entity/Q1530455,20
http://www.wikidata.org/entity/Q1534821,8
http://www.wikidata.org/entity/Q1537056,16
http://www.wikidata.org/entity/Q1538765,6
http://www.wikidata.org/entity/Q1538805,9
http://www.wikidata.org/entity/Q1540495,12
http://www.wikidata.org/entity/Q1541229,22
http://www.wikidata.org/entity/Q1544863,25
http://www.wikidata.org/entity/Q1545226,4
http://www.wikidata.org/entity/Q1546028,14
http://www.wikidata.org/entity/Q1547148,15
http://www.wikidata.org/entity/Q1547998,7
http://www.wikidata.org/entity/Q1548170,19
http://www.wikidata.org/entity/Q1548603,12
http://www.wikidata.org/entity/Q1550501,15
http://www.wikidata.org/entity/Q1552806,14
http://www.wikidata.org/entity/Q1564596,28
http://www.wikidata.org/entity/Q1564657,7
http://www.wikidata.org/entity/Q1567032,11
http://www.wikidata.org/entity/Q1571388,6
http://www.wikidata.org/entity/Q1574985,30
http://www.wikidata.org/entity/Q1583807,27
http://www.wikidata.org/entity/Q1585015,12
http://www.wikidata.org/entity/Q1585075,10
http://www.wikidata.org/entity/Q1585558,20
http://www.wikidata.org/entity/Q1588913,4
http://www.wikidata.org/entity/Q1597549,19
http://www.wikidata.org/entity/Q1606591,10
http://www.wikidata.org/entity/Q1610196,6
http://www.wikidata.org/entity/Q1615483,16
http://www.wikidata.org/entity/Q1619932,12
http://www.wikidata.org/entity/Q1620079,7
http://www.wikidata.org/entity/Q1620760,4
http://www.wikidata.org/entity/Q1621467,13
http://www.wikidata.org/entity/Q1622261,9
http://www.wikidata.org/entity/Q1632601,12
http://www.wikidata.org/entity/Q1634085,17
http://www.wikidata.org/entity/Q1636684,19
http://www.wikidata.org/entity/Q1640319,35
http://www.wikidata.org/entity/Q1640587,14
http://www.wikidata.org/entity/Q1641839,18
http://www.wikidata.org/entity/Q1643549,11
http://www.wikidata.org/entity/Q1646666,23
http://www.wikidata.org/entity/Q1650296,15
http://www.wikidata.org/entity/Q1651804,5
http://www.wikidata.org/entity/Q1658757,13
http://www.wikidata.org/entity/Q1659646,3
http://www.wikidata.org/entity/Q1661924,10
http://www.wikidata.org/entity/Q1662181,11
http://www.wikidata.org/entity/Q1666311,11
http://www.wikidata.org/entity/Q1669458,6
http://www.wikidata.org/entity/Q1669802,9
http://www.wikidata.org/entity/Q1672398,21
http://www.wikidata.org/entity/Q1672918,6
http://www.wikidata.org/entity/Q1673922,12
http://www.wikidata.org/entity/Q1674327,2
http://www.wikidata.org/entity/Q1674378,6
http://www.wikidata.org/entity/Q1677377,21
http://www.wikidata.org/entity/Q1678395,6
http://www.wikidata.org/entity/Q1682210,5
http://www.wikidata.org/entity/Q1682783,9
http://www.wikidata.org/entity/Q1683348,14
http://www.wikidata.org/entity/Q1684441,8
http://www.wikidata.org/entity/Q1684501,8
http://www.wikidata.org/entity/Q1684520,8
http://www.wikidata.org/entity/Q1684532,16
http://www.wikidata.org/entity/Q1684559,7
http://www.wikidata.org/entity/Q1692318,12
http://www.wikidata.org/entity/Q1695023,18
http://www.wikidata.org/entity/Q1702909,14
http://www.wikidata.org/entity/Q1713462,5
http://www.wikidata.org/entity/Q1715700,19
http://www.wikidata.org/entity/Q1716019,41
http://www.wikidata.org/entity/Q1730388,27
http://www.wikidata.org/entity/Q1735204,10
http://www.wikidata.org/entity/Q1736883,8
http://www.wikidata.org/entity/Q1737332,12
http://www.wikidata.org/entity/Q1737691,15
http://www.wikidata.org/entity/Q1738175,4
http://www.wikidata.org/entity/Q1742770,6
http://www.wikidata.org/entity/Q1744304,13
http://www.wikidata.org/entity/Q1744327,31
http://www.wikidata.org/entity/Q1744659,10
http://www.wikidata.org/entity/Q1746023,11
http://www.wikidata.org/entity/Q1750049,7
http://www.wikidata.org/entity/Q1750088,9
http://www.wikidata.org/entity/Q1751409,12
http://www.wikidata.org/entity/Q1751782,9
http://www.wikidata.org/entity/Q1752683,26
http://www.wikidata.org/entity/Q1752801,12
http://www.wikidata.org/entity/Q1753071,14
http://www.wikidata.org/entity/Q1753803,29
http://www.wikidata.org/entity/Q1754592,12
http://www.wikidata.org/entity/Q1755959,19
http://www.wikidata.org/entity/Q1756101,10
http://www.wikidata.org/entity/Q1756680,7
http://www.wikidata.org/entity/Q1759189,16
http://www.wikidata.org/entity/Q1760256,11
http://www.wikidata.org/entity/Q1762761,20
http://www.wikidata.org/entity/Q1763023,4
http://www.wikidata.org/entity/Q1766836,9
http://www.wikidata.org/entity/Q1770695,22
http://www.wikidata.org/entity/Q1771297,13
http://www.wikidata.org/entity/Q1772422,17
http://www.wikidata.org/entity/Q1773654,10
http://www.wikidata.org/entity/Q1775316,17
http://www.wikidata.org/entity/Q1775526,6
http://www.wikidata.org/entity/Q1777052,3
http://www.wikidata.org/entity/Q1778129,8
http://www.wikidata.org/entity/Q1779217,12
http://www.wikidata.org/entity/Q1779294,12
http://www.wikidata.org/entity/Q1779319,8
http://www.wikidata.org/entity/Q1780056,17
http://www.wikidata.org/entity/Q1781796,20
http://www.wikidata.org/entity/Q1784032,11
http://www.wikidata.org/entity/Q1784106,12
http://www.wikidata.org/entity/Q1785028,17
http://www.wikidata.org/entity/Q1785243,10
http://www.wikidata.org/entity/Q1786724,6
http://www.wikidata.org/entity/Q1790876,8
http://www.wikidata.org/entity/Q1793004,11
http://www.wikidata.org/entity/Q1795903,8
http://www.wikidata.org/entity/Q1797650,13
http://www.wikidata.org/entity/Q1798870,12
http://www.wikidata.org/entity/Q1799871,5
http://www.wikidata.org/entity/Q1801496,7
http://www.wikidata.org/entity/Q1804789,2
http://www.wikidata.org/entity/Q1808721,20
http://www.wikidata.org/entity/Q1810546,19
http://www.wikidata.org/entity/Q1811682,8
http://www.wikidata.org/entity/Q1815364,15
http://www.wikidata.org/entity/Q1817297,6
http://www.wikidata.org/entity/Q1818108,3
http://www.wikidata.org/entity/Q1840167,16
http://www.wikidata.org/entity/Q1849006,5
http://www.wikidata.org/entity/Q1859194,2
http://www.wikidata.org/entity/Q1866223,10
http://www.wikidata.org/entity/Q65051359,3
http://www.wikidata.org/entity/Q65052052,6
http://www.wikidata.org/entity/Q65063851,6
http://www.wikidata.org/entity/Q65065396,11
http://www.wikidata.org/entity/Q65065491,12
http://www.wikidata.org/entity/Q65066576,4
http://www.wikidata.org/entity/Q65067835,6
http://www.wikidata.org/entity/Q65089257,10
http://www.wikidata.org/entity/Q65089976,4
http://www.wikidata.org/entity/Q65154273,6
http://www.wikidata.org/entity/Q65159619,4
http://www.wikidata.org/entity/Q65165373,2
http://www.wikidata.org/entity/Q65177809,9
http://www.wikidata.org/entity/Q65204373,7
http://www.wikidata.org/entity/Q65209820,9
http://www.wikidata.org/entity/Q65210341,9
http://www.wikidata.org/entity/Q65210670,12
http://www.wikidata.org/entity/Q65211712,4
http://www.wikidata.org/entity/Q65211748,8
http://www.wikidata.org/entity/Q65211801,4
http://www.wikidata.org/entity/Q65211993,8
http://www.wikidata.org/entity/Q65212418,9
http://www.wikidata.org/entity/Q65213526,4
http://www.wikidata.org/entity/Q65226754,5
http://www.wikidata.org/entity/Q65267090,3
http://www.wikidata.org/entity/Q65271568,4
http://www.wikidata.org/entity/Q65275479,6
http://www.wikidata.org/entity/Q65276678,7
http://www.wikidata.org/entity/Q65295316,3
http://www.wikidata.org/entity/Q65330805,8
http://www.wikidata.org/entity/Q65335148,3
http://www.wikidata.org/entity/Q65427884,2
http://www.wikidata.org/entity/Q65434338,2
http://www.wikidata.org/entity/Q65447927,6
http://www.wikidata.org/entity/Q65448155,3
http://www.wikidata.org/entity/Q65453789,6
http://www.wikidata.org/entity/Q65455870,4
http://www.wikidata.org/entity/Q65936357,10
http://www.wikidata.org/entity/Q65936391,7
http://www.wikidata.org/entity/Q65936979,4
http://www.wikidata.org/entity/Q65937017,9
http://www.wikidata.org/entity/Q65937774,6
http://www.wikidata.org/entity/Q65937817,6
http://www.wikidata.org/entity/Q65937845,3
http://www.wikidata.org/entity/Q65937876,4
http://www.wikidata.org/entity/Q65937893,5
http://www.wikidata.org/entity/Q65937906,4
http://www.wikidata.org/entity/Q65937937,5
http://www.wikidata.org/entity/Q65937946,16
http://www.wikidata.org/entity/Q65937954,9
http://www.wikidata.org/entity/Q65943390,5
http://www.wikidata.org/entity/Q65943557,4
http://www.wikidata.org/entity/Q65943744,3
http://www.wikidata.org/entity/Q65943778,11
http://www.wikidata.org/entity/Q65943851,10
http://www.wikidata.org/entity/Q66364245,12
http://www.wikidata.org/entity/Q66686936,4
http://www.wikidata.org/entity/Q68926236,5
http://www.wikidata.org/entity/Q70275981,5
http://www.wikidata.org/entity/Q70985721,5
http://www.wikidata.org/entity/Q70985836,4
http://www.wikidata.org/entity/Q72862526,12
http://www.wikidata.org/entity/Q73263678,9
http://www.wikidata.org/entity/Q76825003,2
http://www.wikidata.org/entity/Q79054127,4
http://www.wikidata.org/entity/Q79784514,8
http://www.wikidata.org/entity/Q79891737,5
http://www.wikidata.org/entity/Q80480981,7
http://www.wikidata.org/entity/Q80724407,13
http://www.wikidata.org/entity/Q80724932,8
http://www.wikidata.org/entity/Q80725067,13
http://www.wikidata.org/entity/Q80725127,13
http://www.wikidata.org/entity/Q83330307,5
http://www.wikidata.org/entity/Q84322263,8
http://www.wikidata.org/entity/Q84433946,2
http://www.wikidata.org/entity/Q85740017,9
http://www.wikidata.org/entity/Q85741139,19
http://www.wikidata.org/entity/Q85748774,7
http://www.wikidata.org/entity/Q85749252,8
http://www.wikidata.org/entity/Q85755605,4
http://www.wikidata.org/entity/Q85765918,9
http://www.wikidata.org/entity/Q85769955,5
http://www.wikidata.org/entity/Q85775929,4
http://www.wikidata.org/entity/Q85785117,7
http://www.wikidata.org/entity/Q85787413,6
http://www.wikidata.org/entity/Q85794311,2
http://www.wikidata.org/entity/Q85809915,4
http://www.wikidata.org/entity/Q85846779,4
http://www.wikidata.org/entity/Q85867089,7
http://www.wikidata.org/entity/Q85867352,2
http://www.wikidata.org/entity/Q86674318,5
http://www.wikidata.org/entity/Q86679227,3
http://www.wikidata.org/entity/Q86726390,5
http://www.wikidata.org/entity/Q86729224,6
http://www.wikidata.org/entity/Q87270951,4
http://www.wikidata.org/entity/Q88340836,30
http://www.wikidata.org/entity/Q88347179,6
http://www.wikidata.org/entity/Q89099707,14
http://www.wikidata.org/entity/Q89363113,22
http://www.wikidata.org/entity/Q89423271,9
http://www.wikidata.org/entity/Q11400811,10
http://www.wikidata.org/entity/Q11402284,6
http://www.wikidata.org/entity/Q11410717,6
http://www.wikidata.org/entity/Q11410949,3
http://www.wikidata.org/entity/Q11418506,3
http://www.wikidata.org/entity/Q11421132,4
http://www.wikidata.org/entity/Q11424707,5
http://www.wikidata.org/entity/Q11434951,5
http://www.wikidata.org/entity/Q11446578,4
http://www.wikidata.org/entity/Q11453478,7
http://www.wikidata.org/entity/Q11459349,10
http://www.wikidata.org/entity/Q11481323,4
http://www.wikidata.org/entity/Q11487510,19
http://www.wikidata.org/entity/Q11489003,8
http://www.wikidata.org/entity/Q11497177,5
http://www.wikidata.org/entity/Q11499279,8
http://www.wikidata.org/entity/Q11500122,6
http://www.wikidata.org/entity/Q11505686,7
http://www.wikidata.org/entity/Q11512269,7
http://www.wikidata.org/entity/Q11512436,5
http://www.wikidata.org/entity/Q11544988,4
http://www.wikidata.org/entity/Q11560476,6
http://www.wikidata.org/entity/Q11560687,7
http://www.wikidata.org/entity/Q11563285,2
http://www.wikidata.org/entity/Q11565443,6
http://www.wikidata.org/entity/Q11565463,5
http://www.wikidata.org/entity/Q11573449,4
http://www.wikidata.org/entity/Q11573651,5
http://www.wikidata.org/entity/Q11574321,5
http://www.wikidata.org/entity/Q11581689,8
http://www.wikidata.org/entity/Q11582047,8
http://www.wikidata.org/entity/Q11598508,5
http://www.wikidata.org/entity/Q11599140,4
http://www.wikidata.org/entity/Q11602782,6
http://www.wikidata.org/entity/Q11603109,8
http://www.wikidata.org/entity/Q11622339,10
http://www.wikidata.org/entity/Q11632191,4
http://www.wikidata.org/entity/Q11632250,4
http://www.wikidata.org/entity/Q11637117,6
http://www.wikidata.org/entity/Q11638369,4
http://www.wikidata.org/entity/Q11643236,3
http://www.wikidata.org/entity/Q11651126,2
http://www.wikidata.org/entity/Q11660484,11
http://www.wikidata.org/entity/Q11660625,4
http://www.wikidata.org/entity/Q11661531,6
http://www.wikidata.org/entity/Q11680297,12
http://www.wikidata.org/entity/Q11691380,8
http://www.wikidata.org/entity/Q11691916,10
http://www.wikidata.org/entity/Q11693015,2
http://www.wikidata.org/entity/Q11693017,12
http://www.wikidata.org/entity/Q11693803,18
http://www.wikidata.org/entity/Q11696000,4
http://www.wikidata.org/entity/Q11696530,3
http://www.wikidata.org/entity/Q11696539,10
http://www.wikidata.org/entity/Q11696996,4
http://www.wikidata.org/entity/Q11700058,16
http://www.wikidata.org/entity/Q11700065,8
http://www.wikidata.org/entity/Q11722315,3
http://www.wikidata.org/entity/Q11733926,6
http://www.wikidata.org/entity/Q11741414,8
http://www.wikidata.org/entity/Q11744534,6
http://www.wikidata.org/entity/Q11747853,7
http://www.wikidata.org/entity/Q11750795,6
http://www.wikidata.org/entity/Q11762859,6
http://www.wikidata.org/entity/Q11773109,5
http://www.wikidata.org/entity/Q11786764,8
http://www.wikidata.org/entity/Q11787378,5
http://www.wikidata.org/entity/Q11787379,6
http://www.wikidata.org/entity/Q11787377,4
http://www.wikidata.org/entity/Q11787389,17
http://www.wikidata.org/entity/Q11787400,1
http://www.wikidata.org/entity/Q11790566,2
http://www.wikidata.org/entity/Q11794650,9
http://www.wikidata.org/entity/Q11796526,3
http://www.wikidata.org/entity/Q11813406,5
http://www.wikidata.org/entity/Q11817196,10
http://www.wikidata.org/entity/Q11821889,20
http://www.wikidata.org/entity/Q11821942,23
http://www.wikidata.org/entity/Q11822344,13
http://www.wikidata.org/entity/Q11830421,7
http://www.wikidata.org/entity/Q11831728,4
http://www.wikidata.org/entity/Q11834879,7
http://www.wikidata.org/entity/Q11835427,11
http://www.wikidata.org/entity/Q11849852,2
http://www.wikidata.org/entity/Q11855589,4
http://www.wikidata.org/entity/Q11870448,3
http://www.wikidata.org/entity/Q11871087,2
http://www.wikidata.org/entity/Q11875657,18
http://www.wikidata.org/entity/Q11876050,8
http://www.wikidata.org/entity/Q11877639,6
http://www.wikidata.org/entity/Q11881224,4
http://www.wikidata.org/entity/Q11882045,4
http://www.wikidata.org/entity/Q11885649,4
http://www.wikidata.org/entity/Q11888699,7
http://www.wikidata.org/entity/Q11889707,3
http://www.wikidata.org/entity/Q11890008,6
http://www.wikidata.org/entity/Q11894761,15
http://www.wikidata.org/entity/Q11899500,3
http://www.wikidata.org/entity/Q11901983,2
http://www.wikidata.org/entity/Q11903204,3
http://www.wikidata.org/entity/Q4215151,8
http://www.wikidata.org/entity/Q4216001,10
http://www.wikidata.org/entity/Q4247813,3
http://www.wikidata.org/entity/Q4251198,15
http://www.wikidata.org/entity/Q4258162,6
http://www.wikidata.org/entity/Q4290471,6
http://www.wikidata.org/entity/Q4306575,9
http://www.wikidata.org/entity/Q4306573,13
http://www.wikidata.org/entity/Q4306578,7
http://www.wikidata.org/entity/Q4306577,10
http://www.wikidata.org/entity/Q4306583,15
http://www.wikidata.org/entity/Q4306588,13
http://www.wikidata.org/entity/Q4306636,8
http://www.wikidata.org/entity/Q4317267,5
http://www.wikidata.org/entity/Q4337652,8
http://www.wikidata.org/entity/Q4349839,11
http://www.wikidata.org/entity/Q4355815,10
http://www.wikidata.org/entity/Q4371786,9
http://www.wikidata.org/entity/Q4372158,7
http://www.wikidata.org/entity/Q4376204,4
http://www.wikidata.org/entity/Q4381192,16
http://www.wikidata.org/entity/Q4381349,14
http://www.wikidata.org/entity/Q4390945,10
http://www.wikidata.org/entity/Q4396829,7
http://www.wikidata.org/entity/Q4400125,29
http://www.wikidata.org/entity/Q4400498,16
http://www.wikidata.org/entity/Q4400497,18
http://www.wikidata.org/entity/Q4400803,4
http://www.wikidata.org/entity/Q4400837,17
http://www.wikidata.org/entity/Q4428744,22
http://www.wikidata.org/entity/Q4440575,9
http://www.wikidata.org/entity/Q4444254,9
http://www.wikidata.org/entity/Q4448560,3
http://www.wikidata.org/entity/Q4452477,8
http://www.wikidata.org/entity/Q4452845,3
http://www.wikidata.org/entity/Q4453768,7
http://www.wikidata.org/entity/Q4456147,2
http://www.wikidata.org/entity/Q4456413,2
http://www.wikidata.org/entity/Q4469861,4
http://www.wikidata.org/entity/Q4490718,13
http://www.wikidata.org/entity/Q4490991,10
http://www.wikidata.org/entity/Q4499034,9
http://www.wikidata.org/entity/Q4499627,5
http://www.wikidata.org/entity/Q4501461,3
http://www.wikidata.org/entity/Q4528554,11
http://www.wikidata.org/entity/Q4585173,6
http://www.wikidata.org/entity/Q4585201,9
http://www.wikidata.org/entity/Q4631020,12
http://www.wikidata.org/entity/Q4637208,5
http://www.wikidata.org/entity/Q4666464,4
http://www.wikidata.org/entity/Q4668375,8
http://www.wikidata.org/entity/Q4668383,14
http://www.wikidata.org/entity/Q4670712,3
http://www.wikidata.org/entity/Q4684501,3
http://www.wikidata.org/entity/Q4685875,4
http://www.wikidata.org/entity/Q4690039,9
http://www.wikidata.org/entity/Q4690168,8
http://www.wikidata.org/entity/Q4691163,5
http://www.wikidata.org/entity/Q4691650,9
http://www.wikidata.org/entity/Q4694554,8
http://www.wikidata.org/entity/Q4696445,17
http://www.wikidata.org/entity/Q4698401,4
http://www.wikidata.org/entity/Q4699758,3
http://www.wikidata.org/entity/Q4706203,8
http://www.wikidata.org/entity/Q4709178,4
http://www.wikidata.org/entity/Q4709224,6
http://www.wikidata.org/entity/Q4733626,4
http://www.wikidata.org/entity/Q4735603,7
http://www.wikidata.org/entity/Q4736507,4
http://www.wikidata.org/entity/Q4736555,6
http://www.wikidata.org/entity/Q4741152,7
http://www.wikidata.org/entity/Q4745427,4
http://www.wikidata.org/entity/Q4745455,2
http://www.wikidata.org/entity/Q4745477,9
http://www.wikidata.org/entity/Q4745509,5
http://www.wikidata.org/entity/Q4745516,5
http://www.wikidata.org/entity/Q4752812,6
http://www.wikidata.org/entity/Q4752840,13
http://www.wikidata.org/entity/Q4752921,6
http://www.wikidata.org/entity/Q4763551,11
http://www.wikidata.org/entity/Q4763552,14
http://www.wikidata.org/entity/Q4763788,6
http://www.wikidata.org/entity/Q4771607,5
http://www.wikidata.org/entity/Q4780884,16
http://www.wikidata.org/entity/Q4789437,9
http://www.wikidata.org/entity/Q4794612,19
http://www.wikidata.org/entity/Q4796091,5
http://www.wikidata.org/entity/Q4797274,23
http://www.wikidata.org/entity/Q4797276,5
http://www.wikidata.org/entity/Q4806789,9
http://www.wikidata.org/entity/Q4810433,6
http://www.wikidata.org/entity/Q4825017,7
http://www.wikidata.org/entity/Q4825029,8
http://www.wikidata.org/entity/Q4825034,9
http://www.wikidata.org/entity/Q4825221,7
http://www.wikidata.org/entity/Q4825229,7
http://www.wikidata.org/entity/Q4832426,6
http://www.wikidata.org/entity/Q4832826,13
http://www.wikidata.org/entity/Q4832900,5
http://www.wikidata.org/entity/Q4838724,6
http://www.wikidata.org/entity/Q108847554,3
http://www.wikidata.org/entity/Q108857328,6
http://www.wikidata.org/entity/Q108857462,7
http://www.wikidata.org/entity/Q108857617,4
http://www.wikidata.org/entity/Q108857881,5
http://www.wikidata.org/entity/Q108864684,5
http://www.wikidata.org/entity/Q108865641,6
http://www.wikidata.org/entity/Q108866070,5
http://www.wikidata.org/entity/Q108866073,4
http://www.wikidata.org/entity/Q108866081,8
http://www.wikidata.org/entity/Q108866112,6
http://www.wikidata.org/entity/Q108869492,5
http://www.wikidata.org/entity/Q108887930,2
http://www.wikidata.org/entity/Q108907695,3
http://www.wikidata.org/entity/Q108909775,3
http://www.wikidata.org/entity/Q108949981,5
http://www.wikidata.org/entity/Q108950417,4
http://www.wikidata.org/entity/Q108951349,6
http://www.wikidata.org/entity/Q108955254,6
http://www.wikidata.org/entity/Q108979517,6
http://www.wikidata.org/entity/Q108981355,5
http://www.wikidata.org/entity/Q108981539,3
http://www.wikidata.org/entity/Q108981578,4
http://www.wikidata.org/entity/Q109012701,5
http://www.wikidata.org/entity/Q109017384,2
http://www.wikidata.org/entity/Q109018310,3
http://www.wikidata.org/entity/Q109040764,4
http://www.wikidata.org/entity/Q109041707,2
http://www.wikidata.org/entity/Q109048162,6
http://www.wikidata.org/entity/Q109050954,5
http://www.wikidata.org/entity/Q109050964,6
http://www.wikidata.org/entity/Q109077288,6
http://www.wikidata.org/entity/Q109105322,4
http://www.wikidata.org/entity/Q109128978,3
http://www.wikidata.org/entity/Q109146989,3
http://www.wikidata.org/entity/Q109148913,6
http://www.wikidata.org/entity/Q109225999,5
http://www.wikidata.org/entity/Q109270884,5
http://www.wikidata.org/entity/Q109270949,6
http://www.wikidata.org/entity/Q109271391,5
http://www.wikidata.org/entity/Q109271585,6
http://www.wikidata.org/entity/Q109271682,5
http://www.wikidata.org/entity/Q109271831,4
http://www.wikidata.org/entity/Q109271890,8
http://www.wikidata.org/entity/Q109272409,9
http://www.wikidata.org/entity/Q109273016,3
http://www.wikidata.org/entity/Q109301488,2
http://www.wikidata.org/entity/Q109303336,6
http://www.wikidata.org/entity/Q109303621,5
http://www.wikidata.org/entity/Q109303626,5
http://www.wikidata.org/entity/Q109303634,5
http://www.wikidata.org/entity/Q109303776,5
http://www.wikidata.org/entity/Q109303807,9
http://www.wikidata.org/entity/Q109306179,3
http://www.wikidata.org/entity/Q109311356,3
http://www.wikidata.org/entity/Q109311605,6
http://www.wikidata.org/entity/Q109322851,6
http://www.wikidata.org/entity/Q109326538,5
http://www.wikidata.org/entity/Q109326663,5
http://www.wikidata.org/entity/Q109327528,6
http://www.wikidata.org/entity/Q109332430,3
http://www.wikidata.org/entity/Q109335331,5
http://www.wikidata.org/entity/Q109350090,7
http://www.wikidata.org/entity/Q109367856,3
http://www.wikidata.org/entity/Q109369576,5
http://www.wikidata.org/entity/Q109369672,3
http://www.wikidata.org/entity/Q109378709,4
http://www.wikidata.org/entity/Q109378725,5
http://www.wikidata.org/entity/Q109378734,10
http://www.wikidata.org/entity/Q109381505,4
http://www.wikidata.org/entity/Q109382160,7
http://www.wikidata.org/entity/Q109382432,6
http://www.wikidata.org/entity/Q109406646,6
http://www.wikidata.org/entity/Q109406661,4
http://www.wikidata.org/entity/Q109406736,4
http://www.wikidata.org/entity/Q109415416,6
http://www.wikidata.org/entity/Q109424969,3
http://www.wikidata.org/entity/Q109425937,4
http://www.wikidata.org/entity/Q109426115,4
http://www.wikidata.org/entity/Q109466271,4
http://www.wikidata.org/entity/Q109469638,5
http://www.wikidata.org/entity/Q109470579,3
http://www.wikidata.org/entity/Q109470645,3
http://www.wikidata.org/entity/Q109470683,4
http://www.wikidata.org/entity/Q109470686,3
http://www.wikidata.org/entity/Q109470687,3
http://www.wikidata.org/entity/Q109470684,3
http://www.wikidata.org/entity/Q109470685,3
http://www.wikidata.org/entity/Q109470688,3
http://www.wikidata.org/entity/Q109500707,6
http://www.wikidata.org/entity/Q109500733,6
http://www.wikidata.org/entity/Q109500753,6
http://www.wikidata.org/entity/Q109500872,5
http://www.wikidata.org/entity/Q109523071,7
http://www.wikidata.org/entity/Q109526125,8
http://www.wikidata.org/entity/Q109527761,5
http://www.wikidata.org/entity/Q109538468,5
http://www.wikidata.org/entity/Q109538574,7
http://www.wikidata.org/entity/Q109555263,5
http://www.wikidata.org/entity/Q109560218,6
http://www.wikidata.org/entity/Q4841438,5
http://www.wikidata.org/entity/Q4841596,11
http://www.wikidata.org/entity/Q4846346,12
http://www.wikidata.org/entity/Q4848674,8
http://www.wikidata.org/entity/Q4848738,10
http://www.wikidata.org/entity/Q4848983,3
http://www.wikidata.org/entity/Q4849865,2
http://www.wikidata.org/entity/Q4851096,6
http://www.wikidata.org/entity/Q4851628,23
http://www.wikidata.org/entity/Q4852449,7
http://www.wikidata.org/entity/Q4852979,16
http://www.wikidata.org/entity/Q4854353,5
http://www.wikidata.org/entity/Q4854619,9
http://www.wikidata.org/entity/Q4855476,7
http://www.wikidata.org/entity/Q4855483,8
http://www.wikidata.org/entity/Q4855518,3
http://www.wikidata.org/entity/Q4857249,3
http://www.wikidata.org/entity/Q4864776,9
http://www.wikidata.org/entity/Q4869661,7
http://www.wikidata.org/entity/Q4873394,5
http://www.wikidata.org/entity/Q4875789,10
http://www.wikidata.org/entity/Q4877851,3
http://www.wikidata.org/entity/Q4879372,7
http://www.wikidata.org/entity/Q4882148,6
http://www.wikidata.org/entity/Q4888038,5
http://www.wikidata.org/entity/Q4889602,6
http://www.wikidata.org/entity/Q4890645,5
http://www.wikidata.org/entity/Q4897056,6
http://www.wikidata.org/entity/Q4901016,3
http://www.wikidata.org/entity/Q4905606,5
http://www.wikidata.org/entity/Q4917174,5
http://www.wikidata.org/entity/Q4925966,6
http://www.wikidata.org/entity/Q4930356,4
http://www.wikidata.org/entity/Q4936212,6
http://www.wikidata.org/entity/Q4936373,3
http://www.wikidata.org/entity/Q4936753,6
http://www.wikidata.org/entity/Q4937089,6
http://www.wikidata.org/entity/Q4938135,3
http://www.wikidata.org/entity/Q4939163,4
http://www.wikidata.org/entity/Q4940448,6
http://www.wikidata.org/entity/Q4942839,15
http://www.wikidata.org/entity/Q4943457,5
http://www.wikidata.org/entity/Q4945025,8
http://www.wikidata.org/entity/Q4945110,9
http://www.wikidata.org/entity/Q4947417,5
http://www.wikidata.org/entity/Q4947422,9
http://www.wikidata.org/entity/Q4948714,8
http://www.wikidata.org/entity/Q4949812,17
http://www.wikidata.org/entity/Q4950495,6
http://www.wikidata.org/entity/Q4950496,17
http://www.wikidata.org/entity/Q4958465,4
http://www.wikidata.org/entity/Q4958927,9
http://www.wikidata.org/entity/Q4965901,15
http://www.wikidata.org/entity/Q4968631,6
http://www.wikidata.org/entity/Q4969182,7
http://www.wikidata.org/entity/Q4971320,9
http://www.wikidata.org/entity/Q4971384,11
http://www.wikidata.org/entity/Q4971422,6
http://www.wikidata.org/entity/Q4971442,8
http://www.wikidata.org/entity/Q4971443,6
http://www.wikidata.org/entity/Q4971454,7
http://www.wikidata.org/entity/Q4975996,7
http://www.wikidata.org/entity/Q4982327,4
http://www.wikidata.org/entity/Q4985524,4
http://www.wikidata.org/entity/Q4993367,10
http://www.wikidata.org/entity/Q4993553,9
http://www.wikidata.org/entity/Q4993817,9
http://www.wikidata.org/entity/Q4996252,7
http://www.wikidata.org/entity/Q4996773,9
http://www.wikidata.org/entity/Q4998143,10
http://www.wikidata.org/entity/Q4999448,7
http://www.wikidata.org/entity/Q5000356,12
http://www.wikidata.org/entity/Q5001430,6
http://www.wikidata.org/entity/Q5015164,5
http://www.wikidata.org/entity/Q5015165,3
http://www.wikidata.org/entity/Q5018019,2
http://www.wikidata.org/entity/Q5024670,2
http://www.wikidata.org/entity/Q5024683,2
http://www.wikidata.org/entity/Q5030714,10
http://www.wikidata.org/entity/Q5030825,10
http://www.wikidata.org/entity/Q5030866,7
http://www.wikidata.org/entity/Q5031532,4
http://www.wikidata.org/entity/Q5033854,2
http://www.wikidata.org/entity/Q5039688,8
http://www.wikidata.org/entity/Q5054785,3
http://www.wikidata.org/entity/Q5058545,7
http://www.wikidata.org/entity/Q5058557,7
http://www.wikidata.org/entity/Q5060331,9
http://www.wikidata.org/entity/Q5063233,3
http://www.wikidata.org/entity/Q5068130,3
http://www.wikidata.org/entity/Q5069474,7
http://www.wikidata.org/entity/Q5069525,9
http://www.wikidata.org/entity/Q5070237,3
http://www.wikidata.org/entity/Q5071702,11
http://www.wikidata.org/entity/Q5072584,4
http://www.wikidata.org/entity/Q5072696,4
http://www.wikidata.org/entity/Q5072880,11
http://www.wikidata.org/entity/Q5073926,5
http://www.wikidata.org/entity/Q5088687,3
http://www.wikidata.org/entity/Q5096318,8
http://www.wikidata.org/entity/Q1868278,9
http://www.wikidata.org/entity/Q1871532,13
http://www.wikidata.org/entity/Q1872505,16
http://www.wikidata.org/entity/Q1878514,9
http://www.wikidata.org/entity/Q1879175,9
http://www.wikidata.org/entity/Q1884018,9
http://www.wikidata.org/entity/Q1884689,12
http://www.wikidata.org/entity/Q1889001,10
http://www.wikidata.org/entity/Q1890098,14
http://www.wikidata.org/entity/Q1891685,17
http://www.wikidata.org/entity/Q1892019,8
http://www.wikidata.org/entity/Q1899347,15
http://www.wikidata.org/entity/Q1902656,3
http://www.wikidata.org/entity/Q1913888,14
http://www.wikidata.org/entity/Q1914924,11
http://www.wikidata.org/entity/Q1915787,8
http://www.wikidata.org/entity/Q1928583,12
http://www.wikidata.org/entity/Q1929352,19
http://www.wikidata.org/entity/Q1930107,18
http://www.wikidata.org/entity/Q1931130,24
http://www.wikidata.org/entity/Q1931555,12
http://www.wikidata.org/entity/Q1936659,16
http://www.wikidata.org/entity/Q1937548,16
http://www.wikidata.org/entity/Q1938987,3
http://www.wikidata.org/entity/Q1939197,8
http://www.wikidata.org/entity/Q1942905,6
http://www.wikidata.org/entity/Q1947846,9
http://www.wikidata.org/entity/Q1952679,4
http://www.wikidata.org/entity/Q1952808,4
http://www.wikidata.org/entity/Q1954953,6
http://www.wikidata.org/entity/Q1955000,12
http://www.wikidata.org/entity/Q1955040,12
http://www.wikidata.org/entity/Q1956166,11
http://www.wikidata.org/entity/Q1958247,8
http://www.wikidata.org/entity/Q1958273,18
http://www.wikidata.org/entity/Q1969410,5
http://www.wikidata.org/entity/Q1973457,17
http://www.wikidata.org/entity/Q1973860,14
http://www.wikidata.org/entity/Q1973965,12
http://www.wikidata.org/entity/Q1976128,9
http://www.wikidata.org/entity/Q1980100,6
http://www.wikidata.org/entity/Q1980609,19
http://www.wikidata.org/entity/Q1982426,12
http://www.wikidata.org/entity/Q1982477,4
http://www.wikidata.org/entity/Q1982973,7
http://www.wikidata.org/entity/Q1983116,10
http://www.wikidata.org/entity/Q1983750,8
http://www.wikidata.org/entity/Q1987105,8
http://www.wikidata.org/entity/Q1987980,8
http://www.wikidata.org/entity/Q1989725,18
http://www.wikidata.org/entity/Q1990122,12
http://www.wikidata.org/entity/Q1991450,5
http://www.wikidata.org/entity/Q1995569,9
http://www.wikidata.org/entity/Q1995980,10
http://www.wikidata.org/entity/Q2000173,11
http://www.wikidata.org/entity/Q2000397,9
http://www.wikidata.org/entity/Q2001062,3
http://www.wikidata.org/entity/Q2002705,8
http://www.wikidata.org/entity/Q2003975,2
http://www.wikidata.org/entity/Q2004156,11
http://www.wikidata.org/entity/Q2022163,16
http://www.wikidata.org/entity/Q2028627,9
http://www.wikidata.org/entity/Q2032053,15
http://www.wikidata.org/entity/Q2035976,27
http://www.wikidata.org/entity/Q2036172,10
http://www.wikidata.org/entity/Q2037128,5
http://www.wikidata.org/entity/Q2038317,6
http://www.wikidata.org/entity/Q2043175,11
http://www.wikidata.org/entity/Q2045168,3
http://www.wikidata.org/entity/Q2045695,9
http://www.wikidata.org/entity/Q2047694,4
http://www.wikidata.org/entity/Q2047814,12
http://www.wikidata.org/entity/Q2064394,21
http://www.wikidata.org/entity/Q2064873,4
http://www.wikidata.org/entity/Q2069651,10
http://www.wikidata.org/entity/Q2070102,8
http://www.wikidata.org/entity/Q2076779,10
http://www.wikidata.org/entity/Q2078706,8
http://www.wikidata.org/entity/Q2082510,10
http://www.wikidata.org/entity/Q2082572,15
http://www.wikidata.org/entity/Q2084353,16
http://www.wikidata.org/entity/Q2087267,21
http://www.wikidata.org/entity/Q2089511,11
http://www.wikidata.org/entity/Q2089987,10
http://www.wikidata.org/entity/Q2090023,14
http://www.wikidata.org/entity/Q2090712,13
http://www.wikidata.org/entity/Q2090950,33
http://www.wikidata.org/entity/Q2094385,12
http://www.wikidata.org/entity/Q2097664,12
http://www.wikidata.org/entity/Q2101610,7
http://www.wikidata.org/entity/Q2101613,7
http://www.wikidata.org/entity/Q2101808,7
http://www.wikidata.org/entity/Q2102487,7
http://www.wikidata.org/entity/Q2102553,8
http://www.wikidata.org/entity/Q2104067,10
http://www.wikidata.org/entity/Q2104307,2
http://www.wikidata.org/entity/Q2105045,3
http://www.wikidata.org/entity/Q2105776,9
http://www.wikidata.org/entity/Q2106887,4
http://www.wikidata.org/entity/Q2109360,8
http://www.wikidata.org/entity/Q109585546,5
http://www.wikidata.org/entity/Q109586004,6
http://www.wikidata.org/entity/Q109586237,5
http://www.wikidata.org/entity/Q109589325,4
http://www.wikidata.org/entity/Q109589387,7
http://www.wikidata.org/entity/Q109589472,4
http://www.wikidata.org/entity/Q109589503,4
http://www.wikidata.org/entity/Q109589562,5
http://www.wikidata.org/entity/Q109589620,3
http://www.wikidata.org/entity/Q109589714,5
http://www.wikidata.org/entity/Q109615856,4
http://www.wikidata.org/entity/Q109626458,8
http://www.wikidata.org/entity/Q109646867,5
http://www.wikidata.org/entity/Q109653544,5
http://www.wikidata.org/entity/Q109656646,17
http://www.wikidata.org/entity/Q109660794,12
http://www.wikidata.org/entity/Q109678435,5
http://www.wikidata.org/entity/Q109700349,5
http://www.wikidata.org/entity/Q109713720,5
http://www.wikidata.org/entity/Q109713745,5
http://www.wikidata.org/entity/Q109713788,4
http://www.wikidata.org/entity/Q109713845,4
http://www.wikidata.org/entity/Q109713928,4
http://www.wikidata.org/entity/Q109713947,3
http://www.wikidata.org/entity/Q109714050,4
http://www.wikidata.org/entity/Q109714084,6
http://www.wikidata.org/entity/Q109714096,9
http://www.wikidata.org/entity/Q109715091,6
http://www.wikidata.org/entity/Q109715762,4
http://www.wikidata.org/entity/Q109715837,9
http://www.wikidata.org/entity/Q109719071,4
http://www.wikidata.org/entity/Q109719462,11
http://www.wikidata.org/entity/Q109753718,4
http://www.wikidata.org/entity/Q109753757,5
http://www.wikidata.org/entity/Q109753852,5
http://www.wikidata.org/entity/Q109771322,4
http://www.wikidata.org/entity/Q109771345,4
http://www.wikidata.org/entity/Q109833526,8
http://www.wikidata.org/entity/Q109834799,4
http://www.wikidata.org/entity/Q109851898,3
http://www.wikidata.org/entity/Q109872858,4
http://www.wikidata.org/entity/Q109872930,8
http://www.wikidata.org/entity/Q109872952,5
http://www.wikidata.org/entity/Q109872977,5
http://www.wikidata.org/entity/Q109873092,5
http://www.wikidata.org/entity/Q109873537,11
http://www.wikidata.org/entity/Q109914619,5
http://www.wikidata.org/entity/Q109914703,6
http://www.wikidata.org/entity/Q109914712,5
http://www.wikidata.org/entity/Q109914719,5
http://www.wikidata.org/entity/Q109914864,6
http://www.wikidata.org/entity/Q109915174,4
http://www.wikidata.org/entity/Q109915194,4
http://www.wikidata.org/entity/Q109915203,4
http://www.wikidata.org/entity/Q109916244,7
http://www.wikidata.org/entity/Q109930142,4
http://www.wikidata.org/entity/Q109941986,7
http://www.wikidata.org/entity/Q110016168,4
http://www.wikidata.org/entity/Q110020243,8
http://www.wikidata.org/entity/Q110020310,4
http://www.wikidata.org/entity/Q110038872,3
http://www.wikidata.org/entity/Q110101630,2
http://www.wikidata.org/entity/Q110101806,4
http://www.wikidata.org/entity/Q110101956,6
http://www.wikidata.org/entity/Q110121422,7
http://www.wikidata.org/entity/Q110126996,4
http://www.wikidata.org/entity/Q110127020,4
http://www.wikidata.org/entity/Q110127031,4
http://www.wikidata.org/entity/Q110141586,7
http://www.wikidata.org/entity/Q110143732,5
http://www.wikidata.org/entity/Q110164140,2
http://www.wikidata.org/entity/Q110167313,7
http://www.wikidata.org/entity/Q110167696,7
http://www.wikidata.org/entity/Q110167738,6
http://www.wikidata.org/entity/Q110168453,7
http://www.wikidata.org/entity/Q110185228,4
http://www.wikidata.org/entity/Q110185782,7
http://www.wikidata.org/entity/Q110207937,4
http://www.wikidata.org/entity/Q110226234,13
http://www.wikidata.org/entity/Q110229924,5
http://www.wikidata.org/entity/Q110230168,7
http://www.wikidata.org/entity/Q110230400,5
http://www.wikidata.org/entity/Q110230415,3
http://www.wikidata.org/entity/Q110230419,5
http://www.wikidata.org/entity/Q110230812,5
http://www.wikidata.org/entity/Q110230818,4
http://www.wikidata.org/entity/Q110230816,5
http://www.wikidata.org/entity/Q110231166,5
http://www.wikidata.org/entity/Q110231205,6
http://www.wikidata.org/entity/Q110235979,2
http://www.wikidata.org/entity/Q110241080,5
http://www.wikidata.org/entity/Q110241185,5
http://www.wikidata.org/entity/Q110241400,5
http://www.wikidata.org/entity/Q110241458,3
http://www.wikidata.org/entity/Q110241635,3
http://www.wikidata.org/entity/Q110241752,3
http://www.wikidata.org/entity/Q110242082,5
http://www.wikidata.org/entity/Q110242150,4
http://www.wikidata.org/entity/Q110249607,5
http://www.wikidata.org/entity/Q110249949,5
http://www.wikidata.org/entity/Q89423571,5
http://www.wikidata.org/entity/Q90404841,3
http://www.wikidata.org/entity/Q90414790,2
http://www.wikidata.org/entity/Q90568328,15
http://www.wikidata.org/entity/Q90730712,7
http://www.wikidata.org/entity/Q91057397,4
http://www.wikidata.org/entity/Q91611922,2
http://www.wikidata.org/entity/Q91841612,8
http://www.wikidata.org/entity/Q92869446,4
http://www.wikidata.org/entity/Q93258199,5
http://www.wikidata.org/entity/Q93595416,3
http://www.wikidata.org/entity/Q94119778,5
http://www.wikidata.org/entity/Q94499224,13
http://www.wikidata.org/entity/Q94574942,6
http://www.wikidata.org/entity/Q94639707,6
http://www.wikidata.org/entity/Q94951462,7
http://www.wikidata.org/entity/Q95366506,7
http://www.wikidata.org/entity/Q95469495,20
http://www.wikidata.org/entity/Q96194931,5
http://www.wikidata.org/entity/Q96238833,3
http://www.wikidata.org/entity/Q96373505,5
http://www.wikidata.org/entity/Q96376113,8
http://www.wikidata.org/entity/Q96376126,5
http://www.wikidata.org/entity/Q96394452,4
http://www.wikidata.org/entity/Q96395212,9
http://www.wikidata.org/entity/Q96404775,4
http://www.wikidata.org/entity/Q96647680,15
http://www.wikidata.org/entity/Q96740854,13
http://www.wikidata.org/entity/Q96761277,3
http://www.wikidata.org/entity/Q96870628,12
http://www.wikidata.org/entity/Q96874426,3
http://www.wikidata.org/entity/Q97097034,6
http://www.wikidata.org/entity/Q97159655,3
http://www.wikidata.org/entity/Q97160109,2
http://www.wikidata.org/entity/Q97169418,6
http://www.wikidata.org/entity/Q97171241,5
http://www.wikidata.org/entity/Q97174666,2
http://www.wikidata.org/entity/Q97178866,8
http://www.wikidata.org/entity/Q97180498,4
http://www.wikidata.org/entity/Q97181439,6
http://www.wikidata.org/entity/Q97186903,3
http://www.wikidata.org/entity/Q97212472,5
http://www.wikidata.org/entity/Q97213491,6
http://www.wikidata.org/entity/Q97216998,8
http://www.wikidata.org/entity/Q97219640,3
http://www.wikidata.org/entity/Q97220894,2
http://www.wikidata.org/entity/Q97232317,2
http://www.wikidata.org/entity/Q97241431,2
http://www.wikidata.org/entity/Q97265899,17
http://www.wikidata.org/entity/Q97276030,7
http://www.wikidata.org/entity/Q97277483,8
http://www.wikidata.org/entity/Q97277870,2
http://www.wikidata.org/entity/Q97278139,9
http://www.wikidata.org/entity/Q97326344,12
http://www.wikidata.org/entity/Q97356926,5
http://www.wikidata.org/entity/Q97359235,4
http://www.wikidata.org/entity/Q97365272,2
http://www.wikidata.org/entity/Q97368934,4
http://www.wikidata.org/entity/Q97368941,7
http://www.wikidata.org/entity/Q97375316,5
http://www.wikidata.org/entity/Q97375668,2
http://www.wikidata.org/entity/Q97378346,8
http://www.wikidata.org/entity/Q97481136,3
http://www.wikidata.org/entity/Q97500868,7
http://www.wikidata.org/entity/Q97641033,4
http://www.wikidata.org/entity/Q97659647,5
http://www.wikidata.org/entity/Q97936699,5
http://www.wikidata.org/entity/Q97942949,10
http://www.wikidata.org/entity/Q98076452,2
http://www.wikidata.org/entity/Q98088041,4
http://www.wikidata.org/entity/Q98091634,12
http://www.wikidata.org/entity/Q98528139,6
http://www.wikidata.org/entity/Q98528142,6
http://www.wikidata.org/entity/Q98528143,7
http://www.wikidata.org/entity/Q98528141,7
http://www.wikidata.org/entity/Q98528149,8
http://www.wikidata.org/entity/Q98528158,6
http://www.wikidata.org/entity/Q98528166,6
http://www.wikidata.org/entity/Q98528171,6
http://www.wikidata.org/entity/Q98528178,5
http://www.wikidata.org/entity/Q98528179,4
http://www.wikidata.org/entity/Q98528183,6
http://www.wikidata.org/entity/Q98528181,6
http://www.wikidata.org/entity/Q98528185,9
http://www.wikidata.org/entity/Q98528191,5
http://www.wikidata.org/entity/Q98528189,5
http://www.wikidata.org/entity/Q98528195,14
http://www.wikidata.org/entity/Q98528192,7
http://www.wikidata.org/entity/Q98528198,4
http://www.wikidata.org/entity/Q98528197,4
http://www.wikidata.org/entity/Q98528203,8
http://www.wikidata.org/entity/Q98528206,4
http://www.wikidata.org/entity/Q98528207,6
http://www.wikidata.org/entity/Q98528204,7
http://www.wikidata.org/entity/Q98528210,4
http://www.wikidata.org/entity/Q98528211,4
http://www.wikidata.org/entity/Q98528231,5
http://www.wikidata.org/entity/Q98528232,6
http://www.wikidata.org/entity/Q98528236,7
http://www.wikidata.org/entity/Q98528237,3
http://www.wikidata.org/entity/Q110249967,4
http://www.wikidata.org/entity/Q110250034,4
http://www.wikidata.org/entity/Q110250068,6
http://www.wikidata.org/entity/Q110269470,2
http://www.wikidata.org/entity/Q110272079,3
http://www.wikidata.org/entity/Q110290228,5
http://www.wikidata.org/entity/Q110296483,4
http://www.wikidata.org/entity/Q110312933,8
http://www.wikidata.org/entity/Q110312968,6
http://www.wikidata.org/entity/Q110391569,6
http://www.wikidata.org/entity/Q110391587,10
http://www.wikidata.org/entity/Q110442031,4
http://www.wikidata.org/entity/Q110463493,5
http://www.wikidata.org/entity/Q110471057,4
http://www.wikidata.org/entity/Q110471067,4
http://www.wikidata.org/entity/Q110471091,4
http://www.wikidata.org/entity/Q110471088,4
http://www.wikidata.org/entity/Q110471193,5
http://www.wikidata.org/entity/Q110526693,6
http://www.wikidata.org/entity/Q110526770,4
http://www.wikidata.org/entity/Q110526823,5
http://www.wikidata.org/entity/Q110527222,5
http://www.wikidata.org/entity/Q110544183,3
http://www.wikidata.org/entity/Q110548351,8
http://www.wikidata.org/entity/Q110555065,5
http://www.wikidata.org/entity/Q110558058,6
http://www.wikidata.org/entity/Q110562340,5
http://www.wikidata.org/entity/Q110584468,4
http://www.wikidata.org/entity/Q110584483,4
http://www.wikidata.org/entity/Q110584608,4
http://www.wikidata.org/entity/Q110592306,8
http://www.wikidata.org/entity/Q110592336,6
http://www.wikidata.org/entity/Q110592362,6
http://www.wikidata.org/entity/Q110592389,7
http://www.wikidata.org/entity/Q110592406,6
http://www.wikidata.org/entity/Q110592411,6
http://www.wikidata.org/entity/Q110592414,6
http://www.wikidata.org/entity/Q110592413,6
http://www.wikidata.org/entity/Q110592418,7
http://www.wikidata.org/entity/Q110592421,9
http://www.wikidata.org/entity/Q110592429,6
http://www.wikidata.org/entity/Q110592440,6
http://www.wikidata.org/entity/Q110592449,7
http://www.wikidata.org/entity/Q110592469,7
http://www.wikidata.org/entity/Q110592499,6
http://www.wikidata.org/entity/Q110592506,5
http://www.wikidata.org/entity/Q110592505,7
http://www.wikidata.org/entity/Q110592556,7
http://www.wikidata.org/entity/Q110592562,6
http://www.wikidata.org/entity/Q110592573,6
http://www.wikidata.org/entity/Q110592579,6
http://www.wikidata.org/entity/Q110592598,6
http://www.wikidata.org/entity/Q110592605,6
http://www.wikidata.org/entity/Q110592609,7
http://www.wikidata.org/entity/Q110592616,6
http://www.wikidata.org/entity/Q110592632,8
http://www.wikidata.org/entity/Q110592683,26
http://www.wikidata.org/entity/Q110593014,8
http://www.wikidata.org/entity/Q110593015,8
http://www.wikidata.org/entity/Q110593045,6
http://www.wikidata.org/entity/Q110593059,6
http://www.wikidata.org/entity/Q110593056,8
http://www.wikidata.org/entity/Q110593057,7
http://www.wikidata.org/entity/Q110593062,6
http://www.wikidata.org/entity/Q110593063,8
http://www.wikidata.org/entity/Q110593061,6
http://www.wikidata.org/entity/Q110593066,7
http://www.wikidata.org/entity/Q110593067,8
http://www.wikidata.org/entity/Q110593064,8
http://www.wikidata.org/entity/Q110593065,9
http://www.wikidata.org/entity/Q110593071,7
http://www.wikidata.org/entity/Q110593068,8
http://www.wikidata.org/entity/Q110593074,7
http://www.wikidata.org/entity/Q110593075,7
http://www.wikidata.org/entity/Q110593072,8
http://www.wikidata.org/entity/Q110593073,7
http://www.wikidata.org/entity/Q110593078,7
http://www.wikidata.org/entity/Q110593076,7
http://www.wikidata.org/entity/Q110593080,6
http://www.wikidata.org/entity/Q110606359,5
http://www.wikidata.org/entity/Q110620412,7
http://www.wikidata.org/entity/Q110632052,5
http://www.wikidata.org/entity/Q110643230,5
http://www.wikidata.org/entity/Q110643232,5
http://www.wikidata.org/entity/Q110713293,3
http://www.wikidata.org/entity/Q110745638,3
http://www.wikidata.org/entity/Q110810872,5
http://www.wikidata.org/entity/Q110874730,6
http://www.wikidata.org/entity/Q110874774,5
http://www.wikidata.org/entity/Q110874814,5
http://www.wikidata.org/entity/Q110874817,4
http://www.wikidata.org/entity/Q110874824,5
http://www.wikidata.org/entity/Q110934693,5
http://www.wikidata.org/entity/Q110942239,4
http://www.wikidata.org/entity/Q110967939,6
http://www.wikidata.org/entity/Q111028408,3
http://www.wikidata.org/entity/Q111036463,5
http://www.wikidata.org/entity/Q111042466,5
http://www.wikidata.org/entity/Q111043907,3
http://www.wikidata.org/entity/Q111133880,5
http://www.wikidata.org/entity/Q5099460,16
http://www.wikidata.org/entity/Q5100789,6
http://www.wikidata.org/entity/Q5100799,15
http://www.wikidata.org/entity/Q5100797,5
http://www.wikidata.org/entity/Q5104948,3
http://www.wikidata.org/entity/Q5104953,4
http://www.wikidata.org/entity/Q5105480,4
http://www.wikidata.org/entity/Q5105581,4
http://www.wikidata.org/entity/Q5105648,3
http://www.wikidata.org/entity/Q5110298,7
http://www.wikidata.org/entity/Q5110296,5
http://www.wikidata.org/entity/Q5110317,16
http://www.wikidata.org/entity/Q5113733,4
http://www.wikidata.org/entity/Q5116077,6
http://www.wikidata.org/entity/Q5116136,5
http://www.wikidata.org/entity/Q5116146,4
http://www.wikidata.org/entity/Q5118358,3
http://www.wikidata.org/entity/Q5118383,7
http://www.wikidata.org/entity/Q5119040,4
http://www.wikidata.org/entity/Q5119221,5
http://www.wikidata.org/entity/Q5121359,4
http://www.wikidata.org/entity/Q5128236,5
http://www.wikidata.org/entity/Q5128243,10
http://www.wikidata.org/entity/Q5139519,6
http://www.wikidata.org/entity/Q5141514,9
http://www.wikidata.org/entity/Q5146983,6
http://www.wikidata.org/entity/Q5147976,9
http://www.wikidata.org/entity/Q5149108,5
http://www.wikidata.org/entity/Q5150913,4
http://www.wikidata.org/entity/Q5151495,18
http://www.wikidata.org/entity/Q5156725,3
http://www.wikidata.org/entity/Q5158398,4
http://www.wikidata.org/entity/Q5158512,5
http://www.wikidata.org/entity/Q5158522,4
http://www.wikidata.org/entity/Q5158538,4
http://www.wikidata.org/entity/Q5160756,8
http://www.wikidata.org/entity/Q5165023,9
http://www.wikidata.org/entity/Q5165334,4
http://www.wikidata.org/entity/Q5177472,9
http://www.wikidata.org/entity/Q5177517,6
http://www.wikidata.org/entity/Q5179572,11
http://www.wikidata.org/entity/Q5184215,6
http://www.wikidata.org/entity/Q5185778,3
http://www.wikidata.org/entity/Q5187209,5
http://www.wikidata.org/entity/Q5192064,6
http://www.wikidata.org/entity/Q5192126,7
http://www.wikidata.org/entity/Q5194012,3
http://www.wikidata.org/entity/Q5201820,6
http://www.wikidata.org/entity/Q5201841,9
http://www.wikidata.org/entity/Q5202394,4
http://www.wikidata.org/entity/Q5202988,14
http://www.wikidata.org/entity/Q5208151,11
http://www.wikidata.org/entity/Q5215959,10
http://www.wikidata.org/entity/Q5216036,3
http://www.wikidata.org/entity/Q5219842,9
http://www.wikidata.org/entity/Q5219868,12
http://www.wikidata.org/entity/Q5219995,6
http://www.wikidata.org/entity/Q5221793,6
http://www.wikidata.org/entity/Q5223519,2
http://www.wikidata.org/entity/Q5226879,4
http://www.wikidata.org/entity/Q5242609,3
http://www.wikidata.org/entity/Q5244903,3
http://www.wikidata.org/entity/Q5256877,4
http://www.wikidata.org/entity/Q5264196,13
http://www.wikidata.org/entity/Q5266196,4
http://www.wikidata.org/entity/Q5268810,9
http://www.wikidata.org/entity/Q5269880,8
http://www.wikidata.org/entity/Q5276393,3
http://www.wikidata.org/entity/Q5276535,14
http://www.wikidata.org/entity/Q5281127,4
http://www.wikidata.org/entity/Q5290881,7
http://www.wikidata.org/entity/Q5295546,17
http://www.wikidata.org/entity/Q5295946,13
http://www.wikidata.org/entity/Q5303621,7
http://www.wikidata.org/entity/Q5320459,8
http://www.wikidata.org/entity/Q5327674,3
http://www.wikidata.org/entity/Q5330234,5
http://www.wikidata.org/entity/Q5332963,5
http://www.wikidata.org/entity/Q5334415,5
http://www.wikidata.org/entity/Q5341293,4
http://www.wikidata.org/entity/Q5347034,3
http://www.wikidata.org/entity/Q5348475,10
http://www.wikidata.org/entity/Q5358022,3
http://www.wikidata.org/entity/Q5369049,8
http://www.wikidata.org/entity/Q5369664,9
http://www.wikidata.org/entity/Q5377728,5
http://www.wikidata.org/entity/Q5378417,4
http://www.wikidata.org/entity/Q5378445,4
http://www.wikidata.org/entity/Q5384765,16
http://www.wikidata.org/entity/Q5389389,6
http://www.wikidata.org/entity/Q5392990,8
http://www.wikidata.org/entity/Q5393053,7
http://www.wikidata.org/entity/Q5397405,4
http://www.wikidata.org/entity/Q5398894,12
http://www.wikidata.org/entity/Q5401205,4
http://www.wikidata.org/entity/Q5402428,3
http://www.wikidata.org/entity/Q5402470,7
http://www.wikidata.org/entity/Q5405653,3
http://www.wikidata.org/entity/Q5413514,4
http://www.wikidata.org/entity/Q5413526,7
http://www.wikidata.org/entity/Q2111784,14
http://www.wikidata.org/entity/Q2112253,4
http://www.wikidata.org/entity/Q2114901,4
http://www.wikidata.org/entity/Q2116296,4
http://www.wikidata.org/entity/Q2118393,6
http://www.wikidata.org/entity/Q2118402,11
http://www.wikidata.org/entity/Q2121992,8
http://www.wikidata.org/entity/Q2127044,12
http://www.wikidata.org/entity/Q2132478,6
http://www.wikidata.org/entity/Q2137519,6
http://www.wikidata.org/entity/Q2138543,17
http://www.wikidata.org/entity/Q2138639,17
http://www.wikidata.org/entity/Q2140842,9
http://www.wikidata.org/entity/Q2142754,15
http://www.wikidata.org/entity/Q2146293,2
http://www.wikidata.org/entity/Q2159891,18
http://www.wikidata.org/entity/Q2164477,3
http://www.wikidata.org/entity/Q2164565,8
http://www.wikidata.org/entity/Q2165184,29
http://www.wikidata.org/entity/Q2166026,2
http://www.wikidata.org/entity/Q2178442,7
http://www.wikidata.org/entity/Q2181965,8
http://www.wikidata.org/entity/Q2186222,3
http://www.wikidata.org/entity/Q2187392,14
http://www.wikidata.org/entity/Q2195355,12
http://www.wikidata.org/entity/Q2196156,3
http://www.wikidata.org/entity/Q2197508,6
http://www.wikidata.org/entity/Q2201558,3
http://www.wikidata.org/entity/Q2210998,5
http://www.wikidata.org/entity/Q2225757,13
http://www.wikidata.org/entity/Q2232258,3
http://www.wikidata.org/entity/Q2235352,7
http://www.wikidata.org/entity/Q2235992,3
http://www.wikidata.org/entity/Q2236597,15
http://www.wikidata.org/entity/Q2238236,26
http://www.wikidata.org/entity/Q2241518,5
http://www.wikidata.org/entity/Q2249365,8
http://www.wikidata.org/entity/Q2253688,1
http://www.wikidata.org/entity/Q2256407,10
http://www.wikidata.org/entity/Q2258450,12
http://www.wikidata.org/entity/Q2259405,13
http://www.wikidata.org/entity/Q2260696,14
http://www.wikidata.org/entity/Q2261628,13
http://www.wikidata.org/entity/Q2265295,13
http://www.wikidata.org/entity/Q2265866,13
http://www.wikidata.org/entity/Q2266376,15
http://www.wikidata.org/entity/Q2267754,8
http://www.wikidata.org/entity/Q2267955,22
http://www.wikidata.org/entity/Q2268922,15
http://www.wikidata.org/entity/Q2271589,9
http://www.wikidata.org/entity/Q2271846,10
http://www.wikidata.org/entity/Q2273147,24
http://www.wikidata.org/entity/Q2278063,17
http://www.wikidata.org/entity/Q2278881,10
http://www.wikidata.org/entity/Q2280273,11
http://www.wikidata.org/entity/Q2280497,13
http://www.wikidata.org/entity/Q2281409,14
http://www.wikidata.org/entity/Q2281713,8
http://www.wikidata.org/entity/Q2294872,13
http://www.wikidata.org/entity/Q2296495,12
http://www.wikidata.org/entity/Q2296521,8
http://www.wikidata.org/entity/Q2299060,8
http://www.wikidata.org/entity/Q2299227,9
http://www.wikidata.org/entity/Q2302695,13
http://www.wikidata.org/entity/Q2304103,8
http://www.wikidata.org/entity/Q2307786,23
http://www.wikidata.org/entity/Q2324411,14
http://www.wikidata.org/entity/Q2329445,6
http://www.wikidata.org/entity/Q2332751,26
http://www.wikidata.org/entity/Q2336819,12
http://www.wikidata.org/entity/Q2337447,22
http://www.wikidata.org/entity/Q2338544,10
http://www.wikidata.org/entity/Q2340395,13
http://www.wikidata.org/entity/Q2342263,12
http://www.wikidata.org/entity/Q2343030,6
http://www.wikidata.org/entity/Q2343562,15
http://www.wikidata.org/entity/Q2344472,11
http://www.wikidata.org/entity/Q2344635,10
http://www.wikidata.org/entity/Q2346484,15
http://www.wikidata.org/entity/Q2346991,10
http://www.wikidata.org/entity/Q2347119,14
http://www.wikidata.org/entity/Q2350507,7
http://www.wikidata.org/entity/Q2352315,2
http://www.wikidata.org/entity/Q2353203,5
http://www.wikidata.org/entity/Q2354912,14
http://www.wikidata.org/entity/Q2358064,4
http://www.wikidata.org/entity/Q2360319,12
http://www.wikidata.org/entity/Q2362669,9
http://www.wikidata.org/entity/Q2363645,11
http://www.wikidata.org/entity/Q2365784,8
http://www.wikidata.org/entity/Q2369761,14
http://www.wikidata.org/entity/Q2370159,9
http://www.wikidata.org/entity/Q2371268,5
http://www.wikidata.org/entity/Q2373197,4
http://www.wikidata.org/entity/Q2374619,9
http://www.wikidata.org/entity/Q2378916,9
http://www.wikidata.org/entity/Q2379556,9
http://www.wikidata.org/entity/Q2379616,5
http://www.wikidata.org/entity/Q2381945,16
http://www.wikidata.org/entity/Q2385634,7
http://www.wikidata.org/entity/Q11907705,9
http://www.wikidata.org/entity/Q11911994,10
http://www.wikidata.org/entity/Q11911997,5
http://www.wikidata.org/entity/Q11912270,17
http://www.wikidata.org/entity/Q11922159,6
http://www.wikidata.org/entity/Q11938279,7
http://www.wikidata.org/entity/Q11938280,11
http://www.wikidata.org/entity/Q11947763,4
http://www.wikidata.org/entity/Q11955376,4
http://www.wikidata.org/entity/Q11964168,8
http://www.wikidata.org/entity/Q11971516,8
http://www.wikidata.org/entity/Q11974316,14
http://www.wikidata.org/entity/Q11989328,5
http://www.wikidata.org/entity/Q11992449,24
http://www.wikidata.org/entity/Q11992876,4
http://www.wikidata.org/entity/Q12001523,4
http://www.wikidata.org/entity/Q12007812,4
http://www.wikidata.org/entity/Q12010046,8
http://www.wikidata.org/entity/Q12018477,2
http://www.wikidata.org/entity/Q12037719,2
http://www.wikidata.org/entity/Q12042106,3
http://www.wikidata.org/entity/Q12046406,3
http://www.wikidata.org/entity/Q12090507,7
http://www.wikidata.org/entity/Q12105422,5
http://www.wikidata.org/entity/Q12111341,8
http://www.wikidata.org/entity/Q12115862,7
http://www.wikidata.org/entity/Q12132442,4
http://www.wikidata.org/entity/Q12138990,4
http://www.wikidata.org/entity/Q12138989,7
http://www.wikidata.org/entity/Q12149338,4
http://www.wikidata.org/entity/Q12154808,5
http://www.wikidata.org/entity/Q12168212,7
http://www.wikidata.org/entity/Q12183214,9
http://www.wikidata.org/entity/Q12193614,10
http://www.wikidata.org/entity/Q12194543,4
http://www.wikidata.org/entity/Q12199824,5
http://www.wikidata.org/entity/Q12200830,6
http://www.wikidata.org/entity/Q12213606,3
http://www.wikidata.org/entity/Q12219430,8
http://www.wikidata.org/entity/Q12224286,4
http://www.wikidata.org/entity/Q12228855,10
http://www.wikidata.org/entity/Q12246277,5
http://www.wikidata.org/entity/Q12251955,3
http://www.wikidata.org/entity/Q12255350,7
http://www.wikidata.org/entity/Q12257012,4
http://www.wikidata.org/entity/Q12257561,9
http://www.wikidata.org/entity/Q12274232,14
http://www.wikidata.org/entity/Q12274240,6
http://www.wikidata.org/entity/Q12274257,3
http://www.wikidata.org/entity/Q12274303,6
http://www.wikidata.org/entity/Q12288044,2
http://www.wikidata.org/entity/Q12300621,16
http://www.wikidata.org/entity/Q12302979,19
http://www.wikidata.org/entity/Q12304885,3
http://www.wikidata.org/entity/Q12307741,10
http://www.wikidata.org/entity/Q12322550,2
http://www.wikidata.org/entity/Q12326776,18
http://www.wikidata.org/entity/Q12334212,1
http://www.wikidata.org/entity/Q12338005,4
http://www.wikidata.org/entity/Q12338430,3
http://www.wikidata.org/entity/Q12339784,9
http://www.wikidata.org/entity/Q12362064,14
http://www.wikidata.org/entity/Q12367419,7
http://www.wikidata.org/entity/Q12382674,10
http://www.wikidata.org/entity/Q12385250,8
http://www.wikidata.org/entity/Q12390841,6
http://www.wikidata.org/entity/Q12399034,9
http://www.wikidata.org/entity/Q12408914,4
http://www.wikidata.org/entity/Q12408915,3
http://www.wikidata.org/entity/Q12411192,9
http://www.wikidata.org/entity/Q12439400,3
http://www.wikidata.org/entity/Q12472139,7
http://www.wikidata.org/entity/Q12479445,3
http://www.wikidata.org/entity/Q12483322,4
http://www.wikidata.org/entity/Q12483347,4
http://www.wikidata.org/entity/Q12483344,5
http://www.wikidata.org/entity/Q12487960,9
http://www.wikidata.org/entity/Q12493867,6
http://www.wikidata.org/entity/Q12497663,41
http://www.wikidata.org/entity/Q12499695,5
http://www.wikidata.org/entity/Q12499698,5
http://www.wikidata.org/entity/Q12499696,11
http://www.wikidata.org/entity/Q12499697,10
http://www.wikidata.org/entity/Q12520649,10
http://www.wikidata.org/entity/Q12521566,6
http://www.wikidata.org/entity/Q12531757,3
http://www.wikidata.org/entity/Q12542391,4
http://www.wikidata.org/entity/Q12543510,5
http://www.wikidata.org/entity/Q12543515,5
http://www.wikidata.org/entity/Q12545830,4
http://www.wikidata.org/entity/Q12584173,5
http://www.wikidata.org/entity/Q12604228,5
http://www.wikidata.org/entity/Q12613889,11
http://www.wikidata.org/entity/Q12614061,4
http://www.wikidata.org/entity/Q12623540,10
http://www.wikidata.org/entity/Q12629666,3
http://www.wikidata.org/entity/Q12643798,3
http://www.wikidata.org/entity/Q12671486,5
http://www.wikidata.org/entity/Q12701217,9
http://www.wikidata.org/entity/Q12702016,11
http://www.wikidata.org/entity/Q111133884,12
http://www.wikidata.org/entity/Q111133885,7
http://www.wikidata.org/entity/Q111182811,5
http://www.wikidata.org/entity/Q111186966,4
http://www.wikidata.org/entity/Q111186967,4
http://www.wikidata.org/entity/Q111186968,4
http://www.wikidata.org/entity/Q111192422,6
http://www.wikidata.org/entity/Q111209367,6
http://www.wikidata.org/entity/Q111209370,6
http://www.wikidata.org/entity/Q111209368,5
http://www.wikidata.org/entity/Q111209369,7
http://www.wikidata.org/entity/Q111212208,11
http://www.wikidata.org/entity/Q111241124,6
http://www.wikidata.org/entity/Q111291052,6
http://www.wikidata.org/entity/Q111297626,13
http://www.wikidata.org/entity/Q111304955,4
http://www.wikidata.org/entity/Q111335488,10
http://www.wikidata.org/entity/Q111335856,11
http://www.wikidata.org/entity/Q111357002,3
http://www.wikidata.org/entity/Q111357005,5
http://www.wikidata.org/entity/Q111387914,6
http://www.wikidata.org/entity/Q111394868,5
http://www.wikidata.org/entity/Q111440420,6
http://www.wikidata.org/entity/Q111442385,8
http://www.wikidata.org/entity/Q111450475,5
http://www.wikidata.org/entity/Q111535905,12
http://www.wikidata.org/entity/Q111540441,6
http://www.wikidata.org/entity/Q111540473,4
http://www.wikidata.org/entity/Q111540484,4
http://www.wikidata.org/entity/Q111540492,4
http://www.wikidata.org/entity/Q111540535,5
http://www.wikidata.org/entity/Q111540563,5
http://www.wikidata.org/entity/Q111597170,3
http://www.wikidata.org/entity/Q111628716,5
http://www.wikidata.org/entity/Q111633950,8
http://www.wikidata.org/entity/Q111653578,5
http://www.wikidata.org/entity/Q111678759,7
http://www.wikidata.org/entity/Q111721363,2
http://www.wikidata.org/entity/Q111738966,5
http://www.wikidata.org/entity/Q111804002,6
http://www.wikidata.org/entity/Q111804019,8
http://www.wikidata.org/entity/Q111938157,17
http://www.wikidata.org/entity/Q111939074,5
http://www.wikidata.org/entity/Q111971710,7
http://www.wikidata.org/entity/Q111971785,5
http://www.wikidata.org/entity/Q111971801,4
http://www.wikidata.org/entity/Q111973339,4
http://www.wikidata.org/entity/Q112066384,4
http://www.wikidata.org/entity/Q112112926,9
http://www.wikidata.org/entity/Q112118783,7
http://www.wikidata.org/entity/Q112118786,5
http://www.wikidata.org/entity/Q112143195,4
http://www.wikidata.org/entity/Q112144219,4
http://www.wikidata.org/entity/Q112144238,4
http://www.wikidata.org/entity/Q112144236,5
http://www.wikidata.org/entity/Q112144256,6
http://www.wikidata.org/entity/Q112159506,3
http://www.wikidata.org/entity/Q112176170,6
http://www.wikidata.org/entity/Q112593424,5
http://www.wikidata.org/entity/Q112593459,5
http://www.wikidata.org/entity/Q112593544,4
http://www.wikidata.org/entity/Q112593597,6
http://www.wikidata.org/entity/Q112610153,3
http://www.wikidata.org/entity/Q112628066,4
http://www.wikidata.org/entity/Q112628064,4
http://www.wikidata.org/entity/Q112628069,5
http://www.wikidata.org/entity/Q112632092,6
http://www.wikidata.org/entity/Q112652885,4
http://www.wikidata.org/entity/Q112663444,9
http://www.wikidata.org/entity/Q112748494,15
http://www.wikidata.org/entity/Q112829330,6
http://www.wikidata.org/entity/Q112939048,7
http://www.wikidata.org/entity/Q112939067,3
http://www.wikidata.org/entity/Q112939200,5
http://www.wikidata.org/entity/Q112939205,3
http://www.wikidata.org/entity/Q112958001,5
http://www.wikidata.org/entity/Q112972994,4
http://www.wikidata.org/entity/Q112977304,3
http://www.wikidata.org/entity/Q112995829,7
http://www.wikidata.org/entity/Q112997482,12
http://www.wikidata.org/entity/Q113016323,9
http://www.wikidata.org/entity/Q113025278,12
http://www.wikidata.org/entity/Q113082312,7
http://www.wikidata.org/entity/Q113084468,4
http://www.wikidata.org/entity/Q113085490,3
http://www.wikidata.org/entity/Q113086327,3
http://www.wikidata.org/entity/Q113086374,2
http://www.wikidata.org/entity/Q113086403,2
http://www.wikidata.org/entity/Q113086425,2
http://www.wikidata.org/entity/Q113086459,2
http://www.wikidata.org/entity/Q113086480,3
http://www.wikidata.org/entity/Q113086512,4
http://www.wikidata.org/entity/Q113129799,16
http://www.wikidata.org/entity/Q113133172,3
http://www.wikidata.org/entity/Q113153535,4
http://www.wikidata.org/entity/Q113186482,4
http://www.wikidata.org/entity/Q113205225,5
http://www.wikidata.org/entity/Q113324774,2
http://www.wikidata.org/entity/Q113324793,2
http://www.wikidata.org/entity/Q113332645,7
http://www.wikidata.org/entity/Q98528238,4
http://www.wikidata.org/entity/Q98528239,4
http://www.wikidata.org/entity/Q98528251,8
http://www.wikidata.org/entity/Q98528249,5
http://www.wikidata.org/entity/Q98528252,8
http://www.wikidata.org/entity/Q98528253,8
http://www.wikidata.org/entity/Q98528260,7
http://www.wikidata.org/entity/Q98528267,17
http://www.wikidata.org/entity/Q98528264,7
http://www.wikidata.org/entity/Q98528277,13
http://www.wikidata.org/entity/Q98528287,4
http://www.wikidata.org/entity/Q98528290,8
http://www.wikidata.org/entity/Q98528291,6
http://www.wikidata.org/entity/Q98528292,8
http://www.wikidata.org/entity/Q98528293,8
http://www.wikidata.org/entity/Q98528298,5
http://www.wikidata.org/entity/Q98528299,9
http://www.wikidata.org/entity/Q98528302,4
http://www.wikidata.org/entity/Q98528482,9
http://www.wikidata.org/entity/Q98530850,6
http://www.wikidata.org/entity/Q98804240,8
http://www.wikidata.org/entity/Q98807065,7
http://www.wikidata.org/entity/Q98842769,6
http://www.wikidata.org/entity/Q98909757,12
http://www.wikidata.org/entity/Q98915458,8
http://www.wikidata.org/entity/Q99077215,2
http://www.wikidata.org/entity/Q99470350,9
http://www.wikidata.org/entity/Q99522324,5
http://www.wikidata.org/entity/Q99535386,9
http://www.wikidata.org/entity/Q99640582,5
http://www.wikidata.org/entity/Q100139647,10
http://www.wikidata.org/entity/Q100151423,9
http://www.wikidata.org/entity/Q100307135,3
http://www.wikidata.org/entity/Q100321326,5
http://www.wikidata.org/entity/Q100330555,18
http://www.wikidata.org/entity/Q100330639,11
http://www.wikidata.org/entity/Q100348626,6
http://www.wikidata.org/entity/Q100922002,6
http://www.wikidata.org/entity/Q101002603,5
http://www.wikidata.org/entity/Q101002867,4
http://www.wikidata.org/entity/Q101109587,19
http://www.wikidata.org/entity/Q101112088,7
http://www.wikidata.org/entity/Q101417642,4
http://www.wikidata.org/entity/Q101440473,15
http://www.wikidata.org/entity/Q101525913,10
http://www.wikidata.org/entity/Q101552821,2
http://www.wikidata.org/entity/Q102362752,5
http://www.wikidata.org/entity/Q102423159,5
http://www.wikidata.org/entity/Q103840989,10
http://www.wikidata.org/entity/Q104016404,2
http://www.wikidata.org/entity/Q104470322,8
http://www.wikidata.org/entity/Q104503881,4
http://www.wikidata.org/entity/Q104602773,3
http://www.wikidata.org/entity/Q104695865,44
http://www.wikidata.org/entity/Q104733809,2
http://www.wikidata.org/entity/Q104771349,4
http://www.wikidata.org/entity/Q104834065,4
http://www.wikidata.org/entity/Q104842028,3
http://www.wikidata.org/entity/Q104847359,12
http://www.wikidata.org/entity/Q104847619,6
http://www.wikidata.org/entity/Q104849599,4
http://www.wikidata.org/entity/Q104853037,7
http://www.wikidata.org/entity/Q104870123,4
http://www.wikidata.org/entity/Q104870214,5
http://www.wikidata.org/entity/Q104870221,3
http://www.wikidata.org/entity/Q104875944,2
http://www.wikidata.org/entity/Q104882182,10
http://www.wikidata.org/entity/Q104920341,9
http://www.wikidata.org/entity/Q105038948,6
http://www.wikidata.org/entity/Q105044420,1
http://www.wikidata.org/entity/Q105224848,1
http://www.wikidata.org/entity/Q105320881,2
http://www.wikidata.org/entity/Q105334717,8
http://www.wikidata.org/entity/Q105337567,9
http://www.wikidata.org/entity/Q105337573,5
http://www.wikidata.org/entity/Q105379653,7
http://www.wikidata.org/entity/Q105404852,8
http://www.wikidata.org/entity/Q105422709,7
http://www.wikidata.org/entity/Q105433718,7
http://www.wikidata.org/entity/Q105627377,9
http://www.wikidata.org/entity/Q105635535,4
http://www.wikidata.org/entity/Q105636937,5
http://www.wikidata.org/entity/Q105636940,4
http://www.wikidata.org/entity/Q105637106,5
http://www.wikidata.org/entity/Q105637110,8
http://www.wikidata.org/entity/Q105637114,4
http://www.wikidata.org/entity/Q105637123,3
http://www.wikidata.org/entity/Q105657448,10
http://www.wikidata.org/entity/Q105672644,5
http://www.wikidata.org/entity/Q105697765,15
http://www.wikidata.org/entity/Q105697818,7
http://www.wikidata.org/entity/Q105697907,4
http://www.wikidata.org/entity/Q105756581,15
http://www.wikidata.org/entity/Q105757139,14
http://www.wikidata.org/entity/Q105762622,3
http://www.wikidata.org/entity/Q105763581,10
http://www.wikidata.org/entity/Q105883401,6
http://www.wikidata.org/entity/Q105897737,13
http://www.wikidata.org/entity/Q105962378,2
http://www.wikidata.org/entity/Q105993236,5
http://www.wikidata.org/entity/Q5418947,10
http://www.wikidata.org/entity/Q5421158,13
http://www.wikidata.org/entity/Q5421790,4
http://www.wikidata.org/entity/Q5431448,8
http://www.wikidata.org/entity/Q5431633,13
http://www.wikidata.org/entity/Q5433431,8
http://www.wikidata.org/entity/Q5433911,5
http://www.wikidata.org/entity/Q5442427,2
http://www.wikidata.org/entity/Q5445668,10
http://www.wikidata.org/entity/Q5447390,7
http://www.wikidata.org/entity/Q5448207,16
http://www.wikidata.org/entity/Q5449121,5
http://www.wikidata.org/entity/Q5449126,10
http://www.wikidata.org/entity/Q5449125,6
http://www.wikidata.org/entity/Q5464445,6
http://www.wikidata.org/entity/Q5464464,7
http://www.wikidata.org/entity/Q5464474,4
http://www.wikidata.org/entity/Q5466607,13
http://www.wikidata.org/entity/Q5477103,4
http://www.wikidata.org/entity/Q5479290,4
http://www.wikidata.org/entity/Q5480212,13
http://www.wikidata.org/entity/Q5487269,4
http://www.wikidata.org/entity/Q5492501,5
http://www.wikidata.org/entity/Q5494303,6
http://www.wikidata.org/entity/Q5500244,9
http://www.wikidata.org/entity/Q5501660,5
http://www.wikidata.org/entity/Q5501840,4
http://www.wikidata.org/entity/Q5502044,4
http://www.wikidata.org/entity/Q5502126,6
http://www.wikidata.org/entity/Q5502277,11
http://www.wikidata.org/entity/Q5507307,5
http://www.wikidata.org/entity/Q5509175,5
http://www.wikidata.org/entity/Q5510816,14
http://www.wikidata.org/entity/Q5510857,3
http://www.wikidata.org/entity/Q5515214,10
http://www.wikidata.org/entity/Q5518471,6
http://www.wikidata.org/entity/Q5519824,3
http://www.wikidata.org/entity/Q5520007,6
http://www.wikidata.org/entity/Q5520004,6
http://www.wikidata.org/entity/Q5520010,15
http://www.wikidata.org/entity/Q5520009,7
http://www.wikidata.org/entity/Q5520014,8
http://www.wikidata.org/entity/Q5520015,9
http://www.wikidata.org/entity/Q5520012,3
http://www.wikidata.org/entity/Q5520013,6
http://www.wikidata.org/entity/Q5520018,7
http://www.wikidata.org/entity/Q5520017,11
http://www.wikidata.org/entity/Q5520022,8
http://www.wikidata.org/entity/Q5520020,9
http://www.wikidata.org/entity/Q5520021,11
http://www.wikidata.org/entity/Q5521262,2
http://www.wikidata.org/entity/Q5526306,4
http://www.wikidata.org/entity/Q5529053,5
http://www.wikidata.org/entity/Q5529320,5
http://www.wikidata.org/entity/Q5529931,5
http://www.wikidata.org/entity/Q5530446,3
http://www.wikidata.org/entity/Q5533135,9
http://www.wikidata.org/entity/Q5551384,5
http://www.wikidata.org/entity/Q5562953,8
http://www.wikidata.org/entity/Q5574163,5
http://www.wikidata.org/entity/Q5577402,8
http://www.wikidata.org/entity/Q5581134,8
http://www.wikidata.org/entity/Q5583956,7
http://www.wikidata.org/entity/Q5587325,3
http://www.wikidata.org/entity/Q5597175,9
http://www.wikidata.org/entity/Q5602044,8
http://www.wikidata.org/entity/Q5610389,4
http://www.wikidata.org/entity/Q5612172,12
http://www.wikidata.org/entity/Q5614327,8
http://www.wikidata.org/entity/Q5618068,14
http://www.wikidata.org/entity/Q5618849,3
http://www.wikidata.org/entity/Q5619688,10
http://www.wikidata.org/entity/Q5625934,5
http://www.wikidata.org/entity/Q5639330,5
http://www.wikidata.org/entity/Q5639747,8
http://www.wikidata.org/entity/Q5639767,9
http://www.wikidata.org/entity/Q5640052,10
http://www.wikidata.org/entity/Q5640528,7
http://www.wikidata.org/entity/Q5643186,8
http://www.wikidata.org/entity/Q5643998,8
http://www.wikidata.org/entity/Q5645984,11
http://www.wikidata.org/entity/Q5646383,6
http://www.wikidata.org/entity/Q5651338,11
http://www.wikidata.org/entity/Q5654316,7
http://www.wikidata.org/entity/Q5655239,4
http://www.wikidata.org/entity/Q5655695,8
http://www.wikidata.org/entity/Q5658489,6
http://www.wikidata.org/entity/Q5661311,3
http://www.wikidata.org/entity/Q5662534,5
http://www.wikidata.org/entity/Q5676196,8
http://www.wikidata.org/entity/Q5681688,10
http://www.wikidata.org/entity/Q5683605,8
http://www.wikidata.org/entity/Q5684704,9
http://www.wikidata.org/entity/Q5690120,6
http://www.wikidata.org/entity/Q5690818,9
http://www.wikidata.org/entity/Q5693170,7
http://www.wikidata.org/entity/Q5707612,5
http://www.wikidata.org/entity/Q5713112,6
http://www.wikidata.org/entity/Q5714628,9
http://www.wikidata.org/entity/Q5716336,7
http://www.wikidata.org/entity/Q2385862,12
http://www.wikidata.org/entity/Q2389651,42
http://www.wikidata.org/entity/Q2391393,7
http://www.wikidata.org/entity/Q2396005,8
http://www.wikidata.org/entity/Q2396639,6
http://www.wikidata.org/entity/Q2398226,7
http://www.wikidata.org/entity/Q2403744,6
http://www.wikidata.org/entity/Q2404568,11
http://www.wikidata.org/entity/Q2404891,10
http://www.wikidata.org/entity/Q2406633,13
http://www.wikidata.org/entity/Q2406900,13
http://www.wikidata.org/entity/Q2407589,10
http://www.wikidata.org/entity/Q2407862,19
http://www.wikidata.org/entity/Q2413836,5
http://www.wikidata.org/entity/Q2416307,9
http://www.wikidata.org/entity/Q2420402,6
http://www.wikidata.org/entity/Q2420447,13
http://www.wikidata.org/entity/Q2425480,13
http://www.wikidata.org/entity/Q2426218,24
http://www.wikidata.org/entity/Q2426383,12
http://www.wikidata.org/entity/Q2428625,7
http://www.wikidata.org/entity/Q2447747,15
http://www.wikidata.org/entity/Q2447797,10
http://www.wikidata.org/entity/Q2447826,11
http://www.wikidata.org/entity/Q2448147,6
http://www.wikidata.org/entity/Q2449418,15
http://www.wikidata.org/entity/Q2452152,7
http://www.wikidata.org/entity/Q2456019,8
http://www.wikidata.org/entity/Q2456210,7
http://www.wikidata.org/entity/Q2460288,5
http://www.wikidata.org/entity/Q2461933,13
http://www.wikidata.org/entity/Q2464314,11
http://www.wikidata.org/entity/Q2464833,15
http://www.wikidata.org/entity/Q2465085,17
http://www.wikidata.org/entity/Q2467789,3
http://www.wikidata.org/entity/Q2467817,10
http://www.wikidata.org/entity/Q2473848,9
http://www.wikidata.org/entity/Q2477237,5
http://www.wikidata.org/entity/Q2478478,6
http://www.wikidata.org/entity/Q2481591,10
http://www.wikidata.org/entity/Q2484587,9
http://www.wikidata.org/entity/Q2486179,21
http://www.wikidata.org/entity/Q2488422,4
http://www.wikidata.org/entity/Q2489759,17
http://www.wikidata.org/entity/Q2494949,4
http://www.wikidata.org/entity/Q2497323,9
http://www.wikidata.org/entity/Q2498201,21
http://www.wikidata.org/entity/Q2500734,10
http://www.wikidata.org/entity/Q2503249,11
http://www.wikidata.org/entity/Q2509521,10
http://www.wikidata.org/entity/Q2516031,5
http://www.wikidata.org/entity/Q2517263,10
http://www.wikidata.org/entity/Q2518099,7
http://www.wikidata.org/entity/Q2519962,12
http://www.wikidata.org/entity/Q2521569,13
http://www.wikidata.org/entity/Q2525544,9
http://www.wikidata.org/entity/Q2526653,9
http://www.wikidata.org/entity/Q2529400,19
http://www.wikidata.org/entity/Q2532274,12
http://www.wikidata.org/entity/Q2532560,15
http://www.wikidata.org/entity/Q2534081,6
http://www.wikidata.org/entity/Q2534837,12
http://www.wikidata.org/entity/Q2537356,10
http://www.wikidata.org/entity/Q2537800,4
http://www.wikidata.org/entity/Q2545135,14
http://www.wikidata.org/entity/Q2549052,7
http://www.wikidata.org/entity/Q2551540,15
http://www.wikidata.org/entity/Q2558340,9
http://www.wikidata.org/entity/Q2562237,13
http://www.wikidata.org/entity/Q2566660,12
http://www.wikidata.org/entity/Q2568406,16
http://www.wikidata.org/entity/Q2572585,15
http://www.wikidata.org/entity/Q2574655,3
http://www.wikidata.org/entity/Q2574657,21
http://www.wikidata.org/entity/Q2579417,5
http://www.wikidata.org/entity/Q2579987,19
http://www.wikidata.org/entity/Q2580279,4
http://www.wikidata.org/entity/Q2583965,19
http://www.wikidata.org/entity/Q2587471,12
http://www.wikidata.org/entity/Q2596399,5
http://www.wikidata.org/entity/Q2598050,14
http://www.wikidata.org/entity/Q2599472,9
http://www.wikidata.org/entity/Q2603965,11
http://www.wikidata.org/entity/Q2604326,5
http://www.wikidata.org/entity/Q2607222,6
http://www.wikidata.org/entity/Q2607836,11
http://www.wikidata.org/entity/Q2608506,10
http://www.wikidata.org/entity/Q2608710,13
http://www.wikidata.org/entity/Q2610186,7
http://www.wikidata.org/entity/Q2611143,5
http://www.wikidata.org/entity/Q2611957,6
http://www.wikidata.org/entity/Q2612458,7
http://www.wikidata.org/entity/Q2614533,12
http://www.wikidata.org/entity/Q2615500,6
http://www.wikidata.org/entity/Q2617447,14
http://www.wikidata.org/entity/Q2621049,6
http://www.wikidata.org/entity/Q2621158,2
http://www.wikidata.org/entity/Q2621235,6
http://www.wikidata.org/entity/Q2624785,26
http://www.wikidata.org/entity/Q2626684,19
http://www.wikidata.org/entity/Q106013762,6
http://www.wikidata.org/entity/Q106013767,5
http://www.wikidata.org/entity/Q106015533,15
http://www.wikidata.org/entity/Q106085531,5
http://www.wikidata.org/entity/Q106103953,5
http://www.wikidata.org/entity/Q106130091,12
http://www.wikidata.org/entity/Q106239244,4
http://www.wikidata.org/entity/Q106286879,8
http://www.wikidata.org/entity/Q106289153,2
http://www.wikidata.org/entity/Q106298881,23
http://www.wikidata.org/entity/Q106343615,7
http://www.wikidata.org/entity/Q106368518,11
http://www.wikidata.org/entity/Q106369996,13
http://www.wikidata.org/entity/Q106388388,10
http://www.wikidata.org/entity/Q106404229,6
http://www.wikidata.org/entity/Q106404300,6
http://www.wikidata.org/entity/Q106422444,10
http://www.wikidata.org/entity/Q106423092,10
http://www.wikidata.org/entity/Q106424145,8
http://www.wikidata.org/entity/Q106440193,5
http://www.wikidata.org/entity/Q106477440,2
http://www.wikidata.org/entity/Q106477753,13
http://www.wikidata.org/entity/Q106493832,10
http://www.wikidata.org/entity/Q106506830,7
http://www.wikidata.org/entity/Q106506985,13
http://www.wikidata.org/entity/Q106507381,14
http://www.wikidata.org/entity/Q106507873,16
http://www.wikidata.org/entity/Q106508039,13
http://www.wikidata.org/entity/Q106508649,9
http://www.wikidata.org/entity/Q106514601,6
http://www.wikidata.org/entity/Q106520951,5
http://www.wikidata.org/entity/Q106520965,6
http://www.wikidata.org/entity/Q106521662,5
http://www.wikidata.org/entity/Q106521759,6
http://www.wikidata.org/entity/Q106522080,8
http://www.wikidata.org/entity/Q106522098,8
http://www.wikidata.org/entity/Q106522115,12
http://www.wikidata.org/entity/Q106522190,7
http://www.wikidata.org/entity/Q106522238,7
http://www.wikidata.org/entity/Q106527826,5
http://www.wikidata.org/entity/Q106528337,4
http://www.wikidata.org/entity/Q106528422,7
http://www.wikidata.org/entity/Q106528420,6
http://www.wikidata.org/entity/Q106538862,5
http://www.wikidata.org/entity/Q106538881,3
http://www.wikidata.org/entity/Q106543080,1
http://www.wikidata.org/entity/Q106544624,5
http://www.wikidata.org/entity/Q106547149,3
http://www.wikidata.org/entity/Q106547171,5
http://www.wikidata.org/entity/Q106547179,4
http://www.wikidata.org/entity/Q106547262,3
http://www.wikidata.org/entity/Q106547427,4
http://www.wikidata.org/entity/Q106547555,3
http://www.wikidata.org/entity/Q106556293,11
http://www.wikidata.org/entity/Q106558878,7
http://www.wikidata.org/entity/Q106559862,2
http://www.wikidata.org/entity/Q106559910,3
http://www.wikidata.org/entity/Q106560650,4
http://www.wikidata.org/entity/Q106560659,7
http://www.wikidata.org/entity/Q106560663,10
http://www.wikidata.org/entity/Q106560670,3
http://www.wikidata.org/entity/Q106561117,7
http://www.wikidata.org/entity/Q106561159,9
http://www.wikidata.org/entity/Q106561868,7
http://www.wikidata.org/entity/Q106562392,6
http://www.wikidata.org/entity/Q106574871,6
http://www.wikidata.org/entity/Q106574943,4
http://www.wikidata.org/entity/Q106576127,3
http://www.wikidata.org/entity/Q106576141,12
http://www.wikidata.org/entity/Q106576145,9
http://www.wikidata.org/entity/Q106576170,3
http://www.wikidata.org/entity/Q106576261,7
http://www.wikidata.org/entity/Q106577108,7
http://www.wikidata.org/entity/Q106577542,6
http://www.wikidata.org/entity/Q106581470,10
http://www.wikidata.org/entity/Q106581679,7
http://www.wikidata.org/entity/Q106581777,10
http://www.wikidata.org/entity/Q106582593,3
http://www.wikidata.org/entity/Q106582938,2
http://www.wikidata.org/entity/Q106582942,10
http://www.wikidata.org/entity/Q106582953,6
http://www.wikidata.org/entity/Q106583068,8
http://www.wikidata.org/entity/Q106586219,9
http://www.wikidata.org/entity/Q106586236,7
http://www.wikidata.org/entity/Q106586250,4
http://www.wikidata.org/entity/Q106586248,5
http://www.wikidata.org/entity/Q106586249,4
http://www.wikidata.org/entity/Q106586998,5
http://www.wikidata.org/entity/Q106586999,4
http://www.wikidata.org/entity/Q106588687,6
http://www.wikidata.org/entity/Q106588693,5
http://www.wikidata.org/entity/Q106588727,5
http://www.wikidata.org/entity/Q106589886,4
http://www.wikidata.org/entity/Q106590023,2
http://www.wikidata.org/entity/Q106590078,7
http://www.wikidata.org/entity/Q106591506,6
http://www.wikidata.org/entity/Q106594102,6
http://www.wikidata.org/entity/Q106594174,8
http://www.wikidata.org/entity/Q106594177,7
http://www.wikidata.org/entity/Q106594523,7
http://www.wikidata.org/entity/Q12714622,2
http://www.wikidata.org/entity/Q12716093,6
http://www.wikidata.org/entity/Q12719323,3
http://www.wikidata.org/entity/Q12736118,5
http://www.wikidata.org/entity/Q12736122,6
http://www.wikidata.org/entity/Q12736123,11
http://www.wikidata.org/entity/Q12777807,6
http://www.wikidata.org/entity/Q12802984,4
http://www.wikidata.org/entity/Q12811727,8
http://www.wikidata.org/entity/Q12817895,5
http://www.wikidata.org/entity/Q12819763,4
http://www.wikidata.org/entity/Q12825187,3
http://www.wikidata.org/entity/Q12825819,3
http://www.wikidata.org/entity/Q12825911,12
http://www.wikidata.org/entity/Q12826679,8
http://www.wikidata.org/entity/Q12832355,3
http://www.wikidata.org/entity/Q12845743,8
http://www.wikidata.org/entity/Q12848437,2
http://www.wikidata.org/entity/Q12849794,4
http://www.wikidata.org/entity/Q12873448,2
http://www.wikidata.org/entity/Q12876995,17
http://www.wikidata.org/entity/Q12876996,8
http://www.wikidata.org/entity/Q12881663,2
http://www.wikidata.org/entity/Q12881722,8
http://www.wikidata.org/entity/Q12882577,9
http://www.wikidata.org/entity/Q12890903,1
http://www.wikidata.org/entity/Q12978250,4
http://www.wikidata.org/entity/Q12983511,5
http://www.wikidata.org/entity/Q12983518,6
http://www.wikidata.org/entity/Q12984444,2
http://www.wikidata.org/entity/Q13016974,4
http://www.wikidata.org/entity/Q13018408,8
http://www.wikidata.org/entity/Q13025595,4
http://www.wikidata.org/entity/Q13025600,7
http://www.wikidata.org/entity/Q13026479,2
http://www.wikidata.org/entity/Q13034199,9
http://www.wikidata.org/entity/Q13034229,4
http://www.wikidata.org/entity/Q13037709,3
http://www.wikidata.org/entity/Q13053792,3
http://www.wikidata.org/entity/Q13057711,2
http://www.wikidata.org/entity/Q13058900,21
http://www.wikidata.org/entity/Q13059993,7
http://www.wikidata.org/entity/Q13060093,12
http://www.wikidata.org/entity/Q13072955,2
http://www.wikidata.org/entity/Q13093595,3
http://www.wikidata.org/entity/Q13095033,2
http://www.wikidata.org/entity/Q13095109,2
http://www.wikidata.org/entity/Q13095730,2
http://www.wikidata.org/entity/Q13096243,2
http://www.wikidata.org/entity/Q13097850,3
http://www.wikidata.org/entity/Q13097848,3
http://www.wikidata.org/entity/Q13097854,3
http://www.wikidata.org/entity/Q13097856,2
http://www.wikidata.org/entity/Q13098544,2
http://www.wikidata.org/entity/Q13118900,6
http://www.wikidata.org/entity/Q13126989,2
http://www.wikidata.org/entity/Q13164291,13
http://www.wikidata.org/entity/Q13170510,7
http://www.wikidata.org/entity/Q13198732,5
http://www.wikidata.org/entity/Q13199814,2
http://www.wikidata.org/entity/Q13200231,9
http://www.wikidata.org/entity/Q13212088,2
http://www.wikidata.org/entity/Q13212139,4
http://www.wikidata.org/entity/Q13409536,37
http://www.wikidata.org/entity/Q13424679,6
http://www.wikidata.org/entity/Q13580383,3
http://www.wikidata.org/entity/Q13586773,7
http://www.wikidata.org/entity/Q13627677,24
http://www.wikidata.org/entity/Q13634037,10
http://www.wikidata.org/entity/Q13646229,9
http://www.wikidata.org/entity/Q13866613,6
http://www.wikidata.org/entity/Q13980030,2
http://www.wikidata.org/entity/Q14390274,39
http://www.wikidata.org/entity/Q14493900,10
http://www.wikidata.org/entity/Q14541561,2
http://www.wikidata.org/entity/Q14546558,9
http://www.wikidata.org/entity/Q14942341,4
http://www.wikidata.org/entity/Q15042720,16
http://www.wikidata.org/entity/Q15056301,10
http://www.wikidata.org/entity/Q15077165,19
http://www.wikidata.org/entity/Q15077373,12
http://www.wikidata.org/entity/Q15084768,7
http://www.wikidata.org/entity/Q15141477,12
http://www.wikidata.org/entity/Q15221176,10
http://www.wikidata.org/entity/Q15256913,6
http://www.wikidata.org/entity/Q15300817,10
http://www.wikidata.org/entity/Q15306187,6
http://www.wikidata.org/entity/Q15356546,6
http://www.wikidata.org/entity/Q15357587,6
http://www.wikidata.org/entity/Q15357632,6
http://www.wikidata.org/entity/Q15362491,23
http://www.wikidata.org/entity/Q15410867,7
http://www.wikidata.org/entity/Q15425371,4
http://www.wikidata.org/entity/Q15614479,9
http://www.wikidata.org/entity/Q15623112,10
http://www.wikidata.org/entity/Q15629158,8
http://www.wikidata.org/entity/Q15635882,6
http://www.wikidata.org/entity/Q15697534,21
http://www.wikidata.org/entity/Q15720097,6
http://www.wikidata.org/entity/Q15724280,13
http://www.wikidata.org/entity/Q113436747,4
http://www.wikidata.org/entity/Q113447222,6
http://www.wikidata.org/entity/Q113493820,5
http://www.wikidata.org/entity/Q113493826,4
http://www.wikidata.org/entity/Q113493832,5
http://www.wikidata.org/entity/Q113496771,4
http://www.wikidata.org/entity/Q113496934,3
http://www.wikidata.org/entity/Q113509746,13
http://www.wikidata.org/entity/Q113510667,6
http://www.wikidata.org/entity/Q113563595,4
http://www.wikidata.org/entity/Q113563741,5
http://www.wikidata.org/entity/Q113563746,4
http://www.wikidata.org/entity/Q113600088,5
http://www.wikidata.org/entity/Q113600471,6
http://www.wikidata.org/entity/Q113621229,6
http://www.wikidata.org/entity/Q113622724,4
http://www.wikidata.org/entity/Q113627735,3
http://www.wikidata.org/entity/Q113676976,6
http://www.wikidata.org/entity/Q113833898,4
http://www.wikidata.org/entity/Q113834417,4
http://www.wikidata.org/entity/Q113856940,5
http://www.wikidata.org/entity/Q113884370,3
http://www.wikidata.org/entity/Q113919076,6
http://www.wikidata.org/entity/Q113973772,6
http://www.wikidata.org/entity/Q114023768,3
http://www.wikidata.org/entity/Q114023769,5
http://www.wikidata.org/entity/Q114047889,5
http://www.wikidata.org/entity/Q114107195,7
http://www.wikidata.org/entity/Q114133626,3
http://www.wikidata.org/entity/Q114238485,8
http://www.wikidata.org/entity/Q114239322,7
http://www.wikidata.org/entity/Q114357486,5
http://www.wikidata.org/entity/Q114443489,6
http://www.wikidata.org/entity/Q114594005,6
http://www.wikidata.org/entity/Q114594062,5
http://www.wikidata.org/entity/Q114594120,4
http://www.wikidata.org/entity/Q114743580,6
http://www.wikidata.org/entity/Q114762454,6
http://www.wikidata.org/entity/Q114796570,5
http://www.wikidata.org/entity/Q114799579,4
http://www.wikidata.org/entity/Q114804899,3
http://www.wikidata.org/entity/Q114809047,3
http://www.wikidata.org/entity/Q114828938,6
http://www.wikidata.org/entity/Q114878405,4
http://www.wikidata.org/entity/Q114878413,4
http://www.wikidata.org/entity/Q114878436,5
http://www.wikidata.org/entity/Q114878442,5
http://www.wikidata.org/entity/Q114878571,8
http://www.wikidata.org/entity/Q114878593,5
http://www.wikidata.org/entity/Q114879326,5
http://www.wikidata.org/entity/Q114879744,5
http://www.wikidata.org/entity/Q114879861,4
http://www.wikidata.org/entity/Q114880124,8
http://www.wikidata.org/entity/Q114880130,6
http://www.wikidata.org/entity/Q114907074,6
http://www.wikidata.org/entity/Q114907417,6
http://www.wikidata.org/entity/Q114907537,3
http://www.wikidata.org/entity/Q114908125,2
http://www.wikidata.org/entity/Q114909317,3
http://www.wikidata.org/entity/Q114909458,5
http://www.wikidata.org/entity/Q114960929,1
http://www.wikidata.org/entity/Q115063474,5
http://www.wikidata.org/entity/Q115063525,5
http://www.wikidata.org/entity/Q115063561,5
http://www.wikidata.org/entity/Q115138321,10
http://www.wikidata.org/entity/Q115164719,5
http://www.wikidata.org/entity/Q115171191,6
http://www.wikidata.org/entity/Q115178919,5
http://www.wikidata.org/entity/Q115200681,7
http://www.wikidata.org/entity/Q115204980,3
http://www.wikidata.org/entity/Q115206619,3
http://www.wikidata.org/entity/Q115218587,2
http://www.wikidata.org/entity/Q115248229,3
http://www.wikidata.org/entity/Q115327250,5
http://www.wikidata.org/entity/Q115327276,6
http://www.wikidata.org/entity/Q115327281,5
http://www.wikidata.org/entity/Q115456684,5
http://www.wikidata.org/entity/Q115457255,5
http://www.wikidata.org/entity/Q115482626,6
http://www.wikidata.org/entity/Q115483855,6
http://www.wikidata.org/entity/Q115485183,7
http://www.wikidata.org/entity/Q115550280,3
http://www.wikidata.org/entity/Q115612369,7
http://www.wikidata.org/entity/Q115616295,3
http://www.wikidata.org/entity/Q115625176,6
http://www.wikidata.org/entity/Q115632110,8
http://www.wikidata.org/entity/Q115632116,4
http://www.wikidata.org/entity/Q115684103,6
http://www.wikidata.org/entity/Q115690999,5
http://www.wikidata.org/entity/Q115691081,7
http://www.wikidata.org/entity/Q115702912,4
http://www.wikidata.org/entity/Q115725821,9
http://www.wikidata.org/entity/Q115725860,4
http://www.wikidata.org/entity/Q115741204,11
http://www.wikidata.org/entity/Q115776141,5
http://www.wikidata.org/entity/Q115799227,2
http://www.wikidata.org/entity/Q115799883,3
http://www.wikidata.org/entity/Q115800017,3
http://www.wikidata.org/entity/Q115804629,5
http://www.wikidata.org/entity/Q115812361,5
http://www.wikidata.org/entity/Q125455905,8
http://www.wikidata.org/entity/Q125544586,4
http://www.wikidata.org/entity/Q125591399,3
http://www.wikidata.org/entity/Q125620975,1
http://www.wikidata.org/entity/Q125653755,5
http://www.wikidata.org/entity/Q125661847,3
http://www.wikidata.org/entity/Q125687720,6
http://www.wikidata.org/entity/Q125751285,3
http://www.wikidata.org/entity/Q125754839,4
http://www.wikidata.org/entity/Q125799361,5
http://www.wikidata.org/entity/Q125848864,5
http://www.wikidata.org/entity/Q125850367,10
http://www.wikidata.org/entity/Q125854043,5
http://www.wikidata.org/entity/Q125854050,5
http://www.wikidata.org/entity/Q125918103,4
http://www.wikidata.org/entity/Q125923060,11
http://www.wikidata.org/entity/Q125923072,9
http://www.wikidata.org/entity/Q126175574,7
http://www.wikidata.org/entity/Q126281100,7
http://www.wikidata.org/entity/Q126281483,5
http://www.wikidata.org/entity/Q126287874,2
http://www.wikidata.org/entity/Q126335126,5
http://www.wikidata.org/entity/Q126453633,2
http://www.wikidata.org/entity/Q126500651,4
http://www.wikidata.org/entity/Q126667587,2
http://www.wikidata.org/entity/Q126667584,2
http://www.wikidata.org/entity/Q126708888,3
http://www.wikidata.org/entity/Q126728409,5
http://www.wikidata.org/entity/Q126953014,2
http://www.wikidata.org/entity/Q126953015,2
http://www.wikidata.org/entity/Q126953016,2
http://www.wikidata.org/entity/Q126954549,5
http://www.wikidata.org/entity/Q127129068,4
http://www.wikidata.org/entity/Q127147485,4
http://www.wikidata.org/entity/Q127164152,1
http://www.wikidata.org/entity/Q127269144,5
http://www.wikidata.org/entity/Q127270988,6
http://www.wikidata.org/entity/Q127326805,2
http://www.wikidata.org/entity/Q127469939,6
http://www.wikidata.org/entity/Q127470373,5
http://www.wikidata.org/entity/Q127470401,5
http://www.wikidata.org/entity/Q127470456,5
http://www.wikidata.org/entity/Q127470526,4
http://www.wikidata.org/entity/Q127470683,5
http://www.wikidata.org/entity/Q127470732,5
http://www.wikidata.org/entity/Q127470932,5
http://www.wikidata.org/entity/Q127471000,4
http://www.wikidata.org/entity/Q127471087,5
http://www.wikidata.org/entity/Q127471107,4
http://www.wikidata.org/entity/Q127471163,7
http://www.wikidata.org/entity/Q127471302,4
http://www.wikidata.org/entity/Q127471360,5
http://www.wikidata.org/entity/Q127471482,5
http://www.wikidata.org/entity/Q127471510,5
http://www.wikidata.org/entity/Q127471539,6
http://www.wikidata.org/entity/Q127471544,5
http://www.wikidata.org/entity/Q127471557,6
http://www.wikidata.org/entity/Q127472147,5
http://www.wikidata.org/entity/Q127518004,4
http://www.wikidata.org/entity/Q127518866,6
http://www.wikidata.org/entity/Q127518946,6
http://www.wikidata.org/entity/Q127519343,6
http://www.wikidata.org/entity/Q127606323,5
http://www.wikidata.org/entity/Q127606347,10
http://www.wikidata.org/entity/Q127606355,4
http://www.wikidata.org/entity/Q127606361,5
http://www.wikidata.org/entity/Q127606370,4
http://www.wikidata.org/entity/Q127606375,3
http://www.wikidata.org/entity/Q127606386,10
http://www.wikidata.org/entity/Q127606390,4
http://www.wikidata.org/entity/Q127606394,9
http://www.wikidata.org/entity/Q127606411,4
http://www.wikidata.org/entity/Q127606451,8
http://www.wikidata.org/entity/Q127606466,7
http://www.wikidata.org/entity/Q127835664,6
http://www.wikidata.org/entity/Q127835715,5
http://www.wikidata.org/entity/Q127883821,7
http://www.wikidata.org/entity/Q128631435,5
http://www.wikidata.org/entity/Q128792610,4
http://www.wikidata.org/entity/Q128792618,4
http://www.wikidata.org/entity/Q128792625,6
http://www.wikidata.org/entity/Q128792684,4
http://www.wikidata.org/entity/Q129098689,5
http://www.wikidata.org/entity/Q129312602,3
http://www.wikidata.org/entity/Q129320699,4
http://www.wikidata.org/entity/Q129571286,3
http://www.wikidata.org/entity/Q129708684,5
http://www.wikidata.org/entity/Q129755289,3
http://www.wikidata.org/entity/Q130247893,8
http://www.wikidata.org/entity/Q130247900,8
http://www.wikidata.org/entity/Q130283263,5
http://www.wikidata.org/entity/Q130285000,6
http://www.wikidata.org/entity/Q130301602,5
http://www.wikidata.org/entity/Q130306615,2
http://www.wikidata.org/entity/Q130325403,3
http://www.wikidata.org/entity/Q130344249,4
http://www.wikidata.org/entity/Q130349818,7
http://www.wikidata.org/entity/Q130369429,9
http://www.wikidata.org/entity/Q130391349,4
http://www.wikidata.org/entity/Q130391382,5
http://www.wikidata.org/entity/Q106594706,6
http://www.wikidata.org/entity/Q106594784,7
http://www.wikidata.org/entity/Q106594814,7
http://www.wikidata.org/entity/Q106594830,4
http://www.wikidata.org/entity/Q106595599,4
http://www.wikidata.org/entity/Q106602422,3
http://www.wikidata.org/entity/Q106621063,6
http://www.wikidata.org/entity/Q106621114,5
http://www.wikidata.org/entity/Q106626501,5
http://www.wikidata.org/entity/Q106626655,7
http://www.wikidata.org/entity/Q106626777,5
http://www.wikidata.org/entity/Q106634246,5
http://www.wikidata.org/entity/Q106634508,7
http://www.wikidata.org/entity/Q106634883,13
http://www.wikidata.org/entity/Q106634926,8
http://www.wikidata.org/entity/Q106634944,7
http://www.wikidata.org/entity/Q106634977,4
http://www.wikidata.org/entity/Q106634987,11
http://www.wikidata.org/entity/Q106635221,7
http://www.wikidata.org/entity/Q106635234,9
http://www.wikidata.org/entity/Q106636250,5
http://www.wikidata.org/entity/Q106636283,5
http://www.wikidata.org/entity/Q106636289,6
http://www.wikidata.org/entity/Q106641524,3
http://www.wikidata.org/entity/Q106641525,7
http://www.wikidata.org/entity/Q106641530,5
http://www.wikidata.org/entity/Q106641536,6
http://www.wikidata.org/entity/Q106641570,4
http://www.wikidata.org/entity/Q106641595,7
http://www.wikidata.org/entity/Q106642094,5
http://www.wikidata.org/entity/Q106642120,6
http://www.wikidata.org/entity/Q106642137,6
http://www.wikidata.org/entity/Q106647671,6
http://www.wikidata.org/entity/Q106653596,5
http://www.wikidata.org/entity/Q106653610,5
http://www.wikidata.org/entity/Q106654134,5
http://www.wikidata.org/entity/Q106654136,5
http://www.wikidata.org/entity/Q106654137,12
http://www.wikidata.org/entity/Q106654144,4
http://www.wikidata.org/entity/Q106654149,7
http://www.wikidata.org/entity/Q106654239,6
http://www.wikidata.org/entity/Q106654247,5
http://www.wikidata.org/entity/Q106704476,2
http://www.wikidata.org/entity/Q106807843,6
http://www.wikidata.org/entity/Q106810831,18
http://www.wikidata.org/entity/Q106839582,6
http://www.wikidata.org/entity/Q106839650,5
http://www.wikidata.org/entity/Q106844185,8
http://www.wikidata.org/entity/Q106860852,3
http://www.wikidata.org/entity/Q106876075,13
http://www.wikidata.org/entity/Q106876717,5
http://www.wikidata.org/entity/Q106876811,3
http://www.wikidata.org/entity/Q106876903,8
http://www.wikidata.org/entity/Q106877744,4
http://www.wikidata.org/entity/Q106877947,4
http://www.wikidata.org/entity/Q106877978,3
http://www.wikidata.org/entity/Q106877990,5
http://www.wikidata.org/entity/Q106877999,3
http://www.wikidata.org/entity/Q106878000,3
http://www.wikidata.org/entity/Q106878001,3
http://www.wikidata.org/entity/Q106878019,3
http://www.wikidata.org/entity/Q106917640,10
http://www.wikidata.org/entity/Q106922571,4
http://www.wikidata.org/entity/Q106926276,15
http://www.wikidata.org/entity/Q106926325,9
http://www.wikidata.org/entity/Q106928658,9
http://www.wikidata.org/entity/Q106957068,7
http://www.wikidata.org/entity/Q107000797,8
http://www.wikidata.org/entity/Q107000825,4
http://www.wikidata.org/entity/Q107003152,6
http://www.wikidata.org/entity/Q107010574,7
http://www.wikidata.org/entity/Q107010629,6
http://www.wikidata.org/entity/Q107013350,6
http://www.wikidata.org/entity/Q107020173,5
http://www.wikidata.org/entity/Q107021951,11
http://www.wikidata.org/entity/Q107022156,15
http://www.wikidata.org/entity/Q107022182,18
http://www.wikidata.org/entity/Q107022533,5
http://www.wikidata.org/entity/Q107024911,5
http://www.wikidata.org/entity/Q107024927,4
http://www.wikidata.org/entity/Q107024983,4
http://www.wikidata.org/entity/Q107024992,5
http://www.wikidata.org/entity/Q107025062,5
http://www.wikidata.org/entity/Q107029644,9
http://www.wikidata.org/entity/Q107033384,15
http://www.wikidata.org/entity/Q107033631,7
http://www.wikidata.org/entity/Q107033632,11
http://www.wikidata.org/entity/Q107033667,12
http://www.wikidata.org/entity/Q107033785,12
http://www.wikidata.org/entity/Q107040857,8
http://www.wikidata.org/entity/Q107044696,9
http://www.wikidata.org/entity/Q107090469,4
http://www.wikidata.org/entity/Q107090501,4
http://www.wikidata.org/entity/Q107091525,6
http://www.wikidata.org/entity/Q107091813,5
http://www.wikidata.org/entity/Q107100828,14
http://www.wikidata.org/entity/Q107123896,7
http://www.wikidata.org/entity/Q107124397,6
http://www.wikidata.org/entity/Q107124431,6
http://www.wikidata.org/entity/Q107138217,5
http://www.wikidata.org/entity/Q15733887,41
http://www.wikidata.org/entity/Q15807715,4
http://www.wikidata.org/entity/Q15810872,5
http://www.wikidata.org/entity/Q15830404,30
http://www.wikidata.org/entity/Q15845134,3
http://www.wikidata.org/entity/Q15893013,11
http://www.wikidata.org/entity/Q15907187,8
http://www.wikidata.org/entity/Q15917095,8
http://www.wikidata.org/entity/Q15926105,10
http://www.wikidata.org/entity/Q15931253,6
http://www.wikidata.org/entity/Q15957030,3
http://www.wikidata.org/entity/Q15974722,23
http://www.wikidata.org/entity/Q15975701,14
http://www.wikidata.org/entity/Q15981156,12
http://www.wikidata.org/entity/Q15990865,5
http://www.wikidata.org/entity/Q15990884,13
http://www.wikidata.org/entity/Q15991004,12
http://www.wikidata.org/entity/Q16002495,17
http://www.wikidata.org/entity/Q16011695,6
http://www.wikidata.org/entity/Q16024685,8
http://www.wikidata.org/entity/Q16029081,4
http://www.wikidata.org/entity/Q16035064,8
http://www.wikidata.org/entity/Q16050341,4
http://www.wikidata.org/entity/Q16056349,10
http://www.wikidata.org/entity/Q16096634,13
http://www.wikidata.org/entity/Q16115207,3
http://www.wikidata.org/entity/Q16119301,3
http://www.wikidata.org/entity/Q16130554,5
http://www.wikidata.org/entity/Q16148439,6
http://www.wikidata.org/entity/Q16152327,6
http://www.wikidata.org/entity/Q16154635,11
http://www.wikidata.org/entity/Q16163845,8
http://www.wikidata.org/entity/Q16168828,6
http://www.wikidata.org/entity/Q16180065,10
http://www.wikidata.org/entity/Q16184076,5
http://www.wikidata.org/entity/Q16191837,7
http://www.wikidata.org/entity/Q16241990,6
http://www.wikidata.org/entity/Q16250593,7
http://www.wikidata.org/entity/Q16250948,6
http://www.wikidata.org/entity/Q16253331,8
http://www.wikidata.org/entity/Q16254929,9
http://www.wikidata.org/entity/Q16256450,14
http://www.wikidata.org/entity/Q16261643,4
http://www.wikidata.org/entity/Q16291117,6
http://www.wikidata.org/entity/Q16295131,8
http://www.wikidata.org/entity/Q16304401,4
http://www.wikidata.org/entity/Q16311595,5
http://www.wikidata.org/entity/Q16323732,9
http://www.wikidata.org/entity/Q16327884,5
http://www.wikidata.org/entity/Q16344235,3
http://www.wikidata.org/entity/Q16357920,13
http://www.wikidata.org/entity/Q16396625,3
http://www.wikidata.org/entity/Q16408598,10
http://www.wikidata.org/entity/Q16431771,4
http://www.wikidata.org/entity/Q16482233,7
http://www.wikidata.org/entity/Q16491869,16
http://www.wikidata.org/entity/Q16496542,9
http://www.wikidata.org/entity/Q16497280,7
http://www.wikidata.org/entity/Q16525381,4
http://www.wikidata.org/entity/Q16526296,5
http://www.wikidata.org/entity/Q16527140,7
http://www.wikidata.org/entity/Q16530953,5
http://www.wikidata.org/entity/Q16531329,4
http://www.wikidata.org/entity/Q16532947,7
http://www.wikidata.org/entity/Q16534955,5
http://www.wikidata.org/entity/Q16535291,6
http://www.wikidata.org/entity/Q16535861,9
http://www.wikidata.org/entity/Q16556369,6
http://www.wikidata.org/entity/Q16562829,5
http://www.wikidata.org/entity/Q16572889,10
http://www.wikidata.org/entity/Q16575000,3
http://www.wikidata.org/entity/Q16575969,5
http://www.wikidata.org/entity/Q16582392,6
http://www.wikidata.org/entity/Q16587550,7
http://www.wikidata.org/entity/Q16591771,3
http://www.wikidata.org/entity/Q16594955,3
http://www.wikidata.org/entity/Q16606623,2
http://www.wikidata.org/entity/Q16610474,6
http://www.wikidata.org/entity/Q16615430,7
http://www.wikidata.org/entity/Q16625659,8
http://www.wikidata.org/entity/Q16625777,5
http://www.wikidata.org/entity/Q16636260,3
http://www.wikidata.org/entity/Q16637763,3
http://www.wikidata.org/entity/Q16637770,7
http://www.wikidata.org/entity/Q16669340,4
http://www.wikidata.org/entity/Q16669553,7
http://www.wikidata.org/entity/Q16674705,3
http://www.wikidata.org/entity/Q16679167,2
http://www.wikidata.org/entity/Q16679594,15
http://www.wikidata.org/entity/Q16681686,6
http://www.wikidata.org/entity/Q16682190,11
http://www.wikidata.org/entity/Q16684826,6
http://www.wikidata.org/entity/Q16696914,2
http://www.wikidata.org/entity/Q16702540,3
http://www.wikidata.org/entity/Q16709471,7
http://www.wikidata.org/entity/Q16724491,4
http://www.wikidata.org/entity/Q16733731,6
http://www.wikidata.org/entity/Q16801007,14
http://www.wikidata.org/entity/Q16820420,3
http://www.wikidata.org/entity/Q16821210,10
http://www.wikidata.org/entity/Q130392790,4
http://www.wikidata.org/entity/Q130397591,7
http://www.wikidata.org/entity/Q130467395,6
http://www.wikidata.org/entity/Q130474681,5
http://www.wikidata.org/entity/Q130474688,4
http://www.wikidata.org/entity/Q130474689,4
http://www.wikidata.org/entity/Q130479301,3
http://www.wikidata.org/entity/Q130532355,4
http://www.wikidata.org/entity/Q130553967,7
http://www.wikidata.org/entity/Q130554646,1
http://www.wikidata.org/entity/Q130600756,4
http://www.wikidata.org/entity/Q130660185,4
http://www.wikidata.org/entity/Q130711589,6
http://www.wikidata.org/entity/Q130711854,2
http://www.wikidata.org/entity/Q130744704,5
http://www.wikidata.org/entity/Q130899087,4
http://www.wikidata.org/entity/Q131005997,5
http://www.wikidata.org/entity/Q131006206,5
http://www.wikidata.org/entity/Q131168415,6
http://www.wikidata.org/entity/Q131195285,8
http://www.wikidata.org/entity/Q131195966,5
http://www.wikidata.org/entity/Q131205623,6
http://www.wikidata.org/entity/Q131286017,2
http://www.wikidata.org/entity/Q131286868,7
http://www.wikidata.org/entity/Q131302628,3
http://www.wikidata.org/entity/Q131334621,5
http://www.wikidata.org/entity/Q131421534,2
http://www.wikidata.org/entity/Q131440882,6
http://www.wikidata.org/entity/Q131459053,5
http://www.wikidata.org/entity/Q131460182,3
http://www.wikidata.org/entity/Q131463506,4
http://www.wikidata.org/entity/Q131481683,6
http://www.wikidata.org/entity/Q131504672,7
http://www.wikidata.org/entity/Q131529620,5
http://www.wikidata.org/entity/Q131535007,6
http://www.wikidata.org/entity/Q131535017,7
http://www.wikidata.org/entity/Q131535243,5
http://www.wikidata.org/entity/Q131590012,2
http://www.wikidata.org/entity/Q131597985,11
http://www.wikidata.org/entity/Q131623924,4
http://www.wikidata.org/entity/Q131624620,9
http://www.wikidata.org/entity/Q131626236,8
http://www.wikidata.org/entity/Q131657701,4
http://www.wikidata.org/entity/Q131681303,5
http://www.wikidata.org/entity/Q131681304,5
http://www.wikidata.org/entity/Q131682956,4
http://www.wikidata.org/entity/Q131693667,1
http://www.wikidata.org/entity/Q131720394,6
http://www.wikidata.org/entity/Q131722219,5
http://www.wikidata.org/entity/Q131722216,5
http://www.wikidata.org/entity/Q131722223,5
http://www.wikidata.org/entity/Q131722225,5
http://www.wikidata.org/entity/Q131722229,5
http://www.wikidata.org/entity/Q131741601,3
http://www.wikidata.org/entity/Q131784556,7
http://www.wikidata.org/entity/Q131853889,7
http://www.wikidata.org/entity/Q131854045,4
http://www.wikidata.org/entity/Q131894205,5
http://www.wikidata.org/entity/Q131894329,8
http://www.wikidata.org/entity/Q131926355,4
http://www.wikidata.org/entity/Q131936139,5
http://www.wikidata.org/entity/Q131936143,4
http://www.wikidata.org/entity/Q131988195,6
http://www.wikidata.org/entity/Q132040889,4
http://www.wikidata.org/entity/Q132165415,5
http://www.wikidata.org/entity/Q132188340,3
http://www.wikidata.org/entity/Q132200384,5
http://www.wikidata.org/entity/Q132324210,5
http://www.wikidata.org/entity/Q132324477,5
http://www.wikidata.org/entity/Q132337371,6
http://www.wikidata.org/entity/Q132362501,5
http://www.wikidata.org/entity/Q132362695,6
http://www.wikidata.org/entity/Q132473088,4
http://www.wikidata.org/entity/Q132508451,7
http://www.wikidata.org/entity/Q132526862,4
http://www.wikidata.org/entity/Q132531661,3
http://www.wikidata.org/entity/Q132531675,3
http://www.wikidata.org/entity/Q132598288,3
http://www.wikidata.org/entity/Q132609906,2
http://www.wikidata.org/entity/Q132733254,1
http://www.wikidata.org/entity/Q132778448,4
http://www.wikidata.org/entity/Q132886044,2
http://www.wikidata.org/entity/Q133045404,4
http://www.wikidata.org/entity/Q133163003,2
http://www.wikidata.org/entity/Q133189813,3
http://www.wikidata.org/entity/Q133255164,5
http://www.wikidata.org/entity/Q133294481,8
http://www.wikidata.org/entity/Q133294487,7
http://www.wikidata.org/entity/Q133501932,6
http://www.wikidata.org/entity/Q133502585,8
http://www.wikidata.org/entity/Q133520038,5
http://www.wikidata.org/entity/Q133601867,4
http://www.wikidata.org/entity/Q133601921,6
http://www.wikidata.org/entity/Q133687529,4
http://www.wikidata.org/entity/Q133698907,2
http://www.wikidata.org/entity/Q133709530,10
http://www.wikidata.org/entity/Q133800708,5
http://www.wikidata.org/entity/Q133810508,3
http://www.wikidata.org/entity/Q133820950,4
http://www.wikidata.org/entity/Q133826304,5
http://www.wikidata.org/entity/Q115858975,6
http://www.wikidata.org/entity/Q115890848,9
http://www.wikidata.org/entity/Q115957743,2
http://www.wikidata.org/entity/Q116006456,3
http://www.wikidata.org/entity/Q116045209,3
http://www.wikidata.org/entity/Q116148184,8
http://www.wikidata.org/entity/Q116158395,6
http://www.wikidata.org/entity/Q116158638,2
http://www.wikidata.org/entity/Q116192789,5
http://www.wikidata.org/entity/Q116210851,4
http://www.wikidata.org/entity/Q116256909,8
http://www.wikidata.org/entity/Q116285483,5
http://www.wikidata.org/entity/Q116296482,9
http://www.wikidata.org/entity/Q116314630,7
http://www.wikidata.org/entity/Q116316147,4
http://www.wikidata.org/entity/Q116414169,5
http://www.wikidata.org/entity/Q116455215,6
http://www.wikidata.org/entity/Q116483739,4
http://www.wikidata.org/entity/Q116483777,4
http://www.wikidata.org/entity/Q116483797,3
http://www.wikidata.org/entity/Q116494920,4
http://www.wikidata.org/entity/Q116679787,6
http://www.wikidata.org/entity/Q116690325,8
http://www.wikidata.org/entity/Q116690343,16
http://www.wikidata.org/entity/Q116745991,6
http://www.wikidata.org/entity/Q116764465,7
http://www.wikidata.org/entity/Q116764487,5
http://www.wikidata.org/entity/Q116764541,9
http://www.wikidata.org/entity/Q116777655,4
http://www.wikidata.org/entity/Q116780115,5
http://www.wikidata.org/entity/Q116782420,7
http://www.wikidata.org/entity/Q116875230,7
http://www.wikidata.org/entity/Q116875242,5
http://www.wikidata.org/entity/Q116875252,9
http://www.wikidata.org/entity/Q116884389,3
http://www.wikidata.org/entity/Q116897627,8
http://www.wikidata.org/entity/Q116952929,8
http://www.wikidata.org/entity/Q116952981,4
http://www.wikidata.org/entity/Q116958268,2
http://www.wikidata.org/entity/Q116960000,4
http://www.wikidata.org/entity/Q116971511,6
http://www.wikidata.org/entity/Q116972319,3
http://www.wikidata.org/entity/Q116973456,6
http://www.wikidata.org/entity/Q116979673,3
http://www.wikidata.org/entity/Q116984510,2
http://www.wikidata.org/entity/Q116985035,7
http://www.wikidata.org/entity/Q116985269,4
http://www.wikidata.org/entity/Q117000933,5
http://www.wikidata.org/entity/Q117000942,5
http://www.wikidata.org/entity/Q117001315,5
http://www.wikidata.org/entity/Q117003970,3
http://www.wikidata.org/entity/Q117031611,5
http://www.wikidata.org/entity/Q117033811,5
http://www.wikidata.org/entity/Q117048629,4
http://www.wikidata.org/entity/Q117074058,9
http://www.wikidata.org/entity/Q117187170,11
http://www.wikidata.org/entity/Q117187744,6
http://www.wikidata.org/entity/Q117193811,5
http://www.wikidata.org/entity/Q117193815,6
http://www.wikidata.org/entity/Q117193818,5
http://www.wikidata.org/entity/Q117198196,13
http://www.wikidata.org/entity/Q117209626,6
http://www.wikidata.org/entity/Q117209634,5
http://www.wikidata.org/entity/Q117223398,5
http://www.wikidata.org/entity/Q117223451,6
http://www.wikidata.org/entity/Q117261741,7
http://www.wikidata.org/entity/Q117261805,6
http://www.wikidata.org/entity/Q117302049,3
http://www.wikidata.org/entity/Q117348352,5
http://www.wikidata.org/entity/Q117353741,7
http://www.wikidata.org/entity/Q117405746,5
http://www.wikidata.org/entity/Q117487034,4
http://www.wikidata.org/entity/Q117561364,2
http://www.wikidata.org/entity/Q117632843,5
http://www.wikidata.org/entity/Q117632917,4
http://www.wikidata.org/entity/Q117745223,11
http://www.wikidata.org/entity/Q117745336,7
http://www.wikidata.org/entity/Q117745444,6
http://www.wikidata.org/entity/Q117745523,8
http://www.wikidata.org/entity/Q117750973,4
http://www.wikidata.org/entity/Q117824808,4
http://www.wikidata.org/entity/Q117843679,4
http://www.wikidata.org/entity/Q117873051,4
http://www.wikidata.org/entity/Q118114324,5
http://www.wikidata.org/entity/Q118120091,5
http://www.wikidata.org/entity/Q118120984,8
http://www.wikidata.org/entity/Q118123304,2
http://www.wikidata.org/entity/Q118123362,3
http://www.wikidata.org/entity/Q118123408,1
http://www.wikidata.org/entity/Q118146876,7
http://www.wikidata.org/entity/Q118146890,7
http://www.wikidata.org/entity/Q118146900,6
http://www.wikidata.org/entity/Q118150969,6
http://www.wikidata.org/entity/Q118151172,6
http://www.wikidata.org/entity/Q118151323,6
http://www.wikidata.org/entity/Q118151326,6
http://www.wikidata.org/entity/Q118151327,7
http://www.wikidata.org/entity/Q118151324,5
http://www.wikidata.org/entity/Q118151325,5
http://www.wikidata.org/entity/Q118176163,4
http://www.wikidata.org/entity/Q133826466,5
http://www.wikidata.org/entity/Q133837227,2
http://www.wikidata.org/entity/Q133854160,6
http://www.wikidata.org/entity/Q133862566,4
http://www.wikidata.org/entity/Q134005844,4
http://www.wikidata.org/entity/Q134029176,5
http://www.wikidata.org/entity/Q134125842,1
http://www.wikidata.org/entity/Q134290560,3
http://www.wikidata.org/entity/Q134318960,12
http://www.wikidata.org/entity/Q134355863,4
http://www.wikidata.org/entity/Q134380635,4
http://www.wikidata.org/entity/Q134383813,6
http://www.wikidata.org/entity/Q134385896,2
http://www.wikidata.org/entity/Q134417733,5
http://www.wikidata.org/entity/Q134584924,8
http://www.wikidata.org/entity/Q134587424,3
http://www.wikidata.org/entity/Q134589204,5
http://www.wikidata.org/entity/Q134589282,4
http://www.wikidata.org/entity/Q134613334,4
http://www.wikidata.org/entity/Q134697774,3
http://www.wikidata.org/entity/Q134722534,3
http://www.wikidata.org/entity/Q134889850,5
http://www.wikidata.org/entity/Q134889869,4
http://www.wikidata.org/entity/Q134962237,3
http://www.wikidata.org/entity/Q134983275,5
http://www.wikidata.org/entity/Q134997891,4
http://www.wikidata.org/entity/Q134997892,5
http://www.wikidata.org/entity/Q135089743,4
http://www.wikidata.org/entity/Q135107660,2
http://www.wikidata.org/entity/Q135112758,5
http://www.wikidata.org/entity/Q135112757,6
http://www.wikidata.org/entity/Q135112763,4
http://www.wikidata.org/entity/Q135112773,5
http://www.wikidata.org/entity/Q135112830,4
http://www.wikidata.org/entity/Q135112891,3
http://www.wikidata.org/entity/Q135184915,4
http://www.wikidata.org/entity/Q135192976,2
http://www.wikidata.org/entity/Q135235711,2
http://www.wikidata.org/entity/Q135239105,7
http://www.wikidata.org/entity/Q135268470,2
http://www.wikidata.org/entity/Q135274887,1
http://www.wikidata.org/entity/Q135276361,3
http://www.wikidata.org/entity/Q135285638,6
http://www.wikidata.org/entity/Q135295820,4
http://www.wikidata.org/entity/Q135369460,4
http://www.wikidata.org/entity/Q135396723,3
http://www.wikidata.org/entity/Q135396809,2
http://www.wikidata.org/entity/Q135397140,7
http://www.wikidata.org/entity/Q135397404,4
http://www.wikidata.org/entity/Q135397780,3
http://www.wikidata.org/entity/Q135401059,5
http://www.wikidata.org/entity/Q135412323,5
http://www.wikidata.org/entity/Q135419703,9
http://www.wikidata.org/entity/Q135437123,3
http://www.wikidata.org/entity/Q135437136,5
http://www.wikidata.org/entity/Q135437246,4
http://www.wikidata.org/entity/Q135437342,8
http://www.wikidata.org/entity/Q135472492,4
http://www.wikidata.org/entity/Q135493744,7
http://www.wikidata.org/entity/Q135493761,5
http://www.wikidata.org/entity/Q135493769,5
http://www.wikidata.org/entity/Q135493776,5
http://www.wikidata.org/entity/Q135511131,8
http://www.wikidata.org/entity/Q135553474,7
http://www.wikidata.org/entity/Q135644052,3
http://www.wikidata.org/entity/Q135671651,4
http://www.wikidata.org/entity/Q135687210,5
http://www.wikidata.org/entity/Q135840551,4
http://www.wikidata.org/entity/Q135933707,5
http://www.wikidata.org/entity/Q135965645,5
http://www.wikidata.org/entity/Q136031262,5
http://www.wikidata.org/entity/Q136031285,4
http://www.wikidata.org/entity/Q136031296,4
http://www.wikidata.org/entity/Q136065521,6
http://www.wikidata.org/entity/Q136206036,4
http://www.wikidata.org/entity/Q136206045,5
http://www.wikidata.org/entity/Q136206056,6
http://www.wikidata.org/entity/Q136206123,4
http://www.wikidata.org/entity/Q136206127,5
http://www.wikidata.org/entity/Q136231231,3
http://www.wikidata.org/entity/Q136320857,1
http://www.wikidata.org/entity/Q136335901,3
http://www.wikidata.org/entity/Q136335958,3
http://www.wikidata.org/entity/Q136335965,4
http://www.wikidata.org/entity/Q136342757,1
http://www.wikidata.org/entity/Q136342829,2
http://www.wikidata.org/entity/Q136348971,4
http://www.wikidata.org/entity/Q136434440,1
http://www.wikidata.org/entity/Q136471439,5
http://www.wikidata.org/entity/Q136508884,4
http://www.wikidata.org/entity/Q136537479,6
http://www.wikidata.org/entity/Q136537836,4
http://www.wikidata.org/entity/Q136539124,4
http://www.wikidata.org/entity/Q136540615,5
http://www.wikidata.org/entity/Q136646452,3
http://www.wikidata.org/entity/Q136650759,3
http://www.wikidata.org/entity/Q136653443,4
http://www.wikidata.org/entity/Q136653467,4
http://www.wikidata.org/entity/Q136668981,3
http://www.wikidata.org/entity/Q136696186,4
http://www.wikidata.org/entity/Q118177578,3
http://www.wikidata.org/entity/Q118210225,5
http://www.wikidata.org/entity/Q118255449,5
http://www.wikidata.org/entity/Q118324067,5
http://www.wikidata.org/entity/Q118367897,4
http://www.wikidata.org/entity/Q118395684,5
http://www.wikidata.org/entity/Q118640019,5
http://www.wikidata.org/entity/Q118640020,3
http://www.wikidata.org/entity/Q118678057,5
http://www.wikidata.org/entity/Q118738876,7
http://www.wikidata.org/entity/Q118738993,6
http://www.wikidata.org/entity/Q118744380,4
http://www.wikidata.org/entity/Q118744381,6
http://www.wikidata.org/entity/Q118744387,4
http://www.wikidata.org/entity/Q118744385,4
http://www.wikidata.org/entity/Q118744395,4
http://www.wikidata.org/entity/Q118744917,6
http://www.wikidata.org/entity/Q118798959,10
http://www.wikidata.org/entity/Q119225357,4
http://www.wikidata.org/entity/Q119228945,3
http://www.wikidata.org/entity/Q119228966,4
http://www.wikidata.org/entity/Q119228986,5
http://www.wikidata.org/entity/Q119259589,8
http://www.wikidata.org/entity/Q119438481,5
http://www.wikidata.org/entity/Q119438497,7
http://www.wikidata.org/entity/Q119517804,4
http://www.wikidata.org/entity/Q119580609,5
http://www.wikidata.org/entity/Q119820709,5
http://www.wikidata.org/entity/Q119844080,3
http://www.wikidata.org/entity/Q119889474,6
http://www.wikidata.org/entity/Q119889473,5
http://www.wikidata.org/entity/Q120209068,6
http://www.wikidata.org/entity/Q120233553,5
http://www.wikidata.org/entity/Q120403950,14
http://www.wikidata.org/entity/Q120403952,11
http://www.wikidata.org/entity/Q120413103,7
http://www.wikidata.org/entity/Q120484427,24
http://www.wikidata.org/entity/Q120691315,5
http://www.wikidata.org/entity/Q120691352,4
http://www.wikidata.org/entity/Q120715859,4
http://www.wikidata.org/entity/Q120715924,4
http://www.wikidata.org/entity/Q120867282,5
http://www.wikidata.org/entity/Q120970818,4
http://www.wikidata.org/entity/Q120987711,3
http://www.wikidata.org/entity/Q121032006,9
http://www.wikidata.org/entity/Q121160612,5
http://www.wikidata.org/entity/Q121170607,5
http://www.wikidata.org/entity/Q121285291,5
http://www.wikidata.org/entity/Q121306892,5
http://www.wikidata.org/entity/Q121368137,3
http://www.wikidata.org/entity/Q121411631,3
http://www.wikidata.org/entity/Q121437377,4
http://www.wikidata.org/entity/Q121437389,4
http://www.wikidata.org/entity/Q121494463,5
http://www.wikidata.org/entity/Q121667432,4
http://www.wikidata.org/entity/Q121840759,4
http://www.wikidata.org/entity/Q121975531,4
http://www.wikidata.org/entity/Q122033743,3
http://www.wikidata.org/entity/Q122034158,4
http://www.wikidata.org/entity/Q122034415,7
http://www.wikidata.org/entity/Q122034475,7
http://www.wikidata.org/entity/Q122034540,4
http://www.wikidata.org/entity/Q122034643,6
http://www.wikidata.org/entity/Q122034795,4
http://www.wikidata.org/entity/Q122143484,5
http://www.wikidata.org/entity/Q122149755,3
http://www.wikidata.org/entity/Q122216296,3
http://www.wikidata.org/entity/Q122474125,16
http://www.wikidata.org/entity/Q122474149,4
http://www.wikidata.org/entity/Q122474184,6
http://www.wikidata.org/entity/Q122474221,4
http://www.wikidata.org/entity/Q122474257,5
http://www.wikidata.org/entity/Q122589702,4
http://www.wikidata.org/entity/Q122609971,2
http://www.wikidata.org/entity/Q122616091,4
http://www.wikidata.org/entity/Q122639240,2
http://www.wikidata.org/entity/Q122658157,4
http://www.wikidata.org/entity/Q122730605,3
http://www.wikidata.org/entity/Q122801201,5
http://www.wikidata.org/entity/Q122818238,4
http://www.wikidata.org/entity/Q122839839,4
http://www.wikidata.org/entity/Q122910849,3
http://www.wikidata.org/entity/Q122932896,5
http://www.wikidata.org/entity/Q122933096,5
http://www.wikidata.org/entity/Q122947986,6
http://www.wikidata.org/entity/Q122948042,3
http://www.wikidata.org/entity/Q123009321,6
http://www.wikidata.org/entity/Q123028778,5
http://www.wikidata.org/entity/Q123058158,3
http://www.wikidata.org/entity/Q123105792,5
http://www.wikidata.org/entity/Q123139242,6
http://www.wikidata.org/entity/Q123141133,5
http://www.wikidata.org/entity/Q123166358,6
http://www.wikidata.org/entity/Q123177120,7
http://www.wikidata.org/entity/Q123196582,5
http://www.wikidata.org/entity/Q123196598,5
http://www.wikidata.org/entity/Q123223381,3
http://www.wikidata.org/entity/Q123253052,2
http://www.wikidata.org/entity/Q123253590,4
http://www.wikidata.org/entity/Q123272631,5
http://www.wikidata.org/entity/Q138565422,3
http://www.wikidata.org/entity/Q138588708,7
http://www.wikidata.org/entity/Q138588714,6
http://www.wikidata.org/entity/Q138588725,4
http://www.wikidata.org/entity/Q138591098,4
http://www.wikidata.org/entity/Q138605895,3
http://www.wikidata.org/entity/Q138611364,2
http://www.wikidata.org/entity/Q138611369,1
http://www.wikidata.org/entity/Q138617267,6
http://www.wikidata.org/entity/Q138683417,3
http://www.wikidata.org/entity/Q138684586,4
http://www.wikidata.org/entity/Q138718214,4
http://www.wikidata.org/entity/Q138798561,4
http://www.wikidata.org/entity/Q138807858,18
http://www.wikidata.org/entity/Q138829495,5
http://www.wikidata.org/entity/Q138830160,4
http://www.wikidata.org/entity/Q139219215,5
http://www.wikidata.org/entity/Q139488139,4
http://www.wikidata.org/entity/Q139505550,1
http://www.wikidata.org/entity/Q139551738,8
http://www.wikidata.org/entity/Q139552439,7
http://www.wikidata.org/entity/Q139564613,11
http://www.wikidata.org/entity/Q139565726,4
http://www.wikidata.org/entity/Q139566448,4
http://www.wikidata.org/entity/Q139566472,5
http://www.wikidata.org/entity/Q139566596,4
http://www.wikidata.org/entity/Q139567714,5
http://www.wikidata.org/entity/Q139567721,5
http://www.wikidata.org/entity/Q139567728,5
http://www.wikidata.org/entity/Q139571846,4
http://www.wikidata.org/entity/Q139689364,2
http://www.wikidata.org/entity/Q139801507,4
http://www.wikidata.org/entity/Q139807780,4
http://www.wikidata.org/entity/Q139807789,6
http://www.wikidata.org/entity/Q139860634,5
http://www.wikidata.org/entity/Q139907417,5
http://www.wikidata.org/entity/Q139907460,4
http://www.wikidata.org/entity/Q139991136,5
http://www.wikidata.org/entity/Q140005978,4
http://www.wikidata.org/entity/Q140045099,6
http://www.wikidata.org/entity/Q140129045,5
http://www.wikidata.org/entity/Q140185391,7
http://www.wikidata.org/entity/Q140221083,6
http://www.wikidata.org/entity/Q140285794,7
http://www.wikidata.org/entity/Q140310844,8
http://www.wikidata.org/entity/Q140323396,2
http://www.wikidata.org/entity/Q140369600,5
http://www.wikidata.org/entity/Q140369612,4
http://www.wikidata.org/entity/Q136699920,3
http://www.wikidata.org/entity/Q136704497,3
http://www.wikidata.org/entity/Q136774417,3
http://www.wikidata.org/entity/Q136774454,5
http://www.wikidata.org/entity/Q136822752,1
http://www.wikidata.org/entity/Q136890359,2
http://www.wikidata.org/entity/Q136908395,2
http://www.wikidata.org/entity/Q136908397,1
http://www.wikidata.org/entity/Q136908575,6
http://www.wikidata.org/entity/Q136908587,4
http://www.wikidata.org/entity/Q136933447,5
http://www.wikidata.org/entity/Q136933450,7
http://www.wikidata.org/entity/Q136946883,3
http://www.wikidata.org/entity/Q137139307,4
http://www.wikidata.org/entity/Q137171613,4
http://www.wikidata.org/entity/Q137189529,6
http://www.wikidata.org/entity/Q137299027,1
http://www.wikidata.org/entity/Q137300740,4
http://www.wikidata.org/entity/Q137322391,5
http://www.wikidata.org/entity/Q137324734,5
http://www.wikidata.org/entity/Q137441021,4
http://www.wikidata.org/entity/Q137441035,6
http://www.wikidata.org/entity/Q137441200,3
http://www.wikidata.org/entity/Q137441335,3
http://www.wikidata.org/entity/Q137441526,4
http://www.wikidata.org/entity/Q137441533,6
http://www.wikidata.org/entity/Q137442003,5
http://www.wikidata.org/entity/Q137442001,3
http://www.wikidata.org/entity/Q137541541,4
http://www.wikidata.org/entity/Q137544146,5
http://www.wikidata.org/entity/Q137673400,2
http://www.wikidata.org/entity/Q137719315,5
http://www.wikidata.org/entity/Q137753347,3
http://www.wikidata.org/entity/Q137767022,6
http://www.wikidata.org/entity/Q137799958,5
http://www.wikidata.org/entity/Q137884622,5
http://www.wikidata.org/entity/Q137886730,7
http://www.wikidata.org/entity/Q137900601,4
http://www.wikidata.org/entity/Q137910140,4
http://www.wikidata.org/entity/Q137946482,7
http://www.wikidata.org/entity/Q138081554,4
http://www.wikidata.org/entity/Q138186567,3
http://www.wikidata.org/entity/Q138261436,2
http://www.wikidata.org/entity/Q138262349,2
http://www.wikidata.org/entity/Q138314533,5
http://www.wikidata.org/entity/Q138314537,5
http://www.wikidata.org/entity/Q138327511,6
http://www.wikidata.org/entity/Q138357034,5
http://www.wikidata.org/entity/Q138357032,3
http://www.wikidata.org/entity/Q138388459,7
http://www.wikidata.org/entity/Q138499637,1
http://www.wikidata.org/entity/Q138544643,2
http://www.wikidata.org/entity/Q140369806,6
http://www.wikidata.org/entity/Q140369831,4
http://www.wikidata.org/entity/Q140369829,4
http://www.wikidata.org/entity/Q140377109,6
http://www.wikidata.org/entity/Q140389135,4
http://www.wikidata.org/entity/Q140428185,5
http://www.wikidata.org/entity/Q140451598,3
http://www.wikidata.org/entity/Q140463448,4
http://www.wikidata.org/entity/Q140465784,2
http://www.wikidata.org/entity/Q140504059,8
http://www.wikidata.org/entity/Q140528499,4
http://www.wikidata.org/entity/Q140528496,5
http://www.wikidata.org/entity/Q140528502,4
http://www.wikidata.org/entity/Q140561383,6
http://www.wikidata.org/entity/Q140561502,7
http://www.wikidata.org/entity/Q140566525,6
http://www.wikidata.org/entity/Q140566776,5
http://www.wikidata.org/entity/Q140574348,5
http://www.wikidata.org/entity/Q140626408,4
http://www.wikidata.org/entity/Q140627258,3
http://www.wikidata.org/entity/Q140630035,5
http://www.wikidata.org/entity/Q140631552,4
http://www.wikidata.org/entity/Q123286978,5
http://www.wikidata.org/entity/Q123360735,5
http://www.wikidata.org/entity/Q123382682,2
http://www.wikidata.org/entity/Q123397869,8
http://www.wikidata.org/entity/Q123397937,5
http://www.wikidata.org/entity/Q123413364,3
http://www.wikidata.org/entity/Q123421084,5
http://www.wikidata.org/entity/Q123421088,5
http://www.wikidata.org/entity/Q123421101,6
http://www.wikidata.org/entity/Q123481758,5
http://www.wikidata.org/entity/Q123498448,4
http://www.wikidata.org/entity/Q123543092,11
http://www.wikidata.org/entity/Q123556216,6
http://www.wikidata.org/entity/Q123588464,4
http://www.wikidata.org/entity/Q123600631,11
http://www.wikidata.org/entity/Q123699455,4
http://www.wikidata.org/entity/Q123707590,11
http://www.wikidata.org/entity/Q123753500,8
http://www.wikidata.org/entity/Q123773619,6
http://www.wikidata.org/entity/Q123777276,13
http://www.wikidata.org/entity/Q123786394,9
http://www.wikidata.org/entity/Q123856101,4
http://www.wikidata.org/entity/Q123907465,4
http://www.wikidata.org/entity/Q123909197,6
http://www.wikidata.org/entity/Q123922710,4
http://www.wikidata.org/entity/Q123923529,6
http://www.wikidata.org/entity/Q123944418,5
http://www.wikidata.org/entity/Q123945693,8
http://www.wikidata.org/entity/Q123953871,5
http://www.wikidata.org/entity/Q124000603,5
http://www.wikidata.org/entity/Q124001082,4
http://www.wikidata.org/entity/Q124001752,5
http://www.wikidata.org/entity/Q124022145,1
http://www.wikidata.org/entity/Q124060761,3
http://www.wikidata.org/entity/Q124079308,3
http://www.wikidata.org/entity/Q124080511,6
http://www.wikidata.org/entity/Q124080517,4
http://www.wikidata.org/entity/Q124080527,4
http://www.wikidata.org/entity/Q124096734,5
http://www.wikidata.org/entity/Q124099574,9
http://www.wikidata.org/entity/Q124099577,6
http://www.wikidata.org/entity/Q124099582,4
http://www.wikidata.org/entity/Q124130234,2
http://www.wikidata.org/entity/Q124151378,4
http://www.wikidata.org/entity/Q124170473,4
http://www.wikidata.org/entity/Q124253576,4
http://www.wikidata.org/entity/Q124291051,4
http://www.wikidata.org/entity/Q124312240,14
http://www.wikidata.org/entity/Q124333204,3
http://www.wikidata.org/entity/Q124342215,3
http://www.wikidata.org/entity/Q124342218,3
http://www.wikidata.org/entity/Q124342216,3
http://www.wikidata.org/entity/Q124342217,3
http://www.wikidata.org/entity/Q124352838,7
http://www.wikidata.org/entity/Q124354563,5
http://www.wikidata.org/entity/Q124354571,5
http://www.wikidata.org/entity/Q124357128,8
http://www.wikidata.org/entity/Q124361699,3
http://www.wikidata.org/entity/Q124399713,5
http://www.wikidata.org/entity/Q124399721,5
http://www.wikidata.org/entity/Q124399725,4
http://www.wikidata.org/entity/Q124421715,4
http://www.wikidata.org/entity/Q124428369,4
http://www.wikidata.org/entity/Q124428373,5
http://www.wikidata.org/entity/Q124476025,3
http://www.wikidata.org/entity/Q124504713,5
http://www.wikidata.org/entity/Q124526447,3
http://www.wikidata.org/entity/Q124536568,3
http://www.wikidata.org/entity/Q124545070,4
http://www.wikidata.org/entity/Q124568573,4
http://www.wikidata.org/entity/Q124568589,4
http://www.wikidata.org/entity/Q124609825,4
http://www.wikidata.org/entity/Q124613834,6
http://www.wikidata.org/entity/Q124616529,7
http://www.wikidata.org/entity/Q124630346,4
http://www.wikidata.org/entity/Q124637903,5
http://www.wikidata.org/entity/Q124637905,4
http://www.wikidata.org/entity/Q124638948,2
http://www.wikidata.org/entity/Q124661614,4
http://www.wikidata.org/entity/Q124670108,6
http://www.wikidata.org/entity/Q124692508,8
http://www.wikidata.org/entity/Q124705104,8
http://www.wikidata.org/entity/Q124707721,11
http://www.wikidata.org/entity/Q124713283,5
http://www.wikidata.org/entity/Q124714400,4
http://www.wikidata.org/entity/Q124728302,5
http://www.wikidata.org/entity/Q124739364,5
http://www.wikidata.org/entity/Q124791567,9
http://www.wikidata.org/entity/Q124804770,6
http://www.wikidata.org/entity/Q124846645,3
http://www.wikidata.org/entity/Q124851788,4
http://www.wikidata.org/entity/Q124851801,5
http://www.wikidata.org/entity/Q124879726,6
http://www.wikidata.org/entity/Q125056553,10
http://www.wikidata.org/entity/Q125088409,9
http://www.wikidata.org/entity/Q125346571,4
http://www.wikidata.org/entity/Q125346598,5
http://www.wikidata.org/entity/Q125375020,2
http://www.wikidata.org/entity/Q125455354,3
http://www.wikidata.org/entity/Q125455891,4
