genre,genreLabel,musicBrainzID
http://www.wikidata.org/entity/Q1092837,post-bop,94ce0ba0-9043-4b5b-87d6-3c1a8458f75d
http://www.wikidata.org/entity/Q108716407,skullstep,c3c86aa0-cd5a-4fcc-9c35-179415787b6c
http://www.wikidata.org/entity/Q108807661,Jamaican ska,7494f032-cd4f-46af-8fb6-ebd7133b48f6
http://www.wikidata.org/entity/Q109930142,power soca,c2aae0ae-419a-4b22-904c-cdf4c6f678e7
http://www.wikidata.org/entity/Q109941986,ratchet music,1177d5c3-7902-452c-9d2d-66bb06a307a3
http://www.wikidata.org/entity/Q108831582,big room trance,302123f6-aaa4-4dd1-91aa-aeb622536329
http://www.wikidata.org/entity/Q10836741,xẩm,190e00da-34f3-427c-8b20-64738822793e
http://www.wikidata.org/entity/Q108845022,kilapanga,22281d15-2edd-4610-8336-444c1e50d0e9
http://www.wikidata.org/entity/Q1093232,stornello,706fca71-b10d-4c7a-b210-1fe6763efbd9
http://www.wikidata.org/entity/Q108857881,piseiro,595f36d5-4357-4885-9152-155b64c8f19b
http://www.wikidata.org/entity/Q10856835,wonky techno,09a6e5f4-86e1-421c-9440-8da880dcc140
http://www.wikidata.org/entity/Q108951349,music of the Llanos,8838aca6-2131-4631-b8e5-2b998e186f89
http://www.wikidata.org/entity/Q108979517,traditional doom metal,5f2ae224-81de-4dfa-82ec-672c321c4e58
http://www.wikidata.org/entity/Q109012701,kumiuta,e487f5a9-dc24-4b25-896c-13b1b23eb423
http://www.wikidata.org/entity/Q109048162,Latin funk,5af9759a-49d7-4027-821e-c854cbe1cc53
http://www.wikidata.org/entity/Q109050954,Burmese mono,393da299-4ac6-4828-8cd7-74311279503b
http://www.wikidata.org/entity/Q109050964,Burmese stereo,3ead7360-888d-4858-aa03-4a1885c5dc61
http://www.wikidata.org/entity/Q10874829,zhongguo feng,40948be6-5fd4-4d21-9fb1-0cb886688954
http://www.wikidata.org/entity/Q109077288,space rock revival,11c85378-c3d2-4f21-a189-56fac6e3de24
http://www.wikidata.org/entity/Q109713720,minatory,81003386-f8ee-4c22-af5d-ae3514afbc8b
http://www.wikidata.org/entity/Q109719462,vaudeville,db8a5e56-60da-4438-8e2a-f2f51f0d4092
http://www.wikidata.org/entity/Q109148913,organic house,640fb6e1-c2b9-40be-bbd0-4da3c4d4832c
http://www.wikidata.org/entity/Q109753757,twerk,6018aa23-b08d-49f9-86c7-0c6f21a0766e
http://www.wikidata.org/entity/Q110101956,eletrofunk,e5145fb2-e796-462d-bd53-fff2feedc996
http://www.wikidata.org/entity/Q10922,hardcore punk,055a6e4d-d929-42ac-ba7a-9d063b254ea5
http://www.wikidata.org/entity/Q110121422,downtempo deathcore,d2ad44ce-1a19-4a69-a5f1-d06f83eccb99
http://www.wikidata.org/entity/Q10926,emo,ef0c2769-9c8f-49fc-b66e-27b8242b004a
http://www.wikidata.org/entity/Q110141586,indie surf,0ef9454d-94fa-416d-97b8-b7864c3e0ed7
http://www.wikidata.org/entity/Q109303336,drumless hip hop,9e4c8b90-75d8-4dc9-a5a8-0d09285773dd
http://www.wikidata.org/entity/Q110168453,omutibo,ecb024ca-8a45-4fd6-b6b8-82604e454d11
http://www.wikidata.org/entity/Q110185782,melodic techno,7fc914c1-a44e-43fd-ace8-63a2c6550057
http://www.wikidata.org/entity/Q10932272,technobanda,dc8f56da-a098-4f70-ab78-2f296b34cc57
http://www.wikidata.org/entity/Q110226234,red disco,583a8721-c90c-4338-acce-f0db44e4854b
http://www.wikidata.org/entity/Q110230168,British brass band music,32d363f6-562d-4efa-a4b0-43ee8f1a7e15
http://www.wikidata.org/entity/Q110230816,pop ghazal,2dce8aba-1657-4fef-a6af-55298c9f4aeb
http://www.wikidata.org/entity/Q110230818,qasidah modern,54502676-4dd2-4f8e-9f46-bba1a767e198
http://www.wikidata.org/entity/Q110230812,township bubblegum,c372342c-dfc3-497b-9a99-163c02215de1
http://www.wikidata.org/entity/Q110241080,saluang klasik,0b32e71a-a1a2-45be-85fc-6afa316dcbd4
http://www.wikidata.org/entity/Q110241185,tarraxinha,5edffcb4-dc5d-441a-b879-3ba06895ab49
http://www.wikidata.org/entity/Q110242082,urumi melam,18ae7ac1-4452-42e4-9a67-c977b567ab43
http://www.wikidata.org/entity/Q109322851,mashcore,a3e44ca3-7e7c-48fb-bd92-965fe144aabc
http://www.wikidata.org/entity/Q109335331,dungeon sound,f7156de7-0602-4f5c-ac72-284119e85dad
http://www.wikidata.org/entity/Q109350090,música de intervenção,39587ba4-5df0-49ed-958e-270f99c0b8e7
http://www.wikidata.org/entity/Q109369576,fandango caiçara,5d0bed8c-e628-4b91-a544-0baf14dd15e8
http://www.wikidata.org/entity/Q109378734,popcorn music,afadfd9d-e7f3-48cc-89b7-e73eb04bc395
http://www.wikidata.org/entity/Q109382160,plugg music,213ac446-424b-43d9-8131-1ff1a23d192c
http://www.wikidata.org/entity/Q109406736,movimiento alterado,e628eb45-1490-4800-ae13-9ab66aaca4cb
http://www.wikidata.org/entity/Q109406646,tonada potosina,4c8c43d6-b22f-4b3d-89e7-2fcb3b7a3df5
http://www.wikidata.org/entity/Q109426115,maloya élektrik,081b044a-5924-4307-8ba1-943f92a0f6e2
http://www.wikidata.org/entity/Q109523071,Sarum chant,d8602ee4-8947-4549-8853-345f753a2d26
http://www.wikidata.org/entity/Q109526125,taiko music,720d37ba-c234-4cee-be1a-071b023be9c9
http://www.wikidata.org/entity/Q10970468,Taquirari,6f6ec875-70ab-4d84-95a4-0aabaff2d607
http://www.wikidata.org/entity/Q109538468,sungura,76a4b474-d2db-45ad-b77b-bc4646b3efaa
http://www.wikidata.org/entity/Q109538574,vinahouse,36f3209d-503c-4126-a876-f1be01498458
http://www.wikidata.org/entity/Q109589387,manyao,5ab05a08-86cd-4461-9a9c-e5ef37ef0ea5
http://www.wikidata.org/entity/Q109589562,musique concrète instrumentale,b241d9be-7d10-4830-a334-109e015f0441
http://www.wikidata.org/entity/Q109589714,Ngoma music,544bbda6-7e3a-4018-9fca-d6f20348fa91
http://www.wikidata.org/entity/Q10973951,gondang,b23127b6-9d8c-4298-bb2c-19029e65e172
http://www.wikidata.org/entity/Q109653544,shatta,bbf605e6-d7c2-443d-8166-e160178022c8
http://www.wikidata.org/entity/Q109678435,microtonal classical music,e947d579-4ed5-4234-89d9-3d2c09ed8ab7
http://www.wikidata.org/entity/Q109713745,modern laika,b0948e40-f4a0-4bff-807d-8967c8e46333
http://www.wikidata.org/entity/Q109714096,forest psytrance,80a85e62-8500-4b02-a5e1-1741b66e8536
http://www.wikidata.org/entity/Q109714084,twilight psytrance,0d30c163-53ba-4805-aead-ba209b4eb997
http://www.wikidata.org/entity/Q109715837,zenonesque,3bf27ab1-32dc-46dd-8512-1cbd3e8bd866
http://www.wikidata.org/entity/Q109719071,sarala gee,5475ffbc-0660-4c48-a84b-b450b187e621
http://www.wikidata.org/entity/Q109771345,vapornoise,9e3de3e7-cc54-4aff-b392-5b4c4bf5b946
http://www.wikidata.org/entity/Q1102161,jungle,ea9b6ec3-fc8f-4c55-b2f9-19bd4511a986
http://www.wikidata.org/entity/Q108297199,bolero-beat,f609287c-d97f-4cd1-9d8d-b7f547d4dc04
http://www.wikidata.org/entity/Q108297205,Burmese classical music,eff22645-f13d-465d-a403-d73286d09017
http://www.wikidata.org/entity/Q108297212,chamarrita açoriana,f6e96d56-7735-45e9-bdea-aac79c76648d
http://www.wikidata.org/entity/Q108297216,chotis madrileño,ee875619-66a5-4cf4-967a-4fa05a41d239
http://www.wikidata.org/entity/Q108297220,conducted improvisation,f1fbd80e-1a9e-495d-ba39-baa3603542fd
http://www.wikidata.org/entity/Q108297232,doskpop,d9ca03bf-e5b8-47f2-a0b2-d9951ba34559
http://www.wikidata.org/entity/Q108297234,eleki,d618d975-3a37-4f13-9568-a6212c033844
http://www.wikidata.org/entity/Q108297238,euphoric hardstyle,be5b703a-2544-4df4-b5d9-1c5c3a8d8edb
http://www.wikidata.org/entity/Q108297241,flamenco pop,c0fc336d-506d-443d-b335-32d81f416466
http://www.wikidata.org/entity/Q1100989,glitch,18b010d7-7d85-4445-a4a8-1889a4688308
http://www.wikidata.org/entity/Q108321657,jackin' house,d5c8b95a-fcf6-4c1d-b98c-a7cb4efb494f
http://www.wikidata.org/entity/Q108555812,lo-fi house,6de95c7c-b404-4e2a-8571-739b9ae0c5ed
http://www.wikidata.org/entity/Q108556056,samba soul,465ac90e-f566-4987-a4b3-8f007a0a1605
http://www.wikidata.org/entity/Q108556409,tumbélé,156959a9-b80f-4f10-8901-52f9829c1271
http://www.wikidata.org/entity/Q109873537,dark disco,cbea6078-eff4-42e9-ad94-8a1a049ca5c5
http://www.wikidata.org/entity/Q108575656,tchinkoumé,96d548de-3e1c-4455-aff0-9f71299f7199
http://www.wikidata.org/entity/Q1090048,chutney music,dc726e7d-7f0d-47e8-9172-c9311d7bd4a8
http://www.wikidata.org/entity/Q1091056,funktronica,2fe74485-a939-4aa5-958f-ce09ba16906c
http://www.wikidata.org/entity/Q1091450,aggrotech,c844c144-90a8-4288-981e-e38275592688
http://www.wikidata.org/entity/Q108616106,Appalachian folk music,16f76639-3520-4fa8-beb3-9da32cdd2a26
http://www.wikidata.org/entity/Q108665706,corridos tumbados,b0cd7203-1781-4d14-b8ff-67666bf75f14
http://www.wikidata.org/entity/Q108665742,US power metal,145cca52-3c7f-463c-bcd4-b7a5d031e0d7
http://www.wikidata.org/entity/Q108665895,upopo,c55ccf47-f552-46ab-b69a-10b45f52af2e
http://www.wikidata.org/entity/Q108667604,Tsonga disco,345e9b20-5601-43c7-86c2-0229b6110e8b
http://www.wikidata.org/entity/Q10830180,tuồng,5da4831b-1558-4235-9b60-fa31ce686d06
http://www.wikidata.org/entity/Q108297194,batida,9889899e-cd71-49cd-aa54-b908084345a2
http://www.wikidata.org/entity/Q106591506,bubblegum bass,a969d92f-cd87-4a30-820a-e3c6405595de
http://www.wikidata.org/entity/Q106594102,Philly club,c03e5faa-1ec3-463d-95d5-96a550189510
http://www.wikidata.org/entity/Q106594174,uptempo hardcore,a0b5aaea-8535-4869-a6be-5dd57c9eaadc
http://www.wikidata.org/entity/Q106594177,utopian virtual,9be25653-b2aa-4ab5-89aa-d9808179fd1b
http://www.wikidata.org/entity/Q106594706,cinematic classical,23b490c7-69f9-418c-8e63-32f1a683dcf1
http://www.wikidata.org/entity/Q106594814,sertanejo de raiz,93fff4e6-f9ca-4da2-bc93-92314f32293d
http://www.wikidata.org/entity/Q106621114,dark folk,16103855-c0f1-4221-81d8-eafc53b1b41c
http://www.wikidata.org/entity/Q106621063,symphonic prog,166be36f-febb-4523-a005-1fb3603bd3f6
http://www.wikidata.org/entity/Q106634508,junkanoo,dacb2641-0882-469c-9557-8076f126e1e3
http://www.wikidata.org/entity/Q106634987,Chinese classical music,4e4c4eac-fb33-4d31-8797-26adc0da0341
http://www.wikidata.org/entity/Q106634926,future bounce,499b4153-64ff-4f0a-ad79-97828bc898aa
http://www.wikidata.org/entity/Q106634944,festival progressive house,3a50f3eb-f0fd-49e2-b51c-e79df3e025c1
http://www.wikidata.org/entity/Q106634883,kulintang,2f9a42aa-a452-44d1-a8d6-06671eba0289
http://www.wikidata.org/entity/Q106636289,breakbeat kota,ddfcd69c-d363-41ca-93e9-2dc09280a369
http://www.wikidata.org/entity/Q106636283,jungle dutch,02585ef0-2034-4905-aa47-9fb4ee090c89
http://www.wikidata.org/entity/Q106641530,acoustic Chicago blues,9f1412ce-d501-4312-8336-37052f5d2ba9
http://www.wikidata.org/entity/Q106641536,Afro-funk,fc00175b-2be9-4d73-ba91-27b3ca827223
http://www.wikidata.org/entity/Q106641525,Celtic electronica,c4496647-f9f9-4b0b-b97f-22ef8f1a432a
http://www.wikidata.org/entity/Q106642137,black ambient,fa969459-94a6-4c47-9770-c8517b180645
http://www.wikidata.org/entity/Q106654134,zolo,53590d7d-d8a8-445d-93e7-090f61412fc8
http://www.wikidata.org/entity/Q106654137,zinli,15ec4a95-f611-47db-aa3d-5882968864da
http://www.wikidata.org/entity/Q106654136,zohioliin duu,687e49fc-5289-4bf9-9c2a-ba7f1f63c54a
http://www.wikidata.org/entity/Q106654144,zeybek,76a8e3ee-720a-40a4-8d3a-7bf39d7c0f1e
http://www.wikidata.org/entity/Q106654247,Vietnamese classical music,70cbaeb2-3309-42bf-a8a9-c2f0cba87d5a
http://www.wikidata.org/entity/Q106810831,Byzantine chant,723fc4d5-e456-45cf-98ac-87e57c09f2aa
http://www.wikidata.org/entity/Q106839582,burning spirits,40b6dfd1-5e55-426a-9d54-cbaea7dc8d0f
http://www.wikidata.org/entity/Q106876903,UK street soul,cd1ad933-1ca9-4de4-a60d-ad5fe143c827
http://www.wikidata.org/entity/Q106917640,kleinkunst,77f95127-ba44-4211-8d69-36bd53391ec8
http://www.wikidata.org/entity/Q107010629,funk mandelão,a9f57c3b-fede-4e59-b3fa-15cc036b210d
http://www.wikidata.org/entity/Q106654239,weightless,1a13716e-77cd-4bb3-a0e1-1832a53b1a1b
http://www.wikidata.org/entity/Q107123896,griot music,3ebecbf7-f897-4d2f-9c85-d08010acfb08
http://www.wikidata.org/entity/Q107195014,Cuban charanga,566b35dc-6b54-4ebe-9837-87a3850d2703
http://www.wikidata.org/entity/Q107197766,Tex-Mex,532af7e7-79d1-4bd2-9416-7b7c5860a66e
http://www.wikidata.org/entity/Q106594784,sass,6b3a407b-eb18-4070-88e2-5d3748683631
http://www.wikidata.org/entity/Q107254577,valsa brasileira,49a6af5e-89d5-4154-ae2a-153382cad33e
http://www.wikidata.org/entity/Q107267643,arabesque rap,d81d7bb2-3f51-4004-a03e-6d2be0338543
http://www.wikidata.org/entity/Q107267446,rock andino,111303a5-ca25-47ea-aaef-3ca9ac6fb77f
http://www.wikidata.org/entity/Q107332291,dancefloor drum and bass,5af8f19f-ea20-44cb-b6a3-05d5ed8b19a9
http://www.wikidata.org/entity/Q106876075,bubbling,d58c4439-f191-4344-80b9-f8887db4485f
http://www.wikidata.org/entity/Q107407607,hard trap,b4c47b4e-20a2-49e3-baa4-2dd94f8b1d5d
http://www.wikidata.org/entity/Q107010574,halftime,c37219bd-6d4d-464a-accb-fe70c767dcb7
http://www.wikidata.org/entity/Q107455228,cumbia turra,50beaffc-2ba7-4311-a3b3-637e4f155beb
http://www.wikidata.org/entity/Q107515261,digicore,b48ff5e2-b1da-4938-ad94-8411171d5170
http://www.wikidata.org/entity/Q107194780,break-in,b38881af-4d5b-45d1-a88e-9916a49b0c69
http://www.wikidata.org/entity/Q107539904,estrada music,b97edf00-f31c-4ae0-92dc-2cd6fa2c64c6
http://www.wikidata.org/entity/Q107565104,original Pilipino music,f5bf17de-aa09-46ef-b7a0-a49a2f5bece9
http://www.wikidata.org/entity/Q107697260,broken transmission,7e586e26-5a3f-4fb3-be64-46c04cd5eb23
http://www.wikidata.org/entity/Q107697041,g-house,bcb59664-ce5c-4105-8617-7cd7edee87c1
http://www.wikidata.org/entity/Q107697201,hard drum,10a1ea21-63b0-42d3-b72d-551a5bf9100e
http://www.wikidata.org/entity/Q107697221,hardgroove techno,8cfe3e23-f64c-4523-ab2a-186bf0dcd12e
http://www.wikidata.org/entity/Q107697234,HexD,72fc5ddb-2c22-4f87-9511-fd16a7813f5c
http://www.wikidata.org/entity/Q107697441,surf punk,794ff79a-994a-4ecf-96e9-b7aa510a215f
http://www.wikidata.org/entity/Q1071873,Chicago blues,f1e26a78-3e85-4365-a34d-dc4b5389b29d
http://www.wikidata.org/entity/Q1071961,Chicago house,eb815795-3ac3-4433-b957-b14e7ccf112d
http://www.wikidata.org/entity/Q1074569,chipmunk soul,cec1580a-ef3c-4928-b302-58015335c7b0
http://www.wikidata.org/entity/Q107970042,mulatós,14eeb2be-7d6c-4c32-b2b3-ae5b21ff8ea9
http://www.wikidata.org/entity/Q107982599,jamgrass,ea19b49c-4be4-49ec-9717-05e3576bdb1a
http://www.wikidata.org/entity/Q107985638,horror synth,a92d5780-7201-4e87-95d3-1967a53133e5
http://www.wikidata.org/entity/Q107985650,idol kayō,52584862-36e0-405c-9d76-0e71cbc69f9a
http://www.wikidata.org/entity/Q1075338,jug band,36f1aaab-3e53-4148-936a-b9369ae2e31a
http://www.wikidata.org/entity/Q108297200,bop,008fdc34-d27d-4400-bc39-21ce4db5d119
http://www.wikidata.org/entity/Q1076092,technical death metal,db37c56d-e6a7-4809-b549-6f1cb559b559
http://www.wikidata.org/entity/Q108055228,pipe band music,efa5aed0-3c0e-46cd-a369-faf1d06017a8
http://www.wikidata.org/entity/Q1076539,choro,600367ac-a24d-49dc-bd5c-d7e5b4d24d4c
http://www.wikidata.org/entity/Q1077172,instrumental hip-hop,24695813-4a26-4872-bc95-b3378e0ae1b4
http://www.wikidata.org/entity/Q108107635,novo dub,83a33111-53f4-4e8a-80da-3363a5be225f
http://www.wikidata.org/entity/Q1078010,martial industrial,482ff4ed-fc37-49fb-9858-92f955a19e6c
http://www.wikidata.org/entity/Q108123046,slacker rock,f2e920a2-a2b4-4688-b9c4-913224e9f140
http://www.wikidata.org/entity/Q108151076,semi-trot,69fa8b68-60d8-4c56-8fee-447173a21523
http://www.wikidata.org/entity/Q108197774,colour bass,6352a404-ef81-4b5a-afad-299606027903
http://www.wikidata.org/entity/Q108226936,slow waltz,a4704a31-7c69-44d9-a590-8fcc2b258f77
http://www.wikidata.org/entity/Q108297184,avant-folk,44830131-da6a-40b5-b3de-e2d241cced5f
http://www.wikidata.org/entity/Q108297187,balani show,6f5d9680-2932-4901-b88b-60c2e7e3f814
http://www.wikidata.org/entity/Q108297188,balitaw,9d217d1e-ef89-4f92-8585-0b07ec7cbf32
http://www.wikidata.org/entity/Q108297198,black 'n' roll,43b2b269-c235-4c9e-997f-d86aeebf5929
http://www.wikidata.org/entity/Q108297203,bubbling house,9ae2e708-136a-4954-8ec0-9ba13eae5e35
http://www.wikidata.org/entity/Q108297209,canzone d'autore,ae39f26a-411b-4217-8bec-073709a8863e
http://www.wikidata.org/entity/Q108297213,chamarrita rioplatense,34c229bd-83b1-46b5-8244-808804fbba70
http://www.wikidata.org/entity/Q108297215,chazzanut,6cd00547-6ee7-4b87-8325-b43e614f3047
http://www.wikidata.org/entity/Q108297218,cocktail nation,5d86d992-3444-4528-a385-a0fdb34ff093
http://www.wikidata.org/entity/Q108297217,cilokaq,5f22c051-37b6-4bf0-b231-e08c7e336e21
http://www.wikidata.org/entity/Q108297222,cubaton,1523fb0d-3603-485b-b126-94b8718dcb3a
http://www.wikidata.org/entity/Q108297224,cumbia sonidera,2d8be232-a8cd-48d0-8e6a-05f6a99330a4
http://www.wikidata.org/entity/Q108297227,dennery segment,69059728-4972-43d8-86d2-e0c7f081f9af
http://www.wikidata.org/entity/Q108297231,djanba,be4e89d1-63ce-45cb-816d-59fc1407405d
http://www.wikidata.org/entity/Q108297235,epic collage,52a8ce12-2dcf-4317-b8c8-c9d66895f630
http://www.wikidata.org/entity/Q108297242,flashcore,0e4eae85-208b-4480-8b45-92df4bf446d8
http://www.wikidata.org/entity/Q108297243,flex dance music,7025a3b9-0f54-47dd-b310-f89cb7b7181e
http://www.wikidata.org/entity/Q108297247,funknejo,46863f4f-1d41-49d8-8e1a-7cca3bbb8ba4
http://www.wikidata.org/entity/Q108297250,gorenoise,5b0c0da5-5ed4-4adc-864f-b1f72c48aab7
http://www.wikidata.org/entity/Q107254627,cantoria,c2e65d3b-ffd1-424e-80c9-7ad798bcc393
http://www.wikidata.org/entity/Q106839650,Detroit sound,94eed6a9-901c-4de7-bd7c-e02dee690330
http://www.wikidata.org/entity/Q10801096,Purple music,62306674-5a44-417c-9c56-1f8b3ab3af21
http://www.wikidata.org/entity/Q11399,rock music,0e3fc579-2d24-4f20-9dae-736e1ec78798
http://www.wikidata.org/entity/Q11403,samba,2447a0ec-e65f-48c7-b402-05cfe5c62cb7
http://www.wikidata.org/entity/Q1121111,Tin Pan Alley,7fab1fe6-4338-4364-907a-2757782c2756
http://www.wikidata.org/entity/Q112593459,data sonification music,3849ad8b-01d4-4a14-b427-7c72f75dcc88
http://www.wikidata.org/entity/Q112593424,Native American new age music,67623f54-1090-41d7-836e-3f70a487bf47
http://www.wikidata.org/entity/Q112593597,stenchcore,dc90e0aa-c310-451f-ae06-de5184fdcb93
http://www.wikidata.org/entity/Q112628069,neocrust,1520e87c-040e-4c62-892e-3ce2c71badf7
http://www.wikidata.org/entity/Q111357005,RKT,043faf53-1874-4ef3-b5e0-52e3de25291e
http://www.wikidata.org/entity/Q1123381,comédie-ballet,88b6d28d-3bd6-4082-9fcc-f5b04928f870
http://www.wikidata.org/entity/Q112663444,Belgian hardcore techno,576ebd6b-d72f-4311-b445-cd30a1b6cb5c
http://www.wikidata.org/entity/Q1123745,glam punk,feb9bb2f-0756-41d2-990b-2bba8746a7a0
http://www.wikidata.org/entity/Q112829330,deep tech,82c2ef18-d28a-48fa-992e-793328bcc117
http://www.wikidata.org/entity/Q1127539,Delta blues,b0702eb4-2951-4e1f-bbcd-dd9b0ec63c7c
http://www.wikidata.org/entity/Q1127530,modal jazz,ff60b411-27db-4bd3-a444-3afe92cbfa7e
http://www.wikidata.org/entity/Q1132152,math rock,a6b55d73-bba3-49fc-a361-ca4bde004717
http://www.wikidata.org/entity/Q112997482,drift phonk,5a401ed0-7024-40e5-981d-4aed335fe2f4
http://www.wikidata.org/entity/Q1136331,nu jazz,848ecccf-e7fa-4439-a8ab-9dd3c31b4cf6
http://www.wikidata.org/entity/Q110241400,tassu,9e646912-84b5-4f29-9652-98a8487b1c83
http://www.wikidata.org/entity/Q1136765,uplifting trance,13e409d0-fe4a-4dd4-a957-6e06462b085f
http://www.wikidata.org/entity/Q1136846,sinfonia concertante,3759c812-1331-4b7a-8e5d-3f4aaffaaad2
http://www.wikidata.org/entity/Q110249607,siffleur,c7279478-a4f3-424b-a511-68b7993b9dac
http://www.wikidata.org/entity/Q11162353,jiuta,5c9bb85f-55df-4731-91b7-05df7c16d0ca
http://www.wikidata.org/entity/Q113133172,merequetengue,6b044e50-88ab-4a7d-a54c-b6c45532b70c
http://www.wikidata.org/entity/Q1139136,horrorcore,66d01f06-21dc-4216-ac63-c5efb7b6338e
http://www.wikidata.org/entity/Q113205225,arrocha sertanejo,bf41e0b3-3b03-4b1b-ab3b-f818f51fc685
http://www.wikidata.org/entity/Q1141081,lounge music,de2785b2-f282-4718-a422-37dc93964bdd
http://www.wikidata.org/entity/Q1143741,chicha,579bf2f6-0ed7-4584-854a-114c3e95d427
http://www.wikidata.org/entity/Q1143752,cumbia villera,09754a03-bf20-40e9-bfbe-ba1172d4a966
http://www.wikidata.org/entity/Q1143744,digital cumbia,bcdbf8df-f5b0-4f30-b01e-5d2ad5ac48e8
http://www.wikidata.org/entity/Q11185609,Gambang kromong,97f7434a-9133-4721-967b-9243d232b12e
http://www.wikidata.org/entity/Q1147692,goregrind,ca315be3-733b-4630-92d9-cd8ecafe0419
http://www.wikidata.org/entity/Q11210968,Gamelan Bali,c497c08a-22b3-483e-b1cf-abd4a1469fe3
http://www.wikidata.org/entity/Q113447222,ambient americana,8a7503ae-543b-4be3-b8dd-c031bc8548a0
http://www.wikidata.org/entity/Q11215782,Javanese gamelan,40fcf9c3-4dc0-48e4-9823-cb3abcf64e85
http://www.wikidata.org/entity/Q111133884,rage,dc2b0a66-0cf9-440c-8723-8540b23a94ec
http://www.wikidata.org/entity/Q110555065,Orthodox pop,ba81d364-2b3d-4606-9d47-06edd1fdb33a
http://www.wikidata.org/entity/Q11223087,Persian traditional music,73f08ab4-72fa-42be-8395-6698bb33042a
http://www.wikidata.org/entity/Q113493826,crime jazz,cf64f76d-35a1-4d15-93a2-9ead67f67da7
http://www.wikidata.org/entity/Q113493820,French electro,bb55e7aa-ec06-4605-b867-ee66938713e1
http://www.wikidata.org/entity/Q110592306,alté,7c4d0994-4c49-4c74-8763-df27fc0084cc
http://www.wikidata.org/entity/Q110606359,Central Asian throat singing,c7f35b3c-a36c-46ce-8522-9919fdbe1ddf
http://www.wikidata.org/entity/Q110620412,chillsynth,4a615a8e-8360-4209-9e68-e3df1641bcff
http://www.wikidata.org/entity/Q113563746,yakousei,d03d0c50-c6f4-4539-b18f-1ea0e75015ac
http://www.wikidata.org/entity/Q110643230,sample drill,57a2964f-bf1d-41ad-99b1-3a09e4082e5c
http://www.wikidata.org/entity/Q113600471,hardtek,cb27e80f-44d6-478c-b30c-59dddbfa73fa
http://www.wikidata.org/entity/Q113621229,future core,ce119355-b6b5-40eb-adad-538a1f6a6ad4
http://www.wikidata.org/entity/Q113622724,beat bruxaria,db9257e9-914e-475f-bca1-84064d5ebf18
http://www.wikidata.org/entity/Q113676976,math pop,733c2be8-296b-41f4-abcb-3faa09591c43
http://www.wikidata.org/entity/Q11282754,Akishibu-kei,aebbce35-0e8b-40e9-b04c-bebbbda124d0
http://www.wikidata.org/entity/Q11307326,city pop,5fef47af-772b-48e2-8e49-855f7d999e81
http://www.wikidata.org/entity/Q110874814,West Coast breaks,dacdaae8-eb43-4f0a-8c77-b284196a3be0
http://www.wikidata.org/entity/Q11312853,splittercore,dfef6183-73cc-4ff1-a78c-6200a57c21c7
http://www.wikidata.org/entity/Q11363,screamo,8fea0cb0-4205-49cb-95e8-bc1122857c7d
http://www.wikidata.org/entity/Q11319232,techno kayō,1fb74392-b39f-4415-86b9-93b74920890a
http://www.wikidata.org/entity/Q11366,alternative rock,ceeaa283-5d7b-4202-8d1d-e25d116b2a18
http://www.wikidata.org/entity/Q11324951,new music,e1a4e0f4-cfca-4faa-adfb-fdf8630d5e88
http://www.wikidata.org/entity/Q11325235,neo-acoustic,6793f60d-be5e-4968-8428-9f7855218414
http://www.wikidata.org/entity/Q11332204,funkot,c81d4b3d-e4cd-426c-b5c9-b175d81f81aa
http://www.wikidata.org/entity/Q11339397,pon-chak disco,74a197c3-5d9a-4fde-8d46-3d28a620b1d0
http://www.wikidata.org/entity/Q110942239,bytebeat,4f9d3457-479a-4aa1-8e13-2f7dd5dbac8f
http://www.wikidata.org/entity/Q110967939,footwork jungle,a5b58e91-7764-4aa5-9609-4ce61cd0ddfd
http://www.wikidata.org/entity/Q114107195,psycore,d1cbfa0d-b1b6-4692-bbec-457681dd111f
http://www.wikidata.org/entity/Q111133885,pluggnb,130790af-ee2d-478f-a02a-f8c1b999e23c
http://www.wikidata.org/entity/Q111182811,peak time techno,e7c41e03-c3df-4841-a9e8-3451bbbac0de
http://www.wikidata.org/entity/Q111186967,nouveau zydeco,e4d0d99a-9126-4832-a3b2-41fa6eb24bfb
http://www.wikidata.org/entity/Q111241124,bandinha,fb47c26a-fbf1-44a9-8ded-d9e2f9594e7d
http://www.wikidata.org/entity/Q11459349,kouta,ab5f045c-2394-4856-8fa7-d9a60b1fe638
http://www.wikidata.org/entity/Q111387914,moogsploitation,faf91afb-d07f-46dc-bf38-45200c22201f
http://www.wikidata.org/entity/Q111394868,James Bay fiddling,b977e713-254b-40f8-9101-fc68e836809e
http://www.wikidata.org/entity/Q111442385,Japanese artcore,a9207ed8-8173-420d-a8d7-5add746d7304
http://www.wikidata.org/entity/Q111535905,cabaret music,b8a07a90-2b50-4257-8f1e-69846b582432
http://www.wikidata.org/entity/Q114594005,rawphoric,f550f264-0683-4999-b99d-5dfc67b7adff
http://www.wikidata.org/entity/Q112159506,kankyō ongaku,d5541aec-ffc2-4bc5-834d-d72f0718996a
http://www.wikidata.org/entity/Q111628716,festival trap,aa8c93b7-2ac1-4776-8a11-92c257de53d8
http://www.wikidata.org/entity/Q111653578,hybrid trap,93dbdf64-39ab-4956-9f4c-550692d2cc2b
http://www.wikidata.org/entity/Q114743580,psystyle,9a6666cb-9816-4ab4-acf6-0e91030339be
http://www.wikidata.org/entity/Q111678759,guaracha,e18e281d-7287-49fb-b513-f15f45caf0ca
http://www.wikidata.org/entity/Q114878571,speed house,78431be5-9128-409d-b9e4-e145f8065a25
http://www.wikidata.org/entity/Q1136045,wonky,449e7cdf-0d7e-46aa-852d-96d81078abf3
http://www.wikidata.org/entity/Q115063525,trap shaabi,6bd59226-65ed-48b2-926f-8dc100071e2c
http://www.wikidata.org/entity/Q1125657,conga,f146b88e-77c6-4e8a-8424-cea3781f6e74
http://www.wikidata.org/entity/Q1130969,fandango,fcceeb1c-afda-4089-9748-477849dc48ba
http://www.wikidata.org/entity/Q111971710,black noise,5cb5960d-92b6-4a08-a4a8-8261216712ab
http://www.wikidata.org/entity/Q111971785,heaven trap,8715373e-6dc4-4a9a-91db-9123134c96d9
http://www.wikidata.org/entity/Q112066384,oriental ballad,1a3dabe1-d734-424d-8537-f9373c57087b
http://www.wikidata.org/entity/Q1109497,Piedmont blues,5a59a652-e5fb-45ae-9ebe-26940b78a268
http://www.wikidata.org/entity/Q112118783,comfy synth,0b8b564c-fb7f-4f6d-b40f-e432b2a1ae02
http://www.wikidata.org/entity/Q112118786,winter synth,f8344ab4-cdd1-4acc-829b-8be207ea54d0
http://www.wikidata.org/entity/Q1109947,ragga hip hop,4080e55b-ac2e-4907-a724-491b3bfdba63
http://www.wikidata.org/entity/Q112144256,dissonant death metal,f7afad41-4673-4741-a0d0-b124d1e38b0a
http://www.wikidata.org/entity/Q112144219,meiji shinkyoku,732422d2-a6c6-4e97-88a9-8bb9929eec09
http://www.wikidata.org/entity/Q135687210,close harmony,87b252c8-74f8-40f1-9bd6-8e86ca666ebc
http://www.wikidata.org/entity/Q1113204,dub poetry,df15ab0b-603c-47da-ae11-e861eebaa255
http://www.wikidata.org/entity/Q1014887,burger-highlife,f502ac86-d84e-4105-a455-c9df1199ef61
http://www.wikidata.org/entity/Q106298881,contemporary folk music,c11e4253-a888-4a2a-adde-c274b748d0b3
http://www.wikidata.org/entity/Q11365,grunge,3f08faa9-6c3e-4b6d-b4b8-08eea45954e2
http://www.wikidata.org/entity/Q106388388,hardwave,f9d29130-733d-443d-bb80-636701762220
http://www.wikidata.org/entity/Q1026089,Cajun music,0af301ff-3e33-4f5f-934f-5916cfc04157
http://www.wikidata.org/entity/Q106404229,melodic dubstep,3b3a9490-18bf-437b-970a-cb4b31bd4099
http://www.wikidata.org/entity/Q106404300,minimal drum and bass,8f910197-1389-4924-8428-64d9b6e2905f
http://www.wikidata.org/entity/Q1027999,vocal trance,f4dec9c1-abe2-4f3f-adee-5aa8f395d5ce
http://www.wikidata.org/entity/Q106422444,bit music,50a99000-1e63-444e-8624-7c45fb517d9d
http://www.wikidata.org/entity/Q106424145,FM synthesis,0c129160-a881-4313-8d15-335ce650d0da
http://www.wikidata.org/entity/Q1033073,candombe,b72d3108-3360-447e-bb08-0895deff7ae5
http://www.wikidata.org/entity/Q1034231,cape jazz,6719a210-ca19-4932-b392-83e93283296d
http://www.wikidata.org/entity/Q1036183,carimbó,e2fd581b-495c-4023-8e6b-5f8f0836619f
http://www.wikidata.org/entity/Q106477753,midtempo bass,dc54ca20-4fd0-44bb-ac2c-0a004234ecc0
http://www.wikidata.org/entity/Q100139647,arrochadeira,ca5acfa3-be7b-4cee-8d4d-bca0261002b9
http://www.wikidata.org/entity/Q105527,jazz fusion,2377ff19-83e7-4873-b425-dce6d1ad4ef4
http://www.wikidata.org/entity/Q106493832,slap house,aef0ee80-631d-4487-b5af-c7306d1f676e
http://www.wikidata.org/entity/Q100151423,brutal prog,f223062a-27f4-4cb0-9336-7a1ea3eee7ec
http://www.wikidata.org/entity/Q105757139,dansband music,2126f16b-13b6-45c9-b02e-c63be8bbdaea
http://www.wikidata.org/entity/Q106514601,glitch hop (EDM),31880ede-b5a4-48c0-b15a-dddc030d25c2
http://www.wikidata.org/entity/Q106520965,nerdcore techno,f6412203-84a7-45db-9245-c4d57c36515c
http://www.wikidata.org/entity/Q106521662,deep techno,6d9ae1bf-be62-4cf4-aa70-f6f831eea80f
http://www.wikidata.org/entity/Q106521759,funky breaks,53ab2484-e9f7-4709-9f0e-275446e7ff7c
http://www.wikidata.org/entity/Q106522080,bleep techno,43ef7823-5f16-4c9b-840d-f6b0de83a9c4
http://www.wikidata.org/entity/Q106522115,swamp pop,42fabe6b-0d6a-469d-b83c-21515bb2b490
http://www.wikidata.org/entity/Q106522190,scouse house,7c42bdd8-e8c6-42d4-930b-02f04abc9f8a
http://www.wikidata.org/entity/Q106522238,techno bass,f89fe81d-acc4-4b34-ab75-6b8d15d60209
http://www.wikidata.org/entity/Q106528420,deathstep,bd728f00-d740-463c-a420-4f05917beb79
http://www.wikidata.org/entity/Q106528422,glitch pop,997baf8b-203b-4567-a475-1c1fe348d206
http://www.wikidata.org/entity/Q106558878,yaraví,33e7453a-181b-4637-82bd-dc79cce9e110
http://www.wikidata.org/entity/Q106561868,countrypolitan,284af738-d94d-44c6-8971-d998bbf46356
http://www.wikidata.org/entity/Q106562392,country boogie,868a70b3-d814-4ab3-a5b4-c8c5ac5fa649
http://www.wikidata.org/entity/Q10265571,desgarrada,8eb9ce1d-4cb8-4253-8c1b-667e1d6099d6
http://www.wikidata.org/entity/Q10268931,dubwise drum and bass,49f3843a-2a29-4f37-9053-3cc5a3e545b7
http://www.wikidata.org/entity/Q106576261,bérite club,b3a324c9-151e-484c-af70-aa1cd7be9518
http://www.wikidata.org/entity/Q106576145,neoclassical music,25a86f18-e17e-46af-9633-01133b2cf042
http://www.wikidata.org/entity/Q106577542,kawaii future bass,35f85622-978c-4bf4-b5e4-722394d474f1
http://www.wikidata.org/entity/Q106581470,surf rock,b76ee78d-ec97-49e9-8ea6-cfc46ecc3b23
http://www.wikidata.org/entity/Q106581777,jam band music,ee4c47d7-4afe-4410-ab3e-0100a204ec23
http://www.wikidata.org/entity/Q106582942,cyberpunk music,75858cef-eb30-4787-b524-3e04a41698cc
http://www.wikidata.org/entity/Q106582938,hopepunk music,5fdbe79f-e728-4caa-81d3-669f1c6e4de2
http://www.wikidata.org/entity/Q106583068,dreampunk,8c8caf98-9744-4073-b4ad-9c226163f9e5
http://www.wikidata.org/entity/Q106582953,steampunk music,8a729b73-1ef1-44da-a0d8-ce90cfc181c3
http://www.wikidata.org/entity/Q106586236,Japanese classical music,9a8b5ca4-6a47-4ede-8c6f-90ce1ce3d2bd
http://www.wikidata.org/entity/Q106586998,Southeast Asian classical music,18df26c4-bcf6-4c91-8c62-8791c2fa1107
http://www.wikidata.org/entity/Q106588727,Latin disco,fb38e44e-d73c-42d2-b070-4fd1ca1618a0
http://www.wikidata.org/entity/Q106594830,sertanejo romântico,2134f5eb-9ee1-46fa-84ce-f8f3859302bc
http://www.wikidata.org/entity/Q10283582,electronic forró,d6c5fa61-1ffe-4bd9-9be4-088e7654d54b
http://www.wikidata.org/entity/Q10283584,forró universitário,4c704362-59fc-4078-8642-0760356913b7
http://www.wikidata.org/entity/Q10285947,frevo-canção,9b78ee2c-88e7-44ca-9349-2f929931a125
http://www.wikidata.org/entity/Q10285948,frevo de bloco,21295cd9-a4e6-49e8-92cf-e5c2001c041b
http://www.wikidata.org/entity/Q10286190,full-on,0d89844c-d79e-427a-96ef-8117dd2769c5
http://www.wikidata.org/entity/Q10286515,funk melody,7682b943-d17e-4465-a383-2643db9bfa57
http://www.wikidata.org/entity/Q10292943,guitarrada,3a544fa6-5095-437e-9950-208583927694
http://www.wikidata.org/entity/Q10296747,mood kayō,905cbc3e-31cb-40c0-bc3c-bee506e1a4a8
http://www.wikidata.org/entity/Q100330555,steel band music,9f716c92-7166-4217-9c44-f9e3312f05e9
http://www.wikidata.org/entity/Q10331354,moda de viola,52ae87ae-fbc7-41fa-b1da-2bbc455dfe8e
http://www.wikidata.org/entity/Q10343541,pagode romântico,fb48ed36-cb49-4ad7-8c26-a91574c795b2
http://www.wikidata.org/entity/Q1045541,G-funk,b37aef4d-0029-4fc7-b634-6338197335a8
http://www.wikidata.org/entity/Q10354439,funk proibidão,e16c5953-fcbf-4d5d-b344-1e0a9d43d4a4
http://www.wikidata.org/entity/Q10367222,samba-joia,085e3b2e-c34f-4294-861a-c5812dd55a4f
http://www.wikidata.org/entity/Q10367217,samba-choro,b66954d8-1fd8-4338-8de0-4f2a2ac19958
http://www.wikidata.org/entity/Q10367220,samba-exaltação,b73e4b0c-753a-4972-bc36-bc0ee4e18c97
http://www.wikidata.org/entity/Q10367246,samba de breque,67fb3869-7550-47dc-a93a-7c613bd31f04
http://www.wikidata.org/entity/Q10367249,samba de terreiro,298f470d-37a8-4188-8d2b-196636779e66
http://www.wikidata.org/entity/Q10367259,sambalanço,185d3df1-4d9a-4109-8501-f86babc85860
http://www.wikidata.org/entity/Q10370558,sertanejo universitário,23e3d253-a8c6-4c77-8d82-5b7afc3cc360
http://www.wikidata.org/entity/Q10387147,udigrudi,6654e7a7-ef36-425e-bea3-587e27a3719c
http://www.wikidata.org/entity/Q1046768,música popular brasileira,7b447f98-1e94-4e57-9bb8-373743fbcdd8
http://www.wikidata.org/entity/Q1046801,turntablism,cfe47781-460e-498a-92f5-399d68076727
http://www.wikidata.org/entity/Q106369996,wave,dc935785-4fbf-4e18-b733-77917cde0c49
http://www.wikidata.org/entity/Q1051575,humppa,998ab3d6-b975-45c0-948e-412b1e72bc58
http://www.wikidata.org/entity/Q1051735,soca music,b251cd9a-990c-49f6-8da3-db3457aa2114
http://www.wikidata.org/entity/Q1051843,neo-prog,d2327987-362f-4d70-8bfd-a8b47c3b0a54
http://www.wikidata.org/entity/Q3098078,J-core,aa068134-d667-4f9b-a7a2-07a5fafe51c1
http://www.wikidata.org/entity/Q100922002,budots,7321525e-30a2-441e-aeb1-549f47f6a26f
http://www.wikidata.org/entity/Q1055871,Japanese rock,d181e978-c908-4f33-b2a2-f7454d0cb2c1
http://www.wikidata.org/entity/Q106522098,ballroom,ede9a040-d08d-443e-981b-a8f3d1da743e
http://www.wikidata.org/entity/Q104695865,hyperpop,a8a72860-0bf8-44fd-90a1-b947a8ac2c56
http://www.wikidata.org/entity/Q101109587,future rave,8a5393de-f9eb-41ca-beae-03282d4783c7
http://www.wikidata.org/entity/Q1060475,chamamé,693751e9-acb6-41f1-a439-42fb2f8c6aab
http://www.wikidata.org/entity/Q1061165,champeta,55d05e59-4829-4e98-8cb7-5d769cafb576
http://www.wikidata.org/entity/Q104847619,tread rap,5ba3d031-03bb-4894-ab70-5db521a9c67a
http://www.wikidata.org/entity/Q105513,bebop,ac30756b-55a7-4dc3-8908-8f94c93318d0
http://www.wikidata.org/entity/Q1062199,changüí,42419c8a-48ab-4b1e-a3d2-48b2a4d9ebdb
http://www.wikidata.org/entity/Q1063010,character piece,5a0a2e9d-81cb-492a-b083-d152fc567912
http://www.wikidata.org/entity/Q101440473,sierreña,edd7dcee-0bb8-4d0a-b292-b297f7971a93
http://www.wikidata.org/entity/Q105334717,progressive soul,597e93aa-2a1b-4a9b-961b-25993b5e1cf6
http://www.wikidata.org/entity/Q105404852,hi-tech psytrance,39d5078b-d2b4-44fd-86e0-e3a2e6ae1f54
http://www.wikidata.org/entity/Q105637110,jazz house,1ece3afe-bbff-4408-8e45-b20ca45fe9ae
http://www.wikidata.org/entity/Q1026113,cakewalk,edd74ef3-a9a4-4a14-8bea-d063ab03af96
http://www.wikidata.org/entity/Q105697765,impressionist music,792e652b-fbf6-4c18-8cc9-48ce80e96e79
http://www.wikidata.org/entity/Q105756581,big band music,e7bb9a21-9556-4b85-bc78-5f69a3d0577d
http://www.wikidata.org/entity/Q105763581,experimental electronic music,3832a068-e169-40cb-9638-d0b04342f3a3
http://www.wikidata.org/entity/Q105883401,takamba,b92d3924-1b31-4a6c-8a22-457b29c0b708
http://www.wikidata.org/entity/Q1754592,nerdcore,9c8ba153-740e-4b88-b7ff-31d004944c95
http://www.wikidata.org/entity/Q1062400,chanson,b7864789-29e6-4965-84e4-463baaa869df
http://www.wikidata.org/entity/Q106130091,post-dubstep,be85b02a-9cb7-47c8-a6c6-a214dde4b2b7
http://www.wikidata.org/entity/Q11401,hip-hop,52faa157-6bad-4d86-a0ab-d4dec7d2513c
http://www.wikidata.org/entity/Q1228230,Dutch house,7201af41-f0f5-4b21-b09b-d0bf86e7b3e6
http://www.wikidata.org/entity/Q122143484,scam rap,0610e4f7-c6b4-42bc-9cab-1c27737abf6e
http://www.wikidata.org/entity/Q1230604,divertissement,191d4d41-5861-49f7-a689-87cbc3ce96ed
http://www.wikidata.org/entity/Q125346598,Ashkenazi cantorial music,19f54987-35b9-499e-81b2-a0402135a195
http://www.wikidata.org/entity/Q125346571,new jazz,4311c12a-ff5c-4099-b10e-a17470356412
http://www.wikidata.org/entity/Q1232283,villancico,9c6cbdd6-d513-48f1-8b49-bb9b8e68a06d
http://www.wikidata.org/entity/Q1344,opera,56e0b906-1018-4a55-8ec7-86746272116e
http://www.wikidata.org/entity/Q125455905,Brazilian phonk,4519564f-98ae-4c33-af8d-e9968ea41ab3
http://www.wikidata.org/entity/Q125544586,ngâm thơ,daa0ba6d-c8b2-4279-a2e0-7f4363115d69
http://www.wikidata.org/entity/Q122474149,lowend,60d31b40-7f08-4628-aaf6-a57a42190e55
http://www.wikidata.org/entity/Q122474184,mega funk,0c74e40a-9ef1-4214-ba4b-7143802c5bfc
http://www.wikidata.org/entity/Q122474257,rominimal,d706c066-a33d-49e8-ad7e-d456234854f7
http://www.wikidata.org/entity/Q125653755,Philly club rap,4950df5c-7d13-4fdd-9214-0a255968d5cd
http://www.wikidata.org/entity/Q122589702,puxa,666ce7b0-986f-44b9-87c5-a5b1b18f1bf5
http://www.wikidata.org/entity/Q122616091,muzika yehudit mekorit,b25d990e-d0d4-42bd-9644-47d907fb24ba
http://www.wikidata.org/entity/Q127624,white voice,f974a851-062d-45f5-a3dd-11483531305b
http://www.wikidata.org/entity/Q125754839,dhol tasha,0ab28994-f246-4519-b5c2-58c74ea2298d
http://www.wikidata.org/entity/Q122658157,kalattut,7fecd5af-d284-4e76-8074-7c565f2839c8
http://www.wikidata.org/entity/Q1243254,lento violento,8d4fc5b0-f1b2-4784-9db8-cc37bb7a151a
http://www.wikidata.org/entity/Q123028778,hapa haole,27720af4-dc09-42b5-b0bb-39cf7b51fd36
http://www.wikidata.org/entity/Q125799361,demostyle,7a13c4bb-5385-47ee-ba7f-d93755f511a3
http://www.wikidata.org/entity/Q125850367,cuplé,8d258f3b-3f65-442c-973b-57c8cfd40dd4
http://www.wikidata.org/entity/Q125854043,amigacore,7d22c459-5f2e-4443-b383-518c03aa990c
http://www.wikidata.org/entity/Q125854050,tradi-moderne ivoirien,059a4b6f-4195-4d34-b09f-31923c555368
http://www.wikidata.org/entity/Q1245902,spectral music,3571d5f1-b4f1-446c-87f3-5033c3ea0bcd
http://www.wikidata.org/entity/Q122839839,deathchant hardcore,3cc5d085-84ce-4e62-8cd0-392163a34cb1
http://www.wikidata.org/entity/Q12302,bagad,e48cd629-31f9-43d9-af7c-3468fbf53dc7
http://www.wikidata.org/entity/Q122932896,ori deck,92cc82a2-5193-4056-ac1c-dcb74db3efa5
http://www.wikidata.org/entity/Q123009321,neo-grime,96fc9d7f-0406-4575-ab4d-37f705b1097d
http://www.wikidata.org/entity/Q1253172,Southern hip-hop,7abbbbea-21ea-4167-bcea-48147bf642b8
http://www.wikidata.org/entity/Q126175574,stutter house,345b2a80-b4da-4c3b-a89d-b0291aefbb3d
http://www.wikidata.org/entity/Q123105792,unakesa,1fef48bb-3ac2-4c7a-9cda-4adbd9c638da
http://www.wikidata.org/entity/Q126281100,New York drill,803ee1ab-e961-434e-a53f-424a405f6342
http://www.wikidata.org/entity/Q126281483,cuddlecore,aca0cdd7-37c3-416d-9fb7-3bd0a35a6f20
http://www.wikidata.org/entity/Q1259016,drill and bass,6732427a-0d04-4a15-b9e5-b4b5b9532f8f
http://www.wikidata.org/entity/Q123141133,talempong goyang,6765598b-df69-4499-a1b1-5888b0429dfd
http://www.wikidata.org/entity/Q126335126,hypertechno,b931157c-80f7-42bb-b16d-24245fb4fe58
http://www.wikidata.org/entity/Q1262781,dub techno,16aab171-3dce-454e-bb96-2636f15813fc
http://www.wikidata.org/entity/Q1262697,mento,ce41a887-cdb3-4c52-bbce-604287d74573
http://www.wikidata.org/entity/Q123253590,caporal,7cdc3f17-8344-41ce-bbb6-28a1762f19c0
http://www.wikidata.org/entity/Q1265050,terrorcore,8a757534-0928-434c-accd-6be5517c1af3
http://www.wikidata.org/entity/Q123909197,jubilee,08cb4fdf-73fa-411d-b5f6-15f7e0c8328e
http://www.wikidata.org/entity/Q1269729,Chicago soul,634ef45b-c321-445f-b827-450b2924b7e2
http://www.wikidata.org/entity/Q123360735,rock rural,5fe1c259-cabf-41bb-8778-ed4f495496b9
http://www.wikidata.org/entity/Q12193614,Iraqi maqam,abdb0355-3f5c-4475-b671-00977f115efa
http://www.wikidata.org/entity/Q1271752,Texas blues,6a579e9e-69ae-42ce-ad7d-d16baaec8255
http://www.wikidata.org/entity/Q12199824,picopop,1f3d1ad8-d0dd-4c60-942f-675dca613287
http://www.wikidata.org/entity/Q123421084,briddim,700eb336-affc-4151-849f-749ecb8e4411
http://www.wikidata.org/entity/Q123421101,stomp and holler,a6ab1691-d34c-40fa-a46d-13b43f01738b
http://www.wikidata.org/entity/Q1275972,raggacore,41603984-87fd-47e7-ad57-64839a277c55
http://www.wikidata.org/entity/Q124692508,jerk,54809f85-0ba7-40a6-ba5c-11e621062581
http://www.wikidata.org/entity/Q123556216,tân cổ giao duyên,4ff2ba4c-53a2-4b9e-a6cf-324c51ffa145
http://www.wikidata.org/entity/Q12257561,euskal kantagintza berria,0240853e-5752-4b9e-90a1-4bbb78339c84
http://www.wikidata.org/entity/Q123699455,vaigat music,35ed660a-421e-49f6-b003-5377ad3a65c8
http://www.wikidata.org/entity/Q12302979,battle rap,a0b9959b-15df-4372-8a72-5a581e55ae71
http://www.wikidata.org/entity/Q126954549,dissonant black metal,1a481e21-a8dc-4e5f-a797-6279ef8343bc
http://www.wikidata.org/entity/Q12307741,dansktop,5e93b0b1-ac58-4f5c-b02a-426a8cbd1efd
http://www.wikidata.org/entity/Q123753500,phonk house,6edcc882-b402-440c-975d-dd2f367956fb
http://www.wikidata.org/entity/Q123773619,tontipop,f5b84b00-729e-4c46-b2af-8789b0111012
http://www.wikidata.org/entity/Q12326776,metal music,cc28f5aa-5e19-487c-88e1-e56b022f1fdd
http://www.wikidata.org/entity/Q127129068,sexy drill,b1856899-cd57-4b51-b438-0c49786aeffd
http://www.wikidata.org/entity/Q123922710,aquacrunk,b50429c4-e790-4689-a5be-12b9591f51d0
http://www.wikidata.org/entity/Q12362064,emo rap,f52f5fc5-3b75-4757-9d1f-4cabe6808856
http://www.wikidata.org/entity/Q123945693,egwu ogene,9c3e0436-b3b7-4f21-852d-76634b5806ce
http://www.wikidata.org/entity/Q127270988,dechovka,997e11a2-e5be-4e96-8bf4-7008d9fa155a
http://www.wikidata.org/entity/Q120715859,ghetto funk,beec7d20-9f7b-4a7b-a68b-e924d4d21971
http://www.wikidata.org/entity/Q124080511,doomgaze,f1437f4a-94b8-4828-9770-08e9421d5a7d
http://www.wikidata.org/entity/Q124080517,música típica chilena,0416ed4c-f7a0-44d6-973a-c8ea326b46fc
http://www.wikidata.org/entity/Q124170473,eccojams,d280078d-079a-4cf4-94a2-8ca78b33a812
http://www.wikidata.org/entity/Q120867282,shitgaze,72d66485-56c1-4b6a-8618-0aabad9bcd52
http://www.wikidata.org/entity/Q127606394,3-step,99032cf7-a4e3-40ac-b943-293b44b9a65b
http://www.wikidata.org/entity/Q122034415,Philippine rondalla,dd3de55e-e952-46e2-9b32-a9777de88884
http://www.wikidata.org/entity/Q124354571,mataali,572cd9af-3acd-49db-b4f6-8c3d3cb22bb1
http://www.wikidata.org/entity/Q124361699,loud kei,ff3c1f86-02b7-4e21-8038-4144113ef794
http://www.wikidata.org/entity/Q12472139,gamelan angklung,ca653db4-68f0-4d68-b2c9-7cc2def82751
http://www.wikidata.org/entity/Q124399713,Jersey club rap,4d59de45-c22d-45f4-aee6-ae86ea8ea3fd
http://www.wikidata.org/entity/Q124399721,kete,60ada19f-c6af-49db-8fbf-3479e70f6689
http://www.wikidata.org/entity/Q124428373,tivaner inngernerlu,4e57251b-a965-4d4d-80c5-475385467a84
http://www.wikidata.org/entity/Q12487960,gamelan joged bumbung,18f0e170-5595-44ac-b962-9f795c766f2b
http://www.wikidata.org/entity/Q12493867,langgam jawa,0876e225-4409-4007-992b-6d0e1d32fece
http://www.wikidata.org/entity/Q124504713,Creole jazz,49f0addb-4ed8-4f27-b40a-d98f067939f2
http://www.wikidata.org/entity/Q121285291,zess,be4817ff-2a54-4ef0-9014-3475bb56de66
http://www.wikidata.org/entity/Q121437377,bashment soca,609007f1-a761-47bd-b154-035f35859c7e
http://www.wikidata.org/entity/Q121437389,fusion gugak,7cd7ffa4-8fce-4aba-b06b-75db9fc499dd
http://www.wikidata.org/entity/Q124630346,guaracha santiagueña,f4db35d2-6b21-437e-bd40-1384372b5ca6
http://www.wikidata.org/entity/Q124637903,forró de favela,1da53000-31ee-4b41-b41b-9f217932a322
http://www.wikidata.org/entity/Q124661614,beat bolha,7c31e249-0cdf-4dcd-8655-1de189de51e5
http://www.wikidata.org/entity/Q124670108,Tibetan Buddhist chant,8e1493f8-6c07-4244-9bb2-d790ee938de1
http://www.wikidata.org/entity/Q124713283,reparto,7d261844-0aa2-481a-b573-3e467133e886
http://www.wikidata.org/entity/Q124728302,beat fino,db233525-d84c-4073-980b-a418b6ffe968
http://www.wikidata.org/entity/Q1207347,Shibuya-kei,9864d280-a987-466f-bac2-ce103721c3e2
http://www.wikidata.org/entity/Q124851801,acholitronix,c9c58bd8-bf69-428e-8c71-9e34d5916eda
http://www.wikidata.org/entity/Q124851788,changjak gugak,45d032d4-e5ee-405c-8696-a53b1d1b6ce4
http://www.wikidata.org/entity/Q122474221,regalia,2030b210-f0b8-4cb9-a59c-fa24f8cc2a92
http://www.wikidata.org/entity/Q12671486,ritual ambient,1deaf1c4-d01b-4a3c-adc4-ff45cf09264c
http://www.wikidata.org/entity/Q12701217,pop yeh-yeh,d7c4cedb-ae3a-4905-b0f5-41713f472516
http://www.wikidata.org/entity/Q1242484,doomcore,4bd9ad1b-ed76-4c68-a1ca-bf6025d675fb
http://www.wikidata.org/entity/Q123543092,darkcore,011feba0-d7a5-4441-bb28-5ce3b16aaa11
http://www.wikidata.org/entity/Q122034475,gengetone,691c7b1a-3734-4e17-af0e-73d7def0d47a
http://www.wikidata.org/entity/Q122034643,ballet de cour,53a912f2-8883-4201-86f8-2d2c842c0706
http://www.wikidata.org/entity/Q118640019,pop kreatif,cda35861-6e0f-4692-8e67-efd9125a0143
http://www.wikidata.org/entity/Q118640020,raw punk,f60e11bf-b25d-4222-ad89-d2498f4d2986
http://www.wikidata.org/entity/Q118678057,cumbiaton,19f0e932-8eae-4b16-9868-78806781408d
http://www.wikidata.org/entity/Q115612369,mbolé,e4c546ee-917c-448f-8a6b-c14c8183fa61
http://www.wikidata.org/entity/Q115625176,Colombian cumbia,684072e2-ebbf-4962-8634-8ba4a1f03b3a
http://www.wikidata.org/entity/Q118744381,Scottish country dance music,539b9b4f-8a53-4e9b-b28b-ec50b80589cd
http://www.wikidata.org/entity/Q115684103,swancore,6ef693da-15a7-4a41-8d07-ae566516ef10
http://www.wikidata.org/entity/Q115690999,future riddim,c2cab551-1017-4ace-8ad0-f36b7c089875
http://www.wikidata.org/entity/Q115691081,Chicago drill,b11f3064-4c98-472b-8877-2c69a9ede4e8
http://www.wikidata.org/entity/Q11787389,club/dance music,bab69b07-8bb9-4415-b666-c37609cef80b
http://www.wikidata.org/entity/Q11787389,club/dance music,e5bba957-8c91-496a-a675-c6d0c6b51c33
http://www.wikidata.org/entity/Q115725860,MAD Movie music,8890b345-78cb-4464-9e67-f64f4c118712
http://www.wikidata.org/entity/Q115725821,YouTube poop music video,10422532-2aea-4c9e-ad1c-536f372cbc0f
http://www.wikidata.org/entity/Q118798959,tearout dubstep,d861508b-f667-49bf-abaf-02d1587ec902
http://www.wikidata.org/entity/Q11794650,oberek,a3b6e04f-561e-479d-937c-c1bc6261d6ee
http://www.wikidata.org/entity/Q115776141,vude,6872a5ba-a511-4903-bdaa-08eed4e39dea
http://www.wikidata.org/entity/Q115812361,sigidrigi,daa38e9e-5666-4e23-8fb8-3512743ed674
http://www.wikidata.org/entity/Q119844080,moe song,de61dff1-6891-4764-a7f7-5b49f2aa83c0
http://www.wikidata.org/entity/Q119259589,tearout brostep,bf44ad8f-47be-4bcc-b577-ba2268160cd1
http://www.wikidata.org/entity/Q116148184,crack rock steady,48ee83fd-4c9d-4c10-97fb-c3a737d684ab
http://www.wikidata.org/entity/Q116158395,polka criolla,568fddd1-5b4c-47de-8992-9d4b9b822985
http://www.wikidata.org/entity/Q116192789,gommance,0dc4e76a-85d5-4113-a8a8-6b3176ca1f7f
http://www.wikidata.org/entity/Q11830421,crossbreed,a9417ed2-3276-4b0f-b5b3-33f88d33c5fc
http://www.wikidata.org/entity/Q116296482,melodic house,bd7072d4-359f-4441-9e04-2a8e39f6a279
http://www.wikidata.org/entity/Q119438481,tamborzão,92b5b34b-c168-4883-8ccb-c37f720971b4
http://www.wikidata.org/entity/Q119438497,UK jackin',682002e1-0573-4162-8708-369aced0ef97
http://www.wikidata.org/entity/Q11821889,polka,df6d324a-ff39-4055-9289-b14da57ab4e4
http://www.wikidata.org/entity/Q116314630,rare phonk,38dd5ce2-96d8-4202-b477-75a857d78adb
http://www.wikidata.org/entity/Q116316147,mambo urbano,e58cf0cc-72ec-48b6-8a7e-6f99557e246d
http://www.wikidata.org/entity/Q119580609,funk de BH,e97cea9c-9cc8-48fa-a20f-d05540a31311
http://www.wikidata.org/entity/Q119889473,dungeon rap,350fa197-1f7f-47f6-a445-9ebad5eddb9b
http://www.wikidata.org/entity/Q119889474,trap soul,bbfa4b39-8bb2-47e0-b457-55fee5e51511
http://www.wikidata.org/entity/Q1151260,D-beat,ad41288f-0803-4e2e-859f-148e7f7b2eae
http://www.wikidata.org/entity/Q1151259,nueva canción,ebf28819-ebd3-4c00-9c42-3b8dc00f897c
http://www.wikidata.org/entity/Q1154911,carnavalito,cc8f49fa-71f4-4edb-bfde-43165df575e6
http://www.wikidata.org/entity/Q116679787,dark plugg,e7471575-4d36-462e-8649-b1c9facdddca
http://www.wikidata.org/entity/Q1156570,dabke,4ef0ff22-6dc7-416a-855c-a84de5b7637a
http://www.wikidata.org/entity/Q116745991,Afropiano,d42b567f-0952-424b-959d-bee6e5961cc0
http://www.wikidata.org/entity/Q1159539,dangdut,a05721d4-22e3-4763-8a65-218f7e023495
http://www.wikidata.org/entity/Q116875252,Baroque suite,7c3be1db-8973-46ae-989a-bd2f2d7267d2
http://www.wikidata.org/entity/Q116875230,gospel house,2f90721b-70be-4657-920f-4978ed0fc801
http://www.wikidata.org/entity/Q116875242,tanjidor music,8dcb596f-91ab-49b7-bfb8-91e804e2378d
http://www.wikidata.org/entity/Q1162475,nóta,13c17211-a10e-4b78-97dd-d87ff344206e
http://www.wikidata.org/entity/Q120233553,jazz guachaca,d4e8be24-8e70-4d64-bbc7-3ae7efd96266
http://www.wikidata.org/entity/Q116952929,hyper techno,5ec5840c-60fd-47da-b651-9bb1c554701f
http://www.wikidata.org/entity/Q116960000,no melody trap,3ed50b54-98da-4854-bb72-807597a0ac2e
http://www.wikidata.org/entity/Q1164252,deathrock,d5e21e4f-f6fe-464d-b269-14cf670a6949
http://www.wikidata.org/entity/Q1165358,danzón,3351a42f-2565-455c-9509-82560e98c1f1
http://www.wikidata.org/entity/Q1165777,UK garage,95c57cd7-7fb8-4405-ade1-775c2d27e54e
http://www.wikidata.org/entity/Q1166158,dark cabaret,66e222b5-4a1f-4626-90c6-d0f7029d7dec
http://www.wikidata.org/entity/Q1166321,darkstep,8a51f0fd-1c24-4938-8e6a-e70c6e95b629
http://www.wikidata.org/entity/Q120484427,dariacore,5ea0841e-dd9b-46cd-85fc-b01373fa7b55
http://www.wikidata.org/entity/Q117193811,mambo chileno,86bda8ae-33e4-484b-8d66-d0341de598d2
http://www.wikidata.org/entity/Q117193815,slushwave,1186229a-e315-40f8-82e7-836534f022dd
http://www.wikidata.org/entity/Q117193818,tecnofunk,ead3ec76-41fa-4d3e-bddd-0c6f833a769f
http://www.wikidata.org/entity/Q117223398,calipso venezolano,5d84b19a-0f1a-45d2-b296-b4f3a5f9a051
http://www.wikidata.org/entity/Q120715924,asian rock,7366eb1a-4c8b-4e10-b3a0-6b327b99f65f
http://www.wikidata.org/entity/Q117405746,raggatek,e3563a72-1bcc-445e-ac7d-84ca1a47d290
http://www.wikidata.org/entity/Q1181308,death 'n' roll,db15812c-4206-40c7-9a5b-5e6216356cbe
http://www.wikidata.org/entity/Q1182371,deep funk,138b033d-4c43-47a5-8d8f-7e9b8fa1c235
http://www.wikidata.org/entity/Q1185390,disco polo,303b85e8-1b07-4b39-9af8-a87fb984eb30
http://www.wikidata.org/entity/Q116690343,ballad,17b58d38-1110-4f5a-9412-b0314329622b
http://www.wikidata.org/entity/Q117745223,Brazilian funk,dfdf3e46-3b2b-417e-9346-86f9a5bac360
http://www.wikidata.org/entity/Q117745444,pop minang,32c32d08-7266-48da-ab56-3905fcca69ae
http://www.wikidata.org/entity/Q117750973,powerstomp,c10156a4-aa7c-4e81-b520-9b3ce13f2cd1
http://www.wikidata.org/entity/Q1190565,jangle pop,6c207307-cac0-43cf-be8f-e2dde68a92f1
http://www.wikidata.org/entity/Q1191299,industrial hardcore,e4ba3fa5-5256-4f87-981a-1239e05acab0
http://www.wikidata.org/entity/Q1191544,kuduro,8134acbd-8822-4042-8e17-276599a3a843
http://www.wikidata.org/entity/Q1192110,C-pop,b4cc27f0-6734-4f1e-b586-6eba7588f13f
http://www.wikidata.org/entity/Q1193421,yukar,b95d5ef3-9fd0-4277-92bd-c28418663e3b
http://www.wikidata.org/entity/Q11603109,sokyoku,c9a21345-203f-4752-9fc9-a23b16e6fdc6
http://www.wikidata.org/entity/Q1195630,canzone napoletana,44638d99-fd4a-424c-aaeb-48d849bad72a
http://www.wikidata.org/entity/Q117198196,cruise,6abf434f-9122-4150-a21c-cb87d67df462
http://www.wikidata.org/entity/Q1196752,traditional pop,70c145aa-fed6-4b20-9d75-48b2c3b208f2
http://www.wikidata.org/entity/Q1166726,grime,51cfaac4-6696-480b-8f1b-27cfc789109c
http://www.wikidata.org/entity/Q1202208,joropo,792119aa-4911-4149-9125-836810b52389
http://www.wikidata.org/entity/Q118114324,shabad kirtan,2e959439-5bc1-447a-b055-24ad02f20381
http://www.wikidata.org/entity/Q115063474,digital fusion,c1e6e9ef-0ca6-4bf0-a0ad-a45dcacf6c5f
http://www.wikidata.org/entity/Q115063561,pep band music,d777590d-aa44-42ec-ba49-c210f151a297
http://www.wikidata.org/entity/Q118255449,mchiriku,372596eb-d227-48ab-af17-abcbe6d6e88e
http://www.wikidata.org/entity/Q11660484,denpa song,36f9bf8f-716a-4297-9bae-380b0a17b0f4
http://www.wikidata.org/entity/Q11661531,seishun punk,2a54647d-bccf-4195-b837-222ab821a323
http://www.wikidata.org/entity/Q11680297,psybreaks,fd05e327-1e87-4db3-beeb-660b41167da5
http://www.wikidata.org/entity/Q1195253,sea shanty,8b952b7d-f5e0-410b-9c3b-2800fa80bcdb
http://www.wikidata.org/entity/Q118395684,orkes gambus,87e72c45-40c7-45ec-bbf2-a5719ff92ec9
http://www.wikidata.org/entity/Q11691380,complextro,d20c40f8-935f-43f3-80cb-b65857abb7fc
http://www.wikidata.org/entity/Q11691916,csárdás,74510ca7-e44e-44fe-bac4-ba65042254f8
http://www.wikidata.org/entity/Q11693017,darkcore,74e08062-3737-4744-9177-873d8c1eb6ac
http://www.wikidata.org/entity/Q11693803,montea,409df354-f736-49bb-8fa2-f71e8dad2a1f
http://www.wikidata.org/entity/Q115327281,tropicanibalismo,c44705ef-8c3d-4abc-b92d-836865d58142
http://www.wikidata.org/entity/Q11700058,folk-pop,abb2374f-30e5-4d3e-b417-2caf78ef1f6c
http://www.wikidata.org/entity/Q11700065,pop soul,64e0bd76-822f-4549-a6fe-9858561282d1
http://www.wikidata.org/entity/Q115456684,barber beats,6af98bb7-9232-48a7-b559-5f27dcbff3c2
http://www.wikidata.org/entity/Q115483855,Jersey drill,a0d184ef-df74-4d91-b82b-5a24dc658218
http://www.wikidata.org/entity/Q115485183,sigilkore,655210c4-70ea-4fc5-ba32-281a3579de5a
http://www.wikidata.org/entity/Q5510816,future garage,ad6d7f8d-2224-4708-8a00-0fdd838d4676
http://www.wikidata.org/entity/Q5509175,fungi,85a4ded7-33b3-429a-97c2-4625fa9a28c6
http://www.wikidata.org/entity/Q5520007,gamelan siteran,4f5a0f77-941a-44d4-9f2a-583db87c33cb
http://www.wikidata.org/entity/Q5520010,gamelan sekaten,0255f4d0-a363-4d82-aba1-edbf7545c711
http://www.wikidata.org/entity/Q5520009,gamelan surakarta,8f000b70-83c3-4c87-89dd-cb8f97e11e0c
http://www.wikidata.org/entity/Q5520014,gamelan gender wayang,3dd62118-137d-4ec8-bf5e-694189e442ae
http://www.wikidata.org/entity/Q5520015,gamelan gong gede,2535b30c-b079-4e7d-bd63-c288a479b702
http://www.wikidata.org/entity/Q5520018,gamelan salendro,a1bb925b-131e-4b39-826b-73f3d0ce4ce4
http://www.wikidata.org/entity/Q5520017,gamelan jegog,5614a6f5-614f-4c62-9bbf-6b5b56b02277
http://www.wikidata.org/entity/Q5520022,gamelan semar pegulingan,2698c645-a6ab-4e66-92f6-ebe7aeaf7ec6
http://www.wikidata.org/entity/Q5520020,gamelan degung,93953be7-9dbf-48b2-bb3a-a09b94c5d97d
http://www.wikidata.org/entity/Q5520021,Gamelan selunding,944f7bc1-0b80-42d4-9bd0-5dd6af3a31ac
http://www.wikidata.org/entity/Q5466607,footwork,405b97cf-e1d9-48aa-97cd-53212730589c
http://www.wikidata.org/entity/Q5533135,genge,f6a96189-54e5-4a45-8b39-46153ca26f40
http://www.wikidata.org/entity/Q5562953,ginans,550c5488-0425-4d3b-a831-e01ff2f70941
http://www.wikidata.org/entity/Q5583956,goombay,e48771f8-b9e0-4cab-ab31-d636e2a4cb1f
http://www.wikidata.org/entity/Q572901,minimalist music,8d9a00db-0b8b-41ff-9af7-d0f96793bdc5
http://www.wikidata.org/entity/Q573484,rocksteady,81638671-c67c-47cf-b21d-e92261068cf6
http://www.wikidata.org/entity/Q574651,anti-folk,19c3396c-edab-4bf7-ac53-6057788f0a48
http://www.wikidata.org/entity/Q574784,lauda,62c4a48c-70c7-4d48-a100-271564abca8a
http://www.wikidata.org/entity/Q5597175,graphical sound,f5ebef72-89dc-4c1e-a099-5917bf1abeb3
http://www.wikidata.org/entity/Q5612172,grupera,b50bd8c6-c736-4b98-b68c-093c2d2e9352
http://www.wikidata.org/entity/Q5619688,guoyue,5a63dc51-a5b1-445d-bb22-3f9ede756521
http://www.wikidata.org/entity/Q55296418,occult rock,290afc44-ad41-4d51-9ca6-4ee88df0f4f8
http://www.wikidata.org/entity/Q584752,pornogrind,aef2077e-6cbc-47ba-9698-9eb5f842a412
http://www.wikidata.org/entity/Q5639767,Haitian vodou drumming,837e907a-1021-4373-b17a-9fc410b5137a
http://www.wikidata.org/entity/Q5643186,cumbia amazónica,6531f111-649c-4898-b461-c767bb191de7
http://www.wikidata.org/entity/Q5643998,trova yucateca,6177eaed-eee1-4f52-b771-a71f8e8b0bff
http://www.wikidata.org/entity/Q5654316,harawi,2879da65-b662-4254-aa8f-984a52103766
http://www.wikidata.org/entity/Q590662,bend-skin,53b0aa4e-bb35-484b-b481-b26a2412ca5d
http://www.wikidata.org/entity/Q5655695,hardbag,c05828d7-9647-4eba-8f3a-b77a4b129453
http://www.wikidata.org/entity/Q592060,free improvisation,6a1ba2f9-1e5b-446f-9ffa-c0b0963aa08f
http://www.wikidata.org/entity/Q592330,dream pop,6242615b-5620-465b-b6fb-2e593e90cbad
http://www.wikidata.org/entity/Q5683605,Maddahi,d95dcf5d-2512-4bf6-b9a6-16d3dd63d401
http://www.wikidata.org/entity/Q5684704,liwa,6b5ebbd8-fb48-4767-9fc0-0a0898f39a95
http://www.wikidata.org/entity/Q586110,forró,8b8567eb-b8b8-466f-962d-948942eef8c2
http://www.wikidata.org/entity/Q62128,Khyal,b8bf0e96-4961-488b-a5f7-4cfbb9afa17c
http://www.wikidata.org/entity/Q5690120,trance metal,a12fb710-1420-4e81-a24b-d82c7210c00f
http://www.wikidata.org/entity/Q5690818,rock urbano mexicano,1ba71fd2-6043-4021-9516-72039f4118b1
http://www.wikidata.org/entity/Q55593233,biraha,bc76cdfe-c4fb-4590-9703-4ba496abf90b
http://www.wikidata.org/entity/Q55605210,beni,8c6a0ba9-7583-447d-b50c-a158708bdc58
http://www.wikidata.org/entity/Q5713112,avanzada,764f939b-69d6-4713-99e6-18f67c8de045
http://www.wikidata.org/entity/Q5716336,baguala,29a3487c-a590-4688-8b8b-a1b4b9d16b9c
http://www.wikidata.org/entity/Q5724040,beatdown hardcore,396d50dc-bf7c-40a8-90fd-30b81a50b31c
http://www.wikidata.org/entity/Q55642856,adhunik geet,061610f9-6207-49d7-9a7c-b176eca7a3df
http://www.wikidata.org/entity/Q55644985,trap metal,260d1450-1055-4c5c-9c78-863253349a5a
http://www.wikidata.org/entity/Q55648025,Korean ballad,9973ee00-9ccb-4aac-b8b4-2cd2666f42ea
http://www.wikidata.org/entity/Q5747258,canción melódica,6848c546-59b8-4ee8-8573-4bf4573f07f7
http://www.wikidata.org/entity/Q5747874,canto a lo poeta,ff6258ed-7a7b-412e-9c1b-f4dced972c99
http://www.wikidata.org/entity/Q5747877,canto cardenche,d27e0b43-6292-441d-85f4-c4ab3acfda0e
http://www.wikidata.org/entity/Q5753407,carranga,3627d64f-70bd-4e0e-bc28-9fac853abb96
http://www.wikidata.org/entity/Q5762403,hill country blues,8c992c10-bc0d-465e-8b53-f4d37559dff1
http://www.wikidata.org/entity/Q5765288,Himene tarava,ac57e2dc-22a7-4b61-a53a-2aa68db6c757
http://www.wikidata.org/entity/Q58339,disco,a04d680b-b5c5-4f6a-87a3-f9f1ff98e3ea
http://www.wikidata.org/entity/Q5794676,Chilean cumbia,42bf7b29-0c26-4826-b7ed-cbdef36e9bb5
http://www.wikidata.org/entity/Q5794682,cumbia norteña mexicana,b02f0643-1821-4482-9df5-83dd94c8b655
http://www.wikidata.org/entity/Q5794688,cumbia santafesina,d28fd367-2a91-48bb-92b3-86a30f3adbaf
http://www.wikidata.org/entity/Q5794983,currulao,f5994a85-6bcc-4e85-9a1b-4271b6ae97c2
http://www.wikidata.org/entity/Q5618068,gumbé,57f979f1-cfe0-47da-ae62-4791c81f376a
http://www.wikidata.org/entity/Q5834708,epic doom metal,83a47912-b919-41d7-ad00-acb0c9930998
http://www.wikidata.org/entity/Q577080,P-Funk,fadab481-3ced-466e-b828-74aed72d5c2f
http://www.wikidata.org/entity/Q54365,ska,65877068-2116-4af6-89a2-838179a7e103
http://www.wikidata.org/entity/Q591990,jazz standard,f0e90b41-4499-493f-b6e3-05d3c3ea1b20
http://www.wikidata.org/entity/Q5928480,contemporary jazz,e2b06d21-13df-4a48-aa81-6ddd99344dc7
http://www.wikidata.org/entity/Q56580,digital hardcore,6d12e828-40a5-4ebc-a5b0-aa5506e2efd0
http://www.wikidata.org/entity/Q140310844,music of the Indian subcontinent,aa457e7c-614f-4396-b79a-cf94c7c970d2
http://www.wikidata.org/entity/Q57143,power metal,f0b0aa5f-ed81-456b-85ab-492002a29eeb
http://www.wikidata.org/entity/Q56342556,classical crossover,5e6d5394-6508-4ce2-87ee-90388b1a6b9c
http://www.wikidata.org/entity/Q56377253,technical thrash metal,54495e1c-4f04-4bba-8dab-d3d8c2d3e8c1
http://www.wikidata.org/entity/Q59158,dhrupad,10bcaf1c-cd46-46be-b8f8-ffd321a117fb
http://www.wikidata.org/entity/Q56351111,classic rock,93244085-20e5-4f16-9067-1d19143b3810
http://www.wikidata.org/entity/Q53806314,éntekhno,a74bf60f-2df6-46dc-b640-3ae22a3872f1
http://www.wikidata.org/entity/Q530750,Berlin School of electronic music,ae93e318-c563-4bb7-9a48-eb2f4e4df96f
http://www.wikidata.org/entity/Q533946,lambada,6d6fd939-c2c2-4ad0-940e-bc0bf3bbf52c
http://www.wikidata.org/entity/Q534606,swamp blues,0b9779ef-fc35-4d68-886e-b3ac27383e49
http://www.wikidata.org/entity/Q535328,gaita zuliana,8a901f43-0b83-42e9-8ada-7be3682ff395
http://www.wikidata.org/entity/Q535402,tropipop,fad5eb09-4d09-4e3b-9a4f-fde428a33af1
http://www.wikidata.org/entity/Q546264,beat music,decc967b-5b70-453b-9107-0b4e7a00505f
http://www.wikidata.org/entity/Q539089,third stream,b73c3b2a-45ba-44e6-a863-0fe6073181c3
http://www.wikidata.org/entity/Q542703,melodic hardcore,9f29e83b-d093-47d2-8d36-d836a247a640
http://www.wikidata.org/entity/Q597240,New Romantic,391a797d-50d7-46df-b380-39ccacd52a09
http://www.wikidata.org/entity/Q546359,doo-wop,1696f12e-9f01-4309-be9d-116e31ac65b7
http://www.wikidata.org/entity/Q546206,Miami bass,432290bd-f667-4871-9fdc-127996f3ad93
http://www.wikidata.org/entity/Q547137,Latin pop,2b9b7ea8-cb90-428c-adb2-d55b2faa4f1d
http://www.wikidata.org/entity/Q54329757,Latin trap,2e4f4062-4d77-4d35-934b-a2c3ed44328b
http://www.wikidata.org/entity/Q5369664,hyangak,2c109071-b1af-46c7-81f0-550271d18d17
http://www.wikidata.org/entity/Q5389389,Alpenrock,ef1d11cc-e70f-4885-ad6c-103f060d33b2
http://www.wikidata.org/entity/Q5393053,filin,7678f757-523b-4b7f-aee8-5f393eb5c8ed
http://www.wikidata.org/entity/Q5398894,V-pop,6efd9fb2-ef41-4c60-a2d6-f9d5cebf1d96
http://www.wikidata.org/entity/Q5402470,hard NRG,b51565b2-b298-4f43-a775-e974e3ab063b
http://www.wikidata.org/entity/Q5421158,experimental hip-hop,13a4ac4a-8291-4a03-ab7b-311dec6457de
http://www.wikidata.org/entity/Q5431633,falak,9a4c104b-c838-456a-bbfe-74750c4ce601
http://www.wikidata.org/entity/Q5433431,famo,3890d16f-1bee-4856-be11-32a40debee17
http://www.wikidata.org/entity/Q5445668,festejo,429f3121-3a1f-462e-aa8d-3ac0f9b7691f
http://www.wikidata.org/entity/Q5447390,fife and drum blues,260d4de7-5202-46e5-9af6-8ad8fc61b5b2
http://www.wikidata.org/entity/Q5448207,fijiri,39ed8ae3-fcf0-402d-999a-28e0c545f912
http://www.wikidata.org/entity/Q56353998,Southern metal,6cac3aeb-00c3-4125-b1bc-ec5e074d6ea3
http://www.wikidata.org/entity/Q5640052,shout,e5bce5b5-7b14-40fc-8af7-6b4e9b4bf8ed
http://www.wikidata.org/entity/Q5480212,palm-wine music,6815b113-e7b7-4a2d-82b7-159183cc4022
http://www.wikidata.org/entity/Q556959,mbalax,38364c7f-06d0-4307-bd5c-efa83ed30c65
http://www.wikidata.org/entity/Q1374731,Eurodisco,b8881630-243e-4c9b-b091-fc79ef3a16d3
http://www.wikidata.org/entity/Q1379958,contemporary Christian music,2b4f0036-79a0-4ce0-a38c-4c0c8e61c579
http://www.wikidata.org/entity/Q132473088,free car music,eada8627-d6ac-4d03-80d8-5d39de65d462
http://www.wikidata.org/entity/Q1391336,comedy rock,8b945b77-ccf8-4e55-a9a5-103cca5c1c96
http://www.wikidata.org/entity/Q1399566,Guggenmusik,4c342c83-bbf6-4ece-954e-d852723000f4
http://www.wikidata.org/entity/Q1399695,Chicano rap,3e7b6b58-f95b-4439-90d2-75ee9717745a
http://www.wikidata.org/entity/Q12882577,pagan black metal,8130bb79-f50a-47d0-a404-57388861c4ac
http://www.wikidata.org/entity/Q1403744,electro-industrial,6e2e809f-8c54-4e0f-aca0-0642771ab3cf
http://www.wikidata.org/entity/Q129098689,maloya électronique,047e0133-a88e-4d7b-b680-0ff27678aea6
http://www.wikidata.org/entity/Q1413061,tropicália,d86535f2-0a13-46b1-97a4-024ed9c9002d
http://www.wikidata.org/entity/Q1413570,sardana,761c7736-b45f-4aea-a3d4-882f9c4f94c4
http://www.wikidata.org/entity/Q1414130,filk,18a0d235-c8e0-4575-b0dc-e3bb0cc2ad2c
http://www.wikidata.org/entity/Q1418683,kayōkyoku,7054e8e2-7c7b-4432-83b9-93423b361792
http://www.wikidata.org/entity/Q1420722,partido alto,bc578f07-d984-48fb-8075-63b751288966
http://www.wikidata.org/entity/Q1425111,western music,38e5a626-95b4-42bb-9fce-dcad212e2d9a
http://www.wikidata.org/entity/Q1425661,folk punk,6cec5b4d-3c64-44a6-914d-3e833432f631
http://www.wikidata.org/entity/Q1426909,flamenco jazz,93ebcf80-bbe0-4e0d-ba0c-0591df462d91
http://www.wikidata.org/entity/Q13018408,fon leb,89142acf-e3ec-45a5-82b2-053d51911dee
http://www.wikidata.org/entity/Q1428162,Ambrosian chant,c6eb7df0-5bc6-4ac6-8bca-ad4701eab1c0
http://www.wikidata.org/entity/Q13025600,Thai classical music,ed927354-2410-484e-823d-e2f10910226f
http://www.wikidata.org/entity/Q1430587,minimal techno,c1313278-b276-4a79-9fc1-770dd62a8b83
http://www.wikidata.org/entity/Q1430717,Hambo,988fdf1a-84c8-47cd-8c2f-f6b8d4fdb242
http://www.wikidata.org/entity/Q1431327,pub rock,86c3d53d-c9db-44a2-930c-d3145cbf7b7b
http://www.wikidata.org/entity/Q1432540,trallalero,34394cd2-16aa-4c4a-9771-bf9bb130b36f
http://www.wikidata.org/entity/Q1432934,Paisley Underground,77f67575-46ed-4447-afc1-ebcd2ab36b66
http://www.wikidata.org/entity/Q1433387,drone metal,9e5374b1-1f09-4c27-827a-d4e6aff4cc29
http://www.wikidata.org/entity/Q1428470,klapa,5d1f5abe-3e6b-45fe-bdad-8114b5c275fe
http://www.wikidata.org/entity/Q1435485,axé,32cb036c-1f11-47e9-869e-ede70c307cfe
http://www.wikidata.org/entity/Q1435509,folktronica,ec5a14c7-7793-46dc-b858-470183eb63f7
http://www.wikidata.org/entity/Q13164291,red music,518102e9-8d09-4f6b-b1e2-141bdcce6a82
http://www.wikidata.org/entity/Q13058900,baul gaan,85425138-5e9b-40de-addf-a7161506318a
http://www.wikidata.org/entity/Q13060093,Sufi rock,5cf90924-d771-4eb2-a07a-450f0963bf9f
http://www.wikidata.org/entity/Q13118900,Powada,03d5cc11-af67-475d-b53b-60e016de9ffd
http://www.wikidata.org/entity/Q131425,visual kei,823e4a7f-ade7-4d34-927a-721c60469b81
http://www.wikidata.org/entity/Q133501932,dance-punk revival,c988e593-ee53-4b23-a99f-7a9b75d58acd
http://www.wikidata.org/entity/Q133601921,thall,84f3a444-de9a-49dd-9d29-55242e3612e8
http://www.wikidata.org/entity/Q130301602,noiadance,54bfae60-074c-484d-90c4-260135823190
http://www.wikidata.org/entity/Q133687529,toypop,837937c0-cf1d-403c-ac7f-6432bb2d21ad
http://www.wikidata.org/entity/Q130391382,chöd,e8732e11-73a8-42ff-b5a0-60b9b3b64b02
http://www.wikidata.org/entity/Q130391349,funk automotivo,e8856e91-becf-4b0c-9c88-ef3e3af7a9c9
http://www.wikidata.org/entity/Q132438,black metal,12568698-97cc-49a9-80ab-9c5e3fe4dd33
http://www.wikidata.org/entity/Q133826466,sa'idi,39eb0fb1-f88c-407f-bc71-1a02f6318bfc
http://www.wikidata.org/entity/Q1277532,early reggae,c966bc7d-d208-4043-bd58-7e961d1abe83
http://www.wikidata.org/entity/Q133862566,toytown pop,03db4625-33c4-4169-9fd6-2aedc43660ef
http://www.wikidata.org/entity/Q1348260,Kagura,6c80d463-476c-4260-986a-4d35599b9952
http://www.wikidata.org/entity/Q130600756,frevo de rua,4dece336-1f30-473b-84ee-5f1979d6a174
http://www.wikidata.org/entity/Q134005844,sizhu music,67d2abea-9880-4660-ae3c-5de3c6ed082e
http://www.wikidata.org/entity/Q1298934,synth-pop,988e91a3-3341-416d-b7f8-7dbef6848dac
http://www.wikidata.org/entity/Q1299260,roots reggae,f2d4991d-97fa-4c1c-8e09-15ec7668aa43
http://www.wikidata.org/entity/Q130711589,banga,312381b1-0a4f-4476-a3d7-aefdb2969e2a
http://www.wikidata.org/entity/Q1309336,classic female blues,15f9b448-6f2d-45a4-b11b-1fcdf45be203
http://www.wikidata.org/entity/Q1309336,classic female blues,c5ae8349-f729-4271-a9a5-9bf77c94b28b
http://www.wikidata.org/entity/Q131272,soul,1b5e7b16-336b-473e-a364-5120413a9827
http://www.wikidata.org/entity/Q134380635,slimepunk,5338769c-f422-4222-bfc3-b5d84d197d73
http://www.wikidata.org/entity/Q13627677,psychobilly,8a14f570-7297-438d-996d-8797f9b8cfcc
http://www.wikidata.org/entity/Q134417733,sitarsploitation,57b55668-3af7-4d3b-a4a7-c1318b09420a
http://www.wikidata.org/entity/Q1317816,indie folk,36917620-240a-4fed-abcb-7be611ac3834
http://www.wikidata.org/entity/Q134589204,Bhojpuri pop,6181a758-eda0-487f-85b0-ed4758485936
http://www.wikidata.org/entity/Q134589282,frevo elétrico,79941409-5b1f-49ab-a56b-b054a0957989
http://www.wikidata.org/entity/Q134613334,ambient plugg,a3a91d37-5816-4bd5-ab37-ec5a6d455ebd
http://www.wikidata.org/entity/Q1323698,Indian classical music,4a2f8fe1-477a-4dfd-9a40-41c59ca3c0d8
http://www.wikidata.org/entity/Q131459053,kakawin,1aa9ef73-2d01-4bd6-9cc2-b6de4e858eb4
http://www.wikidata.org/entity/Q135637,chiptune,103a65bb-35d9-4d27-9c9b-f35a458621ba
http://www.wikidata.org/entity/Q1325963,electro funk,4f476710-cd29-400f-98fe-7782e1f00e06
http://www.wikidata.org/entity/Q1326777,electroacoustic music,463066ef-ac54-4dae-9c83-73824c2c8432
http://www.wikidata.org/entity/Q13586773,war metal,3f845f15-6580-4910-ac94-fda34a8c1d63
http://www.wikidata.org/entity/Q131510,mantra,539dc6b1-a191-4a0e-adca-01ae434a2f1d
http://www.wikidata.org/entity/Q140544,toccata,28531139-91ab-42d5-841a-f029f94391de
http://www.wikidata.org/entity/Q13634037,samba-jazz,b79b9937-5cb9-418d-a0c4-63192689f4ae
http://www.wikidata.org/entity/Q151942,mazurka,8fe8f035-27ed-4f4a-99d4-39bb8f28e1bd
http://www.wikidata.org/entity/Q13646229,gothic music,d9f42dc1-3a92-4217-8ae5-e9672f595b8e
http://www.wikidata.org/entity/Q131269,sonata,ef8227d2-a286-47af-85c8-d5b6bec1f9db
http://www.wikidata.org/entity/Q131529620,krushclub,fb2853d4-76fa-4c75-83f0-970894e342e5
http://www.wikidata.org/entity/Q131535243,pigfuck,4a3546b4-ec9f-431f-8532-55434f1038ea
http://www.wikidata.org/entity/Q127835664,trapfunk,eddcea5d-8204-4ad6-9cef-42f8d009cd50
http://www.wikidata.org/entity/Q127835715,uaajeerneq,044fdc79-ff32-4a2e-b759-368395809284
http://www.wikidata.org/entity/Q1335045,embolada,4292ce34-3fe5-4ad5-b229-48f8185a3267
http://www.wikidata.org/entity/Q1335569,techstep,de706214-32bb-4b52-9bb4-463aec11bcd3
http://www.wikidata.org/entity/Q134889869,wyrd folk,2deff918-d95f-4871-ae85-61ecf5dfce00
http://www.wikidata.org/entity/Q1337498,Kontakion,b317f591-53dd-402f-9b4f-54c91a19f1f7
http://www.wikidata.org/entity/Q131681303,batonebi songs,ae545486-089d-4f67-b3fc-936c91d8f5f8
http://www.wikidata.org/entity/Q128792625,tarawangsa,0ea57feb-3cb8-4ddf-9aa2-94100012cd3d
http://www.wikidata.org/entity/Q1339027,dream trance,f32ff972-f3ea-41a4-80ae-650fe317abfc
http://www.wikidata.org/entity/Q1339121,contemporary worship music,00488539-6086-453e-a0e4-58be76ba6475
http://www.wikidata.org/entity/Q134997891,hi-tech full-on,94eebdb4-b064-4e79-94b6-e4add8fdc784
http://www.wikidata.org/entity/Q134997892,philly drill,da66b9b3-9c4d-4a7d-a31a-fdfa4c0200ad
http://www.wikidata.org/entity/Q141459,conscious hip-hop,c0e73bb6-37a4-485e-aaea-11c63b40c9f3
http://www.wikidata.org/entity/Q131854045,Chinese literati music,2e3fb1c9-5e3d-4699-9162-205087afa67c
http://www.wikidata.org/entity/Q135112757,garage psych,d031678a-15f2-4722-ab3a-a3ae297e41e9
http://www.wikidata.org/entity/Q135112773,mūsīqā lubnāniyya,ceeaed0b-4130-4bc9-a0b8-4ce02102c3aa
http://www.wikidata.org/entity/Q135112758,xian psych,e1a01e86-1d17-4ad2-9ef0-9e1405875e21
http://www.wikidata.org/entity/Q135239105,jerk rap,f4462d4b-c7c1-4579-a0f9-907015ac9aee
http://www.wikidata.org/entity/Q145980,Zamrock,281e2c3f-80ad-4bc4-8b30-54222dee3b9c
http://www.wikidata.org/entity/Q131578,J-pop,eba7715e-ee26-4989-8d49-9db382955419
http://www.wikidata.org/entity/Q132165415,buchiage trance,2393533c-f66a-411a-8f77-fe7465d77820
http://www.wikidata.org/entity/Q128631435,drum and bugle corps music,c6ec2a15-e040-4b2b-aced-5dee7ba526f3
http://www.wikidata.org/entity/Q1361891,jōruri,ebbbccc1-4aaf-40ac-9dc1-99e42b621988
http://www.wikidata.org/entity/Q132362695,ring shout,f935e171-62d5-471f-aaa7-7a1f0d5ee055
http://www.wikidata.org/entity/Q128792610,bounce beat,7c0d5f16-ab20-44f0-ae17-ff143a22f359
http://www.wikidata.org/entity/Q128792618,ritmada,7a26b24d-2405-40b3-b2fd-ff5f9c90ff05
http://www.wikidata.org/entity/Q6397421,Bolero son,ae4e05d3-6ae6-41b2-9b63-7c9e27784e27
http://www.wikidata.org/entity/Q6404580,kidandali,d04c4dcd-8e79-4dc1-b24a-000b3dd861ad
http://www.wikidata.org/entity/Q6421060,Kliningan,94739e90-28bb-4457-944f-50415f2484a8
http://www.wikidata.org/entity/Q6444335,kundiman,5f706b5b-5775-4c85-803d-dd7ca2248d91
http://www.wikidata.org/entity/Q6453929,könsrock,8710f56d-31e7-484f-983e-f35d6022cd08
http://www.wikidata.org/entity/Q6496549,Latin soul,4ae8eaa5-91f7-49d5-a2b9-e81a97f4cc12
http://www.wikidata.org/entity/Q6496560,Latin ballad,5c6ed789-779a-4851-ae85-0f0305084c2b
http://www.wikidata.org/entity/Q69596,Thumri,47d61cdb-55c0-4220-b420-8903afe0a1a1
http://www.wikidata.org/entity/Q70076,tappa,dbfada72-0ef2-4af9-bc0d-04065e0c5f3d
http://www.wikidata.org/entity/Q65052052,gothic country,ef7f6b36-cf15-408d-9eb4-fd7a46d0602b
http://www.wikidata.org/entity/Q65067835,Gaelic psalm singing,8659e92f-74f1-4e3e-b4bb-57a6441bf9da
http://www.wikidata.org/entity/Q65089257,punk rap,3385bb64-94ae-42bd-b43b-b8785835cfe7
http://www.wikidata.org/entity/Q60030725,yodel,d988e7a5-c7e1-474c-807a-cb4434564b20
http://www.wikidata.org/entity/Q597493,chacarera,8933dc68-5ef4-421e-89d1-f6aeba4b0c55
http://www.wikidata.org/entity/Q598593,tech house,1f9c4b4a-c43d-40bd-b806-357153641fd0
http://www.wikidata.org/entity/Q598929,post-punk,f6d8cadd-6a5e-4ec9-9c2b-996b5332a639
http://www.wikidata.org/entity/Q601235,hip house,b99d935b-cc28-404f-a306-50b7d468304f
http://www.wikidata.org/entity/Q602561,electro swing,9b1af4d0-2196-43d4-bbca-845a2e02d962
http://www.wikidata.org/entity/Q602646,comedy hip-hop,a8ee2ad0-eadd-4082-9585-904def112c70
http://www.wikidata.org/entity/Q65330805,singeli,78aa8c4a-4846-43ed-a34e-cea07d1f556c
http://www.wikidata.org/entity/Q606393,Hi-NRG,61d50e81-17bb-4b8b-ab36-7ae1759bc589
http://www.wikidata.org/entity/Q6419747,Klasik,d6630bbd-65a3-4a13-9727-f4100695dc49
http://www.wikidata.org/entity/Q663519,breakbeat,3b8f3f65-6caa-47c8-b076-fa59dfb69c43
http://www.wikidata.org/entity/Q65447927,aleke,87177b7a-4a61-4cf3-8c24-c997d4d86509
http://www.wikidata.org/entity/Q610022,kaseko,57a6dcc1-c3cd-4ce1-9fb2-e1783992a683
http://www.wikidata.org/entity/Q612024,contemporary classical music,a190bb32-e0a7-4c56-b142-5cf9cfcfa713
http://www.wikidata.org/entity/Q613707,expressionist music,2b82a2c3-9a7f-445e-91e8-84e43aabf469
http://www.wikidata.org/entity/Q613874,neoclassical new-age music,27f6e0f8-8d02-4f15-ac9f-45c5798978b7
http://www.wikidata.org/entity/Q5934478,campus folk song,c5b2e707-31b6-4e45-87e2-9b14d88b8e0c
http://www.wikidata.org/entity/Q615418,sonorism,fbb9e1aa-6586-42f3-ba57-d2bb0202253e
http://www.wikidata.org/entity/Q616425,pirekua,681cc918-0e9a-4ae0-8060-375fc3103edc
http://www.wikidata.org/entity/Q616679,mathcore,8df1241b-2ba1-40b8-bb8f-2dc15ce6dc1e
http://www.wikidata.org/entity/Q5955539,payada,82bbd9d3-e6fa-4895-84cc-840f21c19875
http://www.wikidata.org/entity/Q617240,stoner rock,aa5f0254-403e-496a-a388-c01abf62f39a
http://www.wikidata.org/entity/Q617338,apala,a85ecafe-2c43-47df-8dc2-2877b7094556
http://www.wikidata.org/entity/Q5967604,urban contemporary gospel,6aeacd9a-3964-4ca4-9e3c-23ec8bd8848d
http://www.wikidata.org/entity/Q5967604,urban contemporary gospel,8f40320c-f79b-4c17-a250-1f9fb550c93c
http://www.wikidata.org/entity/Q5969884,tape music,0be99ba1-2377-4e5a-a1ed-ca0f3c9c84fa
http://www.wikidata.org/entity/Q5978495,lolicore,73c6290f-e5fb-4e92-889a-5de98ac2a73f
http://www.wikidata.org/entity/Q639197,instrumental music,4ae63770-68af-4fae-b0f1-5e53f372c743
http://www.wikidata.org/entity/Q6010117,Memphis rap,2f38ceb3-0ed0-475d-9ebd-bee14a2ca28e
http://www.wikidata.org/entity/Q6016474,Fantezi,f9a6a027-a5d8-4c39-90ad-6c418805afd8
http://www.wikidata.org/entity/Q6301761,benga music,cdf63035-2083-4520-9c20-84d540886ab3
http://www.wikidata.org/entity/Q6025624,Indo jazz,ecca1642-82e6-4118-b0c4-c794ebda9995
http://www.wikidata.org/entity/Q6027927,industrial musical,b97dda04-d712-4527-80fe-7cfa0e71ecf1
http://www.wikidata.org/entity/Q6030291,maftirim,d2dbccc6-b894-4b4e-b47e-a27074e6b4bb
http://www.wikidata.org/entity/Q6032965,murga uruguaya,cde51164-4024-4969-8da7-f3459ee081f2
http://www.wikidata.org/entity/Q622688,Andean new age music,ba1b6ce0-b4e0-4c89-b472-37c969e9cdfb
http://www.wikidata.org/entity/Q622871,psychedelic trance,b3cccf71-e843-4546-87fa-728055ba3147
http://www.wikidata.org/entity/Q6039799,aboio,62d54c07-87f0-428c-9d4a-62129ef6fc14
http://www.wikidata.org/entity/Q6040713,neofolklore,91e20746-d8a5-449b-8f45-6fb102fdc5ef
http://www.wikidata.org/entity/Q65936357,acoustic blues,37f85b9c-c3fc-4b5a-8545-51aeb78c8786
http://www.wikidata.org/entity/Q65936391,acoustic rock,00055e8b-b951-46e2-af1e-58b5624e7952
http://www.wikidata.org/entity/Q65936979,alternative punk,e096efc6-6c9c-4240-b627-d7bbb5e8fa2a
http://www.wikidata.org/entity/Q623904,Andalusi classical music,22ccf722-6f47-479c-a96f-2bc403ab98d7
http://www.wikidata.org/entity/Q6050834,onda nueva,9683a907-3755-45a0-b671-0e7e4502f4d2
http://www.wikidata.org/entity/Q65065491,riddim,e07f0fb2-8a7d-4436-8745-b8d26f9a2d6f
http://www.wikidata.org/entity/Q627906,electro house,05247982-e44f-4c58-96f8-a5453be69f5f
http://www.wikidata.org/entity/Q6110311,flamenco rock,bb30a9d1-e839-493f-9a17-92b05a99ce20
http://www.wikidata.org/entity/Q630689,bongo flava,79fb8e4d-f508-40c3-9043-524811ee9897
http://www.wikidata.org/entity/Q6111428,romantic style,9e610aac-333e-45f9-baf9-ca799de4a239
http://www.wikidata.org/entity/Q63197384,saya afroboliviana,e26d323e-2e25-4258-b82a-8af862896401
http://www.wikidata.org/entity/Q6124308,jaiva,e8f8ba46-a9c8-4dc5-93a1-a0a57ef9d430
http://www.wikidata.org/entity/Q6130346,slam death metal,d985286b-6296-4f89-91af-03cb97db7324
http://www.wikidata.org/entity/Q6132086,son istmeño,95d9765c-ee62-45ee-90f6-9a8acc491789
http://www.wikidata.org/entity/Q6138491,tamborera,4418c874-8354-4463-a5ad-f41e7ceea31e
http://www.wikidata.org/entity/Q6138499,tamborito,a976fda4-0a76-4159-ba30-e04aca643021
http://www.wikidata.org/entity/Q632964,tiento,c1772694-541d-4c97-8460-820fdf38b494
http://www.wikidata.org/entity/Q6140143,tecnomerengue,f63a8886-f91a-4a1e-9469-1fa69eff5239
http://www.wikidata.org/entity/Q6149344,pinpeat,9ac1baa7-a7e3-410f-a006-d17749e81daa
http://www.wikidata.org/entity/Q6153278,tropical rock,8f2d1cd2-a4b3-4fec-b220-2c7074fddd94
http://www.wikidata.org/entity/Q6168369,Afro-jazz,6f33d775-b4e2-473c-a7db-e34c525cc52d
http://www.wikidata.org/entity/Q6168405,jazz poetry,d690e28c-828d-4011-ad0e-b157a222597e
http://www.wikidata.org/entity/Q6169362,xuc,b9777c90-d358-41b7-9b75-8dc66b907ae2
http://www.wikidata.org/entity/Q640097,electric blues,8164d906-055d-4ca8-9ab2-14204b301cc3
http://www.wikidata.org/entity/Q6188299,Jesus music,516b4e72-4fdd-46c7-84ec-0d235143a846
http://www.wikidata.org/entity/Q641357,avant-garde metal,77c0160b-8090-4493-b229-890addfee1df
http://www.wikidata.org/entity/Q641318,medieval folk rock,a82ff86c-52d2-42b9-8989-10001a0bb86d
http://www.wikidata.org/entity/Q6191683,Jiangnan sizhu,e7c24ae2-7663-407b-9ad6-63409f7ccd30
http://www.wikidata.org/entity/Q648283,krakowiak,f1ce6ddd-0a12-4bbb-98af-4735b3cffccf
http://www.wikidata.org/entity/Q642983,manele,ea132f37-e849-4248-a127-7b0cd17cea1a
http://www.wikidata.org/entity/Q646165,trancestep,63d216d7-1a9a-4863-87f8-906541de801a
http://www.wikidata.org/entity/Q6346110,Kafi,3036a015-750f-412a-8b6f-deb5602518e0
http://www.wikidata.org/entity/Q60722009,Kasékò,c1f813d2-d21f-4eda-85e3-e8bfac92b3e1
http://www.wikidata.org/entity/Q649823,country blues,1a46845c-ed4d-48c5-a93f-45bb85cf56d1
http://www.wikidata.org/entity/Q649634,progressive folk,34d08b64-7426-42e1-959e-48af44352fcd
http://www.wikidata.org/entity/Q650316,drone music,75c5866f-0212-4c02-9650-de475dda157e
http://www.wikidata.org/entity/Q650505,rapso,cf8b9e6f-c025-44f9-b89c-2218ed2df9e4
http://www.wikidata.org/entity/Q613408,country rock,fb07b1e3-411d-4146-a0d6-3479c0e7557b
http://www.wikidata.org/entity/Q6296743,jovem guarda,0b5745b5-8fd8-40f2-b717-5a650f7828a1
http://www.wikidata.org/entity/Q60973191,darksynth,c3632505-be72-487c-8430-f85bd6b3f7c9
http://www.wikidata.org/entity/Q655514,freestyle music,c37edb66-6712-46e2-b5fd-c4d386cf844f
http://www.wikidata.org/entity/Q646679,Neue Deutsche Welle,3ea5e230-c0e1-4c04-af91-2a4fb07b8afc
http://www.wikidata.org/entity/Q61127902,Vietnamese bolero,8d673e97-73c4-4738-a398-9c1f72bb34cc
http://www.wikidata.org/entity/Q659599,art punk,6e105daf-c06d-431e-8e33-1b8da3e48f7e
http://www.wikidata.org/entity/Q6365333,kantan chamorrita,93cdfa86-adef-4a9a-b9ce-970decf7aedd
http://www.wikidata.org/entity/Q606089,skiffle,9322a638-95ba-467c-992d-d1e641e8ee9a
http://www.wikidata.org/entity/Q6365528,kanto,3f2875dd-4f53-41a0-95fe-a19a21a06a72
http://www.wikidata.org/entity/Q660984,intelligent dance music,8eb583f1-4fd7-460c-8246-dcdccc0e3ef9
http://www.wikidata.org/entity/Q623824,arabesque,05b3c77c-3f55-4efc-89c7-0932f1f3f0e3
http://www.wikidata.org/entity/Q663833,unyago,cd6d8471-e702-4b94-b14f-cea2f8f39ada
http://www.wikidata.org/entity/Q710673,aak,bdc421e1-0164-4c14-9927-4217bfb25667
http://www.wikidata.org/entity/Q7439349,Scrumpy and Western,ce04473b-0b0b-482b-9b4d-163696fa2a70
http://www.wikidata.org/entity/Q665286,luk thung,2b756f35-79bc-4424-8061-026b431d036a
http://www.wikidata.org/entity/Q667659,funk metal,0caaa092-27c4-413e-841c-7c4deeec57a7
http://www.wikidata.org/entity/Q744327,joik,53c3e4ea-ce29-4dc1-9133-09b6be18a607
http://www.wikidata.org/entity/Q674684,sevdalinka,6abd7874-7d87-418d-a887-e1718b13c24c
http://www.wikidata.org/entity/Q675553,swamp rock,82e38e98-8a93-4ea9-a07f-ff0aeba07444
http://www.wikidata.org/entity/Q677542,riot grrrl,7f89796a-4b15-4d31-9d9b-639ec0be399a
http://www.wikidata.org/entity/Q7354827,rock musical,7b57021e-b9e5-4365-90fa-dd343dea394d
http://www.wikidata.org/entity/Q81105,ca trù,9bba0b69-1f7e-40cf-83db-c95ae5dd28d1
http://www.wikidata.org/entity/Q700805,nanguan,3c7f7859-b374-480e-83a3-1935826369be
http://www.wikidata.org/entity/Q7749,rock and roll,e4581b76-a842-440b-9b0f-1aa7a00a5c57
http://www.wikidata.org/entity/Q703778,neo-psychedelia,cd99451c-f6d5-47c7-8d49-6c08b51e61aa
http://www.wikidata.org/entity/Q82469,Gstanzl,4b30a9db-97ea-4f0b-b3bc-2293994eaafb
http://www.wikidata.org/entity/Q6629917,khrueang sai,ecac48dc-1b01-4793-956d-5d6905105808
http://www.wikidata.org/entity/Q710917,sanjo,435d3160-2564-4d79-a6d4-84e5769c7699
http://www.wikidata.org/entity/Q8341,jazz,a715278f-1580-409f-8078-4ffbc800e08b
http://www.wikidata.org/entity/Q6658771,livetronica,cf7c6a4f-9e37-4dac-b0b7-fd70fced51a2
http://www.wikidata.org/entity/Q718540,gagaku,07b217fc-7798-4e74-aad6-2c08b32c2810
http://www.wikidata.org/entity/Q6665252,Phleng phuea chiwit,08050245-2405-4dcd-97e9-a14b8987a311
http://www.wikidata.org/entity/Q719927,symphonic rock,f729e6f8-30dc-4b81-9ff4-f4e7de82225d
http://www.wikidata.org/entity/Q720959,sludge metal,66544dbb-08a8-44c2-a21a-4d251481d2b6
http://www.wikidata.org/entity/Q6701559,luk krung,924bddc4-5e86-46b8-adf7-ba23ed764c40
http://www.wikidata.org/entity/Q725011,neo-classical metal,73c7a867-f928-480a-852b-179d59be79ec
http://www.wikidata.org/entity/Q6705418,lute song,980468f8-7edf-49fa-83f1-92e10077d1b0
http://www.wikidata.org/entity/Q726239,noise music,89c7c9b3-215e-482f-bce3-3219ffd0a222
http://www.wikidata.org/entity/Q727803,Canterbury scene,9c2f8b08-9bac-4bfd-b9ed-6381c65791e9
http://www.wikidata.org/entity/Q727634,ranchera,ca20f188-68d2-4af5-966e-8e2e0f848758
http://www.wikidata.org/entity/Q7306376,reductionism,1a26306a-b3f1-4185-9f7d-2c4070496c2b
http://www.wikidata.org/entity/Q6741534,Malay gamelan,06676f29-0a30-411e-8fa6-0e5dcb76b741
http://www.wikidata.org/entity/Q733804,hands up,e7e26200-8939-4623-af75-32ba5e04e854
http://www.wikidata.org/entity/Q6748746,mangambeu,1ca51f35-015c-40cb-8c62-813fae86d518
http://www.wikidata.org/entity/Q6749708,Manila sound,cd6aef47-745b-4f7e-a6e5-cfe8d28d9796
http://www.wikidata.org/entity/Q7438911,screamer,6ce17d02-4aa7-4463-abb9-899abc44a9a2
http://www.wikidata.org/entity/Q739138,teen pop,4b7c8e31-462b-4e06-acfd-fa508ad26e0c
http://www.wikidata.org/entity/Q740911,ragga,0d15e596-3374-4590-bdb0-0a95d38ab4dc
http://www.wikidata.org/entity/Q6783396,maskandi,16929e76-e49b-4ca3-9d26-11f7dc7e665a
http://www.wikidata.org/entity/Q742341,modern creative,c8aa5344-6063-41b6-bf18-ac9867f50fa1
http://www.wikidata.org/entity/Q6799787,mbube,f4443316-c011-4566-9542-50aac92b05bd
http://www.wikidata.org/entity/Q6819034,merengue típico,6f393dc6-19e9-485d-bb08-6f8cf5759d58
http://www.wikidata.org/entity/Q6826021,Mexican cumbia,763e78b4-fa84-4052-ac95-cc26f96a7177
http://www.wikidata.org/entity/Q76092,glam rock,54d89e62-5bfb-42bc-a321-9230e6fdcd75
http://www.wikidata.org/entity/Q6865341,minimal wave,556be6ff-df60-4bb1-bd88-3ec7c69dfa28
http://www.wikidata.org/entity/Q6868046,Minneapolis sound,c78afd93-92ee-4330-b9bd-3c610c37c8df
http://www.wikidata.org/entity/Q65937017,atmospheric black metal,d14a4c4a-bea5-4b08-b945-59b048acd2d5
http://www.wikidata.org/entity/Q65937817,crossover prog,eee90717-3eee-41bd-b463-003c180544bd
http://www.wikidata.org/entity/Q65937876,glam music,bc08993e-b188-43e8-b358-b84f2db6bfe6
http://www.wikidata.org/entity/Q65937954,contemporary country,31c0b6ff-a356-4c73-91d7-203c80e6646b
http://www.wikidata.org/entity/Q65937893,instrumental jazz,c1a4860e-720f-4f4c-8a54-a8032aac08fa
http://www.wikidata.org/entity/Q65937906,leftfield electronic,32bea60c-e201-4241-8ed4-228636d34a97
http://www.wikidata.org/entity/Q65937937,modern blues,6fb5fe60-b6c2-414f-8011-4f8dc023039b
http://www.wikidata.org/entity/Q65937946,modern classical music,e328c306-8e35-46d2-93c3-623412ec7c13
http://www.wikidata.org/entity/Q65943390,neo-rockabilly,66366e89-590e-424f-b13d-0d0564eb4f27
http://www.wikidata.org/entity/Q65943557,old school death metal,2692f2d7-d680-4a5c-83f0-48e6e7c3ec6b
http://www.wikidata.org/entity/Q65943744,post-classical,842008b8-1c67-4c8c-b450-7f5adf20fb7f
http://www.wikidata.org/entity/Q65943778,traditional country music,037150a6-d83b-4307-908a-84201867186d
http://www.wikidata.org/entity/Q65943851,UK drill,ca5d2892-93bf-4aae-85d5-a4589a1680b9
http://www.wikidata.org/entity/Q6907397,moombahcore,32c42c46-0acc-4d7d-a7f0-23ce2afab5c7
http://www.wikidata.org/entity/Q708228,Korean court music,47791b14-968a-4f20-bd4d-3326b10d5b0f
http://www.wikidata.org/entity/Q6908884,mor lam sing,cbcf58c2-c5ac-4fc1-95ed-8647bc7c1977
http://www.wikidata.org/entity/Q65937774,breaks,63eddc75-dbad-4a05-a365-e30d1e87bca8
http://www.wikidata.org/entity/Q6941842,music for the Requiem Mass,627d27d1-4ea4-44c2-a6a7-74daf9445ba7
http://www.wikidata.org/entity/Q6950147,Métis fiddle,3fad6232-8448-4042-8e20-9c3ed6040af4
http://www.wikidata.org/entity/Q6950428,música criolla,d7987fd0-82d3-4800-b4a7-da11e77f6b2c
http://www.wikidata.org/entity/Q6981036,Natya Sangeet,a4613018-0372-4f2b-a097-9b88ca6e9482
http://www.wikidata.org/entity/Q6741049,malagueña,d42e0ebc-16ea-4224-863f-b4a1d881332d
http://www.wikidata.org/entity/Q6993291,neomelodic music,92d5ad06-ec21-4bb1-b58a-75ffc489be7d
http://www.wikidata.org/entity/Q7023411,nhạc đỏ,1a59ea8b-4020-4f01-a5ec-afcb30fed28f
http://www.wikidata.org/entity/Q7042505,Njuup,46108404-27e1-498c-a800-5365d307ddbf
http://www.wikidata.org/entity/Q7077860,Odissi music,dc552f00-d9d9-4ffd-80aa-e6938ed31a95
http://www.wikidata.org/entity/Q7092205,ondo,3b4fad99-f9d6-473b-b967-8a193f17fb1a
http://www.wikidata.org/entity/Q7118426,alternative R&B,4e03fb35-d571-4111-824d-88c9f8a3d0c9
http://www.wikidata.org/entity/Q7122786,Pacific reggae,4e6cd782-bc3b-461a-9a71-71674b86e74c
http://www.wikidata.org/entity/Q7134728,Paraguayan polka,d95198e8-911e-4216-abc0-ce60ee83725f
http://www.wikidata.org/entity/Q7139128,parlour music,95028731-1bcb-427f-bab4-19b223096152
http://www.wikidata.org/entity/Q7142141,pasillo,2e311ada-f643-4b25-8951-962db715da58
http://www.wikidata.org/entity/Q7170257,Iranian pop,5533d969-903c-4c0e-92ac-3bfd167796e3
http://www.wikidata.org/entity/Q7171184,Peruvian cumbia,8174d410-97d7-4f27-8ca5-a714a5f1f1cf
http://www.wikidata.org/entity/Q83270,hard rock,51cb9f91-e6a2-41bf-891f-e78e3f1e52ab
http://www.wikidata.org/entity/Q7205507,plunderphonics,8302fd70-150f-4f74-b11c-10a7ff7586b9
http://www.wikidata.org/entity/Q7248857,progressive music,8d275a8d-154a-4bcb-8b5a-f56306ad4bcb
http://www.wikidata.org/entity/Q704073,ars subtilior,5954523f-8847-4ccf-91e6-504cd090b1cd
http://www.wikidata.org/entity/Q7273050,quyi,622dbc32-8110-42b7-a5d4-77d6d024a571
http://www.wikidata.org/entity/Q7295057,rasin,dfadfddd-0eb9-4f8c-a726-35cafeabcf6f
http://www.wikidata.org/entity/Q7308175,reggae rock,fab69fe7-de95-43f7-9629-67e520dfbebb
http://www.wikidata.org/entity/Q7309098,regional Mexican,c5c255f9-a93d-4940-9c17-223ac887958e
http://www.wikidata.org/entity/Q6942109,Guangdong music,b9a125e0-5ce5-40ff-8325-2480cb3c1865
http://www.wikidata.org/entity/Q7335754,ripsaw music,04b3d6ad-a65a-4478-bb12-1235e3c43ac9
http://www.wikidata.org/entity/Q7361460,rom kbach,d0b35afb-e2b5-4f60-be60-599fdee863ac
http://www.wikidata.org/entity/Q8361,Baroque music,9e44c2c9-8c44-4aa6-9de3-0f3e75b49f1b
http://www.wikidata.org/entity/Q7382074,Russian liturgical music,9c33a528-ff3e-447f-ad1d-bf922e732c16
http://www.wikidata.org/entity/Q7385628,Ryūkōka,15d8d1e8-302d-4919-93a7-740099aef3c0
http://www.wikidata.org/entity/Q7397088,Sacred Harp,7de0cdcc-9ea2-487f-a9e8-66c317395bbf
http://www.wikidata.org/entity/Q7397320,Sacred Steel,63431b5d-a30a-4092-8566-0cb1e7126b96
http://www.wikidata.org/entity/Q7405759,salsa dura,6b985a4b-c11b-4fa7-8130-66edbe398670
http://www.wikidata.org/entity/Q7405765,salsa romántica,fc032b6b-f0a2-4c67-80b6-81605aaaad90
http://www.wikidata.org/entity/Q723418,cumbia,7cd4173c-fef8-4e99-a527-98a25b6487c0
http://www.wikidata.org/entity/Q7410145,sampledelia,1384a044-7eff-4fb3-b948-a74703cf4010
http://www.wikidata.org/entity/Q7410295,samri,530a1b0e-d457-4f44-ae75-c0f835e4d98a
http://www.wikidata.org/entity/Q16254929,Italian occult psychedelia,1ef3590b-c610-4ffe-a952-f2d9d3883b14
http://www.wikidata.org/entity/Q16295131,urban cowboy,0f721ac3-ac72-4854-bda9-3bb86f0518d4
http://www.wikidata.org/entity/Q16323732,shaabi,941160b7-f469-4655-a3e2-0fa6891d715a
http://www.wikidata.org/entity/Q16327884,rizitika,bf3593b0-f3f0-41f6-b1e9-f4bd874960b9
http://www.wikidata.org/entity/Q1646666,mambo,f6fb8e67-cd02-4fb4-b256-2970000dcb46
http://www.wikidata.org/entity/Q15697534,drill,1e5e18e5-4e70-4a73-942a-c6c79c1aefe2
http://www.wikidata.org/entity/Q14493900,Texas country music,7557c05c-e767-48a2-a9d9-701d44a1f54a
http://www.wikidata.org/entity/Q16491869,Dominican dembow,3c63b017-05b2-4a64-a724-1ef50119e1ac
http://www.wikidata.org/entity/Q16525381,Afro-zouk,a7e0229c-6e53-45f1-a6f2-a791e78b159e
http://www.wikidata.org/entity/Q16526296,alloukou,e367c884-d94d-4fba-abc4-8ac51d167ccf
http://www.wikidata.org/entity/Q16527140,adult-oriented rock,aca1caab-09d1-44b5-ae84-590ff1d218fc
http://www.wikidata.org/entity/Q16534955,cabo zouk,932278bb-3214-4936-8896-e8dea057ab98
http://www.wikidata.org/entity/Q16562829,harsh noise,5c61cf56-7dcd-4bd8-87e4-b5bb0c25255a
http://www.wikidata.org/entity/Q16572889,liscio,b8c1003b-d3c3-424d-8d6a-75b77d5c2f95
http://www.wikidata.org/entity/Q1443316,Christmas music,31aee5bc-c1e8-43d7-a7bc-902df802ccbb
http://www.wikidata.org/entity/Q16615430,Palo de Mayo,6f45b405-2629-4a5f-8534-ac3b1ffa1b0c
http://www.wikidata.org/entity/Q16625659,space ambient,cb058995-96b0-45ed-a3db-2f066bfe948d
http://www.wikidata.org/entity/Q1583807,art music,6ed4e4d1-9a97-4e2c-b8df-083754f154f4
http://www.wikidata.org/entity/Q17723,Classical period,095695ad-5a3e-4eda-b169-6f3f9cc9fa0d
http://www.wikidata.org/entity/Q1452181,murga,9ad55cef-3a10-4b13-9af4-bb05e9352259
http://www.wikidata.org/entity/Q1452401,għana,70f46762-7b18-44b9-8d37-1dd3ad08a169
http://www.wikidata.org/entity/Q1455292,French house,5acda04e-995d-4f79-9a66-5fe6a977ce15
http://www.wikidata.org/entity/Q1455487,Frenchcore,f372ab9d-3ea6-4975-93d2-a91c421b29a7
http://www.wikidata.org/entity/Q1455932,frevo,7a438d39-ae0a-4383-993d-4167132d37f7
http://www.wikidata.org/entity/Q155119,cuarteto,4b0743d9-932c-4d6f-bbfb-9dfd33136559
http://www.wikidata.org/entity/Q1457753,pìobaireachd,69dbea9c-13d6-4038-acdb-5232e06e236c
http://www.wikidata.org/entity/Q1552806,guaracha,3c9097f9-10d9-4086-98e3-e8c54ef470b3
http://www.wikidata.org/entity/Q15830404,bolero,49fa872d-561c-4f8a-aea4-fbe7f67e1bd6
http://www.wikidata.org/entity/Q16829781,cloud rap,2346fb3e-8546-4119-a929-601db8e0a733
http://www.wikidata.org/entity/Q1470503,semba,f79fae10-9201-4b43-a086-4d82828bbed9
http://www.wikidata.org/entity/Q16837290,Balearic trance,a57eaca8-4df0-4835-8581-1179a485729f
http://www.wikidata.org/entity/Q16844015,toada de boi,2ba03974-4bde-495c-85b4-46aafb78b6aa
http://www.wikidata.org/entity/Q16855754,blackgaze,a687ea57-487a-440d-b5fd-2f1b2f8b1f57
http://www.wikidata.org/entity/Q16951912,Birmingham sound,c802c2be-2351-4478-b6a1-003fdb8733c9
http://www.wikidata.org/entity/Q16954055,bro-country,f3739c4c-7297-48e6-a3d7-1ab737c0d9a0
http://www.wikidata.org/entity/Q1490170,slowcore,8d3d9402-79df-4d91-946c-ea041acfb3cc
http://www.wikidata.org/entity/Q16960459,dhaanto,fbfcef2e-15c6-4961-8e18-f9bf3dbf0e80
http://www.wikidata.org/entity/Q1493069,gamelan gong kebyar,f914f629-664f-4f20-9538-6ca0cb70f5b5
http://www.wikidata.org/entity/Q16986699,cha-cha-chá,e8a66eb6-882a-49fe-81d3-73f05a0a027f
http://www.wikidata.org/entity/Q1499262,yellow music,92714b3a-a40a-4b75-9d7a-ed0fcd6e326d
http://www.wikidata.org/entity/Q1499839,lundu,d5f86ca8-5ca5-4e2a-8d1c-d6f71ec87116
http://www.wikidata.org/entity/Q1500364,psychedelic folk,507757f0-a63c-422b-93f1-f1d77462033f
http://www.wikidata.org/entity/Q1507298,lo-fi music,65e2f3ad-e0bd-4627-bd83-cba7c8b6d011
http://www.wikidata.org/entity/Q1515757,jump blues,fd63003f-01aa-4f4c-a21d-036c46470257
http://www.wikidata.org/entity/Q15042720,copla,ccfa5782-31ce-4f35-b7f3-13c1a6d2a813
http://www.wikidata.org/entity/Q15056301,yayue,09d455dc-c5a1-4262-bbae-63383dd87582
http://www.wikidata.org/entity/Q1518063,Ottoman classical music,8a8bdf57-d3dd-4c2a-86a9-2eab2775c728
http://www.wikidata.org/entity/Q1521688,ghettotech,511a3aa8-abdb-4e63-b11c-2d50ab19b373
http://www.wikidata.org/entity/Q1524033,free tekno,3a9b4cb1-a189-437d-85fa-c55d9c59415d
http://www.wikidata.org/entity/Q1530455,vocal jazz,782dc157-d1a5-42b9-9174-d329c24a7ef3
http://www.wikidata.org/entity/Q163491,ars antiqua,196a8a7b-c7c8-4e5f-9a02-bf0579da2ef5
http://www.wikidata.org/entity/Q163775,medieval music,4fc769b7-acac-4061-9129-ee8c6875b4c3
http://www.wikidata.org/entity/Q1540495,puirt à beul,89562d34-9c86-4fba-84db-d6da813ae779
http://www.wikidata.org/entity/Q1546028,Philadelphia soul,779b2d38-deb0-4838-a0e2-18170323ca13
http://www.wikidata.org/entity/Q1597549,kizomba,5c8b654c-0f2b-40d5-990b-e070a527b1df
http://www.wikidata.org/entity/Q15300817,big room house,d4b71a23-7dc0-4291-9a8d-a27d5dbbf9f2
http://www.wikidata.org/entity/Q1550501,muiñeira,6f4d5347-ef06-43ab-ba33-6ba36425ebf0
http://www.wikidata.org/entity/Q1474372,mugham,94338c63-5167-4e6b-ad36-38cbaca22583
http://www.wikidata.org/entity/Q1564596,taarab,8d28a99e-69a8-452e-a34e-6f2f69398cb3
http://www.wikidata.org/entity/Q1567032,Southern soul,bd61d502-8906-4073-a4ea-18c04e946dbc
http://www.wikidata.org/entity/Q1571388,Jácara,db487631-d1a0-4584-81f4-276728fb14c4
http://www.wikidata.org/entity/Q170435,trance,2afc2320-384f-43a4-a71e-1b763c485045
http://www.wikidata.org/entity/Q1574985,Vallenato,bff33e5d-d591-498f-927f-b26c5527d817
http://www.wikidata.org/entity/Q1585075,breakbeat hardcore,1c5db6d3-9ce6-48c0-9bff-e29f7d7cb1af
http://www.wikidata.org/entity/Q1585015,hard house,9c5052e0-36ff-4b92-9447-58f44ffdf682
http://www.wikidata.org/entity/Q173844,vocal house,9405d427-8b33-4670-a41a-040e23cef8ce
http://www.wikidata.org/entity/Q164444,funk,fe4ba6a1-9873-4fd0-a12b-a70c81818514
http://www.wikidata.org/entity/Q1615483,soul jazz,e70f0aa3-9531-448c-8182-7ff34e3d74f8
http://www.wikidata.org/entity/Q15629158,medieval metal,f812b8f5-537d-4218-a2b5-417ba470c993
http://www.wikidata.org/entity/Q1619932,hiplife,979ae351-612e-4c63-9263-5b70f799dfbe
http://www.wikidata.org/entity/Q1621467,symphonic black metal,86a383d3-a4cc-4690-9a0f-f8ee83f7492d
http://www.wikidata.org/entity/Q178145,gothic metal,c73392a9-adaf-4ee4-b911-97a5892ac917
http://www.wikidata.org/entity/Q170611,techno,41fe3260-fcc1-450b-bd5a-803886c56912
http://www.wikidata.org/entity/Q174873,cantata,ce70ed18-0f2d-47a9-bcee-45a1b3cc3225
http://www.wikidata.org/entity/Q1632601,nuevo tango,62449ed2-795f-46e8-91ca-09f56922a7a8
http://www.wikidata.org/entity/Q1634085,tecno brega,694e1a00-cb09-4eb0-9064-402ef8a1059d
http://www.wikidata.org/entity/Q15720097,bhavageete,800943f2-5076-464c-873c-4a50839f2da9
http://www.wikidata.org/entity/Q1636684,yé-yé,e6d6a58f-6c00-484e-9bc7-12e2c4d024e2
http://www.wikidata.org/entity/Q15733887,vaporwave,e837fa08-f314-428f-af96-ceed9858e3b2
http://www.wikidata.org/entity/Q1640319,experimental music,68c81274-5770-4e7b-a4bf-ab0d7d425d99
http://www.wikidata.org/entity/Q1640587,morenada,01ae3be5-070d-42a0-8062-f0f1ff43a791
http://www.wikidata.org/entity/Q1641839,experimental rock,65c97e89-b42b-45c2-a70e-0eca1b8f0ff7
http://www.wikidata.org/entity/Q1643549,dance-punk,509c006f-67c2-4c54-a568-d2b415cb0642
http://www.wikidata.org/entity/Q1650296,instrumental rock,6b3903aa-8abe-4645-b363-558483b1586f
http://www.wikidata.org/entity/Q1658757,illbient,da52c9d1-73f2-456e-a0d0-94bd854cb338
http://www.wikidata.org/entity/Q1669802,kalindula,5bb3b18c-a301-4654-a11a-7e39ee36867e
http://www.wikidata.org/entity/Q14390274,tango,267b14aa-3e3c-4615-803c-0255a81c8203
http://www.wikidata.org/entity/Q1673922,isicathamiya,f8375b91-073d-486a-bb59-97a97c0db8f3
http://www.wikidata.org/entity/Q15893013,funk ostentação,de77774c-b254-4597-896a-257cbe04e84a
http://www.wikidata.org/entity/Q1684520,jazz blues,9702d99a-823f-47ba-b8c2-af0538c9640b
http://www.wikidata.org/entity/Q15931253,dimotiko,7d02c0fc-62e2-4af6-a871-b5059b74ea3f
http://www.wikidata.org/entity/Q1692318,modinha,071701ff-80ab-4896-b8ac-605ec93a2255
http://www.wikidata.org/entity/Q15975701,narodnozabavna glasba,ef4397ff-05f4-4ec6-a32c-24ff44cbbe6a
http://www.wikidata.org/entity/Q16002495,algorave,e0a9d0d1-b86f-4344-82a9-022a84627087
http://www.wikidata.org/entity/Q16011695,vocal surf,0bb94bd0-0025-479c-b398-41fb2f12f939
http://www.wikidata.org/entity/Q1702909,raga rock,783463fe-66a5-4147-8fe9-f175dbfbaa54
http://www.wikidata.org/entity/Q1677377,funeral march,14a72d3d-c35c-475b-a733-d4b7f62499cd
http://www.wikidata.org/entity/Q16096634,kawaii metal,5319fada-431d-4b16-ac6f-37e24b2201b5
http://www.wikidata.org/entity/Q16130554,muzikat dika'on,d2a65267-853d-41bd-be59-3ab9fa86b2c2
http://www.wikidata.org/entity/Q16154635,Kabarett,38c0236f-f452-4a5a-8666-5aa1d85d7af0
http://www.wikidata.org/entity/Q817138,electronica,53a3cea3-17af-4421-a07a-5824b540aeb5
http://www.wikidata.org/entity/Q854844,bhangra,59a849e1-73fe-428d-8a61-3788875f9644
http://www.wikidata.org/entity/Q786815,turbo-folk,7789edaa-93e9-4a1c-ac84-9ba7eee97c8b
http://www.wikidata.org/entity/Q787663,guajira,e17eaeab-2d3f-4dae-8344-1dd5d9cb3c00
http://www.wikidata.org/entity/Q752785,calypso,b44a8ffd-e717-4d73-99ea-9fe5d245339d
http://www.wikidata.org/entity/Q83330307,Gufeng music,ae40c644-47b7-4f42-9775-4fde479a75b7
http://www.wikidata.org/entity/Q7482056,Irish folk music,3d88ed41-624d-4be9-bf9d-ca11991eb250
http://www.wikidata.org/entity/Q790188,avant-garde jazz,8d901306-d4a3-436c-a1c3-75550e5b6eaf
http://www.wikidata.org/entity/Q7487815,shan'ge,e6063c04-2039-4cb5-923e-1cb36cc1e34d
http://www.wikidata.org/entity/Q788460,bagatelle,875c7bef-8745-4e76-8333-218d23913052
http://www.wikidata.org/entity/Q7496127,shidaiqu,b1611387-c581-41a4-acba-48889758c7c5
http://www.wikidata.org/entity/Q7497655,shinkyoku,4f022b0d-6194-4fa1-a1e9-24d8e2f16263
http://www.wikidata.org/entity/Q835562,habanera,fadba332-9cf8-4350-99fb-7744e869cc69
http://www.wikidata.org/entity/Q781402,piyyut,f8856492-37ee-479c-9f1b-f9afa5cd5db9
http://www.wikidata.org/entity/Q836571,fantasia,96544aeb-bb2a-4591-b4f6-85aeda327000
http://www.wikidata.org/entity/Q852027,impromptu,d7ed6cd7-24ba-447e-bde6-c21312f951f3
http://www.wikidata.org/entity/Q80724932,vaportrap,dcc79a22-0983-431a-bb4f-f55a767583cc
http://www.wikidata.org/entity/Q80725067,mallsoft,4f09664e-7f63-4431-b2b8-4b0184cd88db
http://www.wikidata.org/entity/Q80725127,future funk,4cc411c2-ec68-4aeb-8af5-d690e96eba88
http://www.wikidata.org/entity/Q7535166,skiladiko,4931b4f7-f22e-4ad9-94d4-6c82fffae776
http://www.wikidata.org/entity/Q8251828,brega pop,776b9bfd-7532-47b1-a99e-3d97183d218a
http://www.wikidata.org/entity/Q8261759,asturianada,dfe8e409-3aaf-45ca-a32e-b446d5ca2e4b
http://www.wikidata.org/entity/Q7560584,son huasteco,d1d0cce8-c920-414e-ba07-cb578eee0345
http://www.wikidata.org/entity/Q7560612,son calentano,83dc537c-0ca2-4051-9da1-ab81c81842bc
http://www.wikidata.org/entity/Q7580152,spouge,3a01b42e-6696-4812-ab4a-485a4c8ed2ce
http://www.wikidata.org/entity/Q804401,Bakersfield sound,a9364233-6158-4fab-bbc2-35579a74378e
http://www.wikidata.org/entity/Q804596,baladi,9e2bc081-50e4-4612-9fa3-ac81823b732e
http://www.wikidata.org/entity/Q7676784,tajaraste,4e10edcf-be21-4aa9-989b-7602549a56f7
http://www.wikidata.org/entity/Q7679165,talempong,2ed84e1c-b405-451e-b72c-8ee6f21a81fb
http://www.wikidata.org/entity/Q7701003,Teochew string music,a35d0c36-91f2-4f9e-bd57-eab90e80950a
http://www.wikidata.org/entity/Q858579,big beat,aac07ae0-8acf-4249-b5c0-2762b53947a2
http://www.wikidata.org/entity/Q822914,Christian metal,8e7216a9-c5c2-4d47-b70b-2ef148c727c6
http://www.wikidata.org/entity/Q823080,no wave,3188a961-88e0-4b12-9b9e-47f79e53d780
http://www.wikidata.org/entity/Q823560,musique concrète,edc96a6f-e8d0-4006-b065-d0fe188191c9
http://www.wikidata.org/entity/Q7770873,bal-musette,09c62321-3f2c-496b-9f3c-bf36ca891371
http://www.wikidata.org/entity/Q825769,crust punk,f66d7266-eb3d-4ef3-b4d8-b7cd992f918b
http://www.wikidata.org/entity/Q7800608,desert blues,47394ce1-1a4d-45d2-8ee2-9b6340bb124a
http://www.wikidata.org/entity/Q744417,Italo disco,97a4a75a-6e49-4519-9684-ae2ccb2fc0f9
http://www.wikidata.org/entity/Q7810544,tizita,89b5a22e-81ef-485f-b69b-6dc2e8e0fddd
http://www.wikidata.org/entity/Q828243,futurepop,6df6e38b-2a6f-4990-94dc-ea48eba4f8ad
http://www.wikidata.org/entity/Q828305,skate punk,ba98f8a6-1b7a-4cc4-bfb2-25be78b18511
http://www.wikidata.org/entity/Q746743,ricercar,657e44b5-2a8f-449a-aedc-6f529403e490
http://www.wikidata.org/entity/Q747717,heartland rock,52856ec0-9f9b-45f4-ab09-1bb8cc0a98e4
http://www.wikidata.org/entity/Q749475,psybient,fee8ccf9-8def-4855-9e6a-7d03da945f32
http://www.wikidata.org/entity/Q830325,horror punk,36471baf-3fd6-459d-918c-40dc64adea36
http://www.wikidata.org/entity/Q7832321,traditional bluegrass,40b3034b-7360-4b5d-898a-01e71c334fc5
http://www.wikidata.org/entity/Q7489094,Shanto,2911bf96-0b61-4fe2-946e-23333347c4ab
http://www.wikidata.org/entity/Q837837,power pop,618704fc-daac-44a2-92c9-89e3b1a2fc8c
http://www.wikidata.org/entity/Q831354,smooth jazz,a1f1dcc8-6078-4c12-90b7-47e3080e330c
http://www.wikidata.org/entity/Q7844612,tribal guarachero,7d0d95f7-eb36-4ec9-9492-0c0d51a6c2b8
http://www.wikidata.org/entity/Q7847156,truck-driving country,319c30ff-fed2-4960-be69-9e616c284ee5
http://www.wikidata.org/entity/Q832665,Hard trance,c8acb78a-8337-4eae-9d19-48220dba03ac
http://www.wikidata.org/entity/Q753520,Christian rock,c02cd2c5-9316-4046-a241-f74b773fee06
http://www.wikidata.org/entity/Q753679,gangsta rap,bc8c2f79-dcea-43f3-962b-f0663868d42c
http://www.wikidata.org/entity/Q834959,samba rock,e52cb48b-1d55-447f-82e2-9b9098591ded
http://www.wikidata.org/entity/Q835131,Goa trance,ade8f293-c049-438a-a5f0-b51e6776d9c5
http://www.wikidata.org/entity/Q835891,funk rock,eca476ac-d63b-431f-9347-c45f530dc15d
http://www.wikidata.org/entity/Q756956,dark ambient,01ecf8e4-7f7a-4145-ae97-504d3109633d
http://www.wikidata.org/entity/Q757143,chill-out music,7232e5df-8466-421f-ad5a-ce2048e5522d
http://www.wikidata.org/entity/Q837389,Latin jazz,48095aaf-c31d-4bfc-9578-8755c71d44af
http://www.wikidata.org/entity/Q7919873,Venezuelan waltz,a93217e1-8be1-4081-a917-facb3693050c
http://www.wikidata.org/entity/Q839029,raï,deec5f2f-ccfc-4e0c-b1ac-8e5a17cd5cb7
http://www.wikidata.org/entity/Q840065,new jack swing,dd497eac-e915-49a9-b1e4-482792acf397
http://www.wikidata.org/entity/Q842324,indie pop,f390be72-360b-41bb-a310-6a2e638779d2
http://www.wikidata.org/entity/Q7967858,wangga,89832b52-e1bd-41da-9969-37169c1b17fd
http://www.wikidata.org/entity/Q7972788,Wassoulou music,fa2ed862-06f3-4aec-a214-91359b9c15a6
http://www.wikidata.org/entity/Q7975176,waulking song,80c781c0-b36e-4e8f-a891-663feacc7508
http://www.wikidata.org/entity/Q844245,Gypsy jazz,f9f0bdd7-47aa-447a-80a9-578655bf721b
http://www.wikidata.org/entity/Q846119,psychedelic music,d698ece0-6fed-4262-b446-42c98b73b65a
http://www.wikidata.org/entity/Q766240,cueca,6edf2509-18f5-469d-beb2-3ae8ef0645e2
http://www.wikidata.org/entity/Q846219,gagok,fbeab683-925b-47a9-9568-42f4b2366ee5
http://www.wikidata.org/entity/Q846833,crossover jazz,af1040cf-d8bc-432f-a250-52bd287f92ac
http://www.wikidata.org/entity/Q848399,easy listening,ca06817d-8622-4120-b49d-96921c8bb767
http://www.wikidata.org/entity/Q848457,speedcore,03544ca7-48ef-449b-abed-67aebdcd8120
http://www.wikidata.org/entity/Q848852,Eurobeat,8de96944-cabb-4864-893a-ed072d802046
http://www.wikidata.org/entity/Q79784514,progressive electronic music,2d069613-cd1b-4ce8-ad90-d0925e4ff9c9
http://www.wikidata.org/entity/Q807820,barbershop music,f8f6157d-5ace-4844-90c2-2e2a829b8932
http://www.wikidata.org/entity/Q850412,contemporary R&B,4bb4043a-0ee5-4b84-93fa-6ba4567a6ba0
http://www.wikidata.org/entity/Q83440,country music,5f665615-7fb3-49d8-b541-62a7b239edbe
http://www.wikidata.org/entity/Q784310,electro hop,6c1451bd-5d65-487d-8757-682a3592c702
http://www.wikidata.org/entity/Q851213,electronic dance music,3976e9ba-16d0-461d-b732-99408a0374ba
http://www.wikidata.org/entity/Q771291,sean-nós singing,8dca11a8-7cf2-4c6e-9e6b-9c94afc204c6
http://www.wikidata.org/entity/Q852767,Southern rock,905c1899-3027-4d29-8d9c-bbeef2c8628a
http://www.wikidata.org/entity/Q8059887,Yu-Mex,1dbdfc67-0e10-4073-81c0-f4a7793561b1
http://www.wikidata.org/entity/Q853873,cantopop,78caea3b-84fd-4664-878a-fe70a6e1d9d1
http://www.wikidata.org/entity/Q854451,Celtic music,34edc6ac-d431-4b36-be15-ecd17533e5e2
http://www.wikidata.org/entity/Q773880,bitpop,c4c55689-2b92-430e-811c-1e8c0ff5c6fb
http://www.wikidata.org/entity/Q854775,bhajan,6af33c14-3e4c-4b88-94c5-514333b45964
http://www.wikidata.org/entity/Q8074636,zouk-love,daf31859-bf65-495b-a15a-7e522c1f269e
http://www.wikidata.org/entity/Q774475,cantu a tenore,00aeab7d-f33d-4b46-b426-5d6dd20bb07a
http://www.wikidata.org/entity/Q820049,gabber,2f2118d7-315b-4241-bf40-d5d6ca11348d
http://www.wikidata.org/entity/Q775614,neofolk,e94c28db-21a2-43de-9e58-8113fba2c732
http://www.wikidata.org/entity/Q856872,rap metal,22623d74-4676-4853-aed9-921ae6fad495
http://www.wikidata.org/entity/Q814402,biguine,4f9519f9-6bbc-4f2e-a279-c4fdf216a2f3
http://www.wikidata.org/entity/Q85477,oratorio,373a3d38-23cb-48e3-baf1-6737eac93a29
http://www.wikidata.org/entity/Q860196,bikutsi,d7db2674-0b59-4650-a518-87f7f7f4c4fc
http://www.wikidata.org/entity/Q780517,speed garage,59c7776f-fd87-4cfb-a7a5-9fe66ec02b1b
http://www.wikidata.org/entity/Q861823,electroclash,cae57e98-c939-4b0e-ae49-8e0cb1bdc91d
http://www.wikidata.org/entity/Q781815,passion,04aa656f-25fe-412d-a76e-d90b263ec6ea
http://www.wikidata.org/entity/Q783874,nasheed,e0ddc3bf-1fa8-44ac-89ae-e3306cdf8541
http://www.wikidata.org/entity/Q928825,garage house,092f40b5-9157-41f2-8243-68b704cd0ed1
http://www.wikidata.org/entity/Q930592,Italo dance,0e246476-8dc7-4806-9493-21a510a7d63d
http://www.wikidata.org/entity/Q930995,queercore,2481fbdc-05ed-458d-9928-46f3336c343e
http://www.wikidata.org/entity/Q85765918,hauntology,05039e37-4520-4d1e-8173-92a7915a452b
http://www.wikidata.org/entity/Q8812109,church music,ebe9d6f6-265a-4234-89c5-f444e2765616
http://www.wikidata.org/entity/Q932977,crossover thrash,9f7c0c5a-9a5e-4bbc-bf98-036d2d98bbe3
http://www.wikidata.org/entity/Q9730,classical music,bf9955d6-c3eb-466d-95ca-30f3848fc9ea
http://www.wikidata.org/entity/Q868855,old-school hip-hop,4a28dad3-1224-4b9b-bd4b-e03e03791856
http://www.wikidata.org/entity/Q936573,crunk,44c375ed-1041-4aa7-a2a0-05fb28135da3
http://www.wikidata.org/entity/Q906647,Dixieland jazz,a5a946eb-e068-42d5-bf17-cb73bfc6c192
http://www.wikidata.org/entity/Q870340,chalga,be57d78c-bbb4-4de7-bb34-6b577db54370
http://www.wikidata.org/entity/Q936942,post-industrial music,53ceafec-ced4-4bec-ac57-d00cbf3a0c29
http://www.wikidata.org/entity/Q940462,music hall,3b389785-3857-4316-9e80-3bbaaa2778ab
http://www.wikidata.org/entity/Q9078960,Motown,0c44a04f-f7ba-46a0-9dbe-1a21359cfa1e
http://www.wikidata.org/entity/Q918727,revue,084eabca-bdfd-4985-a01b-de0dcc53d3c1
http://www.wikidata.org/entity/Q873478,enka,b73d4a65-091e-4f08-8422-93f1b90f95d7
http://www.wikidata.org/entity/Q874038,deep house,7fa479e7-3d35-40d1-96f7-b619a5ca9d9f
http://www.wikidata.org/entity/Q944465,jazz rock,5eea976c-1ab2-4d94-9b63-7d1297d5dba5
http://www.wikidata.org/entity/Q947155,kirtan,c5aa3e2c-b7ad-4f52-adc3-53af8c9913f1
http://www.wikidata.org/entity/Q8560269,dirty south,4f9a1d5e-ee21-474a-b9a2-720ace91a641
http://www.wikidata.org/entity/Q949369,funky house,62e4c7cb-a2b3-462b-8d96-1b0d66ee6cf3
http://www.wikidata.org/entity/Q8770312,Donosti sound,0c516b77-4590-4db7-93ba-9c2fa6f2a737
http://www.wikidata.org/entity/Q86729224,dobrado,e9c29df4-23f1-4d0b-ab11-24bcc90744f1
http://www.wikidata.org/entity/Q9009342,Isa,ae550c5b-ffa8-4f6f-bcdf-2c0c76d2c670
http://www.wikidata.org/entity/Q956717,kwaito,8894628d-7f01-4936-913f-949fcf6ae91b
http://www.wikidata.org/entity/Q956883,Carnatic music,5b8be5dd-44b1-4461-9266-cfed3e16f55c
http://www.wikidata.org/entity/Q85741139,Amapiano,de3f8f85-1d8a-499f-9a1e-edad65a26dad
http://www.wikidata.org/entity/Q958982,saeta,0bf359d0-8a09-428d-b807-f884586dc8f2
http://www.wikidata.org/entity/Q959583,schlager music,7edde935-8094-409e-ba33-34779b4668f8
http://www.wikidata.org/entity/Q9734,symphony,50294a4d-61f0-4dc8-a20f-4708d52fe78a
http://www.wikidata.org/entity/Q9748,concerto,7969288f-182d-4cef-b68d-870cc4c753da
http://www.wikidata.org/entity/Q963061,highlife,a394e4ba-1fff-4fca-a2e8-30e789a8b6e8
http://www.wikidata.org/entity/Q964658,outlaw country,f30d5ce4-559c-45c2-897c-089599ac9a83
http://www.wikidata.org/entity/Q965635,underground hip-hop,03a8749c-93e6-4b71-8204-b33de116d8fd
http://www.wikidata.org/entity/Q965834,Znamenny chant,cdcb419d-7967-4667-bb9c-b5c39bddbac6
http://www.wikidata.org/entity/Q966564,hardcore hip-hop,12b013ff-cf03-4fa0-8e1b-c9b7f5d27f90
http://www.wikidata.org/entity/Q896513,Hamburger Schule,073f0dc7-e49c-4170-ba88-655597f0cca4
http://www.wikidata.org/entity/Q89099707,özgün müzik,66a9166e-2807-4e75-acb1-660913d8360b
http://www.wikidata.org/entity/Q9778,electronic music,89255676-1f14-4dd8-bbad-fca839d6aff4
http://www.wikidata.org/entity/Q967654,neurofunk,9094f251-8379-4ced-9541-a1c91045c327
http://www.wikidata.org/entity/Q968730,industrial rock,ffbc9907-c9be-4ace-876b-b7fd5b9d51f9
http://www.wikidata.org/entity/Q969663,political hip-hop,aa92e307-b2bc-4802-8953-48b8c912fe9a
http://www.wikidata.org/entity/Q9759,blues,fe12b346-a10e-450f-bf81-fa20894b5ea2
http://www.wikidata.org/entity/Q972424,old-time music,ed67ff3f-8f00-4321-badd-e9f183f7584b
http://www.wikidata.org/entity/Q876171,East Coast hip-hop,1bafab01-c092-47bc-84ee-a6b503b3cb86
http://www.wikidata.org/entity/Q95469495,alternative pop,d3ebe947-7c03-43f5-b333-09379881b0f6
http://www.wikidata.org/entity/Q89423271,noisecore,0cd76818-fdde-4f56-93a1-040f09ca7f23
http://www.wikidata.org/entity/Q877693,rap rock,b4b184b7-6224-478e-a273-f9da9ee30136
http://www.wikidata.org/entity/Q9764,flamenco,961c6dad-8cf0-47ab-bc09-ccd011f9ef28
http://www.wikidata.org/entity/Q9794,reggae,02b2f720-d06e-42ce-85c2-1ecd4191ffcb
http://www.wikidata.org/entity/Q869210,corrido,d60ef35c-e367-4272-9b25-e3f2ecebb2aa
http://www.wikidata.org/entity/Q89363113,singer-songwriter music,455f264b-db00-4716-991d-fbd32dc24523
http://www.wikidata.org/entity/Q880270,traditional black gospel,90a57b35-f01e-4935-b54e-a40fe8fd3bf3
http://www.wikidata.org/entity/Q89423571,contra dance music,2f7f569a-9348-4384-8508-2d0ac7d6a778
http://www.wikidata.org/entity/Q9050551,noisegrind,ad4c310c-ce1c-4d26-8122-b477ffc7eca2
http://www.wikidata.org/entity/Q882985,garba,ea51a15b-c521-447d-b037-0b615a6f1205
http://www.wikidata.org/entity/Q885561,blue-eyed soul,650bda08-20ca-4012-b873-3b68c5768bdf
http://www.wikidata.org/entity/Q9011351,jazzstep,6294b8c8-42d7-4f32-a888-1d77acce495a
http://www.wikidata.org/entity/Q888137,skweee,f3bab7c4-d649-4738-8a9a-d3874650c485
http://www.wikidata.org/entity/Q9031739,merecumbé,74e9b856-a463-42ff-9b18-e80e80fd8bab
http://www.wikidata.org/entity/Q888612,deathgrind,619c5945-6484-4a68-96e9-a48d4a4e1f73
http://www.wikidata.org/entity/Q9035712,muliza,2014650f-c44a-4d2b-8ec4-fcca62abd3d5
http://www.wikidata.org/entity/Q9051042,new Chilean cumbia,7f65be3e-dbbd-4878-83b8-b82f850f07bb
http://www.wikidata.org/entity/Q9051102,nuevo cancionero,c7ed514b-a599-400c-87b3-54448f743498
http://www.wikidata.org/entity/Q890887,Eurotrance,5549175d-c972-4038-b610-57e482c83608
http://www.wikidata.org/entity/Q95366506,Jit,704bea5c-7aed-4adf-9bb8-9997af078da0
http://www.wikidata.org/entity/Q892958,boogaloo,e195386e-6140-4b20-be18-4fbe4fd6ea5a
http://www.wikidata.org/entity/Q9089200,totalism,6e3f8c78-8144-4d1a-8f90-ceea1fac6fbf
http://www.wikidata.org/entity/Q9095433,waka music,cf230bd3-1456-437a-8e0c-cb943d2c3fa3
http://www.wikidata.org/entity/Q96376113,deconstructed club,5a291744-e683-49bb-883e-bf978f235b6b
http://www.wikidata.org/entity/Q96376126,deep soul,9d180bd4-f0a8-4062-b306-196b6c4539e1
http://www.wikidata.org/entity/Q96395212,neoperreo,46481d3d-f9f4-4fe3-af5b-c861c5e18aad
http://www.wikidata.org/entity/Q961146,chilena,07dd5fb7-c8fe-4e8b-8608-1cf606158a19
http://www.wikidata.org/entity/Q9149801,ambient techno,1c6e4eae-915d-4662-a7ff-038920b67d9e
http://www.wikidata.org/entity/Q9149798,ambient noise wall,a8424840-ae95-45a2-a6d7-dace870cf93a
http://www.wikidata.org/entity/Q898709,rave music,660e755a-1b66-440b-9b7c-fbcf245f4415
http://www.wikidata.org/entity/Q899116,neoclassical dark wave,3fddb093-2e8d-4cbd-85c5-2b5e7b0e5c43
http://www.wikidata.org/entity/Q9162904,avant-pop,0e7a3c6a-4fbc-4b66-8201-9196032768ac
http://www.wikidata.org/entity/Q901610,min'yō,b0ac2e92-b41d-46e9-8c88-cd254f3a86e0
http://www.wikidata.org/entity/Q96647680,bardcore,19d31930-9e5f-450d-8fa1-120e622773a5
http://www.wikidata.org/entity/Q903735,breakcore,8aad8a03-be38-48e4-aa43-5ca0f826c569
http://www.wikidata.org/entity/Q8701407,waltz,4bf6058e-0736-4836-8eae-6d63bf78b9fb
http://www.wikidata.org/entity/Q942955,milonga,7588308f-e08b-444e-8d6b-55549c58cf3c
http://www.wikidata.org/entity/Q907799,Duranguense,5348f256-ada2-4177-b16d-b0e07e96786f
http://www.wikidata.org/entity/Q952404,drumline,e68b88da-3a15-4475-ba63-f571016f37b7
http://www.wikidata.org/entity/Q9253748,emo violence,6cf9c00f-f046-4b7a-8ffe-2932bb6cb064
http://www.wikidata.org/entity/Q9261178,miejski folk,ad95bb67-5e87-46c0-978a-8250a6bca0c7
http://www.wikidata.org/entity/Q9300201,samba de roda,36442646-97a0-412e-b4f0-7aefd45dbe0d
http://www.wikidata.org/entity/Q915152,progressive house,70adb285-e1f7-458a-823f-5cbda5e291c4
http://www.wikidata.org/entity/Q85740017,Afroswing,52349b68-9cad-496e-8785-00d53f410246
http://www.wikidata.org/entity/Q85748774,Brazilian bass,47df9270-9259-4a60-ac10-086982b8622e
http://www.wikidata.org/entity/Q916387,exotica,1b757a82-3b28-4522-81d9-82d3d10b00c0
http://www.wikidata.org/entity/Q85787413,música cebolla,520667f6-afbd-44dc-b591-64b74638a782
http://www.wikidata.org/entity/Q918095,Britcore,dfb59d7b-c690-4de7-a189-efe944ab60db
http://www.wikidata.org/entity/Q918542,British blues,a2658d31-5ee4-4e8b-95de-caad82a41e9a
http://www.wikidata.org/entity/Q876812,capriccio,c0b1e4d0-469c-46a7-916b-47909b33296f
http://www.wikidata.org/entity/Q919516,troparion,8b1cd4e1-e0cf-4ab4-928a-5908ccdc4b6a
http://www.wikidata.org/entity/Q85867089,cumbia rebajada,db10b353-89f1-412a-830e-af3eb5fb8416
http://www.wikidata.org/entity/Q9364028,UK funky,31ec78f2-15c9-464b-a9e4-19e531028544
http://www.wikidata.org/entity/Q863539,binaural beats,d89f1b3c-0e50-474e-8a76-443199dbc484
http://www.wikidata.org/entity/Q1737691,Kecak,5ac69ee4-befe-438f-b1ea-a3f8af69bc2f
http://www.wikidata.org/entity/Q1744327,sound art,1ec74b4b-4f9f-4aa4-9a46-b840382f3a59
http://www.wikidata.org/entity/Q1744304,sound collage,dd5ad210-043c-4af3-86bd-91bedd9ca827
http://www.wikidata.org/entity/Q1760256,shōmyō,66d59e9f-d88e-4cf1-9e4f-8b6d448d0aff
http://www.wikidata.org/entity/Q193207,ambient music,608b0471-7531-4854-a348-e698c69cb699
http://www.wikidata.org/entity/Q1750088,UK82,8e6f636b-4b33-404d-b65e-26d378330410
http://www.wikidata.org/entity/Q1751409,2-step garage,db325bd7-ae64-40bd-966a-a3af3cef8bb9
http://www.wikidata.org/entity/Q1751782,Nashville sound,2684d72e-76ea-406d-ad64-fa292209b5ac
http://www.wikidata.org/entity/Q1752683,soukous,215a1932-5ca1-4316-9378-9cdccc6d389c
http://www.wikidata.org/entity/Q1753071,maracatu,dc906cab-651c-4ec0-a6ef-b92b75a5cea9
http://www.wikidata.org/entity/Q1753803,mor lam,82bd9ace-be4a-4b00-ae26-ca0a3f9ce0fb
http://www.wikidata.org/entity/Q1756101,nu skool breaks,5338e516-5d65-48d5-b7ee-5fd82f3387ea
http://www.wikidata.org/entity/Q1756680,songo music,c1af7cc0-44e4-484a-b5b7-89d068944c24
http://www.wikidata.org/entity/Q1759189,mangue bit,815f2b3d-5b2c-4901-b859-58de130931fb
http://www.wikidata.org/entity/Q1762761,Finnish tango,5766201d-d707-4289-94b9-ff8a79fd7d61
http://www.wikidata.org/entity/Q18702741,bogino duu,263a3bae-623f-403d-944a-17b118700c02
http://www.wikidata.org/entity/Q1770695,Hindustani classical music,92ccf7a7-c886-4e06-9aff-e432593653df
http://www.wikidata.org/entity/Q1772422,stoner metal,5c76eb54-7342-4d1f-9d98-a93f2f6aa7f6
http://www.wikidata.org/entity/Q1773654,country folk,984e6cb2-823e-4709-a23b-233f7f2ee3aa
http://www.wikidata.org/entity/Q196999,Zeuhl,6992b6b1-c275-4728-89b0-8aebab5b7d94
http://www.wikidata.org/entity/Q1779294,space age pop,18e297f0-8fd3-46ac-9953-1a9a91b69596
http://www.wikidata.org/entity/Q1780056,norteño,3e226375-1286-40e3-92b3-d257e3a1babb
http://www.wikidata.org/entity/Q1781796,sega,9e5dc752-6f6b-460a-9068-e9220394d7b8
http://www.wikidata.org/entity/Q1784106,powerviolence,4e6e388c-a9d2-45cb-80ad-bf64db4a0759
http://www.wikidata.org/entity/Q1784032,viking rock,4f4e09e1-fb82-45c5-a428-c4f3092c0196
http://www.wikidata.org/entity/Q1785028,sleaze rock,27157216-605d-44a8-8a3f-8020a6cf0f25
http://www.wikidata.org/entity/Q1785243,Long song,d33ad449-ab9a-4f8e-b8df-04f01a0b486f
http://www.wikidata.org/entity/Q194492,gamelan,404a769d-cc30-431a-9ca9-1091cf0c833e
http://www.wikidata.org/entity/Q1786724,marrabenta,42173af2-612d-487a-82a7-0895e79ffc46
http://www.wikidata.org/entity/Q1797650,son jarocho,3388a17a-34ec-46a5-a5fb-24dbaadaee4e
http://www.wikidata.org/entity/Q1798870,pagan folk,da54754f-7656-4078-904f-9c80f5cc51ed
http://www.wikidata.org/entity/Q1799871,uzun hava,ab2ca1f3-bf87-4258-97fc-aa9f948e3838
http://www.wikidata.org/entity/Q189045,Britpop,f1c9b874-7ef2-4e79-9419-c0bcb5f33a30
http://www.wikidata.org/entity/Q187760,new wave,56407f9d-3398-4bf3-bbbd-ea372fa5adeb
http://www.wikidata.org/entity/Q18915482,mincecore,d024e2e6-842c-43f7-b46e-8d0b87a4cd8e
http://www.wikidata.org/entity/Q1808721,sound poetry,71104599-7161-41ff-a7d9-43fc193c35e6
http://www.wikidata.org/entity/Q1815364,makossa,fe3ac8f4-a9cb-4ad7-801e-6d1a69b1a380
http://www.wikidata.org/entity/Q1840167,witch house,34ec5538-a91a-454f-b500-18253bb45c20
http://www.wikidata.org/entity/Q1872505,lovers rock,97b15117-c3e2-47ec-9d64-79f90b528a9c
http://www.wikidata.org/entity/Q1879175,ländler music,7bc6fac1-1a5b-470f-a294-dfd9f5a484db
http://www.wikidata.org/entity/Q19358266,electro latino,904c0b6b-8008-4feb-9410-4ed61c7ce07a
http://www.wikidata.org/entity/Q1890098,new beat,637d81ef-90b2-4385-9726-5ecf47daf4e4
http://www.wikidata.org/entity/Q1891685,Russian chanson,fb8f5a04-9d9e-494d-9cb0-f4eeef841d31
http://www.wikidata.org/entity/Q17048822,Fakaseasea,3f734d4c-cad2-437c-91c8-2c1f966d8bcf
http://www.wikidata.org/entity/Q17053024,folkhop,cb654931-fdca-456b-a645-138d7e90bc7c
http://www.wikidata.org/entity/Q17065399,wong shadow,ae6a6118-985d-4622-b423-2d00bb1a0678
http://www.wikidata.org/entity/Q1899347,post-punk revival,b8495241-e3c7-445b-82db-cea5ebe9ea7a
http://www.wikidata.org/entity/Q17088735,santé engagé,691028c1-71a5-4fe6-8917-c1875bc21e6a
http://www.wikidata.org/entity/Q17108262,Kadongo kamu,2247a6b4-5152-47bf-90c5-23282a234c08
http://www.wikidata.org/entity/Q1913888,power noise,ceadd212-a669-4981-b05c-7e8889df55ae
http://www.wikidata.org/entity/Q1914924,mbaqanga,319d6944-3674-46c4-b2df-c19e8ba51a09
http://www.wikidata.org/entity/Q17146868,shangaan electro,5a26133b-487a-4698-82b8-19c0efb827a3
http://www.wikidata.org/entity/Q17153632,tallava,4a3bc03b-ac00-4ed0-b0b2-58ccfd5dd8b1
http://www.wikidata.org/entity/Q1928583,Northern soul,a18a254b-67ca-4c8b-a13c-87154055e47e
http://www.wikidata.org/entity/Q1929352,roots rock,883d75d5-1365-46ee-8cbe-d3ae2facdd93
http://www.wikidata.org/entity/Q1930107,kroncong,98c1a0fe-f460-4521-bcff-760d719cd958
http://www.wikidata.org/entity/Q1931130,funk carioca,62619990-1f83-4043-9cd5-df3e8110f2dc
http://www.wikidata.org/entity/Q1931555,microhouse,bbce54eb-a477-4b23-ac81-d3b9aac43756
http://www.wikidata.org/entity/Q1936659,Nederpop,fb880da7-5d39-45df-a8ab-eb7f99b223fd
http://www.wikidata.org/entity/Q1958273,sertanejo,8f34dcd7-4e90-4bec-ba28-872da1eda808
http://www.wikidata.org/entity/Q19816,batucada,5ed45c54-2d5c-4b5f-adc2-55adb19269ea
http://www.wikidata.org/entity/Q17630580,Izlan,1ed9d2e1-cf56-4529-a07e-a34524f5b3dd
http://www.wikidata.org/entity/Q194172,nocturne,3b5250e0-f88d-4232-8a05-fd2e3edab2c6
http://www.wikidata.org/entity/Q193355,blues rock,58e325d5-54fd-4e98-b39a-3aa6bc319273
http://www.wikidata.org/entity/Q183504,indie rock,ccd19ebf-052c-4afe-8ad9-fbb0a73f94a7
http://www.wikidata.org/entity/Q186472,folk rock,445dc48f-5233-4b4f-987f-867ff9ade836
http://www.wikidata.org/entity/Q20378,alternative metal,7983ff25-ddf9-411e-a7f9-6cca238bff79
http://www.wikidata.org/entity/Q188450,electropop,3f3388b4-e36a-4bf8-a0be-66b10d92aaa4
http://www.wikidata.org/entity/Q20474,dubstep,1b50083b-1afa-4778-82c8-548b309af783
http://www.wikidata.org/entity/Q20502,house music,a2782cb6-1cd0-477c-a61d-b3f8b42dd1b3
http://www.wikidata.org/entity/Q193605,lullaby,27e29de7-a35d-4bf9-9dc3-6390421aa452
http://www.wikidata.org/entity/Q181014,fugue,95398f48-c101-41f0-b134-c14ba928ac17
http://www.wikidata.org/entity/Q17988509,jazz mugham,0a84c545-a3c8-458a-b834-9556334d7287
http://www.wikidata.org/entity/Q17995961,mobb music,ec0d9c44-4c90-47b6-82c9-dc8e2bd94b21
http://www.wikidata.org/entity/Q185652,ragtime,d017dd87-704b-4ad4-8b67-39fb401b8339
http://www.wikidata.org/entity/Q188285,motet,6eb07b1a-25d9-46b4-aa93-4d1206866885
http://www.wikidata.org/entity/Q20903,brostep,1dfc0cd3-bf39-4240-9265-96ced154425a
http://www.wikidata.org/entity/Q193217,madrigal,cb6a6be1-1f9b-488b-9b10-5d44fa557245
http://www.wikidata.org/entity/Q1937548,minstrel music,fb691c08-12a7-4f7e-ac18-9ba3fe624784
http://www.wikidata.org/entity/Q181010,hard bop,8c083468-2dce-4a31-ae77-433af3deafd3
http://www.wikidata.org/entity/Q21092,moombahton,ce92d27c-2d7a-439e-8182-e4ccdeee522a
http://www.wikidata.org/entity/Q181861,noise rock,8e5474b7-f445-49a7-866d-0f8e34b0a519
http://www.wikidata.org/entity/Q181897,stride piano,b5313d5a-f910-4fa8-a31c-0152897ed840
http://www.wikidata.org/entity/Q180268,gospel music,08289b42-7e41-4987-9263-c28bb4c59da0
http://www.wikidata.org/entity/Q18217098,New Mexico music,ace16f38-882c-4175-9643-bcb658430600
http://www.wikidata.org/entity/Q183862,metalcore,62f88295-0605-4ce8-958b-2e0063ece47e
http://www.wikidata.org/entity/Q185162,Latin rock,b07b5eec-c7f0-4529-a876-e0dd6b350084
http://www.wikidata.org/entity/Q185676,fado,2fb0a213-28f9-4e67-bb02-3df6d396d2de
http://www.wikidata.org/entity/Q18324847,Kievan chant,d3d1cff6-9c61-4f64-8530-b01e0999f07e
http://www.wikidata.org/entity/Q186170,doom metal,db815815-60fe-44a3-9859-2232df479dc9
http://www.wikidata.org/entity/Q18342587,tropical house,fb56e5c9-2063-4664-9293-b4aa369d5286
http://www.wikidata.org/entity/Q18345375,Latin music,7369bb8b-3399-4180-8cb2-4e37e0e7b0e7
http://www.wikidata.org/entity/Q18358879,outsider house,09a7573a-1bf2-4f8e-aadb-b582780746a0
http://www.wikidata.org/entity/Q1715700,Jùjú music,bf595ed7-9288-4228-8ccc-7e196547aa03
http://www.wikidata.org/entity/Q18432631,neurohop,669f7533-2739-48a7-a46c-d67bf3295dd5
http://www.wikidata.org/entity/Q188534,grindcore,093149ea-d1bc-4f93-bd5a-8fdcd055ea2f
http://www.wikidata.org/entity/Q188539,glam metal,818134e3-9392-4624-a13c-c4b19c54bccd
http://www.wikidata.org/entity/Q188994,drum and bass,462f9321-6103-49c9-b6db-96219bce6f62
http://www.wikidata.org/entity/Q1730388,Western swing,60e19df0-99e8-4863-be31-7ec7e5c98c7a
http://www.wikidata.org/entity/Q1736883,kwela,e889e516-07ac-4a51-a958-d51bbb5b3a8f
http://www.wikidata.org/entity/Q207841,étude,ff3c81ef-f053-4e9f-918a-79acd13afdb2
http://www.wikidata.org/entity/Q21059341,cumbia pop,a5cdc5ff-1626-4155-8fb1-64a672722ba3
http://www.wikidata.org/entity/Q199415,ziglibithy,0fbb1075-eb40-408d-8825-0e5552d468f6
http://www.wikidata.org/entity/Q21327441,bluegrass gospel,01a2c709-21ce-404d-b338-14bc389ac753
http://www.wikidata.org/entity/Q220535,verbunkos,0be95ed4-29dc-4afb-b889-7af59cc721f7
http://www.wikidata.org/entity/Q201405,Renaissance music,54a4ff47-c153-4337-8a0c-c6e3a4ee9aa9
http://www.wikidata.org/entity/Q202930,reggaeton,bb14fb18-af6b-4547-9130-47fc4b208f48
http://www.wikidata.org/entity/Q202925,tribal house,57159d7c-faa8-4266-abe1-7504e312fc88
http://www.wikidata.org/entity/Q205560,trip hop,45eb1d9c-588c-4dc8-9394-a14b7c8f02bc
http://www.wikidata.org/entity/Q206159,psychedelic rock,146ef761-5ad9-48b4-b0b3-483104f7da48
http://www.wikidata.org/entity/Q207591,Romantic music,bdebe8fd-c5b6-4b89-bb2a-ece612f1caa7
http://www.wikidata.org/entity/Q207683,canzona,eebae268-bfeb-47e5-b99f-35e8dda2d27e
http://www.wikidata.org/entity/Q208341,pasodoble,5ca92d4c-1d4e-4964-be1b-8e1fd60c15a6
http://www.wikidata.org/entity/Q208494,industrial metal,d4df54b5-67b4-4fb7-8f73-79e71717a501
http://www.wikidata.org/entity/Q209137,post-rock,0bfffa19-4e4a-4bf7-bf53-6ec44f0a2f8e
http://www.wikidata.org/entity/Q209498,2 tone,18797864-41b0-4602-8241-adbee761774c
http://www.wikidata.org/entity/Q210216,concerto grosso,b295cc86-8799-49aa-991b-8ba215314832
http://www.wikidata.org/entity/Q210854,ars nova,6de58694-aabd-4600-9cd8-095e724a86c8
http://www.wikidata.org/entity/Q211573,garage rock,b7bb11c3-bb83-4047-af65-1e8aba89039f
http://www.wikidata.org/entity/Q211723,speed metal,13b9a3d0-cadd-483d-9bf5-9c2b32a946a7
http://www.wikidata.org/entity/Q211756,dance-pop,b739a895-85ed-4ad3-8717-4e9ef5387dd8
http://www.wikidata.org/entity/Q11821942,polonaise,b1f9224b-23b8-448b-bc8e-bead292379a6
http://www.wikidata.org/entity/Q212688,dub music,c72a5d45-75a8-4b35-9f48-67e49eb4b5e5
http://www.wikidata.org/entity/Q212944,klezmer,06eeec6e-f389-4783-b601-909bb10bd04e
http://www.wikidata.org/entity/Q213121,new age music,6c76d9ec-0924-4fc9-bb22-91a695ca09d6
http://www.wikidata.org/entity/Q213149,viking metal,fc736acd-9413-4b86-b8d4-47e9ce61d561
http://www.wikidata.org/entity/Q213572,Neue Deutsche Härte,28f8cf28-d1d6-4df9-8bee-ab0c6a9f0721
http://www.wikidata.org/entity/Q213714,bluegrass music,a1a7b40d-f6e6-48c1-a5fc-b15af73d7381
http://www.wikidata.org/entity/Q214981,theme and variation,1b1a2518-44a9-482e-a8c1-25be4b74f8aa
http://www.wikidata.org/entity/Q19754215,cante alentejano,3d4956f9-b8b7-4190-8561-441c8e17c0c4
http://www.wikidata.org/entity/Q1973457,seguidilla,c4a47240-a16d-4cd8-abd7-8f10a28e38c8
http://www.wikidata.org/entity/Q19820570,ma'luf,6ccef497-ec94-42b3-97a1-4bfc2070e434
http://www.wikidata.org/entity/Q222445,marinera,5777ae30-152d-4baa-ae31-821a352e73f8
http://www.wikidata.org/entity/Q1983750,mainstream hardcore,5b4f9d07-d830-4ee6-8cbb-7e0dccfb7eb0
http://www.wikidata.org/entity/Q1987105,grebo,b9c9a69d-5fc2-4317-b25d-5a96c8c9478a
http://www.wikidata.org/entity/Q1987980,breakstep,e98e563c-afaa-4e38-9fc8-c46a35c98b9d
http://www.wikidata.org/entity/Q217191,soft rock,7d0c6a6b-5d56-4b1e-a8c7-e32194f246b9
http://www.wikidata.org/entity/Q1989725,nigun,b32ff90e-9ebe-4b3c-90a6-70a1745b203d
http://www.wikidata.org/entity/Q1990122,Celtic punk,36c0f210-b6c1-4481-bc7c-33de031a4046
http://www.wikidata.org/entity/Q217467,art rock,b7ef058e-6d83-4ca4-8123-9724bff4648b
http://www.wikidata.org/entity/Q1995569,thrashcore,e8a3ec42-4427-4365-8180-f1e05b46459e
http://www.wikidata.org/entity/Q1995980,new rave,041b2388-b2d7-4fd9-a3cd-fa49e3195089
http://www.wikidata.org/entity/Q19938910,synthwave,19565d07-8460-4773-8d54-149208a61bb4
http://www.wikidata.org/entity/Q2000173,Gnawa music,e44125f6-b60a-4b23-bb57-cb7aad35990d
http://www.wikidata.org/entity/Q2004156,industrial hip-hop,5f216b90-4ed2-4297-a243-d623db4c8235
http://www.wikidata.org/entity/Q220528,Rebetiko,1c49631f-2329-4c65-967d-1852de2a9dfb
http://www.wikidata.org/entity/Q220830,surf music,6a325db6-8c10-44e1-b17a-b7c8dda50546
http://www.wikidata.org/entity/Q20016116,salsa choke,bec0194d-b9ec-4c82-86fd-4a390ec06d61
http://www.wikidata.org/entity/Q20021059,future house,593ac826-8e72-4544-abc1-53192b683751
http://www.wikidata.org/entity/Q21684437,rumba,190bba5b-909f-4501-9a00-f96969983459
http://www.wikidata.org/entity/Q21684437,rumba,3e67417c-f58d-43dc-a696-9b889b24641a
http://www.wikidata.org/entity/Q221772,acid jazz,7dc2b20f-3953-4874-b9bf-41b8ba06d20c
http://www.wikidata.org/entity/Q2022163,Southern gospel,d8a2d193-431d-418c-9ec5-69be9fa60f79
http://www.wikidata.org/entity/Q20047305,Melbourne bounce,ffb5811c-7e3c-4807-82ef-4caec5167344
http://www.wikidata.org/entity/Q221934,narcocorrido,54008cd9-7725-482b-a2ed-1d31a0d54517
http://www.wikidata.org/entity/Q216961,Eurodance,e9a67960-9b49-4967-a1c9-c26360e9c612
http://www.wikidata.org/entity/Q2028627,orchestral song,a2258f38-67cf-4245-b135-1bfa92cbd754
http://www.wikidata.org/entity/Q2035976,Nintendocore,e44d6214-36b7-4c2f-b143-ad51c96fa972
http://www.wikidata.org/entity/Q2036172,pizzica,fd86e927-260e-4d2c-ac38-fbf800a26c60
http://www.wikidata.org/entity/Q2043175,hyphy,0822d395-7bf7-4b43-b944-54c4457f76c1
http://www.wikidata.org/entity/Q2047814,Palingsound,3e61a9eb-4bd3-4d0a-b59c-89847d5554ec
http://www.wikidata.org/entity/Q211025,march,6036174f-0320-4901-a4da-6c4621bb2418
http://www.wikidata.org/entity/Q203775,swing,063d0461-1e12-4246-87bf-69c5ca611cc2
http://www.wikidata.org/entity/Q217295,mass,de77d1c8-eae4-41f2-930c-91efd9979915
http://www.wikidata.org/entity/Q213608,beatboxing,33354c9b-2d74-440a-89c3-d4c311a3a8fb
http://www.wikidata.org/entity/Q226887,noh,bb59451e-9d55-49ea-a555-8e2a1a6d5ae1
http://www.wikidata.org/entity/Q227036,zouglou,ac46ed29-ceb7-43fc-9d6d-9f3aa6638068
http://www.wikidata.org/entity/Q202287,overture,0a7624fd-25b3-4153-b804-e99f49d8bf15
http://www.wikidata.org/entity/Q2076779,bubblegum dance,17ea7898-10ff-4c48-8729-3a077f6eb75e
http://www.wikidata.org/entity/Q223840,hardstyle,4a74a604-f702-424c-984f-93c5b04360ea
http://www.wikidata.org/entity/Q212952,boogie-woogie,310c2c5c-38a7-49ce-9d24-6f27e22bd203
http://www.wikidata.org/entity/Q2082572,liquid drum and bass,f1eaf2fd-46de-4ee3-81b8-5c064a33ce82
http://www.wikidata.org/entity/Q2084353,electronicore,f9720c77-3574-4fe8-823b-c290b117222e
http://www.wikidata.org/entity/Q2087267,laïko,13a4b543-46d4-4cb8-85a1-1ef3a8a81e8f
http://www.wikidata.org/entity/Q2089511,death-doom,2bd1ff1a-777d-4c5c-a1cb-92792adcf10c
http://www.wikidata.org/entity/Q2090023,piano rock,34cd43be-4711-4e77-a25c-c6d6a4bf3cb4
http://www.wikidata.org/entity/Q208239,salsa,717f442d-59d1-4349-a14e-c4874acd3509
http://www.wikidata.org/entity/Q20427333,ketuk tilu,e32aa6be-e8aa-425a-950e-8478690cc45d
http://www.wikidata.org/entity/Q2097664,Indorock,fde4b353-2d97-4b57-af38-e7c53efa84f3
http://www.wikidata.org/entity/Q227045,zouk,34d6235e-91cd-452f-95fb-2f8ce6508471
http://www.wikidata.org/entity/Q213665,K-pop,b74b3b6c-0700-46b1-aa55-1f2869a3bd1a
http://www.wikidata.org/entity/Q2104067,jazz pop,c88a8b97-ba4b-4d45-916f-4c4a779ccd89
http://www.wikidata.org/entity/Q203720,rockabilly,f1a053eb-61bb-448a-964d-35784c4ae8c1
http://www.wikidata.org/entity/Q212024,spirituals,3482aedc-8ad9-4e8f-b69f-3803b148ed5f
http://www.wikidata.org/entity/Q212148,prelude,6c49e84a-e75d-43d7-95c9-2509774ac060
http://www.wikidata.org/entity/Q2111784,production music,5a56d32f-81e4-4301-be70-4a060ab3b4a0
http://www.wikidata.org/entity/Q215911,serenade,df716de8-bf3a-47df-8fed-c412ff21d4e1
http://www.wikidata.org/entity/Q236913,space rock,532dcf83-5641-446d-b007-51292b401650
http://www.wikidata.org/entity/Q216860,Lied,6077a563-2935-4c77-ae93-f6a97ddf9d08
http://www.wikidata.org/entity/Q2121992,drumfunk,4dbca7ea-9bea-4c14-a819-cefa071127fc
http://www.wikidata.org/entity/Q20716146,rasteirinha,4347ec28-f2ba-41bf-95ed-144e0447e663
http://www.wikidata.org/entity/Q2138543,doina,2a66dc44-b53e-4b54-a09e-0b4a7dd62ed0
http://www.wikidata.org/entity/Q2138639,Levenslied,6882d709-c05a-44fb-9614-45124384fc17
http://www.wikidata.org/entity/Q2142754,choral symphony,e691c13f-22a4-466b-99e1-0d9983e58f67
http://www.wikidata.org/entity/Q217597,electro,60f00d05-df4d-496e-8f5a-c45c03a56ad4
http://www.wikidata.org/entity/Q211781,free jazz,3c31635b-a5a7-44eb-ab9d-4bbde11da2d4
http://www.wikidata.org/entity/Q2159891,chopi timbila,530fa580-cb71-4226-8325-3946b011c3e1
http://www.wikidata.org/entity/Q2164565,holy minimalism,619cc010-2e43-418f-8f4e-4a69b8a53e12
http://www.wikidata.org/entity/Q2181965,freeform hardcore,0d7ed299-9a8b-4819-ba00-9a188a8f57e8
http://www.wikidata.org/entity/Q21000514,rawstyle,0b81f6b8-dfa3-41c8-9e3f-a21ad44e1011
http://www.wikidata.org/entity/Q4181927,technoid,995834dd-a1a0-4514-ae51-8af2be62f1d1
http://www.wikidata.org/entity/Q98528293,mod,f5ce6b81-b277-4a23-ba23-2e1e2a7e51ac
http://www.wikidata.org/entity/Q3357584,ʻōteʻa,85015508-d15d-46b3-8755-1fd1a8cd09d5
http://www.wikidata.org/entity/Q136206036,cosmic country,1a50d4ac-49d5-4615-8995-caa7388afa2a
http://www.wikidata.org/entity/Q136206123,nustyle,573829f4-9caf-456e-a383-33fda8aa5d9a
http://www.wikidata.org/entity/Q2693142,techno body music,72b2e254-8ec9-4244-b1be-911a683ae0ff
http://www.wikidata.org/entity/Q135840551,shoor,7204cef3-6608-4696-af7e-bd40db94e569
http://www.wikidata.org/entity/Q98528143,post-minimalism,435ca3eb-0191-48d7-97ca-d45ba7b0f915
http://www.wikidata.org/entity/Q136335965,loner folk,4868b2f6-5074-47fc-a260-03e6a8f37f63
http://www.wikidata.org/entity/Q136348971,terror plugg,76cc31a4-e45f-4cf4-9d8d-421be773333e
http://www.wikidata.org/entity/Q97942949,C86,17cee13b-8725-43d1-a52a-6786933c0166
http://www.wikidata.org/entity/Q3141879,huaylarsh,cdce176c-1b0e-4f67-b9c3-d418ecb52306
http://www.wikidata.org/entity/Q111804002,deep drum and bass,dd674bd2-6bff-4d94-8aa2-8f6d30fdfcd2
http://www.wikidata.org/entity/Q136537479,jawaiian,f90dd322-5bb1-494d-b379-16e7ef275fb6
http://www.wikidata.org/entity/Q136539124,liquid riddim,9fa9b59a-43cd-42d5-bdc5-af4be786d9b3
http://www.wikidata.org/entity/Q135369460,bacardi,5144fcc9-6cc7-471f-ab78-565e57b77192
http://www.wikidata.org/entity/Q136653467,sissy bounce,bb38a7c9-2f6e-4a3b-8208-90f6be952c4d
http://www.wikidata.org/entity/Q136653443,chamamé tropical,17c23b0c-37c7-40e2-b6bc-844b410abd30
http://www.wikidata.org/entity/Q136696186,frapcore,17fa1ba8-3731-46d6-8467-df41dfdd5cf8
http://www.wikidata.org/entity/Q1362878,Neue Deutsche Todeskunst,0e5cd439-5448-426e-bab8-c8492676521c
http://www.wikidata.org/entity/Q135553474,autonomic,a0dd9bdd-ee29-4b68-8a4d-f6f308074538
http://www.wikidata.org/entity/Q2225757,Christian hardcore,3984bfdc-007e-4e78-8854-75377aa97946
http://www.wikidata.org/entity/Q25458248,bantengan,cc2b350c-3609-4959-b885-a4e8b6217c92
http://www.wikidata.org/entity/Q12845743,symphonic mugham,a91703b7-ccbf-4000-8db0-de573fe3429b
http://www.wikidata.org/entity/Q98528141,acoustic Texas blues,1fe1e0e3-b1fd-4b56-ab97-5a0517341579
http://www.wikidata.org/entity/Q98528142,electric Texas blues,567040ee-90a1-4da9-9697-f49e31603898
http://www.wikidata.org/entity/Q98528149,electro-disco,f6cd97fb-7c7c-483e-9f98-e5c0abe1b1b2
http://www.wikidata.org/entity/Q98528178,chamber folk,f0c26658-95b8-46b8-b167-fdc9a659465b
http://www.wikidata.org/entity/Q98528183,free folk,1b92a7f2-3229-47ac-9b18-40c66775775e
http://www.wikidata.org/entity/Q98528207,Celtic new age,fff215c1-bded-4749-9d44-d29bf44c6be4
http://www.wikidata.org/entity/Q98528203,experimental big band,2a28fbf5-52e2-436f-a048-b2be3b00d987
http://www.wikidata.org/entity/Q98528158,purple sound,c2d62074-781e-4e00-8c80-4be8147a7d4a
http://www.wikidata.org/entity/Q98528139,tribal ambient,94bd08a1-367d-49ad-a9f5-6db1c08f196a
http://www.wikidata.org/entity/Q98528171,minimal synth,ada97e23-fc67-462e-ae4f-dc24a93d723a
http://www.wikidata.org/entity/Q98528181,nueva canción española,92af9346-1a9a-42ed-9ca4-4b62d7449de1
http://www.wikidata.org/entity/Q98528292,atmospheric sludge metal,a592dfc6-b601-4347-a060-a78ffabe4a8e
http://www.wikidata.org/entity/Q98528204,spiritual jazz,b37ceb94-0e7b-4d60-bcb1-662148b75a92
http://www.wikidata.org/entity/Q98528290,garage rock revival,8875a441-7b19-4729-9a02-89525ad84574
http://www.wikidata.org/entity/Q98528291,heavy psych,3bc3d7dd-2bc5-4848-a9ef-4b67c6f7c6f9
http://www.wikidata.org/entity/Q98528260,maqāmic music,3e298bf0-de7b-4d66-ac14-b8f82e379291
http://www.wikidata.org/entity/Q98528253,pop reggae,125f8214-a25d-4047-a96e-0fee46d30716
http://www.wikidata.org/entity/Q98528236,tradi-moderne congolais,7a037a49-90c8-45b4-9a5c-6d5c9f43b299
http://www.wikidata.org/entity/Q98528264,slack-key guitar,266f3930-a0a9-4f96-8327-9b866debd043
http://www.wikidata.org/entity/Q98528482,abstract hip-hop,e009a9c2-c20c-40d9-9bb6-4e098676ea9c
http://www.wikidata.org/entity/Q136908587,Houston sound,49c1c15a-1e98-4325-8b88-adc56b353027
http://www.wikidata.org/entity/Q8345377,chimayche,ccd3d9d9-a5d6-43c5-b328-dae1aeeb9c36
http://www.wikidata.org/entity/Q136933450,son de pascua,c2946cce-9f1b-40a5-be48-1c4c786c829c
http://www.wikidata.org/entity/Q48810672,English Pastoral School,200df348-5dff-408f-9679-b9d4df4aebfd
http://www.wikidata.org/entity/Q2880274,baqashot,dcec1fd1-2b8b-43cc-aa45-f67f051ff8ff
http://www.wikidata.org/entity/Q973150,mandopop,489cf2f9-0edd-4fbc-aa05-ae248706cb3e
http://www.wikidata.org/entity/Q2891357,zemirot,4880e6af-9ac0-409a-b4de-fa8ea388a08a
http://www.wikidata.org/entity/Q1810546,Turkish folk music,0b2a4765-d422-4063-9651-387c5230eaa2
http://www.wikidata.org/entity/Q1145867,cururu,906549d7-85b9-48c6-b4b8-702d9c01fa98
http://www.wikidata.org/entity/Q976802,tumba francesa,24d32ead-f5b6-49d1-9fef-1bd91812fee6
http://www.wikidata.org/entity/Q4745477,American gamelan,5bcd2de1-8606-41ce-afa6-4f3e53f215e8
http://www.wikidata.org/entity/Q137171613,doble paso,6e1509e6-4b37-4fee-a8b4-93ccaba6547e
http://www.wikidata.org/entity/Q5794686,cumbia salvadoreña,9d93cb70-7696-40a7-ada3-f6904be8a369
http://www.wikidata.org/entity/Q2165184,drinking song,ee7acd50-498e-4d20-b6b5-eb66875c9428
http://www.wikidata.org/entity/Q2936886,cantèra,64e715d5-598b-4d5f-9166-2f68a7467012
http://www.wikidata.org/entity/Q106577108,hard beat,2d663a70-d823-4d21-a755-2c91cb039eea
http://www.wikidata.org/entity/Q988502,sutartinė,d5dff60a-1362-46d2-9c19-654964335b77
http://www.wikidata.org/entity/Q98528299,Liedermacher,fe7250f1-aff0-457e-a92b-faa0ddb7012c
http://www.wikidata.org/entity/Q137442001,pumpcore,156557a7-d3fe-4dfc-9129-256b3237cfa4
http://www.wikidata.org/entity/Q137442003,spamwave,3886bfdd-a9ef-4790-915e-d3ce4aad3787
http://www.wikidata.org/entity/Q2976236,classic rag,5e87aa2e-e212-43cb-b4ab-e706518f9e91
http://www.wikidata.org/entity/Q3417531,ragtime song,6471bf77-ea5f-4446-ba17-2e1e9971383f
http://www.wikidata.org/entity/Q4207331,musok eumak,f6eb3f68-a017-4a36-ad72-e2d941fd122d
http://www.wikidata.org/entity/Q997481,bubblegum music,6fd83b83-9b63-47fa-a208-5f9e762f40ab
http://www.wikidata.org/entity/Q98528252,deejay,0de2f24b-96ba-4358-8daf-b10ce0b2f2d2
http://www.wikidata.org/entity/Q722989,Hungarian folk music,ee022b9f-8e02-4e90-b855-41d60cb1bcc3
http://www.wikidata.org/entity/Q3791697,chopper,44c86fca-a84b-4967-abea-a3b5757c19b7
http://www.wikidata.org/entity/Q11487510,string quartet,2e2fd576-dfa8-4e8e-9537-31c996a45953
http://www.wikidata.org/entity/Q133520038,J-euro,3246236f-45aa-4637-a510-1cbbd338616f
http://www.wikidata.org/entity/Q19708376,frat rap,05299eea-f2bd-4de0-bc7f-1ab62d24947d
http://www.wikidata.org/entity/Q4993817,military cadence,0c7e242a-ce78-4b34-becd-7b1a91529a0b
http://www.wikidata.org/entity/Q5000356,Burra katha,13c4ef77-3050-40d4-a5c4-0c752b80d696
http://www.wikidata.org/entity/Q4735603,Alpini song,948034ab-1e31-4d5b-b447-71eb53c611ca
http://www.wikidata.org/entity/Q627181,industrial folk music,b60cd443-b387-4a4c-98cd-2e5bb592089d
http://www.wikidata.org/entity/Q135493744,melodic bass,2fa3bd85-9165-4773-b807-5ea5937cbee0
http://www.wikidata.org/entity/Q135493769,psychploitation,4cd06da9-cccb-4e3a-ad7b-b41e06959e23
http://www.wikidata.org/entity/Q135493776,wa euro,51d1862f-6f48-4660-8669-f3bb1bc06a15
http://www.wikidata.org/entity/Q2178442,paramaribop,34983571-5e75-4a91-93c6-be77cdbdf239
http://www.wikidata.org/entity/Q4208567,kai,bf6e759d-4d1c-44df-bd3f-0b4ebc971ef7
http://www.wikidata.org/entity/Q6132088,son nica,708dcae5-59e7-4018-9692-bd1aafc0d0e1
http://www.wikidata.org/entity/Q96870628,concerto for orchestra,99a5cadf-4c04-430e-9ffb-29fae682e125
http://www.wikidata.org/entity/Q30587784,progressive metalcore,9db3c90f-43d5-4cd7-9282-cd21ac7c8db9
http://www.wikidata.org/entity/Q11331157,beat rock,186a4056-03d6-4fa5-a987-fd8d680960a8
http://www.wikidata.org/entity/Q2611143,early hardstyle,e967b751-d919-445d-93f7-2902168cbe31
http://www.wikidata.org/entity/Q9302696,mafioso rap,a115aea0-3fa8-410d-b8de-4106d79e4858
http://www.wikidata.org/entity/Q2064394,worldbeat,497e03b3-68fd-405b-bce3-16f89177adc0
http://www.wikidata.org/entity/Q97169418,hanmai,b440457c-962b-4fdd-afc5-449644098142
http://www.wikidata.org/entity/Q97178866,batidão romântico,38345d21-80bd-48a0-b0bf-b0fb35cdfe2a
http://www.wikidata.org/entity/Q97181439,arrocha funk,c3be4ef7-9d5a-417f-850c-bbbaf7ecfa24
http://www.wikidata.org/entity/Q135965645,concertina band,274ce69b-c59a-4f10-be71-5ee63d523b4c
http://www.wikidata.org/entity/Q3296779,Taoist music,ca34c281-956f-4b62-bdf6-79aa75129c86
http://www.wikidata.org/entity/Q97265899,lofi hip-hop,d92aaf30-5941-4a65-b741-d9d48c80772a
http://www.wikidata.org/entity/Q97277483,New Jersey sound,f2c19c14-82b2-4e99-a84b-c14fe39d4362
http://www.wikidata.org/entity/Q97278139,brega funk,719e578f-ebc9-4d47-bb40-14bd222900ed
http://www.wikidata.org/entity/Q136031262,haozi,019526df-0501-4825-980d-d60be8a2e4bc
http://www.wikidata.org/entity/Q135437342,microfunk,ba7ff630-3168-4b9e-9d05-094943af8d50
http://www.wikidata.org/entity/Q236932,acid rock,ef063b60-3206-466c-a7d8-7d317fcdf9fc
http://www.wikidata.org/entity/Q2360319,kujawiak,3c21ef4e-49b7-49fb-b653-156cad11764b
http://www.wikidata.org/entity/Q251192,downtempo,cc38aba3-48ed-439a-83b9-f81a34a66598
http://www.wikidata.org/entity/Q252626,jota,9f9398b7-61fb-4bb2-a3a9-a426fc7a64f4
http://www.wikidata.org/entity/Q2238236,Christian hip-hop,0db33693-8ae5-4749-af7a-20895395dc82
http://www.wikidata.org/entity/Q253918,melodic death metal,5eeb0431-8160-40a7-ae44-c2ad01fed156
http://www.wikidata.org/entity/Q254890,nova cançó,e38d2694-912f-4ad6-a0be-93e01577f6d3
http://www.wikidata.org/entity/Q255406,jazz rap,6061fb1b-d733-4643-a3d4-940c9a5e2ab8
http://www.wikidata.org/entity/Q2256407,hip-hop soul,e031ab53-f85c-4d6a-a932-4000666e54de
http://www.wikidata.org/entity/Q2489759,football chant,411327f1-5ba6-46f9-bdfe-04424dee8748
http://www.wikidata.org/entity/Q2260696,progressive trance,6bd228be-3374-4c4e-bc0a-46779fafe8f1
http://www.wikidata.org/entity/Q2261628,chopped and screwed,8a2e8d9c-3402-4e83-b35d-a23e8016461a
http://www.wikidata.org/entity/Q253137,rock opera,baaf713d-1e4e-459e-a058-60d89ce1f9df
http://www.wikidata.org/entity/Q2265295,coon song,c0224cf0-33fc-44c7-8073-b074424cfb6b
http://www.wikidata.org/entity/Q2265866,brutal death metal,12d11d01-cecc-4f9b-8d3a-99e4590952fe
http://www.wikidata.org/entity/Q2266376,boogie rock,f07bf7f4-1b55-42ea-8c4d-9906fce84cdf
http://www.wikidata.org/entity/Q2268922,cowpunk,ac4806f4-b2a8-43e8-8014-4f2bd9d64dad
http://www.wikidata.org/entity/Q2278881,shima-uta,4c3e1630-a1c6-458b-b135-fe8440e8fc6b
http://www.wikidata.org/entity/Q2280273,mod revival,d7bed65c-06c4-4d3e-9cdf-3612728f9059
http://www.wikidata.org/entity/Q2280497,country pop,2de61e9c-de1d-47c8-999d-5b44c0cfeca1
http://www.wikidata.org/entity/Q2281409,dance-rock,2c473395-9cd5-465d-8d85-c308de067c04
http://www.wikidata.org/entity/Q2195355,futurism,dc59f92c-2353-428d-ac92-81c1de23ac07
http://www.wikidata.org/entity/Q2296495,garage punk,fd5bea65-15ef-44c4-83fb-ba15013b3596
http://www.wikidata.org/entity/Q2299060,vocalese,5578942a-9ef8-4361-b473-daee384b301b
http://www.wikidata.org/entity/Q23925185,pilón,65785a84-5993-46c8-85af-1b7ebf0bc240
http://www.wikidata.org/entity/Q2302695,tech trance,ec039eb4-e175-44af-82ed-f152349eca35
http://www.wikidata.org/entity/Q2307786,huayno,4007fdfd-f036-4ba8-8021-f7763037fc26
http://www.wikidata.org/entity/Q263734,nu metal,bbad9cda-bde2-448e-821c-7ebf85a54020
http://www.wikidata.org/entity/Q264289,sophisti-pop,d13290c7-581a-4aa7-85ad-450b35261bf8
http://www.wikidata.org/entity/Q2344635,Merseybeat,c979d6c8-fa9e-47c3-86d6-754a7f89ea18
http://www.wikidata.org/entity/Q2324411,geek rock,26eac6f1-bcf8-499c-82a6-ef0f13cb054c
http://www.wikidata.org/entity/Q24885387,juke,36cdb9a1-a19e-4c8f-a887-c451e71cca46
http://www.wikidata.org/entity/Q2336819,operatic pop,dc9637d5-d505-4fc8-9841-8c4fd41fa056
http://www.wikidata.org/entity/Q2343562,coldwave,6f411023-a59f-4546-b8a3-ae8127911cec
http://www.wikidata.org/entity/Q267287,Dunedin sound,0bc15cf0-7c55-45ea-a6fb-930a33e2bbcf
http://www.wikidata.org/entity/Q268253,neo soul,286f9168-9c46-4e41-94a1-1aa4aeb93b8c
http://www.wikidata.org/entity/Q2350507,stochastic music,145a615a-b310-4c62-8ecc-39539556cb41
http://www.wikidata.org/entity/Q2362669,kwassa kwassa,b8c663f7-9f1d-46af-8eb9-ddafcadf1758
http://www.wikidata.org/entity/Q2365784,fidget house,60cbcb55-852b-4329-9392-30a697802b71
http://www.wikidata.org/entity/Q2374619,UK hardcore,45cac621-cb2d-49a9-90b8-0472b8fbd864
http://www.wikidata.org/entity/Q271802,symphonic poem,9bcd245f-6644-41a9-901d-9697e2e1f0a9
http://www.wikidata.org/entity/Q272167,shoegaze,a4012b2e-5c27-4f81-8781-9ae5998d882c
http://www.wikidata.org/entity/Q2385862,progressive psytrance,050ec099-b9b5-4f5d-82fa-2238a8c9c650
http://www.wikidata.org/entity/Q26473,Gregorian chant,711668e0-53bd-4268-8db0-92cfdd255eda
http://www.wikidata.org/entity/Q2389651,children's music,6d76ba14-94f3-4677-a153-9263f8d50f95
http://www.wikidata.org/entity/Q2396005,Iavnana,406b102c-7d9f-4e9f-85b1-1decdfe0c14e
http://www.wikidata.org/entity/Q2396639,Florida breaks,81c66c55-2790-4dfb-9954-d8b07477700e
http://www.wikidata.org/entity/Q274401,oi!,221ff39c-4521-49e3-ab52-e4dde85efd1e
http://www.wikidata.org/entity/Q2406633,broken beat,cf9daa9d-74e2-4eff-b0eb-7269bbca6501
http://www.wikidata.org/entity/Q2406900,twoubadou,edec5ac6-b124-49fe-ad29-6a015ce5b0cf
http://www.wikidata.org/entity/Q2332751,avant-garde music,b1c0c2ad-e5ae-4bb6-a1be-d66e195fd2d7
http://www.wikidata.org/entity/Q2420447,trova,2227647c-a849-40d1-9ba8-24c2cc01c411
http://www.wikidata.org/entity/Q2426383,crunkcore,03ea79fb-02a5-46e3-914b-49ca5dd67a86
http://www.wikidata.org/entity/Q2428625,dubstyle,1954b2c1-2a6c-4d3c-8256-ae0343c1b7ba
http://www.wikidata.org/entity/Q2447797,Cape Breton fiddling,340e3fe3-bb82-467d-9d10-ea2ebbfc8350
http://www.wikidata.org/entity/Q2407862,Americana,2c765e49-a12e-45eb-b628-f8b9cc0a0250
http://www.wikidata.org/entity/Q2452152,dark psytrance,9e70bec0-18b3-4bcd-b96c-1a607661f3b8
http://www.wikidata.org/entity/Q2461933,sunshine pop,68b80b55-c919-4258-ac7a-55fb6c927ed9
http://www.wikidata.org/entity/Q2464314,brega,26cac57c-af02-4f60-829b-2c2cfc66bb66
http://www.wikidata.org/entity/Q2465085,ambient house,cc2327cf-88a3-476b-950c-296c382eabd9
http://www.wikidata.org/entity/Q281111,ghazal,e8afd324-9781-4dcb-9bac-31277de2db7b
http://www.wikidata.org/entity/Q2484587,onkyokei,1e661112-612a-487a-a3de-180816200eab
http://www.wikidata.org/entity/Q24876318,drumstep,685717fe-3d0d-4d99-a4bf-1b9d89112de2
http://www.wikidata.org/entity/Q2497323,suomisaundi,f60ce167-04a0-4b17-ba82-57e481c5e858
http://www.wikidata.org/entity/Q2500734,meykhana,b024cd1e-a0a1-4546-b030-6187506b5ee4
http://www.wikidata.org/entity/Q283405,punta,feab181e-3181-47c8-ab31-67501b94e083
http://www.wikidata.org/entity/Q24935256,Candombe beat,98c1efff-ea21-470e-9e40-e19f6dff1211
http://www.wikidata.org/entity/Q2509521,Peruvian waltz,3285e667-bbff-41ff-9d35-2893b931fc48
http://www.wikidata.org/entity/Q2516031,sawt,651adf42-f54d-4d86-8109-1babc7a83830
http://www.wikidata.org/entity/Q2521569,soul blues,83730b31-acac-49c5-b636-4f66231f8e23
http://www.wikidata.org/entity/Q2525544,Celtic metal,09abb62f-526c-408f-bfbb-6793eb1864bb
http://www.wikidata.org/entity/Q2526653,mainstream rock,caec8f8d-d862-4b62-9942-5622c2c18446
http://www.wikidata.org/entity/Q2743,musical play,ff6d73e8-bf1a-431e-9911-88ae7ffcfdfb
http://www.wikidata.org/entity/Q2532274,Volkstümliche Musik,2c07a4f6-e74d-49c6-8062-4b2d40a09c02
http://www.wikidata.org/entity/Q2532560,djent,2c63c5f4-280d-466c-bcd1-7905a4795d5b
http://www.wikidata.org/entity/Q2404568,freak folk,8103927c-5f4b-4bbc-9d8c-7a1241d2bab8
http://www.wikidata.org/entity/Q25099840,Afrobeats,b8793fdb-bbc8-4418-a6f8-05eafbbe07ef
http://www.wikidata.org/entity/Q25093633,tsapiky,54f634c3-4a8b-46ba-9953-ed61108afa18
http://www.wikidata.org/entity/Q25094849,art pop,930ef127-3653-4677-9b95-ecc90c7c1a14
http://www.wikidata.org/entity/Q25099691,neon pop-punk,2228bcbf-78ca-424a-bf37-9cfa1566d82e
http://www.wikidata.org/entity/Q2545135,noise pop,1208a8e7-e5bd-4891-9f81-9a9fdfceeb39
http://www.wikidata.org/entity/Q2551540,punk blues,3f0727c4-b2e6-4c3c-b28c-f207dd2ec51a
http://www.wikidata.org/entity/Q2572585,pop rap,da2fc3b4-b97d-491a-ac0f-8a731bee7237
http://www.wikidata.org/entity/Q25230739,mahraganat,0d3a94db-97f8-492a-8e8e-5861d9815f0f
http://www.wikidata.org/entity/Q282131,merengue,3f5f955d-f505-484a-b397-d0bf0760d8f3
http://www.wikidata.org/entity/Q25339674,harana,42b69b3e-26df-4287-9243-c0af7e228217
http://www.wikidata.org/entity/Q25345818,hypnagogic pop,c0dccaaa-171d-4355-b5c6-10ae392c1087
http://www.wikidata.org/entity/Q25389262,progressive breaks,93b7938a-ff65-4eae-8b95-4301ce161b27
http://www.wikidata.org/entity/Q25448883,pagode baiano,c22b6f3c-b9ae-4759-8a10-9e35d2cdc463
http://www.wikidata.org/entity/Q22908553,future bass,e254f865-58ea-4483-9b2f-1bc65febcd71
http://www.wikidata.org/entity/Q25554481,punk music,8cc9b280-230b-4a3a-b1e2-8acab0744dd3
http://www.wikidata.org/entity/Q27190,proto-punk,048a85aa-0713-40af-915f-7e34937ee23c
http://www.wikidata.org/entity/Q22949256,aita,50cc5641-b4f9-40b7-bf7a-6d903ac6c1c5
http://www.wikidata.org/entity/Q22964975,black MIDI,ed4813b3-3187-4319-b458-e3de48de694b
http://www.wikidata.org/entity/Q245296,zydeco,498229df-4956-4ed7-91f7-a9d4b1877af1
http://www.wikidata.org/entity/Q22991878,chamber pop,f0843e91-c025-4dd7-8aef-6fe3d35470d9
http://www.wikidata.org/entity/Q25683514,Qaraami,33a31cc3-6339-4166-bec4-e5cba3fe6ab9
http://www.wikidata.org/entity/Q241662,groove metal,1a85800e-945e-4a9d-824e-dbd21ca15757
http://www.wikidata.org/entity/Q2278063,bomba,bfcda809-1a59-49a5-abe9-e51d26ac8594
http://www.wikidata.org/entity/Q2187392,alternative dance,8301f73c-9166-4108-bfeb-4fd22dc19083
http://www.wikidata.org/entity/Q28949059,depressive black metal,8b6f2489-4f8a-4bff-80d6-9f39ef672493
http://www.wikidata.org/entity/Q2798694,marabi,f7867ec2-4d4a-4241-9c39-21ac1860f0ec
http://www.wikidata.org/entity/Q325397,indietronica,9e7ae1de-d5f2-46a5-b105-11c7367dc70d
http://www.wikidata.org/entity/Q325504,electronic rock,c4a69842-f891-4569-9506-1882aa5db433
http://www.wikidata.org/entity/Q327547,cool jazz,5fc86669-d9ba-4716-8090-eff39081090e
http://www.wikidata.org/entity/Q2812726,banda music,f04fc239-2da9-4bf2-82d6-f54137bd80bd
http://www.wikidata.org/entity/Q329385,schottische,e69499c5-3577-4d67-bc8b-68e7e0df8841
http://www.wikidata.org/entity/Q2842043,atmospheric drum and bass,1e215463-ccf8-413a-b281-bd83ed2246bb
http://www.wikidata.org/entity/Q331810,colindă,ef7e40c5-e00f-487b-a86c-0228e63fea57
http://www.wikidata.org/entity/Q2891921,batuque,079859da-bc3d-43d1-89bf-2f59baaabc04
http://www.wikidata.org/entity/Q2863648,arrocha,c874cd28-1d84-43f5-bccf-9fbfd9258111
http://www.wikidata.org/entity/Q2866725,Balearic beat,2df69460-a03a-4557-8b0f-0bf95b8b0d36
http://www.wikidata.org/entity/Q2867170,assiko,6ef74f46-c687-439e-9057-26804ebfe558
http://www.wikidata.org/entity/Q3071,punk rock,bd7e1d40-43b1-4ba5-97b3-05b891466962
http://www.wikidata.org/entity/Q339906,happy hardcore,bd477a3e-9235-4597-9ce5-3caa994baef7
http://www.wikidata.org/entity/Q341395,acid techno,ba64013e-27bb-4f14-a530-8d25b296e0da
http://www.wikidata.org/entity/Q341396,acidcore,4bcbf8f0-e8bc-403c-93d4-cf2b4385cecd
http://www.wikidata.org/entity/Q2879826,baila,4aef3530-955f-4e0b-b366-45f1f64eacc0
http://www.wikidata.org/entity/Q2879962,baião,8baa6f41-4b0a-476b-9b38-fcb296f07fd1
http://www.wikidata.org/entity/Q2738469,tumba,8e17124b-12e6-4f7d-b56b-7a243691a62d
http://www.wikidata.org/entity/Q320592,Krautrock,ba318056-9ddf-46cd-8b95-61fc993b962d
http://www.wikidata.org/entity/Q26906566,Beat poetry,e60a0c34-fb01-4434-a835-a9167f136fe9
http://www.wikidata.org/entity/Q29480448,industrial techno,39b5ca66-873c-4a3d-94a3-3d31176b545e
http://www.wikidata.org/entity/Q2909943,novelty piano,0b71848f-8dff-4658-8f2a-b21e4d9a05e2
http://www.wikidata.org/entity/Q2913982,trap music,9a339aa8-a0e5-450c-95a7-b11517bb508f
http://www.wikidata.org/entity/Q2915789,gwo ka,08965af5-99e4-49f1-a531-9003c72746c9
http://www.wikidata.org/entity/Q2929369,bélé,56c3e042-67ee-47c5-95fe-021b6f89cce4
http://www.wikidata.org/entity/Q2932658,cadence-lypso,e05ce570-eb7a-4037-9391-3ac34a8033f9
http://www.wikidata.org/entity/Q2936879,repente,6b9254d5-cb21-4605-b3b1-19262a06d716
http://www.wikidata.org/entity/Q2956171,chanson réaliste,7232f728-cc2d-4e55-8504-2e230860b422
http://www.wikidata.org/entity/Q2956176,chanson à texte,5ac95ee1-e4ea-48fa-b87a-3ced0ecab745
http://www.wikidata.org/entity/Q2956240,Gallican chant,9797a1de-8ba6-492c-be4f-0739209bc6b5
http://www.wikidata.org/entity/Q2956164,Quebec chanson,0d9335ad-25ed-465e-8321-69e6b96e7cd2
http://www.wikidata.org/entity/Q2956246,Mozarabic chant,b04c4c80-a4fa-400f-af1a-13525ea1ea0c
http://www.wikidata.org/entity/Q2961766,Algerian chaabi,998efb76-2f98-41c8-8c5f-74c32e405e9f
http://www.wikidata.org/entity/Q2961759,Moroccan chaabi,540c4f34-e4d6-4847-9949-8005e669f411
http://www.wikidata.org/entity/Q2963621,chillstep,5bc51167-b526-4c78-948b-6e4b3f003b75
http://www.wikidata.org/entity/Q2707688,plainsong,f1934903-1841-42bf-90e7-302359efeb30
http://www.wikidata.org/entity/Q2748817,ghetto house,75ddea23-a5f4-466c-951c-900d45fc352c
http://www.wikidata.org/entity/Q2982341,coladeira,b5a9b721-6fbd-46ae-a229-ddd5ca8487d7
http://www.wikidata.org/entity/Q2991840,snap music,e58ffd6d-e8c2-4cae-9068-099a7c2d601c
http://www.wikidata.org/entity/Q2995521,contenance angloise,9140a1ef-2a69-4af3-90fa-0ef760e5c887
http://www.wikidata.org/entity/Q2997058,melodic black metal,74ed98e0-d2f4-4d34-9a51-0c18c1303726
http://www.wikidata.org/entity/Q2998920,country soul,06e51963-e18c-4372-8962-96a0afe5a831
http://www.wikidata.org/entity/Q27345019,bass house,2d5cd6af-6195-4d12-9788-9a9b03ac0a12
http://www.wikidata.org/entity/Q3008122,cyber metal,d55fda19-1d73-4d55-9449-17ad0c18489f
http://www.wikidata.org/entity/Q3008180,cybergrind,bda9a65b-1434-402a-bd66-01ce8c155f0c
http://www.wikidata.org/entity/Q29973057,gqom,51183839-ce7a-4d3b-9e04-78bd9de8c8d5
http://www.wikidata.org/entity/Q2583965,duma,19f910d1-3e50-42c1-8bbd-37f7bf0234ad
http://www.wikidata.org/entity/Q3025242,pimba,d8c35e80-2249-4731-b5bc-6c4c92428342
http://www.wikidata.org/entity/Q284543,ethereal wave,348a3ac2-4cad-4c93-8b3d-ec595ba60f80
http://www.wikidata.org/entity/Q290869,son montuno,7f0d2b34-d0ea-4ab5-a169-934f131bc40c
http://www.wikidata.org/entity/Q2599472,blackened death metal,f976d48b-965e-4fe9-aaa6-105aab988c7c
http://www.wikidata.org/entity/Q2603965,piano blues,e671e0de-b37d-4a49-8bb3-7fec87f49975
http://www.wikidata.org/entity/Q2607836,freakbeat,1fb25dfa-0c71-4ecb-9ae8-560474d9413b
http://www.wikidata.org/entity/Q2608506,space disco,0e0b8d87-7a4c-44d1-a279-1076782af19f
http://www.wikidata.org/entity/Q2608710,muqam,31b6ac6a-0279-448d-a1aa-d687ababf39f
http://www.wikidata.org/entity/Q2610186,al jeel,0f8d3ff4-8cda-42c4-b462-10352cd01606
http://www.wikidata.org/entity/Q2612458,rigsar,8fa73cb2-b708-4cbf-976d-7634fd426988
http://www.wikidata.org/entity/Q2614533,British folk rock,5ac64352-db68-4fc2-9f4a-c434349657d3
http://www.wikidata.org/entity/Q29252685,trikiti,72f893ef-d7c0-4227-840b-bfe64607af14
http://www.wikidata.org/entity/Q2626684,chillwave,18d52a87-bbbf-42f0-8338-189c8c314523
http://www.wikidata.org/entity/Q28055053,Q-pop,23190de4-9051-4512-b87e-bfbdf25c6985
http://www.wikidata.org/entity/Q28070612,blackened crust,f506ff63-b4a0-471f-b6d0-c6adf45286e6
http://www.wikidata.org/entity/Q2634010,acid breaks,c755b4da-de34-4d64-909a-9447833315ce
http://www.wikidata.org/entity/Q2639210,Nederbeat,2bb22fbe-860f-4101-814e-e0c1346585fc
http://www.wikidata.org/entity/Q2640307,hardstep,f4553b2c-ef41-4d1c-ae02-7145202465b8
http://www.wikidata.org/entity/Q2641862,Abhang,6e319459-3520-4079-8755-d8c9f35ce78e
http://www.wikidata.org/entity/Q2657409,skacore,7aabc697-7c79-4f12-bb6f-ee5d70298a3f
http://www.wikidata.org/entity/Q28206879,Brill Building,8c5defb4-95b6-42f6-bfee-8791f670f3a8
http://www.wikidata.org/entity/Q2662148,Celtic rock,4ca72caf-956f-4b36-bab2-cf5d9a7b6549
http://www.wikidata.org/entity/Q28219760,descarga,396d532a-19e2-47da-9f05-f98ff961407d
http://www.wikidata.org/entity/Q2687544,power electronics,18527512-634e-48bb-81b2-6bfcf1818b95
http://www.wikidata.org/entity/Q2697917,go-go,6a84e9c9-87e8-423a-8c14-6d176d2a26b8
http://www.wikidata.org/entity/Q28401204,alternative folk,0b48a36c-630f-4ee7-8cf3-480e3dd8be65
http://www.wikidata.org/entity/Q28401124,yacht rock,6d39ad19-fbd6-407b-baf3-ad6ad46a5518
http://www.wikidata.org/entity/Q310871,lowercase,449e6224-5a56-4146-9463-3feda95a5f15
http://www.wikidata.org/entity/Q2702280,Italo house,0abc808d-5d95-4839-8d60-f48ca244d68a
http://www.wikidata.org/entity/Q324617,tarantella,00b4ef05-f026-420c-8850-18d8d6665268
http://www.wikidata.org/entity/Q2706919,country rap,9eb1c5f6-fa0a-495b-beb6-aba292fd3bbe
http://www.wikidata.org/entity/Q2707994,Catalan rumba,92eb009d-ddeb-4004-9ad6-3fd3a9785d9a
http://www.wikidata.org/entity/Q2710523,ragga jungle,7aae791f-dfff-4910-b133-ba1b9e9c1560
http://www.wikidata.org/entity/Q28458027,hardbass,d3a28fe9-40f8-47d7-8fe9-b741307f5b49
http://www.wikidata.org/entity/Q2715283,Gypsy punk,4ab0dfbd-1c0b-45e6-8cb8-3acf78a3bd77
http://www.wikidata.org/entity/Q2715398,plena,9605c40d-cb3a-4301-8be2-90e929357572
http://www.wikidata.org/entity/Q28490034,hipco,55f2165a-7e94-4954-8fd1-87183645e4a1
http://www.wikidata.org/entity/Q2722134,lavani,0c0ceed4-48a7-42d4-969b-fcce5879e7f6
http://www.wikidata.org/entity/Q307054,schranz,23b9af26-1442-4dd9-8b40-a0db8a22e149
http://www.wikidata.org/entity/Q2726026,konpa,cbb6cb49-6671-46ba-8d35-c5f703d881a3
http://www.wikidata.org/entity/Q2737175,mélodie,0a85eddc-6edc-420e-9062-2e67f8b5ba40
http://www.wikidata.org/entity/Q2738113,funeral doom metal,20d04371-4b82-41be-9a56-fd0833d99a85
http://www.wikidata.org/entity/Q2738178,zamacueca,2de05713-08b6-4d65-951a-5ac6383c8a7d
http://www.wikidata.org/entity/Q2738544,Mizrahi music,930bbe39-fe59-47ab-b8d3-7ededb0dcfde
http://www.wikidata.org/entity/Q2742436,porn groove,4b54fc95-a9ad-4681-afcb-44b8c070db74
http://www.wikidata.org/entity/Q2743435,psychedelic soul,8e30c7c0-f268-4138-9aff-1403e07eb2c6
http://www.wikidata.org/entity/Q2746831,quiet storm,27b1c4a7-07f9-4dee-9362-b16530b5c73a
http://www.wikidata.org/entity/Q341364,acid house,54c01942-22fd-4184-9877-1db0089b18f1
http://www.wikidata.org/entity/Q28746819,bedroom pop,cdb61215-4e59-4102-9f42-8ebf0f1db41b
http://www.wikidata.org/entity/Q2907328,African blues,7f1133a5-0d7b-43e6-b238-7dbf2a7de1e2
http://www.wikidata.org/entity/Q26234147,Afro trap,243975aa-1250-4429-8bd3-97080af44cf7
http://www.wikidata.org/entity/Q3217069,landó,6abada7c-9459-4d50-ba02-586844be4d28
http://www.wikidata.org/entity/Q31836693,jungle terror,0ed0c455-55ef-4acd-8a9e-d3350fbcb3c2
http://www.wikidata.org/entity/Q31837446,dark jazz,fd7b5582-e69c-40ad-90b1-d31db33be612
http://www.wikidata.org/entity/Q38656,jazz-funk,f3c43ae8-839a-4523-b295-cfa4eba6c911
http://www.wikidata.org/entity/Q38848,heavy metal music,a6719055-99c4-47eb-beaa-71081f2376f9
http://www.wikidata.org/entity/Q359607,paghjella,3b0ff4eb-eaef-47f3-9877-00f3bcab5605
http://www.wikidata.org/entity/Q37073,pop music,911c7bbb-172d-4df8-9478-dbff4296e791
http://www.wikidata.org/entity/Q362515,electrotango,b4d22964-4640-474e-a86a-0bdac986ca87
http://www.wikidata.org/entity/Q367751,pachanga,bbe70cad-e184-42e5-9b90-e14438ba4363
http://www.wikidata.org/entity/Q41343,post-metal,e214700e-dae1-4b69-81e9-276e4e88fa32
http://www.wikidata.org/entity/Q43343,folk music,a91eed3a-fdd0-494e-ade0-95ea4117f6eb
http://www.wikidata.org/entity/Q370515,new wave of British heavy metal,feddf74e-576b-40d6-8896-a7f66f331e48
http://www.wikidata.org/entity/Q370778,twee pop,35709b28-c4d0-4019-b6ca-2eca017344b5
http://www.wikidata.org/entity/Q3419744,rara,847595c4-61d9-4399-a68f-872e30cb76b2
http://www.wikidata.org/entity/Q371745,timba,6b8e3c88-add3-4b27-b2ec-a2135edf6e95
http://www.wikidata.org/entity/Q372103,electronic body music,f3818817-6235-48d5-82f7-b223eb0261d9
http://www.wikidata.org/entity/Q33160145,ambient pop,2cdcecfe-3e7c-4055-ab34-78eceabe4d9b
http://www.wikidata.org/entity/Q3482281,visa,ee5490d6-845d-4980-b3d7-cd7efa49ebba
http://www.wikidata.org/entity/Q3032090,Salegy,9fdf0204-4d5f-4dae-82fd-c36c49fb67cc
http://www.wikidata.org/entity/Q3032212,diva house,a6e22eba-5f6f-4042-befa-a6c881eec0e2
http://www.wikidata.org/entity/Q3046632,easycore,a437d67e-493d-4933-85b7-1c3e0c170d96
http://www.wikidata.org/entity/Q3048168,mákina,79719082-6fda-4461-ba89-c923d155cc45
http://www.wikidata.org/entity/Q3053954,new flamenco,57ab94f1-8407-45d5-a9d4-16c339bd86f0
http://www.wikidata.org/entity/Q3056538,Latin house,14e05f33-e086-4232-8e62-ef4b2ae05c38
http://www.wikidata.org/entity/Q3062629,extratone,6d588e79-30b0-4f8c-9924-d4a951d60aef
http://www.wikidata.org/entity/Q3066180,bouncy techno,6804f401-50a8-4e7a-9094-278c80c2ebed
http://www.wikidata.org/entity/Q3069904,porro,2251832b-c7a8-464e-b0bc-374ffbffdd21
http://www.wikidata.org/entity/Q3075498,Honkyoku,bfc4294e-6815-4664-a176-8083e5e47e91
http://www.wikidata.org/entity/Q3080963,nagauta,db22cff9-df8e-4a6a-83f2-a8093bf6c488
http://www.wikidata.org/entity/Q3083000,kan ha diskan,4b22710f-968d-45af-9b6c-24061eed9974
http://www.wikidata.org/entity/Q3084222,hard techno,ed2e5e6b-2af6-4c7c-a9fb-e2e886bfda38
http://www.wikidata.org/entity/Q3089524,huapango,d043bf3b-dfd6-4112-bd38-267f1b67cd11
http://www.wikidata.org/entity/Q40461,bachata,b413acf5-112a-4d44-a61f-9abe28f0dfac
http://www.wikidata.org/entity/Q3090876,funaná,dd1c765a-f220-412b-82c2-0a1ee33ca2d1
http://www.wikidata.org/entity/Q3091180,shashmaqam,37a64068-189d-4c13-aebb-62c4ac03cb11
http://www.wikidata.org/entity/Q3106448,zamba,51e68066-0c41-433b-8b89-8fc66fd8e11a
http://www.wikidata.org/entity/Q3108920,glitch hop,aa3215ae-28e6-4993-908e-ed3807e1ce54
http://www.wikidata.org/entity/Q3117305,group sounds,77f8d0ee-059a-4420-9ac7-84890730ae2a
http://www.wikidata.org/entity/Q30324607,Ethiopian chant,ddab0084-13c2-4664-ba99-060b62002e94
http://www.wikidata.org/entity/Q3129432,heikyoku,6e8856fb-0a15-4351-ad74-7a1d4cbe7211
http://www.wikidata.org/entity/Q3140141,honky tonk,59b8a806-8bdd-45b5-978a-b5e404c910aa
http://www.wikidata.org/entity/Q3160589,Jaipongan,01bf7fe6-48c6-4c17-be82-a8e06f5b451c
http://www.wikidata.org/entity/Q3163340,Afro-Cuban jazz,cdb11433-1ff1-4c88-be16-717567e1342f
http://www.wikidata.org/entity/Q46046,baroque pop,150eb95a-7739-4fde-a5fe-b62ca576a928
http://www.wikidata.org/entity/Q3179786,sambass,ea1dbc68-c880-4487-8656-6c273acb948e
http://www.wikidata.org/entity/Q3181943,kuda kepang,4d27f1f6-525f-4396-ac53-140136bba9a9
http://www.wikidata.org/entity/Q30594541,hardvapour,35747abe-46a7-4491-b666-66f10abd5683
http://www.wikidata.org/entity/Q3191747,cadence rampa,8da28d3e-6354-4655-8f03-f1ac09bd1612
http://www.wikidata.org/entity/Q3191713,kacapi suling,26892781-f6aa-49ff-84f7-ae3809c96d83
http://www.wikidata.org/entity/Q3192617,kaneka,89559e4a-22ad-43ac-a83d-07189b954a6b
http://www.wikidata.org/entity/Q30632022,synth funk,4dcf868a-cbcb-4969-beff-d75c91d0bd47
http://www.wikidata.org/entity/Q30632442,agbadza,c6d1e78b-ac82-4bb8-89d5-21e3226dc906
http://www.wikidata.org/entity/Q3228974,seto leelo,16c54f1b-96d1-43ba-8d4a-ab4852f5bb64
http://www.wikidata.org/entity/Q3231749,post-Britpop,a493b79c-4072-4371-a14c-446b1027982a
http://www.wikidata.org/entity/Q3274667,campursari,434bda01-7947-4c07-b554-2aed1bea1b21
http://www.wikidata.org/entity/Q3278092,guarania,bd188fb3-f5e4-4777-aa59-80486a193555
http://www.wikidata.org/entity/Q377910,post-hardcore,aec382b7-b635-470c-9051-2f84e0b5ea1e
http://www.wikidata.org/entity/Q379033,arena rock,26af3760-750a-4b5e-a699-78c87697585a
http://www.wikidata.org/entity/Q30895273,Sovietwave,fa50a85d-fb61-441c-84a4-599482e190b6
http://www.wikidata.org/entity/Q30902501,tecnorumba,d8cd64c6-5b28-47e1-a9a2-8766c5388a2a
http://www.wikidata.org/entity/Q30917612,Eurohouse,8f8cbcde-3948-4be5-8bf0-8073f13e4b60
http://www.wikidata.org/entity/Q3305039,malhun,e5f6ce9b-f244-4ced-8a54-3dd42ae32bdd
http://www.wikidata.org/entity/Q3307225,progressive bluegrass,b67e5475-9b31-4772-bc2c-30ed0823a1b7
http://www.wikidata.org/entity/Q3322619,Guaguancó,2cd172f7-d191-4cfd-8c4f-0a648b155fdf
http://www.wikidata.org/entity/Q3322869,Palm Desert Scene,bc1b8c46-5a69-4262-b909-c376f5de491a
http://www.wikidata.org/entity/Q45981,rhythm and blues,31be54b2-4d0c-42df-aa44-c496c7b4c3c3
http://www.wikidata.org/entity/Q3328762,staifi music,7e484407-7a78-48a9-bf2d-586bd2705739
http://www.wikidata.org/entity/Q3328764,Thai pop,9215ff62-a08c-4c04-9fe7-84dbeaa55afe
http://www.wikidata.org/entity/Q3328774,symphonic music,f3fe6570-1e79-4ed5-8eb9-9ed64d631871
http://www.wikidata.org/entity/Q3333303,méringue,17ad0889-088e-4a09-b16e-8f6eb1618b49
http://www.wikidata.org/entity/Q3347093,néo-trad,c51a1fe9-5d12-4d4f-85fc-889c7bcee79f
http://www.wikidata.org/entity/Q3360459,pagode,4bcd6118-46ff-4903-a466-e1485005a3ba
http://www.wikidata.org/entity/Q3365745,parang,453abf01-c366-49f0-aeda-be6c3ad720e5
http://www.wikidata.org/entity/Q31174954,koplo,8040d6f5-c378-4ef3-9d3f-5585a18c5bf2
http://www.wikidata.org/entity/Q3391334,integral serialism,09c0c4a4-20ff-48f1-9632-426f0bac1390
http://www.wikidata.org/entity/Q3397882,progressive pop,489ebed8-1299-4761-ba0b-29d381085f82
http://www.wikidata.org/entity/Q3408409,čalgija,84f1c888-3abd-4840-8fb1-dc21d37881af
http://www.wikidata.org/entity/Q3410882,punto guajiro,d177ab45-b19e-46fd-b358-9504af94f859
http://www.wikidata.org/entity/Q3415943,rabiz,761ffbc8-7223-4106-b6d2-86049c93558c
http://www.wikidata.org/entity/Q3422697,red dirt,9a3ba843-1bdb-4bd9-a662-46a8396768ed
http://www.wikidata.org/entity/Q3453150,Congolese rumba,b4e4bd83-a5e9-47d4-91a4-8baca4b21dc9
http://www.wikidata.org/entity/Q3470688,samba de gafieira,0cacd6c7-be5e-4577-91b9-a82d1063e3ba
http://www.wikidata.org/entity/Q3470692,samba-enredo,3b1a5653-15d9-44d4-88b9-0a4f1d3aba52
http://www.wikidata.org/entity/Q3476798,seapunk,5b544a79-4583-4f5a-a312-bade7eac7201
http://www.wikidata.org/entity/Q3477737,seggae,d046f0ec-8555-460b-9c48-54c3bb6c8f32
http://www.wikidata.org/entity/Q3487358,death industrial,1ff6cfb5-ff2b-415f-86b8-22951db5f72a
http://www.wikidata.org/entity/Q3503814,microsound,299c1b38-5c7b-4dfc-ab3a-f541c936987a
http://www.wikidata.org/entity/Q3509353,fuji music,ff15d4f5-e6d6-4f25-9622-46b9bf4298cd
http://www.wikidata.org/entity/Q3511593,Sufiana kalam,8bf3c587-1cde-4d44-91c4-d2d60e17783a
http://www.wikidata.org/entity/Q3512282,process music,bc9f1bcb-834b-42f7-8303-e62e9437e1a8
http://www.wikidata.org/entity/Q3517436,tembang sunda,18dda576-d72c-42c2-8bb4-538e056ac4b6
http://www.wikidata.org/entity/Q3521984,konnakol,2ab6c422-3a84-41d8-986b-52aa94ad7464
http://www.wikidata.org/entity/Q3525838,quan họ,c9a87aa1-5d32-4174-98dd-0e162a89a2b3
http://www.wikidata.org/entity/Q3531526,tondero,29abdef9-c36c-41e6-a23b-045681e852bb
http://www.wikidata.org/entity/Q3535998,Indian pop,18487371-4890-4e10-be97-9f59da1cec76
http://www.wikidata.org/entity/Q3541635,tsugaru-jamisen,8483ef4e-09f8-4f92-bc69-e20af93bdcb3
http://www.wikidata.org/entity/Q3554510,vanera,2ba2c439-1709-4696-8970-4d31196bbac4
http://www.wikidata.org/entity/Q3559240,neo kyma,d6d14bcf-016c-4b03-9d74-b112f2d97f22
http://www.wikidata.org/entity/Q3570841,xaxado,3456e6ad-a252-4ebe-bc2e-42732b05caa2
http://www.wikidata.org/entity/Q3575673,zoblazo,d5f569e8-acbf-47d5-9ff6-538d41c4a588
http://www.wikidata.org/entity/Q3587612,electroacoustic improvisation,a66b92bb-79dc-48ba-b9c8-bd501b984e2b
http://www.wikidata.org/entity/Q3591962,Ethio-jazz,cc5916e9-4832-453e-88a8-ae0a52434395
http://www.wikidata.org/entity/Q3606268,Afro-rock,41569e0d-9b3f-4ad0-8ddc-85da7cf66e5b
http://www.wikidata.org/entity/Q423918,acousmatic music,0464c047-e7df-4555-a4e0-86c8620b2671
http://www.wikidata.org/entity/Q3613770,ambient dub,9c143ab1-1506-4134-ba40-1660fbad7f51
http://www.wikidata.org/entity/Q4440575,Old Roman chant,bbc4731e-f44c-49d4-94df-e1bcfb39bccd
http://www.wikidata.org/entity/Q3630966,avant-prog,e5abef91-49eb-491c-b0ce-c6dd4e1f2d19
http://www.wikidata.org/entity/Q3656466,cantu a chiterra,255cbc4d-46e6-487d-a63a-bc853647f310
http://www.wikidata.org/entity/Q3658336,New Orleans rhythm and blues,5e869f9e-b7f8-4380-9d03-379ecf68f85c
http://www.wikidata.org/entity/Q4490718,melodic metalcore,4f2cd717-7259-48df-8d0a-c17ccd9203b9
http://www.wikidata.org/entity/Q4490991,progressive country,b612bf3b-65fe-42d0-9a2f-1d90872ccaee
http://www.wikidata.org/entity/Q429264,West Coast hip-hop,149a3524-0fd3-4bdc-9876-0361dfee8908
http://www.wikidata.org/entity/Q4011109,rasqueado,7f427215-ec5a-4c44-b287-ce501c2efa7f
http://www.wikidata.org/entity/Q431415,tejano music,1e6f2b7a-bab4-4194-bd42-d1836ce95650
http://www.wikidata.org/entity/Q438476,alternative country,5f9cba3d-1a9f-46cd-8c49-7ed78d1f3354
http://www.wikidata.org/entity/Q438503,alternative hip-hop,924943cd-73c8-45c0-96eb-74f2a15e5d6e
http://www.wikidata.org/entity/Q3696098,country yodel,ed24e4f2-0632-4634-b08b-ceb8b29872ec
http://www.wikidata.org/entity/Q446241,neo-medieval music,4910de6b-f795-4695-a758-5dcfb664e423
http://www.wikidata.org/entity/Q447962,swing revival,6162d71d-6307-4021-8c50-a9524444f645
http://www.wikidata.org/entity/Q455686,samba reggae,eb367415-e473-460d-b812-3dd20d39f8b0
http://www.wikidata.org/entity/Q458480,neotraditional country,b5220905-bd0a-41d5-b534-ed5401be80c2
http://www.wikidata.org/entity/Q3724735,emo pop,17466ce1-b750-4f75-9341-c68b16531ba3
http://www.wikidata.org/entity/Q3724778,emotional hardcore,1d6489a9-5837-43c9-8155-94a126e8a951
http://www.wikidata.org/entity/Q460674,ska punk,89e34d8e-6562-412f-8da3-d040e159e6cd
http://www.wikidata.org/entity/Q461406,change ringing,369079d2-3b90-4ef0-9ec0-91ab6c4f3af7
http://www.wikidata.org/entity/Q4428744,son cubano,db48f46a-6467-49b0-a6b2-beb059584d9d
http://www.wikidata.org/entity/Q482981,pansori,12758167-7628-4cd0-811d-3d461b31a4be
http://www.wikidata.org/entity/Q466445,American primitive guitar,2eacaaae-8824-49cf-b2c0-f86f5d48055d
http://www.wikidata.org/entity/Q3735422,Bandari music,d213c5c7-2e82-41e7-b281-8725d438424f
http://www.wikidata.org/entity/Q3736603,New Complexity,673be496-4e5b-4043-aef8-345030d7ab9b
http://www.wikidata.org/entity/Q471194,troubadoric poetry,64e446a3-af29-4f40-837b-74dd5b423f05
http://www.wikidata.org/entity/Q474027,dancehall,6c3503e3-bae3-42de-9e4c-7861f2053fbe
http://www.wikidata.org/entity/Q475221,deathcore,d39cbc30-7dc6-4194-8f99-6d35dd602451
http://www.wikidata.org/entity/Q476983,synth-punk,c187da0e-48a0-4de5-b759-4ca2a1503008
http://www.wikidata.org/entity/Q478176,piphat,b697f880-bdf4-4ac7-ae38-21cc95ef20fb
http://www.wikidata.org/entity/Q481900,acid trance,267433bc-721d-4d60-8455-e6ed1e0b922f
http://www.wikidata.org/entity/Q483352,thrash metal,cc4cf136-5690-4ee3-a62b-b172febfe322
http://www.wikidata.org/entity/Q483740,Anatolian rock,a6c36824-e5bc-4db3-b704-44941c9dcdf9
http://www.wikidata.org/entity/Q3752342,frat rock,005eb40f-1f3d-4bd2-a2cd-0923b064a45d
http://www.wikidata.org/entity/Q484179,folk metal,f5b0242a-ede0-4929-9361-4eddeb0516b5
http://www.wikidata.org/entity/Q484344,progressive metal,5c7785e6-a0b4-4441-a1e6-4fd4c0066a5f
http://www.wikidata.org/entity/Q484641,pop rock,797e2e85-5ffd-495c-a757-8b4079052f0e
http://www.wikidata.org/entity/Q485395,gothic rock,d9858aef-25bf-478b-b135-b900aa1f0fd1
http://www.wikidata.org/entity/Q39046042,menzuma,5a8404e6-b00e-4503-bc74-2a2fed24e11f
http://www.wikidata.org/entity/Q39046859,harsh noise wall,344dc18a-b982-49e7-918c-23c7d69fb6ba
http://www.wikidata.org/entity/Q39052425,Midwest emo,e85a2565-d33d-4697-b55b-82803901d1a0
http://www.wikidata.org/entity/Q3807537,orchestral jazz,750f89f0-3a9b-4c15-96fd-899cc4e421c8
http://www.wikidata.org/entity/Q3815106,kidumbaki,083a536e-41b5-4639-9589-fca13ef5dd82
http://www.wikidata.org/entity/Q3840596,dark wave,c4a72fcd-e291-43c8-a546-9ce1764ff31b
http://www.wikidata.org/entity/Q3855113,merenhouse,68bbe7de-b2df-47c2-87c4-19ec6306a92f
http://www.wikidata.org/entity/Q3867028,rōkyoku,cf0da746-de1f-4120-8ef5-8445786908e9
http://www.wikidata.org/entity/Q3868787,muziki wa dansi,a78fa973-0554-40d7-a361-270974a2cd22
http://www.wikidata.org/entity/Q3876770,nightcore,4f2977aa-6943-404a-b8ec-295639ff0adf
http://www.wikidata.org/entity/Q3879286,nueva canción chilena,cbfaa784-71fb-4b24-a86c-654479f99b11
http://www.wikidata.org/entity/Q3889661,marchinha,7e0a5f35-f39d-4c45-9f76-0e2e34caa65c
http://www.wikidata.org/entity/Q430075,maxixe,8053db3d-86e8-4128-8941-d4e5f9e2e350
http://www.wikidata.org/entity/Q3908372,pop raï,8679420c-a3a6-4cf6-896c-ba9a6564eb9f
http://www.wikidata.org/entity/Q3930216,rapcore,2cd7891d-c012-45f1-b1a1-86e34793f7fa
http://www.wikidata.org/entity/Q3931695,gospel reggae,97fc0cf6-15e5-468b-b752-ae195a22d8be
http://www.wikidata.org/entity/Q4400837,Russian romance,ce6e9088-9316-43db-8b4d-ccda4dc9e310
http://www.wikidata.org/entity/Q3963051,smooth soul,d4eafdc7-1a86-422b-b598-79e6bb81745c
http://www.wikidata.org/entity/Q46649,jump-up,5766df26-70b6-45ac-a0e2-cf5f4b1fd1ac
http://www.wikidata.org/entity/Q3980452,talking blues,fc62654d-d99f-48a7-9e00-db99fb5af8bb
http://www.wikidata.org/entity/Q3980643,tammurriata,e02fc980-b842-4979-aa7d-d8803eef08dc
http://www.wikidata.org/entity/Q3981034,tarana,b4ed04e9-3f9c-45b3-acd4-e99e0cbc4625
http://www.wikidata.org/entity/Q3990466,third wave ska,18d6ad2c-83d2-402f-972c-dd75b4b2f34b
http://www.wikidata.org/entity/Q4020968,world fusion,7af339eb-e666-4aa6-a6ca-8444ca573fe0
http://www.wikidata.org/entity/Q4045538,nu-disco,351424dd-91a3-4cf2-9edb-5df647743ec0
http://www.wikidata.org/entity/Q4049849,spacesynth,4e45ed10-6896-4911-8b5d-366f38af0f40
http://www.wikidata.org/entity/Q4056436,bard song,de9595eb-cd33-4993-8b88-05078c77d1b2
http://www.wikidata.org/entity/Q4078107,bard rock,2073df12-7283-4f2c-b616-212cf592e91a
http://www.wikidata.org/entity/Q4083733,Beneventan chant,26685717-e1b6-4b27-991f-8a8f982c19af
http://www.wikidata.org/entity/Q379671,post-grunge,bbb1310c-24cb-4fc9-97c4-f93e4549f1e2
http://www.wikidata.org/entity/Q486263,bossa nova,573a284f-2ae3-4636-af36-10fc1078d295
http://www.wikidata.org/entity/Q382343,Nortec,d41531c8-99c2-4c3c-981d-4ee22ddb9a6f
http://www.wikidata.org/entity/Q383530,afoxê,d2d6de50-4dd8-4838-92ac-aa6d1e600bba
http://www.wikidata.org/entity/Q383615,street punk,c2ca3275-7e83-40cc-8f13-7ccae588144d
http://www.wikidata.org/entity/Q383982,psychedelic pop,2aeb5340-c474-4677-b9a6-35ddac9b6a58
http://www.wikidata.org/entity/Q483251,death metal,eacfa027-2fad-413f-a2f1-80fa43674f0b
http://www.wikidata.org/entity/Q4155078,dark electro,24db3574-7c54-4d9b-b238-8d17eb7e8d63
http://www.wikidata.org/entity/Q388100,Afro house,07041357-bba4-415f-8b9b-5423ae05f907
http://www.wikidata.org/entity/Q388475,Cuban rumba,e63204d4-2906-4829-82f4-84d68c75e367
http://www.wikidata.org/entity/Q4177625,hardcore breaks,6573896e-5e5e-48d9-b030-4cf95e7ac861
http://www.wikidata.org/entity/Q388296,Afrobeat,fcc58a18-9326-4c92-8b29-c294d44379c3
http://www.wikidata.org/entity/Q389372,jeongak,e1a239ca-aad0-4e22-bedd-2d23c8a48a26
http://www.wikidata.org/entity/Q389631,jumpstyle,22253c29-0e14-4463-915e-1e563de4efe1
http://www.wikidata.org/entity/Q388906,hardcore,3308d0b0-3c7f-45e2-b835-5c2a0d433f02
http://www.wikidata.org/entity/Q4215151,samba-canção,77a3669c-d74b-4a08-aa68-d8858bac931a
http://www.wikidata.org/entity/Q4216001,Sinawi,9a3f7361-23e9-4e4e-a041-f8f0a1741c27
http://www.wikidata.org/entity/Q3908370,pop metal,77365c92-f25b-4ed3-8d02-03aae8b6df0e
http://www.wikidata.org/entity/Q485915,trot,7ac6f9bd-a7f3-4e50-97ae-d8028079f546
http://www.wikidata.org/entity/Q49451,progressive rock,ae9b8279-3959-48d8-8a88-741a7f6d4a48
http://www.wikidata.org/entity/Q3622181,tonadilla,2d55d595-ff49-4d53-ad6c-61f5d0734a2f
http://www.wikidata.org/entity/Q464129,mariachi,55fe39b6-1675-42cd-90ac-feeb7362a986
http://www.wikidata.org/entity/Q4349839,chèo,0ad3890f-38bd-4868-9466-c7568d0f145e
http://www.wikidata.org/entity/Q4355815,mahori,43d062e6-ba5f-467d-ba26-f5054762cf91
http://www.wikidata.org/entity/Q4371786,beompae,d73b2574-c62a-4239-a032-54edb66cf60e
http://www.wikidata.org/entity/Q4372158,pop Sunda,f696d3a1-2c11-46f0-834e-2d9659bc173b
http://www.wikidata.org/entity/Q4390945,rautalanka,15d97569-718a-42e6-b740-c80b8aca8de5
http://www.wikidata.org/entity/Q4400125,runo song,6e2e5770-6e2b-4c3e-a123-2047b0058896
http://www.wikidata.org/entity/Q138588714,rabbit song,b5876590-f58e-4582-ba02-976063ea5824
http://www.wikidata.org/entity/Q138617267,agronejo,49fed886-b666-4bdb-9363-c5190571732e
http://www.wikidata.org/entity/Q131481683,mall screamo,30335a76-0814-4202-b8a1-31d8b987e4d8
http://www.wikidata.org/entity/Q17115009,mugithi,0401f5fd-ae88-4b39-a003-a5dfddeb9a7d
http://www.wikidata.org/entity/Q138830160,machine rock,649ab447-fc25-4fb8-98ba-867dc97cac0f
http://www.wikidata.org/entity/Q5515214,gaana,20ca79ad-052d-4171-b0f3-4a29b005187d
http://www.wikidata.org/entity/Q112939200,hot rod music,cfeedbcb-3071-498e-8284-f58506096311
http://www.wikidata.org/entity/Q5500244,free funk,fed27b98-6da1-4a15-b56a-6c1a92d4011a
http://www.wikidata.org/entity/Q105697818,neoromantic music,5b3d7e5d-9c74-4e16-b6cc-18272619fc71
http://www.wikidata.org/entity/Q23637018,hornpipe,dfef2ed3-257f-4246-81a2-5c077c6450c5
http://www.wikidata.org/entity/Q12702016,rock kapak,6d69d421-6547-4039-9ad3-93a8bef0460b
http://www.wikidata.org/entity/Q139488139,dark garage,77aa0d65-8295-469c-a428-92c9055c6ea3
http://www.wikidata.org/entity/Q139565726,séga tambour,5054b150-e6b1-4330-aecc-f08f420e4646
http://www.wikidata.org/entity/Q139566448,concert spiritual,97ab27cc-2991-40aa-932a-3e4eedffc850
http://www.wikidata.org/entity/Q139567721,xtra raw,dbfb70cb-c515-4c6a-be5e-90658444b102
http://www.wikidata.org/entity/Q139567714,neo rave,12730f8b-8c9b-41be-98a4-23cf8882d26f
http://www.wikidata.org/entity/Q140369806,outrun,0e03f72d-0423-4ed1-ab6c-51d5fa3e1bcd
http://www.wikidata.org/entity/Q14546558,neo-bop jazz,d0f5d50f-3a68-4c00-b59d-7f9f363a7af1
http://www.wikidata.org/entity/Q11817196,piosenka aktorska,5493cab0-6ce9-44da-be98-2920dcb88ff9
http://www.wikidata.org/entity/Q139807789,trance 2.0,21326c45-a01b-4438-ac08-fed83d87c423
http://www.wikidata.org/entity/Q11877639,electro trance,cabec35a-16d0-47ff-9c89-398cc481c029
http://www.wikidata.org/entity/Q10367225,samba rap,efedf5ea-8f9b-4db0-9a8a-417738b46912
http://www.wikidata.org/entity/Q108981355,traditional séga,cd839d99-6845-4dea-8956-a487bf7560ef
http://www.wikidata.org/entity/Q5793651,cueca brava,ed4251a7-b135-4402-8c8c-7d64bd4ab4c6
http://www.wikidata.org/entity/Q139907417,música festera,9560ece3-b1b8-416f-9cd8-d7d2bf79d725
http://www.wikidata.org/entity/Q140005978,dreamwave,6fc0962d-52b9-4b38-ae43-26bd4b6af749
http://www.wikidata.org/entity/Q140045099,spiritual art song,e427198e-072f-4b2b-8dbf-f89172a82fd7
http://www.wikidata.org/entity/Q137441035,Chicago polka,82d62fe9-d784-461b-815e-5aac1e2255d9
http://www.wikidata.org/entity/Q137441526,stoner rap,128e37bb-2a2f-4a9a-8716-651f693fb514
http://www.wikidata.org/entity/Q137441533,trap dancehall,b71946b0-fabf-4e02-a00b-ea95ea68ff47
http://www.wikidata.org/entity/Q6754164,Mappila song,ff1daec7-d926-4f6f-a077-4ffb6f8a5eae
http://www.wikidata.org/entity/Q140129045,coplas cajamarquinas,7df22d6a-da66-484c-9543-62cb8c2a7645
http://www.wikidata.org/entity/Q137541541,coke rap,caca7aa8-7c7f-47e0-b2a2-40dd55340b48
http://www.wikidata.org/entity/Q10370216,seresta,a833a00d-97f2-4e2e-be8f-1b4ffc9f2972
http://www.wikidata.org/entity/Q140221083,hardtekk,e9a374e9-aef9-4714-9146-ade77640de5d
http://www.wikidata.org/entity/Q113086512,neo city pop,5aeffaee-63dd-4337-9f7c-9d6d55f3620d
http://www.wikidata.org/entity/Q7855391,Turkish pop,81f71a6c-bb20-41f8-8755-061a57c5d1be
http://www.wikidata.org/entity/Q140369600,keller synth,dc7b3df8-0f8c-4bcd-9daa-8eca53c3e1f9
http://www.wikidata.org/entity/Q140369612,nepali lok geet,b0520e22-a8c9-4c7e-bdfb-b590859849fc
http://www.wikidata.org/entity/Q140369829,pandilla,8b8ed2e9-5eee-45de-b37c-00a7f0d099d2
http://www.wikidata.org/entity/Q137767022,Eastern-style polka,512a2be1-a591-438a-9265-a020934b9f5e
http://www.wikidata.org/entity/Q137799958,sweet jazz,ff89f40f-4e72-4a3d-a7e3-4f95e8034a6e
http://www.wikidata.org/entity/Q133826304,soft visual,6e0ace30-b85c-456a-a424-abf1fcf6cd50
http://www.wikidata.org/entity/Q137900601,pásztordal,7e67109a-b81d-4c3f-9148-e4604c4f86ea
http://www.wikidata.org/entity/Q138081554,slowed & reverb,9ae35448-af12-4405-9618-18369dff558f
http://www.wikidata.org/entity/Q15917095,yanyue,f23f0a08-4561-4efb-b2a7-240c05806151
http://www.wikidata.org/entity/Q5096318,Chicken scratch,b07ca316-9e92-43d6-a6ff-6666e3a822f5
http://www.wikidata.org/entity/Q138314533,boyfriend country,f8d9dbe6-7eaa-4aee-a082-02243b58809e
http://www.wikidata.org/entity/Q138314537,funk consciente,541c4682-6b8e-47c9-8496-bef08400764b
http://www.wikidata.org/entity/Q48723594,Vedic chant,87c7a6b9-058d-4d25-b2d9-4fb7a0f3f956
http://www.wikidata.org/entity/Q4691650,agbekor,b8ae0a3c-5826-4104-9663-fe8f828effa9
http://www.wikidata.org/entity/Q4696445,ahwash,4802e6e4-f403-41d1-8e58-76e5cf4df81d
http://www.wikidata.org/entity/Q4706203,nitzhonot,62065a7f-c26c-4c27-8ac6-707437acd52f
http://www.wikidata.org/entity/Q4741152,ambasse bey,2c2fe37b-2657-47b5-b3a8-e8a4d7be07d0
http://www.wikidata.org/entity/Q48971892,dungeon synth,c89a76aa-2149-499e-946b-8299aa2f4ab3
http://www.wikidata.org/entity/Q4752840,fife and drum corps,49adfa62-f3d8-47ce-90af-5ef37b04508a
http://www.wikidata.org/entity/Q504476,Ciranda,e9d8ba12-8ea7-4a74-92cb-90339765402b
http://www.wikidata.org/entity/Q4763551,Anglican chant,2b6ccba5-24fd-4741-a151-f8da4f1af089
http://www.wikidata.org/entity/Q4789437,Argentine cumbia,31556186-a110-4a3c-8e50-c16b68c183b5
http://www.wikidata.org/entity/Q4797274,art song,a93d203b-7399-4bcb-8600-579a508698d9
http://www.wikidata.org/entity/Q4838724,bachatón,f28daa06-8447-4cdc-bb32-73f6d709252e
http://www.wikidata.org/entity/Q4846346,bassline,8ae6fbbe-2dd0-432e-a176-6678f48dffb4
http://www.wikidata.org/entity/Q4848674,Baisha xiyue,0bc9836a-a845-44b4-bc5e-e321d075e18d
http://www.wikidata.org/entity/Q4848738,baithak gana,b7c9c95e-3153-4cff-917f-b63d4f9abf9a
http://www.wikidata.org/entity/Q4852979,Baltimore club,6889a005-a736-4131-b399-510094d86db0
http://www.wikidata.org/entity/Q4875789,beach music,2808ca51-a7c1-439b-9ea7-53f66917b9f9
http://www.wikidata.org/entity/Q4882148,gamelan beleganjur,b9287de8-064d-4ab6-93e2-ad0b802fc652
http://www.wikidata.org/entity/Q486365,anarcho-punk,e12fe025-4c13-485e-a2fe-ad5bf2cd75eb
http://www.wikidata.org/entity/Q486415,symphonic metal,2a4cae89-5a5a-44b7-9cf8-bf92c38a31dc
http://www.wikidata.org/entity/Q4889602,benna,7e0254b5-a8c1-4ec2-9684-872c416f2902
http://www.wikidata.org/entity/Q487965,industrial music,060beed7-e597-4c42-8e25-5bf8bd5dd3cb
http://www.wikidata.org/entity/Q487914,pop-punk,60e21d01-ce21-4127-86b7-aada79558dab
http://www.wikidata.org/entity/Q4925966,kantrum,7beb296c-76bf-41b7-90e7-7613d167134a
http://www.wikidata.org/entity/Q4936212,bocet,60ecf2bf-63ff-4b9f-b438-967a0f02410c
http://www.wikidata.org/entity/Q4936753,boduberu,44d391f5-84c1-4b33-bf1a-92e3c33deffc
http://www.wikidata.org/entity/Q4937089,boedra,7f5767bd-43f8-43eb-9ddd-51e81607b08e
http://www.wikidata.org/entity/Q4943457,boomba music,b32532d2-0006-49cd-957f-4011e33881d1
http://www.wikidata.org/entity/Q4947422,Bosnian root music,a40ac9d5-aa70-4901-8236-a6b23aa2b6a2
http://www.wikidata.org/entity/Q4949812,bounce music,ccd103a5-bf71-43a2-b715-244a81ac9950
http://www.wikidata.org/entity/Q4950496,bouyon,0f84c39e-ab26-4ad7-aa3b-cc7ac0a3c0de
http://www.wikidata.org/entity/Q4965901,Jersey club,526c7a1e-d9da-4050-a567-be44c3cf1066
http://www.wikidata.org/entity/Q496929,maloya,4c1cfd87-002d-49de-8e88-0f3cbcc090fe
http://www.wikidata.org/entity/Q4969182,Brit funk,3e426ac8-6303-41fe-9493-c7ff9d46b005
http://www.wikidata.org/entity/Q4971442,British rhythm and blues,31e04673-75cd-4ae0-af3c-ad9081e39f5b
http://www.wikidata.org/entity/Q497674,pungmul,db868b8c-08fd-43e3-9269-12a7fc0a7db9
http://www.wikidata.org/entity/Q497957,nueva trova,c5646045-fab8-4121-9c5c-2369c2b629f0
http://www.wikidata.org/entity/Q4993553,ambient trance,b4b397c1-c3e8-4b8b-af20-be6fdac65994
http://www.wikidata.org/entity/Q4996773,bullerengue,4b63ad04-4035-487e-84a9-32de15c16fe3
http://www.wikidata.org/entity/Q502535,morna,99442719-234d-420c-8a17-f3f0d3c856d6
http://www.wikidata.org/entity/Q502658,work song,4d95a70b-1efa-4f8e-9161-781621a2f1a3
http://www.wikidata.org/entity/Q502808,xote,24dc3f46-4f11-4306-ab6c-a7aabeaf51cd
http://www.wikidata.org/entity/Q505343,jongo,0f64f531-9af8-4773-a2dd-8aba7d039cfd
http://www.wikidata.org/entity/Q507246,serialism,16dbea99-8d13-4334-ad14-f956844ca90c
http://www.wikidata.org/entity/Q5058545,Celtic chant,8c64d537-dc2b-4f5b-b691-e7edf39c2ba4
http://www.wikidata.org/entity/Q517415,Europop,50e3ff0e-1abb-4577-9bf3-95d5c539ce2d
http://www.wikidata.org/entity/Q5071702,changa tuki,5c1976f4-700b-4737-95a6-fee0fa0a8442
http://www.wikidata.org/entity/Q5072880,chap hop,fbd4f954-6056-4d50-87c0-733519bd79fb
http://www.wikidata.org/entity/Q4940448,bomba,63b600cf-c94e-444e-9578-58083de336a6
http://www.wikidata.org/entity/Q512410,qawwali,ab01fbff-c7da-462a-93a9-71ad62b64d80
http://www.wikidata.org/entity/Q5099460,chimurenga music,0781d3ea-6f06-482c-ab60-90271d13f6ad
http://www.wikidata.org/entity/Q5110317,Christian country music,91748dd2-616c-4ba4-8178-90a08dfc3780
http://www.wikidata.org/entity/Q513357,coupé-décalé,9d966bd4-89d5-4d6a-a408-eeb8c300c426
http://www.wikidata.org/entity/Q5118383,chutney soca,b7262a81-d143-49b0-9653-39308b4e6ba1
http://www.wikidata.org/entity/Q515074,Louisiana blues,effc87e4-295b-40df-b64d-7413dfe67efa
http://www.wikidata.org/entity/Q516568,New Orleans blues,126b5875-8fe4-4e0f-b33a-580aacf40601
http://www.wikidata.org/entity/Q5128236,classic country,9cc9ea3b-e189-4def-9e47-86e9dc643eee
http://www.wikidata.org/entity/Q5141514,coimbra fado,0238b41f-aa88-4217-ab81-2f910b641abf
http://www.wikidata.org/entity/Q5151495,comedy music,119ecf69-7d87-4f63-bc83-2959a0111a55
http://www.wikidata.org/entity/Q5177472,country and Irish,fec14793-817e-4671-afbb-58c13f419c15
http://www.wikidata.org/entity/Q5179572,cowboy poetry,3ab617e2-a0b0-478d-9684-38b76869d5e5
http://www.wikidata.org/entity/Q526463,Detroit techno,88b01b1f-9151-4a1b-a9f7-608accdeaf20
http://www.wikidata.org/entity/Q4851628,ballet,2bc5a478-0f82-4d2f-af42-f862a95c354a
http://www.wikidata.org/entity/Q527675,bambuco,bf75d0be-88f6-4b4e-9eff-6c20d0c07e0e
http://www.wikidata.org/entity/Q5201841,Czech tramping music,9d552a08-e7c1-45e9-bd6a-7e9d3287623d
http://www.wikidata.org/entity/Q5202988,cải lương,ae406dcd-8da9-4ff5-9ee1-71f4165c3128
http://www.wikidata.org/entity/Q529742,boom bap,d8048b43-9edb-4e1a-aa88-bb91fa847d4a
http://www.wikidata.org/entity/Q5215959,dangak,5052f473-3358-44dd-b397-f2b68b9bca30
http://www.wikidata.org/entity/Q5219995,Danmono,5e48886e-fead-450d-8433-8e9f3e3ad3cf
http://www.wikidata.org/entity/Q5276535,Dikir barat,b495112e-d32e-47e5-b0c6-938a5b564f51
http://www.wikidata.org/entity/Q5295546,Dondang Sayang,62a042e0-1a23-43bf-aac4-ea0a607f10a7
http://www.wikidata.org/entity/Q5295946,dongjing,d12980f5-25d5-42f0-b801-c6255d9b1d62
http://www.wikidata.org/entity/Q4841596,baggy,013161b9-3f21-468f-aa1f-28adf1eae085
http://www.wikidata.org/entity/Q4942839,boogie,10fd28e3-51aa-4110-a3dd-032d8a141f99
http://www.wikidata.org/entity/Q502448,coco,e348168e-24f8-4d6a-87ed-b9389934a14a
http://www.wikidata.org/entity/Q489913,bolero,24a95713-041e-4841-880e-55e8790d17b3
http://www.wikidata.org/entity/Q4993367,indeterminacy,8cac332f-48e0-4e20-8a00-6da8b353c3a2
http://www.wikidata.org/entity/Q47781397,EDM trap music,a21ea484-efba-4119-8120-429b26f98728
