genre,genreLabel,parentGenre,parentGenreLabel,inception
http://www.wikidata.org/entity/Q623824,arabesque,http://www.wikidata.org/entity/Q1074080,music of Turkey,
http://www.wikidata.org/entity/Q623904,Andalusi classical music,http://www.wikidata.org/entity/Q2742742,music of Andalusia,1000-01-01T00:00:00Z
http://www.wikidata.org/entity/Q623904,Andalusi classical music,http://www.wikidata.org/entity/Q11400811,music of North Africa,1000-01-01T00:00:00Z
http://www.wikidata.org/entity/Q623904,Andalusi classical music,http://www.wikidata.org/entity/Q107189715,Arabic classical music,1000-01-01T00:00:00Z
http://www.wikidata.org/entity/Q624044,Arabic music,http://www.wikidata.org/entity/Q1503406,music of the Middle East,
http://www.wikidata.org/entity/Q624044,Arabic music,http://www.wikidata.org/entity/Q11400811,music of North Africa,
http://www.wikidata.org/entity/Q624081,Arabic pop,http://www.wikidata.org/entity/Q37073,pop music,
http://www.wikidata.org/entity/Q624081,Arabic pop,http://www.wikidata.org/entity/Q624044,Arabic music,
http://www.wikidata.org/entity/Q624221,Arabic hip-hop,http://www.wikidata.org/entity/Q11401,hip-hop,
http://www.wikidata.org/entity/Q624221,Arabic hip-hop,http://www.wikidata.org/entity/Q624044,Arabic music,
http://www.wikidata.org/entity/Q627181,industrial folk music,http://www.wikidata.org/entity/Q235858,traditional folk music,
http://www.wikidata.org/entity/Q627906,electro house,http://www.wikidata.org/entity/Q20502,house music,1997-01-01T00:00:00Z
http://www.wikidata.org/entity/Q630689,bongo flava,http://www.wikidata.org/entity/Q11401,hip-hop,1995-01-01T00:00:00Z
http://www.wikidata.org/entity/Q630689,bongo flava,http://www.wikidata.org/entity/Q106586248,music of East Africa,1995-01-01T00:00:00Z
http://www.wikidata.org/entity/Q632393,archaic jazz,http://www.wikidata.org/entity/Q8341,jazz,
http://www.wikidata.org/entity/Q638569,fanfare,http://www.wikidata.org/entity/Q3328676,music of Europe,
http://www.wikidata.org/entity/Q640097,electric blues,http://www.wikidata.org/entity/Q9759,blues,1945-01-01T00:00:00Z
http://www.wikidata.org/entity/Q641318,medieval folk rock,http://www.wikidata.org/entity/Q186472,folk rock,1972-01-01T00:00:00Z
http://www.wikidata.org/entity/Q641357,avant-garde metal,http://www.wikidata.org/entity/Q12326776,metal music,1985-01-01T00:00:00Z
http://www.wikidata.org/entity/Q642760,Tulsa sound,http://www.wikidata.org/entity/Q3437802,American rock,
http://www.wikidata.org/entity/Q642983,manele,http://www.wikidata.org/entity/Q20825943,Balkan pop-folk,1995-01-01T00:00:00Z
http://www.wikidata.org/entity/Q643684,jukebox musical,http://www.wikidata.org/entity/Q2743,musical play,
http://www.wikidata.org/entity/Q645992,music of Argentina,http://www.wikidata.org/entity/Q727781,music of Latin America,
http://www.wikidata.org/entity/Q645992,music of Argentina,http://www.wikidata.org/entity/Q5645984,music of South America,
http://www.wikidata.org/entity/Q646026,Argentine rock,http://www.wikidata.org/entity/Q11399,rock music,
http://www.wikidata.org/entity/Q646026,Argentine rock,http://www.wikidata.org/entity/Q645992,music of Argentina,
http://www.wikidata.org/entity/Q646165,trancestep,http://www.wikidata.org/entity/Q188994,drum and bass,2001-01-01T00:00:00Z
http://www.wikidata.org/entity/Q646528,Yugoslav new wave,http://www.wikidata.org/entity/Q187760,new wave,
http://www.wikidata.org/entity/Q646528,Yugoslav new wave,http://www.wikidata.org/entity/Q1522794,music of Yugoslavia,
http://www.wikidata.org/entity/Q646679,Neue Deutsche Welle,http://www.wikidata.org/entity/Q3071,punk rock,1976-01-01T00:00:00Z
http://www.wikidata.org/entity/Q646679,Neue Deutsche Welle,http://www.wikidata.org/entity/Q187760,new wave,1976-01-01T00:00:00Z
http://www.wikidata.org/entity/Q646679,Neue Deutsche Welle,http://www.wikidata.org/entity/Q2743758,music of Germany,1976-01-01T00:00:00Z
http://www.wikidata.org/entity/Q648283,krakowiak,http://www.wikidata.org/entity/Q11822344,Polish folk music,
http://www.wikidata.org/entity/Q648311,Detroit blues,http://www.wikidata.org/entity/Q9759,blues,
http://www.wikidata.org/entity/Q648311,Detroit blues,http://www.wikidata.org/entity/Q2267955,music of the United States,
http://www.wikidata.org/entity/Q649634,progressive folk,http://www.wikidata.org/entity/Q7248857,progressive music,1930-01-01T00:00:00Z
http://www.wikidata.org/entity/Q649634,progressive folk,http://www.wikidata.org/entity/Q106298881,contemporary folk music,1930-01-01T00:00:00Z
http://www.wikidata.org/entity/Q649823,country blues,http://www.wikidata.org/entity/Q9759,blues,1927-01-01T00:00:00Z
http://www.wikidata.org/entity/Q649823,country blues,http://www.wikidata.org/entity/Q1541229,American folk music,1927-01-01T00:00:00Z
http://www.wikidata.org/entity/Q650316,drone music,http://www.wikidata.org/entity/Q572901,minimalist music,1958-01-01T00:00:00Z
http://www.wikidata.org/entity/Q650316,drone music,http://www.wikidata.org/entity/Q1640319,experimental music,1958-01-01T00:00:00Z
http://www.wikidata.org/entity/Q650505,rapso,http://www.wikidata.org/entity/Q1051735,soca music,
http://www.wikidata.org/entity/Q655514,freestyle music,http://www.wikidata.org/entity/Q211756,dance-pop,1982-01-01T00:00:00Z
http://www.wikidata.org/entity/Q655514,freestyle music,http://www.wikidata.org/entity/Q851213,electronic dance music,1982-01-01T00:00:00Z
http://www.wikidata.org/entity/Q655514,freestyle music,http://www.wikidata.org/entity/Q116985035,electronic pop,1982-01-01T00:00:00Z
http://www.wikidata.org/entity/Q659599,art punk,http://www.wikidata.org/entity/Q25554481,punk music,1979-01-01T00:00:00Z
http://www.wikidata.org/entity/Q660984,intelligent dance music,http://www.wikidata.org/entity/Q851213,electronic dance music,1992-01-01T00:00:00Z
http://www.wikidata.org/entity/Q661651,show tune,http://www.wikidata.org/entity/Q1370345,musical theater,
http://www.wikidata.org/entity/Q663519,breakbeat,http://www.wikidata.org/entity/Q851213,electronic dance music,1987-01-01T00:00:00Z
http://www.wikidata.org/entity/Q663833,unyago,http://www.wikidata.org/entity/Q109589714,Ngoma music,
http://www.wikidata.org/entity/Q663979,glee,http://www.wikidata.org/entity/Q2574657,part song,
http://www.wikidata.org/entity/Q665286,luk thung,http://www.wikidata.org/entity/Q6665245,phleng Thai sakon,
http://www.wikidata.org/entity/Q667659,funk metal,http://www.wikidata.org/entity/Q20378,alternative metal,1985-01-01T00:00:00Z
http://www.wikidata.org/entity/Q667659,funk metal,http://www.wikidata.org/entity/Q835891,funk rock,1985-01-01T00:00:00Z
http://www.wikidata.org/entity/Q668657,rock and roll revival,http://www.wikidata.org/entity/Q7749,rock and roll,
http://www.wikidata.org/entity/Q669738,yass,http://www.wikidata.org/entity/Q8341,jazz,1992-01-01T00:00:00Z
http://www.wikidata.org/entity/Q672134,music of France,http://www.wikidata.org/entity/Q106507873,music of Western Europe,
http://www.wikidata.org/entity/Q674684,sevdalinka,http://www.wikidata.org/entity/Q109560218,Bosnian and Herzegovinian folk music,1475-01-01T00:00:00Z
http://www.wikidata.org/entity/Q675553,swamp rock,http://www.wikidata.org/entity/Q1929352,roots rock,1965-01-01T00:00:00Z
http://www.wikidata.org/entity/Q677542,riot grrrl,http://www.wikidata.org/entity/Q3071,punk rock,1990-01-01T00:00:00Z
http://www.wikidata.org/entity/Q681379,New German School,http://www.wikidata.org/entity/Q207591,Romantic music,
http://www.wikidata.org/entity/Q682417,sogak,http://www.wikidata.org/entity/Q116256909,Korean traditional music,
http://www.wikidata.org/entity/Q691771,overtone singing,http://www.wikidata.org/entity/Q685884,vocal music,
http://www.wikidata.org/entity/Q693322,komagaku,http://www.wikidata.org/entity/Q718540,gagaku,
http://www.wikidata.org/entity/Q700423,Austropop,http://www.wikidata.org/entity/Q37073,pop music,1968-01-01T00:00:00Z
http://www.wikidata.org/entity/Q700423,Austropop,http://www.wikidata.org/entity/Q2090712,music of Austria,1968-01-01T00:00:00Z
http://www.wikidata.org/entity/Q700440,Schrammelmusik,http://www.wikidata.org/entity/Q361164,Wienerlied,
http://www.wikidata.org/entity/Q700440,Schrammelmusik,http://www.wikidata.org/entity/Q107819512,German folk music,
http://www.wikidata.org/entity/Q700805,nanguan,http://www.wikidata.org/entity/Q106634987,Chinese classical music,
http://www.wikidata.org/entity/Q703778,neo-psychedelia,http://www.wikidata.org/entity/Q206159,psychedelic rock,1978-01-01T00:00:00Z
http://www.wikidata.org/entity/Q704073,ars subtilior,http://www.wikidata.org/entity/Q163775,medieval music,1360-01-01T00:00:00Z
http://www.wikidata.org/entity/Q704073,ars subtilior,http://www.wikidata.org/entity/Q179465,polyphony,1360-01-01T00:00:00Z
http://www.wikidata.org/entity/Q706468,samul nori,http://www.wikidata.org/entity/Q116256909,Korean traditional music,
http://www.wikidata.org/entity/Q708228,Korean court music,http://www.wikidata.org/entity/Q106586249,East Asian classical music,0900-01-01T00:00:00Z
http://www.wikidata.org/entity/Q708228,Korean court music,http://www.wikidata.org/entity/Q116256909,Korean traditional music,0900-01-01T00:00:00Z
http://www.wikidata.org/entity/Q710425,nakasi,http://www.wikidata.org/entity/Q3868595,music of East Asia,
http://www.wikidata.org/entity/Q710673,aak,http://www.wikidata.org/entity/Q708228,Korean court music,1116-01-01T00:00:00Z
http://www.wikidata.org/entity/Q710917,sanjo,http://www.wikidata.org/entity/Q107000797,Korean folk music,
http://www.wikidata.org/entity/Q716060,music of Korea,http://www.wikidata.org/entity/Q3868595,music of East Asia,
http://www.wikidata.org/entity/Q718540,gagaku,http://www.wikidata.org/entity/Q7832297,traditional Japanese music,
http://www.wikidata.org/entity/Q718540,gagaku,http://www.wikidata.org/entity/Q15614479,East Asian court ceremonial music,
http://www.wikidata.org/entity/Q719927,symphonic rock,http://www.wikidata.org/entity/Q11399,rock music,
http://www.wikidata.org/entity/Q720959,sludge metal,http://www.wikidata.org/entity/Q465978,extreme metal,1992-01-01T00:00:00Z
http://www.wikidata.org/entity/Q338779,accentus,http://www.wikidata.org/entity/Q26473,Gregorian chant,
http://www.wikidata.org/entity/Q339906,happy hardcore,http://www.wikidata.org/entity/Q388906,hardcore,1992-01-01T00:00:00Z
http://www.wikidata.org/entity/Q341364,acid house,http://www.wikidata.org/entity/Q20502,house music,1987-01-01T00:00:00Z
http://www.wikidata.org/entity/Q341364,acid house,http://www.wikidata.org/entity/Q898709,rave music,1987-01-01T00:00:00Z
http://www.wikidata.org/entity/Q341364,acid house,http://www.wikidata.org/entity/Q106528337,acid,1987-01-01T00:00:00Z
http://www.wikidata.org/entity/Q341395,acid techno,http://www.wikidata.org/entity/Q170611,techno,1988-01-01T00:00:00Z
http://www.wikidata.org/entity/Q341395,acid techno,http://www.wikidata.org/entity/Q106528337,acid,1988-01-01T00:00:00Z
http://www.wikidata.org/entity/Q341396,acidcore,http://www.wikidata.org/entity/Q388906,hardcore,1991-01-01T00:00:00Z
http://www.wikidata.org/entity/Q341396,acidcore,http://www.wikidata.org/entity/Q106528337,acid,1991-01-01T00:00:00Z
http://www.wikidata.org/entity/Q352235,Chicago jazz,http://www.wikidata.org/entity/Q1982426,New Orleans jazz,
http://www.wikidata.org/entity/Q354204,Argentine folklore,http://www.wikidata.org/entity/Q645992,music of Argentina,
http://www.wikidata.org/entity/Q354204,Argentine folklore,http://www.wikidata.org/entity/Q98528197,Hispanic American folk music,
http://www.wikidata.org/entity/Q359607,paghjella,http://www.wikidata.org/entity/Q179465,polyphony,
http://www.wikidata.org/entity/Q359607,paghjella,http://www.wikidata.org/entity/Q116414169,Corsican folk music,
http://www.wikidata.org/entity/Q360596,disco house,http://www.wikidata.org/entity/Q20502,house music,
http://www.wikidata.org/entity/Q361164,Wienerlied,http://www.wikidata.org/entity/Q131205623,Austrian folk music,
http://www.wikidata.org/entity/Q362515,electrotango,http://www.wikidata.org/entity/Q851213,electronic dance music,2000-01-01T00:00:00Z
http://www.wikidata.org/entity/Q367751,pachanga,http://www.wikidata.org/entity/Q1544863,music of Cuba,1950-01-01T00:00:00Z
http://www.wikidata.org/entity/Q369820,music of Africa,http://www.wikidata.org/entity/Q3328755,regional music,
http://www.wikidata.org/entity/Q370515,new wave of British heavy metal,http://www.wikidata.org/entity/Q38848,heavy metal music,1978-01-01T00:00:00Z
http://www.wikidata.org/entity/Q370515,new wave of British heavy metal,http://www.wikidata.org/entity/Q116764487,British metal music,1978-01-01T00:00:00Z
http://www.wikidata.org/entity/Q370778,twee pop,http://www.wikidata.org/entity/Q183504,indie rock,1985-01-01T00:00:00Z
http://www.wikidata.org/entity/Q370778,twee pop,http://www.wikidata.org/entity/Q484641,pop rock,1985-01-01T00:00:00Z
http://www.wikidata.org/entity/Q370778,twee pop,http://www.wikidata.org/entity/Q842324,indie pop,1985-01-01T00:00:00Z
http://www.wikidata.org/entity/Q371745,timba,http://www.wikidata.org/entity/Q208239,salsa,1988-01-01T00:00:00Z
http://www.wikidata.org/entity/Q371745,timba,http://www.wikidata.org/entity/Q1544863,music of Cuba,1988-01-01T00:00:00Z
http://www.wikidata.org/entity/Q372103,electronic body music,http://www.wikidata.org/entity/Q851213,electronic dance music,1982-01-01T00:00:00Z
http://www.wikidata.org/entity/Q372103,electronic body music,http://www.wikidata.org/entity/Q936942,post-industrial music,1982-01-01T00:00:00Z
http://www.wikidata.org/entity/Q377185,music of the Netherlands,http://www.wikidata.org/entity/Q106507873,music of Western Europe,
http://www.wikidata.org/entity/Q377910,post-hardcore,http://www.wikidata.org/entity/Q25554481,punk music,1980-01-01T00:00:00Z
http://www.wikidata.org/entity/Q378495,Russian pop,http://www.wikidata.org/entity/Q2498201,music of Russia,
http://www.wikidata.org/entity/Q378495,Russian pop,http://www.wikidata.org/entity/Q117000933,Eastern European pop,
http://www.wikidata.org/entity/Q502535,morna,http://www.wikidata.org/entity/Q188237,music of Cape Verde,
http://www.wikidata.org/entity/Q502808,xote,http://www.wikidata.org/entity/Q899215,music of Brazil,
http://www.wikidata.org/entity/Q503354,Christmas carol,http://www.wikidata.org/entity/Q16684826,paraliturgical music,
http://www.wikidata.org/entity/Q503354,Christmas carol,http://www.wikidata.org/entity/Q21653344,carol,
http://www.wikidata.org/entity/Q503354,Christmas carol,http://www.wikidata.org/entity/Q56572789,Christmas-themed song,
http://www.wikidata.org/entity/Q504476,Ciranda,http://www.wikidata.org/entity/Q502448,coco,
http://www.wikidata.org/entity/Q505343,jongo,http://www.wikidata.org/entity/Q106926325,Brazilian folk music,
http://www.wikidata.org/entity/Q507246,serialism,http://www.wikidata.org/entity/Q65937946,modern classical music,1923-01-01T00:00:00Z
http://www.wikidata.org/entity/Q509901,Memphis blues,http://www.wikidata.org/entity/Q649823,country blues,
http://www.wikidata.org/entity/Q512359,music of ancient Egypt,http://www.wikidata.org/entity/Q18846,ancient music,
http://www.wikidata.org/entity/Q512410,qawwali,http://www.wikidata.org/entity/Q531426,music of India,1450-01-01T00:00:00Z
http://www.wikidata.org/entity/Q512410,qawwali,http://www.wikidata.org/entity/Q1755959,Sufi music,1450-01-01T00:00:00Z
http://www.wikidata.org/entity/Q512410,qawwali,http://www.wikidata.org/entity/Q1770695,Hindustani classical music,1450-01-01T00:00:00Z
http://www.wikidata.org/entity/Q513357,coupé-décalé,http://www.wikidata.org/entity/Q227036,zouglou,2000-01-01T00:00:00Z
http://www.wikidata.org/entity/Q513357,coupé-décalé,http://www.wikidata.org/entity/Q851213,electronic dance music,2000-01-01T00:00:00Z
http://www.wikidata.org/entity/Q515074,Louisiana blues,http://www.wikidata.org/entity/Q9759,blues,1955-01-01T00:00:00Z
http://www.wikidata.org/entity/Q515074,Louisiana blues,http://www.wikidata.org/entity/Q6942158,music of Louisiana,1955-01-01T00:00:00Z
http://www.wikidata.org/entity/Q516568,New Orleans blues,http://www.wikidata.org/entity/Q515074,Louisiana blues,
http://www.wikidata.org/entity/Q517415,Europop,http://www.wikidata.org/entity/Q37073,pop music,1965-01-01T00:00:00Z
http://www.wikidata.org/entity/Q525073,music of Asia,http://www.wikidata.org/entity/Q3328755,regional music,
http://www.wikidata.org/entity/Q526463,Detroit techno,http://www.wikidata.org/entity/Q170611,techno,1984-01-01T00:00:00Z
http://www.wikidata.org/entity/Q527675,bambuco,http://www.wikidata.org/entity/Q920883,music of Colombia,
http://www.wikidata.org/entity/Q527675,bambuco,http://www.wikidata.org/entity/Q2486179,music of Venezuela,
http://www.wikidata.org/entity/Q527675,bambuco,http://www.wikidata.org/entity/Q98528197,Hispanic American folk music,
http://www.wikidata.org/entity/Q529742,boom bap,http://www.wikidata.org/entity/Q11401,hip-hop,1987-01-01T00:00:00Z
http://www.wikidata.org/entity/Q530750,Berlin School of electronic music,http://www.wikidata.org/entity/Q79784514,progressive electronic music,1974-01-01T00:00:00Z
http://www.wikidata.org/entity/Q531426,music of India,http://www.wikidata.org/entity/Q98528267,music of South Asia,
http://www.wikidata.org/entity/Q533914,National Socialist black metal,http://www.wikidata.org/entity/Q132438,black metal,1992-01-01T00:00:00Z
http://www.wikidata.org/entity/Q533914,National Socialist black metal,http://www.wikidata.org/entity/Q121411631,neo-nazi music,1992-01-01T00:00:00Z
http://www.wikidata.org/entity/Q533946,lambada,http://www.wikidata.org/entity/Q899215,music of Brazil,
http://www.wikidata.org/entity/Q534606,swamp blues,http://www.wikidata.org/entity/Q515074,Louisiana blues,1957-01-01T00:00:00Z
http://www.wikidata.org/entity/Q534606,swamp blues,http://www.wikidata.org/entity/Q640097,electric blues,1957-01-01T00:00:00Z
http://www.wikidata.org/entity/Q535328,gaita zuliana,http://www.wikidata.org/entity/Q2486179,music of Venezuela,
http://www.wikidata.org/entity/Q535328,gaita zuliana,http://www.wikidata.org/entity/Q98528197,Hispanic American folk music,
http://www.wikidata.org/entity/Q535402,tropipop,http://www.wikidata.org/entity/Q547137,Latin pop,1998-01-01T00:00:00Z
http://www.wikidata.org/entity/Q539089,third stream,http://www.wikidata.org/entity/Q8341,jazz,1957-01-01T00:00:00Z
http://www.wikidata.org/entity/Q541947,anthem,http://www.wikidata.org/entity/Q484692,hymn,
http://www.wikidata.org/entity/Q542703,melodic hardcore,http://www.wikidata.org/entity/Q10922,hardcore punk,1981-01-01T00:00:00Z
http://www.wikidata.org/entity/Q542971,progressive death metal,http://www.wikidata.org/entity/Q483251,death metal,1991-01-01T00:00:00Z
http://www.wikidata.org/entity/Q542971,progressive death metal,http://www.wikidata.org/entity/Q484344,progressive metal,1991-01-01T00:00:00Z
http://www.wikidata.org/entity/Q544440,Indian film music,http://www.wikidata.org/entity/Q531426,music of India,
http://www.wikidata.org/entity/Q544440,Indian film music,http://www.wikidata.org/entity/Q107736421,soundtrack,
http://www.wikidata.org/entity/Q546206,Miami bass,http://www.wikidata.org/entity/Q11401,hip-hop,1985-01-01T00:00:00Z
http://www.wikidata.org/entity/Q546206,Miami bass,http://www.wikidata.org/entity/Q11787389,club/dance music,1985-01-01T00:00:00Z
http://www.wikidata.org/entity/Q546206,Miami bass,http://www.wikidata.org/entity/Q114880124,US bass music,1985-01-01T00:00:00Z
http://www.wikidata.org/entity/Q546264,beat music,http://www.wikidata.org/entity/Q484641,pop rock,1963-01-01T00:00:00Z
http://www.wikidata.org/entity/Q546359,doo-wop,http://www.wikidata.org/entity/Q45981,rhythm and blues,1930-01-01T00:00:00Z
http://www.wikidata.org/entity/Q547137,Latin pop,http://www.wikidata.org/entity/Q37073,pop music,1970-01-01T00:00:00Z
http://www.wikidata.org/entity/Q547137,Latin pop,http://www.wikidata.org/entity/Q18345375,Latin music,1970-01-01T00:00:00Z
http://www.wikidata.org/entity/Q556959,mbalax,http://www.wikidata.org/entity/Q8030395,Wolof music,1972-01-01T00:00:00Z
http://www.wikidata.org/entity/Q567915,gigue,http://www.wikidata.org/entity/Q118738876,classical dance music,
http://www.wikidata.org/entity/Q572717,music of Jamaica,http://www.wikidata.org/entity/Q108151792,music of the Greater Antilles,
http://www.wikidata.org/entity/Q572901,minimalist music,http://www.wikidata.org/entity/Q65937946,modern classical music,1964-01-01T00:00:00Z
http://www.wikidata.org/entity/Q573484,rocksteady,http://www.wikidata.org/entity/Q572717,music of Jamaica,1966-01-01T00:00:00Z
http://www.wikidata.org/entity/Q574651,anti-folk,http://www.wikidata.org/entity/Q106298881,contemporary folk music,1985-01-01T00:00:00Z
http://www.wikidata.org/entity/Q574784,lauda,http://www.wikidata.org/entity/Q484692,hymn,
http://www.wikidata.org/entity/Q574784,lauda,http://www.wikidata.org/entity/Q3679098,music of Italy,
http://www.wikidata.org/entity/Q574784,lauda,http://www.wikidata.org/entity/Q16684826,paraliturgical music,
http://www.wikidata.org/entity/Q577080,P-Funk,http://www.wikidata.org/entity/Q29025044,psychedelic funk,1974-01-01T00:00:00Z
http://www.wikidata.org/entity/Q577996,descant,http://www.wikidata.org/entity/Q163775,medieval music,
http://www.wikidata.org/entity/Q579955,regueifa,http://www.wikidata.org/entity/Q2281713,cantiga,
http://www.wikidata.org/entity/Q582093,antiphon,http://www.wikidata.org/entity/Q1027114,call and response,
http://www.wikidata.org/entity/Q582093,antiphon,http://www.wikidata.org/entity/Q23072435,chant,
http://www.wikidata.org/entity/Q584752,pornogrind,http://www.wikidata.org/entity/Q1147692,goregrind,1988-01-01T00:00:00Z
http://www.wikidata.org/entity/Q585588,Khaliji,http://www.wikidata.org/entity/Q624044,Arabic music,
http://www.wikidata.org/entity/Q585588,Khaliji,http://www.wikidata.org/entity/Q1503406,music of the Middle East,
http://www.wikidata.org/entity/Q586110,forró,http://www.wikidata.org/entity/Q316930,dance music,1900-01-01T00:00:00Z
http://www.wikidata.org/entity/Q586110,forró,http://www.wikidata.org/entity/Q899215,music of Brazil,1900-01-01T00:00:00Z
http://www.wikidata.org/entity/Q69596,Thumri,http://www.wikidata.org/entity/Q1770695,Hindustani classical music,
http://www.wikidata.org/entity/Q70076,tappa,http://www.wikidata.org/entity/Q685884,vocal music,1700-01-01T00:00:00Z
http://www.wikidata.org/entity/Q70076,tappa,http://www.wikidata.org/entity/Q1770695,Hindustani classical music,1700-01-01T00:00:00Z
http://www.wikidata.org/entity/Q70076,tappa,http://www.wikidata.org/entity/Q6821898,semi-classical music,1700-01-01T00:00:00Z
http://www.wikidata.org/entity/Q76092,glam rock,http://www.wikidata.org/entity/Q11399,rock music,1969-01-01T00:00:00Z
http://www.wikidata.org/entity/Q76092,glam rock,http://www.wikidata.org/entity/Q65937876,glam music,1969-01-01T00:00:00Z
http://www.wikidata.org/entity/Q81105,ca trù,http://www.wikidata.org/entity/Q106654247,Vietnamese classical music,
http://www.wikidata.org/entity/Q82469,Gstanzl,http://www.wikidata.org/entity/Q107819512,German folk music,
http://www.wikidata.org/entity/Q83270,hard rock,http://www.wikidata.org/entity/Q11399,rock music,1967-01-01T00:00:00Z
http://www.wikidata.org/entity/Q83390,acclamatio,http://www.wikidata.org/entity/Q2090950,Byzantine music,
http://www.wikidata.org/entity/Q83440,country music,http://www.wikidata.org/entity/Q373342,popular music,1920-01-01T00:00:00Z
http://www.wikidata.org/entity/Q83440,country music,http://www.wikidata.org/entity/Q107718737,music of North America,1920-01-01T00:00:00Z
http://www.wikidata.org/entity/Q85477,oratorio,http://www.wikidata.org/entity/Q7777494,theatre music,1700-01-01T00:00:00Z
http://www.wikidata.org/entity/Q105513,bebop,http://www.wikidata.org/entity/Q8341,jazz,1945-01-01T00:00:00Z
http://www.wikidata.org/entity/Q105527,jazz fusion,http://www.wikidata.org/entity/Q8341,jazz,1950-01-01T00:00:00Z
http://www.wikidata.org/entity/Q118120,reel,http://www.wikidata.org/entity/Q854451,Celtic music,
http://www.wikidata.org/entity/Q118120,reel,http://www.wikidata.org/entity/Q7482056,Irish folk music,
http://www.wikidata.org/entity/Q122772,Austrian hip hop,http://www.wikidata.org/entity/Q2090712,music of Austria,
http://www.wikidata.org/entity/Q122772,Austrian hip hop,http://www.wikidata.org/entity/Q5413526,European hip-hop,
http://www.wikidata.org/entity/Q127624,white voice,http://www.wikidata.org/entity/Q235858,traditional folk music,
http://www.wikidata.org/entity/Q127624,white voice,http://www.wikidata.org/entity/Q685884,vocal music,
http://www.wikidata.org/entity/Q130572,music of the Soviet Union,http://www.wikidata.org/entity/Q525073,music of Asia,
http://www.wikidata.org/entity/Q130572,music of the Soviet Union,http://www.wikidata.org/entity/Q108857328,music of Eastern Europe,
http://www.wikidata.org/entity/Q131269,sonata,http://www.wikidata.org/entity/Q9730,classical music,1600-01-01T00:00:00Z
http://www.wikidata.org/entity/Q131269,sonata,http://www.wikidata.org/entity/Q639197,instrumental music,1600-01-01T00:00:00Z
http://www.wikidata.org/entity/Q131272,soul,http://www.wikidata.org/entity/Q45981,rhythm and blues,1955-01-01T00:00:00Z
http://www.wikidata.org/entity/Q131425,visual kei,http://www.wikidata.org/entity/Q257533,music of Japan,1984-01-01T00:00:00Z
http://www.wikidata.org/entity/Q131425,visual kei,http://www.wikidata.org/entity/Q373342,popular music,1984-01-01T00:00:00Z
http://www.wikidata.org/entity/Q131510,mantra,http://www.wikidata.org/entity/Q23072435,chant,-1999-01-01T00:00:00Z
http://www.wikidata.org/entity/Q131578,J-pop,http://www.wikidata.org/entity/Q10730335,A-pop,1988-01-01T00:00:00Z
http://www.wikidata.org/entity/Q132438,black metal,http://www.wikidata.org/entity/Q465978,extreme metal,1985-01-01T00:00:00Z
http://www.wikidata.org/entity/Q135637,chiptune,http://www.wikidata.org/entity/Q19678100,nerd music,1978-01-01T00:00:00Z
http://www.wikidata.org/entity/Q135637,chiptune,http://www.wikidata.org/entity/Q106422444,bit music,1978-01-01T00:00:00Z
http://www.wikidata.org/entity/Q138020,French hip-hop,http://www.wikidata.org/entity/Q672134,music of France,1980-01-01T00:00:00Z
http://www.wikidata.org/entity/Q138020,French hip-hop,http://www.wikidata.org/entity/Q5413526,European hip-hop,1980-01-01T00:00:00Z
http://www.wikidata.org/entity/Q140222,zajal,http://www.wikidata.org/entity/Q624044,Arabic music,
http://www.wikidata.org/entity/Q140544,toccata,http://www.wikidata.org/entity/Q9730,classical music,
http://www.wikidata.org/entity/Q141459,conscious hip-hop,http://www.wikidata.org/entity/Q6010,rapping,1960-01-01T00:00:00Z
http://www.wikidata.org/entity/Q141459,conscious hip-hop,http://www.wikidata.org/entity/Q11401,hip-hop,1960-01-01T00:00:00Z
http://www.wikidata.org/entity/Q141459,conscious hip-hop,http://www.wikidata.org/entity/Q969663,political hip-hop,1960-01-01T00:00:00Z
http://www.wikidata.org/entity/Q145594,Igbo music,http://www.wikidata.org/entity/Q6942329,music of West Africa,
http://www.wikidata.org/entity/Q145980,Zamrock,http://www.wikidata.org/entity/Q11399,rock music,1972-01-01T00:00:00Z
http://www.wikidata.org/entity/Q145980,Zamrock,http://www.wikidata.org/entity/Q1666311,music of Zambia,1972-01-01T00:00:00Z
http://www.wikidata.org/entity/Q151942,mazurka,http://www.wikidata.org/entity/Q473602,music of Poland,
http://www.wikidata.org/entity/Q155119,cuarteto,http://www.wikidata.org/entity/Q645992,music of Argentina,1940-01-01T00:00:00Z
http://www.wikidata.org/entity/Q155858,music of Ukraine,http://www.wikidata.org/entity/Q108857328,music of Eastern Europe,
http://www.wikidata.org/entity/Q163491,ars antiqua,http://www.wikidata.org/entity/Q163775,medieval music,1170-01-01T00:00:00Z
http://www.wikidata.org/entity/Q163775,medieval music,http://www.wikidata.org/entity/Q436016,early music,0500-01-01T00:00:00Z
http://www.wikidata.org/entity/Q163775,medieval music,http://www.wikidata.org/entity/Q3328676,music of Europe,0500-01-01T00:00:00Z
http://www.wikidata.org/entity/Q164444,funk,http://www.wikidata.org/entity/Q373342,popular music,1965-01-01T00:00:00Z
http://www.wikidata.org/entity/Q166813,Kansas City jazz,http://www.wikidata.org/entity/Q8341,jazz,1920-01-01T00:00:00Z
http://www.wikidata.org/entity/Q170435,trance,http://www.wikidata.org/entity/Q851213,electronic dance music,1988-01-01T00:00:00Z
http://www.wikidata.org/entity/Q170611,techno,http://www.wikidata.org/entity/Q851213,electronic dance music,1984-01-01T00:00:00Z
http://www.wikidata.org/entity/Q173844,vocal house,http://www.wikidata.org/entity/Q20502,house music,
http://www.wikidata.org/entity/Q174873,cantata,http://www.wikidata.org/entity/Q9730,classical music,1600-01-01T00:00:00Z
http://www.wikidata.org/entity/Q177447,West Coast blues,http://www.wikidata.org/entity/Q9759,blues,
http://www.wikidata.org/entity/Q177771,threnody,http://www.wikidata.org/entity/Q484692,hymn,
http://www.wikidata.org/entity/Q178145,gothic metal,http://www.wikidata.org/entity/Q12326776,metal music,1990-01-01T00:00:00Z
http://www.wikidata.org/entity/Q180268,gospel music,http://www.wikidata.org/entity/Q6452410,Christian music,1600-01-01T00:00:00Z
http://www.wikidata.org/entity/Q180853,pavane,http://www.wikidata.org/entity/Q118738876,classical dance music,1500-01-01T00:00:00Z
http://www.wikidata.org/entity/Q181010,hard bop,http://www.wikidata.org/entity/Q105513,bebop,1955-01-01T00:00:00Z
http://www.wikidata.org/entity/Q181014,fugue,http://www.wikidata.org/entity/Q9730,classical music,
http://www.wikidata.org/entity/Q181861,noise rock,http://www.wikidata.org/entity/Q11399,rock music,1977-01-01T00:00:00Z
http://www.wikidata.org/entity/Q181861,noise rock,http://www.wikidata.org/entity/Q726239,noise music,1977-01-01T00:00:00Z
http://www.wikidata.org/entity/Q181897,stride piano,http://www.wikidata.org/entity/Q8341,jazz,1920-01-01T00:00:00Z
http://www.wikidata.org/entity/Q181897,stride piano,http://www.wikidata.org/entity/Q185652,ragtime,1920-01-01T00:00:00Z
http://www.wikidata.org/entity/Q181999,minimal electro,http://www.wikidata.org/entity/Q9778,electronic music,
http://www.wikidata.org/entity/Q183016,ska jazz,http://www.wikidata.org/entity/Q8341,jazz,
http://www.wikidata.org/entity/Q183016,ska jazz,http://www.wikidata.org/entity/Q54365,ska,
http://www.wikidata.org/entity/Q183504,indie rock,http://www.wikidata.org/entity/Q11366,alternative rock,1981-01-01T00:00:00Z
http://www.wikidata.org/entity/Q183504,indie rock,http://www.wikidata.org/entity/Q42201,independent music,1981-01-01T00:00:00Z
http://www.wikidata.org/entity/Q183862,metalcore,http://www.wikidata.org/entity/Q10922,hardcore punk,1988-01-01T00:00:00Z
http://www.wikidata.org/entity/Q183862,metalcore,http://www.wikidata.org/entity/Q465978,extreme metal,1988-01-01T00:00:00Z
http://www.wikidata.org/entity/Q185162,Latin rock,http://www.wikidata.org/entity/Q11399,rock music,1957-01-01T00:00:00Z
http://www.wikidata.org/entity/Q185162,Latin rock,http://www.wikidata.org/entity/Q18345375,Latin music,1957-01-01T00:00:00Z
http://www.wikidata.org/entity/Q185298,a cappella,http://www.wikidata.org/entity/Q685884,vocal music,
http://www.wikidata.org/entity/Q185652,ragtime,http://www.wikidata.org/entity/Q373342,popular music,1890-01-01T00:00:00Z
http://www.wikidata.org/entity/Q185652,ragtime,http://www.wikidata.org/entity/Q7139128,parlour music,1890-01-01T00:00:00Z
http://www.wikidata.org/entity/Q185652,ragtime,http://www.wikidata.org/entity/Q107718737,music of North America,1890-01-01T00:00:00Z
http://www.wikidata.org/entity/Q185676,fado,http://www.wikidata.org/entity/Q106556293,Portuguese folk music,1900-01-01T00:00:00Z
http://www.wikidata.org/entity/Q185858,Franco-Flemish School,http://www.wikidata.org/entity/Q201405,Renaissance music,
http://www.wikidata.org/entity/Q186017,contemporary vocal music,http://www.wikidata.org/entity/Q685884,vocal music,
http://www.wikidata.org/entity/Q186170,doom metal,http://www.wikidata.org/entity/Q465978,extreme metal,1980-01-01T00:00:00Z
http://www.wikidata.org/entity/Q186472,folk rock,http://www.wikidata.org/entity/Q11399,rock music,1964-01-01T00:00:00Z
http://www.wikidata.org/entity/Q187760,new wave,http://www.wikidata.org/entity/Q11399,rock music,1976-01-01T00:00:00Z
http://www.wikidata.org/entity/Q492067,Buddhist music,http://www.wikidata.org/entity/Q1065742,religious music,
http://www.wikidata.org/entity/Q492096,Andean music,http://www.wikidata.org/entity/Q5645984,music of South America,
http://www.wikidata.org/entity/Q492096,Andean music,http://www.wikidata.org/entity/Q6024704,indigenous music,
http://www.wikidata.org/entity/Q492096,Andean music,http://www.wikidata.org/entity/Q107718539,Hispanic American music,
http://www.wikidata.org/entity/Q492264,film score,http://www.wikidata.org/entity/Q29652773,film soundtrack,
http://www.wikidata.org/entity/Q492264,film score,http://www.wikidata.org/entity/Q107021951,score,
http://www.wikidata.org/entity/Q492643,trad jazz,http://www.wikidata.org/entity/Q8341,jazz,
http://www.wikidata.org/entity/Q496929,maloya,http://www.wikidata.org/entity/Q3328757,music of Réunion,
http://www.wikidata.org/entity/Q496929,maloya,http://www.wikidata.org/entity/Q6942267,music of Seychelles,
http://www.wikidata.org/entity/Q497674,pungmul,http://www.wikidata.org/entity/Q107000797,Korean folk music,
http://www.wikidata.org/entity/Q497957,nueva trova,http://www.wikidata.org/entity/Q2420447,trova,1965-01-01T00:00:00Z
http://www.wikidata.org/entity/Q497957,nueva trova,http://www.wikidata.org/entity/Q109626458,nueva canción latinoamericana,1965-01-01T00:00:00Z
http://www.wikidata.org/entity/Q500879,reggae en Español,http://www.wikidata.org/entity/Q9794,reggae,1975-01-01T00:00:00Z
http://www.wikidata.org/entity/Q500879,reggae en Español,http://www.wikidata.org/entity/Q107718509,Hispanic music,1975-01-01T00:00:00Z
http://www.wikidata.org/entity/Q502448,coco,http://www.wikidata.org/entity/Q899215,music of Brazil,
http://www.wikidata.org/entity/Q210216,concerto grosso,http://www.wikidata.org/entity/Q9748,concerto,1681-01-01T00:00:00Z
http://www.wikidata.org/entity/Q210854,ars nova,http://www.wikidata.org/entity/Q163775,medieval music,1310-01-01T00:00:00Z
http://www.wikidata.org/entity/Q210854,ars nova,http://www.wikidata.org/entity/Q179465,polyphony,1310-01-01T00:00:00Z
http://www.wikidata.org/entity/Q211418,British Invasion,http://www.wikidata.org/entity/Q37073,pop music,
http://www.wikidata.org/entity/Q211573,garage rock,http://www.wikidata.org/entity/Q11399,rock music,1960-01-01T00:00:00Z
http://www.wikidata.org/entity/Q211723,speed metal,http://www.wikidata.org/entity/Q38848,heavy metal music,1978-01-01T00:00:00Z
http://www.wikidata.org/entity/Q211723,speed metal,http://www.wikidata.org/entity/Q465978,extreme metal,1978-01-01T00:00:00Z
http://www.wikidata.org/entity/Q211756,dance-pop,http://www.wikidata.org/entity/Q37073,pop music,1980-01-01T00:00:00Z
http://www.wikidata.org/entity/Q211756,dance-pop,http://www.wikidata.org/entity/Q11787389,club/dance music,1980-01-01T00:00:00Z
http://www.wikidata.org/entity/Q211781,free jazz,http://www.wikidata.org/entity/Q790188,avant-garde jazz,1960-01-01T00:00:00Z
http://www.wikidata.org/entity/Q212024,spirituals,http://www.wikidata.org/entity/Q388207,African-American music,1790-01-01T00:00:00Z
http://www.wikidata.org/entity/Q212024,spirituals,http://www.wikidata.org/entity/Q1541229,American folk music,1790-01-01T00:00:00Z
http://www.wikidata.org/entity/Q212024,spirituals,http://www.wikidata.org/entity/Q6452410,Christian music,1790-01-01T00:00:00Z
http://www.wikidata.org/entity/Q212112,bel canto,http://www.wikidata.org/entity/Q685884,vocal music,
http://www.wikidata.org/entity/Q212148,prelude,http://www.wikidata.org/entity/Q9730,classical music,
http://www.wikidata.org/entity/Q212688,dub music,http://www.wikidata.org/entity/Q373342,popular music,1960-01-01T00:00:00Z
http://www.wikidata.org/entity/Q212944,klezmer,http://www.wikidata.org/entity/Q1716019,Jewish music,
http://www.wikidata.org/entity/Q212952,boogie-woogie,http://www.wikidata.org/entity/Q9759,blues,1900-01-01T00:00:00Z
http://www.wikidata.org/entity/Q212952,boogie-woogie,http://www.wikidata.org/entity/Q107718737,music of North America,1900-01-01T00:00:00Z
http://www.wikidata.org/entity/Q213121,new age music,http://www.wikidata.org/entity/Q373342,popular music,1960-01-01T00:00:00Z
http://www.wikidata.org/entity/Q213149,viking metal,http://www.wikidata.org/entity/Q132438,black metal,1980-01-01T00:00:00Z
http://www.wikidata.org/entity/Q213149,viking metal,http://www.wikidata.org/entity/Q484179,folk metal,1980-01-01T00:00:00Z
http://www.wikidata.org/entity/Q213572,Neue Deutsche Härte,http://www.wikidata.org/entity/Q20378,alternative metal,1990-01-01T00:00:00Z
http://www.wikidata.org/entity/Q213572,Neue Deutsche Härte,http://www.wikidata.org/entity/Q208494,industrial metal,1990-01-01T00:00:00Z
http://www.wikidata.org/entity/Q213572,Neue Deutsche Härte,http://www.wikidata.org/entity/Q2743758,music of Germany,1990-01-01T00:00:00Z
http://www.wikidata.org/entity/Q213665,K-pop,http://www.wikidata.org/entity/Q6942280,music of South Korea,1990-01-01T00:00:00Z
http://www.wikidata.org/entity/Q213665,K-pop,http://www.wikidata.org/entity/Q10730335,A-pop,1990-01-01T00:00:00Z
http://www.wikidata.org/entity/Q213714,bluegrass music,http://www.wikidata.org/entity/Q83440,country music,1940-01-01T00:00:00Z
http://www.wikidata.org/entity/Q213714,bluegrass music,http://www.wikidata.org/entity/Q65943778,traditional country music,1940-01-01T00:00:00Z
http://www.wikidata.org/entity/Q214981,theme and variation,http://www.wikidata.org/entity/Q9730,classical music,
http://www.wikidata.org/entity/Q215911,serenade,http://www.wikidata.org/entity/Q9730,classical music,
http://www.wikidata.org/entity/Q216860,Lied,http://www.wikidata.org/entity/Q4797274,art song,1810-01-01T00:00:00Z
http://www.wikidata.org/entity/Q216926,raga,http://www.wikidata.org/entity/Q1323698,Indian classical music,
http://www.wikidata.org/entity/Q216961,Eurodance,http://www.wikidata.org/entity/Q851213,electronic dance music,1988-01-01T00:00:00Z
http://www.wikidata.org/entity/Q216961,Eurodance,http://www.wikidata.org/entity/Q3328676,music of Europe,1988-01-01T00:00:00Z
http://www.wikidata.org/entity/Q217191,soft rock,http://www.wikidata.org/entity/Q484641,pop rock,1960-01-01T00:00:00Z
http://www.wikidata.org/entity/Q217295,mass,http://www.wikidata.org/entity/Q1076513,choral music,
http://www.wikidata.org/entity/Q217295,mass,http://www.wikidata.org/entity/Q8812109,church music,
http://www.wikidata.org/entity/Q217295,mass,http://www.wikidata.org/entity/Q23687321,choir work,
http://www.wikidata.org/entity/Q217295,mass,http://www.wikidata.org/entity/Q122149755,event music,
http://www.wikidata.org/entity/Q378988,adult contemporary music,http://www.wikidata.org/entity/Q37073,pop music,1960-01-01T00:00:00Z
http://www.wikidata.org/entity/Q379033,arena rock,http://www.wikidata.org/entity/Q11399,rock music,
http://www.wikidata.org/entity/Q379288,kulning,http://www.wikidata.org/entity/Q685884,vocal music,
http://www.wikidata.org/entity/Q379288,kulning,http://www.wikidata.org/entity/Q7050752,Nordic folk music,
http://www.wikidata.org/entity/Q379671,post-grunge,http://www.wikidata.org/entity/Q11366,alternative rock,1994-01-01T00:00:00Z
http://www.wikidata.org/entity/Q382343,Nortec,http://www.wikidata.org/entity/Q851213,electronic dance music,1999-01-01T00:00:00Z
http://www.wikidata.org/entity/Q383103,music of Afghanistan,http://www.wikidata.org/entity/Q6942044,music of Central Asia,
http://www.wikidata.org/entity/Q383103,music of Afghanistan,http://www.wikidata.org/entity/Q98528267,music of South Asia,
http://www.wikidata.org/entity/Q383530,afoxê,http://www.wikidata.org/entity/Q899215,music of Brazil,
http://www.wikidata.org/entity/Q383615,street punk,http://www.wikidata.org/entity/Q10922,hardcore punk,1982-01-01T00:00:00Z
http://www.wikidata.org/entity/Q383982,psychedelic pop,http://www.wikidata.org/entity/Q37073,pop music,1965-01-01T00:00:00Z
http://www.wikidata.org/entity/Q383982,psychedelic pop,http://www.wikidata.org/entity/Q846119,psychedelic music,1965-01-01T00:00:00Z
http://www.wikidata.org/entity/Q384064,African gospel,http://www.wikidata.org/entity/Q180268,gospel music,1620-01-01T00:00:00Z
http://www.wikidata.org/entity/Q384181,freestyle rap,http://www.wikidata.org/entity/Q6010,rapping,
http://www.wikidata.org/entity/Q384181,freestyle rap,http://www.wikidata.org/entity/Q11401,hip-hop,
http://www.wikidata.org/entity/Q387236,African hip-hop,http://www.wikidata.org/entity/Q11401,hip-hop,
http://www.wikidata.org/entity/Q387236,African hip-hop,http://www.wikidata.org/entity/Q369820,music of Africa,
http://www.wikidata.org/entity/Q387916,twist,http://www.wikidata.org/entity/Q7749,rock and roll,1958-01-01T00:00:00Z
http://www.wikidata.org/entity/Q388100,Afro house,http://www.wikidata.org/entity/Q20502,house music,2005-01-01T00:00:00Z
http://www.wikidata.org/entity/Q388207,African-American music,http://www.wikidata.org/entity/Q2267955,music of the United States,
http://www.wikidata.org/entity/Q388207,African-American music,http://www.wikidata.org/entity/Q6942343,music of the African diaspora,
http://www.wikidata.org/entity/Q388296,Afrobeat,http://www.wikidata.org/entity/Q6942329,music of West Africa,1970-01-01T00:00:00Z
http://www.wikidata.org/entity/Q388475,Cuban rumba,http://www.wikidata.org/entity/Q1544863,music of Cuba,
http://www.wikidata.org/entity/Q388906,hardcore,http://www.wikidata.org/entity/Q851213,electronic dance music,1989-01-01T00:00:00Z
http://www.wikidata.org/entity/Q389372,jeongak,http://www.wikidata.org/entity/Q708228,Korean court music,
http://www.wikidata.org/entity/Q389631,jumpstyle,http://www.wikidata.org/entity/Q1033912,hard dance,
http://www.wikidata.org/entity/Q389671,saya,http://www.wikidata.org/entity/Q727781,music of Latin America,
http://www.wikidata.org/entity/Q389671,saya,http://www.wikidata.org/entity/Q5645984,music of South America,
http://www.wikidata.org/entity/Q389671,saya,http://www.wikidata.org/entity/Q98528197,Hispanic American folk music,
http://www.wikidata.org/entity/Q389993,intuitive music,http://www.wikidata.org/entity/Q1049625,musical improvisation,1968-01-01T00:00:00Z
http://www.wikidata.org/entity/Q407916,air de cour,http://www.wikidata.org/entity/Q113600088,Elizabethan song,
http://www.wikidata.org/entity/Q420883,LGBT hip hop,http://www.wikidata.org/entity/Q11401,hip-hop,1998-01-01T00:00:00Z
http://www.wikidata.org/entity/Q420883,LGBT hip hop,http://www.wikidata.org/entity/Q6457912,LGBT music,1998-01-01T00:00:00Z
http://www.wikidata.org/entity/Q423918,acousmatic music,http://www.wikidata.org/entity/Q1326777,electroacoustic music,1957-01-01T00:00:00Z
http://www.wikidata.org/entity/Q427183,music of Puerto Rico,http://www.wikidata.org/entity/Q727781,music of Latin America,
http://www.wikidata.org/entity/Q427183,music of Puerto Rico,http://www.wikidata.org/entity/Q108151792,music of the Greater Antilles,
http://www.wikidata.org/entity/Q428656,album-oriented rock,http://www.wikidata.org/entity/Q11399,rock music,1973-01-01T00:00:00Z
http://www.wikidata.org/entity/Q429264,West Coast hip-hop,http://www.wikidata.org/entity/Q3135787,American hip-hop,1975-01-01T00:00:00Z
http://www.wikidata.org/entity/Q430075,maxixe,http://www.wikidata.org/entity/Q899215,music of Brazil,
http://www.wikidata.org/entity/Q431415,tejano music,http://www.wikidata.org/entity/Q6942291,music of Texas,1945-01-01T00:00:00Z
http://www.wikidata.org/entity/Q431415,tejano music,http://www.wikidata.org/entity/Q7309098,regional Mexican,1945-01-01T00:00:00Z
http://www.wikidata.org/entity/Q436016,early music,http://www.wikidata.org/entity/Q9730,classical music,
http://www.wikidata.org/entity/Q438476,alternative country,http://www.wikidata.org/entity/Q83440,country music,1984-01-01T00:00:00Z
http://www.wikidata.org/entity/Q438476,alternative country,http://www.wikidata.org/entity/Q1695023,alternative music,1984-01-01T00:00:00Z
http://www.wikidata.org/entity/Q438503,alternative hip-hop,http://www.wikidata.org/entity/Q6010,rapping,1988-01-01T00:00:00Z
http://www.wikidata.org/entity/Q438503,alternative hip-hop,http://www.wikidata.org/entity/Q11401,hip-hop,1988-01-01T00:00:00Z
http://www.wikidata.org/entity/Q438503,alternative hip-hop,http://www.wikidata.org/entity/Q1695023,alternative music,1988-01-01T00:00:00Z
http://www.wikidata.org/entity/Q442133,old classical vocal polyphony,http://www.wikidata.org/entity/Q179465,polyphony,
http://www.wikidata.org/entity/Q446241,neo-medieval music,http://www.wikidata.org/entity/Q43343,folk music,1960-01-01T00:00:00Z
http://www.wikidata.org/entity/Q447962,swing revival,http://www.wikidata.org/entity/Q203775,swing,1994-01-01T00:00:00Z
http://www.wikidata.org/entity/Q448738,ensalada,http://www.wikidata.org/entity/Q179465,polyphony,
http://www.wikidata.org/entity/Q448738,ensalada,http://www.wikidata.org/entity/Q1243912,quodlibet,
http://www.wikidata.org/entity/Q454071,German hip-hop,http://www.wikidata.org/entity/Q2743758,music of Germany,1981-01-01T00:00:00Z
http://www.wikidata.org/entity/Q454071,German hip-hop,http://www.wikidata.org/entity/Q5413526,European hip-hop,1981-01-01T00:00:00Z
http://www.wikidata.org/entity/Q455686,samba reggae,http://www.wikidata.org/entity/Q1435485,axé,1987-01-01T00:00:00Z
http://www.wikidata.org/entity/Q458480,neotraditional country,http://www.wikidata.org/entity/Q65937954,contemporary country,1985-01-01T00:00:00Z
http://www.wikidata.org/entity/Q460674,ska punk,http://www.wikidata.org/entity/Q3071,punk rock,1977-01-01T00:00:00Z
http://www.wikidata.org/entity/Q460674,ska punk,http://www.wikidata.org/entity/Q3990466,third wave ska,1977-01-01T00:00:00Z
http://www.wikidata.org/entity/Q461064,music in advertising,http://www.wikidata.org/entity/Q26897135,functional music,
http://www.wikidata.org/entity/Q461406,change ringing,http://www.wikidata.org/entity/Q268673,music of the United Kingdom,
http://www.wikidata.org/entity/Q188237,music of Cape Verde,http://www.wikidata.org/entity/Q6942329,music of West Africa,
http://www.wikidata.org/entity/Q188285,motet,http://www.wikidata.org/entity/Q9730,classical music,1200-01-01T00:00:00Z
http://www.wikidata.org/entity/Q188285,motet,http://www.wikidata.org/entity/Q1076513,choral music,1200-01-01T00:00:00Z
http://www.wikidata.org/entity/Q188450,electropop,http://www.wikidata.org/entity/Q116985035,electronic pop,1978-01-01T00:00:00Z
http://www.wikidata.org/entity/Q188450,electropop,http://www.wikidata.org/entity/Q116985035,electronic pop,1998-01-01T00:00:00Z
http://www.wikidata.org/entity/Q188534,grindcore,http://www.wikidata.org/entity/Q10922,hardcore punk,1985-01-01T00:00:00Z
http://www.wikidata.org/entity/Q188534,grindcore,http://www.wikidata.org/entity/Q465978,extreme metal,1985-01-01T00:00:00Z
http://www.wikidata.org/entity/Q188539,glam metal,http://www.wikidata.org/entity/Q83270,hard rock,1979-01-01T00:00:00Z
http://www.wikidata.org/entity/Q188539,glam metal,http://www.wikidata.org/entity/Q12326776,metal music,1979-01-01T00:00:00Z
http://www.wikidata.org/entity/Q188539,glam metal,http://www.wikidata.org/entity/Q65937876,glam music,1979-01-01T00:00:00Z
http://www.wikidata.org/entity/Q188994,drum and bass,http://www.wikidata.org/entity/Q851213,electronic dance music,1992-01-01T00:00:00Z
http://www.wikidata.org/entity/Q189045,Britpop,http://www.wikidata.org/entity/Q11366,alternative rock,1991-01-01T00:00:00Z
http://www.wikidata.org/entity/Q189045,Britpop,http://www.wikidata.org/entity/Q484641,pop rock,1991-01-01T00:00:00Z
http://www.wikidata.org/entity/Q189201,chamber music,http://www.wikidata.org/entity/Q9730,classical music,
http://www.wikidata.org/entity/Q193207,ambient music,http://www.wikidata.org/entity/Q373342,popular music,1967-01-01T00:00:00Z
http://www.wikidata.org/entity/Q193217,madrigal,http://www.wikidata.org/entity/Q9730,classical music,
http://www.wikidata.org/entity/Q193217,madrigal,http://www.wikidata.org/entity/Q179465,polyphony,
http://www.wikidata.org/entity/Q193217,madrigal,http://www.wikidata.org/entity/Q3328676,music of Europe,
http://www.wikidata.org/entity/Q193355,blues rock,http://www.wikidata.org/entity/Q9759,blues,1960-01-01T00:00:00Z
http://www.wikidata.org/entity/Q193355,blues rock,http://www.wikidata.org/entity/Q11399,rock music,1960-01-01T00:00:00Z
http://www.wikidata.org/entity/Q193605,lullaby,http://www.wikidata.org/entity/Q1123037,nursery rhyme,
http://www.wikidata.org/entity/Q194172,nocturne,http://www.wikidata.org/entity/Q9730,classical music,
http://www.wikidata.org/entity/Q194172,nocturne,http://www.wikidata.org/entity/Q1063010,character piece,
http://www.wikidata.org/entity/Q194492,gamelan,http://www.wikidata.org/entity/Q106586998,Southeast Asian classical music,
http://www.wikidata.org/entity/Q196999,Zeuhl,http://www.wikidata.org/entity/Q3630966,avant-prog,1970-01-01T00:00:00Z
http://www.wikidata.org/entity/Q199415,ziglibithy,http://www.wikidata.org/entity/Q113493832,Kru music,
http://www.wikidata.org/entity/Q201405,Renaissance music,http://www.wikidata.org/entity/Q9730,classical music,1400-01-01T00:00:00Z
http://www.wikidata.org/entity/Q201405,Renaissance music,http://www.wikidata.org/entity/Q3328676,music of Europe,1400-01-01T00:00:00Z
http://www.wikidata.org/entity/Q202287,overture,http://www.wikidata.org/entity/Q9730,classical music,
http://www.wikidata.org/entity/Q202287,overture,http://www.wikidata.org/entity/Q639197,instrumental music,
http://www.wikidata.org/entity/Q202925,tribal house,http://www.wikidata.org/entity/Q20502,house music,1988-01-01T00:00:00Z
http://www.wikidata.org/entity/Q202925,tribal house,http://www.wikidata.org/entity/Q106576170,tribal music,1988-01-01T00:00:00Z
http://www.wikidata.org/entity/Q202930,reggaeton,http://www.wikidata.org/entity/Q373342,popular music,1990-01-01T00:00:00Z
http://www.wikidata.org/entity/Q203720,rockabilly,http://www.wikidata.org/entity/Q7749,rock and roll,1950-01-01T00:00:00Z
http://www.wikidata.org/entity/Q203775,swing,http://www.wikidata.org/entity/Q8341,jazz,1930-01-01T00:00:00Z
http://www.wikidata.org/entity/Q204067,Swedish hip hop,http://www.wikidata.org/entity/Q846784,music of Sweden,
http://www.wikidata.org/entity/Q204067,Swedish hip hop,http://www.wikidata.org/entity/Q5413526,European hip-hop,
http://www.wikidata.org/entity/Q205049,world music,http://www.wikidata.org/entity/Q373342,popular music,
http://www.wikidata.org/entity/Q205560,trip hop,http://www.wikidata.org/entity/Q251192,downtempo,1992-01-01T00:00:00Z
http://www.wikidata.org/entity/Q205978,circus music,http://www.wikidata.org/entity/Q26897135,functional music,
http://www.wikidata.org/entity/Q206159,psychedelic rock,http://www.wikidata.org/entity/Q11399,rock music,1965-01-01T00:00:00Z
http://www.wikidata.org/entity/Q206159,psychedelic rock,http://www.wikidata.org/entity/Q846119,psychedelic music,1965-01-01T00:00:00Z
http://www.wikidata.org/entity/Q207591,Romantic music,http://www.wikidata.org/entity/Q9730,classical music,
http://www.wikidata.org/entity/Q207683,canzona,http://www.wikidata.org/entity/Q9730,classical music,
http://www.wikidata.org/entity/Q207841,étude,http://www.wikidata.org/entity/Q9730,classical music,
http://www.wikidata.org/entity/Q208239,salsa,http://www.wikidata.org/entity/Q316930,dance music,1920-01-01T00:00:00Z
http://www.wikidata.org/entity/Q208239,salsa,http://www.wikidata.org/entity/Q3328778,tropical music,1920-01-01T00:00:00Z
http://www.wikidata.org/entity/Q208341,pasodoble,http://www.wikidata.org/entity/Q211025,march,1780-01-01T00:00:00Z
http://www.wikidata.org/entity/Q208341,pasodoble,http://www.wikidata.org/entity/Q9048257,Spanish folk music,1780-01-01T00:00:00Z
http://www.wikidata.org/entity/Q208494,industrial metal,http://www.wikidata.org/entity/Q936942,post-industrial music,1988-01-01T00:00:00Z
http://www.wikidata.org/entity/Q208494,industrial metal,http://www.wikidata.org/entity/Q12326776,metal music,1988-01-01T00:00:00Z
http://www.wikidata.org/entity/Q208593,sarabande,http://www.wikidata.org/entity/Q8361,Baroque music,
http://www.wikidata.org/entity/Q208593,sarabande,http://www.wikidata.org/entity/Q964987,music of Spain,
http://www.wikidata.org/entity/Q208593,sarabande,http://www.wikidata.org/entity/Q118738876,classical dance music,
http://www.wikidata.org/entity/Q209137,post-rock,http://www.wikidata.org/entity/Q1641839,experimental rock,1995-01-01T00:00:00Z
http://www.wikidata.org/entity/Q209498,2 tone,http://www.wikidata.org/entity/Q54365,ska,1979-01-01T00:00:00Z
http://www.wikidata.org/entity/Q591990,jazz standard,http://www.wikidata.org/entity/Q8341,jazz,
http://www.wikidata.org/entity/Q598593,tech house,http://www.wikidata.org/entity/Q20502,house music,1993-01-01T00:00:00Z
http://www.wikidata.org/entity/Q601235,hip house,http://www.wikidata.org/entity/Q6010,rapping,1988-01-01T00:00:00Z
http://www.wikidata.org/entity/Q601235,hip house,http://www.wikidata.org/entity/Q11401,hip-hop,1988-01-01T00:00:00Z
http://www.wikidata.org/entity/Q601235,hip house,http://www.wikidata.org/entity/Q20502,house music,1988-01-01T00:00:00Z
http://www.wikidata.org/entity/Q602498,nazi punk,http://www.wikidata.org/entity/Q3071,punk rock,
http://www.wikidata.org/entity/Q602646,comedy hip-hop,http://www.wikidata.org/entity/Q11401,hip-hop,1988-01-01T00:00:00Z
http://www.wikidata.org/entity/Q613408,country rock,http://www.wikidata.org/entity/Q11399,rock music,1965-01-01T00:00:00Z
http://www.wikidata.org/entity/Q617240,stoner rock,http://www.wikidata.org/entity/Q83270,hard rock,1988-01-01T00:00:00Z
http://www.wikidata.org/entity/Q721644,da capo aria,http://www.wikidata.org/entity/Q8361,Baroque music,
http://www.wikidata.org/entity/Q722989,Hungarian folk music,http://www.wikidata.org/entity/Q932477,music of Hungary,
http://www.wikidata.org/entity/Q722989,Hungarian folk music,http://www.wikidata.org/entity/Q98528192,European folk music,
http://www.wikidata.org/entity/Q723418,cumbia,http://www.wikidata.org/entity/Q3328778,tropical music,
http://www.wikidata.org/entity/Q724104,music of Azerbaijan,http://www.wikidata.org/entity/Q106506985,music of the Caucasus,
http://www.wikidata.org/entity/Q724473,chorale,http://www.wikidata.org/entity/Q5956785,hymn tune,
http://www.wikidata.org/entity/Q724473,chorale,http://www.wikidata.org/entity/Q64137792,religious vocal music,
http://www.wikidata.org/entity/Q724755,early hardcore,http://www.wikidata.org/entity/Q820049,gabber,1990-01-01T00:00:00Z
http://www.wikidata.org/entity/Q725011,neo-classical metal,http://www.wikidata.org/entity/Q12326776,metal music,1978-01-01T00:00:00Z
http://www.wikidata.org/entity/Q725888,Italian progressive rock,http://www.wikidata.org/entity/Q49451,progressive rock,1970-01-01T00:00:00Z
http://www.wikidata.org/entity/Q725888,Italian progressive rock,http://www.wikidata.org/entity/Q3437854,Italian rock music,1970-01-01T00:00:00Z
http://www.wikidata.org/entity/Q726239,noise music,http://www.wikidata.org/entity/Q1640319,experimental music,1910-01-01T00:00:00Z
http://www.wikidata.org/entity/Q727634,ranchera,http://www.wikidata.org/entity/Q7309098,regional Mexican,1930-01-01T00:00:00Z
http://www.wikidata.org/entity/Q727781,music of Latin America,http://www.wikidata.org/entity/Q3328669,music of the Americas,1600-01-01T00:00:00Z
http://www.wikidata.org/entity/Q727781,music of Latin America,http://www.wikidata.org/entity/Q18345375,Latin music,1600-01-01T00:00:00Z
http://www.wikidata.org/entity/Q727803,Canterbury scene,http://www.wikidata.org/entity/Q49451,progressive rock,1968-01-01T00:00:00Z
http://www.wikidata.org/entity/Q728579,balwo,http://www.wikidata.org/entity/Q6942277,music of Somalia,1943-01-01T00:00:00Z
http://www.wikidata.org/entity/Q733804,hands up,http://www.wikidata.org/entity/Q890887,Eurotrance,2001-01-01T00:00:00Z
http://www.wikidata.org/entity/Q733804,hands up,http://www.wikidata.org/entity/Q1033912,hard dance,2001-01-01T00:00:00Z
http://www.wikidata.org/entity/Q739138,teen pop,http://www.wikidata.org/entity/Q37073,pop music,
http://www.wikidata.org/entity/Q740911,ragga,http://www.wikidata.org/entity/Q9794,reggae,1985-01-01T00:00:00Z
http://www.wikidata.org/entity/Q740911,ragga,http://www.wikidata.org/entity/Q474027,dancehall,1985-01-01T00:00:00Z
http://www.wikidata.org/entity/Q741702,melologue,http://www.wikidata.org/entity/Q7777494,theatre music,
http://www.wikidata.org/entity/Q742341,modern creative,http://www.wikidata.org/entity/Q1640319,experimental music,1968-01-01T00:00:00Z
http://www.wikidata.org/entity/Q744327,joik,http://www.wikidata.org/entity/Q7409412,Sami music,
http://www.wikidata.org/entity/Q744417,Italo disco,http://www.wikidata.org/entity/Q3679098,music of Italy,1978-01-01T00:00:00Z
http://www.wikidata.org/entity/Q744417,Italo disco,http://www.wikidata.org/entity/Q98528149,electro-disco,1978-01-01T00:00:00Z
http://www.wikidata.org/entity/Q746743,ricercar,http://www.wikidata.org/entity/Q9730,classical music,
http://www.wikidata.org/entity/Q747717,heartland rock,http://www.wikidata.org/entity/Q11399,rock music,1975-01-01T00:00:00Z
http://www.wikidata.org/entity/Q749475,psybient,http://www.wikidata.org/entity/Q757143,chill-out music,1993-01-01T00:00:00Z
http://www.wikidata.org/entity/Q750811,minimal house,http://www.wikidata.org/entity/Q598593,tech house,
http://www.wikidata.org/entity/Q752329,passacaglia,http://www.wikidata.org/entity/Q118738876,classical dance music,
http://www.wikidata.org/entity/Q752785,calypso,http://www.wikidata.org/entity/Q3394906,music of the Caribbean,1900-01-01T00:00:00Z
http://www.wikidata.org/entity/Q753520,Christian rock,http://www.wikidata.org/entity/Q11399,rock music,1968-01-01T00:00:00Z
http://www.wikidata.org/entity/Q753520,Christian rock,http://www.wikidata.org/entity/Q6452410,Christian music,1968-01-01T00:00:00Z
http://www.wikidata.org/entity/Q3080963,nagauta,http://www.wikidata.org/entity/Q11544988,utaimono,
http://www.wikidata.org/entity/Q3080963,nagauta,http://www.wikidata.org/entity/Q11638369,early modern Japanese music,
http://www.wikidata.org/entity/Q3083000,kan ha diskan,http://www.wikidata.org/entity/Q15974722,Breton song,1850-01-01T00:00:00Z
http://www.wikidata.org/entity/Q3083000,kan ha diskan,http://www.wikidata.org/entity/Q108297202,Breton folk music,1850-01-01T00:00:00Z
http://www.wikidata.org/entity/Q3084222,hard techno,http://www.wikidata.org/entity/Q170611,techno,
http://www.wikidata.org/entity/Q3085344,music of Peru,http://www.wikidata.org/entity/Q727781,music of Latin America,
http://www.wikidata.org/entity/Q3085344,music of Peru,http://www.wikidata.org/entity/Q5645984,music of South America,
http://www.wikidata.org/entity/Q3089524,huapango,http://www.wikidata.org/entity/Q7309098,regional Mexican,
http://www.wikidata.org/entity/Q3090876,funaná,http://www.wikidata.org/entity/Q188237,music of Cape Verde,1975-01-01T00:00:00Z
http://www.wikidata.org/entity/Q3090876,funaná,http://www.wikidata.org/entity/Q316930,dance music,1975-01-01T00:00:00Z
http://www.wikidata.org/entity/Q3091180,shashmaqam,http://www.wikidata.org/entity/Q107192370,Tajik music,
http://www.wikidata.org/entity/Q3091180,shashmaqam,http://www.wikidata.org/entity/Q107192506,Uzbek classical music,
http://www.wikidata.org/entity/Q3092733,Portuguese rock,http://www.wikidata.org/entity/Q11399,rock music,
http://www.wikidata.org/entity/Q3092733,Portuguese rock,http://www.wikidata.org/entity/Q2579987,music of Portugal,
http://www.wikidata.org/entity/Q3094259,Scottish Gaelic punk,http://www.wikidata.org/entity/Q3071,punk rock,1978-01-01T00:00:00Z
http://www.wikidata.org/entity/Q3094259,Scottish Gaelic punk,http://www.wikidata.org/entity/Q16148439,Gaelic music,1978-01-01T00:00:00Z
http://www.wikidata.org/entity/Q3098078,J-core,http://www.wikidata.org/entity/Q388906,hardcore,
http://www.wikidata.org/entity/Q3098078,J-core,http://www.wikidata.org/entity/Q1046920,Dōjin music,
http://www.wikidata.org/entity/Q3106448,zamba,http://www.wikidata.org/entity/Q98528197,Hispanic American folk music,
http://www.wikidata.org/entity/Q3108920,glitch hop,http://www.wikidata.org/entity/Q11401,hip-hop,1998-01-01T00:00:00Z
http://www.wikidata.org/entity/Q3108920,glitch hop,http://www.wikidata.org/entity/Q851213,electronic dance music,1998-01-01T00:00:00Z
http://www.wikidata.org/entity/Q3108920,glitch hop,http://www.wikidata.org/entity/Q1100989,glitch,1998-01-01T00:00:00Z
http://www.wikidata.org/entity/Q3109641,music of East Timor,http://www.wikidata.org/entity/Q10838732,music of Southeast Asia,
http://www.wikidata.org/entity/Q3110519,music of Estonia,http://www.wikidata.org/entity/Q108857617,music of the Baltic states,
http://www.wikidata.org/entity/Q3111428,gospel blues,http://www.wikidata.org/entity/Q9759,blues,1890-01-01T00:00:00Z
http://www.wikidata.org/entity/Q3111428,gospel blues,http://www.wikidata.org/entity/Q180268,gospel music,1890-01-01T00:00:00Z
http://www.wikidata.org/entity/Q3114644,music of Australia,http://www.wikidata.org/entity/Q3328728,music of Oceania,
http://www.wikidata.org/entity/Q3116754,grindie,http://www.wikidata.org/entity/Q183504,indie rock,2006-01-01T00:00:00Z
http://www.wikidata.org/entity/Q3116754,grindie,http://www.wikidata.org/entity/Q1166726,grime,2006-01-01T00:00:00Z
http://www.wikidata.org/entity/Q3117305,group sounds,http://www.wikidata.org/entity/Q546264,beat music,1967-01-01T00:00:00Z
http://www.wikidata.org/entity/Q3117305,group sounds,http://www.wikidata.org/entity/Q1418683,kayōkyoku,1967-01-01T00:00:00Z
http://www.wikidata.org/entity/Q3121396,Basque radical rock,http://www.wikidata.org/entity/Q3071,punk rock,
http://www.wikidata.org/entity/Q3121396,Basque radical rock,http://www.wikidata.org/entity/Q3437814,Basque rock,
http://www.wikidata.org/entity/Q3129432,heikyoku,http://www.wikidata.org/entity/Q5958515,katarimono,
http://www.wikidata.org/entity/Q3129432,heikyoku,http://www.wikidata.org/entity/Q7832297,traditional Japanese music,
http://www.wikidata.org/entity/Q3135787,American hip-hop,http://www.wikidata.org/entity/Q11401,hip-hop,
http://www.wikidata.org/entity/Q3135787,American hip-hop,http://www.wikidata.org/entity/Q2267955,music of the United States,
http://www.wikidata.org/entity/Q3135790,Algerian hip hop,http://www.wikidata.org/entity/Q387236,African hip-hop,1988-01-01T00:00:00Z
http://www.wikidata.org/entity/Q3135790,Algerian hip hop,http://www.wikidata.org/entity/Q3328583,music of Algeria,1988-01-01T00:00:00Z
http://www.wikidata.org/entity/Q3135791,Ivorian hip hop,http://www.wikidata.org/entity/Q387236,African hip-hop,
http://www.wikidata.org/entity/Q3135791,Ivorian hip hop,http://www.wikidata.org/entity/Q3328693,music of Ivory Coast,
http://www.wikidata.org/entity/Q3135792,orchestral hip hop,http://www.wikidata.org/entity/Q11401,hip-hop,
http://www.wikidata.org/entity/Q3135793,Middle Eastern hip hop,http://www.wikidata.org/entity/Q11401,hip-hop,
http://www.wikidata.org/entity/Q3135793,Middle Eastern hip hop,http://www.wikidata.org/entity/Q1503406,music of the Middle East,
http://www.wikidata.org/entity/Q3135794,Quebec hip hop,http://www.wikidata.org/entity/Q469630,Canadian hip-hop,
http://www.wikidata.org/entity/Q3135794,Quebec hip hop,http://www.wikidata.org/entity/Q3328756,music of Quebec,
http://www.wikidata.org/entity/Q3135796,Brazilian hip-hop,http://www.wikidata.org/entity/Q899215,music of Brazil,
http://www.wikidata.org/entity/Q3135796,Brazilian hip-hop,http://www.wikidata.org/entity/Q3827483,Latin hip-hop,
http://www.wikidata.org/entity/Q3135799,Togolese hip hop,http://www.wikidata.org/entity/Q387236,African hip-hop,
http://www.wikidata.org/entity/Q3135799,Togolese hip hop,http://www.wikidata.org/entity/Q17069284,music of Togo,
http://www.wikidata.org/entity/Q3135801,Serbian hip-hop,http://www.wikidata.org/entity/Q2363645,music of Serbia,
http://www.wikidata.org/entity/Q3135801,Serbian hip-hop,http://www.wikidata.org/entity/Q5413526,European hip-hop,
http://www.wikidata.org/entity/Q3135807,hip hop tuga,http://www.wikidata.org/entity/Q2579987,music of Portugal,1992-01-01T00:00:00Z
http://www.wikidata.org/entity/Q3135807,hip hop tuga,http://www.wikidata.org/entity/Q5413526,European hip-hop,1992-01-01T00:00:00Z
http://www.wikidata.org/entity/Q3140141,honky tonk,http://www.wikidata.org/entity/Q83440,country music,
http://www.wikidata.org/entity/Q3141879,huaylarsh,http://www.wikidata.org/entity/Q492096,Andean music,
http://www.wikidata.org/entity/Q3141879,huaylarsh,http://www.wikidata.org/entity/Q3085344,music of Peru,
http://www.wikidata.org/entity/Q3151435,Innu folk music,http://www.wikidata.org/entity/Q43343,folk music,
http://www.wikidata.org/entity/Q3160589,Jaipongan,http://www.wikidata.org/entity/Q104853037,Sundanese music,
http://www.wikidata.org/entity/Q3163340,Afro-Cuban jazz,http://www.wikidata.org/entity/Q837389,Latin jazz,1948-01-01T00:00:00Z
http://www.wikidata.org/entity/Q3163340,Afro-Cuban jazz,http://www.wikidata.org/entity/Q20715191,Afro-Cuban music,1948-01-01T00:00:00Z
http://www.wikidata.org/entity/Q3163344,Algerian jazz,http://www.wikidata.org/entity/Q8341,jazz,
http://www.wikidata.org/entity/Q3163344,Algerian jazz,http://www.wikidata.org/entity/Q3328583,music of Algeria,
http://www.wikidata.org/entity/Q3163359,New York jazz,http://www.wikidata.org/entity/Q8341,jazz,
http://www.wikidata.org/entity/Q3179786,sambass,http://www.wikidata.org/entity/Q188994,drum and bass,2001-01-01T00:00:00Z
http://www.wikidata.org/entity/Q3181943,kuda kepang,http://www.wikidata.org/entity/Q6942130,music of Java,
http://www.wikidata.org/entity/Q3181943,kuda kepang,http://www.wikidata.org/entity/Q108610396,Indonesian folk music,
http://www.wikidata.org/entity/Q3191713,kacapi suling,http://www.wikidata.org/entity/Q104853037,Sundanese music,
http://www.wikidata.org/entity/Q3191713,kacapi suling,http://www.wikidata.org/entity/Q106586998,Southeast Asian classical music,
http://www.wikidata.org/entity/Q3191747,cadence rampa,http://www.wikidata.org/entity/Q3710513,music of Haiti,
http://www.wikidata.org/entity/Q3207645,noise hop,http://www.wikidata.org/entity/Q11401,hip-hop,
http://www.wikidata.org/entity/Q3211884,music of the Balkans,http://www.wikidata.org/entity/Q106508039,music of Southern Europe,
http://www.wikidata.org/entity/Q3211884,music of the Balkans,http://www.wikidata.org/entity/Q108857328,music of Eastern Europe,
http://www.wikidata.org/entity/Q3217069,landó,http://www.wikidata.org/entity/Q6950428,música criolla,
http://www.wikidata.org/entity/Q3217069,landó,http://www.wikidata.org/entity/Q16993565,Afro-Peruvian music,
http://www.wikidata.org/entity/Q3220874,Afro-jùjú,http://www.wikidata.org/entity/Q1715700,Jùjú music,
http://www.wikidata.org/entity/Q3228974,seto leelo,http://www.wikidata.org/entity/Q179465,polyphony,
http://www.wikidata.org/entity/Q3228974,seto leelo,http://www.wikidata.org/entity/Q3110519,music of Estonia,
http://www.wikidata.org/entity/Q3228974,seto leelo,http://www.wikidata.org/entity/Q4400125,runo song,
http://www.wikidata.org/entity/Q3231749,post-Britpop,http://www.wikidata.org/entity/Q11366,alternative rock,1998-01-01T00:00:00Z
http://www.wikidata.org/entity/Q3246270,dirge,http://www.wikidata.org/entity/Q1229479,lamentation,
http://www.wikidata.org/entity/Q3246270,dirge,http://www.wikidata.org/entity/Q111633950,funeral music,
http://www.wikidata.org/entity/Q3247353,Pizmonim,http://www.wikidata.org/entity/Q1716019,Jewish music,
http://www.wikidata.org/entity/Q3274667,campursari,http://www.wikidata.org/entity/Q6942130,music of Java,
http://www.wikidata.org/entity/Q3274667,campursari,http://www.wikidata.org/entity/Q12520649,tembang,
http://www.wikidata.org/entity/Q3278092,guarania,http://www.wikidata.org/entity/Q107718539,Hispanic American music,
http://www.wikidata.org/entity/Q3291151,music of Angola,http://www.wikidata.org/entity/Q106588687,music of Central Africa,
http://www.wikidata.org/entity/Q3296134,wizard rock,http://www.wikidata.org/entity/Q2324411,geek rock,2002-01-01T00:00:00Z
http://www.wikidata.org/entity/Q3296779,Taoist music,http://www.wikidata.org/entity/Q277393,music of China,
http://www.wikidata.org/entity/Q3296779,Taoist music,http://www.wikidata.org/entity/Q1065742,religious music,
http://www.wikidata.org/entity/Q3299373,matsuri-bayashi,http://www.wikidata.org/entity/Q4171186,hayashi,
http://www.wikidata.org/entity/Q3299373,matsuri-bayashi,http://www.wikidata.org/entity/Q107033384,holiday music,
http://www.wikidata.org/entity/Q3303865,Belarusian rock music,http://www.wikidata.org/entity/Q11399,rock music,
http://www.wikidata.org/entity/Q3303865,Belarusian rock music,http://www.wikidata.org/entity/Q2347119,music of Belarus,
http://www.wikidata.org/entity/Q3304143,Thai rock,http://www.wikidata.org/entity/Q11399,rock music,
http://www.wikidata.org/entity/Q3304143,Thai rock,http://www.wikidata.org/entity/Q867306,music of Thailand,
http://www.wikidata.org/entity/Q3304143,Thai rock,http://www.wikidata.org/entity/Q6665245,phleng Thai sakon,
http://www.wikidata.org/entity/Q3305039,malhun,http://www.wikidata.org/entity/Q11400811,music of North Africa,1300-01-01T00:00:00Z
http://www.wikidata.org/entity/Q3307010,organ mass,http://www.wikidata.org/entity/Q217295,mass,
http://www.wikidata.org/entity/Q3307225,progressive bluegrass,http://www.wikidata.org/entity/Q213714,bluegrass music,
http://www.wikidata.org/entity/Q3307225,progressive bluegrass,http://www.wikidata.org/entity/Q4490991,progressive country,
http://www.wikidata.org/entity/Q3310676,Boeremusiek,http://www.wikidata.org/entity/Q4794612,music of South Africa,
http://www.wikidata.org/entity/Q3310676,Boeremusiek,http://www.wikidata.org/entity/Q98528210,Southern African folk music,
http://www.wikidata.org/entity/Q3322619,Guaguancó,http://www.wikidata.org/entity/Q388475,Cuban rumba,
http://www.wikidata.org/entity/Q3322869,Palm Desert Scene,http://www.wikidata.org/entity/Q617240,stoner rock,
http://www.wikidata.org/entity/Q3325918,zortziko,http://www.wikidata.org/entity/Q108297192,Basque folk music,
http://www.wikidata.org/entity/Q3327514,Galician folk music,http://www.wikidata.org/entity/Q10334896,music of Galicia,
http://www.wikidata.org/entity/Q3327514,Galician folk music,http://www.wikidata.org/entity/Q108615838,Northwest Iberian folk music,
http://www.wikidata.org/entity/Q3328577,Adjukru music,http://www.wikidata.org/entity/Q6942329,music of West Africa,
http://www.wikidata.org/entity/Q3328582,Italian right-wing alternative music,http://www.wikidata.org/entity/Q3679098,music of Italy,
http://www.wikidata.org/entity/Q3328582,Italian right-wing alternative music,http://www.wikidata.org/entity/Q121411631,neo-nazi music,
http://www.wikidata.org/entity/Q3328583,music of Algeria,http://www.wikidata.org/entity/Q11400811,music of North Africa,
http://www.wikidata.org/entity/Q3328589,Baoulé music,http://www.wikidata.org/entity/Q6942329,music of West Africa,
http://www.wikidata.org/entity/Q3328590,French baroque music,http://www.wikidata.org/entity/Q8361,Baroque music,1600-01-01T00:00:00Z
http://www.wikidata.org/entity/Q3328592,music of Auvergne,http://www.wikidata.org/entity/Q672134,music of France,
http://www.wikidata.org/entity/Q3328593,music of Bangladesh,http://www.wikidata.org/entity/Q98528267,music of South Asia,
http://www.wikidata.org/entity/Q3328599,Basque music,http://www.wikidata.org/entity/Q672134,music of France,
http://www.wikidata.org/entity/Q3328599,Basque music,http://www.wikidata.org/entity/Q964987,music of Spain,
http://www.wikidata.org/entity/Q3328601,Berber music,http://www.wikidata.org/entity/Q11400811,music of North Africa,
http://www.wikidata.org/entity/Q3328602,music of Myanmar,http://www.wikidata.org/entity/Q10838732,music of Southeast Asia,
http://www.wikidata.org/entity/Q3328603,music of Bolivia,http://www.wikidata.org/entity/Q727781,music of Latin America,
http://www.wikidata.org/entity/Q3328603,music of Bolivia,http://www.wikidata.org/entity/Q5645984,music of South America,
http://www.wikidata.org/entity/Q3328608,music of Bosnia and Herzegovina,http://www.wikidata.org/entity/Q3211884,music of the Balkans,
http://www.wikidata.org/entity/Q3328618,classical music of the United States,http://www.wikidata.org/entity/Q9730,classical music,
http://www.wikidata.org/entity/Q3328618,classical music of the United States,http://www.wikidata.org/entity/Q2267955,music of the United States,
http://www.wikidata.org/entity/Q3328619,concertante music,http://www.wikidata.org/entity/Q9730,classical music,
http://www.wikidata.org/entity/Q3328622,Russian classical music,http://www.wikidata.org/entity/Q9730,classical music,
http://www.wikidata.org/entity/Q3328622,Russian classical music,http://www.wikidata.org/entity/Q88340836,Russian music,
http://www.wikidata.org/entity/Q3328652,relaxation music,http://www.wikidata.org/entity/Q26897135,functional music,
http://www.wikidata.org/entity/Q3328656,music of the Republic of the Congo,http://www.wikidata.org/entity/Q116777655,music of Congo,
http://www.wikidata.org/entity/Q3328660,middle of the road,http://www.wikidata.org/entity/Q37073,pop music,
http://www.wikidata.org/entity/Q3328668,music of Djibouti,http://www.wikidata.org/entity/Q106586248,music of East Africa,
http://www.wikidata.org/entity/Q3328669,music of the Americas,http://www.wikidata.org/entity/Q3328755,regional music,
http://www.wikidata.org/entity/Q3328678,Flemish music,http://www.wikidata.org/entity/Q2587471,music of Belgium,
http://www.wikidata.org/entity/Q2812726,banda music,http://www.wikidata.org/entity/Q7309098,regional Mexican,
http://www.wikidata.org/entity/Q2823181,acid blues,http://www.wikidata.org/entity/Q9759,blues,
http://www.wikidata.org/entity/Q2832970,dialect music,http://www.wikidata.org/entity/Q377185,music of the Netherlands,
http://www.wikidata.org/entity/Q2835411,cueca porteña,http://www.wikidata.org/entity/Q117001315,Chilean cueca,
http://www.wikidata.org/entity/Q2835456,Nigerian hip hop,http://www.wikidata.org/entity/Q387236,African hip-hop,
http://www.wikidata.org/entity/Q2835456,Nigerian hip hop,http://www.wikidata.org/entity/Q2738838,music of Nigeria,
http://www.wikidata.org/entity/Q2842043,atmospheric drum and bass,http://www.wikidata.org/entity/Q2615500,intelligent drum and bass,1991-01-01T00:00:00Z
http://www.wikidata.org/entity/Q2843815,Picota,http://www.wikidata.org/entity/Q16942070,Mexican folk music,
http://www.wikidata.org/entity/Q2853325,antiphonal singing,http://www.wikidata.org/entity/Q1076513,choral music,
http://www.wikidata.org/entity/Q2854974,Coptic music,http://www.wikidata.org/entity/Q6452410,Christian music,
http://www.wikidata.org/entity/Q2854974,Coptic music,http://www.wikidata.org/entity/Q11400811,music of North Africa,
http://www.wikidata.org/entity/Q2854974,Coptic music,http://www.wikidata.org/entity/Q64137792,religious vocal music,
http://www.wikidata.org/entity/Q2859120,aqua disco,http://www.wikidata.org/entity/Q58339,disco,
http://www.wikidata.org/entity/Q2863648,arrocha,http://www.wikidata.org/entity/Q2464314,brega,
http://www.wikidata.org/entity/Q2864671,art lyrique,http://www.wikidata.org/entity/Q9730,classical music,
http://www.wikidata.org/entity/Q2864671,art lyrique,http://www.wikidata.org/entity/Q685884,vocal music,
http://www.wikidata.org/entity/Q2866725,Balearic beat,http://www.wikidata.org/entity/Q757143,chill-out music,1987-01-01T00:00:00Z
http://www.wikidata.org/entity/Q2866725,Balearic beat,http://www.wikidata.org/entity/Q851213,electronic dance music,1987-01-01T00:00:00Z
http://www.wikidata.org/entity/Q2867170,assiko,http://www.wikidata.org/entity/Q106588687,music of Central Africa,
http://www.wikidata.org/entity/Q2875011,ayr,http://www.wikidata.org/entity/Q6705418,lute song,
http://www.wikidata.org/entity/Q2879826,baila,http://www.wikidata.org/entity/Q3328768,music of Sri Lanka,
http://www.wikidata.org/entity/Q2879857,bailecito,http://www.wikidata.org/entity/Q645992,music of Argentina,
http://www.wikidata.org/entity/Q2879857,bailecito,http://www.wikidata.org/entity/Q3328603,music of Bolivia,
http://www.wikidata.org/entity/Q2879962,baião,http://www.wikidata.org/entity/Q899215,music of Brazil,
http://www.wikidata.org/entity/Q2880274,baqashot,http://www.wikidata.org/entity/Q781402,piyyut,
http://www.wikidata.org/entity/Q2880274,baqashot,http://www.wikidata.org/entity/Q2271589,Sephardic music,
http://www.wikidata.org/entity/Q2880274,baqashot,http://www.wikidata.org/entity/Q110249967,oriental Jewish music,
http://www.wikidata.org/entity/Q2884829,early baroque music,http://www.wikidata.org/entity/Q8361,Baroque music,1600-01-01T00:00:00Z
http://www.wikidata.org/entity/Q2886774,peşrev,http://www.wikidata.org/entity/Q1518063,Ottoman classical music,
http://www.wikidata.org/entity/Q2891357,zemirot,http://www.wikidata.org/entity/Q781402,piyyut,
http://www.wikidata.org/entity/Q2891921,batuque,http://www.wikidata.org/entity/Q188237,music of Cape Verde,
http://www.wikidata.org/entity/Q2891921,batuque,http://www.wikidata.org/entity/Q98528185,African folk music,
http://www.wikidata.org/entity/Q2893435,mawwal,http://www.wikidata.org/entity/Q624044,Arabic music,
http://www.wikidata.org/entity/Q2894547,keening,http://www.wikidata.org/entity/Q1229479,lamentation,
http://www.wikidata.org/entity/Q2897103,Andalusi nubah,http://www.wikidata.org/entity/Q107189715,Arabic classical music,
http://www.wikidata.org/entity/Q2902385,Teutonic thrash metal,http://www.wikidata.org/entity/Q483352,thrash metal,
http://www.wikidata.org/entity/Q2902385,Teutonic thrash metal,http://www.wikidata.org/entity/Q11310298,German metal,
http://www.wikidata.org/entity/Q2907328,African blues,http://www.wikidata.org/entity/Q9759,blues,
http://www.wikidata.org/entity/Q2907328,African blues,http://www.wikidata.org/entity/Q369820,music of Africa,
http://www.wikidata.org/entity/Q2907334,French blues,http://www.wikidata.org/entity/Q9759,blues,1968-01-01T00:00:00Z
http://www.wikidata.org/entity/Q2909943,novelty piano,http://www.wikidata.org/entity/Q185652,ragtime,
http://www.wikidata.org/entity/Q2910735,border ballad,http://www.wikidata.org/entity/Q1771297,English folk music,
http://www.wikidata.org/entity/Q2910735,border ballad,http://www.wikidata.org/entity/Q116690343,ballad,
http://www.wikidata.org/entity/Q2913982,trap music,http://www.wikidata.org/entity/Q11401,hip-hop,1990-01-01T00:00:00Z
http://www.wikidata.org/entity/Q2913982,trap music,http://www.wikidata.org/entity/Q114880124,US bass music,1990-01-01T00:00:00Z
http://www.wikidata.org/entity/Q2915789,gwo ka,http://www.wikidata.org/entity/Q15221176,music of Guadeloupe,
http://www.wikidata.org/entity/Q2915789,gwo ka,http://www.wikidata.org/entity/Q107025062,French Caribbean music,
http://www.wikidata.org/entity/Q2916253,music of the Trecento,http://www.wikidata.org/entity/Q163775,medieval music,
http://www.wikidata.org/entity/Q2916253,music of the Trecento,http://www.wikidata.org/entity/Q3679098,music of Italy,
http://www.wikidata.org/entity/Q2917227,Israeli rock,http://www.wikidata.org/entity/Q3858,music of Israel,
http://www.wikidata.org/entity/Q2917227,Israeli rock,http://www.wikidata.org/entity/Q11399,rock music,
http://www.wikidata.org/entity/Q2917508,music of Ethiopia,http://www.wikidata.org/entity/Q106586248,music of East Africa,
http://www.wikidata.org/entity/Q2924151,Bravú,http://www.wikidata.org/entity/Q11399,rock music,
http://www.wikidata.org/entity/Q2924151,Bravú,http://www.wikidata.org/entity/Q10334896,music of Galicia,
http://www.wikidata.org/entity/Q2928716,bushi,http://www.wikidata.org/entity/Q106586219,Japanese folk music,
http://www.wikidata.org/entity/Q2929369,bélé,http://www.wikidata.org/entity/Q98528191,Caribbean folk music,
http://www.wikidata.org/entity/Q2932658,cadence-lypso,http://www.wikidata.org/entity/Q107025062,French Caribbean music,1970-01-01T00:00:00Z
http://www.wikidata.org/entity/Q2936610,Quranic cantillation,http://www.wikidata.org/entity/Q15990884,cantillation,
http://www.wikidata.org/entity/Q2936879,repente,http://www.wikidata.org/entity/Q899215,music of Brazil,
http://www.wikidata.org/entity/Q2956164,Quebec chanson,http://www.wikidata.org/entity/Q1062400,chanson,
http://www.wikidata.org/entity/Q2956164,Quebec chanson,http://www.wikidata.org/entity/Q3328756,music of Quebec,
http://www.wikidata.org/entity/Q2956171,chanson réaliste,http://www.wikidata.org/entity/Q1062400,chanson,
http://www.wikidata.org/entity/Q2956172,Occitan traditional song,http://www.wikidata.org/entity/Q3328732,music of Occitania,
http://www.wikidata.org/entity/Q2956176,chanson à texte,http://www.wikidata.org/entity/Q1062328,chanson,
http://www.wikidata.org/entity/Q2956176,chanson à texte,http://www.wikidata.org/entity/Q89363113,singer-songwriter music,
http://www.wikidata.org/entity/Q2956178,French folk music,http://www.wikidata.org/entity/Q672134,music of France,
http://www.wikidata.org/entity/Q2956178,French folk music,http://www.wikidata.org/entity/Q98528192,European folk music,
http://www.wikidata.org/entity/Q2956201,French-Flemish polyphonic chanson,http://www.wikidata.org/entity/Q185858,Franco-Flemish School,
http://www.wikidata.org/entity/Q2956224,Inuit throat singing,http://www.wikidata.org/entity/Q1067089,throat singing,
http://www.wikidata.org/entity/Q2956224,Inuit throat singing,http://www.wikidata.org/entity/Q7198347,Inuit music,
http://www.wikidata.org/entity/Q2956240,Gallican chant,http://www.wikidata.org/entity/Q2707688,plainsong,
http://www.wikidata.org/entity/Q2956242,Messinian chant,http://www.wikidata.org/entity/Q23072435,chant,
http://www.wikidata.org/entity/Q2956246,Mozarabic chant,http://www.wikidata.org/entity/Q2707688,plainsong,0550-01-01T00:00:00Z
http://www.wikidata.org/entity/Q2956246,Mozarabic chant,http://www.wikidata.org/entity/Q109272409,Spanish classical music,0550-01-01T00:00:00Z
http://www.wikidata.org/entity/Q2961759,Moroccan chaabi,http://www.wikidata.org/entity/Q2961763,chaabi,
http://www.wikidata.org/entity/Q2961759,Moroccan chaabi,http://www.wikidata.org/entity/Q11400811,music of North Africa,
http://www.wikidata.org/entity/Q2961763,chaabi,http://www.wikidata.org/entity/Q11400811,music of North Africa,
http://www.wikidata.org/entity/Q2961766,Algerian chaabi,http://www.wikidata.org/entity/Q2961763,chaabi,2000-01-01T00:00:00Z
http://www.wikidata.org/entity/Q2963337,Chicago hip-hop,http://www.wikidata.org/entity/Q3135787,American hip-hop,
http://www.wikidata.org/entity/Q2963621,chillstep,http://www.wikidata.org/entity/Q20474,dubstep,2009-01-01T00:00:00Z
http://www.wikidata.org/entity/Q2976236,classic rag,http://www.wikidata.org/entity/Q9730,classical music,
http://www.wikidata.org/entity/Q2976236,classic rag,http://www.wikidata.org/entity/Q185652,ragtime,
http://www.wikidata.org/entity/Q2976911,Klepht song,http://www.wikidata.org/entity/Q15931253,dimotiko,
http://www.wikidata.org/entity/Q2981079,music of the Czech Republic,http://www.wikidata.org/entity/Q106507381,music of Central Europe,
http://www.wikidata.org/entity/Q2982341,coladeira,http://www.wikidata.org/entity/Q188237,music of Cape Verde,
http://www.wikidata.org/entity/Q2988851,Finnish rock,http://www.wikidata.org/entity/Q11399,rock music,1955-01-01T00:00:00Z
http://www.wikidata.org/entity/Q2988851,Finnish rock,http://www.wikidata.org/entity/Q1417976,music of Finland,1955-01-01T00:00:00Z
http://www.wikidata.org/entity/Q3328676,music of Europe,http://www.wikidata.org/entity/Q3328755,regional music,
http://www.wikidata.org/entity/Q3328681,popular folk music,http://www.wikidata.org/entity/Q43343,folk music,
http://www.wikidata.org/entity/Q3328681,popular folk music,http://www.wikidata.org/entity/Q373342,popular music,
http://www.wikidata.org/entity/Q3328684,music of Gabon,http://www.wikidata.org/entity/Q106588687,music of Central Africa,
http://www.wikidata.org/entity/Q3328686,Hindu music,http://www.wikidata.org/entity/Q1065742,religious music,
http://www.wikidata.org/entity/Q3328687,French industrial music,http://www.wikidata.org/entity/Q487965,industrial music,
http://www.wikidata.org/entity/Q3328687,French industrial music,http://www.wikidata.org/entity/Q672134,music of France,
http://www.wikidata.org/entity/Q3328692,music of Iraq,http://www.wikidata.org/entity/Q1503406,music of the Middle East,
http://www.wikidata.org/entity/Q3328693,music of Ivory Coast,http://www.wikidata.org/entity/Q6942329,music of West Africa,
http://www.wikidata.org/entity/Q3328694,Kabyle music,http://www.wikidata.org/entity/Q3328583,music of Algeria,
http://www.wikidata.org/entity/Q3328694,Kabyle music,http://www.wikidata.org/entity/Q3328601,Berber music,
http://www.wikidata.org/entity/Q3328697,music of Jordan,http://www.wikidata.org/entity/Q1503406,music of the Middle East,
http://www.wikidata.org/entity/Q3328702,Lao music,http://www.wikidata.org/entity/Q10838732,music of Southeast Asia,
http://www.wikidata.org/entity/Q3328704,music of Kyrgyzstan,http://www.wikidata.org/entity/Q6942044,music of Central Asia,
http://www.wikidata.org/entity/Q3328706,music of Limousin,http://www.wikidata.org/entity/Q672134,music of France,
http://www.wikidata.org/entity/Q3328706,music of Limousin,http://www.wikidata.org/entity/Q2956178,French folk music,
http://www.wikidata.org/entity/Q3328710,music of Lebanon,http://www.wikidata.org/entity/Q1503406,music of the Middle East,
http://www.wikidata.org/entity/Q3328711,Mandingo music,http://www.wikidata.org/entity/Q6942329,music of West Africa,
http://www.wikidata.org/entity/Q3328714,music of North Macedonia,http://www.wikidata.org/entity/Q3211884,music of the Balkans,
http://www.wikidata.org/entity/Q3328715,music of Malaysia,http://www.wikidata.org/entity/Q10838732,music of Southeast Asia,
http://www.wikidata.org/entity/Q3328720,Mixed music,http://www.wikidata.org/entity/Q612024,contemporary classical music,
http://www.wikidata.org/entity/Q3328727,music of Mongolia,http://www.wikidata.org/entity/Q6942044,music of Central Asia,
http://www.wikidata.org/entity/Q3328728,music of Oceania,http://www.wikidata.org/entity/Q3328755,regional music,
http://www.wikidata.org/entity/Q3328730,music of Montenegro,http://www.wikidata.org/entity/Q3211884,music of the Balkans,
http://www.wikidata.org/entity/Q3328732,music of Occitania,http://www.wikidata.org/entity/Q672134,music of France,
http://www.wikidata.org/entity/Q3328732,music of Occitania,http://www.wikidata.org/entity/Q964987,music of Spain,
http://www.wikidata.org/entity/Q3328734,music of Oman,http://www.wikidata.org/entity/Q525073,music of Asia,
http://www.wikidata.org/entity/Q3328735,music of Nepal,http://www.wikidata.org/entity/Q98528267,music of South Asia,
http://www.wikidata.org/entity/Q3328738,music of Uzbekistan,http://www.wikidata.org/entity/Q6942044,music of Central Asia,
http://www.wikidata.org/entity/Q3328739,music of Palestine,http://www.wikidata.org/entity/Q1503406,music of the Middle East,
http://www.wikidata.org/entity/Q3328740,music of Pakistan,http://www.wikidata.org/entity/Q98528267,music of South Asia,
http://www.wikidata.org/entity/Q3328743,music of the Philippines,http://www.wikidata.org/entity/Q10838732,music of Southeast Asia,
http://www.wikidata.org/entity/Q3328745,music of Polynesia,http://www.wikidata.org/entity/Q107033785,music of the Pacific Islands,
http://www.wikidata.org/entity/Q3328756,music of Quebec,http://www.wikidata.org/entity/Q6942037,music of Canada,
http://www.wikidata.org/entity/Q3328757,music of Réunion,http://www.wikidata.org/entity/Q106586248,music of East Africa,
http://www.wikidata.org/entity/Q3328758,music of Saudi Arabia,http://www.wikidata.org/entity/Q1503406,music of the Middle East,
http://www.wikidata.org/entity/Q3328761,Shinto music,http://www.wikidata.org/entity/Q1065742,religious music,
http://www.wikidata.org/entity/Q3328761,Shinto music,http://www.wikidata.org/entity/Q7832297,traditional Japanese music,
http://www.wikidata.org/entity/Q3328762,staifi music,http://www.wikidata.org/entity/Q3328601,Berber music,
http://www.wikidata.org/entity/Q3328763,Sikh music,http://www.wikidata.org/entity/Q1065742,religious music,
http://www.wikidata.org/entity/Q3328764,Thai pop,http://www.wikidata.org/entity/Q867306,music of Thailand,1960-01-01T00:00:00Z
http://www.wikidata.org/entity/Q3328764,Thai pop,http://www.wikidata.org/entity/Q10730335,A-pop,1960-01-01T00:00:00Z
http://www.wikidata.org/entity/Q3328766,music of Slovenia,http://www.wikidata.org/entity/Q3211884,music of the Balkans,
http://www.wikidata.org/entity/Q3328766,music of Slovenia,http://www.wikidata.org/entity/Q106507381,music of Central Europe,
http://www.wikidata.org/entity/Q3328768,music of Sri Lanka,http://www.wikidata.org/entity/Q98528267,music of South Asia,
http://www.wikidata.org/entity/Q3328770,music of Senegal,http://www.wikidata.org/entity/Q6942329,music of West Africa,
http://www.wikidata.org/entity/Q3328772,music of Tajikistan,http://www.wikidata.org/entity/Q6942044,music of Central Asia,
http://www.wikidata.org/entity/Q3328774,symphonic music,http://www.wikidata.org/entity/Q9730,classical music,
http://www.wikidata.org/entity/Q3328774,symphonic music,http://www.wikidata.org/entity/Q639197,instrumental music,
http://www.wikidata.org/entity/Q3328778,tropical music,http://www.wikidata.org/entity/Q727781,music of Latin America,
http://www.wikidata.org/entity/Q3328778,tropical music,http://www.wikidata.org/entity/Q3394906,music of the Caribbean,
http://www.wikidata.org/entity/Q3328778,tropical music,http://www.wikidata.org/entity/Q18345375,Latin music,
http://www.wikidata.org/entity/Q3328786,music of Yemen,http://www.wikidata.org/entity/Q1503406,music of the Middle East,
http://www.wikidata.org/entity/Q3328789,music of Turkmenistan,http://www.wikidata.org/entity/Q6942044,music of Central Asia,
http://www.wikidata.org/entity/Q3333303,méringue,http://www.wikidata.org/entity/Q3710513,music of Haiti,
http://www.wikidata.org/entity/Q3333303,méringue,http://www.wikidata.org/entity/Q98528191,Caribbean folk music,
http://www.wikidata.org/entity/Q3334664,Naattupurapaattu,http://www.wikidata.org/entity/Q17070502,music of Tamil Nadu,
http://www.wikidata.org/entity/Q3337494,Ndombolo,http://www.wikidata.org/entity/Q106588687,music of Central Africa,
http://www.wikidata.org/entity/Q3345491,Rabindra Sangeet,http://www.wikidata.org/entity/Q3349675,music of Bengal,
http://www.wikidata.org/entity/Q3346909,Bhatiali,http://www.wikidata.org/entity/Q3349675,music of Bengal,
http://www.wikidata.org/entity/Q3346909,Bhatiali,http://www.wikidata.org/entity/Q98528198,South Asian folk music,
http://www.wikidata.org/entity/Q3347022,bhawaiya,http://www.wikidata.org/entity/Q6022257,Indian folk music,
http://www.wikidata.org/entity/Q3347093,néo-trad,http://www.wikidata.org/entity/Q6942037,music of Canada,
http://www.wikidata.org/entity/Q3347279,nòva cançon,http://www.wikidata.org/entity/Q829147,protest song,1965-01-01T00:00:00Z
http://www.wikidata.org/entity/Q3347279,nòva cançon,http://www.wikidata.org/entity/Q3328732,music of Occitania,1965-01-01T00:00:00Z
http://www.wikidata.org/entity/Q3347279,nòva cançon,http://www.wikidata.org/entity/Q89363113,singer-songwriter music,1965-01-01T00:00:00Z
http://www.wikidata.org/entity/Q3349675,music of Bengal,http://www.wikidata.org/entity/Q531426,music of India,
http://www.wikidata.org/entity/Q3349990,ojkanje,http://www.wikidata.org/entity/Q107331898,Croatian folk music,
http://www.wikidata.org/entity/Q3357584,ʻōteʻa,http://www.wikidata.org/entity/Q6942287,music of Tahiti,
http://www.wikidata.org/entity/Q3360459,pagode,http://www.wikidata.org/entity/Q11403,samba,1978-01-01T00:00:00Z
http://www.wikidata.org/entity/Q3365745,parang,http://www.wikidata.org/entity/Q3328681,popular folk music,
http://www.wikidata.org/entity/Q3365745,parang,http://www.wikidata.org/entity/Q3394906,music of the Caribbean,
http://www.wikidata.org/entity/Q3388814,Pinoy rock,http://www.wikidata.org/entity/Q11399,rock music,
http://www.wikidata.org/entity/Q3388814,Pinoy rock,http://www.wikidata.org/entity/Q3328743,music of the Philippines,
http://www.wikidata.org/entity/Q3389124,pirate metal,http://www.wikidata.org/entity/Q57143,power metal,1988-01-01T00:00:00Z
http://www.wikidata.org/entity/Q3389124,pirate metal,http://www.wikidata.org/entity/Q211723,speed metal,1988-01-01T00:00:00Z
http://www.wikidata.org/entity/Q3389124,pirate metal,http://www.wikidata.org/entity/Q483352,thrash metal,1988-01-01T00:00:00Z
http://www.wikidata.org/entity/Q3389124,pirate metal,http://www.wikidata.org/entity/Q484179,folk metal,1988-01-01T00:00:00Z
http://www.wikidata.org/entity/Q3391334,integral serialism,http://www.wikidata.org/entity/Q507246,serialism,
http://www.wikidata.org/entity/Q3391334,integral serialism,http://www.wikidata.org/entity/Q2568406,postmodern music,
http://www.wikidata.org/entity/Q3392209,tonada,http://www.wikidata.org/entity/Q235858,traditional folk music,1860-01-01T00:00:00Z
http://www.wikidata.org/entity/Q3394906,music of the Caribbean,http://www.wikidata.org/entity/Q3328669,music of the Americas,
http://www.wikidata.org/entity/Q3395292,Bugarštica,http://www.wikidata.org/entity/Q116690343,ballad,
http://www.wikidata.org/entity/Q3397325,music of Mexico,http://www.wikidata.org/entity/Q727781,music of Latin America,
http://www.wikidata.org/entity/Q3397882,progressive pop,http://www.wikidata.org/entity/Q37073,pop music,1965-01-01T00:00:00Z
http://www.wikidata.org/entity/Q3397882,progressive pop,http://www.wikidata.org/entity/Q7248857,progressive music,1965-01-01T00:00:00Z
http://www.wikidata.org/entity/Q3401087,poésie courtoise,http://www.wikidata.org/entity/Q163775,medieval music,
http://www.wikidata.org/entity/Q3401087,poésie courtoise,http://www.wikidata.org/entity/Q672134,music of France,
http://www.wikidata.org/entity/Q3408028,proto-prog,http://www.wikidata.org/entity/Q11399,rock music,1963-01-01T00:00:00Z
http://www.wikidata.org/entity/Q3408409,čalgija,http://www.wikidata.org/entity/Q7602145,starogradska muzika,
http://www.wikidata.org/entity/Q3408409,čalgija,http://www.wikidata.org/entity/Q108866081,Macedonian folk music,
http://www.wikidata.org/entity/Q3410854,French punk,http://www.wikidata.org/entity/Q3071,punk rock,
http://www.wikidata.org/entity/Q263734,nu metal,http://www.wikidata.org/entity/Q20378,alternative metal,1995-01-01T00:00:00Z
http://www.wikidata.org/entity/Q264289,sophisti-pop,http://www.wikidata.org/entity/Q37073,pop music,1985-01-01T00:00:00Z
http://www.wikidata.org/entity/Q267287,Dunedin sound,http://www.wikidata.org/entity/Q183504,indie rock,1981-01-01T00:00:00Z
http://www.wikidata.org/entity/Q268253,neo soul,http://www.wikidata.org/entity/Q131272,soul,1998-01-01T00:00:00Z
http://www.wikidata.org/entity/Q271802,symphonic poem,http://www.wikidata.org/entity/Q209741,programme music,
http://www.wikidata.org/entity/Q272167,shoegaze,http://www.wikidata.org/entity/Q11366,alternative rock,1987-01-01T00:00:00Z
http://www.wikidata.org/entity/Q274401,oi!,http://www.wikidata.org/entity/Q3071,punk rock,1977-01-01T00:00:00Z
http://www.wikidata.org/entity/Q278357,oshare kei,http://www.wikidata.org/entity/Q131425,visual kei,2001-01-01T00:00:00Z
http://www.wikidata.org/entity/Q280955,German jazz,http://www.wikidata.org/entity/Q8341,jazz,
http://www.wikidata.org/entity/Q282131,merengue,http://www.wikidata.org/entity/Q373342,popular music,1850-01-01T00:00:00Z
http://www.wikidata.org/entity/Q288824,galliard,http://www.wikidata.org/entity/Q201405,Renaissance music,
http://www.wikidata.org/entity/Q302401,punkabilly,http://www.wikidata.org/entity/Q3071,punk rock,
http://www.wikidata.org/entity/Q302401,punkabilly,http://www.wikidata.org/entity/Q203720,rockabilly,
http://www.wikidata.org/entity/Q325397,indietronica,http://www.wikidata.org/entity/Q42201,independent music,1993-01-01T00:00:00Z
http://www.wikidata.org/entity/Q325504,electronic rock,http://www.wikidata.org/entity/Q9778,electronic music,1965-01-01T00:00:00Z
http://www.wikidata.org/entity/Q325504,electronic rock,http://www.wikidata.org/entity/Q11399,rock music,1965-01-01T00:00:00Z
http://www.wikidata.org/entity/Q327547,cool jazz,http://www.wikidata.org/entity/Q8341,jazz,1948-01-01T00:00:00Z
http://www.wikidata.org/entity/Q328296,GDR rock,http://www.wikidata.org/entity/Q11399,rock music,
http://www.wikidata.org/entity/Q336567,cosmic disco,http://www.wikidata.org/entity/Q58339,disco,1975-01-01T00:00:00Z
http://www.wikidata.org/entity/Q464129,mariachi,http://www.wikidata.org/entity/Q7309098,regional Mexican,1800-01-01T00:00:00Z
http://www.wikidata.org/entity/Q465978,extreme metal,http://www.wikidata.org/entity/Q12326776,metal music,1977-01-01T00:00:00Z
http://www.wikidata.org/entity/Q466445,American primitive guitar,http://www.wikidata.org/entity/Q106298881,contemporary folk music,1959-01-01T00:00:00Z
http://www.wikidata.org/entity/Q466445,American primitive guitar,http://www.wikidata.org/entity/Q107718737,music of North America,1959-01-01T00:00:00Z
http://www.wikidata.org/entity/Q469343,UK rap,http://www.wikidata.org/entity/Q268673,music of the United Kingdom,1985-01-01T00:00:00Z
http://www.wikidata.org/entity/Q469343,UK rap,http://www.wikidata.org/entity/Q5413526,European hip-hop,1985-01-01T00:00:00Z
http://www.wikidata.org/entity/Q469630,Canadian hip-hop,http://www.wikidata.org/entity/Q11401,hip-hop,
http://www.wikidata.org/entity/Q469630,Canadian hip-hop,http://www.wikidata.org/entity/Q6942037,music of Canada,
http://www.wikidata.org/entity/Q470611,Italian hip-hop,http://www.wikidata.org/entity/Q3679098,music of Italy,1987-01-01T00:00:00Z
http://www.wikidata.org/entity/Q470611,Italian hip-hop,http://www.wikidata.org/entity/Q5413526,European hip-hop,1987-01-01T00:00:00Z
http://www.wikidata.org/entity/Q471194,troubadoric poetry,http://www.wikidata.org/entity/Q163775,medieval music,
http://www.wikidata.org/entity/Q473602,music of Poland,http://www.wikidata.org/entity/Q106507381,music of Central Europe,
http://www.wikidata.org/entity/Q474027,dancehall,http://www.wikidata.org/entity/Q9794,reggae,1970-01-01T00:00:00Z
http://www.wikidata.org/entity/Q474027,dancehall,http://www.wikidata.org/entity/Q572717,music of Jamaica,1970-01-01T00:00:00Z
http://www.wikidata.org/entity/Q475221,deathcore,http://www.wikidata.org/entity/Q183862,metalcore,1986-01-01T00:00:00Z
http://www.wikidata.org/entity/Q475221,deathcore,http://www.wikidata.org/entity/Q483251,death metal,1986-01-01T00:00:00Z
http://www.wikidata.org/entity/Q476091,slow jam,http://www.wikidata.org/entity/Q850412,contemporary R&B,
http://www.wikidata.org/entity/Q476983,synth-punk,http://www.wikidata.org/entity/Q325504,electronic rock,1977-01-01T00:00:00Z
http://www.wikidata.org/entity/Q476983,synth-punk,http://www.wikidata.org/entity/Q25554481,punk music,1977-01-01T00:00:00Z
http://www.wikidata.org/entity/Q478176,piphat,http://www.wikidata.org/entity/Q13025600,Thai classical music,
http://www.wikidata.org/entity/Q481900,acid trance,http://www.wikidata.org/entity/Q170435,trance,1988-01-01T00:00:00Z
http://www.wikidata.org/entity/Q481900,acid trance,http://www.wikidata.org/entity/Q106528337,acid,1988-01-01T00:00:00Z
http://www.wikidata.org/entity/Q482981,pansori,http://www.wikidata.org/entity/Q107000797,Korean folk music,1800-01-01T00:00:00Z
http://www.wikidata.org/entity/Q483251,death metal,http://www.wikidata.org/entity/Q465978,extreme metal,1985-01-01T00:00:00Z
http://www.wikidata.org/entity/Q483352,thrash metal,http://www.wikidata.org/entity/Q465978,extreme metal,1980-01-01T00:00:00Z
http://www.wikidata.org/entity/Q483740,Anatolian rock,http://www.wikidata.org/entity/Q98091634,Turkish rock,1965-01-01T00:00:00Z
http://www.wikidata.org/entity/Q484179,folk metal,http://www.wikidata.org/entity/Q12326776,metal music,1991-01-01T00:00:00Z
http://www.wikidata.org/entity/Q484344,progressive metal,http://www.wikidata.org/entity/Q7248857,progressive music,1984-01-01T00:00:00Z
http://www.wikidata.org/entity/Q484344,progressive metal,http://www.wikidata.org/entity/Q12326776,metal music,1984-01-01T00:00:00Z
http://www.wikidata.org/entity/Q484641,pop rock,http://www.wikidata.org/entity/Q11399,rock music,1965-01-01T00:00:00Z
http://www.wikidata.org/entity/Q484641,pop rock,http://www.wikidata.org/entity/Q37073,pop music,1965-01-01T00:00:00Z
http://www.wikidata.org/entity/Q485395,gothic rock,http://www.wikidata.org/entity/Q11366,alternative rock,1979-01-01T00:00:00Z
http://www.wikidata.org/entity/Q485395,gothic rock,http://www.wikidata.org/entity/Q598929,post-punk,1979-01-01T00:00:00Z
http://www.wikidata.org/entity/Q485915,trot,http://www.wikidata.org/entity/Q716060,music of Korea,
http://www.wikidata.org/entity/Q486263,bossa nova,http://www.wikidata.org/entity/Q373342,popular music,1958-01-01T00:00:00Z
http://www.wikidata.org/entity/Q486263,bossa nova,http://www.wikidata.org/entity/Q899215,music of Brazil,1958-01-01T00:00:00Z
http://www.wikidata.org/entity/Q486365,anarcho-punk,http://www.wikidata.org/entity/Q3071,punk rock,1976-01-01T00:00:00Z
http://www.wikidata.org/entity/Q486365,anarcho-punk,http://www.wikidata.org/entity/Q132531661,leftist music,1976-01-01T00:00:00Z
http://www.wikidata.org/entity/Q486415,symphonic metal,http://www.wikidata.org/entity/Q12326776,metal music,1995-01-01T00:00:00Z
http://www.wikidata.org/entity/Q487914,pop-punk,http://www.wikidata.org/entity/Q3071,punk rock,1977-01-01T00:00:00Z
http://www.wikidata.org/entity/Q487914,pop-punk,http://www.wikidata.org/entity/Q37073,pop music,1977-01-01T00:00:00Z
http://www.wikidata.org/entity/Q487965,industrial music,http://www.wikidata.org/entity/Q1640319,experimental music,1975-01-01T00:00:00Z
http://www.wikidata.org/entity/Q489913,bolero,http://www.wikidata.org/entity/Q964987,music of Spain,
http://www.wikidata.org/entity/Q590662,bend-skin,http://www.wikidata.org/entity/Q106588687,music of Central Africa,1993-01-01T00:00:00Z
http://www.wikidata.org/entity/Q591990,jazz standard,http://www.wikidata.org/entity/Q1196752,traditional pop,
http://www.wikidata.org/entity/Q592060,free improvisation,http://www.wikidata.org/entity/Q1640319,experimental music,1966-01-01T00:00:00Z
http://www.wikidata.org/entity/Q592330,dream pop,http://www.wikidata.org/entity/Q183504,indie rock,1982-01-01T00:00:00Z
http://www.wikidata.org/entity/Q592807,music of Bhutan,http://www.wikidata.org/entity/Q98528267,music of South Asia,
http://www.wikidata.org/entity/Q597240,New Romantic,http://www.wikidata.org/entity/Q187760,new wave,1979-01-01T00:00:00Z
http://www.wikidata.org/entity/Q597493,chacarera,http://www.wikidata.org/entity/Q645992,music of Argentina,
http://www.wikidata.org/entity/Q597493,chacarera,http://www.wikidata.org/entity/Q98528197,Hispanic American folk music,
http://www.wikidata.org/entity/Q598929,post-punk,http://www.wikidata.org/entity/Q25554481,punk music,1978-01-01T00:00:00Z
http://www.wikidata.org/entity/Q599510,romance,http://www.wikidata.org/entity/Q4797274,art song,
http://www.wikidata.org/entity/Q599877,organum,http://www.wikidata.org/entity/Q179465,polyphony,
http://www.wikidata.org/entity/Q600094,paean,http://www.wikidata.org/entity/Q1065742,religious music,
http://www.wikidata.org/entity/Q600094,paean,http://www.wikidata.org/entity/Q1139787,music of ancient Greece,
http://www.wikidata.org/entity/Q602498,nazi punk,http://www.wikidata.org/entity/Q121411631,neo-nazi music,
http://www.wikidata.org/entity/Q602561,electro swing,http://www.wikidata.org/entity/Q851213,electronic dance music,1994-01-01T00:00:00Z
http://www.wikidata.org/entity/Q602646,comedy hip-hop,http://www.wikidata.org/entity/Q5151495,comedy music,1988-01-01T00:00:00Z
http://www.wikidata.org/entity/Q604748,responsory,http://www.wikidata.org/entity/Q23072435,chant,
http://www.wikidata.org/entity/Q606089,skiffle,http://www.wikidata.org/entity/Q106298881,contemporary folk music,1920-01-01T00:00:00Z
http://www.wikidata.org/entity/Q606393,Hi-NRG,http://www.wikidata.org/entity/Q98528149,electro-disco,1978-01-01T00:00:00Z
http://www.wikidata.org/entity/Q608490,music of Namibia,http://www.wikidata.org/entity/Q98528232,music of Southern Africa,
http://www.wikidata.org/entity/Q608862,anime song,http://www.wikidata.org/entity/Q17191592,anime music,
http://www.wikidata.org/entity/Q610022,kaseko,http://www.wikidata.org/entity/Q3394906,music of the Caribbean,
http://www.wikidata.org/entity/Q612024,contemporary classical music,http://www.wikidata.org/entity/Q65937946,modern classical music,1945-01-01T00:00:00Z
http://www.wikidata.org/entity/Q613408,country rock,http://www.wikidata.org/entity/Q107718737,music of North America,1965-01-01T00:00:00Z
http://www.wikidata.org/entity/Q613707,expressionist music,http://www.wikidata.org/entity/Q65937946,modern classical music,1908-01-01T00:00:00Z
http://www.wikidata.org/entity/Q613874,neoclassical new-age music,http://www.wikidata.org/entity/Q213121,new age music,1972-01-01T00:00:00Z
http://www.wikidata.org/entity/Q615418,sonorism,http://www.wikidata.org/entity/Q2568406,postmodern music,
http://www.wikidata.org/entity/Q616425,pirekua,http://www.wikidata.org/entity/Q16942070,Mexican folk music,
http://www.wikidata.org/entity/Q616425,pirekua,http://www.wikidata.org/entity/Q114357486,Mesoamerican music,
http://www.wikidata.org/entity/Q616679,mathcore,http://www.wikidata.org/entity/Q183862,metalcore,1988-01-01T00:00:00Z
http://www.wikidata.org/entity/Q617240,stoner rock,http://www.wikidata.org/entity/Q846119,psychedelic music,1988-01-01T00:00:00Z
http://www.wikidata.org/entity/Q617338,apala,http://www.wikidata.org/entity/Q9048265,Yoruba music,1930-01-01T00:00:00Z
http://www.wikidata.org/entity/Q617338,apala,http://www.wikidata.org/entity/Q98528185,African folk music,1930-01-01T00:00:00Z
http://www.wikidata.org/entity/Q620979,Appenzeller string music,http://www.wikidata.org/entity/Q2082510,music of Switzerland,
http://www.wikidata.org/entity/Q622688,Andean new age music,http://www.wikidata.org/entity/Q213121,new age music,1980-01-01T00:00:00Z
http://www.wikidata.org/entity/Q622871,psychedelic trance,http://www.wikidata.org/entity/Q170435,trance,1992-01-01T00:00:00Z
http://www.wikidata.org/entity/Q623715,aleatoric music,http://www.wikidata.org/entity/Q65937946,modern classical music,
http://www.wikidata.org/entity/Q623823,arabesque,http://www.wikidata.org/entity/Q1063010,character piece,
http://www.wikidata.org/entity/Q836571,fantasia,http://www.wikidata.org/entity/Q9730,classical music,
http://www.wikidata.org/entity/Q837389,Latin jazz,http://www.wikidata.org/entity/Q8341,jazz,1943-01-01T00:00:00Z
http://www.wikidata.org/entity/Q837837,power pop,http://www.wikidata.org/entity/Q484641,pop rock,1960-01-01T00:00:00Z
http://www.wikidata.org/entity/Q840065,new jack swing,http://www.wikidata.org/entity/Q850412,contemporary R&B,1985-01-01T00:00:00Z
http://www.wikidata.org/entity/Q840748,Iranian hip hop,http://www.wikidata.org/entity/Q1672398,music of Iran,
http://www.wikidata.org/entity/Q840748,Iranian hip hop,http://www.wikidata.org/entity/Q3135793,Middle Eastern hip hop,
http://www.wikidata.org/entity/Q842324,indie pop,http://www.wikidata.org/entity/Q37073,pop music,1980-01-01T00:00:00Z
http://www.wikidata.org/entity/Q842324,indie pop,http://www.wikidata.org/entity/Q42201,independent music,1980-01-01T00:00:00Z
http://www.wikidata.org/entity/Q844245,Gypsy jazz,http://www.wikidata.org/entity/Q8341,jazz,1935-01-01T00:00:00Z
http://www.wikidata.org/entity/Q846119,psychedelic music,http://www.wikidata.org/entity/Q373342,popular music,1964-01-01T00:00:00Z
http://www.wikidata.org/entity/Q846219,gagok,http://www.wikidata.org/entity/Q389372,jeongak,
http://www.wikidata.org/entity/Q846748,conductus,http://www.wikidata.org/entity/Q163775,medieval music,
http://www.wikidata.org/entity/Q846833,crossover jazz,http://www.wikidata.org/entity/Q8341,jazz,1975-01-01T00:00:00Z
http://www.wikidata.org/entity/Q848399,easy listening,http://www.wikidata.org/entity/Q373342,popular music,1948-01-01T00:00:00Z
http://www.wikidata.org/entity/Q848457,speedcore,http://www.wikidata.org/entity/Q388906,hardcore,1994-01-01T00:00:00Z
http://www.wikidata.org/entity/Q848852,Eurobeat,http://www.wikidata.org/entity/Q851213,electronic dance music,1988-01-01T00:00:00Z
http://www.wikidata.org/entity/Q850412,contemporary R&B,http://www.wikidata.org/entity/Q37073,pop music,1980-01-01T00:00:00Z
http://www.wikidata.org/entity/Q850412,contemporary R&B,http://www.wikidata.org/entity/Q45981,rhythm and blues,1980-01-01T00:00:00Z
http://www.wikidata.org/entity/Q851213,electronic dance music,http://www.wikidata.org/entity/Q9778,electronic music,1977-01-01T00:00:00Z
http://www.wikidata.org/entity/Q852027,impromptu,http://www.wikidata.org/entity/Q9730,classical music,
http://www.wikidata.org/entity/Q852767,Southern rock,http://www.wikidata.org/entity/Q11399,rock music,1968-01-01T00:00:00Z
http://www.wikidata.org/entity/Q853873,cantopop,http://www.wikidata.org/entity/Q37073,pop music,
http://www.wikidata.org/entity/Q853873,cantopop,http://www.wikidata.org/entity/Q1192110,C-pop,
http://www.wikidata.org/entity/Q856872,rap metal,http://www.wikidata.org/entity/Q20378,alternative metal,1985-01-01T00:00:00Z
http://www.wikidata.org/entity/Q856872,rap metal,http://www.wikidata.org/entity/Q877693,rap rock,1985-01-01T00:00:00Z
http://www.wikidata.org/entity/Q858579,big beat,http://www.wikidata.org/entity/Q663519,breakbeat,1992-01-01T00:00:00Z
http://www.wikidata.org/entity/Q861823,electroclash,http://www.wikidata.org/entity/Q851213,electronic dance music,1995-01-01T00:00:00Z
http://www.wikidata.org/entity/Q863539,binaural beats,http://www.wikidata.org/entity/Q9778,electronic music,1839-01-01T00:00:00Z
http://www.wikidata.org/entity/Q868855,old-school hip-hop,http://www.wikidata.org/entity/Q11401,hip-hop,1978-01-01T00:00:00Z
http://www.wikidata.org/entity/Q873478,enka,http://www.wikidata.org/entity/Q257533,music of Japan,1950-01-01T00:00:00Z
http://www.wikidata.org/entity/Q874038,deep house,http://www.wikidata.org/entity/Q20502,house music,1985-01-01T00:00:00Z
http://www.wikidata.org/entity/Q876171,East Coast hip-hop,http://www.wikidata.org/entity/Q3135787,American hip-hop,1978-01-01T00:00:00Z
http://www.wikidata.org/entity/Q876812,capriccio,http://www.wikidata.org/entity/Q9730,classical music,
http://www.wikidata.org/entity/Q877693,rap rock,http://www.wikidata.org/entity/Q6010,rapping,1982-01-01T00:00:00Z
http://www.wikidata.org/entity/Q877693,rap rock,http://www.wikidata.org/entity/Q11399,rock music,1982-01-01T00:00:00Z
http://www.wikidata.org/entity/Q877693,rap rock,http://www.wikidata.org/entity/Q11401,hip-hop,1982-01-01T00:00:00Z
http://www.wikidata.org/entity/Q880270,traditional black gospel,http://www.wikidata.org/entity/Q1541229,American folk music,
http://www.wikidata.org/entity/Q882985,garba,http://www.wikidata.org/entity/Q531426,music of India,
http://www.wikidata.org/entity/Q885561,blue-eyed soul,http://www.wikidata.org/entity/Q37073,pop music,1965-01-01T00:00:00Z
http://www.wikidata.org/entity/Q885561,blue-eyed soul,http://www.wikidata.org/entity/Q131272,soul,1965-01-01T00:00:00Z
http://www.wikidata.org/entity/Q885943,blue yodeling,http://www.wikidata.org/entity/Q972424,old-time music,1927-01-01T00:00:00Z
http://www.wikidata.org/entity/Q888137,skweee,http://www.wikidata.org/entity/Q851213,electronic dance music,2005-01-01T00:00:00Z
http://www.wikidata.org/entity/Q888612,deathgrind,http://www.wikidata.org/entity/Q188534,grindcore,1988-01-01T00:00:00Z
http://www.wikidata.org/entity/Q888612,deathgrind,http://www.wikidata.org/entity/Q483251,death metal,1988-01-01T00:00:00Z
http://www.wikidata.org/entity/Q890575,punk metal,http://www.wikidata.org/entity/Q10922,hardcore punk,1978-01-01T00:00:00Z
http://www.wikidata.org/entity/Q890887,Eurotrance,http://www.wikidata.org/entity/Q170435,trance,1995-01-01T00:00:00Z
http://www.wikidata.org/entity/Q892958,boogaloo,http://www.wikidata.org/entity/Q45981,rhythm and blues,1963-01-01T00:00:00Z
http://www.wikidata.org/entity/Q896513,Hamburger Schule,http://www.wikidata.org/entity/Q183504,indie rock,
http://www.wikidata.org/entity/Q896981,field holler,http://www.wikidata.org/entity/Q502658,work song,
http://www.wikidata.org/entity/Q898530,Wagnerian rock,http://www.wikidata.org/entity/Q11399,rock music,1967-01-01T00:00:00Z
http://www.wikidata.org/entity/Q898709,rave music,http://www.wikidata.org/entity/Q851213,electronic dance music,
http://www.wikidata.org/entity/Q899215,music of Brazil,http://www.wikidata.org/entity/Q727781,music of Latin America,
http://www.wikidata.org/entity/Q903735,breakcore,http://www.wikidata.org/entity/Q388906,hardcore,1994-01-01T00:00:00Z
http://www.wikidata.org/entity/Q904500,Detroit rock,http://www.wikidata.org/entity/Q11399,rock music,
http://www.wikidata.org/entity/Q906647,Dixieland jazz,http://www.wikidata.org/entity/Q8341,jazz,1910-01-01T00:00:00Z
http://www.wikidata.org/entity/Q910606,music of Brittany,http://www.wikidata.org/entity/Q672134,music of France,
http://www.wikidata.org/entity/Q912383,furniture music,http://www.wikidata.org/entity/Q9730,classical music,1917-01-01T00:00:00Z
http://www.wikidata.org/entity/Q915152,progressive house,http://www.wikidata.org/entity/Q20502,house music,1990-01-01T00:00:00Z
http://www.wikidata.org/entity/Q2991840,snap music,http://www.wikidata.org/entity/Q11401,hip-hop,1997-01-01T00:00:00Z
http://www.wikidata.org/entity/Q2991840,snap music,http://www.wikidata.org/entity/Q114880124,US bass music,1997-01-01T00:00:00Z
http://www.wikidata.org/entity/Q2994332,rock en español,http://www.wikidata.org/entity/Q11399,rock music,1960-01-01T00:00:00Z
http://www.wikidata.org/entity/Q2994332,rock en español,http://www.wikidata.org/entity/Q107718509,Hispanic music,1960-01-01T00:00:00Z
http://www.wikidata.org/entity/Q2995521,contenance angloise,http://www.wikidata.org/entity/Q163775,medieval music,
http://www.wikidata.org/entity/Q2995521,contenance angloise,http://www.wikidata.org/entity/Q179465,polyphony,
http://www.wikidata.org/entity/Q2995521,contenance angloise,http://www.wikidata.org/entity/Q201405,Renaissance music,
http://www.wikidata.org/entity/Q2997058,melodic black metal,http://www.wikidata.org/entity/Q132438,black metal,1992-01-01T00:00:00Z
http://www.wikidata.org/entity/Q2998920,country soul,http://www.wikidata.org/entity/Q131272,soul,
http://www.wikidata.org/entity/Q3008122,cyber metal,http://www.wikidata.org/entity/Q208494,industrial metal,1995-01-01T00:00:00Z
http://www.wikidata.org/entity/Q3008180,cybergrind,http://www.wikidata.org/entity/Q188534,grindcore,
http://www.wikidata.org/entity/Q3020766,death country,http://www.wikidata.org/entity/Q83440,country music,
http://www.wikidata.org/entity/Q3020766,death country,http://www.wikidata.org/entity/Q1164252,deathrock,
http://www.wikidata.org/entity/Q3021144,deepkho,http://www.wikidata.org/entity/Q11401,hip-hop,2005-01-01T00:00:00Z
http://www.wikidata.org/entity/Q3023376,Denver sound,http://www.wikidata.org/entity/Q438476,alternative country,
http://www.wikidata.org/entity/Q3023376,Denver sound,http://www.wikidata.org/entity/Q65052052,gothic country,
http://www.wikidata.org/entity/Q3025242,pimba,http://www.wikidata.org/entity/Q2579987,music of Portugal,1975-01-01T00:00:00Z
http://www.wikidata.org/entity/Q3026173,diane,http://www.wikidata.org/entity/Q952404,drumline,
http://www.wikidata.org/entity/Q3026173,diane,http://www.wikidata.org/entity/Q1547148,bugle call,
http://www.wikidata.org/entity/Q3029796,disco-funk,http://www.wikidata.org/entity/Q58339,disco,
http://www.wikidata.org/entity/Q3029796,disco-funk,http://www.wikidata.org/entity/Q164444,funk,
http://www.wikidata.org/entity/Q3032090,Salegy,http://www.wikidata.org/entity/Q1091536,music of Madagascar,1960-01-01T00:00:00Z
http://www.wikidata.org/entity/Q3032212,diva house,http://www.wikidata.org/entity/Q20502,house music,1988-01-01T00:00:00Z
http://www.wikidata.org/entity/Q3036886,atmospheric doom metal,http://www.wikidata.org/entity/Q186170,doom metal,
http://www.wikidata.org/entity/Q3039303,dreck-electro,http://www.wikidata.org/entity/Q851213,electronic dance music,
http://www.wikidata.org/entity/Q3046632,easycore,http://www.wikidata.org/entity/Q183862,metalcore,2004-01-01T00:00:00Z
http://www.wikidata.org/entity/Q3046632,easycore,http://www.wikidata.org/entity/Q487914,pop-punk,2004-01-01T00:00:00Z
http://www.wikidata.org/entity/Q3048168,mákina,http://www.wikidata.org/entity/Q1033912,hard dance,1995-01-01T00:00:00Z
http://www.wikidata.org/entity/Q3048168,mákina,http://www.wikidata.org/entity/Q3084222,hard techno,1995-01-01T00:00:00Z
http://www.wikidata.org/entity/Q3050572,electro urban,http://www.wikidata.org/entity/Q20502,house music,
http://www.wikidata.org/entity/Q3050572,electro urban,http://www.wikidata.org/entity/Q2529400,urban contemporary,
http://www.wikidata.org/entity/Q3052655,low bap,http://www.wikidata.org/entity/Q12876996,Greek hip hop,
http://www.wikidata.org/entity/Q3053954,new flamenco,http://www.wikidata.org/entity/Q9764,flamenco,1970-01-01T00:00:00Z
http://www.wikidata.org/entity/Q3056538,Latin house,http://www.wikidata.org/entity/Q20502,house music,1987-01-01T00:00:00Z
http://www.wikidata.org/entity/Q3056538,Latin house,http://www.wikidata.org/entity/Q18345375,Latin music,1987-01-01T00:00:00Z
http://www.wikidata.org/entity/Q3062629,extratone,http://www.wikidata.org/entity/Q848457,speedcore,2006-01-01T00:00:00Z
http://www.wikidata.org/entity/Q3066180,bouncy techno,http://www.wikidata.org/entity/Q339906,happy hardcore,1992-01-01T00:00:00Z
http://www.wikidata.org/entity/Q3066180,bouncy techno,http://www.wikidata.org/entity/Q898709,rave music,1992-01-01T00:00:00Z
http://www.wikidata.org/entity/Q3069904,porro,http://www.wikidata.org/entity/Q3394906,music of the Caribbean,1950-01-01T00:00:00Z
http://www.wikidata.org/entity/Q3069904,porro,http://www.wikidata.org/entity/Q107718539,Hispanic American music,1950-01-01T00:00:00Z
http://www.wikidata.org/entity/Q3075498,Honkyoku,http://www.wikidata.org/entity/Q492067,Buddhist music,
http://www.wikidata.org/entity/Q3075498,Honkyoku,http://www.wikidata.org/entity/Q106586236,Japanese classical music,
http://www.wikidata.org/entity/Q3410854,French punk,http://www.wikidata.org/entity/Q672134,music of France,
http://www.wikidata.org/entity/Q3410876,punta rock,http://www.wikidata.org/entity/Q11399,rock music,1978-01-01T00:00:00Z
http://www.wikidata.org/entity/Q3410882,punto guajiro,http://www.wikidata.org/entity/Q1544863,music of Cuba,
http://www.wikidata.org/entity/Q3413969,Quebradita,http://www.wikidata.org/entity/Q6826021,Mexican cumbia,
http://www.wikidata.org/entity/Q3415943,rabiz,http://www.wikidata.org/entity/Q37073,pop music,
http://www.wikidata.org/entity/Q3415943,rabiz,http://www.wikidata.org/entity/Q2665906,music of Armenia,
http://www.wikidata.org/entity/Q3417531,ragtime song,http://www.wikidata.org/entity/Q185652,ragtime,
http://www.wikidata.org/entity/Q3419345,Romanian hip hop,http://www.wikidata.org/entity/Q852210,music of Romania,
http://www.wikidata.org/entity/Q3419345,Romanian hip hop,http://www.wikidata.org/entity/Q5413526,European hip-hop,
http://www.wikidata.org/entity/Q3419347,Moroccan hip-hop,http://www.wikidata.org/entity/Q387236,African hip-hop,
http://www.wikidata.org/entity/Q3419347,Moroccan hip-hop,http://www.wikidata.org/entity/Q2346484,music of Morocco,
http://www.wikidata.org/entity/Q3419350,Nigerien hip hop,http://www.wikidata.org/entity/Q387236,African hip-hop,
http://www.wikidata.org/entity/Q3419350,Nigerien hip hop,http://www.wikidata.org/entity/Q6942229,music of Niger,
http://www.wikidata.org/entity/Q3419744,rara,http://www.wikidata.org/entity/Q3710513,music of Haiti,
http://www.wikidata.org/entity/Q3419744,rara,http://www.wikidata.org/entity/Q107033384,holiday music,
http://www.wikidata.org/entity/Q3421402,Raï'n'B,http://www.wikidata.org/entity/Q839029,raï,2004-01-01T00:00:00Z
http://www.wikidata.org/entity/Q3421402,Raï'n'B,http://www.wikidata.org/entity/Q113509746,French contemporary R&B,2004-01-01T00:00:00Z
http://www.wikidata.org/entity/Q3422697,red dirt,http://www.wikidata.org/entity/Q852767,Southern rock,
http://www.wikidata.org/entity/Q3422697,red dirt,http://www.wikidata.org/entity/Q964658,outlaw country,
http://www.wikidata.org/entity/Q3422966,redowa,http://www.wikidata.org/entity/Q9730,classical music,
http://www.wikidata.org/entity/Q3437798,Algerian rock,http://www.wikidata.org/entity/Q11399,rock music,
http://www.wikidata.org/entity/Q3437798,Algerian rock,http://www.wikidata.org/entity/Q3328583,music of Algeria,
http://www.wikidata.org/entity/Q3437802,American rock,http://www.wikidata.org/entity/Q11399,rock music,
http://www.wikidata.org/entity/Q3437802,American rock,http://www.wikidata.org/entity/Q2267955,music of the United States,
http://www.wikidata.org/entity/Q3437814,Basque rock,http://www.wikidata.org/entity/Q11399,rock music,
http://www.wikidata.org/entity/Q3437814,Basque rock,http://www.wikidata.org/entity/Q3328599,Basque music,
http://www.wikidata.org/entity/Q3437817,Australian rock,http://www.wikidata.org/entity/Q11399,rock music,
http://www.wikidata.org/entity/Q3437817,Australian rock,http://www.wikidata.org/entity/Q3114644,music of Australia,
http://www.wikidata.org/entity/Q3437819,Belgian rock,http://www.wikidata.org/entity/Q11399,rock music,
http://www.wikidata.org/entity/Q3437819,Belgian rock,http://www.wikidata.org/entity/Q2587471,music of Belgium,
http://www.wikidata.org/entity/Q3437821,Canadian rock,http://www.wikidata.org/entity/Q11399,rock music,
http://www.wikidata.org/entity/Q3437821,Canadian rock,http://www.wikidata.org/entity/Q6942037,music of Canada,
http://www.wikidata.org/entity/Q3437823,Chilean rock,http://www.wikidata.org/entity/Q11399,rock music,1958-01-01T00:00:00Z
http://www.wikidata.org/entity/Q3437823,Chilean rock,http://www.wikidata.org/entity/Q3889385,music of Chile,1958-01-01T00:00:00Z
http://www.wikidata.org/entity/Q3437825,communist rock,http://www.wikidata.org/entity/Q11399,rock music,
http://www.wikidata.org/entity/Q3437826,Croatian rock,http://www.wikidata.org/entity/Q11399,rock music,
http://www.wikidata.org/entity/Q3437826,Croatian rock,http://www.wikidata.org/entity/Q1236268,music of Croatia,
http://www.wikidata.org/entity/Q3437827,Danish rock,http://www.wikidata.org/entity/Q11399,rock music,
http://www.wikidata.org/entity/Q3437827,Danish rock,http://www.wikidata.org/entity/Q2449418,music of Denmark,
http://www.wikidata.org/entity/Q3437832,Spanish rock,http://www.wikidata.org/entity/Q11399,rock music,
http://www.wikidata.org/entity/Q3437832,Spanish rock,http://www.wikidata.org/entity/Q964987,music of Spain,
http://www.wikidata.org/entity/Q3437834,Estonian rock,http://www.wikidata.org/entity/Q11399,rock music,
http://www.wikidata.org/entity/Q3437834,Estonian rock,http://www.wikidata.org/entity/Q3110519,music of Estonia,
http://www.wikidata.org/entity/Q3437841,French rock,http://www.wikidata.org/entity/Q11399,rock music,1955-01-01T00:00:00Z
http://www.wikidata.org/entity/Q3437841,French rock,http://www.wikidata.org/entity/Q672134,music of France,1955-01-01T00:00:00Z
http://www.wikidata.org/entity/Q3437842,Greek rock,http://www.wikidata.org/entity/Q11399,rock music,
http://www.wikidata.org/entity/Q3437842,Greek rock,http://www.wikidata.org/entity/Q1465419,music of Greece,
http://www.wikidata.org/entity/Q3437846,Hungarian rock,http://www.wikidata.org/entity/Q11399,rock music,
http://www.wikidata.org/entity/Q3437846,Hungarian rock,http://www.wikidata.org/entity/Q932477,music of Hungary,
http://www.wikidata.org/entity/Q3437850,Irish rock,http://www.wikidata.org/entity/Q11399,rock music,
http://www.wikidata.org/entity/Q3437850,Irish rock,http://www.wikidata.org/entity/Q1378776,music of Ireland,
http://www.wikidata.org/entity/Q3437852,Icelandic rock music,http://www.wikidata.org/entity/Q11399,rock music,
http://www.wikidata.org/entity/Q3437852,Icelandic rock music,http://www.wikidata.org/entity/Q2617447,music of Iceland,
http://www.wikidata.org/entity/Q3437854,Italian rock music,http://www.wikidata.org/entity/Q11399,rock music,
http://www.wikidata.org/entity/Q3437854,Italian rock music,http://www.wikidata.org/entity/Q3679098,music of Italy,
http://www.wikidata.org/entity/Q3437855,Malaysian rock,http://www.wikidata.org/entity/Q11399,rock music,
http://www.wikidata.org/entity/Q3437855,Malaysian rock,http://www.wikidata.org/entity/Q6742070,Malaysian popular music,
http://www.wikidata.org/entity/Q3437856,Lithuanian rock,http://www.wikidata.org/entity/Q11399,rock music,
http://www.wikidata.org/entity/Q3437856,Lithuanian rock,http://www.wikidata.org/entity/Q5766537,music of Lithuania,
http://www.wikidata.org/entity/Q3437861,Mexican rock music,http://www.wikidata.org/entity/Q11399,rock music,
http://www.wikidata.org/entity/Q3437861,Mexican rock music,http://www.wikidata.org/entity/Q185162,Latin rock,
http://www.wikidata.org/entity/Q3437861,Mexican rock music,http://www.wikidata.org/entity/Q3397325,music of Mexico,
http://www.wikidata.org/entity/Q3437862,Norwegian rock,http://www.wikidata.org/entity/Q11399,rock music,
http://www.wikidata.org/entity/Q3437862,Norwegian rock,http://www.wikidata.org/entity/Q833189,music of Norway,
http://www.wikidata.org/entity/Q3437864,Dutch rock,http://www.wikidata.org/entity/Q11399,rock music,
http://www.wikidata.org/entity/Q3437864,Dutch rock,http://www.wikidata.org/entity/Q377185,music of the Netherlands,
http://www.wikidata.org/entity/Q3437867,New Zealand rock music,http://www.wikidata.org/entity/Q11399,rock music,
http://www.wikidata.org/entity/Q3437867,New Zealand rock music,http://www.wikidata.org/entity/Q6942216,music of New Zealand,
http://www.wikidata.org/entity/Q3437868,Nepalese rock,http://www.wikidata.org/entity/Q11399,rock music,
http://www.wikidata.org/entity/Q3437868,Nepalese rock,http://www.wikidata.org/entity/Q3328735,music of Nepal,
http://www.wikidata.org/entity/Q3437873,Peruvian rock,http://www.wikidata.org/entity/Q11399,rock music,
http://www.wikidata.org/entity/Q3437873,Peruvian rock,http://www.wikidata.org/entity/Q3085344,music of Peru,
http://www.wikidata.org/entity/Q3437876,Slovenian rock,http://www.wikidata.org/entity/Q11399,rock music,1968-01-01T00:00:00Z
http://www.wikidata.org/entity/Q3437876,Slovenian rock,http://www.wikidata.org/entity/Q3328766,music of Slovenia,1968-01-01T00:00:00Z
http://www.wikidata.org/entity/Q3437879,Swiss rock,http://www.wikidata.org/entity/Q11399,rock music,
http://www.wikidata.org/entity/Q3437879,Swiss rock,http://www.wikidata.org/entity/Q2082510,music of Switzerland,
http://www.wikidata.org/entity/Q3437882,Czech rock,http://www.wikidata.org/entity/Q11399,rock music,
http://www.wikidata.org/entity/Q3437882,Czech rock,http://www.wikidata.org/entity/Q2981079,music of the Czech Republic,
http://www.wikidata.org/entity/Q3437891,Vietnamese rock,http://www.wikidata.org/entity/Q11399,rock music,
http://www.wikidata.org/entity/Q3437891,Vietnamese rock,http://www.wikidata.org/entity/Q1156957,music of Vietnam,
http://www.wikidata.org/entity/Q3446440,rub-a-dub,http://www.wikidata.org/entity/Q15357587,early dancehall,1980-01-01T00:00:00Z
http://www.wikidata.org/entity/Q3453150,Congolese rumba,http://www.wikidata.org/entity/Q116777655,music of Congo,1940-01-01T00:00:00Z
http://www.wikidata.org/entity/Q3470688,samba de gafieira,http://www.wikidata.org/entity/Q11403,samba,1930-01-01T00:00:00Z
http://www.wikidata.org/entity/Q3470692,samba-enredo,http://www.wikidata.org/entity/Q11403,samba,
http://www.wikidata.org/entity/Q3474944,scan,http://www.wikidata.org/entity/Q1298934,synth-pop,
http://www.wikidata.org/entity/Q3474944,scan,http://www.wikidata.org/entity/Q110471193,music of Scandinavia,
http://www.wikidata.org/entity/Q3476584,Chicago hardcore,http://www.wikidata.org/entity/Q10922,hardcore punk,1981-01-01T00:00:00Z
http://www.wikidata.org/entity/Q3476798,seapunk,http://www.wikidata.org/entity/Q9778,electronic music,2011-01-01T00:00:00Z
http://www.wikidata.org/entity/Q3477737,seggae,http://www.wikidata.org/entity/Q9794,reggae,1985-01-01T00:00:00Z
http://www.wikidata.org/entity/Q3477737,seggae,http://www.wikidata.org/entity/Q1781796,sega,1985-01-01T00:00:00Z
http://www.wikidata.org/entity/Q3482281,visa,http://www.wikidata.org/entity/Q26302245,music of the Nordic countries,
http://www.wikidata.org/entity/Q3486097,ska rock,http://www.wikidata.org/entity/Q11399,rock music,
http://www.wikidata.org/entity/Q3486097,ska rock,http://www.wikidata.org/entity/Q3990466,third wave ska,
http://www.wikidata.org/entity/Q3486495,Slackness,http://www.wikidata.org/entity/Q474027,dancehall,
http://www.wikidata.org/entity/Q915152,progressive house,http://www.wikidata.org/entity/Q12200830,progressive electronic dance music,1990-01-01T00:00:00Z
http://www.wikidata.org/entity/Q916387,exotica,http://www.wikidata.org/entity/Q848399,easy listening,1948-01-01T00:00:00Z
http://www.wikidata.org/entity/Q918095,Britcore,http://www.wikidata.org/entity/Q966564,hardcore hip-hop,1988-01-01T00:00:00Z
http://www.wikidata.org/entity/Q918542,British blues,http://www.wikidata.org/entity/Q640097,electric blues,1958-01-01T00:00:00Z
http://www.wikidata.org/entity/Q918727,revue,http://www.wikidata.org/entity/Q1370345,musical theater,
http://www.wikidata.org/entity/Q919516,troparion,http://www.wikidata.org/entity/Q484692,hymn,
http://www.wikidata.org/entity/Q919948,music of Greenland,http://www.wikidata.org/entity/Q26302245,music of the Nordic countries,
http://www.wikidata.org/entity/Q920883,music of Colombia,http://www.wikidata.org/entity/Q727781,music of Latin America,
http://www.wikidata.org/entity/Q920883,music of Colombia,http://www.wikidata.org/entity/Q5645984,music of South America,
http://www.wikidata.org/entity/Q922865,trancecore,http://www.wikidata.org/entity/Q388906,hardcore,1990-01-01T00:00:00Z
http://www.wikidata.org/entity/Q927425,French overture,http://www.wikidata.org/entity/Q8361,Baroque music,
http://www.wikidata.org/entity/Q927425,French overture,http://www.wikidata.org/entity/Q202287,overture,
http://www.wikidata.org/entity/Q928825,garage house,http://www.wikidata.org/entity/Q20502,house music,1983-01-01T00:00:00Z
http://www.wikidata.org/entity/Q930592,Italo dance,http://www.wikidata.org/entity/Q216961,Eurodance,1988-01-01T00:00:00Z
http://www.wikidata.org/entity/Q930995,queercore,http://www.wikidata.org/entity/Q3071,punk rock,1985-01-01T00:00:00Z
http://www.wikidata.org/entity/Q932477,music of Hungary,http://www.wikidata.org/entity/Q106507381,music of Central Europe,
http://www.wikidata.org/entity/Q932977,crossover thrash,http://www.wikidata.org/entity/Q10922,hardcore punk,1985-01-01T00:00:00Z
http://www.wikidata.org/entity/Q932977,crossover thrash,http://www.wikidata.org/entity/Q483352,thrash metal,1985-01-01T00:00:00Z
http://www.wikidata.org/entity/Q935086,music of Qatar,http://www.wikidata.org/entity/Q525073,music of Asia,
http://www.wikidata.org/entity/Q935586,liturgical music,http://www.wikidata.org/entity/Q1065742,religious music,
http://www.wikidata.org/entity/Q935586,liturgical music,http://www.wikidata.org/entity/Q11787379,ritual music,
http://www.wikidata.org/entity/Q936552,music of Tunisia,http://www.wikidata.org/entity/Q11400811,music of North Africa,
http://www.wikidata.org/entity/Q936573,crunk,http://www.wikidata.org/entity/Q11401,hip-hop,1997-01-01T00:00:00Z
http://www.wikidata.org/entity/Q936573,crunk,http://www.wikidata.org/entity/Q114880124,US bass music,1997-01-01T00:00:00Z
http://www.wikidata.org/entity/Q936942,post-industrial music,http://www.wikidata.org/entity/Q487965,industrial music,1988-01-01T00:00:00Z
http://www.wikidata.org/entity/Q942955,milonga,http://www.wikidata.org/entity/Q98528197,Hispanic American folk music,
http://www.wikidata.org/entity/Q942955,milonga,http://www.wikidata.org/entity/Q123856101,Rioplatense music,
http://www.wikidata.org/entity/Q944465,jazz rock,http://www.wikidata.org/entity/Q11399,rock music,1960-01-01T00:00:00Z
http://www.wikidata.org/entity/Q947155,kirtan,http://www.wikidata.org/entity/Q98528198,South Asian folk music,
http://www.wikidata.org/entity/Q949369,funky house,http://www.wikidata.org/entity/Q20502,house music,1993-01-01T00:00:00Z
http://www.wikidata.org/entity/Q956717,kwaito,http://www.wikidata.org/entity/Q20502,house music,1998-01-01T00:00:00Z
http://www.wikidata.org/entity/Q956717,kwaito,http://www.wikidata.org/entity/Q4794612,music of South Africa,1998-01-01T00:00:00Z
http://www.wikidata.org/entity/Q956883,Carnatic music,http://www.wikidata.org/entity/Q1323698,Indian classical music,1100-01-01T00:00:00Z
http://www.wikidata.org/entity/Q956925,music of Taiwan,http://www.wikidata.org/entity/Q3868595,music of East Asia,
http://www.wikidata.org/entity/Q958982,saeta,http://www.wikidata.org/entity/Q2338544,cante jondo,
http://www.wikidata.org/entity/Q958982,saeta,http://www.wikidata.org/entity/Q16684826,paraliturgical music,
http://www.wikidata.org/entity/Q958982,saeta,http://www.wikidata.org/entity/Q107266605,Andalusian folk music,
http://www.wikidata.org/entity/Q959583,schlager music,http://www.wikidata.org/entity/Q37073,pop music,1874-01-01T00:00:00Z
http://www.wikidata.org/entity/Q959583,schlager music,http://www.wikidata.org/entity/Q3328676,music of Europe,1874-01-01T00:00:00Z
http://www.wikidata.org/entity/Q961146,chilena,http://www.wikidata.org/entity/Q3397325,music of Mexico,
http://www.wikidata.org/entity/Q963061,highlife,http://www.wikidata.org/entity/Q6942329,music of West Africa,1965-01-01T00:00:00Z
http://www.wikidata.org/entity/Q963369,vispop,http://www.wikidata.org/entity/Q37073,pop music,
http://www.wikidata.org/entity/Q963369,vispop,http://www.wikidata.org/entity/Q110471193,music of Scandinavia,
http://www.wikidata.org/entity/Q964658,outlaw country,http://www.wikidata.org/entity/Q4490991,progressive country,
http://www.wikidata.org/entity/Q964987,music of Spain,http://www.wikidata.org/entity/Q18345375,Latin music,
http://www.wikidata.org/entity/Q964987,music of Spain,http://www.wikidata.org/entity/Q110592632,music of the Iberian Peninsula,
http://www.wikidata.org/entity/Q965635,underground hip-hop,http://www.wikidata.org/entity/Q6010,rapping,1988-01-01T00:00:00Z
http://www.wikidata.org/entity/Q965635,underground hip-hop,http://www.wikidata.org/entity/Q11401,hip-hop,1988-01-01T00:00:00Z
http://www.wikidata.org/entity/Q965635,underground hip-hop,http://www.wikidata.org/entity/Q42201,independent music,1988-01-01T00:00:00Z
http://www.wikidata.org/entity/Q965635,underground hip-hop,http://www.wikidata.org/entity/Q1373485,underground music,1988-01-01T00:00:00Z
http://www.wikidata.org/entity/Q965834,Znamenny chant,http://www.wikidata.org/entity/Q23072435,chant,
http://www.wikidata.org/entity/Q965834,Znamenny chant,http://www.wikidata.org/entity/Q139566472,East Slavic church music,
http://www.wikidata.org/entity/Q966438,blues ballad,http://www.wikidata.org/entity/Q116690343,ballad,
http://www.wikidata.org/entity/Q966564,hardcore hip-hop,http://www.wikidata.org/entity/Q11401,hip-hop,1988-01-01T00:00:00Z
http://www.wikidata.org/entity/Q967654,neurofunk,http://www.wikidata.org/entity/Q188994,drum and bass,1998-01-01T00:00:00Z
http://www.wikidata.org/entity/Q968018,music of Belize,http://www.wikidata.org/entity/Q3394906,music of the Caribbean,
http://www.wikidata.org/entity/Q968018,music of Belize,http://www.wikidata.org/entity/Q5060331,music of Central America,
http://www.wikidata.org/entity/Q968165,brukdown,http://www.wikidata.org/entity/Q968018,music of Belize,1870-01-01T00:00:00Z
http://www.wikidata.org/entity/Q968730,industrial rock,http://www.wikidata.org/entity/Q11399,rock music,1976-01-01T00:00:00Z
http://www.wikidata.org/entity/Q968730,industrial rock,http://www.wikidata.org/entity/Q936942,post-industrial music,1976-01-01T00:00:00Z
http://www.wikidata.org/entity/Q969663,political hip-hop,http://www.wikidata.org/entity/Q11401,hip-hop,1970-01-01T00:00:00Z
http://www.wikidata.org/entity/Q969663,political hip-hop,http://www.wikidata.org/entity/Q132531661,leftist music,1970-01-01T00:00:00Z
http://www.wikidata.org/entity/Q970409,unblack metal,http://www.wikidata.org/entity/Q132438,black metal,1992-01-01T00:00:00Z
http://www.wikidata.org/entity/Q970409,unblack metal,http://www.wikidata.org/entity/Q822914,Christian metal,1992-01-01T00:00:00Z
http://www.wikidata.org/entity/Q972424,old-time music,http://www.wikidata.org/entity/Q108743983,North American folk music,
http://www.wikidata.org/entity/Q972634,African popular music,http://www.wikidata.org/entity/Q369820,music of Africa,
http://www.wikidata.org/entity/Q972634,African popular music,http://www.wikidata.org/entity/Q373342,popular music,
http://www.wikidata.org/entity/Q973150,mandopop,http://www.wikidata.org/entity/Q1192110,C-pop,
http://www.wikidata.org/entity/Q976802,tumba francesa,http://www.wikidata.org/entity/Q1544863,music of Cuba,
http://www.wikidata.org/entity/Q985039,imayō,http://www.wikidata.org/entity/Q7832297,traditional Japanese music,
http://www.wikidata.org/entity/Q988502,sutartinė,http://www.wikidata.org/entity/Q179465,polyphony,
http://www.wikidata.org/entity/Q988502,sutartinė,http://www.wikidata.org/entity/Q54891495,Lithuanian folk music,
http://www.wikidata.org/entity/Q989478,empfindsamkeit,http://www.wikidata.org/entity/Q8361,Baroque music,1750-01-01T00:00:00Z
http://www.wikidata.org/entity/Q997481,bubblegum music,http://www.wikidata.org/entity/Q37073,pop music,1960-01-01T00:00:00Z
http://www.wikidata.org/entity/Q1003981,music of Bulgaria,http://www.wikidata.org/entity/Q3211884,music of the Balkans,
http://www.wikidata.org/entity/Q1014887,burger-highlife,http://www.wikidata.org/entity/Q963061,highlife,
http://www.wikidata.org/entity/Q1020611,bühnenmusik,http://www.wikidata.org/entity/Q7777494,theatre music,
http://www.wikidata.org/entity/Q1026089,Cajun music,http://www.wikidata.org/entity/Q6942158,music of Louisiana,1790-01-01T00:00:00Z
http://www.wikidata.org/entity/Q1026113,cakewalk,http://www.wikidata.org/entity/Q185652,ragtime,
http://www.wikidata.org/entity/Q1027999,vocal trance,http://www.wikidata.org/entity/Q170435,trance,1992-01-01T00:00:00Z
http://www.wikidata.org/entity/Q1033032,candomblé music,http://www.wikidata.org/entity/Q106926325,Brazilian folk music,
http://www.wikidata.org/entity/Q1033073,candombe,http://www.wikidata.org/entity/Q23965,music of Uruguay,
http://www.wikidata.org/entity/Q1033073,candombe,http://www.wikidata.org/entity/Q98528197,Hispanic American folk music,
http://www.wikidata.org/entity/Q1033073,candombe,http://www.wikidata.org/entity/Q123856101,Rioplatense music,
http://www.wikidata.org/entity/Q1033810,cantiga de amigo,http://www.wikidata.org/entity/Q2281713,cantiga,
http://www.wikidata.org/entity/Q837389,Latin jazz,http://www.wikidata.org/entity/Q18345375,Latin music,1943-01-01T00:00:00Z
http://www.wikidata.org/entity/Q839029,raï,http://www.wikidata.org/entity/Q3328583,music of Algeria,1920-01-01T00:00:00Z
http://www.wikidata.org/entity/Q845414,ryūka,http://www.wikidata.org/entity/Q17053898,Ryukyuan music,
http://www.wikidata.org/entity/Q846784,music of Sweden,http://www.wikidata.org/entity/Q110471193,music of Scandinavia,
http://www.wikidata.org/entity/Q851213,electronic dance music,http://www.wikidata.org/entity/Q11787389,club/dance music,1977-01-01T00:00:00Z
http://www.wikidata.org/entity/Q852210,music of Romania,http://www.wikidata.org/entity/Q106507381,music of Central Europe,
http://www.wikidata.org/entity/Q854451,Celtic music,http://www.wikidata.org/entity/Q3328676,music of Europe,
http://www.wikidata.org/entity/Q854775,bhajan,http://www.wikidata.org/entity/Q98528267,music of South Asia,
http://www.wikidata.org/entity/Q854844,bhangra,http://www.wikidata.org/entity/Q98528267,music of South Asia,
http://www.wikidata.org/entity/Q856713,Christian hymn,http://www.wikidata.org/entity/Q63203971,religious hymn,
http://www.wikidata.org/entity/Q860196,bikutsi,http://www.wikidata.org/entity/Q10334892,music of Cameroon,1940-01-01T00:00:00Z
http://www.wikidata.org/entity/Q867306,music of Thailand,http://www.wikidata.org/entity/Q10838732,music of Southeast Asia,
http://www.wikidata.org/entity/Q867914,clausula,http://www.wikidata.org/entity/Q23072435,chant,
http://www.wikidata.org/entity/Q869210,corrido,http://www.wikidata.org/entity/Q16942070,Mexican folk music,
http://www.wikidata.org/entity/Q869210,corrido,http://www.wikidata.org/entity/Q116690343,ballad,
http://www.wikidata.org/entity/Q869750,Okinawan music,http://www.wikidata.org/entity/Q17053898,Ryukyuan music,
http://www.wikidata.org/entity/Q870340,chalga,http://www.wikidata.org/entity/Q20825943,Balkan pop-folk,
http://www.wikidata.org/entity/Q880270,traditional black gospel,http://www.wikidata.org/entity/Q106085531,black gospel music,
http://www.wikidata.org/entity/Q880270,traditional black gospel,http://www.wikidata.org/entity/Q110592429,traditional gospel music,
http://www.wikidata.org/entity/Q885943,blue yodeling,http://www.wikidata.org/entity/Q3696098,country yodel,1927-01-01T00:00:00Z
http://www.wikidata.org/entity/Q890575,punk metal,http://www.wikidata.org/entity/Q12326776,metal music,1978-01-01T00:00:00Z
http://www.wikidata.org/entity/Q890887,Eurotrance,http://www.wikidata.org/entity/Q3328676,music of Europe,1995-01-01T00:00:00Z
http://www.wikidata.org/entity/Q892958,boogaloo,http://www.wikidata.org/entity/Q18345375,Latin music,1963-01-01T00:00:00Z
http://www.wikidata.org/entity/Q899116,neoclassical dark wave,http://www.wikidata.org/entity/Q3840596,dark wave,1986-01-01T00:00:00Z
http://www.wikidata.org/entity/Q899215,music of Brazil,http://www.wikidata.org/entity/Q5645984,music of South America,
http://www.wikidata.org/entity/Q901610,min'yō,http://www.wikidata.org/entity/Q106586219,Japanese folk music,
http://www.wikidata.org/entity/Q907799,Duranguense,http://www.wikidata.org/entity/Q7309098,regional Mexican,
http://www.wikidata.org/entity/Q4011109,rasqueado,http://www.wikidata.org/entity/Q1958273,sertanejo,
http://www.wikidata.org/entity/Q4020968,world fusion,http://www.wikidata.org/entity/Q8341,jazz,
http://www.wikidata.org/entity/Q4034145,antipop,http://www.wikidata.org/entity/Q1695023,alternative music,
http://www.wikidata.org/entity/Q4040357,halfstep,http://www.wikidata.org/entity/Q188994,drum and bass,
http://www.wikidata.org/entity/Q4045303,new-school hip-hop,http://www.wikidata.org/entity/Q11401,hip-hop,
http://www.wikidata.org/entity/Q4045538,nu-disco,http://www.wikidata.org/entity/Q58339,disco,1993-01-01T00:00:00Z
http://www.wikidata.org/entity/Q4045538,nu-disco,http://www.wikidata.org/entity/Q851213,electronic dance music,1993-01-01T00:00:00Z
http://www.wikidata.org/entity/Q4049849,spacesynth,http://www.wikidata.org/entity/Q851213,electronic dance music,1981-01-01T00:00:00Z
http://www.wikidata.org/entity/Q4056436,bard song,http://www.wikidata.org/entity/Q130572,music of the Soviet Union,1930-01-01T00:00:00Z
http://www.wikidata.org/entity/Q4056436,bard song,http://www.wikidata.org/entity/Q155858,music of Ukraine,1930-01-01T00:00:00Z
http://www.wikidata.org/entity/Q4056436,bard song,http://www.wikidata.org/entity/Q2498201,music of Russia,1930-01-01T00:00:00Z
http://www.wikidata.org/entity/Q4056436,bard song,http://www.wikidata.org/entity/Q89363113,singer-songwriter music,1930-01-01T00:00:00Z
http://www.wikidata.org/entity/Q4056436,bard song,http://www.wikidata.org/entity/Q94499224,Russian song,1930-01-01T00:00:00Z
http://www.wikidata.org/entity/Q4058252,Azerbaijani folk music,http://www.wikidata.org/entity/Q724104,music of Azerbaijan,
http://www.wikidata.org/entity/Q4059163,classical electronic music,http://www.wikidata.org/entity/Q9730,classical music,
http://www.wikidata.org/entity/Q4059163,classical electronic music,http://www.wikidata.org/entity/Q9778,electronic music,
http://www.wikidata.org/entity/Q4069711,Armenian folk music,http://www.wikidata.org/entity/Q2665906,music of Armenia,
http://www.wikidata.org/entity/Q4078107,bard rock,http://www.wikidata.org/entity/Q11399,rock music,1970-01-01T00:00:00Z
http://www.wikidata.org/entity/Q4078107,bard rock,http://www.wikidata.org/entity/Q4056436,bard song,1970-01-01T00:00:00Z
http://www.wikidata.org/entity/Q4083733,Beneventan chant,http://www.wikidata.org/entity/Q2707688,plainsong,0700-01-01T00:00:00Z
http://www.wikidata.org/entity/Q4083733,Beneventan chant,http://www.wikidata.org/entity/Q3679098,music of Italy,0700-01-01T00:00:00Z
http://www.wikidata.org/entity/Q4088026,blatnaya pesnya,http://www.wikidata.org/entity/Q1891685,Russian chanson,1850-01-01T00:00:00Z
http://www.wikidata.org/entity/Q4100058,Buryat folk music,http://www.wikidata.org/entity/Q98528287,Turkic-Mongolic music,
http://www.wikidata.org/entity/Q4119678,music of Mauritania,http://www.wikidata.org/entity/Q6942329,music of West Africa,
http://www.wikidata.org/entity/Q4130112,ryndzivky,http://www.wikidata.org/entity/Q16682190,Slavic rite song,
http://www.wikidata.org/entity/Q4138449,Catholic hymn,http://www.wikidata.org/entity/Q856713,Christian hymn,
http://www.wikidata.org/entity/Q4145692,Russian urban romance,http://www.wikidata.org/entity/Q4400837,Russian romance,
http://www.wikidata.org/entity/Q4145841,rock fusion,http://www.wikidata.org/entity/Q11399,rock music,
http://www.wikidata.org/entity/Q4155078,dark electro,http://www.wikidata.org/entity/Q372103,electronic body music,1989-01-01T00:00:00Z
http://www.wikidata.org/entity/Q4155078,dark electro,http://www.wikidata.org/entity/Q1403744,electro-industrial,1989-01-01T00:00:00Z
http://www.wikidata.org/entity/Q4159719,Armenian jazz,http://www.wikidata.org/entity/Q8341,jazz,
http://www.wikidata.org/entity/Q4159719,Armenian jazz,http://www.wikidata.org/entity/Q2665906,music of Armenia,
http://www.wikidata.org/entity/Q4171186,hayashi,http://www.wikidata.org/entity/Q7832297,traditional Japanese music,
http://www.wikidata.org/entity/Q4177625,hardcore breaks,http://www.wikidata.org/entity/Q1585075,breakbeat hardcore,2000-01-01T00:00:00Z
http://www.wikidata.org/entity/Q4179738,Cruel romance,http://www.wikidata.org/entity/Q4400837,Russian romance,
http://www.wikidata.org/entity/Q4181927,technoid,http://www.wikidata.org/entity/Q188994,drum and bass,
http://www.wikidata.org/entity/Q4198071,Hiérodrame,http://www.wikidata.org/entity/Q1065742,religious music,
http://www.wikidata.org/entity/Q4200851,Indonesian rock,http://www.wikidata.org/entity/Q11399,rock music,
http://www.wikidata.org/entity/Q4200851,Indonesian rock,http://www.wikidata.org/entity/Q1210921,music of Indonesia,
http://www.wikidata.org/entity/Q4202963,Ypakoe,http://www.wikidata.org/entity/Q484692,hymn,
http://www.wikidata.org/entity/Q4202963,Ypakoe,http://www.wikidata.org/entity/Q919516,troparion,
http://www.wikidata.org/entity/Q4203061,Iraqi folk music,http://www.wikidata.org/entity/Q3328692,music of Iraq,
http://www.wikidata.org/entity/Q4207331,musok eumak,http://www.wikidata.org/entity/Q3868631,shamanic music,
http://www.wikidata.org/entity/Q4208567,kai,http://www.wikidata.org/entity/Q691771,overtone singing,
http://www.wikidata.org/entity/Q4208567,kai,http://www.wikidata.org/entity/Q6941949,music of Altai,
http://www.wikidata.org/entity/Q4215151,samba-canção,http://www.wikidata.org/entity/Q11403,samba,
http://www.wikidata.org/entity/Q4216001,Sinawi,http://www.wikidata.org/entity/Q11787379,ritual music,
http://www.wikidata.org/entity/Q4247813,Kurafu kei,http://www.wikidata.org/entity/Q131425,visual kei,
http://www.wikidata.org/entity/Q4251198,Kui,http://www.wikidata.org/entity/Q25513043,Kazakh folk music,
http://www.wikidata.org/entity/Q4258162,Leningrad rock,http://www.wikidata.org/entity/Q2624785,Russian rock,
http://www.wikidata.org/entity/Q4290471,minstrel song,http://www.wikidata.org/entity/Q446241,neo-medieval music,
http://www.wikidata.org/entity/Q4306573,music of North Korea,http://www.wikidata.org/entity/Q716060,music of Korea,
http://www.wikidata.org/entity/Q4306577,music of Eswatini,http://www.wikidata.org/entity/Q98528232,music of Southern Africa,
http://www.wikidata.org/entity/Q4317267,neofolklorism,http://www.wikidata.org/entity/Q9730,classical music,
http://www.wikidata.org/entity/Q4337652,Ossetian music,http://www.wikidata.org/entity/Q2032053,music of Georgia,
http://www.wikidata.org/entity/Q4337652,Ossetian music,http://www.wikidata.org/entity/Q2498201,music of Russia,
http://www.wikidata.org/entity/Q4349839,chèo,http://www.wikidata.org/entity/Q10757361,Vietnamese folk music,
http://www.wikidata.org/entity/Q4371786,beompae,http://www.wikidata.org/entity/Q492067,Buddhist music,
http://www.wikidata.org/entity/Q4371786,beompae,http://www.wikidata.org/entity/Q716060,music of Korea,
http://www.wikidata.org/entity/Q4371786,beompae,http://www.wikidata.org/entity/Q23072435,chant,
http://www.wikidata.org/entity/Q4372158,pop Sunda,http://www.wikidata.org/entity/Q37073,pop music,
http://www.wikidata.org/entity/Q4376204,Eastern Orthodox music,http://www.wikidata.org/entity/Q6452410,Christian music,
http://www.wikidata.org/entity/Q4381192,music of Paraguay,http://www.wikidata.org/entity/Q727781,music of Latin America,
http://www.wikidata.org/entity/Q4381192,music of Paraguay,http://www.wikidata.org/entity/Q5645984,music of South America,
http://www.wikidata.org/entity/Q4390945,rautalanka,http://www.wikidata.org/entity/Q1650296,instrumental rock,
http://www.wikidata.org/entity/Q4396829,Iranian rock,http://www.wikidata.org/entity/Q11399,rock music,
http://www.wikidata.org/entity/Q4396829,Iranian rock,http://www.wikidata.org/entity/Q1672398,music of Iran,
http://www.wikidata.org/entity/Q4400497,Russian folk song,http://www.wikidata.org/entity/Q94499224,Russian song,
http://www.wikidata.org/entity/Q4400498,Russian folk music,http://www.wikidata.org/entity/Q16679594,Slavic folk music,
http://www.wikidata.org/entity/Q4400498,Russian folk music,http://www.wikidata.org/entity/Q88340836,Russian music,
http://www.wikidata.org/entity/Q4400803,Russian post-chanson,http://www.wikidata.org/entity/Q1891685,Russian chanson,
http://www.wikidata.org/entity/Q4400837,Russian romance,http://www.wikidata.org/entity/Q88340836,Russian music,1900-01-01T00:00:00Z
http://www.wikidata.org/entity/Q4428744,son cubano,http://www.wikidata.org/entity/Q1544863,music of Cuba,
http://www.wikidata.org/entity/Q264922,jingle,http://www.wikidata.org/entity/Q1193470,theme music,
http://www.wikidata.org/entity/Q268673,music of the United Kingdom,http://www.wikidata.org/entity/Q21971297,music of the British Isles,
http://www.wikidata.org/entity/Q271802,symphonic poem,http://www.wikidata.org/entity/Q3328774,symphonic music,
http://www.wikidata.org/entity/Q277393,music of China,http://www.wikidata.org/entity/Q3868595,music of East Asia,
http://www.wikidata.org/entity/Q278409,Hokkien pop,http://www.wikidata.org/entity/Q956925,music of Taiwan,1930-01-01T00:00:00Z
http://www.wikidata.org/entity/Q278409,Hokkien pop,http://www.wikidata.org/entity/Q1192110,C-pop,1930-01-01T00:00:00Z
http://www.wikidata.org/entity/Q280955,German jazz,http://www.wikidata.org/entity/Q2743758,music of Germany,
http://www.wikidata.org/entity/Q282131,merengue,http://www.wikidata.org/entity/Q3328778,tropical music,1850-01-01T00:00:00Z
http://www.wikidata.org/entity/Q282131,merengue,http://www.wikidata.org/entity/Q6942370,music of the Dominican Republic,1850-01-01T00:00:00Z
http://www.wikidata.org/entity/Q283405,punta,http://www.wikidata.org/entity/Q3394906,music of the Caribbean,1978-01-01T00:00:00Z
http://www.wikidata.org/entity/Q284543,ethereal wave,http://www.wikidata.org/entity/Q598929,post-punk,1982-01-01T00:00:00Z
http://www.wikidata.org/entity/Q284543,ethereal wave,http://www.wikidata.org/entity/Q3840596,dark wave,1982-01-01T00:00:00Z
http://www.wikidata.org/entity/Q288824,galliard,http://www.wikidata.org/entity/Q118738876,classical dance music,
http://www.wikidata.org/entity/Q288901,Jarana Yucateca,http://www.wikidata.org/entity/Q108950417,music of Yucatán,
http://www.wikidata.org/entity/Q289505,music of Rajasthan,http://www.wikidata.org/entity/Q531426,music of India,
http://www.wikidata.org/entity/Q290869,son montuno,http://www.wikidata.org/entity/Q4428744,son cubano,1900-01-01T00:00:00Z
http://www.wikidata.org/entity/Q307054,schranz,http://www.wikidata.org/entity/Q3084222,hard techno,1995-01-01T00:00:00Z
http://www.wikidata.org/entity/Q310871,lowercase,http://www.wikidata.org/entity/Q572901,minimalist music,1997-01-01T00:00:00Z
http://www.wikidata.org/entity/Q310871,lowercase,http://www.wikidata.org/entity/Q7306376,reductionism,1997-01-01T00:00:00Z
http://www.wikidata.org/entity/Q318973,Abendmusik,http://www.wikidata.org/entity/Q8812109,church music,1700-01-01T00:00:00Z
http://www.wikidata.org/entity/Q320592,Krautrock,http://www.wikidata.org/entity/Q1641839,experimental rock,1967-01-01T00:00:00Z
http://www.wikidata.org/entity/Q325397,indietronica,http://www.wikidata.org/entity/Q817138,electronica,1993-01-01T00:00:00Z
http://www.wikidata.org/entity/Q325397,indietronica,http://www.wikidata.org/entity/Q1695023,alternative music,1993-01-01T00:00:00Z
http://www.wikidata.org/entity/Q329385,schottische,http://www.wikidata.org/entity/Q3328676,music of Europe,
http://www.wikidata.org/entity/Q331810,colindă,http://www.wikidata.org/entity/Q503354,Christmas carol,
http://www.wikidata.org/entity/Q331810,colindă,http://www.wikidata.org/entity/Q12736123,Romanian folk music,
http://www.wikidata.org/entity/Q756146,Atlanta blues,http://www.wikidata.org/entity/Q9759,blues,
http://www.wikidata.org/entity/Q756956,dark ambient,http://www.wikidata.org/entity/Q193207,ambient music,1988-01-01T00:00:00Z
http://www.wikidata.org/entity/Q756956,dark ambient,http://www.wikidata.org/entity/Q936942,post-industrial music,1988-01-01T00:00:00Z
http://www.wikidata.org/entity/Q757143,chill-out music,http://www.wikidata.org/entity/Q9778,electronic music,1992-01-01T00:00:00Z
http://www.wikidata.org/entity/Q761163,music of Laos,http://www.wikidata.org/entity/Q10838732,music of Southeast Asia,
http://www.wikidata.org/entity/Q766240,cueca,http://www.wikidata.org/entity/Q98528197,Hispanic American folk music,
http://www.wikidata.org/entity/Q768134,mestizo,http://www.wikidata.org/entity/Q18345375,Latin music,
http://www.wikidata.org/entity/Q771291,sean-nós singing,http://www.wikidata.org/entity/Q185298,a cappella,
http://www.wikidata.org/entity/Q771291,sean-nós singing,http://www.wikidata.org/entity/Q7482056,Irish folk music,
http://www.wikidata.org/entity/Q772497,Hebrew cantillation,http://www.wikidata.org/entity/Q10978770,Jewish religious music,
http://www.wikidata.org/entity/Q772497,Hebrew cantillation,http://www.wikidata.org/entity/Q15990884,cantillation,
http://www.wikidata.org/entity/Q773084,Norwegian hip hop,http://www.wikidata.org/entity/Q833189,music of Norway,
http://www.wikidata.org/entity/Q773084,Norwegian hip hop,http://www.wikidata.org/entity/Q5413526,European hip-hop,
http://www.wikidata.org/entity/Q773880,bitpop,http://www.wikidata.org/entity/Q106422444,bit music,1990-01-01T00:00:00Z
http://www.wikidata.org/entity/Q774475,cantu a tenore,http://www.wikidata.org/entity/Q179465,polyphony,
http://www.wikidata.org/entity/Q774475,cantu a tenore,http://www.wikidata.org/entity/Q1048249,Italian folk music,
http://www.wikidata.org/entity/Q775614,neofolk,http://www.wikidata.org/entity/Q106298881,contemporary folk music,1980-01-01T00:00:00Z
http://www.wikidata.org/entity/Q780517,speed garage,http://www.wikidata.org/entity/Q20502,house music,1994-01-01T00:00:00Z
http://www.wikidata.org/entity/Q780517,speed garage,http://www.wikidata.org/entity/Q1165777,UK garage,1994-01-01T00:00:00Z
http://www.wikidata.org/entity/Q781815,passion,http://www.wikidata.org/entity/Q9730,classical music,
http://www.wikidata.org/entity/Q781815,passion,http://www.wikidata.org/entity/Q8812109,church music,
http://www.wikidata.org/entity/Q783097,college rock,http://www.wikidata.org/entity/Q11366,alternative rock,1985-01-01T00:00:00Z
http://www.wikidata.org/entity/Q783097,college rock,http://www.wikidata.org/entity/Q183504,indie rock,1985-01-01T00:00:00Z
http://www.wikidata.org/entity/Q783243,Australian hip-hop,http://www.wikidata.org/entity/Q11401,hip-hop,1982-01-01T00:00:00Z
http://www.wikidata.org/entity/Q783243,Australian hip-hop,http://www.wikidata.org/entity/Q3114644,music of Australia,1982-01-01T00:00:00Z
http://www.wikidata.org/entity/Q783874,nasheed,http://www.wikidata.org/entity/Q685884,vocal music,
http://www.wikidata.org/entity/Q783874,nasheed,http://www.wikidata.org/entity/Q1482325,Islamic music,
http://www.wikidata.org/entity/Q786815,turbo-folk,http://www.wikidata.org/entity/Q20825943,Balkan pop-folk,1975-01-01T00:00:00Z
http://www.wikidata.org/entity/Q787663,guajira,http://www.wikidata.org/entity/Q1544863,music of Cuba,
http://www.wikidata.org/entity/Q787663,guajira,http://www.wikidata.org/entity/Q3328778,tropical music,
http://www.wikidata.org/entity/Q788460,bagatelle,http://www.wikidata.org/entity/Q9730,classical music,
http://www.wikidata.org/entity/Q790188,avant-garde jazz,http://www.wikidata.org/entity/Q8341,jazz,1957-01-01T00:00:00Z
http://www.wikidata.org/entity/Q790188,avant-garde jazz,http://www.wikidata.org/entity/Q2332751,avant-garde music,1957-01-01T00:00:00Z
http://www.wikidata.org/entity/Q804401,Bakersfield sound,http://www.wikidata.org/entity/Q83440,country music,1957-01-01T00:00:00Z
http://www.wikidata.org/entity/Q804401,Bakersfield sound,http://www.wikidata.org/entity/Q3140141,honky tonk,1957-01-01T00:00:00Z
http://www.wikidata.org/entity/Q804596,baladi,http://www.wikidata.org/entity/Q18129813,music of Egypt,
http://www.wikidata.org/entity/Q805044,Balkan brass,http://www.wikidata.org/entity/Q6966089,Balkan folk music,
http://www.wikidata.org/entity/Q805130,ballade,http://www.wikidata.org/entity/Q9730,classical music,
http://www.wikidata.org/entity/Q805130,ballade,http://www.wikidata.org/entity/Q207591,Romantic music,
http://www.wikidata.org/entity/Q807820,barbershop music,http://www.wikidata.org/entity/Q185298,a cappella,
http://www.wikidata.org/entity/Q807820,barbershop music,http://www.wikidata.org/entity/Q7939193,vocal harmony,
http://www.wikidata.org/entity/Q812605,Bavarian polka,http://www.wikidata.org/entity/Q316930,dance music,
http://www.wikidata.org/entity/Q814402,biguine,http://www.wikidata.org/entity/Q107025062,French Caribbean music,
http://www.wikidata.org/entity/Q815536,Belgian hip hop,http://www.wikidata.org/entity/Q2587471,music of Belgium,
http://www.wikidata.org/entity/Q815536,Belgian hip hop,http://www.wikidata.org/entity/Q5413526,European hip-hop,
http://www.wikidata.org/entity/Q817138,electronica,http://www.wikidata.org/entity/Q9778,electronic music,1991-01-01T00:00:00Z
http://www.wikidata.org/entity/Q820049,gabber,http://www.wikidata.org/entity/Q388906,hardcore,1992-01-01T00:00:00Z
http://www.wikidata.org/entity/Q820119,miner's song,http://www.wikidata.org/entity/Q502658,work song,
http://www.wikidata.org/entity/Q822914,Christian metal,http://www.wikidata.org/entity/Q38848,heavy metal music,1985-01-01T00:00:00Z
http://www.wikidata.org/entity/Q822914,Christian metal,http://www.wikidata.org/entity/Q753520,Christian rock,1985-01-01T00:00:00Z
http://www.wikidata.org/entity/Q823080,no wave,http://www.wikidata.org/entity/Q598929,post-punk,1977-01-01T00:00:00Z
http://www.wikidata.org/entity/Q823080,no wave,http://www.wikidata.org/entity/Q1641839,experimental rock,1977-01-01T00:00:00Z
http://www.wikidata.org/entity/Q823560,musique concrète,http://www.wikidata.org/entity/Q1326777,electroacoustic music,1948-01-01T00:00:00Z
http://www.wikidata.org/entity/Q823560,musique concrète,http://www.wikidata.org/entity/Q65937946,modern classical music,1948-01-01T00:00:00Z
http://www.wikidata.org/entity/Q824948,"Washington, D.C. hardcore punk",http://www.wikidata.org/entity/Q11285080,American hardcore punk,
http://www.wikidata.org/entity/Q825769,crust punk,http://www.wikidata.org/entity/Q10922,hardcore punk,1986-01-01T00:00:00Z
http://www.wikidata.org/entity/Q828181,Rock Against Communism,http://www.wikidata.org/entity/Q274401,oi!,1977-01-01T00:00:00Z
http://www.wikidata.org/entity/Q828243,futurepop,http://www.wikidata.org/entity/Q372103,electronic body music,1993-01-01T00:00:00Z
http://www.wikidata.org/entity/Q828243,futurepop,http://www.wikidata.org/entity/Q1298934,synth-pop,1993-01-01T00:00:00Z
http://www.wikidata.org/entity/Q828305,skate punk,http://www.wikidata.org/entity/Q3071,punk rock,1985-01-01T00:00:00Z
http://www.wikidata.org/entity/Q830325,horror punk,http://www.wikidata.org/entity/Q3071,punk rock,1978-01-01T00:00:00Z
http://www.wikidata.org/entity/Q830634,Minnesang,http://www.wikidata.org/entity/Q163775,medieval music,
http://www.wikidata.org/entity/Q831354,smooth jazz,http://www.wikidata.org/entity/Q8341,jazz,1983-01-01T00:00:00Z
http://www.wikidata.org/entity/Q832665,Hard trance,http://www.wikidata.org/entity/Q170435,trance,1992-01-01T00:00:00Z
http://www.wikidata.org/entity/Q832665,Hard trance,http://www.wikidata.org/entity/Q1033912,hard dance,1992-01-01T00:00:00Z
http://www.wikidata.org/entity/Q834566,ganga,http://www.wikidata.org/entity/Q179465,polyphony,
http://www.wikidata.org/entity/Q834566,ganga,http://www.wikidata.org/entity/Q6966089,Balkan folk music,
http://www.wikidata.org/entity/Q834566,ganga,http://www.wikidata.org/entity/Q16679594,Slavic folk music,
http://www.wikidata.org/entity/Q834959,samba rock,http://www.wikidata.org/entity/Q11403,samba,1967-01-01T00:00:00Z
http://www.wikidata.org/entity/Q835131,Goa trance,http://www.wikidata.org/entity/Q622871,psychedelic trance,1991-01-01T00:00:00Z
http://www.wikidata.org/entity/Q835562,habanera,http://www.wikidata.org/entity/Q1544863,music of Cuba,1900-01-01T00:00:00Z
http://www.wikidata.org/entity/Q835891,funk rock,http://www.wikidata.org/entity/Q11399,rock music,1970-01-01T00:00:00Z
http://www.wikidata.org/entity/Q835919,crunk&B,http://www.wikidata.org/entity/Q850412,contemporary R&B,2004-01-01T00:00:00Z
http://www.wikidata.org/entity/Q835919,crunk&B,http://www.wikidata.org/entity/Q936573,crunk,2004-01-01T00:00:00Z
http://www.wikidata.org/entity/Q4053719,yoyga,http://www.wikidata.org/entity/Q107589110,Karelian folk music,
http://www.wikidata.org/entity/Q4058252,Azerbaijani folk music,http://www.wikidata.org/entity/Q107013350,Caucasian folk music,
http://www.wikidata.org/entity/Q4069711,Armenian folk music,http://www.wikidata.org/entity/Q107013350,Caucasian folk music,
http://www.wikidata.org/entity/Q4100058,Buryat folk music,http://www.wikidata.org/entity/Q106635234,Asian folk music,
http://www.wikidata.org/entity/Q4117103,music of Sudan,http://www.wikidata.org/entity/Q106595599,music of Northeast Africa,
http://www.wikidata.org/entity/Q4181641,zhungdra,http://www.wikidata.org/entity/Q110250034,Bhutanese folk music,
http://www.wikidata.org/entity/Q4203061,Iraqi folk music,http://www.wikidata.org/entity/Q106635221,West Asian folk music,
http://www.wikidata.org/entity/Q4207331,musok eumak,http://www.wikidata.org/entity/Q107000797,Korean folk music,
http://www.wikidata.org/entity/Q4208567,kai,http://www.wikidata.org/entity/Q110606359,Central Asian throat singing,
http://www.wikidata.org/entity/Q4216001,Sinawi,http://www.wikidata.org/entity/Q107000797,Korean folk music,
http://www.wikidata.org/entity/Q4251198,Kui,http://www.wikidata.org/entity/Q98528287,Turkic-Mongolic music,
http://www.wikidata.org/entity/Q4306575,music of Liechtenstein,http://www.wikidata.org/entity/Q106507873,music of Western Europe,
http://www.wikidata.org/entity/Q4306578,music of Northern Cyprus,http://www.wikidata.org/entity/Q106508039,music of Southern Europe,
http://www.wikidata.org/entity/Q4306583,music of Chad,http://www.wikidata.org/entity/Q106588687,music of Central Africa,
http://www.wikidata.org/entity/Q4306588,capoeira music,http://www.wikidata.org/entity/Q106926325,Brazilian folk music,
http://www.wikidata.org/entity/Q4306636,music of the Grand Duchy of Lithuania,http://www.wikidata.org/entity/Q108857328,music of Eastern Europe,1300-01-01T00:00:00Z
http://www.wikidata.org/entity/Q4337652,Ossetian music,http://www.wikidata.org/entity/Q106506985,music of the Caucasus,
http://www.wikidata.org/entity/Q4355815,mahori,http://www.wikidata.org/entity/Q106877947,Cambodian classical music,
http://www.wikidata.org/entity/Q4372158,pop Sunda,http://www.wikidata.org/entity/Q104853037,Sundanese music,
http://www.wikidata.org/entity/Q4381349,music of Equatorial Guinea,http://www.wikidata.org/entity/Q106588687,music of Central Africa,
http://www.wikidata.org/entity/Q4971454,British soul,http://www.wikidata.org/entity/Q131272,soul,
http://www.wikidata.org/entity/Q4971454,British soul,http://www.wikidata.org/entity/Q268673,music of the United Kingdom,
http://www.wikidata.org/entity/Q4975996,brown-eyed soul,http://www.wikidata.org/entity/Q131272,soul,1960-01-01T00:00:00Z
http://www.wikidata.org/entity/Q4982327,Bubu music,http://www.wikidata.org/entity/Q6942271,music of Sierra Leone,
http://www.wikidata.org/entity/Q4982327,Bubu music,http://www.wikidata.org/entity/Q98528185,African folk music,
http://www.wikidata.org/entity/Q4985524,Buenos Aires hardcore,http://www.wikidata.org/entity/Q10922,hardcore punk,
http://www.wikidata.org/entity/Q4993367,indeterminacy,http://www.wikidata.org/entity/Q1640319,experimental music,1951-01-01T00:00:00Z
http://www.wikidata.org/entity/Q4993367,indeterminacy,http://www.wikidata.org/entity/Q2568406,postmodern music,1951-01-01T00:00:00Z
http://www.wikidata.org/entity/Q4993553,ambient trance,http://www.wikidata.org/entity/Q757143,chill-out music,1990-01-01T00:00:00Z
http://www.wikidata.org/entity/Q4993817,military cadence,http://www.wikidata.org/entity/Q502658,work song,
http://www.wikidata.org/entity/Q4996252,Bulgarian hip hop,http://www.wikidata.org/entity/Q1003981,music of Bulgaria,
http://www.wikidata.org/entity/Q4996252,Bulgarian hip hop,http://www.wikidata.org/entity/Q5413526,European hip-hop,
http://www.wikidata.org/entity/Q4996773,bullerengue,http://www.wikidata.org/entity/Q723418,cumbia,
http://www.wikidata.org/entity/Q4996773,bullerengue,http://www.wikidata.org/entity/Q3394906,music of the Caribbean,
http://www.wikidata.org/entity/Q4998143,Burban,http://www.wikidata.org/entity/Q11401,hip-hop,2011-01-01T00:00:00Z
http://www.wikidata.org/entity/Q4999448,Burmese hip hop,http://www.wikidata.org/entity/Q3328602,music of Myanmar,
http://www.wikidata.org/entity/Q4999448,Burmese hip hop,http://www.wikidata.org/entity/Q4806789,Asian hip-hop,
http://www.wikidata.org/entity/Q5000356,Burra katha,http://www.wikidata.org/entity/Q109914864,Telugu folk music,
http://www.wikidata.org/entity/Q5001430,bush ballad,http://www.wikidata.org/entity/Q116690343,ballad,
http://www.wikidata.org/entity/Q5030714,Canadian blues,http://www.wikidata.org/entity/Q9759,blues,
http://www.wikidata.org/entity/Q5030714,Canadian blues,http://www.wikidata.org/entity/Q6942037,music of Canada,
http://www.wikidata.org/entity/Q5030825,Canadian jazz,http://www.wikidata.org/entity/Q8341,jazz,
http://www.wikidata.org/entity/Q5030825,Canadian jazz,http://www.wikidata.org/entity/Q6942037,music of Canada,
http://www.wikidata.org/entity/Q5030866,Canadian punk rock,http://www.wikidata.org/entity/Q3071,punk rock,
http://www.wikidata.org/entity/Q5030866,Canadian punk rock,http://www.wikidata.org/entity/Q6942037,music of Canada,
http://www.wikidata.org/entity/Q5039688,cariso,http://www.wikidata.org/entity/Q98528191,Caribbean folk music,1780-01-01T00:00:00Z
http://www.wikidata.org/entity/Q5058545,Celtic chant,http://www.wikidata.org/entity/Q854451,Celtic music,
http://www.wikidata.org/entity/Q5058545,Celtic chant,http://www.wikidata.org/entity/Q23072435,chant,
http://www.wikidata.org/entity/Q5058557,Canadian Celtic music,http://www.wikidata.org/entity/Q854451,Celtic music,
http://www.wikidata.org/entity/Q5058557,Canadian Celtic music,http://www.wikidata.org/entity/Q6942037,music of Canada,
http://www.wikidata.org/entity/Q5060331,music of Central America,http://www.wikidata.org/entity/Q3328669,music of the Americas,
http://www.wikidata.org/entity/Q5068130,Chaiti,http://www.wikidata.org/entity/Q19749652,Bhojpuri folk music,
http://www.wikidata.org/entity/Q5069474,chamarrita,http://www.wikidata.org/entity/Q6036543,litoraleña music,
http://www.wikidata.org/entity/Q5069474,chamarrita,http://www.wikidata.org/entity/Q18345375,Latin music,
http://www.wikidata.org/entity/Q5069474,chamarrita,http://www.wikidata.org/entity/Q98528197,Hispanic American folk music,
http://www.wikidata.org/entity/Q5069525,chamber jazz,http://www.wikidata.org/entity/Q8341,jazz,
http://www.wikidata.org/entity/Q5071702,changa tuki,http://www.wikidata.org/entity/Q20502,house music,1997-01-01T00:00:00Z
http://www.wikidata.org/entity/Q5071702,changa tuki,http://www.wikidata.org/entity/Q98528166,Latin electronic music,1997-01-01T00:00:00Z
http://www.wikidata.org/entity/Q5072880,chap hop,http://www.wikidata.org/entity/Q602646,comedy hip-hop,2007-01-01T00:00:00Z
http://www.wikidata.org/entity/Q5072880,chap hop,http://www.wikidata.org/entity/Q19678100,nerd music,2007-01-01T00:00:00Z
http://www.wikidata.org/entity/Q5088687,Chazezesa Challengers,http://www.wikidata.org/entity/Q95366506,Jit,
http://www.wikidata.org/entity/Q5096318,Chicken scratch,http://www.wikidata.org/entity/Q139807780,O'odham music,
http://www.wikidata.org/entity/Q5099460,chimurenga music,http://www.wikidata.org/entity/Q3868605,music of Zimbabwe,1970-01-01T00:00:00Z
http://www.wikidata.org/entity/Q5100789,Chinese folk flute music,http://www.wikidata.org/entity/Q51446080,Chinese traditional music,
http://www.wikidata.org/entity/Q5100797,Chinese heavy metal,http://www.wikidata.org/entity/Q38848,heavy metal music,
http://www.wikidata.org/entity/Q5100799,Chinese hip hop,http://www.wikidata.org/entity/Q4806789,Asian hip-hop,1995-01-01T00:00:00Z
http://www.wikidata.org/entity/Q5104953,Chorale motet,http://www.wikidata.org/entity/Q188285,motet,
http://www.wikidata.org/entity/Q5105480,Chouval bwa,http://www.wikidata.org/entity/Q98528191,Caribbean folk music,
http://www.wikidata.org/entity/Q5105581,chowtal,http://www.wikidata.org/entity/Q1770695,Hindustani classical music,
http://www.wikidata.org/entity/Q5110296,Christian adult contemporary,http://www.wikidata.org/entity/Q378988,adult contemporary music,
http://www.wikidata.org/entity/Q5110296,Christian adult contemporary,http://www.wikidata.org/entity/Q6452410,Christian music,
http://www.wikidata.org/entity/Q5110298,Christian alternative rock,http://www.wikidata.org/entity/Q11366,alternative rock,1982-01-01T00:00:00Z
http://www.wikidata.org/entity/Q5110298,Christian alternative rock,http://www.wikidata.org/entity/Q753520,Christian rock,1982-01-01T00:00:00Z
http://www.wikidata.org/entity/Q5110317,Christian country music,http://www.wikidata.org/entity/Q180268,gospel music,
http://www.wikidata.org/entity/Q5110317,Christian country music,http://www.wikidata.org/entity/Q6452410,Christian music,
http://www.wikidata.org/entity/Q5110317,Christian country music,http://www.wikidata.org/entity/Q65943778,traditional country music,
http://www.wikidata.org/entity/Q5116077,chula,http://www.wikidata.org/entity/Q106556293,Portuguese folk music,
http://www.wikidata.org/entity/Q5118383,chutney soca,http://www.wikidata.org/entity/Q1051735,soca music,
http://www.wikidata.org/entity/Q5118383,chutney soca,http://www.wikidata.org/entity/Q1090048,chutney music,
http://www.wikidata.org/entity/Q5119221,cibell,http://www.wikidata.org/entity/Q8361,Baroque music,
http://www.wikidata.org/entity/Q5121359,Circassian music,http://www.wikidata.org/entity/Q106506985,music of the Caucasus,
http://www.wikidata.org/entity/Q5128236,classic country,http://www.wikidata.org/entity/Q83440,country music,
http://www.wikidata.org/entity/Q5128243,classic soul,http://www.wikidata.org/entity/Q131272,soul,
http://www.wikidata.org/entity/Q5139519,cock rock,http://www.wikidata.org/entity/Q11399,rock music,
http://www.wikidata.org/entity/Q5141514,coimbra fado,http://www.wikidata.org/entity/Q185676,fado,1925-01-01T00:00:00Z
http://www.wikidata.org/entity/Q5146983,collegiate a cappella,http://www.wikidata.org/entity/Q185298,a cappella,
http://www.wikidata.org/entity/Q5147976,Colombian rock,http://www.wikidata.org/entity/Q11399,rock music,
http://www.wikidata.org/entity/Q5147976,Colombian rock,http://www.wikidata.org/entity/Q920883,music of Colombia,
http://www.wikidata.org/entity/Q5158398,concept musical,http://www.wikidata.org/entity/Q2743,musical play,
http://www.wikidata.org/entity/Q5158522,Concert march,http://www.wikidata.org/entity/Q211025,march,
http://www.wikidata.org/entity/Q5160756,congregational singing,http://www.wikidata.org/entity/Q64137792,religious vocal music,
http://www.wikidata.org/entity/Q5165023,contemporary commercial music,http://www.wikidata.org/entity/Q373342,popular music,
http://www.wikidata.org/entity/Q5165334,Continental jazz,http://www.wikidata.org/entity/Q8341,jazz,
http://www.wikidata.org/entity/Q5177472,country and Irish,http://www.wikidata.org/entity/Q83440,country music,1964-01-01T00:00:00Z
http://www.wikidata.org/entity/Q5177517,country music in Atlanta,http://www.wikidata.org/entity/Q83440,country music,
http://www.wikidata.org/entity/Q5179572,cowboy poetry,http://www.wikidata.org/entity/Q107718737,music of North America,
http://www.wikidata.org/entity/Q5184215,Creole music,http://www.wikidata.org/entity/Q2267955,music of the United States,
http://www.wikidata.org/entity/Q5187209,Croatian tamburica,http://www.wikidata.org/entity/Q107331898,Croatian folk music,
http://www.wikidata.org/entity/Q5192064,Cuban folk music,http://www.wikidata.org/entity/Q1544863,music of Cuba,
http://www.wikidata.org/entity/Q5192064,Cuban folk music,http://www.wikidata.org/entity/Q98528191,Caribbean folk music,
http://www.wikidata.org/entity/Q4390945,rautalanka,http://www.wikidata.org/entity/Q106581470,surf rock,
http://www.wikidata.org/entity/Q4400125,runo song,http://www.wikidata.org/entity/Q107686154,Balto-Finnic folk music,1100-01-01T00:00:00Z
http://www.wikidata.org/entity/Q4428744,son cubano,http://www.wikidata.org/entity/Q3328778,tropical music,
http://www.wikidata.org/entity/Q4428744,son cubano,http://www.wikidata.org/entity/Q116884389,son,
http://www.wikidata.org/entity/Q4440575,Old Roman chant,http://www.wikidata.org/entity/Q2707688,plainsong,
http://www.wikidata.org/entity/Q4440575,Old Roman chant,http://www.wikidata.org/entity/Q3679098,music of Italy,
http://www.wikidata.org/entity/Q4444254,Strochnoy chant,http://www.wikidata.org/entity/Q7382074,Russian liturgical music,
http://www.wikidata.org/entity/Q4444254,Strochnoy chant,http://www.wikidata.org/entity/Q23072435,chant,
http://www.wikidata.org/entity/Q4452477,Tatar folk music,http://www.wikidata.org/entity/Q235858,traditional folk music,
http://www.wikidata.org/entity/Q4452477,Tatar folk music,http://www.wikidata.org/entity/Q98528287,Turkic-Mongolic music,
http://www.wikidata.org/entity/Q4452477,Tatar folk music,http://www.wikidata.org/entity/Q106626655,Tatar music,
http://www.wikidata.org/entity/Q4452845,tahpah,http://www.wikidata.org/entity/Q685884,vocal music,
http://www.wikidata.org/entity/Q4453768,Azerbaijani rock,http://www.wikidata.org/entity/Q11399,rock music,
http://www.wikidata.org/entity/Q4453768,Azerbaijani rock,http://www.wikidata.org/entity/Q724104,music of Azerbaijan,
http://www.wikidata.org/entity/Q4469861,ozlau,http://www.wikidata.org/entity/Q685884,vocal music,
http://www.wikidata.org/entity/Q4469861,ozlau,http://www.wikidata.org/entity/Q691771,overtone singing,
http://www.wikidata.org/entity/Q4490718,melodic metalcore,http://www.wikidata.org/entity/Q183862,metalcore,1996-01-01T00:00:00Z
http://www.wikidata.org/entity/Q4490991,progressive country,http://www.wikidata.org/entity/Q83440,country music,1970-01-01T00:00:00Z
http://www.wikidata.org/entity/Q4490991,progressive country,http://www.wikidata.org/entity/Q7248857,progressive music,1970-01-01T00:00:00Z
http://www.wikidata.org/entity/Q4499034,Chabad niggunim,http://www.wikidata.org/entity/Q1989725,nigun,
http://www.wikidata.org/entity/Q4499034,Chabad niggunim,http://www.wikidata.org/entity/Q20819985,Hasidic music,
http://www.wikidata.org/entity/Q4499627,Homony singing,http://www.wikidata.org/entity/Q965834,Znamenny chant,
http://www.wikidata.org/entity/Q4501461,Christian ska,http://www.wikidata.org/entity/Q5110298,Christian alternative rock,
http://www.wikidata.org/entity/Q4528554,shchedrivka,http://www.wikidata.org/entity/Q503354,Christmas carol,
http://www.wikidata.org/entity/Q4528554,shchedrivka,http://www.wikidata.org/entity/Q16682190,Slavic rite song,
http://www.wikidata.org/entity/Q4585173,gangar,http://www.wikidata.org/entity/Q4585201,slått,
http://www.wikidata.org/entity/Q4585201,slått,http://www.wikidata.org/entity/Q639197,instrumental music,
http://www.wikidata.org/entity/Q4585201,slått,http://www.wikidata.org/entity/Q11992449,Norwegian folk music,
http://www.wikidata.org/entity/Q4631020,21st-century classical music,http://www.wikidata.org/entity/Q9730,classical music,2000-01-01T00:00:00Z
http://www.wikidata.org/entity/Q4637208,4-beat,http://www.wikidata.org/entity/Q339906,happy hardcore,1993-01-01T00:00:00Z
http://www.wikidata.org/entity/Q4637208,4-beat,http://www.wikidata.org/entity/Q1585075,breakbeat hardcore,1993-01-01T00:00:00Z
http://www.wikidata.org/entity/Q4666464,Abecedarian hymn,http://www.wikidata.org/entity/Q484692,hymn,
http://www.wikidata.org/entity/Q4668375,indigenous music of Canada,http://www.wikidata.org/entity/Q2662072,indigenous music of North America,
http://www.wikidata.org/entity/Q4668375,indigenous music of Canada,http://www.wikidata.org/entity/Q6942037,music of Canada,
http://www.wikidata.org/entity/Q4668383,indigenous rock,http://www.wikidata.org/entity/Q11399,rock music,1980-01-01T00:00:00Z
http://www.wikidata.org/entity/Q4668383,indigenous rock,http://www.wikidata.org/entity/Q2340395,indigenous Australian music,1980-01-01T00:00:00Z
http://www.wikidata.org/entity/Q4668383,indigenous rock,http://www.wikidata.org/entity/Q4668375,indigenous music of Canada,1980-01-01T00:00:00Z
http://www.wikidata.org/entity/Q4684501,Nusach,http://www.wikidata.org/entity/Q1716019,Jewish music,
http://www.wikidata.org/entity/Q4685875,adult-oriented pop,http://www.wikidata.org/entity/Q37073,pop music,
http://www.wikidata.org/entity/Q4690039,African reggae,http://www.wikidata.org/entity/Q9794,reggae,1980-01-01T00:00:00Z
http://www.wikidata.org/entity/Q4690168,Afro-Caribbean music,http://www.wikidata.org/entity/Q3394906,music of the Caribbean,
http://www.wikidata.org/entity/Q4690168,Afro-Caribbean music,http://www.wikidata.org/entity/Q6942343,music of the African diaspora,
http://www.wikidata.org/entity/Q4691163,Agamani-Vijaya,http://www.wikidata.org/entity/Q108297196,Bengali folk music,
http://www.wikidata.org/entity/Q4691650,agbekor,http://www.wikidata.org/entity/Q5418947,Ewe music,
http://www.wikidata.org/entity/Q4694554,aguinaldo,http://www.wikidata.org/entity/Q1443316,Christmas music,
http://www.wikidata.org/entity/Q4694554,aguinaldo,http://www.wikidata.org/entity/Q98528197,Hispanic American folk music,
http://www.wikidata.org/entity/Q4696445,ahwash,http://www.wikidata.org/entity/Q3328601,Berber music,
http://www.wikidata.org/entity/Q4699758,Ajisari,http://www.wikidata.org/entity/Q1482325,Islamic music,
http://www.wikidata.org/entity/Q4706203,nitzhonot,http://www.wikidata.org/entity/Q835131,Goa trance,1998-01-01T00:00:00Z
http://www.wikidata.org/entity/Q4709178,Albanian urban lyric song,http://www.wikidata.org/entity/Q1075799,music of Albania,
http://www.wikidata.org/entity/Q4709224,Albanian rock,http://www.wikidata.org/entity/Q11399,rock music,
http://www.wikidata.org/entity/Q4709224,Albanian rock,http://www.wikidata.org/entity/Q1075799,music of Albania,
http://www.wikidata.org/entity/Q4735603,Alpini song,http://www.wikidata.org/entity/Q252833,Alpine folk music,
http://www.wikidata.org/entity/Q4735603,Alpini song,http://www.wikidata.org/entity/Q1048249,Italian folk music,
http://www.wikidata.org/entity/Q4736507,alternative electronic,http://www.wikidata.org/entity/Q9778,electronic music,
http://www.wikidata.org/entity/Q4736507,alternative electronic,http://www.wikidata.org/entity/Q1695023,alternative music,
http://www.wikidata.org/entity/Q4736555,alternative reggaeton,http://www.wikidata.org/entity/Q202930,reggaeton,2002-01-01T00:00:00Z
http://www.wikidata.org/entity/Q4741152,ambasse bey,http://www.wikidata.org/entity/Q10334892,music of Cameroon,
http://www.wikidata.org/entity/Q4741152,ambasse bey,http://www.wikidata.org/entity/Q98528185,African folk music,
http://www.wikidata.org/entity/Q4745427,American art song,http://www.wikidata.org/entity/Q4797274,art song,
http://www.wikidata.org/entity/Q4745477,American gamelan,http://www.wikidata.org/entity/Q194492,gamelan,
http://www.wikidata.org/entity/Q4745477,American gamelan,http://www.wikidata.org/entity/Q2267955,music of the United States,
http://www.wikidata.org/entity/Q4745477,American gamelan,http://www.wikidata.org/entity/Q65937946,modern classical music,
http://www.wikidata.org/entity/Q4745509,American patriotic music,http://www.wikidata.org/entity/Q2267955,music of the United States,
http://www.wikidata.org/entity/Q4745509,American patriotic music,http://www.wikidata.org/entity/Q9300624,patriotic music,
http://www.wikidata.org/entity/Q4745516,American pop,http://www.wikidata.org/entity/Q37073,pop music,
http://www.wikidata.org/entity/Q4745516,American pop,http://www.wikidata.org/entity/Q2267955,music of the United States,
http://www.wikidata.org/entity/Q4752812,ancient Celtic music,http://www.wikidata.org/entity/Q18846,ancient music,
http://www.wikidata.org/entity/Q4752812,ancient Celtic music,http://www.wikidata.org/entity/Q854451,Celtic music,
http://www.wikidata.org/entity/Q4752921,ancient Tamil music,http://www.wikidata.org/entity/Q18846,ancient music,
http://www.wikidata.org/entity/Q4752921,ancient Tamil music,http://www.wikidata.org/entity/Q17070502,music of Tamil Nadu,
http://www.wikidata.org/entity/Q4763551,Anglican chant,http://www.wikidata.org/entity/Q8812109,church music,
http://www.wikidata.org/entity/Q4763551,Anglican chant,http://www.wikidata.org/entity/Q110558058,music of England,
http://www.wikidata.org/entity/Q4763552,Anglican church music,http://www.wikidata.org/entity/Q8812109,church music,1600-01-01T00:00:00Z
http://www.wikidata.org/entity/Q4763552,Anglican church music,http://www.wikidata.org/entity/Q64137792,religious vocal music,1600-01-01T00:00:00Z
http://www.wikidata.org/entity/Q4763788,Angolan rock,http://www.wikidata.org/entity/Q11399,rock music,
http://www.wikidata.org/entity/Q4763788,Angolan rock,http://www.wikidata.org/entity/Q3291151,music of Angola,
http://www.wikidata.org/entity/Q4771607,Canadian patriotic music,http://www.wikidata.org/entity/Q6942037,music of Canada,
http://www.wikidata.org/entity/Q4771607,Canadian patriotic music,http://www.wikidata.org/entity/Q9300624,patriotic music,
http://www.wikidata.org/entity/Q4780884,Appalachian music,http://www.wikidata.org/entity/Q2267955,music of the United States,
http://www.wikidata.org/entity/Q4789437,Argentine cumbia,http://www.wikidata.org/entity/Q723418,cumbia,
http://www.wikidata.org/entity/Q4794612,music of South Africa,http://www.wikidata.org/entity/Q98528232,music of Southern Africa,
http://www.wikidata.org/entity/Q4797274,art song,http://www.wikidata.org/entity/Q9730,classical music,
http://www.wikidata.org/entity/Q4797276,art song in Arabic,http://www.wikidata.org/entity/Q4797274,art song,
http://www.wikidata.org/entity/Q4806789,Asian hip-hop,http://www.wikidata.org/entity/Q11401,hip-hop,
http://www.wikidata.org/entity/Q4806789,Asian hip-hop,http://www.wikidata.org/entity/Q525073,music of Asia,
http://www.wikidata.org/entity/Q4810433,Assyrian folk/pop,http://www.wikidata.org/entity/Q624081,Arabic pop,
http://www.wikidata.org/entity/Q4810433,Assyrian folk/pop,http://www.wikidata.org/entity/Q3328681,popular folk music,
http://www.wikidata.org/entity/Q4825017,Australian hardcore,http://www.wikidata.org/entity/Q10922,hardcore punk,
http://www.wikidata.org/entity/Q4825017,Australian hardcore,http://www.wikidata.org/entity/Q3114644,music of Australia,
http://www.wikidata.org/entity/Q4825029,Australian indie rock,http://www.wikidata.org/entity/Q183504,indie rock,
http://www.wikidata.org/entity/Q4825029,Australian indie rock,http://www.wikidata.org/entity/Q3437817,Australian rock,
http://www.wikidata.org/entity/Q4825034,Australian jazz,http://www.wikidata.org/entity/Q8341,jazz,
http://www.wikidata.org/entity/Q4825034,Australian jazz,http://www.wikidata.org/entity/Q3114644,music of Australia,
http://www.wikidata.org/entity/Q1037693,modern rock,http://www.wikidata.org/entity/Q11399,rock music,
http://www.wikidata.org/entity/Q1045541,G-funk,http://www.wikidata.org/entity/Q164444,funk,1989-01-01T00:00:00Z
http://www.wikidata.org/entity/Q1046801,turntablism,http://www.wikidata.org/entity/Q11401,hip-hop,1990-01-01T00:00:00Z
http://www.wikidata.org/entity/Q1046838,new wave of American heavy metal,http://www.wikidata.org/entity/Q38848,heavy metal music,1995-01-01T00:00:00Z
http://www.wikidata.org/entity/Q1051843,neo-prog,http://www.wikidata.org/entity/Q49451,progressive rock,1988-01-01T00:00:00Z
http://www.wikidata.org/entity/Q1055871,Japanese rock,http://www.wikidata.org/entity/Q11366,alternative rock,1965-01-01T00:00:00Z
http://www.wikidata.org/entity/Q1063010,character piece,http://www.wikidata.org/entity/Q9730,classical music,
http://www.wikidata.org/entity/Q1064810,Chinese rock,http://www.wikidata.org/entity/Q11399,rock music,
http://www.wikidata.org/entity/Q1071244,punk revival,http://www.wikidata.org/entity/Q3071,punk rock,
http://www.wikidata.org/entity/Q1071873,Chicago blues,http://www.wikidata.org/entity/Q9759,blues,1920-01-01T00:00:00Z
http://www.wikidata.org/entity/Q1071961,Chicago house,http://www.wikidata.org/entity/Q20502,house music,1981-01-01T00:00:00Z
http://www.wikidata.org/entity/Q1074569,chipmunk soul,http://www.wikidata.org/entity/Q11401,hip-hop,1999-01-01T00:00:00Z
http://www.wikidata.org/entity/Q1075338,jug band,http://www.wikidata.org/entity/Q9759,blues,
http://www.wikidata.org/entity/Q1077172,instrumental hip-hop,http://www.wikidata.org/entity/Q11401,hip-hop,
http://www.wikidata.org/entity/Q1092837,post-bop,http://www.wikidata.org/entity/Q8341,jazz,1963-01-01T00:00:00Z
http://www.wikidata.org/entity/Q1092837,post-bop,http://www.wikidata.org/entity/Q105513,bebop,1963-01-01T00:00:00Z
http://www.wikidata.org/entity/Q1102871,clownstep,http://www.wikidata.org/entity/Q46649,jump-up,2001-01-01T00:00:00Z
http://www.wikidata.org/entity/Q1109947,ragga hip hop,http://www.wikidata.org/entity/Q11401,hip-hop,1985-01-01T00:00:00Z
http://www.wikidata.org/entity/Q3486495,Slackness,http://www.wikidata.org/entity/Q572717,music of Jamaica,
http://www.wikidata.org/entity/Q3486495,Slackness,http://www.wikidata.org/entity/Q4690168,Afro-Caribbean music,
http://www.wikidata.org/entity/Q3487358,death industrial,http://www.wikidata.org/entity/Q487965,industrial music,
http://www.wikidata.org/entity/Q3487358,death industrial,http://www.wikidata.org/entity/Q2687544,power electronics,
http://www.wikidata.org/entity/Q3492946,Hungarian hip hop,http://www.wikidata.org/entity/Q932477,music of Hungary,
http://www.wikidata.org/entity/Q3492946,Hungarian hip hop,http://www.wikidata.org/entity/Q5413526,European hip-hop,
http://www.wikidata.org/entity/Q3492949,speedbass,http://www.wikidata.org/entity/Q388906,hardcore,
http://www.wikidata.org/entity/Q3500284,street talking,http://www.wikidata.org/entity/Q37073,pop music,
http://www.wikidata.org/entity/Q3501147,gabber metal,http://www.wikidata.org/entity/Q388906,hardcore,
http://www.wikidata.org/entity/Q3501147,gabber metal,http://www.wikidata.org/entity/Q820049,gabber,
http://www.wikidata.org/entity/Q3503814,microsound,http://www.wikidata.org/entity/Q105763581,experimental electronic music,1992-01-01T00:00:00Z
http://www.wikidata.org/entity/Q3506890,Czech hip hop,http://www.wikidata.org/entity/Q2981079,music of the Czech Republic,
http://www.wikidata.org/entity/Q3506890,Czech hip hop,http://www.wikidata.org/entity/Q5413526,European hip-hop,
http://www.wikidata.org/entity/Q3509353,fuji music,http://www.wikidata.org/entity/Q9048265,Yoruba music,
http://www.wikidata.org/entity/Q3510161,Memphis soul,http://www.wikidata.org/entity/Q131272,soul,
http://www.wikidata.org/entity/Q3510528,sega tambour of Rodrigues Island,http://www.wikidata.org/entity/Q139565726,séga tambour,
http://www.wikidata.org/entity/Q3511593,Sufiana kalam,http://www.wikidata.org/entity/Q1755959,Sufi music,
http://www.wikidata.org/entity/Q3511593,Sufiana kalam,http://www.wikidata.org/entity/Q6942044,music of Central Asia,
http://www.wikidata.org/entity/Q3511593,Sufiana kalam,http://www.wikidata.org/entity/Q98528260,maqāmic music,
http://www.wikidata.org/entity/Q3511593,Sufiana kalam,http://www.wikidata.org/entity/Q98528267,music of South Asia,
http://www.wikidata.org/entity/Q3512282,process music,http://www.wikidata.org/entity/Q65937946,modern classical music,1960-01-01T00:00:00Z
http://www.wikidata.org/entity/Q3512563,modern soul,http://www.wikidata.org/entity/Q131272,soul,
http://www.wikidata.org/entity/Q3512676,tubû,http://www.wikidata.org/entity/Q623904,Andalusi classical music,
http://www.wikidata.org/entity/Q3512699,tabahaniotika,http://www.wikidata.org/entity/Q3564665,music of Crete,
http://www.wikidata.org/entity/Q3517436,tembang sunda,http://www.wikidata.org/entity/Q12520649,tembang,1850-01-01T00:00:00Z
http://www.wikidata.org/entity/Q3517436,tembang sunda,http://www.wikidata.org/entity/Q104853037,Sundanese music,1850-01-01T00:00:00Z
http://www.wikidata.org/entity/Q3517436,tembang sunda,http://www.wikidata.org/entity/Q106586998,Southeast Asian classical music,1850-01-01T00:00:00Z
http://www.wikidata.org/entity/Q3521984,konnakol,http://www.wikidata.org/entity/Q956883,Carnatic music,
http://www.wikidata.org/entity/Q3525838,quan họ,http://www.wikidata.org/entity/Q10757361,Vietnamese folk music,
http://www.wikidata.org/entity/Q3527765,spiritual verse,http://www.wikidata.org/entity/Q4400497,Russian folk song,
http://www.wikidata.org/entity/Q3527765,spiritual verse,http://www.wikidata.org/entity/Q98807065,psalma,
http://www.wikidata.org/entity/Q3531526,tondero,http://www.wikidata.org/entity/Q6950428,música criolla,
http://www.wikidata.org/entity/Q3535998,Indian pop,http://www.wikidata.org/entity/Q37073,pop music,
http://www.wikidata.org/entity/Q3535998,Indian pop,http://www.wikidata.org/entity/Q531426,music of India,
http://www.wikidata.org/entity/Q3538739,tribe,http://www.wikidata.org/entity/Q388906,hardcore,
http://www.wikidata.org/entity/Q3538739,tribe,http://www.wikidata.org/entity/Q1524033,free tekno,
http://www.wikidata.org/entity/Q3541635,tsugaru-jamisen,http://www.wikidata.org/entity/Q106586219,Japanese folk music,
http://www.wikidata.org/entity/Q3553356,Hiragasy,http://www.wikidata.org/entity/Q109271585,Malagasy folk music,
http://www.wikidata.org/entity/Q3554510,vanera,http://www.wikidata.org/entity/Q1958247,Brazilian gaucho music,
http://www.wikidata.org/entity/Q3559240,neo kyma,http://www.wikidata.org/entity/Q53806314,éntekhno,1965-01-01T00:00:00Z
http://www.wikidata.org/entity/Q3560556,vira,http://www.wikidata.org/entity/Q106556293,Portuguese folk music,
http://www.wikidata.org/entity/Q3564665,music of Crete,http://www.wikidata.org/entity/Q1465419,music of Greece,
http://www.wikidata.org/entity/Q3564915,wabap biguine,http://www.wikidata.org/entity/Q105513,bebop,1960-01-01T00:00:00Z
http://www.wikidata.org/entity/Q3564915,wabap biguine,http://www.wikidata.org/entity/Q814402,biguine,1960-01-01T00:00:00Z
http://www.wikidata.org/entity/Q3564915,wabap biguine,http://www.wikidata.org/entity/Q3163340,Afro-Cuban jazz,1960-01-01T00:00:00Z
http://www.wikidata.org/entity/Q3567452,West Coast rock,http://www.wikidata.org/entity/Q3437802,American rock,
http://www.wikidata.org/entity/Q3570841,xaxado,http://www.wikidata.org/entity/Q106926325,Brazilian folk music,
http://www.wikidata.org/entity/Q3570841,xaxado,http://www.wikidata.org/entity/Q117632917,northeastern Brazilian music,
http://www.wikidata.org/entity/Q3572737,Aragonese rock,http://www.wikidata.org/entity/Q11399,rock music,
http://www.wikidata.org/entity/Q3572737,Aragonese rock,http://www.wikidata.org/entity/Q964987,music of Spain,
http://www.wikidata.org/entity/Q3575673,zoblazo,http://www.wikidata.org/entity/Q106641570,Akan music,1992-01-01T00:00:00Z
http://www.wikidata.org/entity/Q3587612,electroacoustic improvisation,http://www.wikidata.org/entity/Q592060,free improvisation,
http://www.wikidata.org/entity/Q3587612,electroacoustic improvisation,http://www.wikidata.org/entity/Q1326777,electroacoustic music,
http://www.wikidata.org/entity/Q3591962,Ethio-jazz,http://www.wikidata.org/entity/Q8341,jazz,1968-01-01T00:00:00Z
http://www.wikidata.org/entity/Q3591962,Ethio-jazz,http://www.wikidata.org/entity/Q109615856,Ethiopic music,1968-01-01T00:00:00Z
http://www.wikidata.org/entity/Q3595117,Kirana gharana,http://www.wikidata.org/entity/Q685884,vocal music,
http://www.wikidata.org/entity/Q3595117,Kirana gharana,http://www.wikidata.org/entity/Q1323698,Indian classical music,
http://www.wikidata.org/entity/Q3605852,adult album alternative,http://www.wikidata.org/entity/Q484641,pop rock,
http://www.wikidata.org/entity/Q3605852,adult album alternative,http://www.wikidata.org/entity/Q1695023,alternative music,
http://www.wikidata.org/entity/Q3606268,Afro-rock,http://www.wikidata.org/entity/Q11399,rock music,
http://www.wikidata.org/entity/Q3606268,Afro-rock,http://www.wikidata.org/entity/Q6942329,music of West Africa,
http://www.wikidata.org/entity/Q3613770,ambient dub,http://www.wikidata.org/entity/Q757143,chill-out music,1991-01-01T00:00:00Z
http://www.wikidata.org/entity/Q3613770,ambient dub,http://www.wikidata.org/entity/Q2478478,dubtronica,1991-01-01T00:00:00Z
http://www.wikidata.org/entity/Q3630966,avant-prog,http://www.wikidata.org/entity/Q49451,progressive rock,1969-01-01T00:00:00Z
http://www.wikidata.org/entity/Q3630966,avant-prog,http://www.wikidata.org/entity/Q1641839,experimental rock,1969-01-01T00:00:00Z
http://www.wikidata.org/entity/Q3630966,avant-prog,http://www.wikidata.org/entity/Q2332751,avant-garde music,1969-01-01T00:00:00Z
http://www.wikidata.org/entity/Q3641200,blues metal,http://www.wikidata.org/entity/Q83270,hard rock,
http://www.wikidata.org/entity/Q3641200,blues metal,http://www.wikidata.org/entity/Q193355,blues rock,
http://www.wikidata.org/entity/Q3641200,blues metal,http://www.wikidata.org/entity/Q12326776,metal music,
http://www.wikidata.org/entity/Q3643031,Boston hardcore,http://www.wikidata.org/entity/Q11285080,American hardcore punk,
http://www.wikidata.org/entity/Q3644819,cello rock,http://www.wikidata.org/entity/Q11399,rock music,
http://www.wikidata.org/entity/Q3645098,British punk,http://www.wikidata.org/entity/Q3071,punk rock,
http://www.wikidata.org/entity/Q3645098,British punk,http://www.wikidata.org/entity/Q268673,music of the United Kingdom,
http://www.wikidata.org/entity/Q3650974,pagan rock,http://www.wikidata.org/entity/Q11399,rock music,
http://www.wikidata.org/entity/Q3650974,pagan rock,http://www.wikidata.org/entity/Q65047322,modern pagan music,
http://www.wikidata.org/entity/Q3655716,carnival song,http://www.wikidata.org/entity/Q2574657,part song,
http://www.wikidata.org/entity/Q3655716,carnival song,http://www.wikidata.org/entity/Q114239322,carnival music,
http://www.wikidata.org/entity/Q3655722,Italian resistance song,http://www.wikidata.org/entity/Q829147,protest song,
http://www.wikidata.org/entity/Q3655728,canti di guerra,http://www.wikidata.org/entity/Q3679098,music of Italy,
http://www.wikidata.org/entity/Q3656466,cantu a chiterra,http://www.wikidata.org/entity/Q685884,vocal music,
http://www.wikidata.org/entity/Q3656466,cantu a chiterra,http://www.wikidata.org/entity/Q117632843,Sardinian folk music,
http://www.wikidata.org/entity/Q3656492,classic Neapolitan song,http://www.wikidata.org/entity/Q1195630,canzone napoletana,
http://www.wikidata.org/entity/Q3658336,New Orleans rhythm and blues,http://www.wikidata.org/entity/Q114907417,early R&B,1945-01-01T00:00:00Z
http://www.wikidata.org/entity/Q3664327,Celtic pop,http://www.wikidata.org/entity/Q37073,pop music,
http://www.wikidata.org/entity/Q3664327,Celtic pop,http://www.wikidata.org/entity/Q854451,Celtic music,
http://www.wikidata.org/entity/Q3679098,music of Italy,http://www.wikidata.org/entity/Q106508039,music of Southern Europe,
http://www.wikidata.org/entity/Q3683985,combat folk,http://www.wikidata.org/entity/Q186472,folk rock,
http://www.wikidata.org/entity/Q3683985,combat folk,http://www.wikidata.org/entity/Q829147,protest song,
http://www.wikidata.org/entity/Q3696098,country yodel,http://www.wikidata.org/entity/Q60030725,yodel,
http://www.wikidata.org/entity/Q3696098,country yodel,http://www.wikidata.org/entity/Q65943778,traditional country music,
http://www.wikidata.org/entity/Q3699386,cumbia rap,http://www.wikidata.org/entity/Q723418,cumbia,1990-01-01T00:00:00Z
http://www.wikidata.org/entity/Q3702442,Occitan folk music,http://www.wikidata.org/entity/Q3328732,music of Occitania,
http://www.wikidata.org/entity/Q3702442,Occitan folk music,http://www.wikidata.org/entity/Q98528192,European folk music,
http://www.wikidata.org/entity/Q3709211,dirty rap,http://www.wikidata.org/entity/Q11401,hip-hop,1997-01-01T00:00:00Z
http://www.wikidata.org/entity/Q3710513,music of Haiti,http://www.wikidata.org/entity/Q727781,music of Latin America,
http://www.wikidata.org/entity/Q3710513,music of Haiti,http://www.wikidata.org/entity/Q107025062,French Caribbean music,
http://www.wikidata.org/entity/Q3710513,music of Haiti,http://www.wikidata.org/entity/Q108151792,music of the Greater Antilles,
http://www.wikidata.org/entity/Q3724735,emo pop,http://www.wikidata.org/entity/Q10926,emo,1995-01-01T00:00:00Z
http://www.wikidata.org/entity/Q3724735,emo pop,http://www.wikidata.org/entity/Q11366,alternative rock,1995-01-01T00:00:00Z
http://www.wikidata.org/entity/Q3724778,emotional hardcore,http://www.wikidata.org/entity/Q10926,emo,1984-01-01T00:00:00Z
http://www.wikidata.org/entity/Q3724778,emotional hardcore,http://www.wikidata.org/entity/Q377910,post-hardcore,1984-01-01T00:00:00Z
http://www.wikidata.org/entity/Q4825221,Australian ska,http://www.wikidata.org/entity/Q54365,ska,
http://www.wikidata.org/entity/Q4825221,Australian ska,http://www.wikidata.org/entity/Q3114644,music of Australia,
http://www.wikidata.org/entity/Q4825229,Australian thrash metal,http://www.wikidata.org/entity/Q483352,thrash metal,
http://www.wikidata.org/entity/Q4825229,Australian thrash metal,http://www.wikidata.org/entity/Q3114644,music of Australia,
http://www.wikidata.org/entity/Q4832426,Azerbaijani hip hop,http://www.wikidata.org/entity/Q11401,hip-hop,
http://www.wikidata.org/entity/Q4832426,Azerbaijani hip hop,http://www.wikidata.org/entity/Q724104,music of Azerbaijan,
http://www.wikidata.org/entity/Q4832826,Azonto,http://www.wikidata.org/entity/Q6942095,music of Ghana,2000-01-01T00:00:00Z
http://www.wikidata.org/entity/Q4838724,bachatón,http://www.wikidata.org/entity/Q202930,reggaeton,
http://www.wikidata.org/entity/Q4841438,Baganda music,http://www.wikidata.org/entity/Q106586248,music of East Africa,
http://www.wikidata.org/entity/Q4841596,baggy,http://www.wikidata.org/entity/Q11366,alternative rock,1988-01-01T00:00:00Z
http://www.wikidata.org/entity/Q4841596,baggy,http://www.wikidata.org/entity/Q703778,neo-psychedelia,1988-01-01T00:00:00Z
http://www.wikidata.org/entity/Q4846346,bassline,http://www.wikidata.org/entity/Q1165777,UK garage,1999-01-01T00:00:00Z
http://www.wikidata.org/entity/Q4846346,bassline,http://www.wikidata.org/entity/Q114880130,bass music (EDM),1999-01-01T00:00:00Z
http://www.wikidata.org/entity/Q4848674,Baisha xiyue,http://www.wikidata.org/entity/Q15926105,ancient Naxi music,1600-01-01T00:00:00Z
http://www.wikidata.org/entity/Q4848674,Baisha xiyue,http://www.wikidata.org/entity/Q106634987,Chinese classical music,1600-01-01T00:00:00Z
http://www.wikidata.org/entity/Q4848738,baithak gana,http://www.wikidata.org/entity/Q3394906,music of the Caribbean,1965-01-01T00:00:00Z
http://www.wikidata.org/entity/Q4851096,Balkan jazz,http://www.wikidata.org/entity/Q8341,jazz,
http://www.wikidata.org/entity/Q4851096,Balkan jazz,http://www.wikidata.org/entity/Q3211884,music of the Balkans,
http://www.wikidata.org/entity/Q4851628,ballet,http://www.wikidata.org/entity/Q9730,classical music,
http://www.wikidata.org/entity/Q4851628,ballet,http://www.wikidata.org/entity/Q316930,dance music,
http://www.wikidata.org/entity/Q4851628,ballet,http://www.wikidata.org/entity/Q7777494,theatre music,
http://www.wikidata.org/entity/Q4852449,Balochi music,http://www.wikidata.org/entity/Q1503406,music of the Middle East,
http://www.wikidata.org/entity/Q4852449,Balochi music,http://www.wikidata.org/entity/Q6942044,music of Central Asia,
http://www.wikidata.org/entity/Q4852449,Balochi music,http://www.wikidata.org/entity/Q98528267,music of South Asia,
http://www.wikidata.org/entity/Q4852979,Baltimore club,http://www.wikidata.org/entity/Q20502,house music,1988-01-01T00:00:00Z
http://www.wikidata.org/entity/Q4852979,Baltimore club,http://www.wikidata.org/entity/Q663519,breakbeat,1988-01-01T00:00:00Z
http://www.wikidata.org/entity/Q4852979,Baltimore club,http://www.wikidata.org/entity/Q107091813,East Coast club,1988-01-01T00:00:00Z
http://www.wikidata.org/entity/Q4854353,Bandana thrash,http://www.wikidata.org/entity/Q1995569,thrashcore,1998-01-01T00:00:00Z
http://www.wikidata.org/entity/Q4855476,Bangladeshi hip hop,http://www.wikidata.org/entity/Q3328593,music of Bangladesh,
http://www.wikidata.org/entity/Q4855476,Bangladeshi hip hop,http://www.wikidata.org/entity/Q4806789,Asian hip-hop,
http://www.wikidata.org/entity/Q4855483,Bangladeshi rock,http://www.wikidata.org/entity/Q11399,rock music,
http://www.wikidata.org/entity/Q4855483,Bangladeshi rock,http://www.wikidata.org/entity/Q3328593,music of Bangladesh,
http://www.wikidata.org/entity/Q4855518,Bango,http://www.wikidata.org/entity/Q3868594,music of Kenya,
http://www.wikidata.org/entity/Q4864776,music of São Tomé and Príncipe,http://www.wikidata.org/entity/Q106588687,music of Central Africa,
http://www.wikidata.org/entity/Q4869661,battaglia,http://www.wikidata.org/entity/Q209741,programme music,
http://www.wikidata.org/entity/Q4873394,Batá-rumba,http://www.wikidata.org/entity/Q388475,Cuban rumba,1957-01-01T00:00:00Z
http://www.wikidata.org/entity/Q4875789,beach music,http://www.wikidata.org/entity/Q45981,rhythm and blues,1948-01-01T00:00:00Z
http://www.wikidata.org/entity/Q4879372,Bedouin music,http://www.wikidata.org/entity/Q624044,Arabic music,
http://www.wikidata.org/entity/Q4882148,gamelan beleganjur,http://www.wikidata.org/entity/Q11210968,Gamelan Bali,
http://www.wikidata.org/entity/Q4888038,Beninese hip hop,http://www.wikidata.org/entity/Q387236,African hip-hop,
http://www.wikidata.org/entity/Q4888038,Beninese hip hop,http://www.wikidata.org/entity/Q10334885,music of Benin,
http://www.wikidata.org/entity/Q4889602,benna,http://www.wikidata.org/entity/Q98528191,Caribbean folk music,
http://www.wikidata.org/entity/Q4890645,Bentonia School,http://www.wikidata.org/entity/Q1127539,Delta blues,
http://www.wikidata.org/entity/Q4901016,bhangragga,http://www.wikidata.org/entity/Q474027,dancehall,
http://www.wikidata.org/entity/Q4901016,bhangragga,http://www.wikidata.org/entity/Q854844,bhangra,
http://www.wikidata.org/entity/Q4905606,Big Drum,http://www.wikidata.org/entity/Q3394906,music of the Caribbean,
http://www.wikidata.org/entity/Q4917174,BisRock,http://www.wikidata.org/entity/Q3388814,Pinoy rock,
http://www.wikidata.org/entity/Q4925966,kantrum,http://www.wikidata.org/entity/Q114594062,Khmer music,
http://www.wikidata.org/entity/Q4930356,bluegrass fiddle,http://www.wikidata.org/entity/Q213714,bluegrass music,
http://www.wikidata.org/entity/Q4936212,bocet,http://www.wikidata.org/entity/Q12736123,Romanian folk music,
http://www.wikidata.org/entity/Q4936753,boduberu,http://www.wikidata.org/entity/Q98528198,South Asian folk music,
http://www.wikidata.org/entity/Q4937089,boedra,http://www.wikidata.org/entity/Q1585558,music of Tibet,
http://www.wikidata.org/entity/Q4937089,boedra,http://www.wikidata.org/entity/Q110250034,Bhutanese folk music,
http://www.wikidata.org/entity/Q4938135,Boheoja,http://www.wikidata.org/entity/Q708228,Korean court music,
http://www.wikidata.org/entity/Q4942839,boogie,http://www.wikidata.org/entity/Q45981,rhythm and blues,1976-01-01T00:00:00Z
http://www.wikidata.org/entity/Q4942839,boogie,http://www.wikidata.org/entity/Q1190485,post-disco,1976-01-01T00:00:00Z
http://www.wikidata.org/entity/Q4943457,boomba music,http://www.wikidata.org/entity/Q106586248,music of East Africa,
http://www.wikidata.org/entity/Q4947417,Bosnian and Herzegovinian hip hop,http://www.wikidata.org/entity/Q3328608,music of Bosnia and Herzegovina,
http://www.wikidata.org/entity/Q4947417,Bosnian and Herzegovinian hip hop,http://www.wikidata.org/entity/Q5413526,European hip-hop,
http://www.wikidata.org/entity/Q4947422,Bosnian root music,http://www.wikidata.org/entity/Q179465,polyphony,
http://www.wikidata.org/entity/Q4947422,Bosnian root music,http://www.wikidata.org/entity/Q3328681,popular folk music,
http://www.wikidata.org/entity/Q4947422,Bosnian root music,http://www.wikidata.org/entity/Q109560218,Bosnian and Herzegovinian folk music,
http://www.wikidata.org/entity/Q4948714,bothy ballad,http://www.wikidata.org/entity/Q17018487,Scottish folk music,
http://www.wikidata.org/entity/Q4949812,bounce music,http://www.wikidata.org/entity/Q1253172,Southern hip-hop,1990-01-01T00:00:00Z
http://www.wikidata.org/entity/Q4949812,bounce music,http://www.wikidata.org/entity/Q114880124,US bass music,1990-01-01T00:00:00Z
http://www.wikidata.org/entity/Q4950495,Bouyon soca,http://www.wikidata.org/entity/Q1051735,soca music,2000-01-01T00:00:00Z
http://www.wikidata.org/entity/Q4950495,Bouyon soca,http://www.wikidata.org/entity/Q4950496,bouyon,2000-01-01T00:00:00Z
http://www.wikidata.org/entity/Q4950496,bouyon,http://www.wikidata.org/entity/Q107025062,French Caribbean music,1988-01-01T00:00:00Z
http://www.wikidata.org/entity/Q4958927,Brazilian thrash metal,http://www.wikidata.org/entity/Q483352,thrash metal,
http://www.wikidata.org/entity/Q4965901,Jersey club,http://www.wikidata.org/entity/Q107091813,East Coast club,2002-01-01T00:00:00Z
http://www.wikidata.org/entity/Q4968631,Brisbane punk rock,http://www.wikidata.org/entity/Q3071,punk rock,
http://www.wikidata.org/entity/Q4969182,Brit funk,http://www.wikidata.org/entity/Q164444,funk,
http://www.wikidata.org/entity/Q4971320,British dance band,http://www.wikidata.org/entity/Q8341,jazz,1921-01-01T00:00:00Z
http://www.wikidata.org/entity/Q4971320,British dance band,http://www.wikidata.org/entity/Q268673,music of the United Kingdom,1921-01-01T00:00:00Z
http://www.wikidata.org/entity/Q4971320,British dance band,http://www.wikidata.org/entity/Q1196752,traditional pop,1921-01-01T00:00:00Z
http://www.wikidata.org/entity/Q4971384,British jazz,http://www.wikidata.org/entity/Q8341,jazz,
http://www.wikidata.org/entity/Q4971384,British jazz,http://www.wikidata.org/entity/Q268673,music of the United Kingdom,
http://www.wikidata.org/entity/Q4971422,British pop,http://www.wikidata.org/entity/Q37073,pop music,
http://www.wikidata.org/entity/Q4971442,British rhythm and blues,http://www.wikidata.org/entity/Q11399,rock music,1963-01-01T00:00:00Z
http://www.wikidata.org/entity/Q4971442,British rhythm and blues,http://www.wikidata.org/entity/Q45981,rhythm and blues,1963-01-01T00:00:00Z
http://www.wikidata.org/entity/Q4971443,British rock and roll,http://www.wikidata.org/entity/Q7749,rock and roll,
http://www.wikidata.org/entity/Q1136331,nu jazz,http://www.wikidata.org/entity/Q8341,jazz,1995-01-01T00:00:00Z
http://www.wikidata.org/entity/Q1136331,nu jazz,http://www.wikidata.org/entity/Q817138,electronica,1995-01-01T00:00:00Z
http://www.wikidata.org/entity/Q1136765,uplifting trance,http://www.wikidata.org/entity/Q170435,trance,1996-01-01T00:00:00Z
http://www.wikidata.org/entity/Q1136846,sinfonia concertante,http://www.wikidata.org/entity/Q9734,symphony,
http://www.wikidata.org/entity/Q1136846,sinfonia concertante,http://www.wikidata.org/entity/Q9748,concerto,
http://www.wikidata.org/entity/Q1137588,personal anthem,http://www.wikidata.org/entity/Q541947,anthem,
http://www.wikidata.org/entity/Q1137588,personal anthem,http://www.wikidata.org/entity/Q26897135,functional music,
http://www.wikidata.org/entity/Q1139136,horrorcore,http://www.wikidata.org/entity/Q11401,hip-hop,1990-01-01T00:00:00Z
http://www.wikidata.org/entity/Q1139787,music of ancient Greece,http://www.wikidata.org/entity/Q18846,ancient music,
http://www.wikidata.org/entity/Q1140291,wedding march,http://www.wikidata.org/entity/Q211025,march,
http://www.wikidata.org/entity/Q1140291,wedding march,http://www.wikidata.org/entity/Q106015533,wedding music,
http://www.wikidata.org/entity/Q1141081,lounge music,http://www.wikidata.org/entity/Q848399,easy listening,1950-01-01T00:00:00Z
http://www.wikidata.org/entity/Q1141686,Galante music,http://www.wikidata.org/entity/Q8361,Baroque music,1720-01-01T00:00:00Z
http://www.wikidata.org/entity/Q1143741,chicha,http://www.wikidata.org/entity/Q492096,Andean music,
http://www.wikidata.org/entity/Q1143741,chicha,http://www.wikidata.org/entity/Q7171184,Peruvian cumbia,
http://www.wikidata.org/entity/Q1143743,cumbia romántica,http://www.wikidata.org/entity/Q723418,cumbia,
http://www.wikidata.org/entity/Q1143744,digital cumbia,http://www.wikidata.org/entity/Q723418,cumbia,1997-01-01T00:00:00Z
http://www.wikidata.org/entity/Q1143744,digital cumbia,http://www.wikidata.org/entity/Q98528166,Latin electronic music,1997-01-01T00:00:00Z
http://www.wikidata.org/entity/Q1143752,cumbia villera,http://www.wikidata.org/entity/Q4789437,Argentine cumbia,1999-01-01T00:00:00Z
http://www.wikidata.org/entity/Q1145867,cururu,http://www.wikidata.org/entity/Q106926325,Brazilian folk music,
http://www.wikidata.org/entity/Q1147692,goregrind,http://www.wikidata.org/entity/Q188534,grindcore,1988-01-01T00:00:00Z
http://www.wikidata.org/entity/Q1147752,incidental music,http://www.wikidata.org/entity/Q7777494,theatre music,
http://www.wikidata.org/entity/Q1151259,nueva canción,http://www.wikidata.org/entity/Q89363113,singer-songwriter music,1965-01-01T00:00:00Z
http://www.wikidata.org/entity/Q1151260,D-beat,http://www.wikidata.org/entity/Q10922,hardcore punk,1980-01-01T00:00:00Z
http://www.wikidata.org/entity/Q1151663,novelty music,http://www.wikidata.org/entity/Q5151495,comedy music,1910-01-01T00:00:00Z
http://www.wikidata.org/entity/Q1154911,carnavalito,http://www.wikidata.org/entity/Q2307786,huayno,
http://www.wikidata.org/entity/Q1156570,dabke,http://www.wikidata.org/entity/Q123421088,Levantine Arabic music,
http://www.wikidata.org/entity/Q1156957,music of Vietnam,http://www.wikidata.org/entity/Q10838732,music of Southeast Asia,
http://www.wikidata.org/entity/Q1157018,Dadra,http://www.wikidata.org/entity/Q1770695,Hindustani classical music,
http://www.wikidata.org/entity/Q1159539,dangdut,http://www.wikidata.org/entity/Q373342,popular music,1960-01-01T00:00:00Z
http://www.wikidata.org/entity/Q1159539,dangdut,http://www.wikidata.org/entity/Q1210921,music of Indonesia,1960-01-01T00:00:00Z
http://www.wikidata.org/entity/Q1159539,dangdut,http://www.wikidata.org/entity/Q3328715,music of Malaysia,1960-01-01T00:00:00Z
http://www.wikidata.org/entity/Q1162461,Hungarian folk song,http://www.wikidata.org/entity/Q722989,Hungarian folk music,
http://www.wikidata.org/entity/Q1162475,nóta,http://www.wikidata.org/entity/Q722989,Hungarian folk music,
http://www.wikidata.org/entity/Q1162954,French pop,http://www.wikidata.org/entity/Q37073,pop music,
http://www.wikidata.org/entity/Q1162954,French pop,http://www.wikidata.org/entity/Q672134,music of France,
http://www.wikidata.org/entity/Q1164252,deathrock,http://www.wikidata.org/entity/Q3071,punk rock,1978-01-01T00:00:00Z
http://www.wikidata.org/entity/Q1164252,deathrock,http://www.wikidata.org/entity/Q485395,gothic rock,1978-01-01T00:00:00Z
http://www.wikidata.org/entity/Q1165358,danzón,http://www.wikidata.org/entity/Q1544863,music of Cuba,
http://www.wikidata.org/entity/Q1165777,UK garage,http://www.wikidata.org/entity/Q851213,electronic dance music,1993-01-01T00:00:00Z
http://www.wikidata.org/entity/Q1166158,dark cabaret,http://www.wikidata.org/entity/Q373342,popular music,1980-01-01T00:00:00Z
http://www.wikidata.org/entity/Q1166197,dark metal,http://www.wikidata.org/entity/Q465978,extreme metal,1994-01-01T00:00:00Z
http://www.wikidata.org/entity/Q1166218,dark rock,http://www.wikidata.org/entity/Q11366,alternative rock,
http://www.wikidata.org/entity/Q1166321,darkstep,http://www.wikidata.org/entity/Q188994,drum and bass,1997-01-01T00:00:00Z
http://www.wikidata.org/entity/Q1166726,grime,http://www.wikidata.org/entity/Q6010,rapping,2001-01-01T00:00:00Z
http://www.wikidata.org/entity/Q1166726,grime,http://www.wikidata.org/entity/Q851213,electronic dance music,2001-01-01T00:00:00Z
http://www.wikidata.org/entity/Q1181308,death 'n' roll,http://www.wikidata.org/entity/Q483251,death metal,1992-01-01T00:00:00Z
http://www.wikidata.org/entity/Q1182371,deep funk,http://www.wikidata.org/entity/Q164444,funk,
http://www.wikidata.org/entity/Q1185390,disco polo,http://www.wikidata.org/entity/Q211756,dance-pop,1988-01-01T00:00:00Z
http://www.wikidata.org/entity/Q1185390,disco polo,http://www.wikidata.org/entity/Q473602,music of Poland,1988-01-01T00:00:00Z
http://www.wikidata.org/entity/Q1187080,dengbêjî,http://www.wikidata.org/entity/Q108866070,Kurdish folk music,
http://www.wikidata.org/entity/Q1188882,Selichot,http://www.wikidata.org/entity/Q781402,piyyut,
http://www.wikidata.org/entity/Q5192064,Cuban folk music,http://www.wikidata.org/entity/Q98528197,Hispanic American folk music,
http://www.wikidata.org/entity/Q5192126,Cuban rock,http://www.wikidata.org/entity/Q11399,rock music,
http://www.wikidata.org/entity/Q5192126,Cuban rock,http://www.wikidata.org/entity/Q1544863,music of Cuba,
http://www.wikidata.org/entity/Q5194012,cumbia pegassera,http://www.wikidata.org/entity/Q723418,cumbia,
http://www.wikidata.org/entity/Q5201820,Czech bluegrass,http://www.wikidata.org/entity/Q213714,bluegrass music,
http://www.wikidata.org/entity/Q5201820,Czech bluegrass,http://www.wikidata.org/entity/Q2981079,music of the Czech Republic,
http://www.wikidata.org/entity/Q5201841,Czech tramping music,http://www.wikidata.org/entity/Q83440,country music,
http://www.wikidata.org/entity/Q5201841,Czech tramping music,http://www.wikidata.org/entity/Q2981079,music of the Czech Republic,
http://www.wikidata.org/entity/Q5202394,cântec batrânesc,http://www.wikidata.org/entity/Q116690343,ballad,
http://www.wikidata.org/entity/Q5202988,cải lương,http://www.wikidata.org/entity/Q1156957,music of Vietnam,
http://www.wikidata.org/entity/Q5208151,Daechwita,http://www.wikidata.org/entity/Q6774721,military music,
http://www.wikidata.org/entity/Q5208151,Daechwita,http://www.wikidata.org/entity/Q116256909,Korean traditional music,
http://www.wikidata.org/entity/Q5215959,dangak,http://www.wikidata.org/entity/Q708228,Korean court music,
http://www.wikidata.org/entity/Q5216036,danger music,http://www.wikidata.org/entity/Q1640319,experimental music,
http://www.wikidata.org/entity/Q5219842,Danish jazz,http://www.wikidata.org/entity/Q8341,jazz,
http://www.wikidata.org/entity/Q5219842,Danish jazz,http://www.wikidata.org/entity/Q2449418,music of Denmark,
http://www.wikidata.org/entity/Q5219868,Danish folk music,http://www.wikidata.org/entity/Q2449418,music of Denmark,
http://www.wikidata.org/entity/Q5219868,Danish folk music,http://www.wikidata.org/entity/Q7050752,Nordic folk music,
http://www.wikidata.org/entity/Q5219995,Danmono,http://www.wikidata.org/entity/Q11603109,sokyoku,
http://www.wikidata.org/entity/Q5223519,dark industrial,http://www.wikidata.org/entity/Q936942,post-industrial music,
http://www.wikidata.org/entity/Q5226879,dastgah music,http://www.wikidata.org/entity/Q11223087,Persian traditional music,
http://www.wikidata.org/entity/Q5242609,Dawr,http://www.wikidata.org/entity/Q685884,vocal music,
http://www.wikidata.org/entity/Q5264196,Desi hip hop,http://www.wikidata.org/entity/Q4806789,Asian hip-hop,2002-01-01T00:00:00Z
http://www.wikidata.org/entity/Q5264196,Desi hip hop,http://www.wikidata.org/entity/Q98528267,music of South Asia,2002-01-01T00:00:00Z
http://www.wikidata.org/entity/Q5268810,Dhamail,http://www.wikidata.org/entity/Q3328593,music of Bangladesh,
http://www.wikidata.org/entity/Q5269880,Dhun,http://www.wikidata.org/entity/Q1770695,Hindustani classical music,
http://www.wikidata.org/entity/Q5276535,Dikir barat,http://www.wikidata.org/entity/Q12499696,Malay music,
http://www.wikidata.org/entity/Q5281127,dirty blues,http://www.wikidata.org/entity/Q9759,blues,
http://www.wikidata.org/entity/Q5290881,Dominican rock,http://www.wikidata.org/entity/Q11399,rock music,
http://www.wikidata.org/entity/Q5290881,Dominican rock,http://www.wikidata.org/entity/Q6942370,music of the Dominican Republic,
http://www.wikidata.org/entity/Q5295546,Dondang Sayang,http://www.wikidata.org/entity/Q12499696,Malay music,
http://www.wikidata.org/entity/Q5295946,dongjing,http://www.wikidata.org/entity/Q11787379,ritual music,
http://www.wikidata.org/entity/Q5295946,dongjing,http://www.wikidata.org/entity/Q15926105,ancient Naxi music,
http://www.wikidata.org/entity/Q5295946,dongjing,http://www.wikidata.org/entity/Q106634987,Chinese classical music,
http://www.wikidata.org/entity/Q5303621,Downtown music,http://www.wikidata.org/entity/Q2267955,music of the United States,
http://www.wikidata.org/entity/Q5320459,Düsseldorf school,http://www.wikidata.org/entity/Q5551384,German electronic music,
http://www.wikidata.org/entity/Q5327674,East African urban music,http://www.wikidata.org/entity/Q106586248,music of East Africa,
http://www.wikidata.org/entity/Q5330234,Joropo oriental,http://www.wikidata.org/entity/Q235858,traditional folk music,
http://www.wikidata.org/entity/Q5330234,Joropo oriental,http://www.wikidata.org/entity/Q1202208,joropo,
http://www.wikidata.org/entity/Q5334415,Ecuadorian rock,http://www.wikidata.org/entity/Q11399,rock music,
http://www.wikidata.org/entity/Q5334415,Ecuadorian rock,http://www.wikidata.org/entity/Q6942068,music of Ecuador,
http://www.wikidata.org/entity/Q5341293,educational music,http://www.wikidata.org/entity/Q26897135,functional music,
http://www.wikidata.org/entity/Q5348475,Egyptian hip-hop,http://www.wikidata.org/entity/Q387236,African hip-hop,
http://www.wikidata.org/entity/Q5348475,Egyptian hip-hop,http://www.wikidata.org/entity/Q18129813,music of Egypt,
http://www.wikidata.org/entity/Q5358022,electrogaze,http://www.wikidata.org/entity/Q9778,electronic music,
http://www.wikidata.org/entity/Q5369049,Gidayūbushi,http://www.wikidata.org/entity/Q1361891,jōruri,
http://www.wikidata.org/entity/Q5369664,hyangak,http://www.wikidata.org/entity/Q708228,Korean court music,
http://www.wikidata.org/entity/Q5377728,Luri music,http://www.wikidata.org/entity/Q1503406,music of the Middle East,
http://www.wikidata.org/entity/Q1121111,Tin Pan Alley,http://www.wikidata.org/entity/Q1196752,traditional pop,1885-01-01T00:00:00Z
http://www.wikidata.org/entity/Q1121111,Tin Pan Alley,http://www.wikidata.org/entity/Q107718737,music of North America,1885-01-01T00:00:00Z
http://www.wikidata.org/entity/Q1123381,comédie-ballet,http://www.wikidata.org/entity/Q8361,Baroque music,
http://www.wikidata.org/entity/Q1123381,comédie-ballet,http://www.wikidata.org/entity/Q1370345,musical theater,
http://www.wikidata.org/entity/Q1123381,comédie-ballet,http://www.wikidata.org/entity/Q4851628,ballet,
http://www.wikidata.org/entity/Q1123734,Concentus,http://www.wikidata.org/entity/Q26473,Gregorian chant,
http://www.wikidata.org/entity/Q1123745,glam punk,http://www.wikidata.org/entity/Q76092,glam rock,1975-01-01T00:00:00Z
http://www.wikidata.org/entity/Q1123745,glam punk,http://www.wikidata.org/entity/Q25554481,punk music,1975-01-01T00:00:00Z
http://www.wikidata.org/entity/Q1123763,kávéházi cigányzene,http://www.wikidata.org/entity/Q1268283,Romani music,
http://www.wikidata.org/entity/Q1125657,conga,http://www.wikidata.org/entity/Q1544863,music of Cuba,
http://www.wikidata.org/entity/Q1125678,congada,http://www.wikidata.org/entity/Q7777494,theatre music,
http://www.wikidata.org/entity/Q1127157,conscious reggae,http://www.wikidata.org/entity/Q9794,reggae,
http://www.wikidata.org/entity/Q1127530,modal jazz,http://www.wikidata.org/entity/Q8341,jazz,1959-01-01T00:00:00Z
http://www.wikidata.org/entity/Q1127539,Delta blues,http://www.wikidata.org/entity/Q9759,blues,1928-01-01T00:00:00Z
http://www.wikidata.org/entity/Q1127539,Delta blues,http://www.wikidata.org/entity/Q649823,country blues,1928-01-01T00:00:00Z
http://www.wikidata.org/entity/Q1127578,consort song,http://www.wikidata.org/entity/Q113600088,Elizabethan song,
http://www.wikidata.org/entity/Q1129422,morin khuur,http://www.wikidata.org/entity/Q19880374,Mongolian folk music,
http://www.wikidata.org/entity/Q1130969,fandango,http://www.wikidata.org/entity/Q9048257,Spanish folk music,
http://www.wikidata.org/entity/Q1130969,fandango,http://www.wikidata.org/entity/Q110592632,music of the Iberian Peninsula,
http://www.wikidata.org/entity/Q1131855,music of Kazakhstan,http://www.wikidata.org/entity/Q6942044,music of Central Asia,
http://www.wikidata.org/entity/Q1131855,music of Kazakhstan,http://www.wikidata.org/entity/Q108857328,music of Eastern Europe,
http://www.wikidata.org/entity/Q1132152,math rock,http://www.wikidata.org/entity/Q11399,rock music,1986-01-01T00:00:00Z
http://www.wikidata.org/entity/Q1132929,music of Botswana,http://www.wikidata.org/entity/Q98528232,music of Southern Africa,
http://www.wikidata.org/entity/Q1133657,traditional heavy metal,http://www.wikidata.org/entity/Q38848,heavy metal music,1970-01-01T00:00:00Z
http://www.wikidata.org/entity/Q1134562,coronation anthem,http://www.wikidata.org/entity/Q541947,anthem,
http://www.wikidata.org/entity/Q1134562,coronation anthem,http://www.wikidata.org/entity/Q1076513,choral music,
http://www.wikidata.org/entity/Q1134562,coronation anthem,http://www.wikidata.org/entity/Q122149755,event music,
http://www.wikidata.org/entity/Q1136045,wonky,http://www.wikidata.org/entity/Q851213,electronic dance music,2006-01-01T00:00:00Z
http://www.wikidata.org/entity/Q1136047,torch song,http://www.wikidata.org/entity/Q1077388,sentimental ballad,
http://www.wikidata.org/entity/Q3726825,epic metal,http://www.wikidata.org/entity/Q38848,heavy metal music,
http://www.wikidata.org/entity/Q3735422,Bandari music,http://www.wikidata.org/entity/Q1672398,music of Iran,
http://www.wikidata.org/entity/Q3735537,Ainu folk music,http://www.wikidata.org/entity/Q106586250,East Asian folk music,
http://www.wikidata.org/entity/Q3735537,Ainu folk music,http://www.wikidata.org/entity/Q115138321,Ainu music,
http://www.wikidata.org/entity/Q3735853,daina,http://www.wikidata.org/entity/Q43343,folk music,
http://www.wikidata.org/entity/Q3735853,daina,http://www.wikidata.org/entity/Q54891495,Lithuanian folk music,
http://www.wikidata.org/entity/Q3736049,experimental dub,http://www.wikidata.org/entity/Q212688,dub music,1992-01-01T00:00:00Z
http://www.wikidata.org/entity/Q3736049,experimental dub,http://www.wikidata.org/entity/Q105763581,experimental electronic music,1992-01-01T00:00:00Z
http://www.wikidata.org/entity/Q3736603,New Complexity,http://www.wikidata.org/entity/Q2568406,postmodern music,
http://www.wikidata.org/entity/Q3737170,Mari music,http://www.wikidata.org/entity/Q2498201,music of Russia,
http://www.wikidata.org/entity/Q3752342,frat rock,http://www.wikidata.org/entity/Q211573,garage rock,1959-01-01T00:00:00Z
http://www.wikidata.org/entity/Q3753864,Xixón sound,http://www.wikidata.org/entity/Q3437832,Spanish rock,
http://www.wikidata.org/entity/Q3765927,Hamd,http://www.wikidata.org/entity/Q1482325,Islamic music,
http://www.wikidata.org/entity/Q3783347,hardcore ragga,http://www.wikidata.org/entity/Q474027,dancehall,
http://www.wikidata.org/entity/Q3785730,Finnish hip hop,http://www.wikidata.org/entity/Q1417976,music of Finland,
http://www.wikidata.org/entity/Q3785730,Finnish hip hop,http://www.wikidata.org/entity/Q5413526,European hip-hop,
http://www.wikidata.org/entity/Q3785731,New Zealand hip-hop,http://www.wikidata.org/entity/Q11401,hip-hop,
http://www.wikidata.org/entity/Q3785731,New Zealand hip-hop,http://www.wikidata.org/entity/Q6942216,music of New Zealand,
http://www.wikidata.org/entity/Q3785732,Russian hip-hop,http://www.wikidata.org/entity/Q2498201,music of Russia,
http://www.wikidata.org/entity/Q3785732,Russian hip-hop,http://www.wikidata.org/entity/Q5413526,European hip-hop,
http://www.wikidata.org/entity/Q3785733,Slovak hip hop,http://www.wikidata.org/entity/Q2381945,music of Slovakia,
http://www.wikidata.org/entity/Q3785733,Slovak hip hop,http://www.wikidata.org/entity/Q5413526,European hip-hop,
http://www.wikidata.org/entity/Q3791697,chopper,http://www.wikidata.org/entity/Q966564,hardcore hip-hop,
http://www.wikidata.org/entity/Q3807537,orchestral jazz,http://www.wikidata.org/entity/Q8341,jazz,1920-01-01T00:00:00Z
http://www.wikidata.org/entity/Q3808055,music of Catalonia,http://www.wikidata.org/entity/Q964987,music of Spain,
http://www.wikidata.org/entity/Q3813661,Catalan rock,http://www.wikidata.org/entity/Q11399,rock music,
http://www.wikidata.org/entity/Q3813661,Catalan rock,http://www.wikidata.org/entity/Q3808055,music of Catalonia,
http://www.wikidata.org/entity/Q3813661,Catalan rock,http://www.wikidata.org/entity/Q20492204,music in Catalan language,
http://www.wikidata.org/entity/Q3815106,kidumbaki,http://www.wikidata.org/entity/Q106586248,music of East Africa,
http://www.wikidata.org/entity/Q3816171,koi kei x,http://www.wikidata.org/entity/Q131425,visual kei,
http://www.wikidata.org/entity/Q3820150,L.A. punk,http://www.wikidata.org/entity/Q3071,punk rock,
http://www.wikidata.org/entity/Q3827483,Latin hip-hop,http://www.wikidata.org/entity/Q11401,hip-hop,1990-01-01T00:00:00Z
http://www.wikidata.org/entity/Q3827483,Latin hip-hop,http://www.wikidata.org/entity/Q9048261,urbano music,1990-01-01T00:00:00Z
http://www.wikidata.org/entity/Q3827483,Latin hip-hop,http://www.wikidata.org/entity/Q18345375,Latin music,1990-01-01T00:00:00Z
http://www.wikidata.org/entity/Q3837980,Lubbock sound,http://www.wikidata.org/entity/Q83440,country music,
http://www.wikidata.org/entity/Q3840596,dark wave,http://www.wikidata.org/entity/Q598929,post-punk,1980-01-01T00:00:00Z
http://www.wikidata.org/entity/Q3842899,Madrigale spirituale,http://www.wikidata.org/entity/Q193217,madrigal,
http://www.wikidata.org/entity/Q3842899,Madrigale spirituale,http://www.wikidata.org/entity/Q1065742,religious music,
http://www.wikidata.org/entity/Q3845811,military march,http://www.wikidata.org/entity/Q211025,march,
http://www.wikidata.org/entity/Q3845811,military march,http://www.wikidata.org/entity/Q6774721,military music,
http://www.wikidata.org/entity/Q3846957,Beiguan,http://www.wikidata.org/entity/Q51446080,Chinese traditional music,
http://www.wikidata.org/entity/Q3855113,merenhouse,http://www.wikidata.org/entity/Q282131,merengue,1990-01-01T00:00:00Z
http://www.wikidata.org/entity/Q3855303,beat mass,http://www.wikidata.org/entity/Q546264,beat music,
http://www.wikidata.org/entity/Q3855303,beat mass,http://www.wikidata.org/entity/Q1379958,contemporary Christian music,
http://www.wikidata.org/entity/Q3867028,rōkyoku,http://www.wikidata.org/entity/Q685884,vocal music,
http://www.wikidata.org/entity/Q3867028,rōkyoku,http://www.wikidata.org/entity/Q106586219,Japanese folk music,
http://www.wikidata.org/entity/Q3868594,music of Kenya,http://www.wikidata.org/entity/Q106586248,music of East Africa,1900-01-01T00:00:00Z
http://www.wikidata.org/entity/Q3868595,music of East Asia,http://www.wikidata.org/entity/Q525073,music of Asia,
http://www.wikidata.org/entity/Q3868596,music of Rwanda,http://www.wikidata.org/entity/Q106586248,music of East Africa,
http://www.wikidata.org/entity/Q3868596,music of Rwanda,http://www.wikidata.org/entity/Q106588687,music of Central Africa,
http://www.wikidata.org/entity/Q3868597,music of Uganda,http://www.wikidata.org/entity/Q106586248,music of East Africa,
http://www.wikidata.org/entity/Q3868600,music of Tanzania,http://www.wikidata.org/entity/Q106586248,music of East Africa,
http://www.wikidata.org/entity/Q3868605,music of Zimbabwe,http://www.wikidata.org/entity/Q98528232,music of Southern Africa,
http://www.wikidata.org/entity/Q3868609,Hausa music,http://www.wikidata.org/entity/Q6942329,music of West Africa,
http://www.wikidata.org/entity/Q3868613,music of Kosovo,http://www.wikidata.org/entity/Q3211884,music of the Balkans,
http://www.wikidata.org/entity/Q3868631,shamanic music,http://www.wikidata.org/entity/Q1065742,religious music,
http://www.wikidata.org/entity/Q3868631,shamanic music,http://www.wikidata.org/entity/Q11787379,ritual music,
http://www.wikidata.org/entity/Q3868755,mutu,http://www.wikidata.org/entity/Q685884,vocal music,
http://www.wikidata.org/entity/Q3868787,muziki wa dansi,http://www.wikidata.org/entity/Q1752683,soukous,1935-01-01T00:00:00Z
http://www.wikidata.org/entity/Q3874645,neo-glam,http://www.wikidata.org/entity/Q189045,Britpop,1993-01-01T00:00:00Z
http://www.wikidata.org/entity/Q3874645,neo-glam,http://www.wikidata.org/entity/Q65937876,glam music,1993-01-01T00:00:00Z
http://www.wikidata.org/entity/Q3874690,Italian neo-progressive,http://www.wikidata.org/entity/Q1051843,neo-prog,
http://www.wikidata.org/entity/Q3875615,new acoustic movement,http://www.wikidata.org/entity/Q217191,soft rock,
http://www.wikidata.org/entity/Q3875615,new acoustic movement,http://www.wikidata.org/entity/Q3231749,post-Britpop,
http://www.wikidata.org/entity/Q3875615,new acoustic movement,http://www.wikidata.org/entity/Q3605852,adult album alternative,
http://www.wikidata.org/entity/Q3876770,nightcore,http://www.wikidata.org/entity/Q9778,electronic music,2002-01-01T00:00:00Z
http://www.wikidata.org/entity/Q3879179,nu gaze,http://www.wikidata.org/entity/Q11366,alternative rock,2001-01-01T00:00:00Z
http://www.wikidata.org/entity/Q3879286,nueva canción chilena,http://www.wikidata.org/entity/Q109626458,nueva canción latinoamericana,
http://www.wikidata.org/entity/Q3889385,music of Chile,http://www.wikidata.org/entity/Q727781,music of Latin America,
http://www.wikidata.org/entity/Q3889385,music of Chile,http://www.wikidata.org/entity/Q5645984,music of South America,
http://www.wikidata.org/entity/Q3889661,marchinha,http://www.wikidata.org/entity/Q899215,music of Brazil,1899-01-01T00:00:00Z
http://www.wikidata.org/entity/Q1033813,cantilena,http://www.wikidata.org/entity/Q1288193,cantilena,
http://www.wikidata.org/entity/Q1033831,canticle,http://www.wikidata.org/entity/Q856713,Christian hymn,
http://www.wikidata.org/entity/Q1033831,canticle,http://www.wikidata.org/entity/Q23072435,chant,
http://www.wikidata.org/entity/Q1033912,hard dance,http://www.wikidata.org/entity/Q851213,electronic dance music,1992-01-01T00:00:00Z
http://www.wikidata.org/entity/Q1034045,canzonetta,http://www.wikidata.org/entity/Q207683,canzona,
http://www.wikidata.org/entity/Q1034231,cape jazz,http://www.wikidata.org/entity/Q7565881,South African jazz,
http://www.wikidata.org/entity/Q1036183,carimbó,http://www.wikidata.org/entity/Q899215,music of Brazil,
http://www.wikidata.org/entity/Q1036888,históriás ének,http://www.wikidata.org/entity/Q685884,vocal music,
http://www.wikidata.org/entity/Q1036888,históriás ének,http://www.wikidata.org/entity/Q932477,music of Hungary,
http://www.wikidata.org/entity/Q1045541,G-funk,http://www.wikidata.org/entity/Q753679,gangsta rap,1989-01-01T00:00:00Z
http://www.wikidata.org/entity/Q1045756,microtonal music,http://www.wikidata.org/entity/Q65937946,modern classical music,
http://www.wikidata.org/entity/Q1046768,música popular brasileira,http://www.wikidata.org/entity/Q899215,music of Brazil,1966-01-01T00:00:00Z
http://www.wikidata.org/entity/Q1046801,turntablism,http://www.wikidata.org/entity/Q1640319,experimental music,1990-01-01T00:00:00Z
http://www.wikidata.org/entity/Q1046838,new wave of American heavy metal,http://www.wikidata.org/entity/Q2782580,American metal,1995-01-01T00:00:00Z
http://www.wikidata.org/entity/Q1048249,Italian folk music,http://www.wikidata.org/entity/Q3679098,music of Italy,
http://www.wikidata.org/entity/Q1048249,Italian folk music,http://www.wikidata.org/entity/Q98528192,European folk music,
http://www.wikidata.org/entity/Q1048469,music of Scotland,http://www.wikidata.org/entity/Q268673,music of the United Kingdom,
http://www.wikidata.org/entity/Q1051575,humppa,http://www.wikidata.org/entity/Q959583,schlager music,
http://www.wikidata.org/entity/Q1051735,soca music,http://www.wikidata.org/entity/Q3394906,music of the Caribbean,1970-01-01T00:00:00Z
http://www.wikidata.org/entity/Q1055871,Japanese rock,http://www.wikidata.org/entity/Q257533,music of Japan,1965-01-01T00:00:00Z
http://www.wikidata.org/entity/Q1060475,chamamé,http://www.wikidata.org/entity/Q6036543,litoraleña music,
http://www.wikidata.org/entity/Q1061165,champeta,http://www.wikidata.org/entity/Q3394906,music of the Caribbean,1980-01-01T00:00:00Z
http://www.wikidata.org/entity/Q1061165,champeta,http://www.wikidata.org/entity/Q107718539,Hispanic American music,1980-01-01T00:00:00Z
http://www.wikidata.org/entity/Q1062199,changüí,http://www.wikidata.org/entity/Q1544863,music of Cuba,
http://www.wikidata.org/entity/Q1062328,chanson,http://www.wikidata.org/entity/Q373342,popular music,
http://www.wikidata.org/entity/Q1062400,chanson,http://www.wikidata.org/entity/Q672134,music of France,1450-01-01T00:00:00Z
http://www.wikidata.org/entity/Q1062702,video game music,http://www.wikidata.org/entity/Q107021951,score,
http://www.wikidata.org/entity/Q1065742,religious music,http://www.wikidata.org/entity/Q26897135,functional music,
http://www.wikidata.org/entity/Q1067089,throat singing,http://www.wikidata.org/entity/Q685884,vocal music,
http://www.wikidata.org/entity/Q1071834,music of Hawaii,http://www.wikidata.org/entity/Q3328745,music of Polynesia,
http://www.wikidata.org/entity/Q1071873,Chicago blues,http://www.wikidata.org/entity/Q640097,electric blues,1920-01-01T00:00:00Z
http://www.wikidata.org/entity/Q1074080,music of Turkey,http://www.wikidata.org/entity/Q1503406,music of the Middle East,
http://www.wikidata.org/entity/Q1074080,music of Turkey,http://www.wikidata.org/entity/Q3211884,music of the Balkans,
http://www.wikidata.org/entity/Q1075338,jug band,http://www.wikidata.org/entity/Q1541229,American folk music,
http://www.wikidata.org/entity/Q1075799,music of Albania,http://www.wikidata.org/entity/Q3211884,music of the Balkans,
http://www.wikidata.org/entity/Q1076092,technical death metal,http://www.wikidata.org/entity/Q483251,death metal,1988-01-01T00:00:00Z
http://www.wikidata.org/entity/Q1076513,choral music,http://www.wikidata.org/entity/Q685884,vocal music,
http://www.wikidata.org/entity/Q1076539,choro,http://www.wikidata.org/entity/Q899215,music of Brazil,1875-01-01T00:00:00Z
http://www.wikidata.org/entity/Q1077172,instrumental hip-hop,http://www.wikidata.org/entity/Q639197,instrumental music,
http://www.wikidata.org/entity/Q1077388,sentimental ballad,http://www.wikidata.org/entity/Q373342,popular music,
http://www.wikidata.org/entity/Q1077388,sentimental ballad,http://www.wikidata.org/entity/Q116690343,ballad,
http://www.wikidata.org/entity/Q1078010,martial industrial,http://www.wikidata.org/entity/Q936942,post-industrial music,1980-01-01T00:00:00Z
http://www.wikidata.org/entity/Q1079270,jig,http://www.wikidata.org/entity/Q118738993,folk dance music,
http://www.wikidata.org/entity/Q1089050,Latin alternative,http://www.wikidata.org/entity/Q1695023,alternative music,1958-01-01T00:00:00Z
http://www.wikidata.org/entity/Q1089050,Latin alternative,http://www.wikidata.org/entity/Q18345375,Latin music,1958-01-01T00:00:00Z
http://www.wikidata.org/entity/Q1090048,chutney music,http://www.wikidata.org/entity/Q3394906,music of the Caribbean,1900-01-01T00:00:00Z
http://www.wikidata.org/entity/Q1091056,funktronica,http://www.wikidata.org/entity/Q817138,electronica,2001-01-01T00:00:00Z
http://www.wikidata.org/entity/Q1091450,aggrotech,http://www.wikidata.org/entity/Q4155078,dark electro,1993-01-01T00:00:00Z
http://www.wikidata.org/entity/Q1091536,music of Madagascar,http://www.wikidata.org/entity/Q106586248,music of East Africa,
http://www.wikidata.org/entity/Q1092553,Celtic fusion,http://www.wikidata.org/entity/Q854451,Celtic music,1970-01-01T00:00:00Z
http://www.wikidata.org/entity/Q1092788,circle singing,http://www.wikidata.org/entity/Q685884,vocal music,
http://www.wikidata.org/entity/Q1092924,villotta,http://www.wikidata.org/entity/Q2574657,part song,
http://www.wikidata.org/entity/Q1093232,stornello,http://www.wikidata.org/entity/Q1048249,Italian folk music,
http://www.wikidata.org/entity/Q1100989,glitch,http://www.wikidata.org/entity/Q105763581,experimental electronic music,1990-01-01T00:00:00Z
http://www.wikidata.org/entity/Q1102161,jungle,http://www.wikidata.org/entity/Q188994,drum and bass,1987-01-01T00:00:00Z
http://www.wikidata.org/entity/Q1103669,Țara Călatei folk music and dance,http://www.wikidata.org/entity/Q852210,music of Romania,
http://www.wikidata.org/entity/Q1103669,Țara Călatei folk music and dance,http://www.wikidata.org/entity/Q98528192,European folk music,
http://www.wikidata.org/entity/Q1103669,Țara Călatei folk music and dance,http://www.wikidata.org/entity/Q118738993,folk dance music,
http://www.wikidata.org/entity/Q1109497,Piedmont blues,http://www.wikidata.org/entity/Q649823,country blues,
http://www.wikidata.org/entity/Q1109497,Piedmont blues,http://www.wikidata.org/entity/Q65936357,acoustic blues,
http://www.wikidata.org/entity/Q5378417,English art song,http://www.wikidata.org/entity/Q4797274,art song,
http://www.wikidata.org/entity/Q5378445,English country music,http://www.wikidata.org/entity/Q1771297,English folk music,
http://www.wikidata.org/entity/Q5384765,Er ren zhuan,http://www.wikidata.org/entity/Q7273050,quyi,
http://www.wikidata.org/entity/Q5389389,Alpenrock,http://www.wikidata.org/entity/Q186472,folk rock,
http://www.wikidata.org/entity/Q5389389,Alpenrock,http://www.wikidata.org/entity/Q118210225,Alpine music,
http://www.wikidata.org/entity/Q5392990,artcore,http://www.wikidata.org/entity/Q10922,hardcore punk,2003-01-01T00:00:00Z
http://www.wikidata.org/entity/Q5393053,filin,http://www.wikidata.org/entity/Q1544863,music of Cuba,
http://www.wikidata.org/entity/Q5393053,filin,http://www.wikidata.org/entity/Q15830404,bolero,
http://www.wikidata.org/entity/Q5398894,V-pop,http://www.wikidata.org/entity/Q37073,pop music,
http://www.wikidata.org/entity/Q5398894,V-pop,http://www.wikidata.org/entity/Q1156957,music of Vietnam,
http://www.wikidata.org/entity/Q5402470,hard NRG,http://www.wikidata.org/entity/Q170435,trance,1994-01-01T00:00:00Z
http://www.wikidata.org/entity/Q5402470,hard NRG,http://www.wikidata.org/entity/Q1033912,hard dance,1994-01-01T00:00:00Z
http://www.wikidata.org/entity/Q5405653,proletarian rock,http://www.wikidata.org/entity/Q11399,rock music,
http://www.wikidata.org/entity/Q5413514,European free jazz,http://www.wikidata.org/entity/Q211781,free jazz,
http://www.wikidata.org/entity/Q5413526,European hip-hop,http://www.wikidata.org/entity/Q11401,hip-hop,
http://www.wikidata.org/entity/Q5413526,European hip-hop,http://www.wikidata.org/entity/Q3328676,music of Europe,
http://www.wikidata.org/entity/Q5418947,Ewe music,http://www.wikidata.org/entity/Q6942329,music of West Africa,
http://www.wikidata.org/entity/Q5421158,experimental hip-hop,http://www.wikidata.org/entity/Q11401,hip-hop,
http://www.wikidata.org/entity/Q5421158,experimental hip-hop,http://www.wikidata.org/entity/Q1640319,experimental music,
http://www.wikidata.org/entity/Q5421790,extempo,http://www.wikidata.org/entity/Q752785,calypso,
http://www.wikidata.org/entity/Q5431448,Fakanau,http://www.wikidata.org/entity/Q108408373,Oceanic folk music,
http://www.wikidata.org/entity/Q5431633,falak,http://www.wikidata.org/entity/Q113856940,Pamiri music,
http://www.wikidata.org/entity/Q5433431,famo,http://www.wikidata.org/entity/Q98528232,music of Southern Africa,1920-01-01T00:00:00Z
http://www.wikidata.org/entity/Q5433911,Fann at-Tanbura,http://www.wikidata.org/entity/Q98528189,Arabic folk music,
http://www.wikidata.org/entity/Q5445668,festejo,http://www.wikidata.org/entity/Q6950428,música criolla,1900-01-01T00:00:00Z
http://www.wikidata.org/entity/Q5445668,festejo,http://www.wikidata.org/entity/Q16993565,Afro-Peruvian music,1900-01-01T00:00:00Z
http://www.wikidata.org/entity/Q5447390,fife and drum blues,http://www.wikidata.org/entity/Q9759,blues,
http://www.wikidata.org/entity/Q5447390,fife and drum blues,http://www.wikidata.org/entity/Q1541229,American folk music,
http://www.wikidata.org/entity/Q5448207,fijiri,http://www.wikidata.org/entity/Q685884,vocal music,
http://www.wikidata.org/entity/Q5448207,fijiri,http://www.wikidata.org/entity/Q98528189,Arabic folk music,
http://www.wikidata.org/entity/Q5448207,fijiri,http://www.wikidata.org/entity/Q106635221,West Asian folk music,
http://www.wikidata.org/entity/Q5449121,Filmi-ghazal,http://www.wikidata.org/entity/Q281111,ghazal,
http://www.wikidata.org/entity/Q5449121,Filmi-ghazal,http://www.wikidata.org/entity/Q492264,film score,
http://www.wikidata.org/entity/Q5449125,filmi pop,http://www.wikidata.org/entity/Q3535998,Indian pop,1966-01-01T00:00:00Z
http://www.wikidata.org/entity/Q5449126,Filmi qawwali,http://www.wikidata.org/entity/Q492264,film score,1970-01-01T00:00:00Z
http://www.wikidata.org/entity/Q5449126,Filmi qawwali,http://www.wikidata.org/entity/Q512410,qawwali,1970-01-01T00:00:00Z
http://www.wikidata.org/entity/Q5449126,Filmi qawwali,http://www.wikidata.org/entity/Q1770695,Hindustani classical music,1970-01-01T00:00:00Z
http://www.wikidata.org/entity/Q5464445,folk baroque,http://www.wikidata.org/entity/Q106298881,contemporary folk music,1962-01-01T00:00:00Z
http://www.wikidata.org/entity/Q5464464,folk jazz,http://www.wikidata.org/entity/Q8341,jazz,1955-01-01T00:00:00Z
http://www.wikidata.org/entity/Q5464464,folk jazz,http://www.wikidata.org/entity/Q106298881,contemporary folk music,1955-01-01T00:00:00Z
http://www.wikidata.org/entity/Q3889661,marchinha,http://www.wikidata.org/entity/Q114239322,carnival music,1899-01-01T00:00:00Z
http://www.wikidata.org/entity/Q3897519,pastorella,http://www.wikidata.org/entity/Q56572789,Christmas-themed song,
http://www.wikidata.org/entity/Q3907451,political reggae,http://www.wikidata.org/entity/Q9794,reggae,
http://www.wikidata.org/entity/Q3908370,pop metal,http://www.wikidata.org/entity/Q12326776,metal music,
http://www.wikidata.org/entity/Q3908372,pop raï,http://www.wikidata.org/entity/Q37073,pop music,
http://www.wikidata.org/entity/Q3908372,pop raï,http://www.wikidata.org/entity/Q839029,raï,
http://www.wikidata.org/entity/Q3918025,vesnianky,http://www.wikidata.org/entity/Q16682190,Slavic rite song,
http://www.wikidata.org/entity/Q3922813,American progressive rock,http://www.wikidata.org/entity/Q49451,progressive rock,
http://www.wikidata.org/entity/Q3922813,American progressive rock,http://www.wikidata.org/entity/Q2267955,music of the United States,
http://www.wikidata.org/entity/Q3924081,prosodion,http://www.wikidata.org/entity/Q1139787,music of ancient Greece,
http://www.wikidata.org/entity/Q3924271,proto doom,http://www.wikidata.org/entity/Q186170,doom metal,
http://www.wikidata.org/entity/Q3925627,punk funk,http://www.wikidata.org/entity/Q164444,funk,
http://www.wikidata.org/entity/Q3925627,punk funk,http://www.wikidata.org/entity/Q598929,post-punk,
http://www.wikidata.org/entity/Q3930216,rapcore,http://www.wikidata.org/entity/Q3071,punk rock,1987-01-01T00:00:00Z
http://www.wikidata.org/entity/Q3930216,rapcore,http://www.wikidata.org/entity/Q877693,rap rock,1987-01-01T00:00:00Z
http://www.wikidata.org/entity/Q3931695,gospel reggae,http://www.wikidata.org/entity/Q9794,reggae,1968-01-01T00:00:00Z
http://www.wikidata.org/entity/Q3931695,gospel reggae,http://www.wikidata.org/entity/Q180268,gospel music,1968-01-01T00:00:00Z
http://www.wikidata.org/entity/Q3939763,rockers reggae,http://www.wikidata.org/entity/Q9794,reggae,
http://www.wikidata.org/entity/Q3948462,sankyoku,http://www.wikidata.org/entity/Q257533,music of Japan,
http://www.wikidata.org/entity/Q3951797,Italian hardcore punk,http://www.wikidata.org/entity/Q10922,hardcore punk,
http://www.wikidata.org/entity/Q3951797,Italian hardcore punk,http://www.wikidata.org/entity/Q3679098,music of Italy,
http://www.wikidata.org/entity/Q3963047,smooth reggae,http://www.wikidata.org/entity/Q9794,reggae,
http://www.wikidata.org/entity/Q3963047,smooth reggae,http://www.wikidata.org/entity/Q37073,pop music,
http://www.wikidata.org/entity/Q3963051,smooth soul,http://www.wikidata.org/entity/Q131272,soul,1975-01-01T00:00:00Z
http://www.wikidata.org/entity/Q3967328,spy music,http://www.wikidata.org/entity/Q8341,jazz,
http://www.wikidata.org/entity/Q3967328,spy music,http://www.wikidata.org/entity/Q106594706,cinematic classical,
http://www.wikidata.org/entity/Q3974631,boerenrock,http://www.wikidata.org/entity/Q11399,rock music,1970-01-01T00:00:00Z
http://www.wikidata.org/entity/Q3980452,talking blues,http://www.wikidata.org/entity/Q1541229,American folk music,
http://www.wikidata.org/entity/Q3980643,tammurriata,http://www.wikidata.org/entity/Q324617,tarantella,
http://www.wikidata.org/entity/Q3981034,tarana,http://www.wikidata.org/entity/Q1770695,Hindustani classical music,
http://www.wikidata.org/entity/Q3981262,Tasgia,http://www.wikidata.org/entity/Q179465,polyphony,
http://www.wikidata.org/entity/Q3990466,third wave ska,http://www.wikidata.org/entity/Q54365,ska,
http://www.wikidata.org/entity/Q4006363,Urban Pasifika,http://www.wikidata.org/entity/Q3785731,New Zealand hip-hop,1993-01-01T00:00:00Z
http://www.wikidata.org/entity/Q10370216,seresta,http://www.wikidata.org/entity/Q1692318,modinha,
http://www.wikidata.org/entity/Q10370216,seresta,http://www.wikidata.org/entity/Q125918103,Southeastern Brazilian music,
http://www.wikidata.org/entity/Q10370558,sertanejo universitário,http://www.wikidata.org/entity/Q1958273,sertanejo,
http://www.wikidata.org/entity/Q10387147,udigrudi,http://www.wikidata.org/entity/Q1500364,psychedelic folk,
http://www.wikidata.org/entity/Q10387147,udigrudi,http://www.wikidata.org/entity/Q117632917,northeastern Brazilian music,
http://www.wikidata.org/entity/Q10392015,vissungo,http://www.wikidata.org/entity/Q110312933,Afro-Brazilian music,
http://www.wikidata.org/entity/Q10465914,children's pop,http://www.wikidata.org/entity/Q2389651,children's music,
http://www.wikidata.org/entity/Q10466674,dansbandspop,http://www.wikidata.org/entity/Q105757139,dansband music,
http://www.wikidata.org/entity/Q10497435,traditional folk music of Hälsingland,http://www.wikidata.org/entity/Q7654953,Swedish folk music,
http://www.wikidata.org/entity/Q10524630,historical ballad,http://www.wikidata.org/entity/Q11989328,medieval ballad,
http://www.wikidata.org/entity/Q10549360,krogshow,http://www.wikidata.org/entity/Q1370345,musical theater,
http://www.wikidata.org/entity/Q10551707,heroic ballad,http://www.wikidata.org/entity/Q11989328,medieval ballad,
http://www.wikidata.org/entity/Q10556386,legendary ballad,http://www.wikidata.org/entity/Q11989328,medieval ballad,
http://www.wikidata.org/entity/Q10594989,ballad of the supernatural,http://www.wikidata.org/entity/Q11989328,medieval ballad,
http://www.wikidata.org/entity/Q10604890,new progg,http://www.wikidata.org/entity/Q1775316,progg,
http://www.wikidata.org/entity/Q10654964,ballad of chivalry,http://www.wikidata.org/entity/Q11989328,medieval ballad,
http://www.wikidata.org/entity/Q10659106,Rörospols,http://www.wikidata.org/entity/Q16894831,pols,
http://www.wikidata.org/entity/Q10670937,jocular ballad,http://www.wikidata.org/entity/Q11989328,medieval ballad,
http://www.wikidata.org/entity/Q10743749,Vietnamese folk song,http://www.wikidata.org/entity/Q10757361,Vietnamese folk music,
http://www.wikidata.org/entity/Q10757361,Vietnamese folk music,http://www.wikidata.org/entity/Q106586999,Southeast Asian folk music,
http://www.wikidata.org/entity/Q10770854,Ví and Giặm folk songs of Nghệ Tĩnh,http://www.wikidata.org/entity/Q1156957,music of Vietnam,
http://www.wikidata.org/entity/Q10770871,xoan singing,http://www.wikidata.org/entity/Q10757361,Vietnamese folk music,
http://www.wikidata.org/entity/Q10801096,Purple music,http://www.wikidata.org/entity/Q1156957,music of Vietnam,
http://www.wikidata.org/entity/Q10801097,nhạc trẻ,http://www.wikidata.org/entity/Q5398894,V-pop,
http://www.wikidata.org/entity/Q10830180,tuồng,http://www.wikidata.org/entity/Q106654247,Vietnamese classical music,
http://www.wikidata.org/entity/Q10836741,xẩm,http://www.wikidata.org/entity/Q10757361,Vietnamese folk music,
http://www.wikidata.org/entity/Q10859713,Noha,http://www.wikidata.org/entity/Q1482325,Islamic music,
http://www.wikidata.org/entity/Q10874829,zhongguo feng,http://www.wikidata.org/entity/Q1192110,C-pop,
http://www.wikidata.org/entity/Q10915563,Taiwanese folk music,http://www.wikidata.org/entity/Q106635234,Asian folk music,
http://www.wikidata.org/entity/Q10932272,technobanda,http://www.wikidata.org/entity/Q2812726,banda music,
http://www.wikidata.org/entity/Q10951437,lokk,http://www.wikidata.org/entity/Q12010046,Norwegian vocal folk music,
http://www.wikidata.org/entity/Q10970468,Taquirari,http://www.wikidata.org/entity/Q3328603,music of Bolivia,
http://www.wikidata.org/entity/Q10970468,Taquirari,http://www.wikidata.org/entity/Q98528197,Hispanic American folk music,
http://www.wikidata.org/entity/Q10972251,Sundanese game song,http://www.wikidata.org/entity/Q2389651,children's music,
http://www.wikidata.org/entity/Q10972251,Sundanese game song,http://www.wikidata.org/entity/Q104853037,Sundanese music,
http://www.wikidata.org/entity/Q10973951,gondang,http://www.wikidata.org/entity/Q106586999,Southeast Asian folk music,
http://www.wikidata.org/entity/Q10973951,gondang,http://www.wikidata.org/entity/Q108297183,Austronesian music,
http://www.wikidata.org/entity/Q10973951,gondang,http://www.wikidata.org/entity/Q117745523,Batak music,
http://www.wikidata.org/entity/Q10978770,Jewish religious music,http://www.wikidata.org/entity/Q1716019,Jewish music,
http://www.wikidata.org/entity/Q10994046,durma,http://www.wikidata.org/entity/Q6165240,tembang macapat,
http://www.wikidata.org/entity/Q10995782,dhandhanggula,http://www.wikidata.org/entity/Q6165240,tembang macapat,
http://www.wikidata.org/entity/Q10997436,sinom,http://www.wikidata.org/entity/Q6165240,tembang macapat,
http://www.wikidata.org/entity/Q11000115,balabak,http://www.wikidata.org/entity/Q20587253,tembang tengahan,
http://www.wikidata.org/entity/Q11135733,novokomponovana narodna muzika,http://www.wikidata.org/entity/Q20825943,Balkan pop-folk,
http://www.wikidata.org/entity/Q11162353,jiuta,http://www.wikidata.org/entity/Q11544988,utaimono,
http://www.wikidata.org/entity/Q11162353,jiuta,http://www.wikidata.org/entity/Q11638369,early modern Japanese music,
http://www.wikidata.org/entity/Q11184265,gambang semarang,http://www.wikidata.org/entity/Q6942130,music of Java,
http://www.wikidata.org/entity/Q11185609,Gambang kromong,http://www.wikidata.org/entity/Q1210921,music of Indonesia,
http://www.wikidata.org/entity/Q11210968,Gamelan Bali,http://www.wikidata.org/entity/Q6942012,music of Bali,
http://www.wikidata.org/entity/Q11212348,jurudemung,http://www.wikidata.org/entity/Q20587253,tembang tengahan,
http://www.wikidata.org/entity/Q11213538,girisa,http://www.wikidata.org/entity/Q20587253,tembang tengahan,
http://www.wikidata.org/entity/Q11214531,kalanta,http://www.wikidata.org/entity/Q503354,Christmas carol,
http://www.wikidata.org/entity/Q11215782,Javanese gamelan,http://www.wikidata.org/entity/Q194492,gamelan,
http://www.wikidata.org/entity/Q11215782,Javanese gamelan,http://www.wikidata.org/entity/Q6942130,music of Java,
http://www.wikidata.org/entity/Q11223087,Persian traditional music,http://www.wikidata.org/entity/Q1672398,music of Iran,
http://www.wikidata.org/entity/Q11258489,tembang cianjuran,http://www.wikidata.org/entity/Q3517436,tembang sunda,
http://www.wikidata.org/entity/Q11275415,kinanthi,http://www.wikidata.org/entity/Q6165240,tembang macapat,
http://www.wikidata.org/entity/Q11282754,Akishibu-kei,http://www.wikidata.org/entity/Q131578,J-pop,
http://www.wikidata.org/entity/Q11282754,Akishibu-kei,http://www.wikidata.org/entity/Q1207347,Shibuya-kei,
http://www.wikidata.org/entity/Q11285080,American hardcore punk,http://www.wikidata.org/entity/Q10922,hardcore punk,
http://www.wikidata.org/entity/Q11285080,American hardcore punk,http://www.wikidata.org/entity/Q2267955,music of the United States,
http://www.wikidata.org/entity/Q11293623,old school hardcore,http://www.wikidata.org/entity/Q10922,hardcore punk,
http://www.wikidata.org/entity/Q11304409,saka-uta,http://www.wikidata.org/entity/Q2278881,shima-uta,
http://www.wikidata.org/entity/Q11307326,city pop,http://www.wikidata.org/entity/Q37073,pop music,1970-01-01T00:00:00Z
http://www.wikidata.org/entity/Q11307326,city pop,http://www.wikidata.org/entity/Q257533,music of Japan,1970-01-01T00:00:00Z
http://www.wikidata.org/entity/Q11308620,synth music,http://www.wikidata.org/entity/Q9778,electronic music,
http://www.wikidata.org/entity/Q11310298,German metal,http://www.wikidata.org/entity/Q2743758,music of Germany,
http://www.wikidata.org/entity/Q1190485,post-disco,http://www.wikidata.org/entity/Q11787389,club/dance music,1978-01-01T00:00:00Z
http://www.wikidata.org/entity/Q1190565,jangle pop,http://www.wikidata.org/entity/Q11366,alternative rock,1978-01-01T00:00:00Z
http://www.wikidata.org/entity/Q1190565,jangle pop,http://www.wikidata.org/entity/Q484641,pop rock,1978-01-01T00:00:00Z
http://www.wikidata.org/entity/Q1191299,industrial hardcore,http://www.wikidata.org/entity/Q388906,hardcore,1990-01-01T00:00:00Z
http://www.wikidata.org/entity/Q1191299,industrial hardcore,http://www.wikidata.org/entity/Q936942,post-industrial music,1990-01-01T00:00:00Z
http://www.wikidata.org/entity/Q1191544,kuduro,http://www.wikidata.org/entity/Q851213,electronic dance music,1999-01-01T00:00:00Z
http://www.wikidata.org/entity/Q1191544,kuduro,http://www.wikidata.org/entity/Q106588687,music of Central Africa,1999-01-01T00:00:00Z
http://www.wikidata.org/entity/Q1191923,depro-punk,http://www.wikidata.org/entity/Q3071,punk rock,
http://www.wikidata.org/entity/Q1192110,C-pop,http://www.wikidata.org/entity/Q10730335,A-pop,
http://www.wikidata.org/entity/Q1193421,yukar,http://www.wikidata.org/entity/Q685884,vocal music,
http://www.wikidata.org/entity/Q1193421,yukar,http://www.wikidata.org/entity/Q3735537,Ainu folk music,
http://www.wikidata.org/entity/Q1193470,theme music,http://www.wikidata.org/entity/Q107736421,soundtrack,
http://www.wikidata.org/entity/Q1195253,sea shanty,http://www.wikidata.org/entity/Q502658,work song,
http://www.wikidata.org/entity/Q1195253,sea shanty,http://www.wikidata.org/entity/Q10669480,sailor song,
http://www.wikidata.org/entity/Q1195630,canzone napoletana,http://www.wikidata.org/entity/Q1048249,Italian folk music,1250-01-01T00:00:00Z
http://www.wikidata.org/entity/Q1196752,traditional pop,http://www.wikidata.org/entity/Q37073,pop music,1920-01-01T00:00:00Z
http://www.wikidata.org/entity/Q1202208,joropo,http://www.wikidata.org/entity/Q2486179,music of Venezuela,
http://www.wikidata.org/entity/Q1202208,joropo,http://www.wikidata.org/entity/Q3328778,tropical music,
http://www.wikidata.org/entity/Q1202208,joropo,http://www.wikidata.org/entity/Q98528197,Hispanic American folk music,
http://www.wikidata.org/entity/Q1205368,European tango,http://www.wikidata.org/entity/Q3328676,music of Europe,
http://www.wikidata.org/entity/Q1205368,European tango,http://www.wikidata.org/entity/Q14390274,tango,
http://www.wikidata.org/entity/Q1206090,German volkslied,http://www.wikidata.org/entity/Q40039114,Volkslied,
http://www.wikidata.org/entity/Q1206090,German volkslied,http://www.wikidata.org/entity/Q107819512,German folk music,
http://www.wikidata.org/entity/Q1206160,Deutschfolk,http://www.wikidata.org/entity/Q2743758,music of Germany,
http://www.wikidata.org/entity/Q1206160,Deutschfolk,http://www.wikidata.org/entity/Q106298881,contemporary folk music,
http://www.wikidata.org/entity/Q1207347,Shibuya-kei,http://www.wikidata.org/entity/Q37073,pop music,1993-01-01T00:00:00Z
http://www.wikidata.org/entity/Q1207347,Shibuya-kei,http://www.wikidata.org/entity/Q257533,music of Japan,1993-01-01T00:00:00Z
http://www.wikidata.org/entity/Q1208448,dialogue,http://www.wikidata.org/entity/Q174873,cantata,1600-01-01T00:00:00Z
http://www.wikidata.org/entity/Q1208448,dialogue,http://www.wikidata.org/entity/Q685884,vocal music,1600-01-01T00:00:00Z
http://www.wikidata.org/entity/Q1210921,music of Indonesia,http://www.wikidata.org/entity/Q10838732,music of Southeast Asia,
http://www.wikidata.org/entity/Q1228230,Dutch house,http://www.wikidata.org/entity/Q627906,electro house,2007-01-01T00:00:00Z
http://www.wikidata.org/entity/Q1230604,divertissement,http://www.wikidata.org/entity/Q9730,classical music,
http://www.wikidata.org/entity/Q1232283,villancico,http://www.wikidata.org/entity/Q110592632,music of the Iberian Peninsula,
http://www.wikidata.org/entity/Q1233698,Harmonie,http://www.wikidata.org/entity/Q639197,instrumental music,
http://www.wikidata.org/entity/Q1236268,music of Croatia,http://www.wikidata.org/entity/Q3211884,music of the Balkans,
http://www.wikidata.org/entity/Q1236268,music of Croatia,http://www.wikidata.org/entity/Q106507381,music of Central Europe,
http://www.wikidata.org/entity/Q1242484,doomcore,http://www.wikidata.org/entity/Q388906,hardcore,1993-01-01T00:00:00Z
http://www.wikidata.org/entity/Q1243254,lento violento,http://www.wikidata.org/entity/Q1033912,hard dance,1999-01-01T00:00:00Z
http://www.wikidata.org/entity/Q1245902,spectral music,http://www.wikidata.org/entity/Q2568406,postmodern music,
http://www.wikidata.org/entity/Q1247105,singjay,http://www.wikidata.org/entity/Q9794,reggae,
http://www.wikidata.org/entity/Q1249907,Roma jazz,http://www.wikidata.org/entity/Q8341,jazz,
http://www.wikidata.org/entity/Q1249907,Roma jazz,http://www.wikidata.org/entity/Q1268283,Romani music,
http://www.wikidata.org/entity/Q1253172,Southern hip-hop,http://www.wikidata.org/entity/Q3135787,American hip-hop,1980-01-01T00:00:00Z
http://www.wikidata.org/entity/Q1253861,bećarac,http://www.wikidata.org/entity/Q107331898,Croatian folk music,
http://www.wikidata.org/entity/Q1259016,drill and bass,http://www.wikidata.org/entity/Q660984,intelligent dance music,1995-01-01T00:00:00Z
http://www.wikidata.org/entity/Q1262781,dub techno,http://www.wikidata.org/entity/Q2478478,dubtronica,1993-01-01T00:00:00Z
http://www.wikidata.org/entity/Q1262781,dub techno,http://www.wikidata.org/entity/Q106521662,deep techno,1993-01-01T00:00:00Z
http://www.wikidata.org/entity/Q1265050,terrorcore,http://www.wikidata.org/entity/Q388906,hardcore,1995-01-01T00:00:00Z
http://www.wikidata.org/entity/Q1265067,Dumka,http://www.wikidata.org/entity/Q155858,music of Ukraine,
http://www.wikidata.org/entity/Q11312853,splittercore,http://www.wikidata.org/entity/Q848457,speedcore,2007-01-01T00:00:00Z
http://www.wikidata.org/entity/Q11314351,Setsuna-kei,http://www.wikidata.org/entity/Q257533,music of Japan,
http://www.wikidata.org/entity/Q11317843,chamber rock,http://www.wikidata.org/entity/Q183504,indie rock,1990-01-01T00:00:00Z
http://www.wikidata.org/entity/Q11319210,techno-pop,http://www.wikidata.org/entity/Q1298934,synth-pop,1977-01-01T00:00:00Z
http://www.wikidata.org/entity/Q11319232,techno kayō,http://www.wikidata.org/entity/Q1418683,kayōkyoku,1979-01-01T00:00:00Z
http://www.wikidata.org/entity/Q11320501,digital rock,http://www.wikidata.org/entity/Q11399,rock music,
http://www.wikidata.org/entity/Q11320601,deathrash,http://www.wikidata.org/entity/Q465978,extreme metal,1980-01-01T00:00:00Z
http://www.wikidata.org/entity/Q11320601,deathrash,http://www.wikidata.org/entity/Q483251,death metal,1980-01-01T00:00:00Z
http://www.wikidata.org/entity/Q11320601,deathrash,http://www.wikidata.org/entity/Q483352,thrash metal,1980-01-01T00:00:00Z
http://www.wikidata.org/entity/Q11324632,new adult music,http://www.wikidata.org/entity/Q257533,music of Japan,
http://www.wikidata.org/entity/Q11324774,new-school hardcore,http://www.wikidata.org/entity/Q10922,hardcore punk,
http://www.wikidata.org/entity/Q11324951,new music,http://www.wikidata.org/entity/Q37073,pop music,
http://www.wikidata.org/entity/Q11324951,new music,http://www.wikidata.org/entity/Q257533,music of Japan,
http://www.wikidata.org/entity/Q11324974,New York punk,http://www.wikidata.org/entity/Q3071,punk rock,
http://www.wikidata.org/entity/Q11325015,new rock,http://www.wikidata.org/entity/Q11399,rock music,
http://www.wikidata.org/entity/Q11325233,Neo GS,http://www.wikidata.org/entity/Q257533,music of Japan,
http://www.wikidata.org/entity/Q11325235,neo-acoustic,http://www.wikidata.org/entity/Q842324,indie pop,1982-01-01T00:00:00Z
http://www.wikidata.org/entity/Q11325235,neo-acoustic,http://www.wikidata.org/entity/Q1190565,jangle pop,1982-01-01T00:00:00Z
http://www.wikidata.org/entity/Q11325293,neo shibuya-kei,http://www.wikidata.org/entity/Q1207347,Shibuya-kei,
http://www.wikidata.org/entity/Q11331081,Being-kei,http://www.wikidata.org/entity/Q257533,music of Japan,
http://www.wikidata.org/entity/Q11331157,beat rock,http://www.wikidata.org/entity/Q187760,new wave,
http://www.wikidata.org/entity/Q11331157,beat rock,http://www.wikidata.org/entity/Q257533,music of Japan,
http://www.wikidata.org/entity/Q11331157,beat rock,http://www.wikidata.org/entity/Q484641,pop rock,
http://www.wikidata.org/entity/Q11332204,funkot,http://www.wikidata.org/entity/Q851213,electronic dance music,1999-01-01T00:00:00Z
http://www.wikidata.org/entity/Q11334714,breaktrance,http://www.wikidata.org/entity/Q170435,trance,
http://www.wikidata.org/entity/Q11334714,breaktrance,http://www.wikidata.org/entity/Q663519,breakbeat,
http://www.wikidata.org/entity/Q11334766,Liverpool sound,http://www.wikidata.org/entity/Q484641,pop rock,
http://www.wikidata.org/entity/Q11339397,pon-chak disco,http://www.wikidata.org/entity/Q485915,trot,1987-01-01T00:00:00Z
http://www.wikidata.org/entity/Q11339397,pon-chak disco,http://www.wikidata.org/entity/Q1298934,synth-pop,1987-01-01T00:00:00Z
http://www.wikidata.org/entity/Q11344133,melodic speed metal,http://www.wikidata.org/entity/Q211723,speed metal,
http://www.wikidata.org/entity/Q11345830,yunta,http://www.wikidata.org/entity/Q502658,work song,
http://www.wikidata.org/entity/Q11345973,Eurorock,http://www.wikidata.org/entity/Q11399,rock music,
http://www.wikidata.org/entity/Q11345973,Eurorock,http://www.wikidata.org/entity/Q3328676,music of Europe,
http://www.wikidata.org/entity/Q11346620,loud rock,http://www.wikidata.org/entity/Q1055871,Japanese rock,
http://www.wikidata.org/entity/Q11395594,debayashi,http://www.wikidata.org/entity/Q4171186,hayashi,
http://www.wikidata.org/entity/Q11400811,music of North Africa,http://www.wikidata.org/entity/Q369820,music of Africa,
http://www.wikidata.org/entity/Q11418506,Tang dynasty song,http://www.wikidata.org/entity/Q257533,music of Japan,
http://www.wikidata.org/entity/Q11424707,danjiri-bayashi,http://www.wikidata.org/entity/Q3299373,matsuri-bayashi,
http://www.wikidata.org/entity/Q11434951,Ōshima bushi,http://www.wikidata.org/entity/Q901610,min'yō,
http://www.wikidata.org/entity/Q11446578,onna gidayū,http://www.wikidata.org/entity/Q5369049,Gidayūbushi,
http://www.wikidata.org/entity/Q11487510,string quartet,http://www.wikidata.org/entity/Q189201,chamber music,
http://www.wikidata.org/entity/Q11489003,uzagaku,http://www.wikidata.org/entity/Q189201,chamber music,
http://www.wikidata.org/entity/Q11489003,uzagaku,http://www.wikidata.org/entity/Q869750,Okinawan music,
http://www.wikidata.org/entity/Q11497177,Temari song,http://www.wikidata.org/entity/Q1123037,nursery rhyme,
http://www.wikidata.org/entity/Q11499279,church cantata,http://www.wikidata.org/entity/Q174873,cantata,
http://www.wikidata.org/entity/Q11500122,shōka,http://www.wikidata.org/entity/Q257533,music of Japan,
http://www.wikidata.org/entity/Q11505686,Japanese punk rock,http://www.wikidata.org/entity/Q3071,punk rock,
http://www.wikidata.org/entity/Q11505686,Japanese punk rock,http://www.wikidata.org/entity/Q257533,music of Japan,
http://www.wikidata.org/entity/Q11512269,Mingaku,http://www.wikidata.org/entity/Q257533,music of Japan,
http://www.wikidata.org/entity/Q11560476,kiyomoto-bushi,http://www.wikidata.org/entity/Q1361891,jōruri,
http://www.wikidata.org/entity/Q11565443,concert overture,http://www.wikidata.org/entity/Q202287,overture,
http://www.wikidata.org/entity/Q12339784,Time Lord rock,http://www.wikidata.org/entity/Q11399,rock music,2008-01-01T00:00:00Z
http://www.wikidata.org/entity/Q12339784,Time Lord rock,http://www.wikidata.org/entity/Q2324411,geek rock,2008-01-01T00:00:00Z
http://www.wikidata.org/entity/Q12362064,emo rap,http://www.wikidata.org/entity/Q11401,hip-hop,2013-01-01T00:00:00Z
http://www.wikidata.org/entity/Q97375668,true black metal,http://www.wikidata.org/entity/Q132438,black metal,
http://www.wikidata.org/entity/Q97378346,Black Rio,http://www.wikidata.org/entity/Q110312933,Afro-Brazilian music,1976-01-01T00:00:00Z
http://www.wikidata.org/entity/Q97500868,hunting music,http://www.wikidata.org/entity/Q26897135,functional music,
http://www.wikidata.org/entity/Q97641033,Karaimian music,http://www.wikidata.org/entity/Q107524184,Turkic music,
http://www.wikidata.org/entity/Q97936699,Genjek,http://www.wikidata.org/entity/Q6942012,music of Bali,
http://www.wikidata.org/entity/Q97942949,C86,http://www.wikidata.org/entity/Q842324,indie pop,1982-01-01T00:00:00Z
http://www.wikidata.org/entity/Q97942949,C86,http://www.wikidata.org/entity/Q1190565,jangle pop,1982-01-01T00:00:00Z
http://www.wikidata.org/entity/Q98076452,Sabadell Sound,http://www.wikidata.org/entity/Q744417,Italo disco,
http://www.wikidata.org/entity/Q98088041,smurf house,http://www.wikidata.org/entity/Q20502,house music,
http://www.wikidata.org/entity/Q98091634,Turkish rock,http://www.wikidata.org/entity/Q11399,rock music,
http://www.wikidata.org/entity/Q98091634,Turkish rock,http://www.wikidata.org/entity/Q1074080,music of Turkey,
http://www.wikidata.org/entity/Q98528139,tribal ambient,http://www.wikidata.org/entity/Q193207,ambient music,1978-01-01T00:00:00Z
http://www.wikidata.org/entity/Q98528139,tribal ambient,http://www.wikidata.org/entity/Q106576170,tribal music,1978-01-01T00:00:00Z
http://www.wikidata.org/entity/Q98528141,acoustic Texas blues,http://www.wikidata.org/entity/Q649823,country blues,
http://www.wikidata.org/entity/Q98528141,acoustic Texas blues,http://www.wikidata.org/entity/Q1271752,Texas blues,
http://www.wikidata.org/entity/Q98528141,acoustic Texas blues,http://www.wikidata.org/entity/Q65936357,acoustic blues,
http://www.wikidata.org/entity/Q98528142,electric Texas blues,http://www.wikidata.org/entity/Q640097,electric blues,
http://www.wikidata.org/entity/Q98528142,electric Texas blues,http://www.wikidata.org/entity/Q1271752,Texas blues,
http://www.wikidata.org/entity/Q98528143,post-minimalism,http://www.wikidata.org/entity/Q572901,minimalist music,
http://www.wikidata.org/entity/Q98528149,electro-disco,http://www.wikidata.org/entity/Q58339,disco,1976-01-01T00:00:00Z
http://www.wikidata.org/entity/Q98528149,electro-disco,http://www.wikidata.org/entity/Q851213,electronic dance music,1976-01-01T00:00:00Z
http://www.wikidata.org/entity/Q98528158,purple sound,http://www.wikidata.org/entity/Q20474,dubstep,2007-01-01T00:00:00Z
http://www.wikidata.org/entity/Q98528166,Latin electronic music,http://www.wikidata.org/entity/Q9778,electronic music,1989-01-01T00:00:00Z
http://www.wikidata.org/entity/Q98528166,Latin electronic music,http://www.wikidata.org/entity/Q18345375,Latin music,1989-01-01T00:00:00Z
http://www.wikidata.org/entity/Q98528171,minimal synth,http://www.wikidata.org/entity/Q6865341,minimal wave,1977-01-01T00:00:00Z
http://www.wikidata.org/entity/Q98528178,chamber folk,http://www.wikidata.org/entity/Q106298881,contemporary folk music,
http://www.wikidata.org/entity/Q98528179,folk revival music,http://www.wikidata.org/entity/Q43343,folk music,
http://www.wikidata.org/entity/Q98528181,nueva canción española,http://www.wikidata.org/entity/Q964987,music of Spain,
http://www.wikidata.org/entity/Q98528181,nueva canción española,http://www.wikidata.org/entity/Q1151259,nueva canción,
http://www.wikidata.org/entity/Q98528183,free folk,http://www.wikidata.org/entity/Q1500364,psychedelic folk,
http://www.wikidata.org/entity/Q98528185,African folk music,http://www.wikidata.org/entity/Q235858,traditional folk music,
http://www.wikidata.org/entity/Q98528185,African folk music,http://www.wikidata.org/entity/Q369820,music of Africa,
http://www.wikidata.org/entity/Q98528189,Arabic folk music,http://www.wikidata.org/entity/Q235858,traditional folk music,
http://www.wikidata.org/entity/Q98528189,Arabic folk music,http://www.wikidata.org/entity/Q624044,Arabic music,
http://www.wikidata.org/entity/Q98528191,Caribbean folk music,http://www.wikidata.org/entity/Q235858,traditional folk music,
http://www.wikidata.org/entity/Q98528191,Caribbean folk music,http://www.wikidata.org/entity/Q3394906,music of the Caribbean,
http://www.wikidata.org/entity/Q98528192,European folk music,http://www.wikidata.org/entity/Q235858,traditional folk music,
http://www.wikidata.org/entity/Q98528192,European folk music,http://www.wikidata.org/entity/Q3328676,music of Europe,
http://www.wikidata.org/entity/Q98528195,lăutărească music,http://www.wikidata.org/entity/Q1268283,Romani music,1600-01-01T00:00:00Z
http://www.wikidata.org/entity/Q98528195,lăutărească music,http://www.wikidata.org/entity/Q6966089,Balkan folk music,1600-01-01T00:00:00Z
http://www.wikidata.org/entity/Q98528195,lăutărească music,http://www.wikidata.org/entity/Q12736123,Romanian folk music,1600-01-01T00:00:00Z
http://www.wikidata.org/entity/Q98528195,lăutărească music,http://www.wikidata.org/entity/Q106507381,music of Central Europe,1600-01-01T00:00:00Z
http://www.wikidata.org/entity/Q98528197,Hispanic American folk music,http://www.wikidata.org/entity/Q235858,traditional folk music,
http://www.wikidata.org/entity/Q98528197,Hispanic American folk music,http://www.wikidata.org/entity/Q107718539,Hispanic American music,
http://www.wikidata.org/entity/Q98528198,South Asian folk music,http://www.wikidata.org/entity/Q98528267,music of South Asia,
http://www.wikidata.org/entity/Q98528198,South Asian folk music,http://www.wikidata.org/entity/Q106635234,Asian folk music,
http://www.wikidata.org/entity/Q98528203,experimental big band,http://www.wikidata.org/entity/Q790188,avant-garde jazz,
http://www.wikidata.org/entity/Q98528204,spiritual jazz,http://www.wikidata.org/entity/Q8341,jazz,
http://www.wikidata.org/entity/Q98528206,ECM style jazz,http://www.wikidata.org/entity/Q8341,jazz,
http://www.wikidata.org/entity/Q98528207,Celtic new age,http://www.wikidata.org/entity/Q213121,new age music,
http://www.wikidata.org/entity/Q98528207,Celtic new age,http://www.wikidata.org/entity/Q854451,Celtic music,
http://www.wikidata.org/entity/Q98528210,Southern African folk music,http://www.wikidata.org/entity/Q98528185,African folk music,
http://www.wikidata.org/entity/Q98528210,Southern African folk music,http://www.wikidata.org/entity/Q98528232,music of Southern Africa,
http://www.wikidata.org/entity/Q98528211,Nguni folk music,http://www.wikidata.org/entity/Q98528210,Southern African folk music,
http://www.wikidata.org/entity/Q98528231,Moorish music,http://www.wikidata.org/entity/Q4119678,music of Mauritania,
http://www.wikidata.org/entity/Q98528231,Moorish music,http://www.wikidata.org/entity/Q11400811,music of North Africa,
http://www.wikidata.org/entity/Q98528232,music of Southern Africa,http://www.wikidata.org/entity/Q369820,music of Africa,
http://www.wikidata.org/entity/Q98528236,tradi-moderne congolais,http://www.wikidata.org/entity/Q106588687,music of Central Africa,
http://www.wikidata.org/entity/Q98528237,Fon music,http://www.wikidata.org/entity/Q6942329,music of West Africa,
http://www.wikidata.org/entity/Q98528238,Mande music,http://www.wikidata.org/entity/Q6942329,music of West Africa,
http://www.wikidata.org/entity/Q98528239,Songhai music,http://www.wikidata.org/entity/Q6942329,music of West Africa,
http://www.wikidata.org/entity/Q98528249,Garifuna folk music,http://www.wikidata.org/entity/Q98528191,Caribbean folk music,
http://www.wikidata.org/entity/Q98528251,nyahbinghi,http://www.wikidata.org/entity/Q572717,music of Jamaica,
http://www.wikidata.org/entity/Q98528252,deejay,http://www.wikidata.org/entity/Q9794,reggae,
http://www.wikidata.org/entity/Q98528253,pop reggae,http://www.wikidata.org/entity/Q37073,pop music,
http://www.wikidata.org/entity/Q98528253,pop reggae,http://www.wikidata.org/entity/Q1606591,reggae fusion,
http://www.wikidata.org/entity/Q98528260,maqāmic music,http://www.wikidata.org/entity/Q525073,music of Asia,
http://www.wikidata.org/entity/Q98528260,maqāmic music,http://www.wikidata.org/entity/Q1583807,art music,
http://www.wikidata.org/entity/Q98528264,slack-key guitar,http://www.wikidata.org/entity/Q1071834,music of Hawaii,
http://www.wikidata.org/entity/Q98528267,music of South Asia,http://www.wikidata.org/entity/Q525073,music of Asia,
http://www.wikidata.org/entity/Q98528277,Celtic folk music,http://www.wikidata.org/entity/Q854451,Celtic music,
http://www.wikidata.org/entity/Q98528277,Celtic folk music,http://www.wikidata.org/entity/Q98528192,European folk music,
http://www.wikidata.org/entity/Q98528287,Turkic-Mongolic music,http://www.wikidata.org/entity/Q6942044,music of Central Asia,
http://www.wikidata.org/entity/Q98528290,garage rock revival,http://www.wikidata.org/entity/Q183504,indie rock,1978-01-01T00:00:00Z
http://www.wikidata.org/entity/Q98528290,garage rock revival,http://www.wikidata.org/entity/Q211573,garage rock,1978-01-01T00:00:00Z
http://www.wikidata.org/entity/Q98528291,heavy psych,http://www.wikidata.org/entity/Q83270,hard rock,
http://www.wikidata.org/entity/Q98528291,heavy psych,http://www.wikidata.org/entity/Q206159,psychedelic rock,
http://www.wikidata.org/entity/Q98528292,atmospheric sludge metal,http://www.wikidata.org/entity/Q41343,post-metal,1993-01-01T00:00:00Z
http://www.wikidata.org/entity/Q98528292,atmospheric sludge metal,http://www.wikidata.org/entity/Q720959,sludge metal,1993-01-01T00:00:00Z
http://www.wikidata.org/entity/Q98528293,mod,http://www.wikidata.org/entity/Q11399,rock music,
http://www.wikidata.org/entity/Q98528298,alternative singer-songwriter music,http://www.wikidata.org/entity/Q1695023,alternative music,
http://www.wikidata.org/entity/Q98528298,alternative singer-songwriter music,http://www.wikidata.org/entity/Q89363113,singer-songwriter music,
http://www.wikidata.org/entity/Q98528299,Liedermacher,http://www.wikidata.org/entity/Q2743758,music of Germany,
http://www.wikidata.org/entity/Q98528299,Liedermacher,http://www.wikidata.org/entity/Q89363113,singer-songwriter music,
http://www.wikidata.org/entity/Q98528302,spaghetti western music,http://www.wikidata.org/entity/Q106594706,cinematic classical,
http://www.wikidata.org/entity/Q98528482,abstract hip-hop,http://www.wikidata.org/entity/Q11401,hip-hop,1986-01-01T00:00:00Z
http://www.wikidata.org/entity/Q98530850,Tuareg music,http://www.wikidata.org/entity/Q3328601,Berber music,
http://www.wikidata.org/entity/Q98804240,disk drive music,http://www.wikidata.org/entity/Q9778,electronic music,
http://www.wikidata.org/entity/Q98804240,disk drive music,http://www.wikidata.org/entity/Q726239,noise music,
http://www.wikidata.org/entity/Q98807065,psalma,http://www.wikidata.org/entity/Q4376204,Eastern Orthodox music,
http://www.wikidata.org/entity/Q98807065,psalma,http://www.wikidata.org/entity/Q12497663,psalm,
http://www.wikidata.org/entity/Q98807065,psalma,http://www.wikidata.org/entity/Q16684826,paraliturgical music,
http://www.wikidata.org/entity/Q98842769,serrieño,http://www.wikidata.org/entity/Q1780056,norteño,
http://www.wikidata.org/entity/Q98909757,norteño-banda,http://www.wikidata.org/entity/Q1780056,norteño,
http://www.wikidata.org/entity/Q98909757,norteño-banda,http://www.wikidata.org/entity/Q7309098,regional Mexican,
http://www.wikidata.org/entity/Q98915458,bazuinkoor,http://www.wikidata.org/entity/Q6452410,Christian music,
http://www.wikidata.org/entity/Q99077215,Norwegian folk tune,http://www.wikidata.org/entity/Q11992449,Norwegian folk music,
http://www.wikidata.org/entity/Q12382674,alborada,http://www.wikidata.org/entity/Q10334896,music of Galicia,
http://www.wikidata.org/entity/Q12390841,Galician jazz,http://www.wikidata.org/entity/Q7573410,Spanish jazz,
http://www.wikidata.org/entity/Q12390841,Galician jazz,http://www.wikidata.org/entity/Q10334896,music of Galicia,
http://www.wikidata.org/entity/Q12408914,contemporary Jewish religious music,http://www.wikidata.org/entity/Q10978770,Jewish religious music,
http://www.wikidata.org/entity/Q12408915,Israeli classical music,http://www.wikidata.org/entity/Q9730,classical music,
http://www.wikidata.org/entity/Q12411192,Israeli hip hop,http://www.wikidata.org/entity/Q3858,music of Israel,
http://www.wikidata.org/entity/Q12411192,Israeli hip hop,http://www.wikidata.org/entity/Q3135793,Middle Eastern hip hop,
http://www.wikidata.org/entity/Q12439400,Phagua,http://www.wikidata.org/entity/Q19749652,Bhojpuri folk music,
http://www.wikidata.org/entity/Q12472139,gamelan angklung,http://www.wikidata.org/entity/Q11210968,Gamelan Bali,
http://www.wikidata.org/entity/Q12479445,congdut,http://www.wikidata.org/entity/Q1930107,kroncong,
http://www.wikidata.org/entity/Q12483322,Gamad,http://www.wikidata.org/entity/Q12499697,Minangkabau music,
http://www.wikidata.org/entity/Q12483344,Gamelan Banjar,http://www.wikidata.org/entity/Q194492,gamelan,
http://www.wikidata.org/entity/Q12483347,gamelan pelog salendo,http://www.wikidata.org/entity/Q194492,gamelan,
http://www.wikidata.org/entity/Q12487960,gamelan joged bumbung,http://www.wikidata.org/entity/Q194492,gamelan,
http://www.wikidata.org/entity/Q12493867,langgam jawa,http://www.wikidata.org/entity/Q1930107,kroncong,
http://www.wikidata.org/entity/Q12493867,langgam jawa,http://www.wikidata.org/entity/Q6942130,music of Java,
http://www.wikidata.org/entity/Q12499695,Kintung music,http://www.wikidata.org/entity/Q108610396,Indonesian folk music,
http://www.wikidata.org/entity/Q12499696,Malay music,http://www.wikidata.org/entity/Q10838732,music of Southeast Asia,
http://www.wikidata.org/entity/Q12499696,Malay music,http://www.wikidata.org/entity/Q108297183,Austronesian music,
http://www.wikidata.org/entity/Q12499697,Minangkabau music,http://www.wikidata.org/entity/Q1210921,music of Indonesia,
http://www.wikidata.org/entity/Q12499697,Minangkabau music,http://www.wikidata.org/entity/Q3328715,music of Malaysia,
http://www.wikidata.org/entity/Q12499698,Panting,http://www.wikidata.org/entity/Q108610396,Indonesian folk music,
http://www.wikidata.org/entity/Q12520649,tembang,http://www.wikidata.org/entity/Q6942130,music of Java,
http://www.wikidata.org/entity/Q12521566,Tingkilan,http://www.wikidata.org/entity/Q1210921,music of Indonesia,
http://www.wikidata.org/entity/Q12531757,Akzhelen,http://www.wikidata.org/entity/Q25513043,Kazakh folk music,
http://www.wikidata.org/entity/Q12542391,Estirtu,http://www.wikidata.org/entity/Q25513043,Kazakh folk music,
http://www.wikidata.org/entity/Q12543510,Zhar-zhar,http://www.wikidata.org/entity/Q13170510,Kyrgyz folk music,
http://www.wikidata.org/entity/Q12543510,Zhar-zhar,http://www.wikidata.org/entity/Q25513043,Kazakh folk music,
http://www.wikidata.org/entity/Q12543515,Jarapazan,http://www.wikidata.org/entity/Q25513043,Kazakh folk music,
http://www.wikidata.org/entity/Q12545830,Jubatu,http://www.wikidata.org/entity/Q25513043,Kazakh folk music,
http://www.wikidata.org/entity/Q12584173,Goryeo period music,http://www.wikidata.org/entity/Q716060,music of Korea,
http://www.wikidata.org/entity/Q12584173,Goryeo period music,http://www.wikidata.org/entity/Q6942280,music of South Korea,
http://www.wikidata.org/entity/Q12604228,Shiragigaku,http://www.wikidata.org/entity/Q693322,komagaku,
http://www.wikidata.org/entity/Q12613889,Imsil Pilbong nongak,http://www.wikidata.org/entity/Q107000797,Korean folk music,
http://www.wikidata.org/entity/Q12614061,seonsori,http://www.wikidata.org/entity/Q12623540,Korean folk song,
http://www.wikidata.org/entity/Q12623540,Korean folk song,http://www.wikidata.org/entity/Q107000797,Korean folk music,
http://www.wikidata.org/entity/Q12629666,deathcore,http://www.wikidata.org/entity/Q388906,hardcore,
http://www.wikidata.org/entity/Q12643798,Tovareća mužika,http://www.wikidata.org/entity/Q235858,traditional folk music,
http://www.wikidata.org/entity/Q12643798,Tovareća mužika,http://www.wikidata.org/entity/Q1236268,music of Croatia,
http://www.wikidata.org/entity/Q12671486,ritual ambient,http://www.wikidata.org/entity/Q756956,dark ambient,
http://www.wikidata.org/entity/Q12701217,pop yeh-yeh,http://www.wikidata.org/entity/Q484641,pop rock,
http://www.wikidata.org/entity/Q12701217,pop yeh-yeh,http://www.wikidata.org/entity/Q6742070,Malaysian popular music,
http://www.wikidata.org/entity/Q12701217,pop yeh-yeh,http://www.wikidata.org/entity/Q12499696,Malay music,
http://www.wikidata.org/entity/Q12702016,rock kapak,http://www.wikidata.org/entity/Q83270,hard rock,1987-01-01T00:00:00Z
http://www.wikidata.org/entity/Q12702016,rock kapak,http://www.wikidata.org/entity/Q12499696,Malay music,1987-01-01T00:00:00Z
http://www.wikidata.org/entity/Q12714622,fenta,http://www.wikidata.org/entity/Q4585173,gangar,
http://www.wikidata.org/entity/Q12716093,kjekkas-rap,http://www.wikidata.org/entity/Q753679,gangsta rap,2004-01-01T00:00:00Z
http://www.wikidata.org/entity/Q12719323,vandreslått,http://www.wikidata.org/entity/Q4585201,slått,
http://www.wikidata.org/entity/Q12736118,Romanian church music,http://www.wikidata.org/entity/Q8812109,church music,
http://www.wikidata.org/entity/Q12736122,muzica ușoară românească,http://www.wikidata.org/entity/Q848399,easy listening,
http://www.wikidata.org/entity/Q12736122,muzica ușoară românească,http://www.wikidata.org/entity/Q852210,music of Romania,
http://www.wikidata.org/entity/Q12736123,Romanian folk music,http://www.wikidata.org/entity/Q852210,music of Romania,
http://www.wikidata.org/entity/Q12736123,Romanian folk music,http://www.wikidata.org/entity/Q98528192,European folk music,
http://www.wikidata.org/entity/Q12777807,trávnica,http://www.wikidata.org/entity/Q502658,work song,
http://www.wikidata.org/entity/Q12777807,trávnica,http://www.wikidata.org/entity/Q7541571,Slovak folk music,
http://www.wikidata.org/entity/Q12802984,Slovenian folk song,http://www.wikidata.org/entity/Q108321843,Slovenian folk music,
http://www.wikidata.org/entity/Q12811727,saz semai,http://www.wikidata.org/entity/Q1518063,Ottoman classical music,1850-01-01T00:00:00Z
http://www.wikidata.org/entity/Q12817895,Alyor,http://www.wikidata.org/entity/Q110250068,Uzbek folk music,
http://www.wikidata.org/entity/Q12819763,beshqarsak,http://www.wikidata.org/entity/Q3328738,music of Uzbekistan,
http://www.wikidata.org/entity/Q12819763,beshqarsak,http://www.wikidata.org/entity/Q3328772,music of Tajikistan,
http://www.wikidata.org/entity/Q12825819,Lapar,http://www.wikidata.org/entity/Q235858,traditional folk music,
http://www.wikidata.org/entity/Q12825911,lazgi,http://www.wikidata.org/entity/Q3328738,music of Uzbekistan,
http://www.wikidata.org/entity/Q12826679,maqom,http://www.wikidata.org/entity/Q3328738,music of Uzbekistan,
http://www.wikidata.org/entity/Q12826679,maqom,http://www.wikidata.org/entity/Q98528260,maqāmic music,
http://www.wikidata.org/entity/Q12832355,youth music,http://www.wikidata.org/entity/Q373342,popular music,
http://www.wikidata.org/entity/Q12845743,symphonic mugham,http://www.wikidata.org/entity/Q1474372,mugham,1950-01-01T00:00:00Z
http://www.wikidata.org/entity/Q12845743,symphonic mugham,http://www.wikidata.org/entity/Q3328774,symphonic music,1950-01-01T00:00:00Z
http://www.wikidata.org/entity/Q12848437,zerbi mugham,http://www.wikidata.org/entity/Q1474372,mugham,
http://www.wikidata.org/entity/Q12876995,Greek folk music,http://www.wikidata.org/entity/Q1465419,music of Greece,
http://www.wikidata.org/entity/Q12876995,Greek folk music,http://www.wikidata.org/entity/Q98528192,European folk music,
http://www.wikidata.org/entity/Q12876996,Greek hip hop,http://www.wikidata.org/entity/Q1465419,music of Greece,
http://www.wikidata.org/entity/Q12876996,Greek hip hop,http://www.wikidata.org/entity/Q5413526,European hip-hop,
http://www.wikidata.org/entity/Q12881722,nisiotika,http://www.wikidata.org/entity/Q108807656,Ionian Islands folk music,
http://www.wikidata.org/entity/Q12882577,pagan black metal,http://www.wikidata.org/entity/Q132438,black metal,1993-01-01T00:00:00Z
http://www.wikidata.org/entity/Q12882577,pagan black metal,http://www.wikidata.org/entity/Q1457545,pagan metal,1993-01-01T00:00:00Z
http://www.wikidata.org/entity/Q12978250,Siddhar song,http://www.wikidata.org/entity/Q17070502,music of Tamil Nadu,
http://www.wikidata.org/entity/Q12983511,Tamil rock music,http://www.wikidata.org/entity/Q11399,rock music,
http://www.wikidata.org/entity/Q12983511,Tamil rock music,http://www.wikidata.org/entity/Q17070502,music of Tamil Nadu,
http://www.wikidata.org/entity/Q12983518,Tamil hip hop,http://www.wikidata.org/entity/Q17070502,music of Tamil Nadu,
http://www.wikidata.org/entity/Q12983518,Tamil hip hop,http://www.wikidata.org/entity/Q55104351,Indian hip hop,
http://www.wikidata.org/entity/Q5464474,folk ragtime,http://www.wikidata.org/entity/Q185652,ragtime,
http://www.wikidata.org/entity/Q5466607,footwork,http://www.wikidata.org/entity/Q114880130,bass music (EDM),1997-01-01T00:00:00Z
http://www.wikidata.org/entity/Q5466607,footwork,http://www.wikidata.org/entity/Q114880130,bass music (EDM),2007-01-01T00:00:00Z
http://www.wikidata.org/entity/Q5480212,palm-wine music,http://www.wikidata.org/entity/Q113493832,Kru music,
http://www.wikidata.org/entity/Q5487269,freak metal,http://www.wikidata.org/entity/Q12326776,metal music,
http://www.wikidata.org/entity/Q5494303,stoner doom,http://www.wikidata.org/entity/Q186170,doom metal,
http://www.wikidata.org/entity/Q5494303,stoner doom,http://www.wikidata.org/entity/Q1772422,stoner metal,
http://www.wikidata.org/entity/Q5500244,free funk,http://www.wikidata.org/entity/Q38656,jazz-funk,1970-01-01T00:00:00Z
http://www.wikidata.org/entity/Q5500244,free funk,http://www.wikidata.org/entity/Q790188,avant-garde jazz,1970-01-01T00:00:00Z
http://www.wikidata.org/entity/Q5501840,French mandopop,http://www.wikidata.org/entity/Q973150,mandopop,
http://www.wikidata.org/entity/Q5502044,French classical music,http://www.wikidata.org/entity/Q9730,classical music,
http://www.wikidata.org/entity/Q5502126,French electronic music,http://www.wikidata.org/entity/Q9778,electronic music,
http://www.wikidata.org/entity/Q5502126,French electronic music,http://www.wikidata.org/entity/Q672134,music of France,
http://www.wikidata.org/entity/Q5502277,French jazz,http://www.wikidata.org/entity/Q8341,jazz,
http://www.wikidata.org/entity/Q5502277,French jazz,http://www.wikidata.org/entity/Q672134,music of France,
http://www.wikidata.org/entity/Q5507307,fuguing tune,http://www.wikidata.org/entity/Q1076513,choral music,
http://www.wikidata.org/entity/Q5509175,fungi,http://www.wikidata.org/entity/Q98528191,Caribbean folk music,
http://www.wikidata.org/entity/Q5510816,future garage,http://www.wikidata.org/entity/Q1165777,UK garage,2005-01-01T00:00:00Z
http://www.wikidata.org/entity/Q5510857,Future soul,http://www.wikidata.org/entity/Q131272,soul,
http://www.wikidata.org/entity/Q5515214,gaana,http://www.wikidata.org/entity/Q17070502,music of Tamil Nadu,
http://www.wikidata.org/entity/Q5519824,Game Boy music,http://www.wikidata.org/entity/Q1062702,video game music,
http://www.wikidata.org/entity/Q5520004,gamelan gadhon,http://www.wikidata.org/entity/Q194492,gamelan,
http://www.wikidata.org/entity/Q5520007,gamelan siteran,http://www.wikidata.org/entity/Q194492,gamelan,
http://www.wikidata.org/entity/Q5520009,gamelan surakarta,http://www.wikidata.org/entity/Q11215782,Javanese gamelan,
http://www.wikidata.org/entity/Q5520010,gamelan sekaten,http://www.wikidata.org/entity/Q194492,gamelan,
http://www.wikidata.org/entity/Q5520010,gamelan sekaten,http://www.wikidata.org/entity/Q1482325,Islamic music,
http://www.wikidata.org/entity/Q5520012,gamelan bebonangan,http://www.wikidata.org/entity/Q4882148,gamelan beleganjur,
http://www.wikidata.org/entity/Q5520013,gamelan gambang,http://www.wikidata.org/entity/Q194492,gamelan,
http://www.wikidata.org/entity/Q5520014,gamelan gender wayang,http://www.wikidata.org/entity/Q11210968,Gamelan Bali,
http://www.wikidata.org/entity/Q5520015,gamelan gong gede,http://www.wikidata.org/entity/Q11210968,Gamelan Bali,
http://www.wikidata.org/entity/Q5520017,gamelan jegog,http://www.wikidata.org/entity/Q11210968,Gamelan Bali,
http://www.wikidata.org/entity/Q5520018,gamelan salendro,http://www.wikidata.org/entity/Q194492,gamelan,1000-01-01T00:00:00Z
http://www.wikidata.org/entity/Q5520020,gamelan degung,http://www.wikidata.org/entity/Q194492,gamelan,
http://www.wikidata.org/entity/Q5520020,gamelan degung,http://www.wikidata.org/entity/Q104853037,Sundanese music,
http://www.wikidata.org/entity/Q5520021,Gamelan selunding,http://www.wikidata.org/entity/Q11210968,Gamelan Bali,1000-01-01T00:00:00Z
http://www.wikidata.org/entity/Q5520022,gamelan semar pegulingan,http://www.wikidata.org/entity/Q11210968,Gamelan Bali,
http://www.wikidata.org/entity/Q5526306,Gas pipe clarinet,http://www.wikidata.org/entity/Q8341,jazz,
http://www.wikidata.org/entity/Q5529931,Geet,http://www.wikidata.org/entity/Q531426,music of India,
http://www.wikidata.org/entity/Q5530446,Gelineau psalmody,http://www.wikidata.org/entity/Q64137792,religious vocal music,
http://www.wikidata.org/entity/Q5533135,genge,http://www.wikidata.org/entity/Q11401,hip-hop,
http://www.wikidata.org/entity/Q5533135,genge,http://www.wikidata.org/entity/Q106586248,music of East Africa,
http://www.wikidata.org/entity/Q5551384,German electronic music,http://www.wikidata.org/entity/Q9778,electronic music,
http://www.wikidata.org/entity/Q5551384,German electronic music,http://www.wikidata.org/entity/Q2743758,music of Germany,
http://www.wikidata.org/entity/Q5562953,ginans,http://www.wikidata.org/entity/Q1482325,Islamic music,
http://www.wikidata.org/entity/Q5562953,ginans,http://www.wikidata.org/entity/Q98528267,music of South Asia,
http://www.wikidata.org/entity/Q5574163,Golpe tocuyano,http://www.wikidata.org/entity/Q235858,traditional folk music,
http://www.wikidata.org/entity/Q5574163,Golpe tocuyano,http://www.wikidata.org/entity/Q1202208,joropo,
http://www.wikidata.org/entity/Q5577402,Gogo,http://www.wikidata.org/entity/Q316930,dance music,
http://www.wikidata.org/entity/Q5577402,Gogo,http://www.wikidata.org/entity/Q3328756,music of Quebec,
http://www.wikidata.org/entity/Q5583956,goombay,http://www.wikidata.org/entity/Q3394906,music of the Caribbean,
http://www.wikidata.org/entity/Q5597175,graphical sound,http://www.wikidata.org/entity/Q9778,electronic music,
http://www.wikidata.org/entity/Q5597175,graphical sound,http://www.wikidata.org/entity/Q1640319,experimental music,
http://www.wikidata.org/entity/Q5602044,Greek punk,http://www.wikidata.org/entity/Q3071,punk rock,
http://www.wikidata.org/entity/Q5602044,Greek punk,http://www.wikidata.org/entity/Q1465419,music of Greece,
http://www.wikidata.org/entity/Q5610389,groovy soca,http://www.wikidata.org/entity/Q1051735,soca music,1970-01-01T00:00:00Z
http://www.wikidata.org/entity/Q5612172,grupera,http://www.wikidata.org/entity/Q7309098,regional Mexican,1970-01-01T00:00:00Z
http://www.wikidata.org/entity/Q5614327,Guatemalan rock,http://www.wikidata.org/entity/Q11399,rock music,
http://www.wikidata.org/entity/Q5614327,Guatemalan rock,http://www.wikidata.org/entity/Q1298412,music of Guatemala,
http://www.wikidata.org/entity/Q5618068,gumbé,http://www.wikidata.org/entity/Q227045,zouk,1973-01-01T00:00:00Z
http://www.wikidata.org/entity/Q5618849,Gunla Bajan,http://www.wikidata.org/entity/Q3328735,music of Nepal,
http://www.wikidata.org/entity/Q5619688,guoyue,http://www.wikidata.org/entity/Q277393,music of China,
http://www.wikidata.org/entity/Q5619688,guoyue,http://www.wikidata.org/entity/Q1583807,art music,
http://www.wikidata.org/entity/Q5619688,guoyue,http://www.wikidata.org/entity/Q121032006,national music,
http://www.wikidata.org/entity/Q5639330,Haimen folk song,http://www.wikidata.org/entity/Q51446080,Chinese traditional music,
http://www.wikidata.org/entity/Q5639747,Haitian hip hop,http://www.wikidata.org/entity/Q11401,hip-hop,
http://www.wikidata.org/entity/Q5639747,Haitian hip hop,http://www.wikidata.org/entity/Q3710513,music of Haiti,
http://www.wikidata.org/entity/Q5639767,Haitian vodou drumming,http://www.wikidata.org/entity/Q3710513,music of Haiti,
http://www.wikidata.org/entity/Q5639767,Haitian vodou drumming,http://www.wikidata.org/entity/Q98528191,Caribbean folk music,
http://www.wikidata.org/entity/Q5640052,shout,http://www.wikidata.org/entity/Q180268,gospel music,
http://www.wikidata.org/entity/Q5640052,shout,http://www.wikidata.org/entity/Q1339121,contemporary worship music,
http://www.wikidata.org/entity/Q5640528,Hakka hill song,http://www.wikidata.org/entity/Q11064735,Hakka music,
http://www.wikidata.org/entity/Q5643186,cumbia amazónica,http://www.wikidata.org/entity/Q7171184,Peruvian cumbia,
http://www.wikidata.org/entity/Q5643998,trova yucateca,http://www.wikidata.org/entity/Q16942070,Mexican folk music,
http://www.wikidata.org/entity/Q5643998,trova yucateca,http://www.wikidata.org/entity/Q108950417,music of Yucatán,
http://www.wikidata.org/entity/Q5645984,music of South America,http://www.wikidata.org/entity/Q3328669,music of the Americas,
http://www.wikidata.org/entity/Q5646383,Yambú,http://www.wikidata.org/entity/Q388475,Cuban rumba,
http://www.wikidata.org/entity/Q5651338,Hanukkah music,http://www.wikidata.org/entity/Q107033384,holiday music,
http://www.wikidata.org/entity/Q5654316,harawi,http://www.wikidata.org/entity/Q492096,Andean music,
http://www.wikidata.org/entity/Q5655695,hardbag,http://www.wikidata.org/entity/Q3032212,diva house,1990-01-01T00:00:00Z
http://www.wikidata.org/entity/Q5655695,hardbag,http://www.wikidata.org/entity/Q30917612,Eurohouse,1990-01-01T00:00:00Z
http://www.wikidata.org/entity/Q5662534,albazo,http://www.wikidata.org/entity/Q235858,traditional folk music,
http://www.wikidata.org/entity/Q5681688,pregón,http://www.wikidata.org/entity/Q727781,music of Latin America,
http://www.wikidata.org/entity/Q5683605,Maddahi,http://www.wikidata.org/entity/Q1482325,Islamic music,
http://www.wikidata.org/entity/Q5684704,liwa,http://www.wikidata.org/entity/Q585588,Khaliji,
http://www.wikidata.org/entity/Q5684704,liwa,http://www.wikidata.org/entity/Q98528189,Arabic folk music,
http://www.wikidata.org/entity/Q5690120,trance metal,http://www.wikidata.org/entity/Q12326776,metal music,2005-01-01T00:00:00Z
http://www.wikidata.org/entity/Q5690818,rock urbano mexicano,http://www.wikidata.org/entity/Q3397325,music of Mexico,
http://www.wikidata.org/entity/Q11565463,enka / kayokyoku,http://www.wikidata.org/entity/Q873478,enka,
http://www.wikidata.org/entity/Q11565463,enka / kayokyoku,http://www.wikidata.org/entity/Q1418683,kayōkyoku,
http://www.wikidata.org/entity/Q11573449,contemporary Japanese music,http://www.wikidata.org/entity/Q257533,music of Japan,
http://www.wikidata.org/entity/Q11573449,contemporary Japanese music,http://www.wikidata.org/entity/Q3328797,musique actuelle,
http://www.wikidata.org/entity/Q11573651,Ryukyu classical music,http://www.wikidata.org/entity/Q869750,Okinawan music,
http://www.wikidata.org/entity/Q11573651,Ryukyu classical music,http://www.wikidata.org/entity/Q15614479,East Asian court ceremonial music,
http://www.wikidata.org/entity/Q11574321,jinku,http://www.wikidata.org/entity/Q901610,min'yō,
http://www.wikidata.org/entity/Q11581689,mōsō biwa,http://www.wikidata.org/entity/Q492067,Buddhist music,
http://www.wikidata.org/entity/Q11581689,mōsō biwa,http://www.wikidata.org/entity/Q5958515,katarimono,
http://www.wikidata.org/entity/Q11581689,mōsō biwa,http://www.wikidata.org/entity/Q16261643,biwagaku,
http://www.wikidata.org/entity/Q11582047,sumo jinku,http://www.wikidata.org/entity/Q11574321,jinku,
http://www.wikidata.org/entity/Q11598508,hauta,http://www.wikidata.org/entity/Q11638369,early modern Japanese music,
http://www.wikidata.org/entity/Q11599140,takemoto,http://www.wikidata.org/entity/Q1147752,incidental music,
http://www.wikidata.org/entity/Q11602782,Chikuzen biwa,http://www.wikidata.org/entity/Q5958515,katarimono,
http://www.wikidata.org/entity/Q11603109,sokyoku,http://www.wikidata.org/entity/Q106586236,Japanese classical music,
http://www.wikidata.org/entity/Q11622339,Satsuma biwa,http://www.wikidata.org/entity/Q5958515,katarimono,
http://www.wikidata.org/entity/Q11622339,Satsuma biwa,http://www.wikidata.org/entity/Q16261643,biwagaku,
http://www.wikidata.org/entity/Q11632191,kōshiki,http://www.wikidata.org/entity/Q5958515,katarimono,
http://www.wikidata.org/entity/Q11632250,yōkyokumono,http://www.wikidata.org/entity/Q7832297,traditional Japanese music,
http://www.wikidata.org/entity/Q11637117,rujigaku,http://www.wikidata.org/entity/Q211025,march,
http://www.wikidata.org/entity/Q11637117,rujigaku,http://www.wikidata.org/entity/Q869750,Okinawan music,
http://www.wikidata.org/entity/Q11637117,rujigaku,http://www.wikidata.org/entity/Q15614479,East Asian court ceremonial music,
http://www.wikidata.org/entity/Q11638369,early modern Japanese music,http://www.wikidata.org/entity/Q257533,music of Japan,
http://www.wikidata.org/entity/Q11643236,eikyoku,http://www.wikidata.org/entity/Q718540,gagaku,
http://www.wikidata.org/entity/Q11651126,asmarandana,http://www.wikidata.org/entity/Q6165240,tembang macapat,
http://www.wikidata.org/entity/Q11660484,denpa song,http://www.wikidata.org/entity/Q131578,J-pop,1992-01-01T00:00:00Z
http://www.wikidata.org/entity/Q11660484,denpa song,http://www.wikidata.org/entity/Q10846275,Akiba-pop,1992-01-01T00:00:00Z
http://www.wikidata.org/entity/Q11661531,seishun punk,http://www.wikidata.org/entity/Q257533,music of Japan,
http://www.wikidata.org/entity/Q11661531,seishun punk,http://www.wikidata.org/entity/Q487914,pop-punk,
http://www.wikidata.org/entity/Q11680297,psybreaks,http://www.wikidata.org/entity/Q663519,breakbeat,1995-01-01T00:00:00Z
http://www.wikidata.org/entity/Q11691380,complextro,http://www.wikidata.org/entity/Q627906,electro house,2008-01-01T00:00:00Z
http://www.wikidata.org/entity/Q11691916,csárdás,http://www.wikidata.org/entity/Q316930,dance music,
http://www.wikidata.org/entity/Q11691916,csárdás,http://www.wikidata.org/entity/Q722989,Hungarian folk music,
http://www.wikidata.org/entity/Q11693015,dark house,http://www.wikidata.org/entity/Q20502,house music,
http://www.wikidata.org/entity/Q11693017,darkcore,http://www.wikidata.org/entity/Q1585075,breakbeat hardcore,1992-01-01T00:00:00Z
http://www.wikidata.org/entity/Q11693803,montea,http://www.wikidata.org/entity/Q6942267,music of Seychelles,
http://www.wikidata.org/entity/Q11693803,montea,http://www.wikidata.org/entity/Q98528185,African folk music,
http://www.wikidata.org/entity/Q11696000,East Coast jazz,http://www.wikidata.org/entity/Q8341,jazz,
http://www.wikidata.org/entity/Q11696000,East Coast jazz,http://www.wikidata.org/entity/Q2267955,music of the United States,
http://www.wikidata.org/entity/Q11696530,electro deathcore,http://www.wikidata.org/entity/Q475221,deathcore,
http://www.wikidata.org/entity/Q11696996,epic house,http://www.wikidata.org/entity/Q20502,house music,
http://www.wikidata.org/entity/Q11700058,folk-pop,http://www.wikidata.org/entity/Q37073,pop music,
http://www.wikidata.org/entity/Q11700058,folk-pop,http://www.wikidata.org/entity/Q106298881,contemporary folk music,
http://www.wikidata.org/entity/Q11700065,pop soul,http://www.wikidata.org/entity/Q37073,pop music,
http://www.wikidata.org/entity/Q11700065,pop soul,http://www.wikidata.org/entity/Q131272,soul,
http://www.wikidata.org/entity/Q11722315,Caoine,http://www.wikidata.org/entity/Q3246270,dirge,
http://www.wikidata.org/entity/Q11733926,Kamarinskaya,http://www.wikidata.org/entity/Q9730,classical music,
http://www.wikidata.org/entity/Q11733926,Kamarinskaya,http://www.wikidata.org/entity/Q316930,dance music,
http://www.wikidata.org/entity/Q11741414,kolęda polska,http://www.wikidata.org/entity/Q503354,Christmas carol,
http://www.wikidata.org/entity/Q11744534,kozak,http://www.wikidata.org/entity/Q9730,classical music,
http://www.wikidata.org/entity/Q11744534,kozak,http://www.wikidata.org/entity/Q316930,dance music,
http://www.wikidata.org/entity/Q11747853,krakowiak,http://www.wikidata.org/entity/Q9730,classical music,
http://www.wikidata.org/entity/Q11747853,krakowiak,http://www.wikidata.org/entity/Q316930,dance music,
http://www.wikidata.org/entity/Q11750795,kujawiak,http://www.wikidata.org/entity/Q9730,classical music,
http://www.wikidata.org/entity/Q11750795,kujawiak,http://www.wikidata.org/entity/Q316930,dance music,
http://www.wikidata.org/entity/Q11762859,loure,http://www.wikidata.org/entity/Q9730,classical music,
http://www.wikidata.org/entity/Q11762859,loure,http://www.wikidata.org/entity/Q316930,dance music,
http://www.wikidata.org/entity/Q11773109,yaraví arequipeño,http://www.wikidata.org/entity/Q492096,Andean music,
http://www.wikidata.org/entity/Q11773109,yaraví arequipeño,http://www.wikidata.org/entity/Q98528197,Hispanic American folk music,
http://www.wikidata.org/entity/Q11786764,musette,http://www.wikidata.org/entity/Q118738876,classical dance music,
http://www.wikidata.org/entity/Q11787378,national classical music,http://www.wikidata.org/entity/Q9730,classical music,
http://www.wikidata.org/entity/Q11787378,national classical music,http://www.wikidata.org/entity/Q121032006,national music,
http://www.wikidata.org/entity/Q11787379,ritual music,http://www.wikidata.org/entity/Q122149755,event music,
http://www.wikidata.org/entity/Q11787389,club/dance music,http://www.wikidata.org/entity/Q316930,dance music,
http://www.wikidata.org/entity/Q11790566,neo punk,http://www.wikidata.org/entity/Q3071,punk rock,
http://www.wikidata.org/entity/Q11794650,oberek,http://www.wikidata.org/entity/Q11822344,Polish folk music,
http://www.wikidata.org/entity/Q11794650,oberek,http://www.wikidata.org/entity/Q118738993,folk dance music,
http://www.wikidata.org/entity/Q11796526,off jazz,http://www.wikidata.org/entity/Q8341,jazz,
http://www.wikidata.org/entity/Q11817196,piosenka aktorska,http://www.wikidata.org/entity/Q473602,music of Poland,
http://www.wikidata.org/entity/Q11817196,piosenka aktorska,http://www.wikidata.org/entity/Q1370345,musical theater,
http://www.wikidata.org/entity/Q11817196,piosenka aktorska,http://www.wikidata.org/entity/Q97375316,poetry song,
http://www.wikidata.org/entity/Q11821889,polka,http://www.wikidata.org/entity/Q118738876,classical dance music,
http://www.wikidata.org/entity/Q11821942,polonaise,http://www.wikidata.org/entity/Q9730,classical music,
http://www.wikidata.org/entity/Q11821942,polonaise,http://www.wikidata.org/entity/Q316930,dance music,
http://www.wikidata.org/entity/Q11821942,polonaise,http://www.wikidata.org/entity/Q473602,music of Poland,
http://www.wikidata.org/entity/Q11822344,Polish folk music,http://www.wikidata.org/entity/Q473602,music of Poland,
http://www.wikidata.org/entity/Q11822344,Polish folk music,http://www.wikidata.org/entity/Q16679594,Slavic folk music,
http://www.wikidata.org/entity/Q11830421,crossbreed,http://www.wikidata.org/entity/Q388906,hardcore,2006-01-01T00:00:00Z
http://www.wikidata.org/entity/Q11830421,crossbreed,http://www.wikidata.org/entity/Q1166321,darkstep,2006-01-01T00:00:00Z
http://www.wikidata.org/entity/Q11831728,pumping house,http://www.wikidata.org/entity/Q1585015,hard house,
http://www.wikidata.org/entity/Q11834879,rigaudon,http://www.wikidata.org/entity/Q118738876,classical dance music,
http://www.wikidata.org/entity/Q11835427,dudácká muzika,http://www.wikidata.org/entity/Q235858,traditional folk music,
http://www.wikidata.org/entity/Q11835427,dudácká muzika,http://www.wikidata.org/entity/Q2981079,music of the Czech Republic,
http://www.wikidata.org/entity/Q11849852,Afroma,http://www.wikidata.org/entity/Q6942167,music of Malawi,
http://www.wikidata.org/entity/Q11855589,crustgrind,http://www.wikidata.org/entity/Q188534,grindcore,
http://www.wikidata.org/entity/Q11855589,crustgrind,http://www.wikidata.org/entity/Q825769,crust punk,
http://www.wikidata.org/entity/Q11870448,street rock,http://www.wikidata.org/entity/Q11399,rock music,
http://www.wikidata.org/entity/Q11871087,Medieval contemporary music,http://www.wikidata.org/entity/Q163775,medieval music,
http://www.wikidata.org/entity/Q11876050,Lisbon fado,http://www.wikidata.org/entity/Q185676,fado,
http://www.wikidata.org/entity/Q11877639,electro trance,http://www.wikidata.org/entity/Q170435,trance,
http://www.wikidata.org/entity/Q11881224,Marrabenta rap,http://www.wikidata.org/entity/Q387236,African hip-hop,
http://www.wikidata.org/entity/Q1325963,electro funk,http://www.wikidata.org/entity/Q164444,funk,
http://www.wikidata.org/entity/Q1326777,electroacoustic music,http://www.wikidata.org/entity/Q9778,electronic music,1956-01-01T00:00:00Z
http://www.wikidata.org/entity/Q1326777,electroacoustic music,http://www.wikidata.org/entity/Q612024,contemporary classical music,1956-01-01T00:00:00Z
http://www.wikidata.org/entity/Q1326777,electroacoustic music,http://www.wikidata.org/entity/Q1640319,experimental music,1956-01-01T00:00:00Z
http://www.wikidata.org/entity/Q1328560,trallpunk,http://www.wikidata.org/entity/Q3071,punk rock,1988-01-01T00:00:00Z
http://www.wikidata.org/entity/Q1335045,embolada,http://www.wikidata.org/entity/Q502448,coco,
http://www.wikidata.org/entity/Q1335045,embolada,http://www.wikidata.org/entity/Q2936879,repente,
http://www.wikidata.org/entity/Q1335569,techstep,http://www.wikidata.org/entity/Q188994,drum and bass,1995-01-01T00:00:00Z
http://www.wikidata.org/entity/Q1337498,Kontakion,http://www.wikidata.org/entity/Q856713,Christian hymn,
http://www.wikidata.org/entity/Q1337973,Swiss hip hop,http://www.wikidata.org/entity/Q2082510,music of Switzerland,
http://www.wikidata.org/entity/Q1337973,Swiss hip hop,http://www.wikidata.org/entity/Q5413526,European hip-hop,
http://www.wikidata.org/entity/Q1338153,20th-century classical music,http://www.wikidata.org/entity/Q9730,classical music,1900-01-01T00:00:00Z
http://www.wikidata.org/entity/Q1339027,dream trance,http://www.wikidata.org/entity/Q170435,trance,1994-01-01T00:00:00Z
http://www.wikidata.org/entity/Q1339121,contemporary worship music,http://www.wikidata.org/entity/Q8812109,church music,
http://www.wikidata.org/entity/Q1348260,Kagura,http://www.wikidata.org/entity/Q3328761,Shinto music,
http://www.wikidata.org/entity/Q1353390,background music,http://www.wikidata.org/entity/Q26897135,functional music,
http://www.wikidata.org/entity/Q1361891,jōruri,http://www.wikidata.org/entity/Q7777494,theatre music,
http://www.wikidata.org/entity/Q1361891,jōruri,http://www.wikidata.org/entity/Q11638369,early modern Japanese music,
http://www.wikidata.org/entity/Q1362878,Neue Deutsche Todeskunst,http://www.wikidata.org/entity/Q2743758,music of Germany,
http://www.wikidata.org/entity/Q1362878,Neue Deutsche Todeskunst,http://www.wikidata.org/entity/Q3840596,dark wave,
http://www.wikidata.org/entity/Q1365482,New Simplicity,http://www.wikidata.org/entity/Q1338153,20th-century classical music,
http://www.wikidata.org/entity/Q1365482,New Simplicity,http://www.wikidata.org/entity/Q2568406,postmodern music,
http://www.wikidata.org/entity/Q1370345,musical theater,http://www.wikidata.org/entity/Q61340552,stage and screen,
http://www.wikidata.org/entity/Q1371364,ethno jazz,http://www.wikidata.org/entity/Q8341,jazz,1950-01-01T00:00:00Z
http://www.wikidata.org/entity/Q1374731,Eurodisco,http://www.wikidata.org/entity/Q58339,disco,1974-01-01T00:00:00Z
http://www.wikidata.org/entity/Q1378776,music of Ireland,http://www.wikidata.org/entity/Q21971297,music of the British Isles,0900-01-01T00:00:00Z
http://www.wikidata.org/entity/Q1379958,contemporary Christian music,http://www.wikidata.org/entity/Q373342,popular music,1968-01-01T00:00:00Z
http://www.wikidata.org/entity/Q1379958,contemporary Christian music,http://www.wikidata.org/entity/Q6452410,Christian music,1968-01-01T00:00:00Z
http://www.wikidata.org/entity/Q1386554,Japanese ska,http://www.wikidata.org/entity/Q54365,ska,
http://www.wikidata.org/entity/Q1386554,Japanese ska,http://www.wikidata.org/entity/Q257533,music of Japan,
http://www.wikidata.org/entity/Q1391336,comedy rock,http://www.wikidata.org/entity/Q11399,rock music,
http://www.wikidata.org/entity/Q1391336,comedy rock,http://www.wikidata.org/entity/Q5151495,comedy music,
http://www.wikidata.org/entity/Q1399566,Guggenmusik,http://www.wikidata.org/entity/Q2743758,music of Germany,
http://www.wikidata.org/entity/Q1399566,Guggenmusik,http://www.wikidata.org/entity/Q114239322,carnival music,
http://www.wikidata.org/entity/Q1399695,Chicano rap,http://www.wikidata.org/entity/Q753679,gangsta rap,1990-01-01T00:00:00Z
http://www.wikidata.org/entity/Q1399695,Chicano rap,http://www.wikidata.org/entity/Q3827483,Latin hip-hop,1990-01-01T00:00:00Z
http://www.wikidata.org/entity/Q1399964,uplifting classical,http://www.wikidata.org/entity/Q65937946,modern classical music,
http://www.wikidata.org/entity/Q1403744,electro-industrial,http://www.wikidata.org/entity/Q9778,electronic music,1985-01-01T00:00:00Z
http://www.wikidata.org/entity/Q1403744,electro-industrial,http://www.wikidata.org/entity/Q936942,post-industrial music,1985-01-01T00:00:00Z
http://www.wikidata.org/entity/Q1406136,Ahellil,http://www.wikidata.org/entity/Q3328583,music of Algeria,
http://www.wikidata.org/entity/Q1413061,tropicália,http://www.wikidata.org/entity/Q1046768,música popular brasileira,1967-01-01T00:00:00Z
http://www.wikidata.org/entity/Q1413570,sardana,http://www.wikidata.org/entity/Q20102359,Catalan traditional folk music,
http://www.wikidata.org/entity/Q1414130,filk,http://www.wikidata.org/entity/Q19672555,nerd-folk,1940-01-01T00:00:00Z
http://www.wikidata.org/entity/Q1414858,New York death metal,http://www.wikidata.org/entity/Q483251,death metal,
http://www.wikidata.org/entity/Q1415568,filter house,http://www.wikidata.org/entity/Q20502,house music,
http://www.wikidata.org/entity/Q1417976,music of Finland,http://www.wikidata.org/entity/Q26302245,music of the Nordic countries,
http://www.wikidata.org/entity/Q1418683,kayōkyoku,http://www.wikidata.org/entity/Q37073,pop music,1950-01-01T00:00:00Z
http://www.wikidata.org/entity/Q1418683,kayōkyoku,http://www.wikidata.org/entity/Q257533,music of Japan,1950-01-01T00:00:00Z
http://www.wikidata.org/entity/Q1420722,partido alto,http://www.wikidata.org/entity/Q11403,samba,
http://www.wikidata.org/entity/Q1422944,Northern band style,http://www.wikidata.org/entity/Q11399,rock music,
http://www.wikidata.org/entity/Q1425111,western music,http://www.wikidata.org/entity/Q83440,country music,
http://www.wikidata.org/entity/Q1425661,folk punk,http://www.wikidata.org/entity/Q25554481,punk music,1985-01-01T00:00:00Z
http://www.wikidata.org/entity/Q1426909,flamenco jazz,http://www.wikidata.org/entity/Q8341,jazz,1967-01-01T00:00:00Z
http://www.wikidata.org/entity/Q1426909,flamenco jazz,http://www.wikidata.org/entity/Q3053954,new flamenco,1967-01-01T00:00:00Z
http://www.wikidata.org/entity/Q1427690,daina,http://www.wikidata.org/entity/Q108562050,Latvian folk music,
http://www.wikidata.org/entity/Q1428162,Ambrosian chant,http://www.wikidata.org/entity/Q2707688,plainsong,
http://www.wikidata.org/entity/Q1428162,Ambrosian chant,http://www.wikidata.org/entity/Q64137792,religious vocal music,
http://www.wikidata.org/entity/Q1428470,klapa,http://www.wikidata.org/entity/Q107331898,Croatian folk music,
http://www.wikidata.org/entity/Q1428885,saibara,http://www.wikidata.org/entity/Q11544988,utaimono,
http://www.wikidata.org/entity/Q1430045,Florida death metal,http://www.wikidata.org/entity/Q483251,death metal,1984-01-01T00:00:00Z
http://www.wikidata.org/entity/Q1430587,minimal techno,http://www.wikidata.org/entity/Q170611,techno,1991-01-01T00:00:00Z
http://www.wikidata.org/entity/Q1430717,Hambo,http://www.wikidata.org/entity/Q1766836,Polska,
http://www.wikidata.org/entity/Q1430717,Hambo,http://www.wikidata.org/entity/Q7654953,Swedish folk music,
http://www.wikidata.org/entity/Q1431327,pub rock,http://www.wikidata.org/entity/Q11399,rock music,1972-01-01T00:00:00Z
http://www.wikidata.org/entity/Q1432540,trallalero,http://www.wikidata.org/entity/Q43343,folk music,
http://www.wikidata.org/entity/Q1432540,trallalero,http://www.wikidata.org/entity/Q179465,polyphony,
http://www.wikidata.org/entity/Q1432934,Paisley Underground,http://www.wikidata.org/entity/Q703778,neo-psychedelia,1982-01-01T00:00:00Z
http://www.wikidata.org/entity/Q1432934,Paisley Underground,http://www.wikidata.org/entity/Q1190565,jangle pop,1982-01-01T00:00:00Z
http://www.wikidata.org/entity/Q1432934,Paisley Underground,http://www.wikidata.org/entity/Q122947986,Amerindie,1982-01-01T00:00:00Z
http://www.wikidata.org/entity/Q1433387,drone metal,http://www.wikidata.org/entity/Q12326776,metal music,1992-01-01T00:00:00Z
http://www.wikidata.org/entity/Q1433547,jazzcore,http://www.wikidata.org/entity/Q2736181,punk jazz,
http://www.wikidata.org/entity/Q1435485,axé,http://www.wikidata.org/entity/Q899215,music of Brazil,1980-01-01T00:00:00Z
http://www.wikidata.org/entity/Q1435509,folktronica,http://www.wikidata.org/entity/Q817138,electronica,1993-01-01T00:00:00Z
http://www.wikidata.org/entity/Q1436228,gwerz,http://www.wikidata.org/entity/Q1229479,lamentation,
http://www.wikidata.org/entity/Q1436228,gwerz,http://www.wikidata.org/entity/Q15974722,Breton song,
http://www.wikidata.org/entity/Q1437709,canción,http://www.wikidata.org/entity/Q727781,music of Latin America,
http://www.wikidata.org/entity/Q1440196,ambient industrial,http://www.wikidata.org/entity/Q756956,dark ambient,
http://www.wikidata.org/entity/Q1443316,Christmas music,http://www.wikidata.org/entity/Q107033384,holiday music,
http://www.wikidata.org/entity/Q99470350,Campirano,http://www.wikidata.org/entity/Q1780056,norteño,
http://www.wikidata.org/entity/Q99470350,Campirano,http://www.wikidata.org/entity/Q7309098,regional Mexican,
http://www.wikidata.org/entity/Q99522324,music of Mayotte,http://www.wikidata.org/entity/Q98528232,music of Southern Africa,
http://www.wikidata.org/entity/Q100139647,arrochadeira,http://www.wikidata.org/entity/Q2863648,arrocha,2010-01-01T00:00:00Z
http://www.wikidata.org/entity/Q100139647,arrochadeira,http://www.wikidata.org/entity/Q110101806,swingueira,2010-01-01T00:00:00Z
http://www.wikidata.org/entity/Q100151423,brutal prog,http://www.wikidata.org/entity/Q49451,progressive rock,1984-01-01T00:00:00Z
http://www.wikidata.org/entity/Q100151423,brutal prog,http://www.wikidata.org/entity/Q1641839,experimental rock,1984-01-01T00:00:00Z
http://www.wikidata.org/entity/Q100321326,Dahira,http://www.wikidata.org/entity/Q23072435,chant,
http://www.wikidata.org/entity/Q100330555,steel band music,http://www.wikidata.org/entity/Q3394906,music of the Caribbean,
http://www.wikidata.org/entity/Q100348626,gamelan mandolin,http://www.wikidata.org/entity/Q194492,gamelan,
http://www.wikidata.org/entity/Q100922002,budots,http://www.wikidata.org/entity/Q851213,electronic dance music,2009-01-01T00:00:00Z
http://www.wikidata.org/entity/Q101002603,traditional music of Dalarna,http://www.wikidata.org/entity/Q7654953,Swedish folk music,
http://www.wikidata.org/entity/Q101109587,future rave,http://www.wikidata.org/entity/Q851213,electronic dance music,2019-01-01T00:00:00Z
http://www.wikidata.org/entity/Q101112088,kaskawi,http://www.wikidata.org/entity/Q610022,kaseko,
http://www.wikidata.org/entity/Q101112088,kaskawi,http://www.wikidata.org/entity/Q2249365,kawina,
http://www.wikidata.org/entity/Q101112088,kaskawi,http://www.wikidata.org/entity/Q2719078,Western music,
http://www.wikidata.org/entity/Q101417642,Catholic music,http://www.wikidata.org/entity/Q6452410,Christian music,
http://www.wikidata.org/entity/Q101440473,sierreña,http://www.wikidata.org/entity/Q1780056,norteño,
http://www.wikidata.org/entity/Q101525913,Taizé song,http://www.wikidata.org/entity/Q856713,Christian hymn,
http://www.wikidata.org/entity/Q101525913,Taizé song,http://www.wikidata.org/entity/Q8812109,church music,
http://www.wikidata.org/entity/Q101552821,gothic rap,http://www.wikidata.org/entity/Q6010,rapping,
http://www.wikidata.org/entity/Q102362752,Brazilian colonial music,http://www.wikidata.org/entity/Q899215,music of Brazil,
http://www.wikidata.org/entity/Q102423159,postromantic music,http://www.wikidata.org/entity/Q9730,classical music,
http://www.wikidata.org/entity/Q104470322,hillbilly music,http://www.wikidata.org/entity/Q65943778,traditional country music,
http://www.wikidata.org/entity/Q104503881,plena uruguaya,http://www.wikidata.org/entity/Q2715398,plena,
http://www.wikidata.org/entity/Q104602773,tanzhammer-pop,http://www.wikidata.org/entity/Q851213,electronic dance music,
http://www.wikidata.org/entity/Q104695865,hyperpop,http://www.wikidata.org/entity/Q25094591,experimental pop,
http://www.wikidata.org/entity/Q104695865,hyperpop,http://www.wikidata.org/entity/Q116985035,electronic pop,
http://www.wikidata.org/entity/Q104733809,folk-polo,http://www.wikidata.org/entity/Q3328681,popular folk music,
http://www.wikidata.org/entity/Q104834065,zäuerli,http://www.wikidata.org/entity/Q109500733,Swiss folk music,
http://www.wikidata.org/entity/Q104834065,zäuerli,http://www.wikidata.org/entity/Q110229924,naturjodel,
http://www.wikidata.org/entity/Q104842028,satirical music,http://www.wikidata.org/entity/Q5151495,comedy music,
http://www.wikidata.org/entity/Q104847359,Brooklyn drill,http://www.wikidata.org/entity/Q15697534,drill,
http://www.wikidata.org/entity/Q104847619,tread rap,http://www.wikidata.org/entity/Q2913982,trap music,2015-01-01T00:00:00Z
http://www.wikidata.org/entity/Q104849599,adaha,http://www.wikidata.org/entity/Q963061,highlife,
http://www.wikidata.org/entity/Q104853037,Sundanese music,http://www.wikidata.org/entity/Q1210921,music of Indonesia,
http://www.wikidata.org/entity/Q104870214,synth metal,http://www.wikidata.org/entity/Q12326776,metal music,1980-01-01T00:00:00Z
http://www.wikidata.org/entity/Q104882182,sega tambour Chagos,http://www.wikidata.org/entity/Q139565726,séga tambour,
http://www.wikidata.org/entity/Q104920341,Mexican brass band,http://www.wikidata.org/entity/Q3397325,music of Mexico,
http://www.wikidata.org/entity/Q105038948,Estonian punk,http://www.wikidata.org/entity/Q3071,punk rock,
http://www.wikidata.org/entity/Q105038948,Estonian punk,http://www.wikidata.org/entity/Q3110519,music of Estonia,
http://www.wikidata.org/entity/Q105334717,progressive soul,http://www.wikidata.org/entity/Q131272,soul,1965-01-01T00:00:00Z
http://www.wikidata.org/entity/Q105334717,progressive soul,http://www.wikidata.org/entity/Q7248857,progressive music,1965-01-01T00:00:00Z
http://www.wikidata.org/entity/Q105337567,bigi poku,http://www.wikidata.org/entity/Q906647,Dixieland jazz,
http://www.wikidata.org/entity/Q105379653,tifa totobuang,http://www.wikidata.org/entity/Q194492,gamelan,
http://www.wikidata.org/entity/Q105379653,tifa totobuang,http://www.wikidata.org/entity/Q235858,traditional folk music,
http://www.wikidata.org/entity/Q105404852,hi-tech psytrance,http://www.wikidata.org/entity/Q2452152,dark psytrance,2005-01-01T00:00:00Z
http://www.wikidata.org/entity/Q105422709,blues standard,http://www.wikidata.org/entity/Q9759,blues,
http://www.wikidata.org/entity/Q105433718,aroubi,http://www.wikidata.org/entity/Q3328583,music of Algeria,
http://www.wikidata.org/entity/Q105627377,progressive jazz,http://www.wikidata.org/entity/Q8341,jazz,
http://www.wikidata.org/entity/Q105627377,progressive jazz,http://www.wikidata.org/entity/Q7248857,progressive music,
http://www.wikidata.org/entity/Q105635535,Östergötland folk,http://www.wikidata.org/entity/Q846784,music of Sweden,
http://www.wikidata.org/entity/Q105635535,Östergötland folk,http://www.wikidata.org/entity/Q7654953,Swedish folk music,
http://www.wikidata.org/entity/Q105636937,experimental techno,http://www.wikidata.org/entity/Q170611,techno,
http://www.wikidata.org/entity/Q105636937,experimental techno,http://www.wikidata.org/entity/Q110527222,experimental club music,
http://www.wikidata.org/entity/Q105636940,leftfield house,http://www.wikidata.org/entity/Q20502,house music,
http://www.wikidata.org/entity/Q105636940,leftfield house,http://www.wikidata.org/entity/Q65937906,leftfield electronic,
http://www.wikidata.org/entity/Q105637106,clubjazz,http://www.wikidata.org/entity/Q105527,jazz fusion,
http://www.wikidata.org/entity/Q105637106,clubjazz,http://www.wikidata.org/entity/Q11787389,club/dance music,
http://www.wikidata.org/entity/Q105637110,jazz house,http://www.wikidata.org/entity/Q20502,house music,
http://www.wikidata.org/entity/Q105637114,deep funk revival,http://www.wikidata.org/entity/Q850412,contemporary R&B,
http://www.wikidata.org/entity/Q105637114,deep funk revival,http://www.wikidata.org/entity/Q1182371,deep funk,
http://www.wikidata.org/entity/Q105637123,leftfield hip hop,http://www.wikidata.org/entity/Q438503,alternative hip-hop,
http://www.wikidata.org/entity/Q105657448,Belarusian folk music,http://www.wikidata.org/entity/Q2347119,music of Belarus,
http://www.wikidata.org/entity/Q105657448,Belarusian folk music,http://www.wikidata.org/entity/Q16679594,Slavic folk music,
http://www.wikidata.org/entity/Q105672644,electro-jazz,http://www.wikidata.org/entity/Q105527,jazz fusion,
http://www.wikidata.org/entity/Q105672644,electro-jazz,http://www.wikidata.org/entity/Q851213,electronic dance music,
http://www.wikidata.org/entity/Q105697765,impressionist music,http://www.wikidata.org/entity/Q65937946,modern classical music,
http://www.wikidata.org/entity/Q105697818,neoromantic music,http://www.wikidata.org/entity/Q612024,contemporary classical music,
http://www.wikidata.org/entity/Q105697907,swingbeat,http://www.wikidata.org/entity/Q850412,contemporary R&B,
http://www.wikidata.org/entity/Q105756581,big band music,http://www.wikidata.org/entity/Q8341,jazz,
http://www.wikidata.org/entity/Q105757139,dansband music,http://www.wikidata.org/entity/Q37073,pop music,
http://www.wikidata.org/entity/Q105757139,dansband music,http://www.wikidata.org/entity/Q26302245,music of the Nordic countries,
http://www.wikidata.org/entity/Q105763581,experimental electronic music,http://www.wikidata.org/entity/Q9778,electronic music,
http://www.wikidata.org/entity/Q105763581,experimental electronic music,http://www.wikidata.org/entity/Q1640319,experimental music,
http://www.wikidata.org/entity/Q105883401,takamba,http://www.wikidata.org/entity/Q98530850,Tuareg music,
http://www.wikidata.org/entity/Q105897737,Mexican American music,http://www.wikidata.org/entity/Q727781,music of Latin America,
http://www.wikidata.org/entity/Q105897737,Mexican American music,http://www.wikidata.org/entity/Q2267955,music of the United States,
http://www.wikidata.org/entity/Q105962378,Edo funk,http://www.wikidata.org/entity/Q2738838,music of Nigeria,
http://www.wikidata.org/entity/Q105993236,radio music,http://www.wikidata.org/entity/Q107021951,score,
http://www.wikidata.org/entity/Q106013762,vocal romance,http://www.wikidata.org/entity/Q599510,romance,
http://www.wikidata.org/entity/Q106013767,instrumental romance,http://www.wikidata.org/entity/Q599510,romance,
http://www.wikidata.org/entity/Q106015533,wedding music,http://www.wikidata.org/entity/Q122149755,event music,
http://www.wikidata.org/entity/Q106085531,black gospel music,http://www.wikidata.org/entity/Q180268,gospel music,
http://www.wikidata.org/entity/Q106085531,black gospel music,http://www.wikidata.org/entity/Q388207,African-American music,
http://www.wikidata.org/entity/Q11881224,Marrabenta rap,http://www.wikidata.org/entity/Q1786724,marrabenta,
http://www.wikidata.org/entity/Q11882045,melodic trance,http://www.wikidata.org/entity/Q2260696,progressive trance,
http://www.wikidata.org/entity/Q11885649,opera metal,http://www.wikidata.org/entity/Q486415,symphonic metal,
http://www.wikidata.org/entity/Q11888699,Porirock,http://www.wikidata.org/entity/Q11399,rock music,
http://www.wikidata.org/entity/Q11888699,Porirock,http://www.wikidata.org/entity/Q1417976,music of Finland,
http://www.wikidata.org/entity/Q11889707,ragga metal,http://www.wikidata.org/entity/Q12326776,metal music,
http://www.wikidata.org/entity/Q11890008,ramopunk,http://www.wikidata.org/entity/Q487914,pop-punk,1970-01-01T00:00:00Z
http://www.wikidata.org/entity/Q11894761,Finnish folk music,http://www.wikidata.org/entity/Q1417976,music of Finland,
http://www.wikidata.org/entity/Q11894761,Finnish folk music,http://www.wikidata.org/entity/Q7050752,Nordic folk music,
http://www.wikidata.org/entity/Q11894761,Finnish folk music,http://www.wikidata.org/entity/Q107686154,Balto-Finnic folk music,
http://www.wikidata.org/entity/Q11899500,underground metal,http://www.wikidata.org/entity/Q1373485,underground music,
http://www.wikidata.org/entity/Q11899500,underground metal,http://www.wikidata.org/entity/Q12326776,metal music,
http://www.wikidata.org/entity/Q11901983,Fjord jazz,http://www.wikidata.org/entity/Q8341,jazz,
http://www.wikidata.org/entity/Q11911994,cant d'albades,http://www.wikidata.org/entity/Q11911997,canto valenciano,
http://www.wikidata.org/entity/Q11911997,canto valenciano,http://www.wikidata.org/entity/Q131195966,Valencian folk music,
http://www.wikidata.org/entity/Q11922159,Catalan flamenco,http://www.wikidata.org/entity/Q9764,flamenco,
http://www.wikidata.org/entity/Q11938279,Grallers,http://www.wikidata.org/entity/Q20102359,Catalan traditional folk music,
http://www.wikidata.org/entity/Q11938280,Uyghur music,http://www.wikidata.org/entity/Q2498201,music of Russia,
http://www.wikidata.org/entity/Q11938280,Uyghur music,http://www.wikidata.org/entity/Q6942044,music of Central Asia,
http://www.wikidata.org/entity/Q11938280,Uyghur music,http://www.wikidata.org/entity/Q107524184,Turkic music,
http://www.wikidata.org/entity/Q11947763,sardana obligada,http://www.wikidata.org/entity/Q1413570,sardana,
http://www.wikidata.org/entity/Q11964168,crabcore,http://www.wikidata.org/entity/Q2084353,electronicore,
http://www.wikidata.org/entity/Q11971516,gammeldansmusikk,http://www.wikidata.org/entity/Q7050752,Nordic folk music,
http://www.wikidata.org/entity/Q11971516,gammeldansmusikk,http://www.wikidata.org/entity/Q118738993,folk dance music,
http://www.wikidata.org/entity/Q11974316,hardcore,http://www.wikidata.org/entity/Q373342,popular music,
http://www.wikidata.org/entity/Q11989328,medieval ballad,http://www.wikidata.org/entity/Q163775,medieval music,
http://www.wikidata.org/entity/Q11989328,medieval ballad,http://www.wikidata.org/entity/Q116690343,ballad,
http://www.wikidata.org/entity/Q11992449,Norwegian folk music,http://www.wikidata.org/entity/Q833189,music of Norway,
http://www.wikidata.org/entity/Q11992449,Norwegian folk music,http://www.wikidata.org/entity/Q7050752,Nordic folk music,
http://www.wikidata.org/entity/Q11992876,Norwegian new wave,http://www.wikidata.org/entity/Q187760,new wave,
http://www.wikidata.org/entity/Q12001523,slåtterim,http://www.wikidata.org/entity/Q12010046,Norwegian vocal folk music,
http://www.wikidata.org/entity/Q12007812,trønder rock,http://www.wikidata.org/entity/Q186472,folk rock,
http://www.wikidata.org/entity/Q12010046,Norwegian vocal folk music,http://www.wikidata.org/entity/Q11992449,Norwegian folk music,
http://www.wikidata.org/entity/Q12018477,grungecore,http://www.wikidata.org/entity/Q11365,grunge,
http://www.wikidata.org/entity/Q12037719,minimal glitch,http://www.wikidata.org/entity/Q1100989,glitch,
http://www.wikidata.org/entity/Q12042106,oceanic glitch,http://www.wikidata.org/entity/Q1100989,glitch,
http://www.wikidata.org/entity/Q12046406,contemporary popular music,http://www.wikidata.org/entity/Q373342,popular music,
http://www.wikidata.org/entity/Q12090507,volochebni song,http://www.wikidata.org/entity/Q16682190,Slavic rite song,
http://www.wikidata.org/entity/Q12105422,magic rhyme,http://www.wikidata.org/entity/Q1123037,nursery rhyme,
http://www.wikidata.org/entity/Q12115862,Kupala song,http://www.wikidata.org/entity/Q16682190,Slavic rite song,
http://www.wikidata.org/entity/Q12132442,traditional folk instrumental music,http://www.wikidata.org/entity/Q235858,traditional folk music,
http://www.wikidata.org/entity/Q12132442,traditional folk instrumental music,http://www.wikidata.org/entity/Q639197,instrumental music,
http://www.wikidata.org/entity/Q12138989,part concerto,http://www.wikidata.org/entity/Q9748,concerto,
http://www.wikidata.org/entity/Q12138989,part concerto,http://www.wikidata.org/entity/Q2574657,part song,
http://www.wikidata.org/entity/Q12138990,part motet,http://www.wikidata.org/entity/Q188285,motet,
http://www.wikidata.org/entity/Q12138990,part motet,http://www.wikidata.org/entity/Q2574657,part song,
http://www.wikidata.org/entity/Q12149338,rusalka song,http://www.wikidata.org/entity/Q16682190,Slavic rite song,
http://www.wikidata.org/entity/Q12168212,tsarynni song,http://www.wikidata.org/entity/Q16682190,Slavic rite song,
http://www.wikidata.org/entity/Q12183214,minimal music,http://www.wikidata.org/entity/Q1640319,experimental music,
http://www.wikidata.org/entity/Q12193614,Iraqi maqam,http://www.wikidata.org/entity/Q3328692,music of Iraq,
http://www.wikidata.org/entity/Q12193614,Iraqi maqam,http://www.wikidata.org/entity/Q107189715,Arabic classical music,
http://www.wikidata.org/entity/Q12199824,picopop,http://www.wikidata.org/entity/Q1207347,Shibuya-kei,
http://www.wikidata.org/entity/Q12200830,progressive electronic dance music,http://www.wikidata.org/entity/Q851213,electronic dance music,1990-01-01T00:00:00Z
http://www.wikidata.org/entity/Q12219430,sheilat,http://www.wikidata.org/entity/Q3328758,music of Saudi Arabia,
http://www.wikidata.org/entity/Q12219430,sheilat,http://www.wikidata.org/entity/Q4879372,Bedouin music,
http://www.wikidata.org/entity/Q12228855,al-ayyalah,http://www.wikidata.org/entity/Q585588,Khaliji,
http://www.wikidata.org/entity/Q12228855,al-ayyalah,http://www.wikidata.org/entity/Q4879372,Bedouin music,
http://www.wikidata.org/entity/Q12228855,al-ayyalah,http://www.wikidata.org/entity/Q98528189,Arabic folk music,
http://www.wikidata.org/entity/Q12228855,al-ayyalah,http://www.wikidata.org/entity/Q106635221,West Asian folk music,
http://www.wikidata.org/entity/Q12255350,Biscayan jota,http://www.wikidata.org/entity/Q252626,jota,
http://www.wikidata.org/entity/Q12257561,euskal kantagintza berria,http://www.wikidata.org/entity/Q89363113,singer-songwriter music,
http://www.wikidata.org/entity/Q12274232,Bulgarian folk music,http://www.wikidata.org/entity/Q1003981,music of Bulgaria,
http://www.wikidata.org/entity/Q12274232,Bulgarian folk music,http://www.wikidata.org/entity/Q6966089,Balkan folk music,
http://www.wikidata.org/entity/Q12274232,Bulgarian folk music,http://www.wikidata.org/entity/Q16679594,Slavic folk music,
http://www.wikidata.org/entity/Q12274240,Bulgarian rock music,http://www.wikidata.org/entity/Q1003981,music of Bulgaria,
http://www.wikidata.org/entity/Q12274240,Bulgarian rock music,http://www.wikidata.org/entity/Q11345973,Eurorock,
http://www.wikidata.org/entity/Q12274257,Bulgarian church music,http://www.wikidata.org/entity/Q1003981,music of Bulgaria,
http://www.wikidata.org/entity/Q12274257,Bulgarian church music,http://www.wikidata.org/entity/Q8812109,church music,
http://www.wikidata.org/entity/Q12274303,Bulgarian folk song,http://www.wikidata.org/entity/Q12274232,Bulgarian folk music,
http://www.wikidata.org/entity/Q12288044,Nedelinski dvuglas,http://www.wikidata.org/entity/Q12274232,Bulgarian folk music,
http://www.wikidata.org/entity/Q12300621,Advent song,http://www.wikidata.org/entity/Q856713,Christian hymn,
http://www.wikidata.org/entity/Q12300621,Advent song,http://www.wikidata.org/entity/Q122149755,event music,
http://www.wikidata.org/entity/Q12302979,battle rap,http://www.wikidata.org/entity/Q6010,rapping,1980-01-01T00:00:00Z
http://www.wikidata.org/entity/Q12302979,battle rap,http://www.wikidata.org/entity/Q11401,hip-hop,1980-01-01T00:00:00Z
http://www.wikidata.org/entity/Q12304885,børnerock,http://www.wikidata.org/entity/Q11399,rock music,1979-01-01T00:00:00Z
http://www.wikidata.org/entity/Q12307741,dansktop,http://www.wikidata.org/entity/Q37073,pop music,1968-01-01T00:00:00Z
http://www.wikidata.org/entity/Q12307741,dansktop,http://www.wikidata.org/entity/Q2449418,music of Denmark,1968-01-01T00:00:00Z
http://www.wikidata.org/entity/Q12322550,compositional music,http://www.wikidata.org/entity/Q9730,classical music,
http://www.wikidata.org/entity/Q12326776,metal music,http://www.wikidata.org/entity/Q11399,rock music,1970-01-01T00:00:00Z
http://www.wikidata.org/entity/Q12338005,Swedish vise,http://www.wikidata.org/entity/Q846784,music of Sweden,
http://www.wikidata.org/entity/Q12338005,Swedish vise,http://www.wikidata.org/entity/Q3482281,visa,
http://www.wikidata.org/entity/Q12984444,Tulsi,http://www.wikidata.org/entity/Q17070502,music of Tamil Nadu,
http://www.wikidata.org/entity/Q13016974,Piphat in twelve languages,http://www.wikidata.org/entity/Q478176,piphat,
http://www.wikidata.org/entity/Q13018408,fon leb,http://www.wikidata.org/entity/Q13025600,Thai classical music,
http://www.wikidata.org/entity/Q13018408,fon leb,http://www.wikidata.org/entity/Q106928658,Thai folk music,
http://www.wikidata.org/entity/Q13025595,e-saew song,http://www.wikidata.org/entity/Q106928658,Thai folk music,
http://www.wikidata.org/entity/Q13025600,Thai classical music,http://www.wikidata.org/entity/Q867306,music of Thailand,
http://www.wikidata.org/entity/Q13025600,Thai classical music,http://www.wikidata.org/entity/Q106586998,Southeast Asian classical music,
http://www.wikidata.org/entity/Q13034199,Afrikaans music,http://www.wikidata.org/entity/Q98528232,music of Southern Africa,
http://www.wikidata.org/entity/Q13034229,alternative Afrikaans music,http://www.wikidata.org/entity/Q13034199,Afrikaans music,
http://www.wikidata.org/entity/Q13053792,Horovel,http://www.wikidata.org/entity/Q4069711,Armenian folk music,
http://www.wikidata.org/entity/Q13057711,Mass song,http://www.wikidata.org/entity/Q3349675,music of Bengal,
http://www.wikidata.org/entity/Q13058900,baul gaan,http://www.wikidata.org/entity/Q3328593,music of Bangladesh,
http://www.wikidata.org/entity/Q13058900,baul gaan,http://www.wikidata.org/entity/Q108297196,Bengali folk music,
http://www.wikidata.org/entity/Q13059993,Sari gan,http://www.wikidata.org/entity/Q235858,traditional folk music,
http://www.wikidata.org/entity/Q13059993,Sari gan,http://www.wikidata.org/entity/Q3328593,music of Bangladesh,
http://www.wikidata.org/entity/Q13060093,Sufi rock,http://www.wikidata.org/entity/Q11399,rock music,1992-01-01T00:00:00Z
http://www.wikidata.org/entity/Q13060093,Sufi rock,http://www.wikidata.org/entity/Q1755959,Sufi music,1992-01-01T00:00:00Z
http://www.wikidata.org/entity/Q13060093,Sufi rock,http://www.wikidata.org/entity/Q98528267,music of South Asia,1992-01-01T00:00:00Z
http://www.wikidata.org/entity/Q13093595,Jaranan Buto,http://www.wikidata.org/entity/Q3181943,kuda kepang,
http://www.wikidata.org/entity/Q13095033,megatruh,http://www.wikidata.org/entity/Q20587253,tembang tengahan,
http://www.wikidata.org/entity/Q13095109,mijil,http://www.wikidata.org/entity/Q6165240,tembang macapat,
http://www.wikidata.org/entity/Q13095730,pangkur,http://www.wikidata.org/entity/Q6165240,tembang macapat,
http://www.wikidata.org/entity/Q13096243,pocung,http://www.wikidata.org/entity/Q6165240,tembang macapat,
http://www.wikidata.org/entity/Q13097848,tembang gedhe,http://www.wikidata.org/entity/Q12520649,tembang,
http://www.wikidata.org/entity/Q13097850,tembang dolanan,http://www.wikidata.org/entity/Q12520649,tembang,
http://www.wikidata.org/entity/Q13097854,tembang bocah,http://www.wikidata.org/entity/Q12520649,tembang,
http://www.wikidata.org/entity/Q13097856,tembang kabangsan,http://www.wikidata.org/entity/Q12520649,tembang,
http://www.wikidata.org/entity/Q13098544,wirangrong,http://www.wikidata.org/entity/Q20587253,tembang tengahan,
http://www.wikidata.org/entity/Q13164291,red music,http://www.wikidata.org/entity/Q627181,industrial folk music,
http://www.wikidata.org/entity/Q13164291,red music,http://www.wikidata.org/entity/Q17058526,political music in China,
http://www.wikidata.org/entity/Q13170510,Kyrgyz folk music,http://www.wikidata.org/entity/Q235858,traditional folk music,
http://www.wikidata.org/entity/Q13170510,Kyrgyz folk music,http://www.wikidata.org/entity/Q20627595,Kyrgyz music,
http://www.wikidata.org/entity/Q13198732,Beluk,http://www.wikidata.org/entity/Q685884,vocal music,
http://www.wikidata.org/entity/Q13198732,Beluk,http://www.wikidata.org/entity/Q4117103,music of Sudan,
http://www.wikidata.org/entity/Q13199814,maskumambang,http://www.wikidata.org/entity/Q6165240,tembang macapat,
http://www.wikidata.org/entity/Q13200231,Rampak Kendang,http://www.wikidata.org/entity/Q1210921,music of Indonesia,
http://www.wikidata.org/entity/Q13200231,Rampak Kendang,http://www.wikidata.org/entity/Q106586999,Southeast Asian folk music,
http://www.wikidata.org/entity/Q13409536,pantomime,http://www.wikidata.org/entity/Q1370345,musical theater,
http://www.wikidata.org/entity/Q13409536,pantomime,http://www.wikidata.org/entity/Q7777494,theatre music,
http://www.wikidata.org/entity/Q13424679,red and anarchist black metal,http://www.wikidata.org/entity/Q132438,black metal,
http://www.wikidata.org/entity/Q13580383,isolationism,http://www.wikidata.org/entity/Q756956,dark ambient,
http://www.wikidata.org/entity/Q13586773,war metal,http://www.wikidata.org/entity/Q132438,black metal,1989-01-01T00:00:00Z
http://www.wikidata.org/entity/Q13627677,psychobilly,http://www.wikidata.org/entity/Q3071,punk rock,1978-01-01T00:00:00Z
http://www.wikidata.org/entity/Q13627677,psychobilly,http://www.wikidata.org/entity/Q203720,rockabilly,1978-01-01T00:00:00Z
http://www.wikidata.org/entity/Q13627677,psychobilly,http://www.wikidata.org/entity/Q211573,garage rock,1978-01-01T00:00:00Z
http://www.wikidata.org/entity/Q13634037,samba-jazz,http://www.wikidata.org/entity/Q8341,jazz,
http://www.wikidata.org/entity/Q13634037,samba-jazz,http://www.wikidata.org/entity/Q11403,samba,
http://www.wikidata.org/entity/Q13646229,gothic music,http://www.wikidata.org/entity/Q1695023,alternative music,
http://www.wikidata.org/entity/Q13866613,music of Kurdistan,http://www.wikidata.org/entity/Q106506985,music of the Caucasus,
http://www.wikidata.org/entity/Q14390274,tango,http://www.wikidata.org/entity/Q316930,dance music,
http://www.wikidata.org/entity/Q14390274,tango,http://www.wikidata.org/entity/Q727781,music of Latin America,
http://www.wikidata.org/entity/Q14390274,tango,http://www.wikidata.org/entity/Q18345375,Latin music,
http://www.wikidata.org/entity/Q14493900,Texas country music,http://www.wikidata.org/entity/Q83440,country music,1968-01-01T00:00:00Z
http://www.wikidata.org/entity/Q14546558,neo-bop jazz,http://www.wikidata.org/entity/Q181010,hard bop,1985-01-01T00:00:00Z
http://www.wikidata.org/entity/Q14942341,R'n'Besk,http://www.wikidata.org/entity/Q623824,arabesque,
http://www.wikidata.org/entity/Q15042720,copla,http://www.wikidata.org/entity/Q9048257,Spanish folk music,
http://www.wikidata.org/entity/Q15056301,yayue,http://www.wikidata.org/entity/Q15614479,East Asian court ceremonial music,
http://www.wikidata.org/entity/Q15056301,yayue,http://www.wikidata.org/entity/Q106634987,Chinese classical music,
http://www.wikidata.org/entity/Q15077165,sinfonietta,http://www.wikidata.org/entity/Q9734,symphony,
http://www.wikidata.org/entity/Q15077373,Neues Geistliches Lied,http://www.wikidata.org/entity/Q37073,pop music,1962-01-01T00:00:00Z
http://www.wikidata.org/entity/Q15077373,Neues Geistliches Lied,http://www.wikidata.org/entity/Q856713,Christian hymn,1962-01-01T00:00:00Z
http://www.wikidata.org/entity/Q15084768,love metal,http://www.wikidata.org/entity/Q178145,gothic metal,
http://www.wikidata.org/entity/Q15141477,proto-metal,http://www.wikidata.org/entity/Q83270,hard rock,1966-01-01T00:00:00Z
http://www.wikidata.org/entity/Q15141477,proto-metal,http://www.wikidata.org/entity/Q193355,blues rock,1966-01-01T00:00:00Z
http://www.wikidata.org/entity/Q15141477,proto-metal,http://www.wikidata.org/entity/Q944465,jazz rock,1966-01-01T00:00:00Z
http://www.wikidata.org/entity/Q15141477,proto-metal,http://www.wikidata.org/entity/Q12326776,metal music,1966-01-01T00:00:00Z
http://www.wikidata.org/entity/Q15256913,Chuvash music,http://www.wikidata.org/entity/Q2498201,music of Russia,
http://www.wikidata.org/entity/Q15300817,big room house,http://www.wikidata.org/entity/Q20502,house music,2009-01-01T00:00:00Z
http://www.wikidata.org/entity/Q15356546,Hakkapop,http://www.wikidata.org/entity/Q37073,pop music,
http://www.wikidata.org/entity/Q15356546,Hakkapop,http://www.wikidata.org/entity/Q11064735,Hakka music,
http://www.wikidata.org/entity/Q15357587,early dancehall,http://www.wikidata.org/entity/Q9794,reggae,1978-01-01T00:00:00Z
http://www.wikidata.org/entity/Q15357632,early ragga,http://www.wikidata.org/entity/Q740911,ragga,1985-01-01T00:00:00Z
http://www.wikidata.org/entity/Q15362491,moresca,http://www.wikidata.org/entity/Q685884,vocal music,
http://www.wikidata.org/entity/Q15410867,Nazrul Geeti,http://www.wikidata.org/entity/Q3349675,music of Bengal,
http://www.wikidata.org/entity/Q15425371,Bordun music,http://www.wikidata.org/entity/Q235858,traditional folk music,
http://www.wikidata.org/entity/Q15614479,East Asian court ceremonial music,http://www.wikidata.org/entity/Q3868595,music of East Asia,
http://www.wikidata.org/entity/Q15614479,East Asian court ceremonial music,http://www.wikidata.org/entity/Q106586249,East Asian classical music,
http://www.wikidata.org/entity/Q15629158,medieval metal,http://www.wikidata.org/entity/Q484179,folk metal,1995-01-01T00:00:00Z
http://www.wikidata.org/entity/Q15635882,takmak,http://www.wikidata.org/entity/Q15256913,Chuvash music,
http://www.wikidata.org/entity/Q15635882,takmak,http://www.wikidata.org/entity/Q98528287,Turkic-Mongolic music,
http://www.wikidata.org/entity/Q15635882,takmak,http://www.wikidata.org/entity/Q106626655,Tatar music,
http://www.wikidata.org/entity/Q15635882,takmak,http://www.wikidata.org/entity/Q106642120,Bashkir folk music,
http://www.wikidata.org/entity/Q15697534,drill,http://www.wikidata.org/entity/Q11401,hip-hop,2010-01-01T00:00:00Z
http://www.wikidata.org/entity/Q15697534,drill,http://www.wikidata.org/entity/Q114880124,US bass music,2010-01-01T00:00:00Z
http://www.wikidata.org/entity/Q1451799,Frauenlied,http://www.wikidata.org/entity/Q216860,Lied,
http://www.wikidata.org/entity/Q1452181,murga,http://www.wikidata.org/entity/Q1370345,musical theater,
http://www.wikidata.org/entity/Q1452181,murga,http://www.wikidata.org/entity/Q107033384,holiday music,
http://www.wikidata.org/entity/Q1452181,murga,http://www.wikidata.org/entity/Q107718509,Hispanic music,
http://www.wikidata.org/entity/Q1452401,għana,http://www.wikidata.org/entity/Q98528192,European folk music,
http://www.wikidata.org/entity/Q1455292,French house,http://www.wikidata.org/entity/Q20502,house music,1995-01-01T00:00:00Z
http://www.wikidata.org/entity/Q1455487,Frenchcore,http://www.wikidata.org/entity/Q388906,hardcore,1997-01-01T00:00:00Z
http://www.wikidata.org/entity/Q1455932,frevo,http://www.wikidata.org/entity/Q899215,music of Brazil,
http://www.wikidata.org/entity/Q1455932,frevo,http://www.wikidata.org/entity/Q114239322,carnival music,
http://www.wikidata.org/entity/Q1457545,pagan metal,http://www.wikidata.org/entity/Q465978,extreme metal,1990-01-01T00:00:00Z
http://www.wikidata.org/entity/Q1457545,pagan metal,http://www.wikidata.org/entity/Q65047322,modern pagan music,1990-01-01T00:00:00Z
http://www.wikidata.org/entity/Q1457753,pìobaireachd,http://www.wikidata.org/entity/Q1048469,music of Scotland,
http://www.wikidata.org/entity/Q1457753,pìobaireachd,http://www.wikidata.org/entity/Q1583807,art music,
http://www.wikidata.org/entity/Q1460303,funkstep,http://www.wikidata.org/entity/Q9364028,UK funky,2012-01-01T00:00:00Z
http://www.wikidata.org/entity/Q1460303,funkstep,http://www.wikidata.org/entity/Q114880130,bass music (EDM),2012-01-01T00:00:00Z
http://www.wikidata.org/entity/Q1464124,concert waltz,http://www.wikidata.org/entity/Q8701407,waltz,
http://www.wikidata.org/entity/Q1465419,music of Greece,http://www.wikidata.org/entity/Q3211884,music of the Balkans,
http://www.wikidata.org/entity/Q1465419,music of Greece,http://www.wikidata.org/entity/Q106508039,music of Southern Europe,
http://www.wikidata.org/entity/Q1468751,parody mass,http://www.wikidata.org/entity/Q217295,mass,
http://www.wikidata.org/entity/Q1470503,semba,http://www.wikidata.org/entity/Q98528185,African folk music,1950-01-01T00:00:00Z
http://www.wikidata.org/entity/Q1470503,semba,http://www.wikidata.org/entity/Q106588687,music of Central Africa,1950-01-01T00:00:00Z
http://www.wikidata.org/entity/Q1472271,pastoral,http://www.wikidata.org/entity/Q316930,dance music,
http://www.wikidata.org/entity/Q1472271,pastoral,http://www.wikidata.org/entity/Q639197,instrumental music,
http://www.wikidata.org/entity/Q1474372,mugham,http://www.wikidata.org/entity/Q724104,music of Azerbaijan,
http://www.wikidata.org/entity/Q1474372,mugham,http://www.wikidata.org/entity/Q98528260,maqāmic music,
http://www.wikidata.org/entity/Q1477428,M-Base,http://www.wikidata.org/entity/Q211781,free jazz,1985-01-01T00:00:00Z
http://www.wikidata.org/entity/Q1482325,Islamic music,http://www.wikidata.org/entity/Q1065742,religious music,
http://www.wikidata.org/entity/Q1484821,Brazilian classical music,http://www.wikidata.org/entity/Q899215,music of Brazil,
http://www.wikidata.org/entity/Q1484821,Brazilian classical music,http://www.wikidata.org/entity/Q109326663,Latin American classical music,
http://www.wikidata.org/entity/Q1490170,slowcore,http://www.wikidata.org/entity/Q183504,indie rock,1993-01-01T00:00:00Z
http://www.wikidata.org/entity/Q1492977,Gambian hip hop,http://www.wikidata.org/entity/Q387236,African hip-hop,
http://www.wikidata.org/entity/Q1492977,Gambian hip hop,http://www.wikidata.org/entity/Q1955000,music of the Gambia,
http://www.wikidata.org/entity/Q1493069,gamelan gong kebyar,http://www.wikidata.org/entity/Q11210968,Gamelan Bali,1915-01-01T00:00:00Z
http://www.wikidata.org/entity/Q1493531,German gangsta rap,http://www.wikidata.org/entity/Q454071,German hip-hop,
http://www.wikidata.org/entity/Q1493531,German gangsta rap,http://www.wikidata.org/entity/Q753679,gangsta rap,
http://www.wikidata.org/entity/Q1499262,yellow music,http://www.wikidata.org/entity/Q1156957,music of Vietnam,
http://www.wikidata.org/entity/Q1499839,lundu,http://www.wikidata.org/entity/Q106926325,Brazilian folk music,
http://www.wikidata.org/entity/Q1500364,psychedelic folk,http://www.wikidata.org/entity/Q846119,psychedelic music,1965-01-01T00:00:00Z
http://www.wikidata.org/entity/Q1500364,psychedelic folk,http://www.wikidata.org/entity/Q106298881,contemporary folk music,1965-01-01T00:00:00Z
http://www.wikidata.org/entity/Q1503406,music of the Middle East,http://www.wikidata.org/entity/Q525073,music of Asia,
http://www.wikidata.org/entity/Q1503406,music of the Middle East,http://www.wikidata.org/entity/Q11400811,music of North Africa,
http://www.wikidata.org/entity/Q1515757,jump blues,http://www.wikidata.org/entity/Q9759,blues,1938-01-01T00:00:00Z
http://www.wikidata.org/entity/Q1518063,Ottoman classical music,http://www.wikidata.org/entity/Q1074080,music of Turkey,
http://www.wikidata.org/entity/Q1518063,Ottoman classical music,http://www.wikidata.org/entity/Q98528260,maqāmic music,
http://www.wikidata.org/entity/Q1519864,sung poetry,http://www.wikidata.org/entity/Q89363113,singer-songwriter music,
http://www.wikidata.org/entity/Q1519864,sung poetry,http://www.wikidata.org/entity/Q97375316,poetry song,
http://www.wikidata.org/entity/Q1521688,ghettotech,http://www.wikidata.org/entity/Q2748817,ghetto house,1994-01-01T00:00:00Z
http://www.wikidata.org/entity/Q1521688,ghettotech,http://www.wikidata.org/entity/Q114880124,US bass music,1994-01-01T00:00:00Z
http://www.wikidata.org/entity/Q1522794,music of Yugoslavia,http://www.wikidata.org/entity/Q3211884,music of the Balkans,
http://www.wikidata.org/entity/Q1524033,free tekno,http://www.wikidata.org/entity/Q898709,rave music,1993-01-01T00:00:00Z
http://www.wikidata.org/entity/Q1524033,free tekno,http://www.wikidata.org/entity/Q3084222,hard techno,1993-01-01T00:00:00Z
http://www.wikidata.org/entity/Q1524296,Neue Volksmusik,http://www.wikidata.org/entity/Q2743758,music of Germany,
http://www.wikidata.org/entity/Q1524296,Neue Volksmusik,http://www.wikidata.org/entity/Q3328681,popular folk music,
http://www.wikidata.org/entity/Q1530455,vocal jazz,http://www.wikidata.org/entity/Q8341,jazz,1930-01-01T00:00:00Z
http://www.wikidata.org/entity/Q1530455,vocal jazz,http://www.wikidata.org/entity/Q685884,vocal music,1930-01-01T00:00:00Z
http://www.wikidata.org/entity/Q1534821,golden age hip-hop,http://www.wikidata.org/entity/Q11401,hip-hop,
http://www.wikidata.org/entity/Q1537056,light music,http://www.wikidata.org/entity/Q9730,classical music,1850-01-01T00:00:00Z
http://www.wikidata.org/entity/Q1538765,gothabilly,http://www.wikidata.org/entity/Q13627677,psychobilly,
http://www.wikidata.org/entity/Q1538765,gothabilly,http://www.wikidata.org/entity/Q13646229,gothic music,
http://www.wikidata.org/entity/Q1538805,gothic punk,http://www.wikidata.org/entity/Q3071,punk rock,1978-01-01T00:00:00Z
http://www.wikidata.org/entity/Q1538805,gothic punk,http://www.wikidata.org/entity/Q485395,gothic rock,1978-01-01T00:00:00Z
http://www.wikidata.org/entity/Q1540495,puirt à beul,http://www.wikidata.org/entity/Q685884,vocal music,
http://www.wikidata.org/entity/Q1541229,American folk music,http://www.wikidata.org/entity/Q235858,traditional folk music,
http://www.wikidata.org/entity/Q1541229,American folk music,http://www.wikidata.org/entity/Q2267955,music of the United States,
http://www.wikidata.org/entity/Q1544863,music of Cuba,http://www.wikidata.org/entity/Q727781,music of Latin America,
http://www.wikidata.org/entity/Q1544863,music of Cuba,http://www.wikidata.org/entity/Q108151792,music of the Greater Antilles,
http://www.wikidata.org/entity/Q1545226,Gregorian pop,http://www.wikidata.org/entity/Q37073,pop music,
http://www.wikidata.org/entity/Q1546028,Philadelphia soul,http://www.wikidata.org/entity/Q131272,soul,
http://www.wikidata.org/entity/Q1547148,bugle call,http://www.wikidata.org/entity/Q108631274,signal music,
http://www.wikidata.org/entity/Q1547998,Rock identitaire français,http://www.wikidata.org/entity/Q11399,rock music,
http://www.wikidata.org/entity/Q1547998,Rock identitaire français,http://www.wikidata.org/entity/Q28146601,political music,
http://www.wikidata.org/entity/Q1547998,Rock identitaire français,http://www.wikidata.org/entity/Q121411631,neo-nazi music,
http://www.wikidata.org/entity/Q1548170,musical comedy,http://www.wikidata.org/entity/Q2743,musical play,
http://www.wikidata.org/entity/Q1548603,West Coast jazz,http://www.wikidata.org/entity/Q8341,jazz,
http://www.wikidata.org/entity/Q1550501,muiñeira,http://www.wikidata.org/entity/Q3327514,Galician folk music,
http://www.wikidata.org/entity/Q1552806,guaracha,http://www.wikidata.org/entity/Q1544863,music of Cuba,
http://www.wikidata.org/entity/Q1564596,taarab,http://www.wikidata.org/entity/Q106586248,music of East Africa,1880-01-01T00:00:00Z
http://www.wikidata.org/entity/Q1564657,Leise,http://www.wikidata.org/entity/Q163775,medieval music,
http://www.wikidata.org/entity/Q1564657,Leise,http://www.wikidata.org/entity/Q856713,Christian hymn,
http://www.wikidata.org/entity/Q1567032,Southern soul,http://www.wikidata.org/entity/Q131272,soul,1957-01-01T00:00:00Z
http://www.wikidata.org/entity/Q1574985,Vallenato,http://www.wikidata.org/entity/Q920883,music of Colombia,1900-01-01T00:00:00Z
http://www.wikidata.org/entity/Q1574985,Vallenato,http://www.wikidata.org/entity/Q3328778,tropical music,1900-01-01T00:00:00Z
http://www.wikidata.org/entity/Q1574985,Vallenato,http://www.wikidata.org/entity/Q3394906,music of the Caribbean,1900-01-01T00:00:00Z
http://www.wikidata.org/entity/Q1574985,Vallenato,http://www.wikidata.org/entity/Q107718539,Hispanic American music,1900-01-01T00:00:00Z
http://www.wikidata.org/entity/Q1585015,hard house,http://www.wikidata.org/entity/Q20502,house music,1992-01-01T00:00:00Z
http://www.wikidata.org/entity/Q1585015,hard house,http://www.wikidata.org/entity/Q1033912,hard dance,1992-01-01T00:00:00Z
http://www.wikidata.org/entity/Q1585075,breakbeat hardcore,http://www.wikidata.org/entity/Q388906,hardcore,1989-01-01T00:00:00Z
http://www.wikidata.org/entity/Q1585075,breakbeat hardcore,http://www.wikidata.org/entity/Q663519,breakbeat,1989-01-01T00:00:00Z
http://www.wikidata.org/entity/Q1585075,breakbeat hardcore,http://www.wikidata.org/entity/Q898709,rave music,1989-01-01T00:00:00Z
http://www.wikidata.org/entity/Q106130091,post-dubstep,http://www.wikidata.org/entity/Q851213,electronic dance music,
http://www.wikidata.org/entity/Q106239244,svatbarskata muzika,http://www.wikidata.org/entity/Q12274232,Bulgarian folk music,1970-01-01T00:00:00Z
http://www.wikidata.org/entity/Q106298881,contemporary folk music,http://www.wikidata.org/entity/Q43343,folk music,1920-01-01T00:00:00Z
http://www.wikidata.org/entity/Q106298881,contemporary folk music,http://www.wikidata.org/entity/Q373342,popular music,1920-01-01T00:00:00Z
http://www.wikidata.org/entity/Q106368518,pandeireteiras,http://www.wikidata.org/entity/Q3327514,Galician folk music,
http://www.wikidata.org/entity/Q106369996,wave,http://www.wikidata.org/entity/Q9778,electronic music,2012-01-01T00:00:00Z
http://www.wikidata.org/entity/Q106388388,hardwave,http://www.wikidata.org/entity/Q106369996,wave,2017-01-01T00:00:00Z
http://www.wikidata.org/entity/Q106388388,hardwave,http://www.wikidata.org/entity/Q114880130,bass music (EDM),2017-01-01T00:00:00Z
http://www.wikidata.org/entity/Q106404229,melodic dubstep,http://www.wikidata.org/entity/Q20474,dubstep,2010-01-01T00:00:00Z
http://www.wikidata.org/entity/Q106404300,minimal drum and bass,http://www.wikidata.org/entity/Q188994,drum and bass,2007-01-01T00:00:00Z
http://www.wikidata.org/entity/Q106422444,bit music,http://www.wikidata.org/entity/Q9778,electronic music,1979-01-01T00:00:00Z
http://www.wikidata.org/entity/Q106423092,tracker music,http://www.wikidata.org/entity/Q2271846,sampler-based music,1987-01-01T00:00:00Z
http://www.wikidata.org/entity/Q106424145,FM synthesis,http://www.wikidata.org/entity/Q1062702,video game music,1986-01-01T00:00:00Z
http://www.wikidata.org/entity/Q106424145,FM synthesis,http://www.wikidata.org/entity/Q106422444,bit music,1986-01-01T00:00:00Z
http://www.wikidata.org/entity/Q106440193,emo trap,http://www.wikidata.org/entity/Q2913982,trap music,
http://www.wikidata.org/entity/Q106440193,emo trap,http://www.wikidata.org/entity/Q12362064,emo rap,
http://www.wikidata.org/entity/Q106477440,low rock,http://www.wikidata.org/entity/Q11399,rock music,
http://www.wikidata.org/entity/Q106477753,midtempo bass,http://www.wikidata.org/entity/Q114880130,bass music (EDM),2011-01-01T00:00:00Z
http://www.wikidata.org/entity/Q106493832,slap house,http://www.wikidata.org/entity/Q20021059,future house,2017-01-01T00:00:00Z
http://www.wikidata.org/entity/Q106493832,slap house,http://www.wikidata.org/entity/Q85748774,Brazilian bass,2017-01-01T00:00:00Z
http://www.wikidata.org/entity/Q106506830,music of Micronesia,http://www.wikidata.org/entity/Q107033785,music of the Pacific Islands,
http://www.wikidata.org/entity/Q106506985,music of the Caucasus,http://www.wikidata.org/entity/Q1503406,music of the Middle East,
http://www.wikidata.org/entity/Q106506985,music of the Caucasus,http://www.wikidata.org/entity/Q108857328,music of Eastern Europe,
http://www.wikidata.org/entity/Q106507381,music of Central Europe,http://www.wikidata.org/entity/Q3328676,music of Europe,
http://www.wikidata.org/entity/Q106507873,music of Western Europe,http://www.wikidata.org/entity/Q3328676,music of Europe,
http://www.wikidata.org/entity/Q106508039,music of Southern Europe,http://www.wikidata.org/entity/Q3328676,music of Europe,
http://www.wikidata.org/entity/Q106508649,Brazilian jazz,http://www.wikidata.org/entity/Q8341,jazz,
http://www.wikidata.org/entity/Q106508649,Brazilian jazz,http://www.wikidata.org/entity/Q899215,music of Brazil,
http://www.wikidata.org/entity/Q106514601,glitch hop (EDM),http://www.wikidata.org/entity/Q851213,electronic dance music,2007-01-01T00:00:00Z
http://www.wikidata.org/entity/Q106520951,bayou funk,http://www.wikidata.org/entity/Q164444,funk,
http://www.wikidata.org/entity/Q106520965,nerdcore techno,http://www.wikidata.org/entity/Q851213,electronic dance music,1994-01-01T00:00:00Z
http://www.wikidata.org/entity/Q106521662,deep techno,http://www.wikidata.org/entity/Q170611,techno,
http://www.wikidata.org/entity/Q106521759,funky breaks,http://www.wikidata.org/entity/Q663519,breakbeat,
http://www.wikidata.org/entity/Q106522080,bleep techno,http://www.wikidata.org/entity/Q170611,techno,1988-01-01T00:00:00Z
http://www.wikidata.org/entity/Q106522098,ballroom,http://www.wikidata.org/entity/Q20502,house music,1989-01-01T00:00:00Z
http://www.wikidata.org/entity/Q106522098,ballroom,http://www.wikidata.org/entity/Q114880124,US bass music,1989-01-01T00:00:00Z
http://www.wikidata.org/entity/Q106522115,swamp pop,http://www.wikidata.org/entity/Q6942158,music of Louisiana,
http://www.wikidata.org/entity/Q106522115,swamp pop,http://www.wikidata.org/entity/Q114907417,early R&B,
http://www.wikidata.org/entity/Q106522190,scouse house,http://www.wikidata.org/entity/Q1585015,hard house,1998-01-01T00:00:00Z
http://www.wikidata.org/entity/Q106522238,techno bass,http://www.wikidata.org/entity/Q217597,electro,1989-01-01T00:00:00Z
http://www.wikidata.org/entity/Q106522238,techno bass,http://www.wikidata.org/entity/Q546206,Miami bass,1989-01-01T00:00:00Z
http://www.wikidata.org/entity/Q106528337,acid,http://www.wikidata.org/entity/Q9778,electronic music,
http://www.wikidata.org/entity/Q106528420,deathstep,http://www.wikidata.org/entity/Q20903,brostep,2010-01-01T00:00:00Z
http://www.wikidata.org/entity/Q106528422,glitch pop,http://www.wikidata.org/entity/Q37073,pop music,1993-01-01T00:00:00Z
http://www.wikidata.org/entity/Q106528422,glitch pop,http://www.wikidata.org/entity/Q325397,indietronica,1993-01-01T00:00:00Z
http://www.wikidata.org/entity/Q106538862,Abkhazian folk music,http://www.wikidata.org/entity/Q2032053,music of Georgia,
http://www.wikidata.org/entity/Q106538862,Abkhazian folk music,http://www.wikidata.org/entity/Q107013350,Caucasian folk music,
http://www.wikidata.org/entity/Q106538881,Aegean islands folk music,http://www.wikidata.org/entity/Q12876995,Greek folk music,
http://www.wikidata.org/entity/Q106544624,eletrobrega,http://www.wikidata.org/entity/Q37073,pop music,2017-01-01T00:00:00Z
http://www.wikidata.org/entity/Q106544624,eletrobrega,http://www.wikidata.org/entity/Q2464314,brega,2017-01-01T00:00:00Z
http://www.wikidata.org/entity/Q106547149,percussive pagodas,http://www.wikidata.org/entity/Q25448883,pagode baiano,
http://www.wikidata.org/entity/Q106547171,funk paulista,http://www.wikidata.org/entity/Q1931130,funk carioca,2013-01-01T00:00:00Z
http://www.wikidata.org/entity/Q106547179,Bahia house,http://www.wikidata.org/entity/Q851213,electronic dance music,
http://www.wikidata.org/entity/Q106547179,Bahia house,http://www.wikidata.org/entity/Q9300201,samba de roda,
http://www.wikidata.org/entity/Q106547262,pisadinha,http://www.wikidata.org/entity/Q10283582,electronic forró,
http://www.wikidata.org/entity/Q106547427,Brazilian rap geek,http://www.wikidata.org/entity/Q1754592,nerdcore,
http://www.wikidata.org/entity/Q106547555,music of Provence,http://www.wikidata.org/entity/Q672134,music of France,
http://www.wikidata.org/entity/Q106556293,Portuguese folk music,http://www.wikidata.org/entity/Q2579987,music of Portugal,
http://www.wikidata.org/entity/Q106556293,Portuguese folk music,http://www.wikidata.org/entity/Q98528192,European folk music,
http://www.wikidata.org/entity/Q106558878,yaraví,http://www.wikidata.org/entity/Q98528197,Hispanic American folk music,
http://www.wikidata.org/entity/Q106559862,shadow rap,http://www.wikidata.org/entity/Q11401,hip-hop,
http://www.wikidata.org/entity/Q106559910,music of Baháʼí Faith,http://www.wikidata.org/entity/Q1065742,religious music,
http://www.wikidata.org/entity/Q106560650,Mexican country,http://www.wikidata.org/entity/Q83440,country music,
http://www.wikidata.org/entity/Q106560650,Mexican country,http://www.wikidata.org/entity/Q3397325,music of Mexico,
http://www.wikidata.org/entity/Q106560659,Mongolian pop,http://www.wikidata.org/entity/Q37073,pop music,
http://www.wikidata.org/entity/Q106560659,Mongolian pop,http://www.wikidata.org/entity/Q3328727,music of Mongolia,
http://www.wikidata.org/entity/Q106560663,reggaeton underground,http://www.wikidata.org/entity/Q202930,reggaeton,
http://www.wikidata.org/entity/Q106560663,reggaeton underground,http://www.wikidata.org/entity/Q500879,reggae en Español,
http://www.wikidata.org/entity/Q106561117,Samoyedic folk music,http://www.wikidata.org/entity/Q235858,traditional folk music,
http://www.wikidata.org/entity/Q106561117,Samoyedic folk music,http://www.wikidata.org/entity/Q2498201,music of Russia,
http://www.wikidata.org/entity/Q106561159,Flemish folk music,http://www.wikidata.org/entity/Q3328678,Flemish music,
http://www.wikidata.org/entity/Q106561159,Flemish folk music,http://www.wikidata.org/entity/Q98528192,European folk music,
http://www.wikidata.org/entity/Q106561868,countrypolitan,http://www.wikidata.org/entity/Q1751782,Nashville sound,
http://www.wikidata.org/entity/Q106561868,countrypolitan,http://www.wikidata.org/entity/Q2280497,country pop,
http://www.wikidata.org/entity/Q106562392,country boogie,http://www.wikidata.org/entity/Q65943778,traditional country music,
http://www.wikidata.org/entity/Q106574871,beatdown,http://www.wikidata.org/entity/Q9778,electronic music,
http://www.wikidata.org/entity/Q106574943,modern electric blues,http://www.wikidata.org/entity/Q640097,electric blues,
http://www.wikidata.org/entity/Q106576127,leftfield pop,http://www.wikidata.org/entity/Q37073,pop music,
http://www.wikidata.org/entity/Q106576141,ghetto club,http://www.wikidata.org/entity/Q851213,electronic dance music,
http://www.wikidata.org/entity/Q106576145,neoclassical music,http://www.wikidata.org/entity/Q65937946,modern classical music,
http://www.wikidata.org/entity/Q106576170,tribal music,http://www.wikidata.org/entity/Q9778,electronic music,
http://www.wikidata.org/entity/Q106576261,bérite club,http://www.wikidata.org/entity/Q106576141,ghetto club,2012-01-01T00:00:00Z
http://www.wikidata.org/entity/Q106577108,hard beat,http://www.wikidata.org/entity/Q1890098,new beat,1989-01-01T00:00:00Z
http://www.wikidata.org/entity/Q106577542,kawaii future bass,http://www.wikidata.org/entity/Q22908553,future bass,2013-01-01T00:00:00Z
http://www.wikidata.org/entity/Q106581470,surf rock,http://www.wikidata.org/entity/Q220830,surf music,1950-01-01T00:00:00Z
http://www.wikidata.org/entity/Q106581679,cobla,http://www.wikidata.org/entity/Q3808055,music of Catalonia,
http://www.wikidata.org/entity/Q106581777,jam band music,http://www.wikidata.org/entity/Q11399,rock music,1968-01-01T00:00:00Z
http://www.wikidata.org/entity/Q106582593,country metal,http://www.wikidata.org/entity/Q38848,heavy metal music,
http://www.wikidata.org/entity/Q106582593,country metal,http://www.wikidata.org/entity/Q613408,country rock,
http://www.wikidata.org/entity/Q106582942,cyberpunk music,http://www.wikidata.org/entity/Q9778,electronic music,
http://www.wikidata.org/entity/Q106583068,dreampunk,http://www.wikidata.org/entity/Q15733887,vaporwave,2014-01-01T00:00:00Z
http://www.wikidata.org/entity/Q106586219,Japanese folk music,http://www.wikidata.org/entity/Q257533,music of Japan,
http://www.wikidata.org/entity/Q106586219,Japanese folk music,http://www.wikidata.org/entity/Q106586250,East Asian folk music,
http://www.wikidata.org/entity/Q106586236,Japanese classical music,http://www.wikidata.org/entity/Q7832297,traditional Japanese music,
http://www.wikidata.org/entity/Q5713112,avanzada,http://www.wikidata.org/entity/Q4381192,music of Paraguay,
http://www.wikidata.org/entity/Q5713112,avanzada,http://www.wikidata.org/entity/Q107718539,Hispanic American music,
http://www.wikidata.org/entity/Q5714628,ayarachi,http://www.wikidata.org/entity/Q109500872,Peruvian folk music,
http://www.wikidata.org/entity/Q5716336,baguala,http://www.wikidata.org/entity/Q492096,Andean music,
http://www.wikidata.org/entity/Q5716953,bakalao,http://www.wikidata.org/entity/Q851213,electronic dance music,
http://www.wikidata.org/entity/Q5717026,Basque ballad,http://www.wikidata.org/entity/Q3328599,Basque music,
http://www.wikidata.org/entity/Q5717026,Basque ballad,http://www.wikidata.org/entity/Q116690343,ballad,
http://www.wikidata.org/entity/Q5724040,beatdown hardcore,http://www.wikidata.org/entity/Q10922,hardcore punk,1988-01-01T00:00:00Z
http://www.wikidata.org/entity/Q5730722,Venezuelan blues,http://www.wikidata.org/entity/Q9759,blues,
http://www.wikidata.org/entity/Q5730722,Venezuelan blues,http://www.wikidata.org/entity/Q2486179,music of Venezuela,
http://www.wikidata.org/entity/Q5731393,bolero moruno,http://www.wikidata.org/entity/Q15830404,bolero,
http://www.wikidata.org/entity/Q5731764,bomba yucateca,http://www.wikidata.org/entity/Q2278063,bomba,
http://www.wikidata.org/entity/Q5731764,bomba yucateca,http://www.wikidata.org/entity/Q108950417,music of Yucatán,
http://www.wikidata.org/entity/Q5747258,canción melódica,http://www.wikidata.org/entity/Q37073,pop music,1930-01-01T00:00:00Z
http://www.wikidata.org/entity/Q5747874,canto a lo poeta,http://www.wikidata.org/entity/Q3889385,music of Chile,
http://www.wikidata.org/entity/Q5747874,canto a lo poeta,http://www.wikidata.org/entity/Q98528197,Hispanic American folk music,
http://www.wikidata.org/entity/Q5747877,canto cardenche,http://www.wikidata.org/entity/Q185298,a cappella,
http://www.wikidata.org/entity/Q5747877,canto cardenche,http://www.wikidata.org/entity/Q16942070,Mexican folk music,
http://www.wikidata.org/entity/Q5747907,canto popular uruguayo,http://www.wikidata.org/entity/Q109626458,nueva canción latinoamericana,
http://www.wikidata.org/entity/Q5753407,carranga,http://www.wikidata.org/entity/Q21684437,rumba,
http://www.wikidata.org/entity/Q5762403,hill country blues,http://www.wikidata.org/entity/Q649823,country blues,
http://www.wikidata.org/entity/Q5765288,Himene tarava,http://www.wikidata.org/entity/Q179465,polyphony,
http://www.wikidata.org/entity/Q5765288,Himene tarava,http://www.wikidata.org/entity/Q3328745,music of Polynesia,
http://www.wikidata.org/entity/Q5766029,Hindi dance music,http://www.wikidata.org/entity/Q6942022,Bollywood film music,
http://www.wikidata.org/entity/Q5766537,music of Lithuania,http://www.wikidata.org/entity/Q108857617,music of the Baltic states,
http://www.wikidata.org/entity/Q5768028,Dominican hip hop,http://www.wikidata.org/entity/Q11401,hip-hop,
http://www.wikidata.org/entity/Q5768028,Dominican hip hop,http://www.wikidata.org/entity/Q6942370,music of the Dominican Republic,
http://www.wikidata.org/entity/Q5769376,Hiranaam,http://www.wikidata.org/entity/Q3328686,Hindu music,
http://www.wikidata.org/entity/Q5778054,Columbia,http://www.wikidata.org/entity/Q388475,Cuban rumba,
http://www.wikidata.org/entity/Q5792218,metal fusion,http://www.wikidata.org/entity/Q12326776,metal music,
http://www.wikidata.org/entity/Q5793651,cueca brava,http://www.wikidata.org/entity/Q117001315,Chilean cueca,
http://www.wikidata.org/entity/Q5793654,cueca chilota,http://www.wikidata.org/entity/Q117001315,Chilean cueca,
http://www.wikidata.org/entity/Q5793656,nortina cueca,http://www.wikidata.org/entity/Q117001315,Chilean cueca,
http://www.wikidata.org/entity/Q5794671,cumbia andina mexicana,http://www.wikidata.org/entity/Q492096,Andean music,
http://www.wikidata.org/entity/Q5794671,cumbia andina mexicana,http://www.wikidata.org/entity/Q723418,cumbia,
http://www.wikidata.org/entity/Q5794674,cumbia boliviana,http://www.wikidata.org/entity/Q723418,cumbia,
http://www.wikidata.org/entity/Q5794676,Chilean cumbia,http://www.wikidata.org/entity/Q723418,cumbia,
http://www.wikidata.org/entity/Q5794676,Chilean cumbia,http://www.wikidata.org/entity/Q3889385,music of Chile,
http://www.wikidata.org/entity/Q5794680,cumbia del sureste,http://www.wikidata.org/entity/Q6826021,Mexican cumbia,
http://www.wikidata.org/entity/Q5794682,cumbia norteña mexicana,http://www.wikidata.org/entity/Q6826021,Mexican cumbia,
http://www.wikidata.org/entity/Q5794686,cumbia salvadoreña,http://www.wikidata.org/entity/Q723418,cumbia,
http://www.wikidata.org/entity/Q5794686,cumbia salvadoreña,http://www.wikidata.org/entity/Q6942071,music of El Salvador,
http://www.wikidata.org/entity/Q5794688,cumbia santafesina,http://www.wikidata.org/entity/Q723418,cumbia,
http://www.wikidata.org/entity/Q5794690,cumbia sureña,http://www.wikidata.org/entity/Q5794674,cumbia boliviana,
http://www.wikidata.org/entity/Q5794690,cumbia sureña,http://www.wikidata.org/entity/Q7171184,Peruvian cumbia,
http://www.wikidata.org/entity/Q5794692,cumbia venezolana,http://www.wikidata.org/entity/Q723418,cumbia,
http://www.wikidata.org/entity/Q5794983,currulao,http://www.wikidata.org/entity/Q727781,music of Latin America,
http://www.wikidata.org/entity/Q5799402,depressive darkness,http://www.wikidata.org/entity/Q6010,rapping,
http://www.wikidata.org/entity/Q5801257,deep trance,http://www.wikidata.org/entity/Q170435,trance,
http://www.wikidata.org/entity/Q5814219,dream metal,http://www.wikidata.org/entity/Q38848,heavy metal music,
http://www.wikidata.org/entity/Q5834708,epic doom metal,http://www.wikidata.org/entity/Q186170,doom metal,1985-01-01T00:00:00Z
http://www.wikidata.org/entity/Q5834708,epic doom metal,http://www.wikidata.org/entity/Q1902656,epic heavy metal,1985-01-01T00:00:00Z
http://www.wikidata.org/entity/Q5843799,music of Honduras,http://www.wikidata.org/entity/Q727781,music of Latin America,
http://www.wikidata.org/entity/Q5843799,music of Honduras,http://www.wikidata.org/entity/Q5060331,music of Central America,
http://www.wikidata.org/entity/Q5863486,folk and roll,http://www.wikidata.org/entity/Q186472,folk rock,1990-01-01T00:00:00Z
http://www.wikidata.org/entity/Q5870900,Fulía,http://www.wikidata.org/entity/Q235858,traditional folk music,
http://www.wikidata.org/entity/Q5870900,Fulía,http://www.wikidata.org/entity/Q2486179,music of Venezuela,
http://www.wikidata.org/entity/Q5871848,Latin American fusion,http://www.wikidata.org/entity/Q4020968,world fusion,
http://www.wikidata.org/entity/Q5873676,Hmong music,http://www.wikidata.org/entity/Q10838732,music of Southeast Asia,
http://www.wikidata.org/entity/Q5876350,gauchito,http://www.wikidata.org/entity/Q354204,Argentine folklore,
http://www.wikidata.org/entity/Q5881246,holler blues,http://www.wikidata.org/entity/Q9759,blues,1850-01-01T00:00:00Z
http://www.wikidata.org/entity/Q5881246,holler blues,http://www.wikidata.org/entity/Q896981,field holler,1850-01-01T00:00:00Z
http://www.wikidata.org/entity/Q5893243,Argentine heavy metal,http://www.wikidata.org/entity/Q38848,heavy metal music,
http://www.wikidata.org/entity/Q5893243,Argentine heavy metal,http://www.wikidata.org/entity/Q645992,music of Argentina,
http://www.wikidata.org/entity/Q5894518,Hong Kong English pop,http://www.wikidata.org/entity/Q37073,pop music,
http://www.wikidata.org/entity/Q5894518,Hong Kong English pop,http://www.wikidata.org/entity/Q6942118,music of Hong Kong,
http://www.wikidata.org/entity/Q5895294,Hong Kong hip hop,http://www.wikidata.org/entity/Q5100799,Chinese hip hop,1990-01-01T00:00:00Z
http://www.wikidata.org/entity/Q5898237,Chilean hip-hop,http://www.wikidata.org/entity/Q11401,hip-hop,
http://www.wikidata.org/entity/Q5898237,Chilean hip-hop,http://www.wikidata.org/entity/Q3889385,music of Chile,
http://www.wikidata.org/entity/Q5898242,Peruvian hip hop,http://www.wikidata.org/entity/Q11401,hip-hop,
http://www.wikidata.org/entity/Q5898242,Peruvian hip hop,http://www.wikidata.org/entity/Q3085344,music of Peru,
http://www.wikidata.org/entity/Q5905221,horror film score,http://www.wikidata.org/entity/Q492264,film score,
http://www.wikidata.org/entity/Q5905221,horror film score,http://www.wikidata.org/entity/Q54864794,horror music,
http://www.wikidata.org/entity/Q5928480,contemporary jazz,http://www.wikidata.org/entity/Q8341,jazz,
http://www.wikidata.org/entity/Q5934478,campus folk song,http://www.wikidata.org/entity/Q106298881,contemporary folk music,
http://www.wikidata.org/entity/Q5935852,dashti,http://www.wikidata.org/entity/Q11223087,Persian traditional music,
http://www.wikidata.org/entity/Q5950055,music of Khorasan,http://www.wikidata.org/entity/Q525073,music of Asia,
http://www.wikidata.org/entity/Q5955539,payada,http://www.wikidata.org/entity/Q98528197,Hispanic American folk music,
http://www.wikidata.org/entity/Q5955539,payada,http://www.wikidata.org/entity/Q106926325,Brazilian folk music,
http://www.wikidata.org/entity/Q5955765,Bayat-e Esfahan,http://www.wikidata.org/entity/Q11223087,Persian traditional music,
http://www.wikidata.org/entity/Q5956747,hymn concertato,http://www.wikidata.org/entity/Q856713,Christian hymn,
http://www.wikidata.org/entity/Q5957561,cachaca,http://www.wikidata.org/entity/Q723418,cumbia,1975-01-01T00:00:00Z
http://www.wikidata.org/entity/Q5958515,katarimono,http://www.wikidata.org/entity/Q257533,music of Japan,
http://www.wikidata.org/entity/Q5964411,hò khoan,http://www.wikidata.org/entity/Q10743749,Vietnamese folk song,
http://www.wikidata.org/entity/Q5967604,urban contemporary gospel,http://www.wikidata.org/entity/Q180268,gospel music,
http://www.wikidata.org/entity/Q5967604,urban contemporary gospel,http://www.wikidata.org/entity/Q1379958,contemporary Christian music,
http://www.wikidata.org/entity/Q5967604,urban contemporary gospel,http://www.wikidata.org/entity/Q2529400,urban contemporary,
http://www.wikidata.org/entity/Q5969884,tape music,http://www.wikidata.org/entity/Q1640319,experimental music,
http://www.wikidata.org/entity/Q5978495,lolicore,http://www.wikidata.org/entity/Q903735,breakcore,2004-01-01T00:00:00Z
http://www.wikidata.org/entity/Q1585558,music of Tibet,http://www.wikidata.org/entity/Q6942044,music of Central Asia,
http://www.wikidata.org/entity/Q1588913,hatecore,http://www.wikidata.org/entity/Q10922,hardcore punk,
http://www.wikidata.org/entity/Q1588913,hatecore,http://www.wikidata.org/entity/Q121411631,neo-nazi music,
http://www.wikidata.org/entity/Q1597549,kizomba,http://www.wikidata.org/entity/Q3291151,music of Angola,1978-01-01T00:00:00Z
http://www.wikidata.org/entity/Q1606591,reggae fusion,http://www.wikidata.org/entity/Q9794,reggae,1985-01-01T00:00:00Z
http://www.wikidata.org/entity/Q1615483,soul jazz,http://www.wikidata.org/entity/Q8341,jazz,1950-01-01T00:00:00Z
http://www.wikidata.org/entity/Q1615483,soul jazz,http://www.wikidata.org/entity/Q131272,soul,1950-01-01T00:00:00Z
http://www.wikidata.org/entity/Q1619932,hiplife,http://www.wikidata.org/entity/Q11401,hip-hop,1990-01-01T00:00:00Z
http://www.wikidata.org/entity/Q1619932,hiplife,http://www.wikidata.org/entity/Q6942329,music of West Africa,1990-01-01T00:00:00Z
http://www.wikidata.org/entity/Q1620079,hipster hop,http://www.wikidata.org/entity/Q438503,alternative hip-hop,2005-01-01T00:00:00Z
http://www.wikidata.org/entity/Q1620760,historia,http://www.wikidata.org/entity/Q8812109,church music,
http://www.wikidata.org/entity/Q1621467,symphonic black metal,http://www.wikidata.org/entity/Q132438,black metal,1990-01-01T00:00:00Z
http://www.wikidata.org/entity/Q1621467,symphonic black metal,http://www.wikidata.org/entity/Q486415,symphonic metal,1990-01-01T00:00:00Z
http://www.wikidata.org/entity/Q1622261,Latin metal,http://www.wikidata.org/entity/Q12326776,metal music,1978-01-01T00:00:00Z
http://www.wikidata.org/entity/Q1622261,Latin metal,http://www.wikidata.org/entity/Q18345375,Latin music,1978-01-01T00:00:00Z
http://www.wikidata.org/entity/Q1632601,nuevo tango,http://www.wikidata.org/entity/Q14390274,tango,1955-01-01T00:00:00Z
http://www.wikidata.org/entity/Q1634085,tecno brega,http://www.wikidata.org/entity/Q9778,electronic music,2000-01-01T00:00:00Z
http://www.wikidata.org/entity/Q1634085,tecno brega,http://www.wikidata.org/entity/Q2464314,brega,2000-01-01T00:00:00Z
http://www.wikidata.org/entity/Q1636684,yé-yé,http://www.wikidata.org/entity/Q37073,pop music,1959-01-01T00:00:00Z
http://www.wikidata.org/entity/Q1640587,morenada,http://www.wikidata.org/entity/Q492096,Andean music,
http://www.wikidata.org/entity/Q1641839,experimental rock,http://www.wikidata.org/entity/Q11399,rock music,1966-01-01T00:00:00Z
http://www.wikidata.org/entity/Q1641839,experimental rock,http://www.wikidata.org/entity/Q1640319,experimental music,1966-01-01T00:00:00Z
http://www.wikidata.org/entity/Q1643549,dance-punk,http://www.wikidata.org/entity/Q598929,post-punk,1975-01-01T00:00:00Z
http://www.wikidata.org/entity/Q1646666,mambo,http://www.wikidata.org/entity/Q1544863,music of Cuba,1937-01-01T00:00:00Z
http://www.wikidata.org/entity/Q1646666,mambo,http://www.wikidata.org/entity/Q3328778,tropical music,1937-01-01T00:00:00Z
http://www.wikidata.org/entity/Q1650296,instrumental rock,http://www.wikidata.org/entity/Q11399,rock music,1960-01-01T00:00:00Z
http://www.wikidata.org/entity/Q1650296,instrumental rock,http://www.wikidata.org/entity/Q639197,instrumental music,1960-01-01T00:00:00Z
http://www.wikidata.org/entity/Q1651804,Noël varié,http://www.wikidata.org/entity/Q1443316,Christmas music,
http://www.wikidata.org/entity/Q1658757,illbient,http://www.wikidata.org/entity/Q9778,electronic music,1994-01-01T00:00:00Z
http://www.wikidata.org/entity/Q1659646,Imaginary folk music,http://www.wikidata.org/entity/Q8341,jazz,
http://www.wikidata.org/entity/Q1661924,industrial dance,http://www.wikidata.org/entity/Q851213,electronic dance music,1982-01-01T00:00:00Z
http://www.wikidata.org/entity/Q1662181,New Primitivism,http://www.wikidata.org/entity/Q11399,rock music,1983-03-01T00:00:00Z
http://www.wikidata.org/entity/Q1662181,New Primitivism,http://www.wikidata.org/entity/Q1522794,music of Yugoslavia,1983-03-01T00:00:00Z
http://www.wikidata.org/entity/Q1666311,music of Zambia,http://www.wikidata.org/entity/Q98528232,music of Southern Africa,
http://www.wikidata.org/entity/Q1669458,retro-swing,http://www.wikidata.org/entity/Q316930,dance music,1994-01-01T00:00:00Z
http://www.wikidata.org/entity/Q1669458,retro-swing,http://www.wikidata.org/entity/Q447962,swing revival,1994-01-01T00:00:00Z
http://www.wikidata.org/entity/Q1669802,kalindula,http://www.wikidata.org/entity/Q106588687,music of Central Africa,
http://www.wikidata.org/entity/Q1672398,music of Iran,http://www.wikidata.org/entity/Q1503406,music of the Middle East,
http://www.wikidata.org/entity/Q1672918,Irish rebel song,http://www.wikidata.org/entity/Q7482056,Irish folk music,
http://www.wikidata.org/entity/Q1673922,isicathamiya,http://www.wikidata.org/entity/Q185298,a cappella,
http://www.wikidata.org/entity/Q1673922,isicathamiya,http://www.wikidata.org/entity/Q98528232,music of Southern Africa,
http://www.wikidata.org/entity/Q1674378,Polyphonic song of Epirus,http://www.wikidata.org/entity/Q179465,polyphony,
http://www.wikidata.org/entity/Q1677377,funeral march,http://www.wikidata.org/entity/Q211025,march,
http://www.wikidata.org/entity/Q1677377,funeral march,http://www.wikidata.org/entity/Q111633950,funeral music,
http://www.wikidata.org/entity/Q1678395,hunting signal,http://www.wikidata.org/entity/Q1547148,bugle call,
http://www.wikidata.org/entity/Q1678395,hunting signal,http://www.wikidata.org/entity/Q97500868,hunting music,
http://www.wikidata.org/entity/Q1682210,mundart rock,http://www.wikidata.org/entity/Q11399,rock music,
http://www.wikidata.org/entity/Q1682210,mundart rock,http://www.wikidata.org/entity/Q1952679,mundart music,
http://www.wikidata.org/entity/Q1682783,Turkish music style,http://www.wikidata.org/entity/Q9730,classical music,
http://www.wikidata.org/entity/Q1683348,Japanese hip-hop,http://www.wikidata.org/entity/Q257533,music of Japan,1985-01-01T00:00:00Z
http://www.wikidata.org/entity/Q1683348,Japanese hip-hop,http://www.wikidata.org/entity/Q4806789,Asian hip-hop,1985-01-01T00:00:00Z
http://www.wikidata.org/entity/Q1684441,jazz trombone,http://www.wikidata.org/entity/Q65937893,instrumental jazz,
http://www.wikidata.org/entity/Q1684501,jazz of the United States,http://www.wikidata.org/entity/Q8341,jazz,
http://www.wikidata.org/entity/Q1684501,jazz of the United States,http://www.wikidata.org/entity/Q2267955,music of the United States,
http://www.wikidata.org/entity/Q1684520,jazz blues,http://www.wikidata.org/entity/Q8341,jazz,
http://www.wikidata.org/entity/Q1684520,jazz blues,http://www.wikidata.org/entity/Q9759,blues,
http://www.wikidata.org/entity/Q1684532,jazz guitar,http://www.wikidata.org/entity/Q65937893,instrumental jazz,
http://www.wikidata.org/entity/Q1684559,jazz trumpet,http://www.wikidata.org/entity/Q65937893,instrumental jazz,
http://www.wikidata.org/entity/Q1692318,modinha,http://www.wikidata.org/entity/Q106926325,Brazilian folk music,1690-01-01T00:00:00Z
http://www.wikidata.org/entity/Q1695023,alternative music,http://www.wikidata.org/entity/Q373342,popular music,
http://www.wikidata.org/entity/Q1702909,raga rock,http://www.wikidata.org/entity/Q206159,psychedelic rock,1965-01-01T00:00:00Z
http://www.wikidata.org/entity/Q1713462,Jungle-style,http://www.wikidata.org/entity/Q8341,jazz,
http://www.wikidata.org/entity/Q1715700,Jùjú music,http://www.wikidata.org/entity/Q9048265,Yoruba music,
http://www.wikidata.org/entity/Q1716019,Jewish music,http://www.wikidata.org/entity/Q3570024,ethnic music,
http://www.wikidata.org/entity/Q1730388,Western swing,http://www.wikidata.org/entity/Q83440,country music,1928-01-01T00:00:00Z
http://www.wikidata.org/entity/Q1736883,kwela,http://www.wikidata.org/entity/Q2798694,marabi,
http://www.wikidata.org/entity/Q1737332,mainstream jazz,http://www.wikidata.org/entity/Q8341,jazz,1950-01-01T00:00:00Z
http://www.wikidata.org/entity/Q1737691,Kecak,http://www.wikidata.org/entity/Q6942012,music of Bali,
http://www.wikidata.org/entity/Q1738175,Schaffel,http://www.wikidata.org/entity/Q170611,techno,2000-01-01T00:00:00Z
http://www.wikidata.org/entity/Q1742770,urban blues,http://www.wikidata.org/entity/Q9759,blues,
http://www.wikidata.org/entity/Q1744304,sound collage,http://www.wikidata.org/entity/Q5969884,tape music,
http://www.wikidata.org/entity/Q1744327,sound art,http://www.wikidata.org/entity/Q1640319,experimental music,
http://www.wikidata.org/entity/Q1744659,Cuban salsa,http://www.wikidata.org/entity/Q208239,salsa,
http://www.wikidata.org/entity/Q1750049,modern jazz,http://www.wikidata.org/entity/Q8341,jazz,
http://www.wikidata.org/entity/Q1750088,UK82,http://www.wikidata.org/entity/Q383615,street punk,1980-01-01T00:00:00Z
http://www.wikidata.org/entity/Q1751409,2-step garage,http://www.wikidata.org/entity/Q1165777,UK garage,1998-01-01T00:00:00Z
http://www.wikidata.org/entity/Q1751782,Nashville sound,http://www.wikidata.org/entity/Q83440,country music,1957-01-01T00:00:00Z
http://www.wikidata.org/entity/Q1752683,soukous,http://www.wikidata.org/entity/Q3453150,Congolese rumba,1968-01-01T00:00:00Z
http://www.wikidata.org/entity/Q1752683,soukous,http://www.wikidata.org/entity/Q106588687,music of Central Africa,1968-01-01T00:00:00Z
http://www.wikidata.org/entity/Q1752801,Rock in Opposition,http://www.wikidata.org/entity/Q3630966,avant-prog,1978-01-01T00:00:00Z
http://www.wikidata.org/entity/Q1753071,maracatu,http://www.wikidata.org/entity/Q106926325,Brazilian folk music,
http://www.wikidata.org/entity/Q1753803,mor lam,http://www.wikidata.org/entity/Q10838732,music of Southeast Asia,
http://www.wikidata.org/entity/Q108562050,Latvian folk music,http://www.wikidata.org/entity/Q2503249,music of Latvia,
http://www.wikidata.org/entity/Q108562050,Latvian folk music,http://www.wikidata.org/entity/Q108535339,Baltic folk music,
http://www.wikidata.org/entity/Q108572381,traditional cajun music,http://www.wikidata.org/entity/Q1026089,Cajun music,
http://www.wikidata.org/entity/Q108572381,traditional cajun music,http://www.wikidata.org/entity/Q1541229,American folk music,
http://www.wikidata.org/entity/Q108574405,kora music,http://www.wikidata.org/entity/Q6942329,music of West Africa,
http://www.wikidata.org/entity/Q108574405,kora music,http://www.wikidata.org/entity/Q98528238,Mande music,
http://www.wikidata.org/entity/Q108575656,tchinkoumé,http://www.wikidata.org/entity/Q98528185,African folk music,
http://www.wikidata.org/entity/Q108575656,tchinkoumé,http://www.wikidata.org/entity/Q98528237,Fon music,
http://www.wikidata.org/entity/Q108610259,circuit house,http://www.wikidata.org/entity/Q20502,house music,
http://www.wikidata.org/entity/Q108610396,Indonesian folk music,http://www.wikidata.org/entity/Q1210921,music of Indonesia,
http://www.wikidata.org/entity/Q108610396,Indonesian folk music,http://www.wikidata.org/entity/Q106586999,Southeast Asian folk music,
http://www.wikidata.org/entity/Q108610706,Detroit house,http://www.wikidata.org/entity/Q20502,house music,
http://www.wikidata.org/entity/Q108615774,Newa folk music,http://www.wikidata.org/entity/Q7016547,Newar music,
http://www.wikidata.org/entity/Q108615774,Newa folk music,http://www.wikidata.org/entity/Q98528198,South Asian folk music,
http://www.wikidata.org/entity/Q108615838,Northwest Iberian folk music,http://www.wikidata.org/entity/Q9048257,Spanish folk music,
http://www.wikidata.org/entity/Q108615838,Northwest Iberian folk music,http://www.wikidata.org/entity/Q98528277,Celtic folk music,
http://www.wikidata.org/entity/Q108615898,Cretan folk music,http://www.wikidata.org/entity/Q3564665,music of Crete,
http://www.wikidata.org/entity/Q108615898,Cretan folk music,http://www.wikidata.org/entity/Q12876995,Greek folk music,
http://www.wikidata.org/entity/Q108616070,Circassian folk music,http://www.wikidata.org/entity/Q5121359,Circassian music,
http://www.wikidata.org/entity/Q108616070,Circassian folk music,http://www.wikidata.org/entity/Q107013350,Caucasian folk music,
http://www.wikidata.org/entity/Q108616106,Appalachian folk music,http://www.wikidata.org/entity/Q1541229,American folk music,
http://www.wikidata.org/entity/Q108616106,Appalachian folk music,http://www.wikidata.org/entity/Q4780884,Appalachian music,
http://www.wikidata.org/entity/Q108629498,Khmer folk music,http://www.wikidata.org/entity/Q106586999,Southeast Asian folk music,
http://www.wikidata.org/entity/Q108629498,Khmer folk music,http://www.wikidata.org/entity/Q114594062,Khmer music,
http://www.wikidata.org/entity/Q108631274,signal music,http://www.wikidata.org/entity/Q26897135,functional music,
http://www.wikidata.org/entity/Q108631385,final music,http://www.wikidata.org/entity/Q215911,serenade,
http://www.wikidata.org/entity/Q108665706,corridos tumbados,http://www.wikidata.org/entity/Q101440473,sierreña,
http://www.wikidata.org/entity/Q108665742,US power metal,http://www.wikidata.org/entity/Q38848,heavy metal music,1983-01-01T00:00:00Z
http://www.wikidata.org/entity/Q108665742,US power metal,http://www.wikidata.org/entity/Q2782580,American metal,1983-01-01T00:00:00Z
http://www.wikidata.org/entity/Q108665895,upopo,http://www.wikidata.org/entity/Q3735537,Ainu folk music,
http://www.wikidata.org/entity/Q108667604,Tsonga disco,http://www.wikidata.org/entity/Q98528232,music of Southern Africa,
http://www.wikidata.org/entity/Q108716407,skullstep,http://www.wikidata.org/entity/Q1166321,darkstep,2005-01-01T00:00:00Z
http://www.wikidata.org/entity/Q108743983,North American folk music,http://www.wikidata.org/entity/Q235858,traditional folk music,
http://www.wikidata.org/entity/Q108743983,North American folk music,http://www.wikidata.org/entity/Q107718737,music of North America,
http://www.wikidata.org/entity/Q108757333,Tuvan throat singing,http://www.wikidata.org/entity/Q110606359,Central Asian throat singing,
http://www.wikidata.org/entity/Q108788324,hill tribe music,http://www.wikidata.org/entity/Q10838732,music of Southeast Asia,
http://www.wikidata.org/entity/Q108788334,Hmong folk music,http://www.wikidata.org/entity/Q5873676,Hmong music,
http://www.wikidata.org/entity/Q108788334,Hmong folk music,http://www.wikidata.org/entity/Q106586999,Southeast Asian folk music,
http://www.wikidata.org/entity/Q108788334,Hmong folk music,http://www.wikidata.org/entity/Q108788324,hill tribe music,
http://www.wikidata.org/entity/Q108788365,Hmong pop,http://www.wikidata.org/entity/Q37073,pop music,
http://www.wikidata.org/entity/Q108788365,Hmong pop,http://www.wikidata.org/entity/Q5873676,Hmong music,
http://www.wikidata.org/entity/Q108788365,Hmong pop,http://www.wikidata.org/entity/Q10838732,music of Southeast Asia,
http://www.wikidata.org/entity/Q108788730,indigenous Taiwanese music,http://www.wikidata.org/entity/Q956925,music of Taiwan,
http://www.wikidata.org/entity/Q108788730,indigenous Taiwanese music,http://www.wikidata.org/entity/Q106586250,East Asian folk music,
http://www.wikidata.org/entity/Q108788730,indigenous Taiwanese music,http://www.wikidata.org/entity/Q108297183,Austronesian music,
http://www.wikidata.org/entity/Q108807617,silent film music,http://www.wikidata.org/entity/Q492264,film score,
http://www.wikidata.org/entity/Q108807656,Ionian Islands folk music,http://www.wikidata.org/entity/Q12876995,Greek folk music,
http://www.wikidata.org/entity/Q108807661,Jamaican ska,http://www.wikidata.org/entity/Q54365,ska,1960-01-01T00:00:00Z
http://www.wikidata.org/entity/Q108807661,Jamaican ska,http://www.wikidata.org/entity/Q572717,music of Jamaica,1960-01-01T00:00:00Z
http://www.wikidata.org/entity/Q108807663,jook,http://www.wikidata.org/entity/Q11401,hip-hop,2003-01-01T00:00:00Z
http://www.wikidata.org/entity/Q108807663,jook,http://www.wikidata.org/entity/Q114880124,US bass music,2003-01-01T00:00:00Z
http://www.wikidata.org/entity/Q108807670,Kabye folk music,http://www.wikidata.org/entity/Q6942329,music of West Africa,
http://www.wikidata.org/entity/Q108807670,Kabye folk music,http://www.wikidata.org/entity/Q98528185,African folk music,
http://www.wikidata.org/entity/Q108807674,Kalmyk folk music,http://www.wikidata.org/entity/Q235858,traditional folk music,
http://www.wikidata.org/entity/Q108807674,Kalmyk folk music,http://www.wikidata.org/entity/Q98528287,Turkic-Mongolic music,
http://www.wikidata.org/entity/Q108823220,ritual song,http://www.wikidata.org/entity/Q11787379,ritual music,
http://www.wikidata.org/entity/Q108831582,big room trance,http://www.wikidata.org/entity/Q170435,trance,2008-01-01T00:00:00Z
http://www.wikidata.org/entity/Q108834047,mele ʻauana,http://www.wikidata.org/entity/Q6812125,mele,
http://www.wikidata.org/entity/Q108844852,Khakas folk music,http://www.wikidata.org/entity/Q98528287,Turkic-Mongolic music,
http://www.wikidata.org/entity/Q108845022,kilapanga,http://www.wikidata.org/entity/Q98528185,African folk music,
http://www.wikidata.org/entity/Q108845022,kilapanga,http://www.wikidata.org/entity/Q106588687,music of Central Africa,
http://www.wikidata.org/entity/Q108845109,Khoisan folk music,http://www.wikidata.org/entity/Q98528210,Southern African folk music,
http://www.wikidata.org/entity/Q108845283,Kef music,http://www.wikidata.org/entity/Q4069711,Armenian folk music,
http://www.wikidata.org/entity/Q108847554,Lab polyphony,http://www.wikidata.org/entity/Q47112,Albanian iso-polyphony,
http://www.wikidata.org/entity/Q108857328,music of Eastern Europe,http://www.wikidata.org/entity/Q3328676,music of Europe,
http://www.wikidata.org/entity/Q108857462,music of Northern Europe,http://www.wikidata.org/entity/Q3328676,music of Europe,
http://www.wikidata.org/entity/Q108857617,music of the Baltic states,http://www.wikidata.org/entity/Q3328676,music of Europe,
http://www.wikidata.org/entity/Q108857881,piseiro,http://www.wikidata.org/entity/Q106547262,pisadinha,
http://www.wikidata.org/entity/Q108864684,Burushaski folk music,http://www.wikidata.org/entity/Q6942044,music of Central Asia,
http://www.wikidata.org/entity/Q108864684,Burushaski folk music,http://www.wikidata.org/entity/Q7125889,Pakistani folk music,
http://www.wikidata.org/entity/Q108865641,straight edge,http://www.wikidata.org/entity/Q10922,hardcore punk,
http://www.wikidata.org/entity/Q108866070,Kurdish folk music,http://www.wikidata.org/entity/Q1793004,Kurdish music,
http://www.wikidata.org/entity/Q108866070,Kurdish folk music,http://www.wikidata.org/entity/Q106635221,West Asian folk music,
http://www.wikidata.org/entity/Q108866073,Kurpian folk music,http://www.wikidata.org/entity/Q11822344,Polish folk music,
http://www.wikidata.org/entity/Q108866081,Macedonian folk music,http://www.wikidata.org/entity/Q3328714,music of North Macedonia,
http://www.wikidata.org/entity/Q108866081,Macedonian folk music,http://www.wikidata.org/entity/Q6966089,Balkan folk music,
http://www.wikidata.org/entity/Q108866081,Macedonian folk music,http://www.wikidata.org/entity/Q16679594,Slavic folk music,
http://www.wikidata.org/entity/Q108866112,cân llofft stabl,http://www.wikidata.org/entity/Q48297861,Welsh folk music,
http://www.wikidata.org/entity/Q108869492,Istrian folk music,http://www.wikidata.org/entity/Q1236268,music of Croatia,
http://www.wikidata.org/entity/Q108869492,Istrian folk music,http://www.wikidata.org/entity/Q98528192,European folk music,
http://www.wikidata.org/entity/Q108887930,sad pop,http://www.wikidata.org/entity/Q37073,pop music,
http://www.wikidata.org/entity/Q108907695,clicks & cuts,http://www.wikidata.org/entity/Q105763581,experimental electronic music,
http://www.wikidata.org/entity/Q108909775,surf revival,http://www.wikidata.org/entity/Q220830,surf music,
http://www.wikidata.org/entity/Q108949981,New Zealand jazz,http://www.wikidata.org/entity/Q8341,jazz,
http://www.wikidata.org/entity/Q108949981,New Zealand jazz,http://www.wikidata.org/entity/Q6942216,music of New Zealand,
http://www.wikidata.org/entity/Q108950417,music of Yucatán,http://www.wikidata.org/entity/Q3397325,music of Mexico,
http://www.wikidata.org/entity/Q108951349,music of the Llanos,http://www.wikidata.org/entity/Q5645984,music of South America,
http://www.wikidata.org/entity/Q108955254,pops orchestra music,http://www.wikidata.org/entity/Q3328774,symphonic music,
http://www.wikidata.org/entity/Q108979517,traditional doom metal,http://www.wikidata.org/entity/Q186170,doom metal,1981-01-01T00:00:00Z
http://www.wikidata.org/entity/Q108981355,traditional séga,http://www.wikidata.org/entity/Q1781796,sega,
http://www.wikidata.org/entity/Q108981355,traditional séga,http://www.wikidata.org/entity/Q98528185,African folk music,
http://www.wikidata.org/entity/Q108981539,traditional raï,http://www.wikidata.org/entity/Q839029,raï,
http://www.wikidata.org/entity/Q108981578,traditional maloya,http://www.wikidata.org/entity/Q496929,maloya,
http://www.wikidata.org/entity/Q108981578,traditional maloya,http://www.wikidata.org/entity/Q98528185,African folk music,
http://www.wikidata.org/entity/Q106586236,Japanese classical music,http://www.wikidata.org/entity/Q106586249,East Asian classical music,
http://www.wikidata.org/entity/Q106586248,music of East Africa,http://www.wikidata.org/entity/Q369820,music of Africa,
http://www.wikidata.org/entity/Q106586249,East Asian classical music,http://www.wikidata.org/entity/Q1583807,art music,
http://www.wikidata.org/entity/Q106586249,East Asian classical music,http://www.wikidata.org/entity/Q3868595,music of East Asia,
http://www.wikidata.org/entity/Q106586250,East Asian folk music,http://www.wikidata.org/entity/Q3868595,music of East Asia,
http://www.wikidata.org/entity/Q106586250,East Asian folk music,http://www.wikidata.org/entity/Q106635234,Asian folk music,
http://www.wikidata.org/entity/Q106586998,Southeast Asian classical music,http://www.wikidata.org/entity/Q1583807,art music,
http://www.wikidata.org/entity/Q106586998,Southeast Asian classical music,http://www.wikidata.org/entity/Q10838732,music of Southeast Asia,
http://www.wikidata.org/entity/Q106586999,Southeast Asian folk music,http://www.wikidata.org/entity/Q10838732,music of Southeast Asia,
http://www.wikidata.org/entity/Q106586999,Southeast Asian folk music,http://www.wikidata.org/entity/Q106635234,Asian folk music,
http://www.wikidata.org/entity/Q106588687,music of Central Africa,http://www.wikidata.org/entity/Q369820,music of Africa,
http://www.wikidata.org/entity/Q106588693,Chuvash folk music,http://www.wikidata.org/entity/Q15256913,Chuvash music,
http://www.wikidata.org/entity/Q106588693,Chuvash folk music,http://www.wikidata.org/entity/Q110874824,Volga-Ural folk music,
http://www.wikidata.org/entity/Q106588727,Latin disco,http://www.wikidata.org/entity/Q58339,disco,
http://www.wikidata.org/entity/Q106588727,Latin disco,http://www.wikidata.org/entity/Q18345375,Latin music,
http://www.wikidata.org/entity/Q106589886,Waiata,http://www.wikidata.org/entity/Q108408373,Oceanic folk music,
http://www.wikidata.org/entity/Q106590023,execution ballad,http://www.wikidata.org/entity/Q116690343,ballad,
http://www.wikidata.org/entity/Q106590078,Israeli folk music,http://www.wikidata.org/entity/Q3858,music of Israel,
http://www.wikidata.org/entity/Q106590078,Israeli folk music,http://www.wikidata.org/entity/Q106635221,West Asian folk music,
http://www.wikidata.org/entity/Q106591506,bubblegum bass,http://www.wikidata.org/entity/Q114880130,bass music (EDM),2011-01-01T00:00:00Z
http://www.wikidata.org/entity/Q106594102,Philly club,http://www.wikidata.org/entity/Q107091813,East Coast club,2007-01-01T00:00:00Z
http://www.wikidata.org/entity/Q106594174,uptempo hardcore,http://www.wikidata.org/entity/Q388906,hardcore,2008-01-01T00:00:00Z
http://www.wikidata.org/entity/Q106594174,uptempo hardcore,http://www.wikidata.org/entity/Q1033912,hard dance,2008-01-01T00:00:00Z
http://www.wikidata.org/entity/Q106594177,utopian virtual,http://www.wikidata.org/entity/Q15733887,vaporwave,2011-01-01T00:00:00Z
http://www.wikidata.org/entity/Q106594523,Latin freestyle,http://www.wikidata.org/entity/Q655514,freestyle music,1983-01-01T00:00:00Z
http://www.wikidata.org/entity/Q106594523,Latin freestyle,http://www.wikidata.org/entity/Q18345375,Latin music,1983-01-01T00:00:00Z
http://www.wikidata.org/entity/Q106594706,cinematic classical,http://www.wikidata.org/entity/Q492264,film score,
http://www.wikidata.org/entity/Q106594706,cinematic classical,http://www.wikidata.org/entity/Q612024,contemporary classical music,
http://www.wikidata.org/entity/Q106594784,sass,http://www.wikidata.org/entity/Q377910,post-hardcore,1990-01-01T00:00:00Z
http://www.wikidata.org/entity/Q106594814,sertanejo de raiz,http://www.wikidata.org/entity/Q1958273,sertanejo,
http://www.wikidata.org/entity/Q106594814,sertanejo de raiz,http://www.wikidata.org/entity/Q106926325,Brazilian folk music,
http://www.wikidata.org/entity/Q106594830,sertanejo romântico,http://www.wikidata.org/entity/Q1958273,sertanejo,
http://www.wikidata.org/entity/Q106595599,music of Northeast Africa,http://www.wikidata.org/entity/Q369820,music of Africa,
http://www.wikidata.org/entity/Q106621063,symphonic prog,http://www.wikidata.org/entity/Q49451,progressive rock,1968-01-01T00:00:00Z
http://www.wikidata.org/entity/Q106621114,dark folk,http://www.wikidata.org/entity/Q775614,neofolk,
http://www.wikidata.org/entity/Q106626501,algysh,http://www.wikidata.org/entity/Q235858,traditional folk music,
http://www.wikidata.org/entity/Q106626501,algysh,http://www.wikidata.org/entity/Q98528287,Turkic-Mongolic music,
http://www.wikidata.org/entity/Q106626655,Tatar music,http://www.wikidata.org/entity/Q107524184,Turkic music,
http://www.wikidata.org/entity/Q106626655,Tatar music,http://www.wikidata.org/entity/Q108857328,music of Eastern Europe,
http://www.wikidata.org/entity/Q106626777,Mordovian music,http://www.wikidata.org/entity/Q2498201,music of Russia,
http://www.wikidata.org/entity/Q106634246,Irish showband,http://www.wikidata.org/entity/Q37073,pop music,
http://www.wikidata.org/entity/Q106634508,junkanoo,http://www.wikidata.org/entity/Q3394906,music of the Caribbean,
http://www.wikidata.org/entity/Q106634883,kulintang,http://www.wikidata.org/entity/Q106586998,Southeast Asian classical music,
http://www.wikidata.org/entity/Q106634926,future bounce,http://www.wikidata.org/entity/Q20021059,future house,2015-01-01T00:00:00Z
http://www.wikidata.org/entity/Q106634944,festival progressive house,http://www.wikidata.org/entity/Q20502,house music,2008-01-01T00:00:00Z
http://www.wikidata.org/entity/Q106634977,thug rap,http://www.wikidata.org/entity/Q11401,hip-hop,
http://www.wikidata.org/entity/Q106634987,Chinese classical music,http://www.wikidata.org/entity/Q51446080,Chinese traditional music,
http://www.wikidata.org/entity/Q106634987,Chinese classical music,http://www.wikidata.org/entity/Q106586249,East Asian classical music,
http://www.wikidata.org/entity/Q106635221,West Asian folk music,http://www.wikidata.org/entity/Q1503406,music of the Middle East,
http://www.wikidata.org/entity/Q106635221,West Asian folk music,http://www.wikidata.org/entity/Q106635234,Asian folk music,
http://www.wikidata.org/entity/Q106635234,Asian folk music,http://www.wikidata.org/entity/Q235858,traditional folk music,
http://www.wikidata.org/entity/Q106635234,Asian folk music,http://www.wikidata.org/entity/Q525073,music of Asia,
http://www.wikidata.org/entity/Q106636250,futuristic swag,http://www.wikidata.org/entity/Q2572585,pop rap,
http://www.wikidata.org/entity/Q106636250,futuristic swag,http://www.wikidata.org/entity/Q2913982,trap music,
http://www.wikidata.org/entity/Q106636283,jungle dutch,http://www.wikidata.org/entity/Q106636289,breakbeat kota,2016-01-01T00:00:00Z
http://www.wikidata.org/entity/Q106636289,breakbeat kota,http://www.wikidata.org/entity/Q663519,breakbeat,2000-01-01T00:00:00Z
http://www.wikidata.org/entity/Q106636289,breakbeat kota,http://www.wikidata.org/entity/Q11332204,funkot,2000-01-01T00:00:00Z
http://www.wikidata.org/entity/Q106641524,aboio cantado,http://www.wikidata.org/entity/Q6039799,aboio,
http://www.wikidata.org/entity/Q106641525,Celtic electronica,http://www.wikidata.org/entity/Q817138,electronica,1987-01-01T00:00:00Z
http://www.wikidata.org/entity/Q106641525,Celtic electronica,http://www.wikidata.org/entity/Q854451,Celtic music,1987-01-01T00:00:00Z
http://www.wikidata.org/entity/Q106641530,acoustic Chicago blues,http://www.wikidata.org/entity/Q9759,blues,
http://www.wikidata.org/entity/Q106641536,Afro-funk,http://www.wikidata.org/entity/Q164444,funk,
http://www.wikidata.org/entity/Q106641536,Afro-funk,http://www.wikidata.org/entity/Q6942329,music of West Africa,
http://www.wikidata.org/entity/Q106641570,Akan music,http://www.wikidata.org/entity/Q6942329,music of West Africa,
http://www.wikidata.org/entity/Q106641595,Albanian folk music,http://www.wikidata.org/entity/Q1075799,music of Albania,
http://www.wikidata.org/entity/Q106641595,Albanian folk music,http://www.wikidata.org/entity/Q6966089,Balkan folk music,
http://www.wikidata.org/entity/Q106642094,Atlanta bass,http://www.wikidata.org/entity/Q546206,Miami bass,1989-01-01T00:00:00Z
http://www.wikidata.org/entity/Q106642120,Bashkir folk music,http://www.wikidata.org/entity/Q98528287,Turkic-Mongolic music,
http://www.wikidata.org/entity/Q106642120,Bashkir folk music,http://www.wikidata.org/entity/Q106635234,Asian folk music,
http://www.wikidata.org/entity/Q106642137,black ambient,http://www.wikidata.org/entity/Q756956,dark ambient,
http://www.wikidata.org/entity/Q106647671,poezja śpiewana,http://www.wikidata.org/entity/Q473602,music of Poland,
http://www.wikidata.org/entity/Q106647671,poezja śpiewana,http://www.wikidata.org/entity/Q1519864,sung poetry,
http://www.wikidata.org/entity/Q106653596,ambient breakbeat,http://www.wikidata.org/entity/Q663519,breakbeat,
http://www.wikidata.org/entity/Q106653596,ambient breakbeat,http://www.wikidata.org/entity/Q757143,chill-out music,
http://www.wikidata.org/entity/Q106653610,Aussie rock,http://www.wikidata.org/entity/Q83270,hard rock,
http://www.wikidata.org/entity/Q106653610,Aussie rock,http://www.wikidata.org/entity/Q3437817,Australian rock,
http://www.wikidata.org/entity/Q106654134,zolo,http://www.wikidata.org/entity/Q11399,rock music,
http://www.wikidata.org/entity/Q106654136,zohioliin duu,http://www.wikidata.org/entity/Q3328727,music of Mongolia,
http://www.wikidata.org/entity/Q106654137,zinli,http://www.wikidata.org/entity/Q98528185,African folk music,
http://www.wikidata.org/entity/Q106654137,zinli,http://www.wikidata.org/entity/Q98528237,Fon music,
http://www.wikidata.org/entity/Q106654144,zeybek,http://www.wikidata.org/entity/Q1810546,Turkish folk music,
http://www.wikidata.org/entity/Q106654149,Yiddish folksong,http://www.wikidata.org/entity/Q98528192,European folk music,
http://www.wikidata.org/entity/Q106654149,Yiddish folksong,http://www.wikidata.org/entity/Q108297179,Ashkenazi music,
http://www.wikidata.org/entity/Q106654239,weightless,http://www.wikidata.org/entity/Q1166726,grime,2011-01-01T00:00:00Z
http://www.wikidata.org/entity/Q106654247,Vietnamese classical music,http://www.wikidata.org/entity/Q1156957,music of Vietnam,
http://www.wikidata.org/entity/Q106654247,Vietnamese classical music,http://www.wikidata.org/entity/Q106586249,East Asian classical music,
http://www.wikidata.org/entity/Q106704476,Gamewave,http://www.wikidata.org/entity/Q1062702,video game music,
http://www.wikidata.org/entity/Q106807843,Rwayes music,http://www.wikidata.org/entity/Q2346484,music of Morocco,
http://www.wikidata.org/entity/Q106810831,Byzantine chant,http://www.wikidata.org/entity/Q2090950,Byzantine music,
http://www.wikidata.org/entity/Q106810831,Byzantine chant,http://www.wikidata.org/entity/Q8812109,church music,
http://www.wikidata.org/entity/Q106810831,Byzantine chant,http://www.wikidata.org/entity/Q23072435,chant,
http://www.wikidata.org/entity/Q106839582,burning spirits,http://www.wikidata.org/entity/Q10922,hardcore punk,1985-01-01T00:00:00Z
http://www.wikidata.org/entity/Q106839650,Detroit sound,http://www.wikidata.org/entity/Q2517263,Midwest hip-hop,
http://www.wikidata.org/entity/Q106844185,daycore,http://www.wikidata.org/entity/Q15733887,vaporwave,
http://www.wikidata.org/entity/Q106860852,Levenspop,http://www.wikidata.org/entity/Q37073,pop music,
http://www.wikidata.org/entity/Q106860852,Levenspop,http://www.wikidata.org/entity/Q377185,music of the Netherlands,
http://www.wikidata.org/entity/Q5985066,icaro,http://www.wikidata.org/entity/Q108823220,ritual song,
http://www.wikidata.org/entity/Q5985802,Icelandic folk music,http://www.wikidata.org/entity/Q2617447,music of Iceland,
http://www.wikidata.org/entity/Q5985802,Icelandic folk music,http://www.wikidata.org/entity/Q7050752,Nordic folk music,
http://www.wikidata.org/entity/Q5985805,Icelandic hip hop,http://www.wikidata.org/entity/Q2617447,music of Iceland,
http://www.wikidata.org/entity/Q5985805,Icelandic hip hop,http://www.wikidata.org/entity/Q5413526,European hip-hop,
http://www.wikidata.org/entity/Q5996073,processional march,http://www.wikidata.org/entity/Q211025,march,
http://www.wikidata.org/entity/Q6007421,space metal,http://www.wikidata.org/entity/Q12326776,metal music,
http://www.wikidata.org/entity/Q6010117,Memphis rap,http://www.wikidata.org/entity/Q3135787,American hip-hop,1980-01-01T00:00:00Z
http://www.wikidata.org/entity/Q6010117,Memphis rap,http://www.wikidata.org/entity/Q114880124,US bass music,1980-01-01T00:00:00Z
http://www.wikidata.org/entity/Q6016474,Fantezi,http://www.wikidata.org/entity/Q1074080,music of Turkey,
http://www.wikidata.org/entity/Q6021901,Indian blues,http://www.wikidata.org/entity/Q9759,blues,
http://www.wikidata.org/entity/Q6021901,Indian blues,http://www.wikidata.org/entity/Q531426,music of India,
http://www.wikidata.org/entity/Q6022257,Indian folk music,http://www.wikidata.org/entity/Q531426,music of India,
http://www.wikidata.org/entity/Q6022257,Indian folk music,http://www.wikidata.org/entity/Q98528198,South Asian folk music,
http://www.wikidata.org/entity/Q6024704,indigenous music,http://www.wikidata.org/entity/Q3570024,ethnic music,
http://www.wikidata.org/entity/Q6025453,Indo-Caribbean music,http://www.wikidata.org/entity/Q3394906,music of the Caribbean,
http://www.wikidata.org/entity/Q6025624,Indo jazz,http://www.wikidata.org/entity/Q8341,jazz,
http://www.wikidata.org/entity/Q6025624,Indo jazz,http://www.wikidata.org/entity/Q531426,music of India,
http://www.wikidata.org/entity/Q6026226,Indonesian hip hop,http://www.wikidata.org/entity/Q1210921,music of Indonesia,
http://www.wikidata.org/entity/Q6026226,Indonesian hip hop,http://www.wikidata.org/entity/Q4806789,Asian hip-hop,
http://www.wikidata.org/entity/Q6026926,Arabesque rock,http://www.wikidata.org/entity/Q483740,Anatolian rock,
http://www.wikidata.org/entity/Q6026926,Arabesque rock,http://www.wikidata.org/entity/Q623824,arabesque,
http://www.wikidata.org/entity/Q6027927,industrial musical,http://www.wikidata.org/entity/Q2743,musical play,
http://www.wikidata.org/entity/Q6030291,maftirim,http://www.wikidata.org/entity/Q1503406,music of the Middle East,
http://www.wikidata.org/entity/Q6030291,maftirim,http://www.wikidata.org/entity/Q2271589,Sephardic music,
http://www.wikidata.org/entity/Q6032965,murga uruguaya,http://www.wikidata.org/entity/Q1452181,murga,
http://www.wikidata.org/entity/Q6032965,murga uruguaya,http://www.wikidata.org/entity/Q107718539,Hispanic American music,
http://www.wikidata.org/entity/Q6036427,Andean music of Peru,http://www.wikidata.org/entity/Q492096,Andean music,
http://www.wikidata.org/entity/Q6036463,music of the Sea Islands,http://www.wikidata.org/entity/Q2267955,music of the United States,
http://www.wikidata.org/entity/Q6036466,música popular colombiana,http://www.wikidata.org/entity/Q920883,music of Colombia,
http://www.wikidata.org/entity/Q6036466,música popular colombiana,http://www.wikidata.org/entity/Q3328681,popular folk music,
http://www.wikidata.org/entity/Q6036478,Mexican marimba music,http://www.wikidata.org/entity/Q3397325,music of Mexico,
http://www.wikidata.org/entity/Q6036517,Chilean folk music,http://www.wikidata.org/entity/Q3889385,music of Chile,
http://www.wikidata.org/entity/Q6036517,Chilean folk music,http://www.wikidata.org/entity/Q98528197,Hispanic American folk music,
http://www.wikidata.org/entity/Q6036534,Inca music,http://www.wikidata.org/entity/Q492096,Andean music,
http://www.wikidata.org/entity/Q6036543,litoraleña music,http://www.wikidata.org/entity/Q354204,Argentine folklore,
http://www.wikidata.org/entity/Q6036568,Argentinian popular music,http://www.wikidata.org/entity/Q373342,popular music,
http://www.wikidata.org/entity/Q6036568,Argentinian popular music,http://www.wikidata.org/entity/Q645992,music of Argentina,
http://www.wikidata.org/entity/Q6036577,subjective music,http://www.wikidata.org/entity/Q26897135,functional music,
http://www.wikidata.org/entity/Q6036579,música surera,http://www.wikidata.org/entity/Q235858,traditional folk music,
http://www.wikidata.org/entity/Q6036579,música surera,http://www.wikidata.org/entity/Q645992,music of Argentina,
http://www.wikidata.org/entity/Q6039799,aboio,http://www.wikidata.org/entity/Q502658,work song,
http://www.wikidata.org/entity/Q6039799,aboio,http://www.wikidata.org/entity/Q106926325,Brazilian folk music,
http://www.wikidata.org/entity/Q6040713,neofolklore,http://www.wikidata.org/entity/Q3889385,music of Chile,
http://www.wikidata.org/entity/Q6040713,neofolklore,http://www.wikidata.org/entity/Q106298881,contemporary folk music,
http://www.wikidata.org/entity/Q6042534,gothic doom metal,http://www.wikidata.org/entity/Q186170,doom metal,
http://www.wikidata.org/entity/Q6042534,gothic doom metal,http://www.wikidata.org/entity/Q13646229,gothic music,
http://www.wikidata.org/entity/Q6050834,onda nueva,http://www.wikidata.org/entity/Q727781,music of Latin America,
http://www.wikidata.org/entity/Q6050834,onda nueva,http://www.wikidata.org/entity/Q2486179,music of Venezuela,
http://www.wikidata.org/entity/Q6067375,Iranian folk music,http://www.wikidata.org/entity/Q1672398,music of Iran,
http://www.wikidata.org/entity/Q6067375,Iranian folk music,http://www.wikidata.org/entity/Q106635221,West Asian folk music,
http://www.wikidata.org/entity/Q6072445,perico ripiao,http://www.wikidata.org/entity/Q6942370,music of the Dominican Republic,
http://www.wikidata.org/entity/Q6073487,Iroquois music,http://www.wikidata.org/entity/Q107407692,indigenous American music,
http://www.wikidata.org/entity/Q6081528,poky,http://www.wikidata.org/entity/Q1585015,hard house,
http://www.wikidata.org/entity/Q6082625,Norwegian pop,http://www.wikidata.org/entity/Q37073,pop music,
http://www.wikidata.org/entity/Q6082625,Norwegian pop,http://www.wikidata.org/entity/Q833189,music of Norway,
http://www.wikidata.org/entity/Q6093242,Punto music,http://www.wikidata.org/entity/Q6942240,music of Panama,
http://www.wikidata.org/entity/Q6093324,Italian jazz,http://www.wikidata.org/entity/Q8341,jazz,
http://www.wikidata.org/entity/Q6093324,Italian jazz,http://www.wikidata.org/entity/Q3679098,music of Italy,
http://www.wikidata.org/entity/Q6100580,rasguido doble,http://www.wikidata.org/entity/Q6036543,litoraleña music,
http://www.wikidata.org/entity/Q6106812,retro-soul,http://www.wikidata.org/entity/Q131272,soul,
http://www.wikidata.org/entity/Q6109162,ritmo de panaderas,http://www.wikidata.org/entity/Q502658,work song,
http://www.wikidata.org/entity/Q6110296,rock subterráneo,http://www.wikidata.org/entity/Q11399,rock music,
http://www.wikidata.org/entity/Q6110296,rock subterráneo,http://www.wikidata.org/entity/Q3085344,music of Peru,
http://www.wikidata.org/entity/Q6110311,flamenco rock,http://www.wikidata.org/entity/Q11399,rock music,
http://www.wikidata.org/entity/Q6110311,flamenco rock,http://www.wikidata.org/entity/Q2742742,music of Andalusia,
http://www.wikidata.org/entity/Q6110312,Costa Rican rock,http://www.wikidata.org/entity/Q11399,rock music,
http://www.wikidata.org/entity/Q6110312,Costa Rican rock,http://www.wikidata.org/entity/Q17080863,music of Costa Rica,
http://www.wikidata.org/entity/Q6110313,Catholic Christian rock,http://www.wikidata.org/entity/Q753520,Christian rock,
http://www.wikidata.org/entity/Q6110316,Paraguayan rock,http://www.wikidata.org/entity/Q11399,rock music,
http://www.wikidata.org/entity/Q6110316,Paraguayan rock,http://www.wikidata.org/entity/Q4381192,music of Paraguay,
http://www.wikidata.org/entity/Q6110333,rock noir,http://www.wikidata.org/entity/Q11399,rock music,
http://www.wikidata.org/entity/Q6110336,Latin American progressive rock,http://www.wikidata.org/entity/Q49451,progressive rock,
http://www.wikidata.org/entity/Q6110336,Latin American progressive rock,http://www.wikidata.org/entity/Q727781,music of Latin America,
http://www.wikidata.org/entity/Q6111428,romantic style,http://www.wikidata.org/entity/Q202930,reggaeton,1980-01-01T00:00:00Z
http://www.wikidata.org/entity/Q6120148,sanjuanito,http://www.wikidata.org/entity/Q6942068,music of Ecuador,
http://www.wikidata.org/entity/Q6124308,jaiva,http://www.wikidata.org/entity/Q4794612,music of South Africa,1980-01-01T00:00:00Z
http://www.wikidata.org/entity/Q6129214,war symphony,http://www.wikidata.org/entity/Q9734,symphony,
http://www.wikidata.org/entity/Q6130346,slam death metal,http://www.wikidata.org/entity/Q2265866,brutal death metal,
http://www.wikidata.org/entity/Q6132064,son afromexicano de Costa Chica,http://www.wikidata.org/entity/Q6825988,son mexicano,
http://www.wikidata.org/entity/Q6132068,son arribeño,http://www.wikidata.org/entity/Q6825988,son mexicano,
http://www.wikidata.org/entity/Q6132074,son de artesa,http://www.wikidata.org/entity/Q6825988,son mexicano,
http://www.wikidata.org/entity/Q6132082,Son de mariachi,http://www.wikidata.org/entity/Q6825988,son mexicano,
http://www.wikidata.org/entity/Q6132084,son de tamborileros de Tabasco,http://www.wikidata.org/entity/Q6825988,son mexicano,
http://www.wikidata.org/entity/Q6132086,son istmeño,http://www.wikidata.org/entity/Q6825988,son mexicano,
http://www.wikidata.org/entity/Q6132088,son nica,http://www.wikidata.org/entity/Q6942217,music of Nicaragua,
http://www.wikidata.org/entity/Q6132088,son nica,http://www.wikidata.org/entity/Q116884389,son,
http://www.wikidata.org/entity/Q6138490,tamborazo,http://www.wikidata.org/entity/Q16942070,Mexican folk music,
http://www.wikidata.org/entity/Q15724280,Dasakathia,http://www.wikidata.org/entity/Q6022257,Indian folk music,
http://www.wikidata.org/entity/Q15733887,vaporwave,http://www.wikidata.org/entity/Q373342,popular music,2009-01-01T00:00:00Z
http://www.wikidata.org/entity/Q15807715,Ekmelic music,http://www.wikidata.org/entity/Q1045756,microtonal music,
http://www.wikidata.org/entity/Q15830404,bolero,http://www.wikidata.org/entity/Q727781,music of Latin America,
http://www.wikidata.org/entity/Q15830404,bolero,http://www.wikidata.org/entity/Q3328778,tropical music,
http://www.wikidata.org/entity/Q15845134,Global K-pop,http://www.wikidata.org/entity/Q213665,K-pop,
http://www.wikidata.org/entity/Q15893013,funk ostentação,http://www.wikidata.org/entity/Q1931130,funk carioca,2008-01-01T00:00:00Z
http://www.wikidata.org/entity/Q15907187,carnival song,http://www.wikidata.org/entity/Q114239322,carnival music,
http://www.wikidata.org/entity/Q15917095,yanyue,http://www.wikidata.org/entity/Q15614479,East Asian court ceremonial music,
http://www.wikidata.org/entity/Q15917095,yanyue,http://www.wikidata.org/entity/Q106634987,Chinese classical music,
http://www.wikidata.org/entity/Q15926105,ancient Naxi music,http://www.wikidata.org/entity/Q18846,ancient music,
http://www.wikidata.org/entity/Q15926105,ancient Naxi music,http://www.wikidata.org/entity/Q277393,music of China,
http://www.wikidata.org/entity/Q15931253,dimotiko,http://www.wikidata.org/entity/Q12876995,Greek folk music,
http://www.wikidata.org/entity/Q15957030,electro,http://www.wikidata.org/entity/Q372103,electronic body music,
http://www.wikidata.org/entity/Q15974722,Breton song,http://www.wikidata.org/entity/Q910606,music of Brittany,
http://www.wikidata.org/entity/Q15975701,narodnozabavna glasba,http://www.wikidata.org/entity/Q252833,Alpine folk music,
http://www.wikidata.org/entity/Q15975701,narodnozabavna glasba,http://www.wikidata.org/entity/Q3328681,popular folk music,
http://www.wikidata.org/entity/Q15975701,narodnozabavna glasba,http://www.wikidata.org/entity/Q16679594,Slavic folk music,
http://www.wikidata.org/entity/Q15981156,music of Brunei,http://www.wikidata.org/entity/Q10838732,music of Southeast Asia,
http://www.wikidata.org/entity/Q15990884,cantillation,http://www.wikidata.org/entity/Q23072435,chant,
http://www.wikidata.org/entity/Q16002495,algorave,http://www.wikidata.org/entity/Q105763581,experimental electronic music,2011-01-01T00:00:00Z
http://www.wikidata.org/entity/Q16011695,vocal surf,http://www.wikidata.org/entity/Q220830,surf music,
http://www.wikidata.org/entity/Q16011695,vocal surf,http://www.wikidata.org/entity/Q484641,pop rock,
http://www.wikidata.org/entity/Q16024685,Afro-soul,http://www.wikidata.org/entity/Q131272,soul,
http://www.wikidata.org/entity/Q16050341,Iranian choral music,http://www.wikidata.org/entity/Q1076513,choral music,
http://www.wikidata.org/entity/Q16050341,Iranian choral music,http://www.wikidata.org/entity/Q1672398,music of Iran,
http://www.wikidata.org/entity/Q16056349,Indian rock,http://www.wikidata.org/entity/Q11399,rock music,1965-01-01T00:00:00Z
http://www.wikidata.org/entity/Q16056349,Indian rock,http://www.wikidata.org/entity/Q531426,music of India,1965-01-01T00:00:00Z
http://www.wikidata.org/entity/Q16096634,kawaii metal,http://www.wikidata.org/entity/Q12326776,metal music,2010-01-01T00:00:00Z
http://www.wikidata.org/entity/Q16130554,muzikat dika'on,http://www.wikidata.org/entity/Q2738544,Mizrahi music,
http://www.wikidata.org/entity/Q16148439,Gaelic music,http://www.wikidata.org/entity/Q268673,music of the United Kingdom,
http://www.wikidata.org/entity/Q16148439,Gaelic music,http://www.wikidata.org/entity/Q1378776,music of Ireland,
http://www.wikidata.org/entity/Q16152327,Ukrainian pop,http://www.wikidata.org/entity/Q155858,music of Ukraine,
http://www.wikidata.org/entity/Q16152327,Ukrainian pop,http://www.wikidata.org/entity/Q117000933,Eastern European pop,
http://www.wikidata.org/entity/Q16163845,Utdari Nongak,http://www.wikidata.org/entity/Q497674,pungmul,
http://www.wikidata.org/entity/Q16168828,Korean traditional dance music,http://www.wikidata.org/entity/Q316930,dance music,
http://www.wikidata.org/entity/Q16168828,Korean traditional dance music,http://www.wikidata.org/entity/Q116256909,Korean traditional music,
http://www.wikidata.org/entity/Q16180065,geonjeon gayo,http://www.wikidata.org/entity/Q6942280,music of South Korea,
http://www.wikidata.org/entity/Q16180065,geonjeon gayo,http://www.wikidata.org/entity/Q42681198,propaganda music,
http://www.wikidata.org/entity/Q16184076,Nakyangchun,http://www.wikidata.org/entity/Q708228,Korean court music,
http://www.wikidata.org/entity/Q16191837,music of Samoa,http://www.wikidata.org/entity/Q3328745,music of Polynesia,
http://www.wikidata.org/entity/Q16241990,Chicano rock,http://www.wikidata.org/entity/Q11399,rock music,
http://www.wikidata.org/entity/Q16250593,pub rock,http://www.wikidata.org/entity/Q3437817,Australian rock,
http://www.wikidata.org/entity/Q16250948,Yemeni hip hop,http://www.wikidata.org/entity/Q3135793,Middle Eastern hip hop,
http://www.wikidata.org/entity/Q16250948,Yemeni hip hop,http://www.wikidata.org/entity/Q3328786,music of Yemen,
http://www.wikidata.org/entity/Q16253331,Hungarian metal,http://www.wikidata.org/entity/Q932477,music of Hungary,
http://www.wikidata.org/entity/Q16253331,Hungarian metal,http://www.wikidata.org/entity/Q12326776,metal music,
http://www.wikidata.org/entity/Q16254929,Italian occult psychedelia,http://www.wikidata.org/entity/Q703778,neo-psychedelia,
http://www.wikidata.org/entity/Q16254929,Italian occult psychedelia,http://www.wikidata.org/entity/Q3679098,music of Italy,
http://www.wikidata.org/entity/Q16256450,Dagbon music and dance,http://www.wikidata.org/entity/Q6942095,music of Ghana,
http://www.wikidata.org/entity/Q16256450,Dagbon music and dance,http://www.wikidata.org/entity/Q98528185,African folk music,
http://www.wikidata.org/entity/Q16261643,biwagaku,http://www.wikidata.org/entity/Q7832297,traditional Japanese music,
http://www.wikidata.org/entity/Q16295131,urban cowboy,http://www.wikidata.org/entity/Q2280497,country pop,
http://www.wikidata.org/entity/Q16304401,choi,http://www.wikidata.org/entity/Q106928658,Thai folk music,
http://www.wikidata.org/entity/Q16311595,Tamil pop,http://www.wikidata.org/entity/Q37073,pop music,
http://www.wikidata.org/entity/Q16311595,Tamil pop,http://www.wikidata.org/entity/Q17070502,music of Tamil Nadu,
http://www.wikidata.org/entity/Q16323732,shaabi,http://www.wikidata.org/entity/Q624044,Arabic music,
http://www.wikidata.org/entity/Q16323732,shaabi,http://www.wikidata.org/entity/Q11400811,music of North Africa,
http://www.wikidata.org/entity/Q16327884,rizitika,http://www.wikidata.org/entity/Q108615898,Cretan folk music,
http://www.wikidata.org/entity/Q16344235,ragamalika,http://www.wikidata.org/entity/Q956883,Carnatic music,
http://www.wikidata.org/entity/Q16357920,Albanian hip hop,http://www.wikidata.org/entity/Q1075799,music of Albania,
http://www.wikidata.org/entity/Q16357920,Albanian hip hop,http://www.wikidata.org/entity/Q5413526,European hip-hop,
http://www.wikidata.org/entity/Q16396625,Armenian pilgrimage song,http://www.wikidata.org/entity/Q4069711,Armenian folk music,
http://www.wikidata.org/entity/Q16408598,Estonian folk music,http://www.wikidata.org/entity/Q3110519,music of Estonia,
http://www.wikidata.org/entity/Q16408598,Estonian folk music,http://www.wikidata.org/entity/Q107686154,Balto-Finnic folk music,
http://www.wikidata.org/entity/Q16431771,zheldirme,http://www.wikidata.org/entity/Q25513043,Kazakh folk music,
http://www.wikidata.org/entity/Q16482233,geza ongaku,http://www.wikidata.org/entity/Q1147752,incidental music,
http://www.wikidata.org/entity/Q16482233,geza ongaku,http://www.wikidata.org/entity/Q122933096,kabuki music,
http://www.wikidata.org/entity/Q16491869,Dominican dembow,http://www.wikidata.org/entity/Q3394906,music of the Caribbean,2000-01-01T00:00:00Z
http://www.wikidata.org/entity/Q16491869,Dominican dembow,http://www.wikidata.org/entity/Q107718539,Hispanic American music,2000-01-01T00:00:00Z
http://www.wikidata.org/entity/Q16496542,happy rock,http://www.wikidata.org/entity/Q11399,rock music,2009-01-01T00:00:00Z
http://www.wikidata.org/entity/Q16496542,happy rock,http://www.wikidata.org/entity/Q899215,music of Brazil,2009-01-01T00:00:00Z
http://www.wikidata.org/entity/Q16525381,Afro-zouk,http://www.wikidata.org/entity/Q227045,zouk,
http://www.wikidata.org/entity/Q16526296,alloukou,http://www.wikidata.org/entity/Q113493832,Kru music,
http://www.wikidata.org/entity/Q16527140,adult-oriented rock,http://www.wikidata.org/entity/Q379033,arena rock,
http://www.wikidata.org/entity/Q16530953,Bahoejy,http://www.wikidata.org/entity/Q1091536,music of Madagascar,1979-01-01T00:00:00Z
http://www.wikidata.org/entity/Q16532947,Italian blues,http://www.wikidata.org/entity/Q9759,blues,
http://www.wikidata.org/entity/Q16532947,Italian blues,http://www.wikidata.org/entity/Q3679098,music of Italy,
http://www.wikidata.org/entity/Q16534955,cabo zouk,http://www.wikidata.org/entity/Q227045,zouk,
http://www.wikidata.org/entity/Q16535861,Bashkir folk song,http://www.wikidata.org/entity/Q28666781,Bashkir song,
http://www.wikidata.org/entity/Q16535861,Bashkir folk song,http://www.wikidata.org/entity/Q106642120,Bashkir folk music,
http://www.wikidata.org/entity/Q16556369,Italian folk rock,http://www.wikidata.org/entity/Q186472,folk rock,
http://www.wikidata.org/entity/Q1754592,nerdcore,http://www.wikidata.org/entity/Q11401,hip-hop,1995-01-01T00:00:00Z
http://www.wikidata.org/entity/Q1754592,nerdcore,http://www.wikidata.org/entity/Q19678100,nerd music,1995-01-01T00:00:00Z
http://www.wikidata.org/entity/Q1755959,Sufi music,http://www.wikidata.org/entity/Q1482325,Islamic music,
http://www.wikidata.org/entity/Q1756101,nu skool breaks,http://www.wikidata.org/entity/Q663519,breakbeat,1995-01-01T00:00:00Z
http://www.wikidata.org/entity/Q1756680,songo music,http://www.wikidata.org/entity/Q1544863,music of Cuba,
http://www.wikidata.org/entity/Q1759189,mangue bit,http://www.wikidata.org/entity/Q899215,music of Brazil,1991-01-01T00:00:00Z
http://www.wikidata.org/entity/Q1760256,shōmyō,http://www.wikidata.org/entity/Q28163991,Buddhist chant,
http://www.wikidata.org/entity/Q1760256,shōmyō,http://www.wikidata.org/entity/Q106586236,Japanese classical music,
http://www.wikidata.org/entity/Q1763023,Miroloi,http://www.wikidata.org/entity/Q3246270,dirge,
http://www.wikidata.org/entity/Q1766836,Polska,http://www.wikidata.org/entity/Q7832302,traditional Nordic dance music,
http://www.wikidata.org/entity/Q1770695,Hindustani classical music,http://www.wikidata.org/entity/Q1323698,Indian classical music,
http://www.wikidata.org/entity/Q1771297,English folk music,http://www.wikidata.org/entity/Q109916244,British folk music,
http://www.wikidata.org/entity/Q1771297,English folk music,http://www.wikidata.org/entity/Q110558058,music of England,
http://www.wikidata.org/entity/Q1772422,stoner metal,http://www.wikidata.org/entity/Q12326776,metal music,1990-01-01T00:00:00Z
http://www.wikidata.org/entity/Q1773654,country folk,http://www.wikidata.org/entity/Q83440,country music,1968-01-01T00:00:00Z
http://www.wikidata.org/entity/Q1773654,country folk,http://www.wikidata.org/entity/Q106298881,contemporary folk music,1968-01-01T00:00:00Z
http://www.wikidata.org/entity/Q1775316,progg,http://www.wikidata.org/entity/Q11399,rock music,1968-01-01T00:00:00Z
http://www.wikidata.org/entity/Q1775316,progg,http://www.wikidata.org/entity/Q37073,pop music,1968-01-01T00:00:00Z
http://www.wikidata.org/entity/Q1775316,progg,http://www.wikidata.org/entity/Q846784,music of Sweden,1968-01-01T00:00:00Z
http://www.wikidata.org/entity/Q1775316,progg,http://www.wikidata.org/entity/Q132531661,leftist music,1968-01-01T00:00:00Z
http://www.wikidata.org/entity/Q1777052,Cyclic mass,http://www.wikidata.org/entity/Q217295,mass,
http://www.wikidata.org/entity/Q1778129,San Francisco Sound,http://www.wikidata.org/entity/Q206159,psychedelic rock,
http://www.wikidata.org/entity/Q1778129,San Francisco Sound,http://www.wikidata.org/entity/Q3437802,American rock,
http://www.wikidata.org/entity/Q1779217,cantiga de escarnio e maldizer,http://www.wikidata.org/entity/Q2281713,cantiga,
http://www.wikidata.org/entity/Q1779294,space age pop,http://www.wikidata.org/entity/Q37073,pop music,1947-01-01T00:00:00Z
http://www.wikidata.org/entity/Q1779294,space age pop,http://www.wikidata.org/entity/Q848399,easy listening,1947-01-01T00:00:00Z
http://www.wikidata.org/entity/Q1779319,cantiga de amor,http://www.wikidata.org/entity/Q2281713,cantiga,
http://www.wikidata.org/entity/Q1780056,norteño,http://www.wikidata.org/entity/Q373342,popular music,1900-01-01T00:00:00Z
http://www.wikidata.org/entity/Q1780056,norteño,http://www.wikidata.org/entity/Q7309098,regional Mexican,1900-01-01T00:00:00Z
http://www.wikidata.org/entity/Q1781796,sega,http://www.wikidata.org/entity/Q6942267,music of Seychelles,
http://www.wikidata.org/entity/Q1784032,viking rock,http://www.wikidata.org/entity/Q274401,oi!,
http://www.wikidata.org/entity/Q1784106,powerviolence,http://www.wikidata.org/entity/Q10922,hardcore punk,1987-01-01T00:00:00Z
http://www.wikidata.org/entity/Q1785028,sleaze rock,http://www.wikidata.org/entity/Q188539,glam metal,
http://www.wikidata.org/entity/Q1785243,Long song,http://www.wikidata.org/entity/Q19880374,Mongolian folk music,
http://www.wikidata.org/entity/Q1786724,marrabenta,http://www.wikidata.org/entity/Q2294872,music of Mozambique,
http://www.wikidata.org/entity/Q1790876,Cuban hip hop,http://www.wikidata.org/entity/Q1544863,music of Cuba,
http://www.wikidata.org/entity/Q1790876,Cuban hip hop,http://www.wikidata.org/entity/Q3827483,Latin hip-hop,
http://www.wikidata.org/entity/Q1793004,Kurdish music,http://www.wikidata.org/entity/Q13866613,music of Kurdistan,
http://www.wikidata.org/entity/Q1795903,Kölschrock,http://www.wikidata.org/entity/Q11399,rock music,1978-01-01T00:00:00Z
http://www.wikidata.org/entity/Q1797650,son jarocho,http://www.wikidata.org/entity/Q6825988,son mexicano,
http://www.wikidata.org/entity/Q1798870,pagan folk,http://www.wikidata.org/entity/Q65047322,modern pagan music,1975-01-01T00:00:00Z
http://www.wikidata.org/entity/Q1798870,pagan folk,http://www.wikidata.org/entity/Q98528192,European folk music,1975-01-01T00:00:00Z
http://www.wikidata.org/entity/Q1799871,uzun hava,http://www.wikidata.org/entity/Q1810546,Turkish folk music,
http://www.wikidata.org/entity/Q1801496,St. Louis blues,http://www.wikidata.org/entity/Q9759,blues,
http://www.wikidata.org/entity/Q1810546,Turkish folk music,http://www.wikidata.org/entity/Q1074080,music of Turkey,
http://www.wikidata.org/entity/Q1810546,Turkish folk music,http://www.wikidata.org/entity/Q106635221,West Asian folk music,
http://www.wikidata.org/entity/Q1811682,New Weird America,http://www.wikidata.org/entity/Q2267955,music of the United States,
http://www.wikidata.org/entity/Q1811682,New Weird America,http://www.wikidata.org/entity/Q106298881,contemporary folk music,
http://www.wikidata.org/entity/Q1815364,makossa,http://www.wikidata.org/entity/Q316930,dance music,
http://www.wikidata.org/entity/Q1815364,makossa,http://www.wikidata.org/entity/Q106588687,music of Central Africa,
http://www.wikidata.org/entity/Q1818108,chakroelo,http://www.wikidata.org/entity/Q179465,polyphony,
http://www.wikidata.org/entity/Q1840167,witch house,http://www.wikidata.org/entity/Q9778,electronic music,2007-01-01T00:00:00Z
http://www.wikidata.org/entity/Q1849006,Houston hip-hop,http://www.wikidata.org/entity/Q3135787,American hip-hop,
http://www.wikidata.org/entity/Q1849006,Houston hip-hop,http://www.wikidata.org/entity/Q6942291,music of Texas,
http://www.wikidata.org/entity/Q1866223,live electronic music,http://www.wikidata.org/entity/Q1326777,electroacoustic music,
http://www.wikidata.org/entity/Q1868278,black doom,http://www.wikidata.org/entity/Q132438,black metal,1993-01-01T00:00:00Z
http://www.wikidata.org/entity/Q1868278,black doom,http://www.wikidata.org/entity/Q186170,doom metal,1993-01-01T00:00:00Z
http://www.wikidata.org/entity/Q1872505,lovers rock,http://www.wikidata.org/entity/Q9794,reggae,1972-01-01T00:00:00Z
http://www.wikidata.org/entity/Q1878514,post-black metal,http://www.wikidata.org/entity/Q41343,post-metal,1998-01-01T00:00:00Z
http://www.wikidata.org/entity/Q1878514,post-black metal,http://www.wikidata.org/entity/Q132438,black metal,1998-01-01T00:00:00Z
http://www.wikidata.org/entity/Q1878514,post-black metal,http://www.wikidata.org/entity/Q209137,post-rock,1998-01-01T00:00:00Z
http://www.wikidata.org/entity/Q1879175,ländler music,http://www.wikidata.org/entity/Q109500733,Swiss folk music,
http://www.wikidata.org/entity/Q1884018,Garifuna music,http://www.wikidata.org/entity/Q3394906,music of the Caribbean,
http://www.wikidata.org/entity/Q1884018,Garifuna music,http://www.wikidata.org/entity/Q5060331,music of Central America,
http://www.wikidata.org/entity/Q1884018,Garifuna music,http://www.wikidata.org/entity/Q107407692,indigenous American music,
http://www.wikidata.org/entity/Q1884689,Indo pop,http://www.wikidata.org/entity/Q37073,pop music,
http://www.wikidata.org/entity/Q1884689,Indo pop,http://www.wikidata.org/entity/Q1210921,music of Indonesia,
http://www.wikidata.org/entity/Q1890098,new beat,http://www.wikidata.org/entity/Q372103,electronic body music,1987-01-01T00:00:00Z
http://www.wikidata.org/entity/Q1891685,Russian chanson,http://www.wikidata.org/entity/Q373342,popular music,
http://www.wikidata.org/entity/Q1891685,Russian chanson,http://www.wikidata.org/entity/Q2498201,music of Russia,
http://www.wikidata.org/entity/Q1892019,Māori music,http://www.wikidata.org/entity/Q3328745,music of Polynesia,
http://www.wikidata.org/entity/Q1899347,post-punk revival,http://www.wikidata.org/entity/Q183504,indie rock,1996-01-01T00:00:00Z
http://www.wikidata.org/entity/Q1899347,post-punk revival,http://www.wikidata.org/entity/Q598929,post-punk,1996-01-01T00:00:00Z
http://www.wikidata.org/entity/Q1902656,epic heavy metal,http://www.wikidata.org/entity/Q38848,heavy metal music,
http://www.wikidata.org/entity/Q1913888,power noise,http://www.wikidata.org/entity/Q726239,noise music,1981-01-01T00:00:00Z
http://www.wikidata.org/entity/Q1913888,power noise,http://www.wikidata.org/entity/Q936942,post-industrial music,1981-01-01T00:00:00Z
http://www.wikidata.org/entity/Q1914924,mbaqanga,http://www.wikidata.org/entity/Q2798694,marabi,
http://www.wikidata.org/entity/Q1928583,Northern soul,http://www.wikidata.org/entity/Q131272,soul,1968-01-01T00:00:00Z
http://www.wikidata.org/entity/Q1929352,roots rock,http://www.wikidata.org/entity/Q11399,rock music,1966-01-01T00:00:00Z
http://www.wikidata.org/entity/Q1929352,roots rock,http://www.wikidata.org/entity/Q2267955,music of the United States,1966-01-01T00:00:00Z
http://www.wikidata.org/entity/Q1930107,kroncong,http://www.wikidata.org/entity/Q1210921,music of Indonesia,
http://www.wikidata.org/entity/Q1931130,funk carioca,http://www.wikidata.org/entity/Q117745223,Brazilian funk,1980-01-01T00:00:00Z
http://www.wikidata.org/entity/Q1931555,microhouse,http://www.wikidata.org/entity/Q20502,house music,1996-01-01T00:00:00Z
http://www.wikidata.org/entity/Q1936659,Nederpop,http://www.wikidata.org/entity/Q37073,pop music,1963-01-01T00:00:00Z
http://www.wikidata.org/entity/Q1936659,Nederpop,http://www.wikidata.org/entity/Q377185,music of the Netherlands,1963-01-01T00:00:00Z
http://www.wikidata.org/entity/Q1936659,Nederpop,http://www.wikidata.org/entity/Q2668052,Dutch-language music,1963-01-01T00:00:00Z
http://www.wikidata.org/entity/Q1937548,minstrel music,http://www.wikidata.org/entity/Q1370345,musical theater,1830-01-01T00:00:00Z
http://www.wikidata.org/entity/Q1937548,minstrel music,http://www.wikidata.org/entity/Q107718737,music of North America,1830-01-01T00:00:00Z
http://www.wikidata.org/entity/Q1938987,club house,http://www.wikidata.org/entity/Q20502,house music,
http://www.wikidata.org/entity/Q109012701,kumiuta,http://www.wikidata.org/entity/Q11603109,sokyoku,
http://www.wikidata.org/entity/Q109017384,a capella battle rap,http://www.wikidata.org/entity/Q12302979,battle rap,
http://www.wikidata.org/entity/Q109018310,muslim chant,http://www.wikidata.org/entity/Q1482325,Islamic music,
http://www.wikidata.org/entity/Q109018310,muslim chant,http://www.wikidata.org/entity/Q23072435,chant,
http://www.wikidata.org/entity/Q109040764,Maghreb jazz,http://www.wikidata.org/entity/Q8341,jazz,
http://www.wikidata.org/entity/Q109040764,Maghreb jazz,http://www.wikidata.org/entity/Q116973456,Maghreb music,
http://www.wikidata.org/entity/Q109048162,Latin funk,http://www.wikidata.org/entity/Q164444,funk,
http://www.wikidata.org/entity/Q109048162,Latin funk,http://www.wikidata.org/entity/Q18345375,Latin music,
http://www.wikidata.org/entity/Q109050954,Burmese mono,http://www.wikidata.org/entity/Q3328602,music of Myanmar,
http://www.wikidata.org/entity/Q109050964,Burmese stereo,http://www.wikidata.org/entity/Q484641,pop rock,
http://www.wikidata.org/entity/Q109050964,Burmese stereo,http://www.wikidata.org/entity/Q3328602,music of Myanmar,
http://www.wikidata.org/entity/Q109077288,space rock revival,http://www.wikidata.org/entity/Q236913,space rock,1986-01-01T00:00:00Z
http://www.wikidata.org/entity/Q109077288,space rock revival,http://www.wikidata.org/entity/Q703778,neo-psychedelia,1986-01-01T00:00:00Z
http://www.wikidata.org/entity/Q109105322,Eastern Orthodox liturgical music,http://www.wikidata.org/entity/Q4376204,Eastern Orthodox music,
http://www.wikidata.org/entity/Q109105322,Eastern Orthodox liturgical music,http://www.wikidata.org/entity/Q8812109,church music,
http://www.wikidata.org/entity/Q109128978,symphonic fantasia,http://www.wikidata.org/entity/Q836571,fantasia,
http://www.wikidata.org/entity/Q109128978,symphonic fantasia,http://www.wikidata.org/entity/Q3328774,symphonic music,
http://www.wikidata.org/entity/Q109146989,piano house,http://www.wikidata.org/entity/Q20502,house music,
http://www.wikidata.org/entity/Q109148913,organic house,http://www.wikidata.org/entity/Q20502,house music,2009-01-01T00:00:00Z
http://www.wikidata.org/entity/Q109225999,Hazara folk music,http://www.wikidata.org/entity/Q383103,music of Afghanistan,
http://www.wikidata.org/entity/Q109225999,Hazara folk music,http://www.wikidata.org/entity/Q106635234,Asian folk music,
http://www.wikidata.org/entity/Q109270884,Luri folk music,http://www.wikidata.org/entity/Q5377728,Luri music,
http://www.wikidata.org/entity/Q109270884,Luri folk music,http://www.wikidata.org/entity/Q106635221,West Asian folk music,
http://www.wikidata.org/entity/Q109270949,Lao folk music,http://www.wikidata.org/entity/Q3328702,Lao music,
http://www.wikidata.org/entity/Q109270949,Lao folk music,http://www.wikidata.org/entity/Q106586999,Southeast Asian folk music,
http://www.wikidata.org/entity/Q109271391,Malayali folk music,http://www.wikidata.org/entity/Q98528198,South Asian folk music,
http://www.wikidata.org/entity/Q109271585,Malagasy folk music,http://www.wikidata.org/entity/Q1091536,music of Madagascar,
http://www.wikidata.org/entity/Q109271585,Malagasy folk music,http://www.wikidata.org/entity/Q98528185,African folk music,
http://www.wikidata.org/entity/Q109271682,Mari folk music,http://www.wikidata.org/entity/Q3737170,Mari music,
http://www.wikidata.org/entity/Q109271682,Mari folk music,http://www.wikidata.org/entity/Q110874824,Volga-Ural folk music,
http://www.wikidata.org/entity/Q109271831,Papuan folk music,http://www.wikidata.org/entity/Q6942239,music of Papua New Guinea,
http://www.wikidata.org/entity/Q109271831,Papuan folk music,http://www.wikidata.org/entity/Q108408373,Oceanic folk music,
http://www.wikidata.org/entity/Q109271890,Malay folk music,http://www.wikidata.org/entity/Q12499696,Malay music,http://www.wikidata.org/.well-known/genid/f2e5482e6986aafd640528511ab89f07
http://www.wikidata.org/entity/Q109271890,Malay folk music,http://www.wikidata.org/entity/Q106586999,Southeast Asian folk music,http://www.wikidata.org/.well-known/genid/f2e5482e6986aafd640528511ab89f07
http://www.wikidata.org/entity/Q109272409,Spanish classical music,http://www.wikidata.org/entity/Q9730,classical music,
http://www.wikidata.org/entity/Q109272409,Spanish classical music,http://www.wikidata.org/entity/Q964987,music of Spain,
http://www.wikidata.org/entity/Q109273016,tchink system,http://www.wikidata.org/entity/Q98528237,Fon music,
http://www.wikidata.org/entity/Q109301488,Streichmusik,http://www.wikidata.org/entity/Q2082510,music of Switzerland,
http://www.wikidata.org/entity/Q109303336,drumless hip hop,http://www.wikidata.org/entity/Q11401,hip-hop,2007-01-01T00:00:00Z
http://www.wikidata.org/entity/Q109303621,Mapuche folk music,http://www.wikidata.org/entity/Q727781,music of Latin America,
http://www.wikidata.org/entity/Q109303621,Mapuche folk music,http://www.wikidata.org/entity/Q106926276,indigenous American folk music,
http://www.wikidata.org/entity/Q109303626,Newfoundland folk music,http://www.wikidata.org/entity/Q17513988,Canadian folk music,
http://www.wikidata.org/entity/Q109303626,Newfoundland folk music,http://www.wikidata.org/entity/Q98528277,Celtic folk music,
http://www.wikidata.org/entity/Q109303634,Northumbrian folk music,http://www.wikidata.org/entity/Q1771297,English folk music,
http://www.wikidata.org/entity/Q109303776,Odia folk music,http://www.wikidata.org/entity/Q6022257,Indian folk music,
http://www.wikidata.org/entity/Q109303807,janissary music,http://www.wikidata.org/entity/Q1074080,music of Turkey,
http://www.wikidata.org/entity/Q109303807,janissary music,http://www.wikidata.org/entity/Q6774721,military music,
http://www.wikidata.org/entity/Q109306179,Chinese yellow music,http://www.wikidata.org/entity/Q277393,music of China,
http://www.wikidata.org/entity/Q109306179,Chinese yellow music,http://www.wikidata.org/entity/Q1499262,yellow music,
http://www.wikidata.org/entity/Q109311356,Latin melodeath,http://www.wikidata.org/entity/Q253918,melodic death metal,
http://www.wikidata.org/entity/Q109311356,Latin melodeath,http://www.wikidata.org/entity/Q1622261,Latin metal,
http://www.wikidata.org/entity/Q109311605,estilo,http://www.wikidata.org/entity/Q354204,Argentine folklore,
http://www.wikidata.org/entity/Q109322851,mashcore,http://www.wikidata.org/entity/Q903735,breakcore,2003-01-01T00:00:00Z
http://www.wikidata.org/entity/Q109326538,Romani folk music,http://www.wikidata.org/entity/Q235858,traditional folk music,
http://www.wikidata.org/entity/Q109326538,Romani folk music,http://www.wikidata.org/entity/Q1268283,Romani music,
http://www.wikidata.org/entity/Q109326663,Latin American classical music,http://www.wikidata.org/entity/Q9730,classical music,
http://www.wikidata.org/entity/Q109326663,Latin American classical music,http://www.wikidata.org/entity/Q18345375,Latin music,
http://www.wikidata.org/entity/Q109327528,Tamil folk music,http://www.wikidata.org/entity/Q17070502,music of Tamil Nadu,
http://www.wikidata.org/entity/Q109327528,Tamil folk music,http://www.wikidata.org/entity/Q98528198,South Asian folk music,
http://www.wikidata.org/entity/Q109332430,Aromanian music,http://www.wikidata.org/entity/Q3211884,music of the Balkans,
http://www.wikidata.org/entity/Q109335331,dungeon sound,http://www.wikidata.org/entity/Q20474,dubstep,2006-01-01T00:00:00Z
http://www.wikidata.org/entity/Q109350090,música de intervenção,http://www.wikidata.org/entity/Q829147,protest song,
http://www.wikidata.org/entity/Q109350090,música de intervenção,http://www.wikidata.org/entity/Q2579987,music of Portugal,
http://www.wikidata.org/entity/Q109350090,música de intervenção,http://www.wikidata.org/entity/Q89363113,singer-songwriter music,
http://www.wikidata.org/entity/Q109367856,pocochin rock,http://www.wikidata.org/entity/Q11399,rock music,
http://www.wikidata.org/entity/Q109367856,pocochin rock,http://www.wikidata.org/entity/Q257533,music of Japan,
http://www.wikidata.org/entity/Q109369576,fandango caiçara,http://www.wikidata.org/entity/Q106926325,Brazilian folk music,
http://www.wikidata.org/entity/Q109369672,Bolivian huayño,http://www.wikidata.org/entity/Q2307786,huayno,
http://www.wikidata.org/entity/Q109378709,Sinhalese folk music,http://www.wikidata.org/entity/Q3328768,music of Sri Lanka,
http://www.wikidata.org/entity/Q109378709,Sinhalese folk music,http://www.wikidata.org/entity/Q98528198,South Asian folk music,
http://www.wikidata.org/entity/Q109378725,Romanian etno music,http://www.wikidata.org/entity/Q852210,music of Romania,
http://www.wikidata.org/entity/Q109378725,Romanian etno music,http://www.wikidata.org/entity/Q64055364,ethnic pop,
http://www.wikidata.org/entity/Q109378734,popcorn music,http://www.wikidata.org/entity/Q20502,house music,2007-01-01T00:00:00Z
http://www.wikidata.org/entity/Q109378734,popcorn music,http://www.wikidata.org/entity/Q211756,dance-pop,2007-01-01T00:00:00Z
http://www.wikidata.org/entity/Q109378734,popcorn music,http://www.wikidata.org/entity/Q116985035,electronic pop,2007-01-01T00:00:00Z
http://www.wikidata.org/entity/Q109378734,popcorn music,http://www.wikidata.org/entity/Q117000933,Eastern European pop,2007-01-01T00:00:00Z
http://www.wikidata.org/entity/Q109381505,Malay classical music,http://www.wikidata.org/entity/Q12499696,Malay music,
http://www.wikidata.org/entity/Q109381505,Malay classical music,http://www.wikidata.org/entity/Q106586998,Southeast Asian classical music,
http://www.wikidata.org/entity/Q109382160,plugg music,http://www.wikidata.org/entity/Q2913982,trap music,2013-01-01T00:00:00Z
http://www.wikidata.org/entity/Q109382432,drone ambient,http://www.wikidata.org/entity/Q650316,drone music,1989-01-01T00:00:00Z
http://www.wikidata.org/entity/Q109382432,drone ambient,http://www.wikidata.org/entity/Q756956,dark ambient,1989-01-01T00:00:00Z
http://www.wikidata.org/entity/Q109406646,tonada potosina,http://www.wikidata.org/entity/Q492096,Andean music,
http://www.wikidata.org/entity/Q109406646,tonada potosina,http://www.wikidata.org/entity/Q106926276,indigenous American folk music,
http://www.wikidata.org/entity/Q109406661,tonada chilena,http://www.wikidata.org/entity/Q98528197,Hispanic American folk music,
http://www.wikidata.org/entity/Q109406736,movimiento alterado,http://www.wikidata.org/entity/Q221934,narcocorrido,
http://www.wikidata.org/entity/Q109415416,Saint Petersburg school,http://www.wikidata.org/entity/Q207591,Romantic music,
http://www.wikidata.org/entity/Q109415416,Saint Petersburg school,http://www.wikidata.org/entity/Q3328622,Russian classical music,
http://www.wikidata.org/entity/Q109415416,Saint Petersburg school,http://www.wikidata.org/entity/Q11787378,national classical music,
http://www.wikidata.org/entity/Q109424969,lilat,http://www.wikidata.org/entity/Q6701559,luk krung,
http://www.wikidata.org/entity/Q109425937,lokal musik,http://www.wikidata.org/entity/Q37073,pop music,
http://www.wikidata.org/entity/Q109425937,lokal musik,http://www.wikidata.org/entity/Q6942239,music of Papua New Guinea,
http://www.wikidata.org/entity/Q109426115,maloya élektrik,http://www.wikidata.org/entity/Q496929,maloya,
http://www.wikidata.org/entity/Q109466271,Feminejo,http://www.wikidata.org/entity/Q1958273,sertanejo,
http://www.wikidata.org/entity/Q109469638,indie dance,http://www.wikidata.org/entity/Q851213,electronic dance music,
http://www.wikidata.org/entity/Q109470579,utsu rock,http://www.wikidata.org/entity/Q11399,rock music,
http://www.wikidata.org/entity/Q109470579,utsu rock,http://www.wikidata.org/entity/Q1055871,Japanese rock,
http://www.wikidata.org/entity/Q106876075,bubbling,http://www.wikidata.org/entity/Q474027,dancehall,1995-01-01T00:00:00Z
http://www.wikidata.org/entity/Q106876075,bubbling,http://www.wikidata.org/entity/Q851213,electronic dance music,1995-01-01T00:00:00Z
http://www.wikidata.org/entity/Q106876717,Quechua music,http://www.wikidata.org/entity/Q727781,music of Latin America,
http://www.wikidata.org/entity/Q106876811,spaza,http://www.wikidata.org/entity/Q11401,hip-hop,
http://www.wikidata.org/entity/Q106876903,UK street soul,http://www.wikidata.org/entity/Q850412,contemporary R&B,1980-01-01T00:00:00Z
http://www.wikidata.org/entity/Q106877744,Philippine classical music,http://www.wikidata.org/entity/Q3328743,music of the Philippines,
http://www.wikidata.org/entity/Q106877744,Philippine classical music,http://www.wikidata.org/entity/Q106586998,Southeast Asian classical music,
http://www.wikidata.org/entity/Q106877947,Cambodian classical music,http://www.wikidata.org/entity/Q106586998,Southeast Asian classical music,
http://www.wikidata.org/entity/Q106877978,Bangladeshi classical music,http://www.wikidata.org/entity/Q1770695,Hindustani classical music,
http://www.wikidata.org/entity/Q106877990,harmonica blues,http://www.wikidata.org/entity/Q9759,blues,
http://www.wikidata.org/entity/Q106877999,acoustic Louisiana blues,http://www.wikidata.org/entity/Q515074,Louisiana blues,
http://www.wikidata.org/entity/Q106878000,acoustic Memphis blues,http://www.wikidata.org/entity/Q9759,blues,
http://www.wikidata.org/entity/Q106878001,acoustic New Orleans blues,http://www.wikidata.org/entity/Q515074,Louisiana blues,
http://www.wikidata.org/entity/Q106878019,early acoustic blues,http://www.wikidata.org/entity/Q65936357,acoustic blues,
http://www.wikidata.org/entity/Q106917640,kleinkunst,http://www.wikidata.org/entity/Q89363113,singer-songwriter music,
http://www.wikidata.org/entity/Q106922571,cybergoth music,http://www.wikidata.org/entity/Q372103,electronic body music,
http://www.wikidata.org/entity/Q106922571,cybergoth music,http://www.wikidata.org/entity/Q487965,industrial music,
http://www.wikidata.org/entity/Q106926276,indigenous American folk music,http://www.wikidata.org/entity/Q235858,traditional folk music,
http://www.wikidata.org/entity/Q106926276,indigenous American folk music,http://www.wikidata.org/entity/Q107407692,indigenous American music,
http://www.wikidata.org/entity/Q106926325,Brazilian folk music,http://www.wikidata.org/entity/Q899215,music of Brazil,
http://www.wikidata.org/entity/Q106926325,Brazilian folk music,http://www.wikidata.org/entity/Q98528197,Hispanic American folk music,
http://www.wikidata.org/entity/Q106928658,Thai folk music,http://www.wikidata.org/entity/Q867306,music of Thailand,
http://www.wikidata.org/entity/Q106928658,Thai folk music,http://www.wikidata.org/entity/Q106586999,Southeast Asian folk music,
http://www.wikidata.org/entity/Q106957068,bygderock,http://www.wikidata.org/entity/Q11399,rock music,
http://www.wikidata.org/entity/Q107000797,Korean folk music,http://www.wikidata.org/entity/Q716060,music of Korea,
http://www.wikidata.org/entity/Q107000797,Korean folk music,http://www.wikidata.org/entity/Q106586250,East Asian folk music,
http://www.wikidata.org/entity/Q107000825,South Korean folk music,http://www.wikidata.org/entity/Q6942280,music of South Korea,
http://www.wikidata.org/entity/Q107000825,South Korean folk music,http://www.wikidata.org/entity/Q107000797,Korean folk music,
http://www.wikidata.org/entity/Q107003152,Sahrawi music,http://www.wikidata.org/entity/Q3328601,Berber music,
http://www.wikidata.org/entity/Q107010574,halftime,http://www.wikidata.org/entity/Q188994,drum and bass,2011-01-01T00:00:00Z
http://www.wikidata.org/entity/Q107010629,funk mandelão,http://www.wikidata.org/entity/Q117745223,Brazilian funk,2016-01-01T00:00:00Z
http://www.wikidata.org/entity/Q107013350,Caucasian folk music,http://www.wikidata.org/entity/Q235858,traditional folk music,
http://www.wikidata.org/entity/Q107013350,Caucasian folk music,http://www.wikidata.org/entity/Q106506985,music of the Caucasus,
http://www.wikidata.org/entity/Q107020173,Ossetian folk music,http://www.wikidata.org/entity/Q4337652,Ossetian music,
http://www.wikidata.org/entity/Q107020173,Ossetian folk music,http://www.wikidata.org/entity/Q107013350,Caucasian folk music,
http://www.wikidata.org/entity/Q107021951,score,http://www.wikidata.org/entity/Q107736421,soundtrack,
http://www.wikidata.org/entity/Q107022182,television score,http://www.wikidata.org/entity/Q107021951,score,
http://www.wikidata.org/entity/Q107022182,television score,http://www.wikidata.org/entity/Q107022156,television soundtrack,
http://www.wikidata.org/entity/Q107022533,Montenegrin folk music,http://www.wikidata.org/entity/Q3328730,music of Montenegro,
http://www.wikidata.org/entity/Q107022533,Montenegrin folk music,http://www.wikidata.org/entity/Q6966089,Balkan folk music,
http://www.wikidata.org/entity/Q107022533,Montenegrin folk music,http://www.wikidata.org/entity/Q16679594,Slavic folk music,
http://www.wikidata.org/entity/Q107024911,Alevi folk music,http://www.wikidata.org/entity/Q1074080,music of Turkey,
http://www.wikidata.org/entity/Q107024911,Alevi folk music,http://www.wikidata.org/entity/Q106635221,West Asian folk music,
http://www.wikidata.org/entity/Q107024927,Alsatian folk music,http://www.wikidata.org/entity/Q2956178,French folk music,
http://www.wikidata.org/entity/Q107024983,Altai folk music,http://www.wikidata.org/entity/Q6941949,music of Altai,
http://www.wikidata.org/entity/Q107024983,Altai folk music,http://www.wikidata.org/entity/Q106635234,Asian folk music,
http://www.wikidata.org/entity/Q107024992,ancient Levitical music,http://www.wikidata.org/entity/Q18846,ancient music,
http://www.wikidata.org/entity/Q107024992,ancient Levitical music,http://www.wikidata.org/entity/Q117187744,Jewish liturgical music,
http://www.wikidata.org/entity/Q107025062,French Caribbean music,http://www.wikidata.org/entity/Q3394906,music of the Caribbean,
http://www.wikidata.org/entity/Q107029644,Hari Raya music,http://www.wikidata.org/entity/Q107033384,holiday music,
http://www.wikidata.org/entity/Q107033384,holiday music,http://www.wikidata.org/entity/Q373342,popular music,
http://www.wikidata.org/entity/Q107033384,holiday music,http://www.wikidata.org/entity/Q122149755,event music,
http://www.wikidata.org/entity/Q107033631,Mongolian hip hop,http://www.wikidata.org/entity/Q3328727,music of Mongolia,
http://www.wikidata.org/entity/Q107033631,Mongolian hip hop,http://www.wikidata.org/entity/Q4806789,Asian hip-hop,
http://www.wikidata.org/entity/Q107033632,Easter music,http://www.wikidata.org/entity/Q107033384,holiday music,
http://www.wikidata.org/entity/Q107033667,Halloween music,http://www.wikidata.org/entity/Q107033384,holiday music,
http://www.wikidata.org/entity/Q107033785,music of the Pacific Islands,http://www.wikidata.org/entity/Q3328728,music of Oceania,
http://www.wikidata.org/entity/Q107040857,Jibaro,http://www.wikidata.org/entity/Q98528191,Caribbean folk music,
http://www.wikidata.org/entity/Q107040857,Jibaro,http://www.wikidata.org/entity/Q98528197,Hispanic American folk music,
http://www.wikidata.org/entity/Q107044696,Nanbu Ushiouta,http://www.wikidata.org/entity/Q901610,min'yō,
http://www.wikidata.org/entity/Q107090469,Chechen folk music,http://www.wikidata.org/entity/Q107013350,Caucasian folk music,
http://www.wikidata.org/entity/Q107090501,Chicago hard house,http://www.wikidata.org/entity/Q20502,house music,1995-01-01T00:00:00Z
http://www.wikidata.org/entity/Q107091525,Cornish folk music,http://www.wikidata.org/entity/Q1771297,English folk music,
http://www.wikidata.org/entity/Q107091525,Cornish folk music,http://www.wikidata.org/entity/Q98528277,Celtic folk music,
http://www.wikidata.org/entity/Q107091813,East Coast club,http://www.wikidata.org/entity/Q106576141,ghetto club,1991-01-01T00:00:00Z
http://www.wikidata.org/entity/Q107091813,East Coast club,http://www.wikidata.org/entity/Q114880124,US bass music,1991-01-01T00:00:00Z
http://www.wikidata.org/entity/Q107100828,Candlemas singing in southern Lower Austria,http://www.wikidata.org/entity/Q131205623,Austrian folk music,
http://www.wikidata.org/entity/Q107123896,griot music,http://www.wikidata.org/entity/Q6942329,music of West Africa,
http://www.wikidata.org/entity/Q107124397,sonero music,http://www.wikidata.org/entity/Q18345375,Latin music,
http://www.wikidata.org/entity/Q107124431,Yemenite Jewish music,http://www.wikidata.org/entity/Q110249967,oriental Jewish music,
http://www.wikidata.org/entity/Q107138217,indigenous music of South America,http://www.wikidata.org/entity/Q5645984,music of South America,
http://www.wikidata.org/entity/Q107138217,indigenous music of South America,http://www.wikidata.org/entity/Q107407692,indigenous American music,
http://www.wikidata.org/entity/Q107140632,powwow music,http://www.wikidata.org/entity/Q2662072,indigenous music of North America,
http://www.wikidata.org/entity/Q107177810,children's musical,http://www.wikidata.org/entity/Q2743,musical play,
http://www.wikidata.org/entity/Q107189715,Arabic classical music,http://www.wikidata.org/entity/Q624044,Arabic music,
http://www.wikidata.org/entity/Q107189715,Arabic classical music,http://www.wikidata.org/entity/Q98528260,maqāmic music,
http://www.wikidata.org/entity/Q107192370,Tajik music,http://www.wikidata.org/entity/Q3328772,music of Tajikistan,
http://www.wikidata.org/entity/Q107192482,Turkmen music,http://www.wikidata.org/entity/Q3328789,music of Turkmenistan,
http://www.wikidata.org/entity/Q107192482,Turkmen music,http://www.wikidata.org/entity/Q107524184,Turkic music,
http://www.wikidata.org/entity/Q107192506,Uzbek classical music,http://www.wikidata.org/entity/Q3328738,music of Uzbekistan,
http://www.wikidata.org/entity/Q107192506,Uzbek classical music,http://www.wikidata.org/entity/Q98528260,maqāmic music,
http://www.wikidata.org/entity/Q107194317,progressive big band,http://www.wikidata.org/entity/Q105756581,big band music,
http://www.wikidata.org/entity/Q107194780,break-in,http://www.wikidata.org/entity/Q1151663,novelty music,
http://www.wikidata.org/entity/Q107194780,break-in,http://www.wikidata.org/entity/Q5151495,comedy music,
http://www.wikidata.org/entity/Q107195014,Cuban charanga,http://www.wikidata.org/entity/Q1544863,music of Cuba,
http://www.wikidata.org/entity/Q107196156,cuatro music,http://www.wikidata.org/entity/Q727781,music of Latin America,
http://www.wikidata.org/entity/Q107197766,Tex-Mex,http://www.wikidata.org/entity/Q1929352,roots rock,
http://www.wikidata.org/entity/Q107197766,Tex-Mex,http://www.wikidata.org/entity/Q6942291,music of Texas,
http://www.wikidata.org/entity/Q107229142,Turkish Black Sea Region folk music,http://www.wikidata.org/entity/Q1810546,Turkish folk music,
http://www.wikidata.org/entity/Q107254577,valsa brasileira,http://www.wikidata.org/entity/Q1484821,Brazilian classical music,
http://www.wikidata.org/entity/Q107254577,valsa brasileira,http://www.wikidata.org/entity/Q8701407,waltz,
http://www.wikidata.org/entity/Q107254627,cantoria,http://www.wikidata.org/entity/Q106926325,Brazilian folk music,
http://www.wikidata.org/entity/Q107266605,Andalusian folk music,http://www.wikidata.org/entity/Q2742742,music of Andalusia,
http://www.wikidata.org/entity/Q107266605,Andalusian folk music,http://www.wikidata.org/entity/Q9048257,Spanish folk music,
http://www.wikidata.org/entity/Q16556369,Italian folk rock,http://www.wikidata.org/entity/Q3679098,music of Italy,
http://www.wikidata.org/entity/Q16562829,harsh noise,http://www.wikidata.org/entity/Q726239,noise music,
http://www.wikidata.org/entity/Q16572889,liscio,http://www.wikidata.org/entity/Q1048249,Italian folk music,
http://www.wikidata.org/entity/Q16575000,high brow,http://www.wikidata.org/entity/Q8341,jazz,
http://www.wikidata.org/entity/Q16575969,horror metal,http://www.wikidata.org/entity/Q465978,extreme metal,
http://www.wikidata.org/entity/Q16575969,horror metal,http://www.wikidata.org/entity/Q830325,horror punk,
http://www.wikidata.org/entity/Q16582392,Joropo tuyero,http://www.wikidata.org/entity/Q235858,traditional folk music,
http://www.wikidata.org/entity/Q16582392,Joropo tuyero,http://www.wikidata.org/entity/Q1202208,joropo,
http://www.wikidata.org/entity/Q16587550,baile  Chocoana,http://www.wikidata.org/entity/Q252626,jota,
http://www.wikidata.org/entity/Q16610474,Contemporary Catholic liturgical music,http://www.wikidata.org/entity/Q8812109,church music,
http://www.wikidata.org/entity/Q16610474,Contemporary Catholic liturgical music,http://www.wikidata.org/entity/Q101417642,Catholic music,
http://www.wikidata.org/entity/Q16615430,Palo de Mayo,http://www.wikidata.org/entity/Q3394906,music of the Caribbean,
http://www.wikidata.org/entity/Q16625659,space ambient,http://www.wikidata.org/entity/Q193207,ambient music,1971-01-01T00:00:00Z
http://www.wikidata.org/entity/Q16625659,space ambient,http://www.wikidata.org/entity/Q2342263,space music,1971-01-01T00:00:00Z
http://www.wikidata.org/entity/Q16625777,rock de Mendoza,http://www.wikidata.org/entity/Q646026,Argentine rock,
http://www.wikidata.org/entity/Q16636260,straight jazz,http://www.wikidata.org/entity/Q8341,jazz,
http://www.wikidata.org/entity/Q16637770,tango rock,http://www.wikidata.org/entity/Q11399,rock music,1970-01-01T00:00:00Z
http://www.wikidata.org/entity/Q16637770,tango rock,http://www.wikidata.org/entity/Q14390274,tango,1970-01-01T00:00:00Z
http://www.wikidata.org/entity/Q16669553,kyska-kui,http://www.wikidata.org/entity/Q4452477,Tatar folk music,
http://www.wikidata.org/entity/Q16669553,kyska-kui,http://www.wikidata.org/entity/Q106642120,Bashkir folk music,
http://www.wikidata.org/entity/Q16674705,matanya,http://www.wikidata.org/entity/Q508790,chastushka,
http://www.wikidata.org/entity/Q16679594,Slavic folk music,http://www.wikidata.org/entity/Q98528192,European folk music,
http://www.wikidata.org/entity/Q16681686,nomos,http://www.wikidata.org/entity/Q1139787,music of ancient Greece,
http://www.wikidata.org/entity/Q16682190,Slavic rite song,http://www.wikidata.org/entity/Q108823220,ritual song,
http://www.wikidata.org/entity/Q16684826,paraliturgical music,http://www.wikidata.org/entity/Q6452410,Christian music,
http://www.wikidata.org/entity/Q16702540,street ska,http://www.wikidata.org/entity/Q54365,ska,
http://www.wikidata.org/entity/Q16709471,uzun-kui,http://www.wikidata.org/entity/Q4452477,Tatar folk music,
http://www.wikidata.org/entity/Q16709471,uzun-kui,http://www.wikidata.org/entity/Q106642120,Bashkir folk music,
http://www.wikidata.org/entity/Q16801007,Mongolian throat singing,http://www.wikidata.org/entity/Q110606359,Central Asian throat singing,
http://www.wikidata.org/entity/Q16820420,American march music,http://www.wikidata.org/entity/Q211025,march,
http://www.wikidata.org/entity/Q16821210,Japanese jazz,http://www.wikidata.org/entity/Q8341,jazz,1920-01-01T00:00:00Z
http://www.wikidata.org/entity/Q16821210,Japanese jazz,http://www.wikidata.org/entity/Q257533,music of Japan,1920-01-01T00:00:00Z
http://www.wikidata.org/entity/Q16828236,Scottish court music,http://www.wikidata.org/entity/Q9730,classical music,
http://www.wikidata.org/entity/Q16828236,Scottish court music,http://www.wikidata.org/entity/Q1048469,music of Scotland,
http://www.wikidata.org/entity/Q16829781,cloud rap,http://www.wikidata.org/entity/Q11401,hip-hop,2006-01-01T00:00:00Z
http://www.wikidata.org/entity/Q16837290,Balearic trance,http://www.wikidata.org/entity/Q170435,trance,1991-01-01T00:00:00Z
http://www.wikidata.org/entity/Q16837290,Balearic trance,http://www.wikidata.org/entity/Q757143,chill-out music,1991-01-01T00:00:00Z
http://www.wikidata.org/entity/Q16837791,music of French Guiana,http://www.wikidata.org/entity/Q5645984,music of South America,
http://www.wikidata.org/entity/Q16844015,toada de boi,http://www.wikidata.org/entity/Q106926325,Brazilian folk music,
http://www.wikidata.org/entity/Q16844015,toada de boi,http://www.wikidata.org/entity/Q107033384,holiday music,
http://www.wikidata.org/entity/Q16855754,blackgaze,http://www.wikidata.org/entity/Q65937017,atmospheric black metal,2003-01-01T00:00:00Z
http://www.wikidata.org/entity/Q16873176,New Orleans soul,http://www.wikidata.org/entity/Q131272,soul,1963-01-01T00:00:00Z
http://www.wikidata.org/entity/Q16874159,tyrolienne,http://www.wikidata.org/entity/Q2956178,French folk music,
http://www.wikidata.org/entity/Q16874159,tyrolienne,http://www.wikidata.org/entity/Q118738993,folk dance music,
http://www.wikidata.org/entity/Q16888343,Wuu Chinese pop,http://www.wikidata.org/entity/Q1192110,C-pop,
http://www.wikidata.org/entity/Q16894106,1-bit music,http://www.wikidata.org/entity/Q106422444,bit music,
http://www.wikidata.org/entity/Q16894831,pols,http://www.wikidata.org/entity/Q1766836,Polska,
http://www.wikidata.org/entity/Q16912992,stepenny,http://www.wikidata.org/entity/Q4376204,Eastern Orthodox music,
http://www.wikidata.org/entity/Q16928350,Mirabi,http://www.wikidata.org/entity/Q4794612,music of South Africa,
http://www.wikidata.org/entity/Q16937368,koliadka,http://www.wikidata.org/entity/Q503354,Christmas carol,
http://www.wikidata.org/entity/Q16937368,koliadka,http://www.wikidata.org/entity/Q4400497,Russian folk song,
http://www.wikidata.org/entity/Q16937368,koliadka,http://www.wikidata.org/entity/Q16682190,Slavic rite song,
http://www.wikidata.org/entity/Q16942070,Mexican folk music,http://www.wikidata.org/entity/Q7309098,regional Mexican,
http://www.wikidata.org/entity/Q16942070,Mexican folk music,http://www.wikidata.org/entity/Q98528197,Hispanic American folk music,
http://www.wikidata.org/entity/Q16942605,nhạc dân tộc cải biên,http://www.wikidata.org/entity/Q10757361,Vietnamese folk music,
http://www.wikidata.org/entity/Q16947034,Venezuelan bambuco,http://www.wikidata.org/entity/Q527675,bambuco,
http://www.wikidata.org/entity/Q16947034,Venezuelan bambuco,http://www.wikidata.org/entity/Q2486179,music of Venezuela,
http://www.wikidata.org/entity/Q16947691,tropical fusion,http://www.wikidata.org/entity/Q3328778,tropical music,
http://www.wikidata.org/entity/Q16951912,Birmingham sound,http://www.wikidata.org/entity/Q29480448,industrial techno,1993-01-01T00:00:00Z
http://www.wikidata.org/entity/Q16954055,bro-country,http://www.wikidata.org/entity/Q2280497,country pop,
http://www.wikidata.org/entity/Q16960459,dhaanto,http://www.wikidata.org/entity/Q6942277,music of Somalia,
http://www.wikidata.org/entity/Q16961740,music of Vatican City,http://www.wikidata.org/entity/Q106508039,music of Southern Europe,
http://www.wikidata.org/entity/Q16965402,Jari gan,http://www.wikidata.org/entity/Q3328593,music of Bangladesh,
http://www.wikidata.org/entity/Q16977816,Moroccan pop,http://www.wikidata.org/entity/Q37073,pop music,2005-01-01T00:00:00Z
http://www.wikidata.org/entity/Q16977816,Moroccan pop,http://www.wikidata.org/entity/Q2346484,music of Morocco,2005-01-01T00:00:00Z
http://www.wikidata.org/entity/Q16979361,neotango,http://www.wikidata.org/entity/Q14390274,tango,
http://www.wikidata.org/entity/Q16985341,British Black music,http://www.wikidata.org/entity/Q268673,music of the United Kingdom,
http://www.wikidata.org/entity/Q16985341,British Black music,http://www.wikidata.org/entity/Q6942343,music of the African diaspora,
http://www.wikidata.org/entity/Q16985638,Bulgarian wedding music,http://www.wikidata.org/entity/Q1003981,music of Bulgaria,
http://www.wikidata.org/entity/Q16985638,Bulgarian wedding music,http://www.wikidata.org/entity/Q106015533,wedding music,
http://www.wikidata.org/entity/Q16986699,cha-cha-chá,http://www.wikidata.org/entity/Q316930,dance music,
http://www.wikidata.org/entity/Q16986699,cha-cha-chá,http://www.wikidata.org/entity/Q1544863,music of Cuba,
http://www.wikidata.org/entity/Q16986699,cha-cha-chá,http://www.wikidata.org/entity/Q3328778,tropical music,
http://www.wikidata.org/entity/Q16987529,Italian classical music,http://www.wikidata.org/entity/Q9730,classical music,
http://www.wikidata.org/entity/Q16993565,Afro-Peruvian music,http://www.wikidata.org/entity/Q3085344,music of Peru,
http://www.wikidata.org/entity/Q16993565,Afro-Peruvian music,http://www.wikidata.org/entity/Q6942343,music of the African diaspora,
http://www.wikidata.org/entity/Q17000631,Australian folk music,http://www.wikidata.org/entity/Q235858,traditional folk music,
http://www.wikidata.org/entity/Q17000631,Australian folk music,http://www.wikidata.org/entity/Q3114644,music of Australia,
http://www.wikidata.org/entity/Q17002468,Brasília hip hop,http://www.wikidata.org/entity/Q3135796,Brazilian hip-hop,
http://www.wikidata.org/entity/Q17004167,Haitian rock,http://www.wikidata.org/entity/Q11399,rock music,1965-01-01T00:00:00Z
http://www.wikidata.org/entity/Q17004167,Haitian rock,http://www.wikidata.org/entity/Q3710513,music of Haiti,1965-01-01T00:00:00Z
http://www.wikidata.org/entity/Q17004507,music of Guinea,http://www.wikidata.org/entity/Q6942329,music of West Africa,
http://www.wikidata.org/entity/Q17004572,hip hop galsen,http://www.wikidata.org/entity/Q7450478,Senegalese hip hop,
http://www.wikidata.org/entity/Q17007779,Latin Christian music,http://www.wikidata.org/entity/Q1379958,contemporary Christian music,
http://www.wikidata.org/entity/Q17007779,Latin Christian music,http://www.wikidata.org/entity/Q18345375,Latin music,
http://www.wikidata.org/entity/Q17012551,animation music,http://www.wikidata.org/entity/Q492264,film score,
http://www.wikidata.org/entity/Q17018487,Scottish folk music,http://www.wikidata.org/entity/Q1048469,music of Scotland,
http://www.wikidata.org/entity/Q17018487,Scottish folk music,http://www.wikidata.org/entity/Q98528277,Celtic folk music,
http://www.wikidata.org/entity/Q17018487,Scottish folk music,http://www.wikidata.org/entity/Q109916244,British folk music,
http://www.wikidata.org/entity/Q17021538,Meriyasu,http://www.wikidata.org/entity/Q257533,music of Japan,
http://www.wikidata.org/entity/Q17030450,Kanikapila,http://www.wikidata.org/entity/Q1071834,music of Hawaii,
http://www.wikidata.org/entity/Q1939197,türkü,http://www.wikidata.org/entity/Q1810546,Turkish folk music,
http://www.wikidata.org/entity/Q1947846,murder ballad,http://www.wikidata.org/entity/Q116690343,ballad,
http://www.wikidata.org/entity/Q1952679,mundart music,http://www.wikidata.org/entity/Q2743758,music of Germany,
http://www.wikidata.org/entity/Q1952808,Munich sound,http://www.wikidata.org/entity/Q58339,disco,
http://www.wikidata.org/entity/Q1954953,musical play,http://www.wikidata.org/entity/Q2743,musical play,
http://www.wikidata.org/entity/Q1955000,music of the Gambia,http://www.wikidata.org/entity/Q6942329,music of West Africa,
http://www.wikidata.org/entity/Q1955040,music of the Democratic Republic of the Congo,http://www.wikidata.org/entity/Q116777655,music of Congo,
http://www.wikidata.org/entity/Q1956166,Muwashshah,http://www.wikidata.org/entity/Q624044,Arabic music,
http://www.wikidata.org/entity/Q1958247,Brazilian gaucho music,http://www.wikidata.org/entity/Q899215,music of Brazil,
http://www.wikidata.org/entity/Q1958273,sertanejo,http://www.wikidata.org/entity/Q899215,music of Brazil,1920-01-01T00:00:00Z
http://www.wikidata.org/entity/Q1969410,ikos,http://www.wikidata.org/entity/Q484692,hymn,
http://www.wikidata.org/entity/Q1973457,seguidilla,http://www.wikidata.org/entity/Q235858,traditional folk music,
http://www.wikidata.org/entity/Q1973860,stotra,http://www.wikidata.org/entity/Q63203971,religious hymn,
http://www.wikidata.org/entity/Q1973965,Dutch hip hop,http://www.wikidata.org/entity/Q377185,music of the Netherlands,
http://www.wikidata.org/entity/Q1973965,Dutch hip hop,http://www.wikidata.org/entity/Q2668052,Dutch-language music,
http://www.wikidata.org/entity/Q1973965,Dutch hip hop,http://www.wikidata.org/entity/Q5413526,European hip-hop,
http://www.wikidata.org/entity/Q1976128,Asian Underground,http://www.wikidata.org/entity/Q2549052,ethnic electronica,
http://www.wikidata.org/entity/Q1976128,Asian Underground,http://www.wikidata.org/entity/Q4020968,world fusion,
http://www.wikidata.org/entity/Q1980100,8-bit music,http://www.wikidata.org/entity/Q106422444,bit music,
http://www.wikidata.org/entity/Q1982426,New Orleans jazz,http://www.wikidata.org/entity/Q8341,jazz,
http://www.wikidata.org/entity/Q1982477,new country,http://www.wikidata.org/entity/Q83440,country music,
http://www.wikidata.org/entity/Q1982973,new wave of new wave,http://www.wikidata.org/entity/Q187760,new wave,1992-01-01T00:00:00Z
http://www.wikidata.org/entity/Q1983116,New York hardcore,http://www.wikidata.org/entity/Q10922,hardcore punk,1982-01-01T00:00:00Z
http://www.wikidata.org/entity/Q1983750,mainstream hardcore,http://www.wikidata.org/entity/Q820049,gabber,1996-01-01T00:00:00Z
http://www.wikidata.org/entity/Q1983750,mainstream hardcore,http://www.wikidata.org/entity/Q1033912,hard dance,1996-01-01T00:00:00Z
http://www.wikidata.org/entity/Q1987105,grebo,http://www.wikidata.org/entity/Q2187392,alternative dance,1986-01-01T00:00:00Z
http://www.wikidata.org/entity/Q1987980,breakstep,http://www.wikidata.org/entity/Q1165777,UK garage,1998-01-01T00:00:00Z
http://www.wikidata.org/entity/Q1989725,nigun,http://www.wikidata.org/entity/Q10978770,Jewish religious music,
http://www.wikidata.org/entity/Q1990122,Celtic punk,http://www.wikidata.org/entity/Q3071,punk rock,1984-01-01T00:00:00Z
http://www.wikidata.org/entity/Q1990122,Celtic punk,http://www.wikidata.org/entity/Q1425661,folk punk,1984-01-01T00:00:00Z
http://www.wikidata.org/entity/Q1991450,New York blues,http://www.wikidata.org/entity/Q9759,blues,
http://www.wikidata.org/entity/Q1995569,thrashcore,http://www.wikidata.org/entity/Q10922,hardcore punk,1980-01-01T00:00:00Z
http://www.wikidata.org/entity/Q1995569,thrashcore,http://www.wikidata.org/entity/Q483352,thrash metal,1980-01-01T00:00:00Z
http://www.wikidata.org/entity/Q1995980,new rave,http://www.wikidata.org/entity/Q183504,indie rock,2003-01-01T00:00:00Z
http://www.wikidata.org/entity/Q1995980,new rave,http://www.wikidata.org/entity/Q2187392,alternative dance,2003-01-01T00:00:00Z
http://www.wikidata.org/entity/Q2000173,Gnawa music,http://www.wikidata.org/entity/Q11400811,music of North Africa,
http://www.wikidata.org/entity/Q2000173,Gnawa music,http://www.wikidata.org/entity/Q98528185,African folk music,
http://www.wikidata.org/entity/Q2000397,music of Moldova,http://www.wikidata.org/entity/Q108857328,music of Eastern Europe,
http://www.wikidata.org/entity/Q2001062,Northern soul (US),http://www.wikidata.org/entity/Q131272,soul,
http://www.wikidata.org/entity/Q2002705,nouvelle chanson,http://www.wikidata.org/entity/Q1062328,chanson,
http://www.wikidata.org/entity/Q2004156,industrial hip-hop,http://www.wikidata.org/entity/Q936942,post-industrial music,1985-01-01T00:00:00Z
http://www.wikidata.org/entity/Q2004156,industrial hip-hop,http://www.wikidata.org/entity/Q5421158,experimental hip-hop,1985-01-01T00:00:00Z
http://www.wikidata.org/entity/Q2022163,Southern gospel,http://www.wikidata.org/entity/Q180268,gospel music,1890-01-01T00:00:00Z
http://www.wikidata.org/entity/Q2028627,orchestral song,http://www.wikidata.org/entity/Q3328774,symphonic music,
http://www.wikidata.org/entity/Q2028627,orchestral song,http://www.wikidata.org/entity/Q4797274,art song,
http://www.wikidata.org/entity/Q2032053,music of Georgia,http://www.wikidata.org/entity/Q106506985,music of the Caucasus,
http://www.wikidata.org/entity/Q2035976,Nintendocore,http://www.wikidata.org/entity/Q10922,hardcore punk,2001-09-01T00:00:00Z
http://www.wikidata.org/entity/Q2037128,Metal Mass,http://www.wikidata.org/entity/Q217295,mass,
http://www.wikidata.org/entity/Q2038317,new prog,http://www.wikidata.org/entity/Q49451,progressive rock,
http://www.wikidata.org/entity/Q2043175,hyphy,http://www.wikidata.org/entity/Q11401,hip-hop,1998-01-01T00:00:00Z
http://www.wikidata.org/entity/Q2045695,shock rock,http://www.wikidata.org/entity/Q11399,rock music,1960-01-01T00:00:00Z
http://www.wikidata.org/entity/Q2047694,cantiones natalitiæ,http://www.wikidata.org/entity/Q179465,polyphony,
http://www.wikidata.org/entity/Q2047694,cantiones natalitiæ,http://www.wikidata.org/entity/Q503354,Christmas carol,
http://www.wikidata.org/entity/Q2047814,Palingsound,http://www.wikidata.org/entity/Q1936659,Nederpop,
http://www.wikidata.org/entity/Q2064394,worldbeat,http://www.wikidata.org/entity/Q205049,world music,1985-01-01T00:00:00Z
http://www.wikidata.org/entity/Q2064394,worldbeat,http://www.wikidata.org/entity/Q373342,popular music,1985-01-01T00:00:00Z
http://www.wikidata.org/entity/Q2064873,math metal,http://www.wikidata.org/entity/Q484344,progressive metal,
http://www.wikidata.org/entity/Q2070102,Azerbaijani jazz,http://www.wikidata.org/entity/Q8341,jazz,
http://www.wikidata.org/entity/Q2070102,Azerbaijani jazz,http://www.wikidata.org/entity/Q724104,music of Azerbaijan,
http://www.wikidata.org/entity/Q2076779,bubblegum dance,http://www.wikidata.org/entity/Q216961,Eurodance,1995-01-01T00:00:00Z
http://www.wikidata.org/entity/Q2078706,music of Luxembourg,http://www.wikidata.org/entity/Q106507873,music of Western Europe,
http://www.wikidata.org/entity/Q2082510,music of Switzerland,http://www.wikidata.org/entity/Q106507873,music of Western Europe,
http://www.wikidata.org/entity/Q2082572,liquid drum and bass,http://www.wikidata.org/entity/Q188994,drum and bass,1998-01-01T00:00:00Z
http://www.wikidata.org/entity/Q2084353,electronicore,http://www.wikidata.org/entity/Q183862,metalcore,2000-01-01T00:00:00Z
http://www.wikidata.org/entity/Q2084353,electronicore,http://www.wikidata.org/entity/Q377910,post-hardcore,2000-01-01T00:00:00Z
http://www.wikidata.org/entity/Q2087267,laïko,http://www.wikidata.org/entity/Q1465419,music of Greece,1960-01-01T00:00:00Z
http://www.wikidata.org/entity/Q2087267,laïko,http://www.wikidata.org/entity/Q3211884,music of the Balkans,1960-01-01T00:00:00Z
http://www.wikidata.org/entity/Q2087267,laïko,http://www.wikidata.org/entity/Q3328681,popular folk music,1960-01-01T00:00:00Z
http://www.wikidata.org/entity/Q2089511,death-doom,http://www.wikidata.org/entity/Q186170,doom metal,1992-01-01T00:00:00Z
http://www.wikidata.org/entity/Q2089987,twelve-bar blues,http://www.wikidata.org/entity/Q9759,blues,
http://www.wikidata.org/entity/Q2090023,piano rock,http://www.wikidata.org/entity/Q11399,rock music,1955-01-01T00:00:00Z
http://www.wikidata.org/entity/Q2090023,piano rock,http://www.wikidata.org/entity/Q484641,pop rock,1955-01-01T00:00:00Z
http://www.wikidata.org/entity/Q2090712,music of Austria,http://www.wikidata.org/entity/Q106507381,music of Central Europe,
http://www.wikidata.org/entity/Q2090712,music of Austria,http://www.wikidata.org/entity/Q106507873,music of Western Europe,
http://www.wikidata.org/entity/Q2090950,Byzantine music,http://www.wikidata.org/entity/Q18846,ancient music,
http://www.wikidata.org/entity/Q2090950,Byzantine music,http://www.wikidata.org/entity/Q1503406,music of the Middle East,
http://www.wikidata.org/entity/Q2090950,Byzantine music,http://www.wikidata.org/entity/Q11400811,music of North Africa,
http://www.wikidata.org/entity/Q2090950,Byzantine music,http://www.wikidata.org/entity/Q106508039,music of Southern Europe,
http://www.wikidata.org/entity/Q2097664,Indorock,http://www.wikidata.org/entity/Q7749,rock and roll,1957-01-01T00:00:00Z
http://www.wikidata.org/entity/Q2101610,political punk,http://www.wikidata.org/entity/Q3071,punk rock,
http://www.wikidata.org/entity/Q2101610,political punk,http://www.wikidata.org/entity/Q28146601,political music,
http://www.wikidata.org/entity/Q2101613,Politrock,http://www.wikidata.org/entity/Q11399,rock music,
http://www.wikidata.org/entity/Q2101613,Politrock,http://www.wikidata.org/entity/Q24383,German rock,
http://www.wikidata.org/entity/Q2101808,Dutch punk,http://www.wikidata.org/entity/Q3071,punk rock,
http://www.wikidata.org/entity/Q2101808,Dutch punk,http://www.wikidata.org/entity/Q377185,music of the Netherlands,
http://www.wikidata.org/entity/Q2102487,Polish pop,http://www.wikidata.org/entity/Q473602,music of Poland,
http://www.wikidata.org/entity/Q2102487,Polish pop,http://www.wikidata.org/entity/Q117000933,Eastern European pop,
http://www.wikidata.org/entity/Q2102553,Polish hip hop,http://www.wikidata.org/entity/Q473602,music of Poland,
http://www.wikidata.org/entity/Q2102553,Polish hip hop,http://www.wikidata.org/entity/Q5413526,European hip-hop,
http://www.wikidata.org/entity/Q2104067,jazz pop,http://www.wikidata.org/entity/Q37073,pop music,1975-01-01T00:00:00Z
http://www.wikidata.org/entity/Q6138491,tamborera,http://www.wikidata.org/entity/Q107718539,Hispanic American music,
http://www.wikidata.org/entity/Q6138497,Colombian tamborito,http://www.wikidata.org/entity/Q920883,music of Colombia,
http://www.wikidata.org/entity/Q6138497,Colombian tamborito,http://www.wikidata.org/entity/Q98528197,Hispanic American folk music,
http://www.wikidata.org/entity/Q6138499,tamborito,http://www.wikidata.org/entity/Q6942240,music of Panama,
http://www.wikidata.org/entity/Q6138499,tamborito,http://www.wikidata.org/entity/Q98528197,Hispanic American folk music,
http://www.wikidata.org/entity/Q6140143,tecnomerengue,http://www.wikidata.org/entity/Q282131,merengue,
http://www.wikidata.org/entity/Q6140143,tecnomerengue,http://www.wikidata.org/entity/Q5645984,music of South America,
http://www.wikidata.org/entity/Q6149344,pinpeat,http://www.wikidata.org/entity/Q106877947,Cambodian classical music,
http://www.wikidata.org/entity/Q6153278,tropical rock,http://www.wikidata.org/entity/Q484641,pop rock,1973-01-01T00:00:00Z
http://www.wikidata.org/entity/Q6153324,trova paisa,http://www.wikidata.org/entity/Q2420447,trova,
http://www.wikidata.org/entity/Q6153327,trova rosarina,http://www.wikidata.org/entity/Q645992,music of Argentina,
http://www.wikidata.org/entity/Q6153327,trova rosarina,http://www.wikidata.org/entity/Q89363113,singer-songwriter music,
http://www.wikidata.org/entity/Q6153818,tunantada,http://www.wikidata.org/entity/Q3085344,music of Peru,
http://www.wikidata.org/entity/Q6157282,uptown soul,http://www.wikidata.org/entity/Q131272,soul,
http://www.wikidata.org/entity/Q6158987,Japanese reggae,http://www.wikidata.org/entity/Q9794,reggae,
http://www.wikidata.org/entity/Q6158987,Japanese reggae,http://www.wikidata.org/entity/Q257533,music of Japan,
http://www.wikidata.org/entity/Q6160688,versus,http://www.wikidata.org/entity/Q23072435,chant,
http://www.wikidata.org/entity/Q6165240,tembang macapat,http://www.wikidata.org/entity/Q12520649,tembang,
http://www.wikidata.org/entity/Q6168369,Afro-jazz,http://www.wikidata.org/entity/Q8341,jazz,
http://www.wikidata.org/entity/Q6168369,Afro-jazz,http://www.wikidata.org/entity/Q369820,music of Africa,
http://www.wikidata.org/entity/Q6168383,Indian jazz,http://www.wikidata.org/entity/Q8341,jazz,
http://www.wikidata.org/entity/Q6168383,Indian jazz,http://www.wikidata.org/entity/Q531426,music of India,
http://www.wikidata.org/entity/Q6168405,jazz poetry,http://www.wikidata.org/entity/Q8341,jazz,
http://www.wikidata.org/entity/Q6168411,jazz waltz,http://www.wikidata.org/entity/Q8341,jazz,
http://www.wikidata.org/entity/Q6169362,xuc,http://www.wikidata.org/entity/Q6942071,music of El Salvador,
http://www.wikidata.org/entity/Q6184945,Jersey Shore sound,http://www.wikidata.org/entity/Q3437802,American rock,
http://www.wikidata.org/entity/Q6188299,Jesus music,http://www.wikidata.org/entity/Q1379958,contemporary Christian music,1968-01-01T00:00:00Z
http://www.wikidata.org/entity/Q6191199,Jhumar,http://www.wikidata.org/entity/Q854844,bhangra,
http://www.wikidata.org/entity/Q6191683,Jiangnan sizhu,http://www.wikidata.org/entity/Q51446080,Chinese traditional music,
http://www.wikidata.org/entity/Q6191683,Jiangnan sizhu,http://www.wikidata.org/entity/Q134005844,sizhu music,
http://www.wikidata.org/entity/Q6192596,Jikey,http://www.wikidata.org/entity/Q1370345,musical theater,
http://www.wikidata.org/entity/Q6296743,jovem guarda,http://www.wikidata.org/entity/Q546264,beat music,
http://www.wikidata.org/entity/Q6301761,benga music,http://www.wikidata.org/entity/Q3868594,music of Kenya,1948-01-01T00:00:00Z
http://www.wikidata.org/entity/Q6305421,juke joint blues,http://www.wikidata.org/entity/Q9759,blues,
http://www.wikidata.org/entity/Q6346110,Kafi,http://www.wikidata.org/entity/Q1755959,Sufi music,
http://www.wikidata.org/entity/Q6348907,Kajari,http://www.wikidata.org/entity/Q19749652,Bhojpuri folk music,
http://www.wikidata.org/entity/Q6365333,kantan chamorrita,http://www.wikidata.org/entity/Q106506830,music of Micronesia,
http://www.wikidata.org/entity/Q6365528,kanto,http://www.wikidata.org/entity/Q1074080,music of Turkey,
http://www.wikidata.org/entity/Q6365528,kanto,http://www.wikidata.org/entity/Q1370345,musical theater,
http://www.wikidata.org/entity/Q6367434,Kar,http://www.wikidata.org/entity/Q685884,vocal music,
http://www.wikidata.org/entity/Q6379275,Kavishari,http://www.wikidata.org/entity/Q8564213,Punjabi folk music,
http://www.wikidata.org/entity/Q6379472,Kawachi Ondo,http://www.wikidata.org/entity/Q7832297,traditional Japanese music,
http://www.wikidata.org/entity/Q6392890,Kenyan hip hop,http://www.wikidata.org/entity/Q387236,African hip-hop,1990-01-01T00:00:00Z
http://www.wikidata.org/entity/Q6392890,Kenyan hip hop,http://www.wikidata.org/entity/Q3868594,music of Kenya,1990-01-01T00:00:00Z
http://www.wikidata.org/entity/Q6397421,Bolero son,http://www.wikidata.org/entity/Q4428744,son cubano,
http://www.wikidata.org/entity/Q6397421,Bolero son,http://www.wikidata.org/entity/Q15830404,bolero,
http://www.wikidata.org/entity/Q6404580,kidandali,http://www.wikidata.org/entity/Q972634,African popular music,
http://www.wikidata.org/entity/Q6404580,kidandali,http://www.wikidata.org/entity/Q3868597,music of Uganda,
http://www.wikidata.org/entity/Q6410349,Kinah,http://www.wikidata.org/entity/Q1229479,lamentation,
http://www.wikidata.org/entity/Q6410606,Kindie rock,http://www.wikidata.org/entity/Q11399,rock music,
http://www.wikidata.org/entity/Q6410606,Kindie rock,http://www.wikidata.org/entity/Q2389651,children's music,
http://www.wikidata.org/entity/Q6414548,Kiowa music,http://www.wikidata.org/entity/Q2662072,indigenous music of North America,
http://www.wikidata.org/entity/Q6419747,Klasik,http://www.wikidata.org/entity/Q383103,music of Afghanistan,
http://www.wikidata.org/entity/Q6419747,Klasik,http://www.wikidata.org/entity/Q1770695,Hindustani classical music,
http://www.wikidata.org/entity/Q6421060,Kliningan,http://www.wikidata.org/entity/Q3160589,Jaipongan,
http://www.wikidata.org/entity/Q6425210,Dapha music,http://www.wikidata.org/entity/Q7016547,Newar music,
http://www.wikidata.org/entity/Q6431989,Korean hip-hop,http://www.wikidata.org/entity/Q4806789,Asian hip-hop,1990-01-01T00:00:00Z
http://www.wikidata.org/entity/Q6431989,Korean hip-hop,http://www.wikidata.org/entity/Q6942280,music of South Korea,1990-01-01T00:00:00Z
http://www.wikidata.org/entity/Q6432024,Korean rock,http://www.wikidata.org/entity/Q11399,rock music,
http://www.wikidata.org/entity/Q6432024,Korean rock,http://www.wikidata.org/entity/Q6942280,music of South Korea,
http://www.wikidata.org/entity/Q6440913,Ktsord,http://www.wikidata.org/entity/Q2665906,music of Armenia,
http://www.wikidata.org/entity/Q6442578,Kuku,http://www.wikidata.org/entity/Q6942329,music of West Africa,
http://www.wikidata.org/entity/Q6444335,kundiman,http://www.wikidata.org/entity/Q3328743,music of the Philippines,
http://www.wikidata.org/entity/Q6444335,kundiman,http://www.wikidata.org/entity/Q106586999,Southeast Asian folk music,
http://www.wikidata.org/entity/Q6452410,Christian music,http://www.wikidata.org/entity/Q1065742,religious music,
http://www.wikidata.org/entity/Q6453929,könsrock,http://www.wikidata.org/entity/Q11399,rock music,
http://www.wikidata.org/entity/Q6456152,Lao pop,http://www.wikidata.org/entity/Q37073,pop music,
http://www.wikidata.org/entity/Q6456152,Lao pop,http://www.wikidata.org/entity/Q3328702,Lao music,
http://www.wikidata.org/entity/Q6480724,lam luang,http://www.wikidata.org/entity/Q3328702,Lao music,
http://www.wikidata.org/entity/Q6480725,lam ploen,http://www.wikidata.org/entity/Q3328702,Lao music,
http://www.wikidata.org/entity/Q6480726,lam saravane,http://www.wikidata.org/entity/Q109270949,Lao folk music,
http://www.wikidata.org/entity/Q6496549,Latin soul,http://www.wikidata.org/entity/Q131272,soul,1961-01-01T00:00:00Z
http://www.wikidata.org/entity/Q6496549,Latin soul,http://www.wikidata.org/entity/Q18345375,Latin music,1961-01-01T00:00:00Z
http://www.wikidata.org/entity/Q6496560,Latin ballad,http://www.wikidata.org/entity/Q547137,Latin pop,1962-01-01T00:00:00Z
http://www.wikidata.org/entity/Q6496560,Latin ballad,http://www.wikidata.org/entity/Q1077388,sentimental ballad,1962-01-01T00:00:00Z
http://www.wikidata.org/entity/Q6497489,Latvian rock,http://www.wikidata.org/entity/Q11399,rock music,
http://www.wikidata.org/entity/Q6497489,Latvian rock,http://www.wikidata.org/entity/Q2503249,music of Latvia,
http://www.wikidata.org/entity/Q6510987,Lebanese hip hop,http://www.wikidata.org/entity/Q3135793,Middle Eastern hip hop,
http://www.wikidata.org/entity/Q6510987,Lebanese hip hop,http://www.wikidata.org/entity/Q3328710,music of Lebanon,
http://www.wikidata.org/entity/Q6516176,Leeds hip-hop,http://www.wikidata.org/entity/Q469343,UK rap,
http://www.wikidata.org/entity/Q6543501,Oppari,http://www.wikidata.org/entity/Q111633950,funeral music,
http://www.wikidata.org/entity/Q6554176,Lining out,http://www.wikidata.org/entity/Q64137792,religious vocal music,
http://www.wikidata.org/entity/Q6585404,Israeli jazz,http://www.wikidata.org/entity/Q3858,music of Israel,
http://www.wikidata.org/entity/Q6585404,Israeli jazz,http://www.wikidata.org/entity/Q8341,jazz,
http://www.wikidata.org/entity/Q17037735,Sadra,http://www.wikidata.org/entity/Q1770695,Hindustani classical music,
http://www.wikidata.org/entity/Q17045570,triumphal march,http://www.wikidata.org/entity/Q211025,march,
http://www.wikidata.org/entity/Q17045843,Seminole music,http://www.wikidata.org/entity/Q2662072,indigenous music of North America,1750-01-01T00:00:00Z
http://www.wikidata.org/entity/Q17048822,Fakaseasea,http://www.wikidata.org/entity/Q108408373,Oceanic folk music,
http://www.wikidata.org/entity/Q17048829,Fatele,http://www.wikidata.org/entity/Q108408373,Oceanic folk music,
http://www.wikidata.org/entity/Q17051846,Dhumpa sangita,http://www.wikidata.org/entity/Q6022257,Indian folk music,1800-01-01T00:00:00Z
http://www.wikidata.org/entity/Q17053024,folkhop,http://www.wikidata.org/entity/Q854844,bhangra,
http://www.wikidata.org/entity/Q17053324,popcorn,http://www.wikidata.org/entity/Q37073,pop music,
http://www.wikidata.org/entity/Q17053324,popcorn,http://www.wikidata.org/entity/Q2587471,music of Belgium,
http://www.wikidata.org/entity/Q17053898,Ryukyuan music,http://www.wikidata.org/entity/Q3868595,music of East Asia,
http://www.wikidata.org/entity/Q17055458,New Zealand reggae,http://www.wikidata.org/entity/Q9794,reggae,
http://www.wikidata.org/entity/Q17055458,New Zealand reggae,http://www.wikidata.org/entity/Q6942216,music of New Zealand,
http://www.wikidata.org/entity/Q17058526,political music in China,http://www.wikidata.org/entity/Q277393,music of China,
http://www.wikidata.org/entity/Q17058526,political music in China,http://www.wikidata.org/entity/Q28146601,political music,
http://www.wikidata.org/entity/Q17060288,Shu school,http://www.wikidata.org/entity/Q277393,music of China,
http://www.wikidata.org/entity/Q17065399,wong shadow,http://www.wikidata.org/entity/Q867306,music of Thailand,1963-01-01T00:00:00Z
http://www.wikidata.org/entity/Q17065399,wong shadow,http://www.wikidata.org/entity/Q106581470,surf rock,1963-01-01T00:00:00Z
http://www.wikidata.org/entity/Q17069284,music of Togo,http://www.wikidata.org/entity/Q6942329,music of West Africa,
http://www.wikidata.org/entity/Q17070226,West Bengal rock music,http://www.wikidata.org/entity/Q11399,rock music,
http://www.wikidata.org/entity/Q17070464,doyo,http://www.wikidata.org/entity/Q257533,music of Japan,
http://www.wikidata.org/entity/Q17070502,music of Tamil Nadu,http://www.wikidata.org/entity/Q531426,music of India,
http://www.wikidata.org/entity/Q17073966,Mizo music,http://www.wikidata.org/entity/Q531426,music of India,
http://www.wikidata.org/entity/Q17073966,Mizo music,http://www.wikidata.org/entity/Q6022257,Indian folk music,
http://www.wikidata.org/entity/Q17075815,music of ancient India,http://www.wikidata.org/entity/Q18846,ancient music,
http://www.wikidata.org/entity/Q17077948,Kontradans,http://www.wikidata.org/entity/Q3710513,music of Haiti,
http://www.wikidata.org/entity/Q17079948,Venezuelan merengue,http://www.wikidata.org/entity/Q282131,merengue,
http://www.wikidata.org/entity/Q17080863,music of Costa Rica,http://www.wikidata.org/entity/Q727781,music of Latin America,
http://www.wikidata.org/entity/Q17080863,music of Costa Rica,http://www.wikidata.org/entity/Q5060331,music of Central America,
http://www.wikidata.org/entity/Q17086313,Mexican progressive rock,http://www.wikidata.org/entity/Q49451,progressive rock,
http://www.wikidata.org/entity/Q17086313,Mexican progressive rock,http://www.wikidata.org/entity/Q3437861,Mexican rock music,
http://www.wikidata.org/entity/Q17088735,santé engagé,http://www.wikidata.org/entity/Q6942267,music of Seychelles,
http://www.wikidata.org/entity/Q17091278,Romanian muzica populara,http://www.wikidata.org/entity/Q852210,music of Romania,
http://www.wikidata.org/entity/Q17091278,Romanian muzica populara,http://www.wikidata.org/entity/Q3328681,popular folk music,
http://www.wikidata.org/entity/Q17091278,Romanian muzica populara,http://www.wikidata.org/entity/Q117000933,Eastern European pop,
http://www.wikidata.org/entity/Q17098563,Hungarian pop,http://www.wikidata.org/entity/Q932477,music of Hungary,
http://www.wikidata.org/entity/Q17098563,Hungarian pop,http://www.wikidata.org/entity/Q117000933,Eastern European pop,
http://www.wikidata.org/entity/Q17103754,urban champeta,http://www.wikidata.org/entity/Q118177578,Colombian folk music,
http://www.wikidata.org/entity/Q17104891,Discant,http://www.wikidata.org/entity/Q163775,medieval music,
http://www.wikidata.org/entity/Q17108006,Zimbabwean jazz,http://www.wikidata.org/entity/Q8341,jazz,
http://www.wikidata.org/entity/Q17108006,Zimbabwean jazz,http://www.wikidata.org/entity/Q3868605,music of Zimbabwe,
http://www.wikidata.org/entity/Q17108017,Zimdancehall,http://www.wikidata.org/entity/Q474027,dancehall,1988-01-01T00:00:00Z
http://www.wikidata.org/entity/Q17108017,Zimdancehall,http://www.wikidata.org/entity/Q3868605,music of Zimbabwe,1988-01-01T00:00:00Z
http://www.wikidata.org/entity/Q17108262,Kadongo kamu,http://www.wikidata.org/entity/Q3868597,music of Uganda,
http://www.wikidata.org/entity/Q17111083,sunshine reggae,http://www.wikidata.org/entity/Q9794,reggae,
http://www.wikidata.org/entity/Q17111357,voëlvry movement,http://www.wikidata.org/entity/Q4794612,music of South Africa,
http://www.wikidata.org/entity/Q17111414,township music,http://www.wikidata.org/entity/Q7565881,South African jazz,
http://www.wikidata.org/entity/Q17111801,Zulu music,http://www.wikidata.org/entity/Q4794612,music of South Africa,1990-01-01T00:00:00Z
http://www.wikidata.org/entity/Q17115009,mugithi,http://www.wikidata.org/entity/Q106586248,music of East Africa,
http://www.wikidata.org/entity/Q17118720,trống quân,http://www.wikidata.org/entity/Q10743749,Vietnamese folk song,
http://www.wikidata.org/entity/Q17119147,indie hip-hop,http://www.wikidata.org/entity/Q11401,hip-hop,
http://www.wikidata.org/entity/Q17119147,indie hip-hop,http://www.wikidata.org/entity/Q42201,independent music,
http://www.wikidata.org/entity/Q17120991,Note nere,http://www.wikidata.org/entity/Q193217,madrigal,
http://www.wikidata.org/entity/Q17125440,West Coast School,http://www.wikidata.org/entity/Q65937946,modern classical music,
http://www.wikidata.org/entity/Q17146868,shangaan electro,http://www.wikidata.org/entity/Q851213,electronic dance music,2007-01-01T00:00:00Z
http://www.wikidata.org/entity/Q17153632,tallava,http://www.wikidata.org/entity/Q20825943,Balkan pop-folk,
http://www.wikidata.org/entity/Q17176205,Chicano punk,http://www.wikidata.org/entity/Q11399,rock music,
http://www.wikidata.org/entity/Q17191592,anime music,http://www.wikidata.org/entity/Q11398105,gekiban music,
http://www.wikidata.org/entity/Q17191592,anime music,http://www.wikidata.org/entity/Q17012551,animation music,
http://www.wikidata.org/entity/Q17231682,A&D,http://www.wikidata.org/entity/Q9778,electronic music,
http://www.wikidata.org/entity/Q17231747,Gekijou,http://www.wikidata.org/entity/Q10922,hardcore punk,
http://www.wikidata.org/entity/Q17231747,Gekijou,http://www.wikidata.org/entity/Q10926,emo,
http://www.wikidata.org/entity/Q17232009,brass rock,http://www.wikidata.org/entity/Q11399,rock music,
http://www.wikidata.org/entity/Q17272400,şarkı,http://www.wikidata.org/entity/Q1518063,Ottoman classical music,
http://www.wikidata.org/entity/Q17510016,African heavy metal,http://www.wikidata.org/entity/Q38848,heavy metal music,
http://www.wikidata.org/entity/Q17510016,African heavy metal,http://www.wikidata.org/entity/Q369820,music of Africa,
http://www.wikidata.org/entity/Q17513978,Canadian country music,http://www.wikidata.org/entity/Q83440,country music,
http://www.wikidata.org/entity/Q17513978,Canadian country music,http://www.wikidata.org/entity/Q6942037,music of Canada,
http://www.wikidata.org/entity/Q17513988,Canadian folk music,http://www.wikidata.org/entity/Q6942037,music of Canada,
http://www.wikidata.org/entity/Q17513988,Canadian folk music,http://www.wikidata.org/entity/Q108743983,North American folk music,
http://www.wikidata.org/entity/Q17514023,Canadian hardcore punk,http://www.wikidata.org/entity/Q10922,hardcore punk,
http://www.wikidata.org/entity/Q17514023,Canadian hardcore punk,http://www.wikidata.org/entity/Q5030866,Canadian punk rock,
http://www.wikidata.org/entity/Q17514029,Canadian heavy metal,http://www.wikidata.org/entity/Q38848,heavy metal music,
http://www.wikidata.org/entity/Q17514029,Canadian heavy metal,http://www.wikidata.org/entity/Q6942037,music of Canada,
http://www.wikidata.org/entity/Q17630580,Izlan,http://www.wikidata.org/entity/Q3328601,Berber music,
http://www.wikidata.org/entity/Q17988509,jazz mugham,http://www.wikidata.org/entity/Q724104,music of Azerbaijan,
http://www.wikidata.org/entity/Q17988509,jazz mugham,http://www.wikidata.org/entity/Q1127530,modal jazz,
http://www.wikidata.org/entity/Q17991683,saimon,http://www.wikidata.org/entity/Q5958515,katarimono,
http://www.wikidata.org/entity/Q17995885,technical metal,http://www.wikidata.org/entity/Q12326776,metal music,
http://www.wikidata.org/entity/Q17995961,mobb music,http://www.wikidata.org/entity/Q11401,hip-hop,1990-01-01T00:00:00Z
http://www.wikidata.org/entity/Q18110001,Azerbaijani pop,http://www.wikidata.org/entity/Q37073,pop music,
http://www.wikidata.org/entity/Q18110001,Azerbaijani pop,http://www.wikidata.org/entity/Q724104,music of Azerbaijan,
http://www.wikidata.org/entity/Q18126969,Krishnacore,http://www.wikidata.org/entity/Q108865641,straight edge,
http://www.wikidata.org/entity/Q18129813,music of Egypt,http://www.wikidata.org/entity/Q1503406,music of the Middle East,
http://www.wikidata.org/entity/Q18129813,music of Egypt,http://www.wikidata.org/entity/Q11400811,music of North Africa,
http://www.wikidata.org/entity/Q18163148,Iranian jazz,http://www.wikidata.org/entity/Q8341,jazz,
http://www.wikidata.org/entity/Q18163148,Iranian jazz,http://www.wikidata.org/entity/Q1672398,music of Iran,
http://www.wikidata.org/entity/Q18170752,canto nuevo,http://www.wikidata.org/entity/Q3879286,nueva canción chilena,
http://www.wikidata.org/entity/Q18191937,Jewish western art music,http://www.wikidata.org/entity/Q1716019,Jewish music,
http://www.wikidata.org/entity/Q18204859,Igbo rap,http://www.wikidata.org/entity/Q145594,Igbo music,1998-01-01T00:00:00Z
http://www.wikidata.org/entity/Q109470645,college folk,http://www.wikidata.org/entity/Q257533,music of Japan,
http://www.wikidata.org/entity/Q109470645,college folk,http://www.wikidata.org/entity/Q106298881,contemporary folk music,
http://www.wikidata.org/entity/Q109500707,South African pop,http://www.wikidata.org/entity/Q37073,pop music,
http://www.wikidata.org/entity/Q109500707,South African pop,http://www.wikidata.org/entity/Q4794612,music of South Africa,
http://www.wikidata.org/entity/Q109500733,Swiss folk music,http://www.wikidata.org/entity/Q252833,Alpine folk music,
http://www.wikidata.org/entity/Q109500733,Swiss folk music,http://www.wikidata.org/entity/Q2082510,music of Switzerland,
http://www.wikidata.org/entity/Q109500753,experimental ambient,http://www.wikidata.org/entity/Q193207,ambient music,
http://www.wikidata.org/entity/Q109500753,experimental ambient,http://www.wikidata.org/entity/Q1640319,experimental music,
http://www.wikidata.org/entity/Q109500872,Peruvian folk music,http://www.wikidata.org/entity/Q3085344,music of Peru,
http://www.wikidata.org/entity/Q109500872,Peruvian folk music,http://www.wikidata.org/entity/Q98528197,Hispanic American folk music,
http://www.wikidata.org/entity/Q109523071,Sarum chant,http://www.wikidata.org/entity/Q26473,Gregorian chant,
http://www.wikidata.org/entity/Q109523071,Sarum chant,http://www.wikidata.org/entity/Q268673,music of the United Kingdom,
http://www.wikidata.org/entity/Q109526125,taiko music,http://www.wikidata.org/entity/Q106586219,Japanese folk music,
http://www.wikidata.org/entity/Q109527761,polkabilly,http://www.wikidata.org/entity/Q203720,rockabilly,
http://www.wikidata.org/entity/Q109538468,sungura,http://www.wikidata.org/entity/Q3868605,music of Zimbabwe,
http://www.wikidata.org/entity/Q109538574,vinahouse,http://www.wikidata.org/entity/Q20502,house music,1990-01-01T00:00:00Z
http://www.wikidata.org/entity/Q109555263,Broadway music,http://www.wikidata.org/entity/Q1370345,musical theater,1870-01-01T00:00:00Z
http://www.wikidata.org/entity/Q109560218,Bosnian and Herzegovinian folk music,http://www.wikidata.org/entity/Q3328608,music of Bosnia and Herzegovina,
http://www.wikidata.org/entity/Q109560218,Bosnian and Herzegovinian folk music,http://www.wikidata.org/entity/Q6966089,Balkan folk music,
http://www.wikidata.org/entity/Q109560218,Bosnian and Herzegovinian folk music,http://www.wikidata.org/entity/Q16679594,Slavic folk music,
http://www.wikidata.org/entity/Q109585546,Okinawan pop,http://www.wikidata.org/entity/Q37073,pop music,
http://www.wikidata.org/entity/Q109585546,Okinawan pop,http://www.wikidata.org/entity/Q869750,Okinawan music,
http://www.wikidata.org/entity/Q109586004,Ethiopian pop,http://www.wikidata.org/entity/Q37073,pop music,
http://www.wikidata.org/entity/Q109586004,Ethiopian pop,http://www.wikidata.org/entity/Q2917508,music of Ethiopia,
http://www.wikidata.org/entity/Q109586237,alternative CCM,http://www.wikidata.org/entity/Q1190565,jangle pop,
http://www.wikidata.org/entity/Q109586237,alternative CCM,http://www.wikidata.org/entity/Q1379958,contemporary Christian music,
http://www.wikidata.org/entity/Q109589325,Manx folk music,http://www.wikidata.org/entity/Q98528277,Celtic folk music,
http://www.wikidata.org/entity/Q109589387,manyao,http://www.wikidata.org/entity/Q851213,electronic dance music,2017-01-01T00:00:00Z
http://www.wikidata.org/entity/Q109589387,manyao,http://www.wikidata.org/entity/Q930592,Italo dance,2017-01-01T00:00:00Z
http://www.wikidata.org/entity/Q109589472,Mbenga-Mbuti music,http://www.wikidata.org/entity/Q7263021,Pygmy music,
http://www.wikidata.org/entity/Q109589503,mid-school hip hop,http://www.wikidata.org/entity/Q966564,hardcore hip-hop,1983-01-01T00:00:00Z
http://www.wikidata.org/entity/Q109589562,musique concrète instrumentale,http://www.wikidata.org/entity/Q2568406,postmodern music,
http://www.wikidata.org/entity/Q109589620,new age kirtan,http://www.wikidata.org/entity/Q213121,new age music,
http://www.wikidata.org/entity/Q109589714,Ngoma music,http://www.wikidata.org/entity/Q98528185,African folk music,
http://www.wikidata.org/entity/Q109589714,Ngoma music,http://www.wikidata.org/entity/Q106586248,music of East Africa,
http://www.wikidata.org/entity/Q109615856,Ethiopic music,http://www.wikidata.org/entity/Q106595599,music of Northeast Africa,
http://www.wikidata.org/entity/Q109626458,nueva canción latinoamericana,http://www.wikidata.org/entity/Q727781,music of Latin America,
http://www.wikidata.org/entity/Q109626458,nueva canción latinoamericana,http://www.wikidata.org/entity/Q1151259,nueva canción,
http://www.wikidata.org/entity/Q109626458,nueva canción latinoamericana,http://www.wikidata.org/entity/Q132531661,leftist music,
http://www.wikidata.org/entity/Q109646867,Swedish hardcore punk,http://www.wikidata.org/entity/Q10922,hardcore punk,
http://www.wikidata.org/entity/Q109646867,Swedish hardcore punk,http://www.wikidata.org/entity/Q846784,music of Sweden,
http://www.wikidata.org/entity/Q109653544,shatta,http://www.wikidata.org/entity/Q474027,dancehall,
http://www.wikidata.org/entity/Q109656646,sports music,http://www.wikidata.org/entity/Q26897135,functional music,
http://www.wikidata.org/entity/Q109660794,German pop,http://www.wikidata.org/entity/Q37073,pop music,
http://www.wikidata.org/entity/Q109660794,German pop,http://www.wikidata.org/entity/Q2743758,music of Germany,
http://www.wikidata.org/entity/Q109678435,microtonal classical music,http://www.wikidata.org/entity/Q9730,classical music,
http://www.wikidata.org/entity/Q109678435,microtonal classical music,http://www.wikidata.org/entity/Q1045756,microtonal music,
http://www.wikidata.org/entity/Q109700349,Akron Sound,http://www.wikidata.org/entity/Q11399,rock music,
http://www.wikidata.org/entity/Q109713720,minatory,http://www.wikidata.org/entity/Q106528420,deathstep,2015-01-01T00:00:00Z
http://www.wikidata.org/entity/Q109713745,modern laika,http://www.wikidata.org/entity/Q2087267,laïko,
http://www.wikidata.org/entity/Q109713745,modern laika,http://www.wikidata.org/entity/Q20825943,Balkan pop-folk,
http://www.wikidata.org/entity/Q109713788,Albanian pop-folk,http://www.wikidata.org/entity/Q20825943,Balkan pop-folk,
http://www.wikidata.org/entity/Q109713788,Albanian pop-folk,http://www.wikidata.org/entity/Q106641595,Albanian folk music,
http://www.wikidata.org/entity/Q109713845,classic psytrance,http://www.wikidata.org/entity/Q622871,psychedelic trance,
http://www.wikidata.org/entity/Q109713928,tribal psytrance,http://www.wikidata.org/entity/Q622871,psychedelic trance,1997-01-01T00:00:00Z
http://www.wikidata.org/entity/Q109713947,offbeat psytrance,http://www.wikidata.org/entity/Q622871,psychedelic trance,
http://www.wikidata.org/entity/Q109714050,uplifting psy,http://www.wikidata.org/entity/Q622871,psychedelic trance,
http://www.wikidata.org/entity/Q109714084,twilight psytrance,http://www.wikidata.org/entity/Q10286190,full-on,1999-01-01T00:00:00Z
http://www.wikidata.org/entity/Q109714096,forest psytrance,http://www.wikidata.org/entity/Q622871,psychedelic trance,1998-01-01T00:00:00Z
http://www.wikidata.org/entity/Q109715091,morning psytrance,http://www.wikidata.org/entity/Q10286190,full-on,
http://www.wikidata.org/entity/Q109715762,muzică de mahala,http://www.wikidata.org/entity/Q852210,music of Romania,
http://www.wikidata.org/entity/Q109715762,muzică de mahala,http://www.wikidata.org/entity/Q20825943,Balkan pop-folk,
http://www.wikidata.org/entity/Q109715837,zenonesque,http://www.wikidata.org/entity/Q2385862,progressive psytrance,1999-01-01T00:00:00Z
http://www.wikidata.org/entity/Q109719071,sarala gee,http://www.wikidata.org/entity/Q109378709,Sinhalese folk music,
http://www.wikidata.org/entity/Q109719462,vaudeville,http://www.wikidata.org/entity/Q1370345,musical theater,1880-01-01T00:00:00Z
http://www.wikidata.org/entity/Q109719462,vaudeville,http://www.wikidata.org/entity/Q107718737,music of North America,1880-01-01T00:00:00Z
http://www.wikidata.org/entity/Q109753718,Santería music,http://www.wikidata.org/entity/Q1544863,music of Cuba,
http://www.wikidata.org/entity/Q109753718,Santería music,http://www.wikidata.org/entity/Q9048265,Yoruba music,
http://www.wikidata.org/entity/Q109753757,twerk,http://www.wikidata.org/entity/Q47781397,EDM trap music,2012-01-01T00:00:00Z
http://www.wikidata.org/entity/Q109753852,Nubian music,http://www.wikidata.org/entity/Q106595599,music of Northeast Africa,
http://www.wikidata.org/entity/Q109771322,late night lo-fi,http://www.wikidata.org/entity/Q15733887,vaporwave,2011-01-01T00:00:00Z
http://www.wikidata.org/entity/Q109771345,vapornoise,http://www.wikidata.org/entity/Q15733887,vaporwave,
http://www.wikidata.org/entity/Q109833526,Scandinavian pop,http://www.wikidata.org/entity/Q37073,pop music,
http://www.wikidata.org/entity/Q109833526,Scandinavian pop,http://www.wikidata.org/entity/Q110471193,music of Scandinavia,
http://www.wikidata.org/entity/Q109834799,Assyrian folk music,http://www.wikidata.org/entity/Q98528189,Arabic folk music,
http://www.wikidata.org/entity/Q109851898,drone noise wall,http://www.wikidata.org/entity/Q650316,drone music,
http://www.wikidata.org/entity/Q109851898,drone noise wall,http://www.wikidata.org/entity/Q726239,noise music,
http://www.wikidata.org/entity/Q109872858,traditional blues,http://www.wikidata.org/entity/Q9759,blues,
http://www.wikidata.org/entity/Q109872930,children's folk music,http://www.wikidata.org/entity/Q43343,folk music,
http://www.wikidata.org/entity/Q109872930,children's folk music,http://www.wikidata.org/entity/Q2389651,children's music,
http://www.wikidata.org/entity/Q109872952,pre-war blues,http://www.wikidata.org/entity/Q9759,blues,
http://www.wikidata.org/entity/Q109872977,modern big band music,http://www.wikidata.org/entity/Q1750049,modern jazz,
http://www.wikidata.org/entity/Q109872977,modern big band music,http://www.wikidata.org/entity/Q105756581,big band music,
http://www.wikidata.org/entity/Q109873092,social media pop,http://www.wikidata.org/entity/Q37073,pop music,
http://www.wikidata.org/entity/Q109873537,dark disco,http://www.wikidata.org/entity/Q851213,electronic dance music,2013-01-01T00:00:00Z
http://www.wikidata.org/entity/Q109914619,Pashto folk music,http://www.wikidata.org/entity/Q25540245,Pashto music,
http://www.wikidata.org/entity/Q109914619,Pashto folk music,http://www.wikidata.org/entity/Q98528198,South Asian folk music,
http://www.wikidata.org/entity/Q109914703,Rajasthani folk music,http://www.wikidata.org/entity/Q289505,music of Rajasthan,
http://www.wikidata.org/entity/Q109914703,Rajasthani folk music,http://www.wikidata.org/entity/Q6022257,Indian folk music,
http://www.wikidata.org/entity/Q107267446,rock andino,http://www.wikidata.org/entity/Q11399,rock music,1970-01-01T00:00:00Z
http://www.wikidata.org/entity/Q107267446,rock andino,http://www.wikidata.org/entity/Q492096,Andean music,1970-01-01T00:00:00Z
http://www.wikidata.org/entity/Q107267643,arabesque rap,http://www.wikidata.org/entity/Q11401,hip-hop,
http://www.wikidata.org/entity/Q107267643,arabesque rap,http://www.wikidata.org/entity/Q1074080,music of Turkey,
http://www.wikidata.org/entity/Q107267759,Arabic jazz,http://www.wikidata.org/entity/Q8341,jazz,
http://www.wikidata.org/entity/Q107267759,Arabic jazz,http://www.wikidata.org/entity/Q624044,Arabic music,
http://www.wikidata.org/entity/Q107290600,pop standard,http://www.wikidata.org/entity/Q1196752,traditional pop,
http://www.wikidata.org/entity/Q107290934,hookah rap,http://www.wikidata.org/entity/Q2572585,pop rap,
http://www.wikidata.org/entity/Q107290934,hookah rap,http://www.wikidata.org/entity/Q3785732,Russian hip-hop,
http://www.wikidata.org/entity/Q107308143,Maronite music,http://www.wikidata.org/entity/Q1065742,religious music,
http://www.wikidata.org/entity/Q107331898,Croatian folk music,http://www.wikidata.org/entity/Q1236268,music of Croatia,
http://www.wikidata.org/entity/Q107331898,Croatian folk music,http://www.wikidata.org/entity/Q6966089,Balkan folk music,
http://www.wikidata.org/entity/Q107331898,Croatian folk music,http://www.wikidata.org/entity/Q16679594,Slavic folk music,
http://www.wikidata.org/entity/Q107332291,dancefloor drum and bass,http://www.wikidata.org/entity/Q188994,drum and bass,2004-01-01T00:00:00Z
http://www.wikidata.org/entity/Q107356948,French folk song,http://www.wikidata.org/entity/Q2956178,French folk music,
http://www.wikidata.org/entity/Q107364106,quadrille,http://www.wikidata.org/entity/Q316930,dance music,
http://www.wikidata.org/entity/Q107365602,Finnish jazz,http://www.wikidata.org/entity/Q8341,jazz,
http://www.wikidata.org/entity/Q107365602,Finnish jazz,http://www.wikidata.org/entity/Q1417976,music of Finland,
http://www.wikidata.org/entity/Q107407607,hard trap,http://www.wikidata.org/entity/Q47781397,EDM trap music,2012-01-01T00:00:00Z
http://www.wikidata.org/entity/Q107407692,indigenous American music,http://www.wikidata.org/entity/Q3328669,music of the Americas,
http://www.wikidata.org/entity/Q107407692,indigenous American music,http://www.wikidata.org/entity/Q6024704,indigenous music,
http://www.wikidata.org/entity/Q107443116,Kintueni,http://www.wikidata.org/entity/Q1955040,music of the Democratic Republic of the Congo,
http://www.wikidata.org/entity/Q107443116,Kintueni,http://www.wikidata.org/entity/Q98528185,African folk music,
http://www.wikidata.org/entity/Q107455228,cumbia turra,http://www.wikidata.org/entity/Q4789437,Argentine cumbia,
http://www.wikidata.org/entity/Q107486984,electro-folk,http://www.wikidata.org/entity/Q9778,electronic music,1990-01-01T00:00:00Z
http://www.wikidata.org/entity/Q107486984,electro-folk,http://www.wikidata.org/entity/Q43343,folk music,1990-01-01T00:00:00Z
http://www.wikidata.org/entity/Q107494231,anthem,http://www.wikidata.org/entity/Q856713,Christian hymn,
http://www.wikidata.org/entity/Q107494231,anthem,http://www.wikidata.org/entity/Q4763552,Anglican church music,
http://www.wikidata.org/entity/Q107505833,jazzdance,http://www.wikidata.org/entity/Q1136331,nu jazz,
http://www.wikidata.org/entity/Q107515261,digicore,http://www.wikidata.org/entity/Q11401,hip-hop,2018-01-01T00:00:00Z
http://www.wikidata.org/entity/Q107515319,inkiranya,http://www.wikidata.org/entity/Q1583807,art music,
http://www.wikidata.org/entity/Q107515319,inkiranya,http://www.wikidata.org/entity/Q106586248,music of East Africa,
http://www.wikidata.org/entity/Q107524184,Turkic music,http://www.wikidata.org/entity/Q525073,music of Asia,
http://www.wikidata.org/entity/Q107539696,Uzbek pop,http://www.wikidata.org/entity/Q37073,pop music,
http://www.wikidata.org/entity/Q107539696,Uzbek pop,http://www.wikidata.org/entity/Q3328738,music of Uzbekistan,
http://www.wikidata.org/entity/Q107539785,Israeli pop,http://www.wikidata.org/entity/Q3858,music of Israel,
http://www.wikidata.org/entity/Q107539785,Israeli pop,http://www.wikidata.org/entity/Q37073,pop music,
http://www.wikidata.org/entity/Q107539809,Russian indie music,http://www.wikidata.org/entity/Q42201,independent music,
http://www.wikidata.org/entity/Q107539809,Russian indie music,http://www.wikidata.org/entity/Q2498201,music of Russia,
http://www.wikidata.org/entity/Q107539904,estrada music,http://www.wikidata.org/entity/Q373342,popular music,1930-01-01T00:00:00Z
http://www.wikidata.org/entity/Q107540971,Turkish alternative music,http://www.wikidata.org/entity/Q1074080,music of Turkey,
http://www.wikidata.org/entity/Q107540971,Turkish alternative music,http://www.wikidata.org/entity/Q1695023,alternative music,
http://www.wikidata.org/entity/Q107565104,original Pilipino music,http://www.wikidata.org/entity/Q373342,popular music,
http://www.wikidata.org/entity/Q107565104,original Pilipino music,http://www.wikidata.org/entity/Q3328743,music of the Philippines,
http://www.wikidata.org/entity/Q107572242,progressive rap,http://www.wikidata.org/entity/Q11401,hip-hop,
http://www.wikidata.org/entity/Q107572242,progressive rap,http://www.wikidata.org/entity/Q7248857,progressive music,
http://www.wikidata.org/entity/Q107589110,Karelian folk music,http://www.wikidata.org/entity/Q1417976,music of Finland,
http://www.wikidata.org/entity/Q107589110,Karelian folk music,http://www.wikidata.org/entity/Q107686154,Balto-Finnic folk music,
http://www.wikidata.org/entity/Q107602122,rock polo,http://www.wikidata.org/entity/Q11399,rock music,
http://www.wikidata.org/entity/Q107602122,rock polo,http://www.wikidata.org/entity/Q1185390,disco polo,
http://www.wikidata.org/entity/Q107686154,Balto-Finnic folk music,http://www.wikidata.org/entity/Q98528192,European folk music,
http://www.wikidata.org/entity/Q107686154,Balto-Finnic folk music,http://www.wikidata.org/entity/Q108857462,music of Northern Europe,
http://www.wikidata.org/entity/Q107697041,g-house,http://www.wikidata.org/entity/Q20502,house music,2013-01-01T00:00:00Z
http://www.wikidata.org/entity/Q107697201,hard drum,http://www.wikidata.org/entity/Q851213,electronic dance music,2015-01-01T00:00:00Z
http://www.wikidata.org/entity/Q107697221,hardgroove techno,http://www.wikidata.org/entity/Q170611,techno,1993-01-01T00:00:00Z
http://www.wikidata.org/entity/Q107697234,HexD,http://www.wikidata.org/entity/Q9778,electronic music,2016-01-01T00:00:00Z
http://www.wikidata.org/entity/Q107697260,broken transmission,http://www.wikidata.org/entity/Q15733887,vaporwave,2010-01-01T00:00:00Z
http://www.wikidata.org/entity/Q107697441,surf punk,http://www.wikidata.org/entity/Q3071,punk rock,1977-01-01T00:00:00Z
http://www.wikidata.org/entity/Q107697441,surf punk,http://www.wikidata.org/entity/Q220830,surf music,1977-01-01T00:00:00Z
http://www.wikidata.org/entity/Q107718509,Hispanic music,http://www.wikidata.org/entity/Q18345375,Latin music,
http://www.wikidata.org/entity/Q107718539,Hispanic American music,http://www.wikidata.org/entity/Q727781,music of Latin America,
http://www.wikidata.org/entity/Q107718539,Hispanic American music,http://www.wikidata.org/entity/Q107718509,Hispanic music,
http://www.wikidata.org/entity/Q107718737,music of North America,http://www.wikidata.org/entity/Q3328669,music of the Americas,
http://www.wikidata.org/entity/Q107736421,soundtrack,http://www.wikidata.org/entity/Q61340552,stage and screen,
http://www.wikidata.org/entity/Q107740285,cumbia,http://www.wikidata.org/entity/Q18345375,Latin music,
http://www.wikidata.org/entity/Q107814971,Georgian folk music,http://www.wikidata.org/entity/Q2032053,music of Georgia,
http://www.wikidata.org/entity/Q107814971,Georgian folk music,http://www.wikidata.org/entity/Q107013350,Caucasian folk music,
http://www.wikidata.org/entity/Q107819512,German folk music,http://www.wikidata.org/entity/Q252833,Alpine folk music,
http://www.wikidata.org/entity/Q107819512,German folk music,http://www.wikidata.org/entity/Q112632092,German music,
http://www.wikidata.org/entity/Q107970042,mulatós,http://www.wikidata.org/entity/Q17098563,Hungarian pop,
http://www.wikidata.org/entity/Q107982599,jamgrass,http://www.wikidata.org/entity/Q3307225,progressive bluegrass,1993-01-01T00:00:00Z
http://www.wikidata.org/entity/Q107982599,jamgrass,http://www.wikidata.org/entity/Q106581777,jam band music,1993-01-01T00:00:00Z
http://www.wikidata.org/entity/Q107985185,Hakka traditional music,http://www.wikidata.org/entity/Q11064735,Hakka music,
http://www.wikidata.org/entity/Q107985185,Hakka traditional music,http://www.wikidata.org/entity/Q51446080,Chinese traditional music,
http://www.wikidata.org/entity/Q107985505,Han music,http://www.wikidata.org/entity/Q277393,music of China,
http://www.wikidata.org/entity/Q107985522,Han folk music,http://www.wikidata.org/entity/Q51446080,Chinese traditional music,
http://www.wikidata.org/entity/Q107985638,horror synth,http://www.wikidata.org/entity/Q11308620,synth music,1979-01-01T00:00:00Z
http://www.wikidata.org/entity/Q107985650,idol kayō,http://www.wikidata.org/entity/Q1418683,kayōkyoku,
http://www.wikidata.org/entity/Q108055228,pipe band music,http://www.wikidata.org/entity/Q17018487,Scottish folk music,
http://www.wikidata.org/entity/Q108107422,Livonian folk music,http://www.wikidata.org/entity/Q107686154,Balto-Finnic folk music,
http://www.wikidata.org/entity/Q108107602,Arabic belly dance music,http://www.wikidata.org/entity/Q98528189,Arabic folk music,
http://www.wikidata.org/entity/Q108107614,Aragonese folk music,http://www.wikidata.org/entity/Q6942003,music of Aragon,
http://www.wikidata.org/entity/Q108107614,Aragonese folk music,http://www.wikidata.org/entity/Q9048257,Spanish folk music,
http://www.wikidata.org/entity/Q108107635,novo dub,http://www.wikidata.org/entity/Q121840759,dub reggae,
http://www.wikidata.org/entity/Q108123046,slacker rock,http://www.wikidata.org/entity/Q183504,indie rock,1985-01-01T00:00:00Z
http://www.wikidata.org/entity/Q108124565,incelcore,http://www.wikidata.org/entity/Q3071,punk rock,
http://www.wikidata.org/entity/Q108124565,incelcore,http://www.wikidata.org/entity/Q211573,garage rock,
http://www.wikidata.org/entity/Q108124565,incelcore,http://www.wikidata.org/entity/Q47074428,SoundCloud rap,
http://www.wikidata.org/entity/Q108124565,incelcore,http://www.wikidata.org/entity/Q135397140,e-punk,
http://www.wikidata.org/entity/Q108151076,semi-trot,http://www.wikidata.org/entity/Q213665,K-pop,
http://www.wikidata.org/entity/Q108151076,semi-trot,http://www.wikidata.org/entity/Q485915,trot,
http://www.wikidata.org/entity/Q2106887,psychedelic hip-hop,http://www.wikidata.org/entity/Q11401,hip-hop,
http://www.wikidata.org/entity/Q2109360,Danza,http://www.wikidata.org/entity/Q427183,music of Puerto Rico,
http://www.wikidata.org/entity/Q2109360,Danza,http://www.wikidata.org/entity/Q3328778,tropical music,
http://www.wikidata.org/entity/Q2111784,production music,http://www.wikidata.org/entity/Q107736421,soundtrack,
http://www.wikidata.org/entity/Q2112253,progressive techno,http://www.wikidata.org/entity/Q170611,techno,
http://www.wikidata.org/entity/Q2112253,progressive techno,http://www.wikidata.org/entity/Q12200830,progressive electronic dance music,
http://www.wikidata.org/entity/Q2114901,inspection march,http://www.wikidata.org/entity/Q3845811,military march,
http://www.wikidata.org/entity/Q2116296,dakka marrakchia,http://www.wikidata.org/entity/Q235858,traditional folk music,
http://www.wikidata.org/entity/Q2118393,East Germany punk,http://www.wikidata.org/entity/Q2118402,German punk,
http://www.wikidata.org/entity/Q2118402,German punk,http://www.wikidata.org/entity/Q3071,punk rock,1975-01-01T00:00:00Z
http://www.wikidata.org/entity/Q2118402,German punk,http://www.wikidata.org/entity/Q2743758,music of Germany,1975-01-01T00:00:00Z
http://www.wikidata.org/entity/Q2121992,drumfunk,http://www.wikidata.org/entity/Q188994,drum and bass,1994-01-01T00:00:00Z
http://www.wikidata.org/entity/Q2127044,gezang,http://www.wikidata.org/entity/Q217295,mass,
http://www.wikidata.org/entity/Q2127044,gezang,http://www.wikidata.org/entity/Q856713,Christian hymn,
http://www.wikidata.org/entity/Q2127044,gezang,http://www.wikidata.org/entity/Q1065742,religious music,
http://www.wikidata.org/entity/Q2132478,music of Thrace,http://www.wikidata.org/entity/Q1003981,music of Bulgaria,
http://www.wikidata.org/entity/Q2132478,music of Thrace,http://www.wikidata.org/entity/Q1074080,music of Turkey,
http://www.wikidata.org/entity/Q2132478,music of Thrace,http://www.wikidata.org/entity/Q1465419,music of Greece,
http://www.wikidata.org/entity/Q2137519,Australian reggae,http://www.wikidata.org/entity/Q9794,reggae,
http://www.wikidata.org/entity/Q2137519,Australian reggae,http://www.wikidata.org/entity/Q3114644,music of Australia,
http://www.wikidata.org/entity/Q2138543,doina,http://www.wikidata.org/entity/Q12736123,Romanian folk music,
http://www.wikidata.org/entity/Q2138639,Levenslied,http://www.wikidata.org/entity/Q377185,music of the Netherlands,1908-01-01T00:00:00Z
http://www.wikidata.org/entity/Q2138639,Levenslied,http://www.wikidata.org/entity/Q2668052,Dutch-language music,1908-01-01T00:00:00Z
http://www.wikidata.org/entity/Q2140842,Venetian polychoral style,http://www.wikidata.org/entity/Q201405,Renaissance music,
http://www.wikidata.org/entity/Q2142754,choral symphony,http://www.wikidata.org/entity/Q9734,symphony,
http://www.wikidata.org/entity/Q2142754,choral symphony,http://www.wikidata.org/entity/Q1076513,choral music,
http://www.wikidata.org/entity/Q2159891,chopi timbila,http://www.wikidata.org/entity/Q106586248,music of East Africa,
http://www.wikidata.org/entity/Q2164477,Slavic pagan metal,http://www.wikidata.org/entity/Q1457545,pagan metal,
http://www.wikidata.org/entity/Q2164565,holy minimalism,http://www.wikidata.org/entity/Q572901,minimalist music,1970-01-01T00:00:00Z
http://www.wikidata.org/entity/Q2165184,drinking song,http://www.wikidata.org/entity/Q235858,traditional folk music,
http://www.wikidata.org/entity/Q2166026,no wave revival,http://www.wikidata.org/entity/Q823080,no wave,
http://www.wikidata.org/entity/Q2178442,paramaribop,http://www.wikidata.org/entity/Q8341,jazz,
http://www.wikidata.org/entity/Q2178442,paramaribop,http://www.wikidata.org/entity/Q5645984,music of South America,
http://www.wikidata.org/entity/Q2181965,freeform hardcore,http://www.wikidata.org/entity/Q388906,hardcore,1995-01-01T00:00:00Z
http://www.wikidata.org/entity/Q2186222,Norsecore,http://www.wikidata.org/entity/Q132438,black metal,
http://www.wikidata.org/entity/Q2187392,alternative dance,http://www.wikidata.org/entity/Q11366,alternative rock,1985-01-01T00:00:00Z
http://www.wikidata.org/entity/Q2187392,alternative dance,http://www.wikidata.org/entity/Q11787389,club/dance music,1985-01-01T00:00:00Z
http://www.wikidata.org/entity/Q2195355,futurism,http://www.wikidata.org/entity/Q1640319,experimental music,1909-01-01T00:00:00Z
http://www.wikidata.org/entity/Q2195355,futurism,http://www.wikidata.org/entity/Q65937946,modern classical music,1909-01-01T00:00:00Z
http://www.wikidata.org/entity/Q2196156,mellow,http://www.wikidata.org/entity/Q373342,popular music,
http://www.wikidata.org/entity/Q2197508,Balkan beats,http://www.wikidata.org/entity/Q3328681,popular folk music,
http://www.wikidata.org/entity/Q2201558,missa ad fugam,http://www.wikidata.org/entity/Q217295,mass,
http://www.wikidata.org/entity/Q2210998,sacropop,http://www.wikidata.org/entity/Q37073,pop music,
http://www.wikidata.org/entity/Q2210998,sacropop,http://www.wikidata.org/entity/Q1065742,religious music,
http://www.wikidata.org/entity/Q2225757,Christian hardcore,http://www.wikidata.org/entity/Q10922,hardcore punk,1992-01-01T00:00:00Z
http://www.wikidata.org/entity/Q2225757,Christian hardcore,http://www.wikidata.org/entity/Q63885,Christian punk,1992-01-01T00:00:00Z
http://www.wikidata.org/entity/Q2232258,slide,http://www.wikidata.org/entity/Q7482056,Irish folk music,
http://www.wikidata.org/entity/Q2235352,carnavalskraker,http://www.wikidata.org/entity/Q2165184,drinking song,
http://www.wikidata.org/entity/Q2235352,carnavalskraker,http://www.wikidata.org/entity/Q20022908,party music,
http://www.wikidata.org/entity/Q2235992,smartlap,http://www.wikidata.org/entity/Q2138639,Levenslied,
http://www.wikidata.org/entity/Q2236597,sound sculpture,http://www.wikidata.org/entity/Q1744327,sound art,
http://www.wikidata.org/entity/Q2236597,sound sculpture,http://www.wikidata.org/entity/Q2332751,avant-garde music,
http://www.wikidata.org/entity/Q2238236,Christian hip-hop,http://www.wikidata.org/entity/Q11401,hip-hop,1985-01-01T00:00:00Z
http://www.wikidata.org/entity/Q2238236,Christian hip-hop,http://www.wikidata.org/entity/Q6452410,Christian music,1985-01-01T00:00:00Z
http://www.wikidata.org/entity/Q2256407,hip-hop soul,http://www.wikidata.org/entity/Q850412,contemporary R&B,1990-01-01T00:00:00Z
http://www.wikidata.org/entity/Q2258450,Spanish hip-hop,http://www.wikidata.org/entity/Q23965,music of Uruguay,
http://www.wikidata.org/entity/Q2258450,Spanish hip-hop,http://www.wikidata.org/entity/Q5413526,European hip-hop,
http://www.wikidata.org/entity/Q2260696,progressive trance,http://www.wikidata.org/entity/Q170435,trance,1992-01-01T00:00:00Z
http://www.wikidata.org/entity/Q2260696,progressive trance,http://www.wikidata.org/entity/Q12200830,progressive electronic dance music,1992-01-01T00:00:00Z
http://www.wikidata.org/entity/Q2261628,chopped and screwed,http://www.wikidata.org/entity/Q11401,hip-hop,
http://www.wikidata.org/entity/Q2265295,coon song,http://www.wikidata.org/entity/Q107718737,music of North America,1840-01-01T00:00:00Z
http://www.wikidata.org/entity/Q2265866,brutal death metal,http://www.wikidata.org/entity/Q483251,death metal,1990-01-01T00:00:00Z
http://www.wikidata.org/entity/Q2266376,boogie rock,http://www.wikidata.org/entity/Q193355,blues rock,1968-01-01T00:00:00Z
http://www.wikidata.org/entity/Q2267754,Northwest hip hop,http://www.wikidata.org/entity/Q469630,Canadian hip-hop,
http://www.wikidata.org/entity/Q2267754,Northwest hip hop,http://www.wikidata.org/entity/Q3135787,American hip-hop,
http://www.wikidata.org/entity/Q2267955,music of the United States,http://www.wikidata.org/entity/Q107718737,music of North America,
http://www.wikidata.org/entity/Q2268922,cowpunk,http://www.wikidata.org/entity/Q25554481,punk music,1982-01-01T00:00:00Z
http://www.wikidata.org/entity/Q2271589,Sephardic music,http://www.wikidata.org/entity/Q1716019,Jewish music,
http://www.wikidata.org/entity/Q2271846,sampler-based music,http://www.wikidata.org/entity/Q106422444,bit music,1988-01-01T00:00:00Z
http://www.wikidata.org/entity/Q2273147,villanella,http://www.wikidata.org/entity/Q16987529,Italian classical music,
http://www.wikidata.org/entity/Q2278063,bomba,http://www.wikidata.org/entity/Q427183,music of Puerto Rico,
http://www.wikidata.org/entity/Q2278063,bomba,http://www.wikidata.org/entity/Q3328778,tropical music,
http://www.wikidata.org/entity/Q2278063,bomba,http://www.wikidata.org/entity/Q18345375,Latin music,
http://www.wikidata.org/entity/Q2278881,shima-uta,http://www.wikidata.org/entity/Q17053898,Ryukyuan music,
http://www.wikidata.org/entity/Q2280273,mod revival,http://www.wikidata.org/entity/Q25554481,punk music,1977-01-01T00:00:00Z
http://www.wikidata.org/entity/Q2280273,mod revival,http://www.wikidata.org/entity/Q98528293,mod,1977-01-01T00:00:00Z
http://www.wikidata.org/entity/Q2280497,country pop,http://www.wikidata.org/entity/Q37073,pop music,1975-01-01T00:00:00Z
http://www.wikidata.org/entity/Q2280497,country pop,http://www.wikidata.org/entity/Q83440,country music,1975-01-01T00:00:00Z
http://www.wikidata.org/entity/Q2281409,dance-rock,http://www.wikidata.org/entity/Q11399,rock music,1983-01-01T00:00:00Z
http://www.wikidata.org/entity/Q2281409,dance-rock,http://www.wikidata.org/entity/Q11787389,club/dance music,1983-01-01T00:00:00Z
http://www.wikidata.org/entity/Q2294872,music of Mozambique,http://www.wikidata.org/entity/Q106586248,music of East Africa,
http://www.wikidata.org/entity/Q2296495,garage punk,http://www.wikidata.org/entity/Q3071,punk rock,1977-01-01T00:00:00Z
http://www.wikidata.org/entity/Q2296495,garage punk,http://www.wikidata.org/entity/Q211573,garage rock,1977-01-01T00:00:00Z
http://www.wikidata.org/entity/Q2296521,Early Norwegian black metal scene,http://www.wikidata.org/entity/Q132438,black metal,
http://www.wikidata.org/entity/Q217467,art rock,http://www.wikidata.org/entity/Q11399,rock music,1968-01-01T00:00:00Z
http://www.wikidata.org/entity/Q217597,electro,http://www.wikidata.org/entity/Q851213,electronic dance music,1980-01-01T00:00:00Z
http://www.wikidata.org/entity/Q220528,Rebetiko,http://www.wikidata.org/entity/Q12876995,Greek folk music,1850-01-01T00:00:00Z
http://www.wikidata.org/entity/Q220535,verbunkos,http://www.wikidata.org/entity/Q722989,Hungarian folk music,
http://www.wikidata.org/entity/Q220830,surf music,http://www.wikidata.org/entity/Q11399,rock music,1957-01-01T00:00:00Z
http://www.wikidata.org/entity/Q221686,twelve-tone technique,http://www.wikidata.org/entity/Q65937946,modern classical music,1923-01-01T00:00:00Z
http://www.wikidata.org/entity/Q221772,acid jazz,http://www.wikidata.org/entity/Q11787389,club/dance music,1987-01-01T00:00:00Z
http://www.wikidata.org/entity/Q221934,narcocorrido,http://www.wikidata.org/entity/Q869210,corrido,
http://www.wikidata.org/entity/Q221934,narcocorrido,http://www.wikidata.org/entity/Q1780056,norteño,
http://www.wikidata.org/entity/Q221934,narcocorrido,http://www.wikidata.org/entity/Q2812726,banda music,
http://www.wikidata.org/entity/Q222445,marinera,http://www.wikidata.org/entity/Q6950428,música criolla,
http://www.wikidata.org/entity/Q223840,hardstyle,http://www.wikidata.org/entity/Q1033912,hard dance,1998-01-01T00:00:00Z
http://www.wikidata.org/entity/Q224694,white power music,http://www.wikidata.org/entity/Q121411631,neo-nazi music,
http://www.wikidata.org/entity/Q226887,noh,http://www.wikidata.org/entity/Q257533,music of Japan,
http://www.wikidata.org/entity/Q227036,zouglou,http://www.wikidata.org/entity/Q6942329,music of West Africa,
http://www.wikidata.org/entity/Q227045,zouk,http://www.wikidata.org/entity/Q107025062,French Caribbean music,1986-01-01T00:00:00Z
http://www.wikidata.org/entity/Q235858,traditional folk music,http://www.wikidata.org/entity/Q43343,folk music,
http://www.wikidata.org/entity/Q236913,space rock,http://www.wikidata.org/entity/Q206159,psychedelic rock,1968-01-01T00:00:00Z
http://www.wikidata.org/entity/Q236932,acid rock,http://www.wikidata.org/entity/Q206159,psychedelic rock,1965-01-01T00:00:00Z
http://www.wikidata.org/entity/Q239459,trip rock,http://www.wikidata.org/entity/Q11399,rock music,1990-01-01T00:00:00Z
http://www.wikidata.org/entity/Q241662,groove metal,http://www.wikidata.org/entity/Q465978,extreme metal,1990-01-01T00:00:00Z
http://www.wikidata.org/entity/Q245296,zydeco,http://www.wikidata.org/entity/Q6942158,music of Louisiana,1936-01-01T00:00:00Z
http://www.wikidata.org/entity/Q245931,music of Cyprus,http://www.wikidata.org/entity/Q1503406,music of the Middle East,
http://www.wikidata.org/entity/Q245931,music of Cyprus,http://www.wikidata.org/entity/Q106508039,music of Southern Europe,
http://www.wikidata.org/entity/Q251192,downtempo,http://www.wikidata.org/entity/Q757143,chill-out music,1988-01-01T00:00:00Z
http://www.wikidata.org/entity/Q252626,jota,http://www.wikidata.org/entity/Q316930,dance music,
http://www.wikidata.org/entity/Q252626,jota,http://www.wikidata.org/entity/Q9048257,Spanish folk music,
http://www.wikidata.org/entity/Q252821,Viennese couplet,http://www.wikidata.org/entity/Q3843655,couplet,
http://www.wikidata.org/entity/Q252833,Alpine folk music,http://www.wikidata.org/entity/Q98528192,European folk music,
http://www.wikidata.org/entity/Q252833,Alpine folk music,http://www.wikidata.org/entity/Q118210225,Alpine music,
http://www.wikidata.org/entity/Q253137,rock opera,http://www.wikidata.org/entity/Q2743,musical play,1967-01-01T00:00:00Z
http://www.wikidata.org/entity/Q253137,rock opera,http://www.wikidata.org/entity/Q11399,rock music,1967-01-01T00:00:00Z
http://www.wikidata.org/entity/Q253918,melodic death metal,http://www.wikidata.org/entity/Q483251,death metal,1990-01-01T00:00:00Z
http://www.wikidata.org/entity/Q254866,Schuhplattler,http://www.wikidata.org/entity/Q118210225,Alpine music,
http://www.wikidata.org/entity/Q254890,nova cançó,http://www.wikidata.org/entity/Q89363113,singer-songwriter music,
http://www.wikidata.org/entity/Q255406,jazz rap,http://www.wikidata.org/entity/Q11401,hip-hop,1985-01-01T00:00:00Z
http://www.wikidata.org/entity/Q257533,music of Japan,http://www.wikidata.org/entity/Q3868595,music of East Asia,
http://www.wikidata.org/entity/Q260095,ultra,http://www.wikidata.org/entity/Q377185,music of the Netherlands,
http://www.wikidata.org/entity/Q260095,ultra,http://www.wikidata.org/entity/Q25554481,punk music,
http://www.wikidata.org/entity/Q262533,dithyramb,http://www.wikidata.org/entity/Q64137792,religious vocal music,
http://www.wikidata.org/entity/Q263524,Tswana music,http://www.wikidata.org/entity/Q98528232,music of Southern Africa,
http://www.wikidata.org/entity/Q753679,gangsta rap,http://www.wikidata.org/entity/Q966564,hardcore hip-hop,1985-01-01T00:00:00Z
http://www.wikidata.org/entity/Q773880,bitpop,http://www.wikidata.org/entity/Q116985035,electronic pop,1990-01-01T00:00:00Z
http://www.wikidata.org/entity/Q781402,piyyut,http://www.wikidata.org/entity/Q117187744,Jewish liturgical music,
http://www.wikidata.org/entity/Q783874,nasheed,http://www.wikidata.org/entity/Q109018310,muslim chant,
http://www.wikidata.org/entity/Q784310,electro hop,http://www.wikidata.org/entity/Q116985035,electronic pop,2007-01-01T00:00:00Z
http://www.wikidata.org/entity/Q814402,biguine,http://www.wikidata.org/entity/Q118744385,Latin dance music,
http://www.wikidata.org/entity/Q828181,Rock Against Communism,http://www.wikidata.org/entity/Q121411631,neo-nazi music,1977-01-01T00:00:00Z
http://www.wikidata.org/entity/Q833189,music of Norway,http://www.wikidata.org/entity/Q110471193,music of Scandinavia,
http://www.wikidata.org/entity/Q1109947,ragga hip hop,http://www.wikidata.org/entity/Q740911,ragga,1985-01-01T00:00:00Z
http://www.wikidata.org/entity/Q1113204,dub poetry,http://www.wikidata.org/entity/Q1299260,roots reggae,1975-01-01T00:00:00Z
http://www.wikidata.org/entity/Q10367225,samba rap,http://www.wikidata.org/entity/Q11401,hip-hop,
http://www.wikidata.org/entity/Q10367225,samba rap,http://www.wikidata.org/entity/Q11403,samba,
http://www.wikidata.org/entity/Q10367246,samba de breque,http://www.wikidata.org/entity/Q11403,samba,
http://www.wikidata.org/entity/Q10367249,samba de terreiro,http://www.wikidata.org/entity/Q11403,samba,
http://www.wikidata.org/entity/Q10367259,sambalanço,http://www.wikidata.org/entity/Q11403,samba,
http://www.wikidata.org/entity/Q10370216,seresta,http://www.wikidata.org/entity/Q215911,serenade,
http://www.wikidata.org/entity/Q10372501,a capella rock,http://www.wikidata.org/entity/Q11399,rock music,
http://www.wikidata.org/entity/Q10372501,a capella rock,http://www.wikidata.org/entity/Q185298,a cappella,
http://www.wikidata.org/entity/Q10382665,tirana,http://www.wikidata.org/entity/Q1130969,fandango,
http://www.wikidata.org/entity/Q10389097,vanguarda paulista,http://www.wikidata.org/entity/Q899215,music of Brazil,
http://www.wikidata.org/entity/Q10397358,60s pop/rock,http://www.wikidata.org/entity/Q484641,pop rock,
http://www.wikidata.org/entity/Q10397381,77 punk,http://www.wikidata.org/entity/Q3071,punk rock,
http://www.wikidata.org/entity/Q10465914,children's pop,http://www.wikidata.org/entity/Q37073,pop music,
http://www.wikidata.org/entity/Q10489338,ethnopop,http://www.wikidata.org/entity/Q37073,pop music,
http://www.wikidata.org/entity/Q10541010,Jtek,http://www.wikidata.org/entity/Q170611,techno,
http://www.wikidata.org/entity/Q10541010,Jtek,http://www.wikidata.org/entity/Q257533,music of Japan,
http://www.wikidata.org/entity/Q10590623,musica alta,http://www.wikidata.org/entity/Q201405,Renaissance music,
http://www.wikidata.org/entity/Q10590624,musica bassa,http://www.wikidata.org/entity/Q201405,Renaissance music,
http://www.wikidata.org/entity/Q10648457,Radio Pop,http://www.wikidata.org/entity/Q37073,pop music,
http://www.wikidata.org/entity/Q10655037,Riff-rock,http://www.wikidata.org/entity/Q11399,rock music,
http://www.wikidata.org/entity/Q10730335,A-pop,http://www.wikidata.org/entity/Q373342,popular music,
http://www.wikidata.org/entity/Q10730335,A-pop,http://www.wikidata.org/entity/Q525073,music of Asia,
http://www.wikidata.org/entity/Q10748669,plastic soul,http://www.wikidata.org/entity/Q131272,soul,
http://www.wikidata.org/entity/Q10750971,nardcore,http://www.wikidata.org/entity/Q10922,hardcore punk,
http://www.wikidata.org/entity/Q10752660,ancient Chinese music,http://www.wikidata.org/entity/Q18846,ancient music,
http://www.wikidata.org/entity/Q10752660,ancient Chinese music,http://www.wikidata.org/entity/Q277393,music of China,
http://www.wikidata.org/entity/Q10757361,Vietnamese folk music,http://www.wikidata.org/entity/Q1156957,music of Vietnam,
http://www.wikidata.org/entity/Q10811025,national anthem music,http://www.wikidata.org/entity/Q484692,hymn,
http://www.wikidata.org/entity/Q10830180,tuồng,http://www.wikidata.org/entity/Q2743,musical play,
http://www.wikidata.org/entity/Q10838732,music of Southeast Asia,http://www.wikidata.org/entity/Q525073,music of Asia,
http://www.wikidata.org/entity/Q10846275,Akiba-pop,http://www.wikidata.org/entity/Q131578,J-pop,
http://www.wikidata.org/entity/Q10856835,wonky techno,http://www.wikidata.org/entity/Q170611,techno,1994-01-01T00:00:00Z
http://www.wikidata.org/entity/Q10915563,Taiwanese folk music,http://www.wikidata.org/entity/Q956925,music of Taiwan,
http://www.wikidata.org/entity/Q10978770,Jewish religious music,http://www.wikidata.org/entity/Q1065742,religious music,
http://www.wikidata.org/entity/Q11061723,Guangdong cantopop,http://www.wikidata.org/entity/Q853873,cantopop,
http://www.wikidata.org/entity/Q11064735,Hakka music,http://www.wikidata.org/entity/Q277393,music of China,
http://www.wikidata.org/entity/Q11122966,Gothenburg metal,http://www.wikidata.org/entity/Q253918,melodic death metal,
http://www.wikidata.org/entity/Q11210968,Gamelan Bali,http://www.wikidata.org/entity/Q194492,gamelan,
http://www.wikidata.org/entity/Q1268283,Romani music,http://www.wikidata.org/entity/Q3211884,music of the Balkans,
http://www.wikidata.org/entity/Q1269729,Chicago soul,http://www.wikidata.org/entity/Q131272,soul,1962-01-01T00:00:00Z
http://www.wikidata.org/entity/Q1270332,Danish hip hop,http://www.wikidata.org/entity/Q2449418,music of Denmark,
http://www.wikidata.org/entity/Q1270332,Danish hip hop,http://www.wikidata.org/entity/Q5413526,European hip-hop,
http://www.wikidata.org/entity/Q1271752,Texas blues,http://www.wikidata.org/entity/Q9759,blues,1915-01-01T00:00:00Z
http://www.wikidata.org/entity/Q1271752,Texas blues,http://www.wikidata.org/entity/Q6942291,music of Texas,1915-01-01T00:00:00Z
http://www.wikidata.org/entity/Q1273641,punk pathetique,http://www.wikidata.org/entity/Q3071,punk rock,1979-01-01T00:00:00Z
http://www.wikidata.org/entity/Q1275972,raggacore,http://www.wikidata.org/entity/Q903735,breakcore,1998-01-01T00:00:00Z
http://www.wikidata.org/entity/Q1277532,early reggae,http://www.wikidata.org/entity/Q9794,reggae,1965-01-01T00:00:00Z
http://www.wikidata.org/entity/Q1293057,Protestant hymn,http://www.wikidata.org/entity/Q724473,chorale,
http://www.wikidata.org/entity/Q1293057,Protestant hymn,http://www.wikidata.org/entity/Q856713,Christian hymn,
http://www.wikidata.org/entity/Q1294481,passamezzo,http://www.wikidata.org/entity/Q118738876,classical dance music,
http://www.wikidata.org/entity/Q1298412,music of Guatemala,http://www.wikidata.org/entity/Q727781,music of Latin America,
http://www.wikidata.org/entity/Q1298412,music of Guatemala,http://www.wikidata.org/entity/Q5060331,music of Central America,
http://www.wikidata.org/entity/Q1298934,synth-pop,http://www.wikidata.org/entity/Q116985035,electronic pop,1972-01-01T00:00:00Z
http://www.wikidata.org/entity/Q1299260,roots reggae,http://www.wikidata.org/entity/Q9794,reggae,1968-01-01T00:00:00Z
http://www.wikidata.org/entity/Q1303892,hokum,http://www.wikidata.org/entity/Q1309336,classic female blues,
http://www.wikidata.org/entity/Q1307555,punk'n'roll,http://www.wikidata.org/entity/Q3071,punk rock,1987-01-01T00:00:00Z
http://www.wikidata.org/entity/Q1307555,punk'n'roll,http://www.wikidata.org/entity/Q7749,rock and roll,1987-01-01T00:00:00Z
http://www.wikidata.org/entity/Q1309336,classic female blues,http://www.wikidata.org/entity/Q9759,blues,1914-01-01T00:00:00Z
http://www.wikidata.org/entity/Q1309336,classic female blues,http://www.wikidata.org/entity/Q109719462,vaudeville,1914-01-01T00:00:00Z
http://www.wikidata.org/entity/Q1317816,indie folk,http://www.wikidata.org/entity/Q42201,independent music,1990-01-01T00:00:00Z
http://www.wikidata.org/entity/Q1317816,indie folk,http://www.wikidata.org/entity/Q106298881,contemporary folk music,1990-01-01T00:00:00Z
http://www.wikidata.org/entity/Q1323698,Indian classical music,http://www.wikidata.org/entity/Q1583807,art music,
http://www.wikidata.org/entity/Q1323698,Indian classical music,http://www.wikidata.org/entity/Q98528267,music of South Asia,
http://www.wikidata.org/entity/Q1325944,electro,http://www.wikidata.org/entity/Q851213,electronic dance music,
http://www.wikidata.org/entity/Q11223087,Persian traditional music,http://www.wikidata.org/entity/Q98528260,maqāmic music,
http://www.wikidata.org/entity/Q11260516,utazawa,http://www.wikidata.org/entity/Q11638369,early modern Japanese music,
http://www.wikidata.org/entity/Q11262541,omoro,http://www.wikidata.org/entity/Q11573651,Ryukyu classical music,
http://www.wikidata.org/entity/Q11300623,Georgian sacred music,http://www.wikidata.org/entity/Q109105322,Eastern Orthodox liturgical music,
http://www.wikidata.org/entity/Q11310298,German metal,http://www.wikidata.org/entity/Q12326776,metal music,
http://www.wikidata.org/entity/Q11319232,techno kayō,http://www.wikidata.org/entity/Q11319210,techno-pop,1979-01-01T00:00:00Z
http://www.wikidata.org/entity/Q11330425,therapy music,http://www.wikidata.org/entity/Q26897135,functional music,
http://www.wikidata.org/entity/Q11344341,modern heavyness,http://www.wikidata.org/entity/Q12326776,metal music,
http://www.wikidata.org/entity/Q11345830,yunta,http://www.wikidata.org/entity/Q11573651,Ryukyu classical music,
http://www.wikidata.org/entity/Q11346971,rustic stomp,http://www.wikidata.org/entity/Q13627677,psychobilly,
http://www.wikidata.org/entity/Q11359070,Kamigata uta,http://www.wikidata.org/entity/Q11638369,early modern Japanese music,
http://www.wikidata.org/entity/Q11398105,gekiban music,http://www.wikidata.org/entity/Q107021951,score,
http://www.wikidata.org/entity/Q11398105,gekiban music,http://www.wikidata.org/entity/Q107736421,soundtrack,
http://www.wikidata.org/entity/Q11402284,Scandinavian metal,http://www.wikidata.org/entity/Q12326776,metal music,
http://www.wikidata.org/entity/Q11402284,Scandinavian metal,http://www.wikidata.org/entity/Q110471193,music of Scandinavia,
http://www.wikidata.org/entity/Q11453478,Miyako folk music,http://www.wikidata.org/entity/Q17053898,Ryukyuan music,
http://www.wikidata.org/entity/Q11453478,Miyako folk music,http://www.wikidata.org/entity/Q106586219,Japanese folk music,
http://www.wikidata.org/entity/Q11459349,kouta,http://www.wikidata.org/entity/Q106586219,Japanese folk music,
http://www.wikidata.org/entity/Q11489003,uzagaku,http://www.wikidata.org/entity/Q15614479,East Asian court ceremonial music,
http://www.wikidata.org/entity/Q11499279,church cantata,http://www.wikidata.org/entity/Q8812109,church music,
http://www.wikidata.org/entity/Q11544988,utaimono,http://www.wikidata.org/entity/Q7832297,traditional Japanese music,
http://www.wikidata.org/entity/Q11560476,kiyomoto-bushi,http://www.wikidata.org/entity/Q11398105,gekiban music,
http://www.wikidata.org/entity/Q11560687,Shingaku,http://www.wikidata.org/entity/Q7832297,traditional Japanese music,
http://www.wikidata.org/entity/Q11599140,takemoto,http://www.wikidata.org/entity/Q5369049,Gidayūbushi,
http://www.wikidata.org/entity/Q108151792,music of the Greater Antilles,http://www.wikidata.org/entity/Q3394906,music of the Caribbean,
http://www.wikidata.org/entity/Q108167943,maracatu nação,http://www.wikidata.org/entity/Q1753071,maracatu,
http://www.wikidata.org/entity/Q108177317,Māori showband,http://www.wikidata.org/entity/Q37073,pop music,
http://www.wikidata.org/entity/Q108197774,colour bass,http://www.wikidata.org/entity/Q20903,brostep,2014-01-01T00:00:00Z
http://www.wikidata.org/entity/Q108226936,slow waltz,http://www.wikidata.org/entity/Q8701407,waltz,
http://www.wikidata.org/entity/Q108250543,music of Mediterranea,http://www.wikidata.org/entity/Q1503406,music of the Middle East,
http://www.wikidata.org/entity/Q108250543,music of Mediterranea,http://www.wikidata.org/entity/Q11400811,music of North Africa,
http://www.wikidata.org/entity/Q108250543,music of Mediterranea,http://www.wikidata.org/entity/Q106507873,music of Western Europe,
http://www.wikidata.org/entity/Q108250543,music of Mediterranea,http://www.wikidata.org/entity/Q106508039,music of Southern Europe,
http://www.wikidata.org/entity/Q108297178,Armenian church music,http://www.wikidata.org/entity/Q2665906,music of Armenia,
http://www.wikidata.org/entity/Q108297178,Armenian church music,http://www.wikidata.org/entity/Q8812109,church music,
http://www.wikidata.org/entity/Q108297178,Armenian church music,http://www.wikidata.org/entity/Q23072435,chant,
http://www.wikidata.org/entity/Q108297179,Ashkenazi music,http://www.wikidata.org/entity/Q1716019,Jewish music,
http://www.wikidata.org/entity/Q108297179,Ashkenazi music,http://www.wikidata.org/entity/Q3328676,music of Europe,
http://www.wikidata.org/entity/Q108297180,Assamese folk music,http://www.wikidata.org/entity/Q98528198,South Asian folk music,
http://www.wikidata.org/entity/Q108297181,Asturian folk music,http://www.wikidata.org/entity/Q108615838,Northwest Iberian folk music,
http://www.wikidata.org/entity/Q108297183,Austronesian music,http://www.wikidata.org/entity/Q3328728,music of Oceania,
http://www.wikidata.org/entity/Q108297184,avant-folk,http://www.wikidata.org/entity/Q106298881,contemporary folk music,
http://www.wikidata.org/entity/Q108297185,Avar folk music,http://www.wikidata.org/entity/Q111738966,Dagestani folk music,
http://www.wikidata.org/entity/Q108297186,azmari,http://www.wikidata.org/entity/Q109615856,Ethiopic music,
http://www.wikidata.org/entity/Q108297187,balani show,http://www.wikidata.org/entity/Q851213,electronic dance music,1990-01-01T00:00:00Z
http://www.wikidata.org/entity/Q108297187,balani show,http://www.wikidata.org/entity/Q6942329,music of West Africa,1990-01-01T00:00:00Z
http://www.wikidata.org/entity/Q108297188,balitaw,http://www.wikidata.org/entity/Q3328743,music of the Philippines,
http://www.wikidata.org/entity/Q108297188,balitaw,http://www.wikidata.org/entity/Q106586999,Southeast Asian folk music,
http://www.wikidata.org/entity/Q108297189,Balochi folk music,http://www.wikidata.org/entity/Q4852449,Balochi music,
http://www.wikidata.org/entity/Q108297189,Balochi folk music,http://www.wikidata.org/entity/Q98528198,South Asian folk music,
http://www.wikidata.org/entity/Q108297189,Balochi folk music,http://www.wikidata.org/entity/Q106635221,West Asian folk music,
http://www.wikidata.org/entity/Q108297190,Bamar folk music,http://www.wikidata.org/entity/Q106586999,Southeast Asian folk music,
http://www.wikidata.org/entity/Q108297190,Bamar folk music,http://www.wikidata.org/entity/Q114828938,Bamar music,
http://www.wikidata.org/entity/Q108297192,Basque folk music,http://www.wikidata.org/entity/Q3328599,Basque music,
http://www.wikidata.org/entity/Q108297192,Basque folk music,http://www.wikidata.org/entity/Q9048257,Spanish folk music,
http://www.wikidata.org/entity/Q108297193,pop batak,http://www.wikidata.org/entity/Q37073,pop music,
http://www.wikidata.org/entity/Q108297193,pop batak,http://www.wikidata.org/entity/Q117745523,Batak music,
http://www.wikidata.org/entity/Q108297194,batida,http://www.wikidata.org/entity/Q1191544,kuduro,1980-01-01T00:00:00Z
http://www.wikidata.org/entity/Q108297196,Bengali folk music,http://www.wikidata.org/entity/Q98528198,South Asian folk music,
http://www.wikidata.org/entity/Q108297198,black 'n' roll,http://www.wikidata.org/entity/Q132438,black metal,2001-01-01T00:00:00Z
http://www.wikidata.org/entity/Q108297199,bolero-beat,http://www.wikidata.org/entity/Q5747258,canción melódica,
http://www.wikidata.org/entity/Q108297200,bop,http://www.wikidata.org/entity/Q2572585,pop rap,2011-01-01T00:00:00Z
http://www.wikidata.org/entity/Q108297200,bop,http://www.wikidata.org/entity/Q115691081,Chicago drill,2011-01-01T00:00:00Z
http://www.wikidata.org/entity/Q108297201,Breton Celtic folk music,http://www.wikidata.org/entity/Q98528277,Celtic folk music,
http://www.wikidata.org/entity/Q108297201,Breton Celtic folk music,http://www.wikidata.org/entity/Q108297202,Breton folk music,
http://www.wikidata.org/entity/Q108297202,Breton folk music,http://www.wikidata.org/entity/Q910606,music of Brittany,
http://www.wikidata.org/entity/Q108297202,Breton folk music,http://www.wikidata.org/entity/Q2956178,French folk music,
http://www.wikidata.org/entity/Q108297203,bubbling house,http://www.wikidata.org/entity/Q20502,house music,2002-01-01T00:00:00Z
http://www.wikidata.org/entity/Q108297204,Bulawayo jazz,http://www.wikidata.org/entity/Q8341,jazz,
http://www.wikidata.org/entity/Q108297204,Bulawayo jazz,http://www.wikidata.org/entity/Q98528232,music of Southern Africa,
http://www.wikidata.org/entity/Q108297205,Burmese classical music,http://www.wikidata.org/entity/Q3328602,music of Myanmar,
http://www.wikidata.org/entity/Q108297205,Burmese classical music,http://www.wikidata.org/entity/Q106586998,Southeast Asian classical music,
http://www.wikidata.org/entity/Q108297206,Cambodian pop,http://www.wikidata.org/entity/Q37073,pop music,
http://www.wikidata.org/entity/Q108297206,Cambodian pop,http://www.wikidata.org/entity/Q6942031,music of Cambodia,
http://www.wikidata.org/entity/Q108297207,Canadian maritime folk,http://www.wikidata.org/entity/Q17513988,Canadian folk music,
http://www.wikidata.org/entity/Q108297209,canzone d'autore,http://www.wikidata.org/entity/Q3679098,music of Italy,1958-01-01T00:00:00Z
http://www.wikidata.org/entity/Q108297209,canzone d'autore,http://www.wikidata.org/entity/Q89363113,singer-songwriter music,1958-01-01T00:00:00Z
http://www.wikidata.org/entity/Q108297210,Cape Breton folk music,http://www.wikidata.org/entity/Q98528277,Celtic folk music,
http://www.wikidata.org/entity/Q108297210,Cape Breton folk music,http://www.wikidata.org/entity/Q108297207,Canadian maritime folk,
http://www.wikidata.org/entity/Q108297212,chamarrita açoriana,http://www.wikidata.org/entity/Q5069474,chamarrita,
http://www.wikidata.org/entity/Q108297212,chamarrita açoriana,http://www.wikidata.org/entity/Q106556293,Portuguese folk music,
http://www.wikidata.org/entity/Q108297213,chamarrita rioplatense,http://www.wikidata.org/entity/Q5069474,chamarrita,
http://www.wikidata.org/entity/Q108297213,chamarrita rioplatense,http://www.wikidata.org/entity/Q98528197,Hispanic American folk music,
http://www.wikidata.org/entity/Q108297213,chamarrita rioplatense,http://www.wikidata.org/entity/Q123856101,Rioplatense music,
http://www.wikidata.org/entity/Q108297214,chanson alternative,http://www.wikidata.org/entity/Q1062400,chanson,
http://www.wikidata.org/entity/Q108297214,chanson alternative,http://www.wikidata.org/entity/Q1695023,alternative music,
http://www.wikidata.org/entity/Q108297215,chazzanut,http://www.wikidata.org/entity/Q23072435,chant,
http://www.wikidata.org/entity/Q108297215,chazzanut,http://www.wikidata.org/entity/Q117187744,Jewish liturgical music,
http://www.wikidata.org/entity/Q108297216,chotis madrileño,http://www.wikidata.org/entity/Q329385,schottische,
http://www.wikidata.org/entity/Q108297216,chotis madrileño,http://www.wikidata.org/entity/Q9048257,Spanish folk music,
http://www.wikidata.org/entity/Q108297217,cilokaq,http://www.wikidata.org/entity/Q1930107,kroncong,
http://www.wikidata.org/entity/Q108297218,cocktail nation,http://www.wikidata.org/entity/Q848399,easy listening,
http://www.wikidata.org/entity/Q108297220,conducted improvisation,http://www.wikidata.org/entity/Q1640319,experimental music,
http://www.wikidata.org/entity/Q108297221,Csango folk music,http://www.wikidata.org/entity/Q6966089,Balkan folk music,
http://www.wikidata.org/entity/Q108297222,cubaton,http://www.wikidata.org/entity/Q202930,reggaeton,
http://www.wikidata.org/entity/Q108297222,cubaton,http://www.wikidata.org/entity/Q1544863,music of Cuba,
http://www.wikidata.org/entity/Q108297224,cumbia sonidera,http://www.wikidata.org/entity/Q6826021,Mexican cumbia,
http://www.wikidata.org/entity/Q108297225,Czech folk music,http://www.wikidata.org/entity/Q2981079,music of the Czech Republic,
http://www.wikidata.org/entity/Q108297225,Czech folk music,http://www.wikidata.org/entity/Q16679594,Slavic folk music,
http://www.wikidata.org/entity/Q108297227,dennery segment,http://www.wikidata.org/entity/Q1051735,soca music,
http://www.wikidata.org/entity/Q108297227,dennery segment,http://www.wikidata.org/entity/Q107025062,French Caribbean music,
http://www.wikidata.org/entity/Q108297229,digital dancehall,http://www.wikidata.org/entity/Q9794,reggae,
http://www.wikidata.org/entity/Q108297229,digital dancehall,http://www.wikidata.org/entity/Q474027,dancehall,
http://www.wikidata.org/entity/Q108297231,djanba,http://www.wikidata.org/entity/Q2340395,indigenous Australian music,
http://www.wikidata.org/entity/Q108297232,doskpop,http://www.wikidata.org/entity/Q4049849,spacesynth,1995-01-01T00:00:00Z
http://www.wikidata.org/entity/Q108297232,doskpop,http://www.wikidata.org/entity/Q106423092,tracker music,1995-01-01T00:00:00Z
http://www.wikidata.org/entity/Q108297233,Dutch cabaret,http://www.wikidata.org/entity/Q1370345,musical theater,
http://www.wikidata.org/entity/Q108297233,Dutch cabaret,http://www.wikidata.org/entity/Q5151495,comedy music,
http://www.wikidata.org/entity/Q108297234,eleki,http://www.wikidata.org/entity/Q257533,music of Japan,1965-01-01T00:00:00Z
http://www.wikidata.org/entity/Q108297234,eleki,http://www.wikidata.org/entity/Q106581470,surf rock,1965-01-01T00:00:00Z
http://www.wikidata.org/entity/Q108297235,epic collage,http://www.wikidata.org/entity/Q9778,electronic music,2008-01-01T00:00:00Z
http://www.wikidata.org/entity/Q108297235,epic collage,http://www.wikidata.org/entity/Q1744304,sound collage,2008-01-01T00:00:00Z
http://www.wikidata.org/entity/Q108297236,entechna laika,http://www.wikidata.org/entity/Q2087267,laïko,
http://www.wikidata.org/entity/Q108297236,entechna laika,http://www.wikidata.org/entity/Q53806314,éntekhno,
http://www.wikidata.org/entity/Q108297237,Ethiopian church music,http://www.wikidata.org/entity/Q8812109,church music,
http://www.wikidata.org/entity/Q108297237,Ethiopian church music,http://www.wikidata.org/entity/Q109615856,Ethiopic music,
http://www.wikidata.org/entity/Q108297238,euphoric hardstyle,http://www.wikidata.org/entity/Q223840,hardstyle,2008-01-01T00:00:00Z
http://www.wikidata.org/entity/Q108297239,Faroese folk music,http://www.wikidata.org/entity/Q7050752,Nordic folk music,
http://www.wikidata.org/entity/Q108297241,flamenco pop,http://www.wikidata.org/entity/Q9764,flamenco,
http://www.wikidata.org/entity/Q18204859,Igbo rap,http://www.wikidata.org/entity/Q2835456,Nigerian hip hop,1998-01-01T00:00:00Z
http://www.wikidata.org/entity/Q18205078,Azerbaijani classical music,http://www.wikidata.org/entity/Q724104,music of Azerbaijan,
http://www.wikidata.org/entity/Q18205078,Azerbaijani classical music,http://www.wikidata.org/entity/Q98528260,maqāmic music,
http://www.wikidata.org/entity/Q18208255,Igbo highlife,http://www.wikidata.org/entity/Q145594,Igbo music,
http://www.wikidata.org/entity/Q18208255,Igbo highlife,http://www.wikidata.org/entity/Q963061,highlife,
http://www.wikidata.org/entity/Q18217098,New Mexico music,http://www.wikidata.org/entity/Q18345375,Latin music,1300-01-01T00:00:00Z
http://www.wikidata.org/entity/Q18217098,New Mexico music,http://www.wikidata.org/entity/Q107718737,music of North America,1300-01-01T00:00:00Z
http://www.wikidata.org/entity/Q109914712,Shetland & Orkney folk music,http://www.wikidata.org/entity/Q17018487,Scottish folk music,
http://www.wikidata.org/entity/Q109914719,Sotho-Tswana folk music,http://www.wikidata.org/entity/Q263524,Tswana music,
http://www.wikidata.org/entity/Q109914719,Sotho-Tswana folk music,http://www.wikidata.org/entity/Q98528210,Southern African folk music,
http://www.wikidata.org/entity/Q109914864,Telugu folk music,http://www.wikidata.org/entity/Q6022257,Indian folk music,
http://www.wikidata.org/entity/Q109914864,Telugu folk music,http://www.wikidata.org/entity/Q118146890,Telugu music,
http://www.wikidata.org/entity/Q109915174,Trás-os-Montes folk music,http://www.wikidata.org/entity/Q98528277,Celtic folk music,
http://www.wikidata.org/entity/Q109915174,Trás-os-Montes folk music,http://www.wikidata.org/entity/Q106556293,Portuguese folk music,
http://www.wikidata.org/entity/Q109915194,Walloon folk music,http://www.wikidata.org/entity/Q98528192,European folk music,
http://www.wikidata.org/entity/Q109915203,Warsaw City folk music,http://www.wikidata.org/entity/Q112652885,Polish urban folk music,
http://www.wikidata.org/entity/Q109916244,British folk music,http://www.wikidata.org/entity/Q268673,music of the United Kingdom,
http://www.wikidata.org/entity/Q109916244,British folk music,http://www.wikidata.org/entity/Q98528277,Celtic folk music,
http://www.wikidata.org/entity/Q109930142,power soca,http://www.wikidata.org/entity/Q1051735,soca music,
http://www.wikidata.org/entity/Q109941986,ratchet music,http://www.wikidata.org/entity/Q11401,hip-hop,2011-01-01T00:00:00Z
http://www.wikidata.org/entity/Q109941986,ratchet music,http://www.wikidata.org/entity/Q114880124,US bass music,2011-01-01T00:00:00Z
http://www.wikidata.org/entity/Q110016168,Nordic folk rock,http://www.wikidata.org/entity/Q186472,folk rock,
http://www.wikidata.org/entity/Q110016168,Nordic folk rock,http://www.wikidata.org/entity/Q26302245,music of the Nordic countries,
http://www.wikidata.org/entity/Q110020243,Swedish pop,http://www.wikidata.org/entity/Q37073,pop music,
http://www.wikidata.org/entity/Q110020310,Swedish rock music,http://www.wikidata.org/entity/Q11399,rock music,
http://www.wikidata.org/entity/Q110038872,ambient jazz,http://www.wikidata.org/entity/Q8341,jazz,
http://www.wikidata.org/entity/Q110101630,tango romanza,http://www.wikidata.org/entity/Q14390274,tango,
http://www.wikidata.org/entity/Q110101806,swingueira,http://www.wikidata.org/entity/Q25448883,pagode baiano,2000-01-01T00:00:00Z
http://www.wikidata.org/entity/Q110101956,eletrofunk,http://www.wikidata.org/entity/Q20502,house music,2011-01-01T00:00:00Z
http://www.wikidata.org/entity/Q110101956,eletrofunk,http://www.wikidata.org/entity/Q117745223,Brazilian funk,2011-01-01T00:00:00Z
http://www.wikidata.org/entity/Q110121422,downtempo deathcore,http://www.wikidata.org/entity/Q183862,metalcore,1991-01-01T00:00:00Z
http://www.wikidata.org/entity/Q110126996,rave funk,http://www.wikidata.org/entity/Q107010629,funk mandelão,2017-01-01T00:00:00Z
http://www.wikidata.org/entity/Q110127020,tranceira,http://www.wikidata.org/entity/Q170435,trance,2019-01-01T00:00:00Z
http://www.wikidata.org/entity/Q110127020,tranceira,http://www.wikidata.org/entity/Q97278139,brega funk,2019-01-01T00:00:00Z
http://www.wikidata.org/entity/Q110127031,trip bit,http://www.wikidata.org/entity/Q205560,trip hop,
http://www.wikidata.org/entity/Q110127031,trip bit,http://www.wikidata.org/entity/Q1759189,mangue bit,
http://www.wikidata.org/entity/Q110127031,trip bit,http://www.wikidata.org/entity/Q97278139,brega funk,
http://www.wikidata.org/entity/Q110141586,indie surf,http://www.wikidata.org/entity/Q183504,indie rock,2009-01-01T00:00:00Z
http://www.wikidata.org/entity/Q110141586,indie surf,http://www.wikidata.org/entity/Q220830,surf music,2009-01-01T00:00:00Z
http://www.wikidata.org/entity/Q110143732,Serbian pop-folk,http://www.wikidata.org/entity/Q2363645,music of Serbia,
http://www.wikidata.org/entity/Q110143732,Serbian pop-folk,http://www.wikidata.org/entity/Q20825943,Balkan pop-folk,
http://www.wikidata.org/entity/Q110164140,boate carioca,http://www.wikidata.org/entity/Q1931130,funk carioca,
http://www.wikidata.org/entity/Q110167313,music of Bavaria,http://www.wikidata.org/entity/Q2743758,music of Germany,
http://www.wikidata.org/entity/Q110167696,music of North Asia,http://www.wikidata.org/entity/Q525073,music of Asia,
http://www.wikidata.org/entity/Q110167738,music of Siberia,http://www.wikidata.org/entity/Q2498201,music of Russia,
http://www.wikidata.org/entity/Q110167738,music of Siberia,http://www.wikidata.org/entity/Q110167696,music of North Asia,
http://www.wikidata.org/entity/Q110168453,omutibo,http://www.wikidata.org/entity/Q3868594,music of Kenya,1960-01-01T00:00:00Z
http://www.wikidata.org/entity/Q110185228,music of the Azores,http://www.wikidata.org/entity/Q2579987,music of Portugal,
http://www.wikidata.org/entity/Q110185782,melodic techno,http://www.wikidata.org/entity/Q170611,techno,2013-01-01T00:00:00Z
http://www.wikidata.org/entity/Q110207937,rockdut,http://www.wikidata.org/entity/Q11399,rock music,
http://www.wikidata.org/entity/Q110207937,rockdut,http://www.wikidata.org/entity/Q1159539,dangdut,
http://www.wikidata.org/entity/Q110226234,red disco,http://www.wikidata.org/entity/Q130572,music of the Soviet Union,1986-01-01T00:00:00Z
http://www.wikidata.org/entity/Q110226234,red disco,http://www.wikidata.org/entity/Q98528149,electro-disco,1986-01-01T00:00:00Z
http://www.wikidata.org/entity/Q110226234,red disco,http://www.wikidata.org/entity/Q117000933,Eastern European pop,1986-01-01T00:00:00Z
http://www.wikidata.org/entity/Q110229924,naturjodel,http://www.wikidata.org/entity/Q252833,Alpine folk music,
http://www.wikidata.org/entity/Q110229924,naturjodel,http://www.wikidata.org/entity/Q60030725,yodel,
http://www.wikidata.org/entity/Q110230168,British brass band music,http://www.wikidata.org/entity/Q268673,music of the United Kingdom,
http://www.wikidata.org/entity/Q110230415,Pakacaping music,http://www.wikidata.org/entity/Q108297183,Austronesian music,
http://www.wikidata.org/entity/Q110230419,Pinoy folk rock,http://www.wikidata.org/entity/Q186472,folk rock,1977-01-01T00:00:00Z
http://www.wikidata.org/entity/Q110230419,Pinoy folk rock,http://www.wikidata.org/entity/Q3388814,Pinoy rock,1977-01-01T00:00:00Z
http://www.wikidata.org/entity/Q110230812,township bubblegum,http://www.wikidata.org/entity/Q211756,dance-pop,
http://www.wikidata.org/entity/Q110230812,township bubblegum,http://www.wikidata.org/entity/Q4794612,music of South Africa,
http://www.wikidata.org/entity/Q110230816,pop ghazal,http://www.wikidata.org/entity/Q37073,pop music,
http://www.wikidata.org/entity/Q110230816,pop ghazal,http://www.wikidata.org/entity/Q98528267,music of South Asia,
http://www.wikidata.org/entity/Q110230818,qasidah modern,http://www.wikidata.org/entity/Q1210921,music of Indonesia,
http://www.wikidata.org/entity/Q110231166,rapai dabõih,http://www.wikidata.org/entity/Q1482325,Islamic music,
http://www.wikidata.org/entity/Q110231166,rapai dabõih,http://www.wikidata.org/entity/Q106586999,Southeast Asian folk music,
http://www.wikidata.org/entity/Q110231205,romanţe,http://www.wikidata.org/entity/Q599510,romance,
http://www.wikidata.org/entity/Q110231205,romanţe,http://www.wikidata.org/entity/Q852210,music of Romania,
http://www.wikidata.org/entity/Q110231205,romanţe,http://www.wikidata.org/entity/Q1196752,traditional pop,
http://www.wikidata.org/entity/Q110231205,romanţe,http://www.wikidata.org/entity/Q3211884,music of the Balkans,
http://www.wikidata.org/entity/Q110235979,Jai Radha Madhab,http://www.wikidata.org/entity/Q3328686,Hindu music,
http://www.wikidata.org/entity/Q110241080,saluang klasik,http://www.wikidata.org/entity/Q12499697,Minangkabau music,
http://www.wikidata.org/entity/Q110241080,saluang klasik,http://www.wikidata.org/entity/Q106586998,Southeast Asian classical music,
http://www.wikidata.org/entity/Q110241185,tarraxinha,http://www.wikidata.org/entity/Q1597549,kizomba,
http://www.wikidata.org/entity/Q110241400,tassu,http://www.wikidata.org/entity/Q8030395,Wolof music,
http://www.wikidata.org/entity/Q110241458,Tigrinya music,http://www.wikidata.org/entity/Q109615856,Ethiopic music,
http://www.wikidata.org/entity/Q110241635,Tosk polyphony,http://www.wikidata.org/entity/Q47112,Albanian iso-polyphony,
http://www.wikidata.org/entity/Q110241752,al-jadīd,http://www.wikidata.org/entity/Q624044,Arabic music,
http://www.wikidata.org/entity/Q110242082,urumi melam,http://www.wikidata.org/entity/Q109327528,Tamil folk music,
http://www.wikidata.org/entity/Q110242150,Virgin Islander cariso,http://www.wikidata.org/entity/Q98528191,Caribbean folk music,
http://www.wikidata.org/entity/Q110249949,Turkish mevlevi music,http://www.wikidata.org/entity/Q1482325,Islamic music,
http://www.wikidata.org/entity/Q110249949,Turkish mevlevi music,http://www.wikidata.org/entity/Q1518063,Ottoman classical music,
http://www.wikidata.org/entity/Q110249949,Turkish mevlevi music,http://www.wikidata.org/entity/Q1755959,Sufi music,
http://www.wikidata.org/entity/Q110249967,oriental Jewish music,http://www.wikidata.org/entity/Q1716019,Jewish music,
http://www.wikidata.org/entity/Q110250034,Bhutanese folk music,http://www.wikidata.org/entity/Q592807,music of Bhutan,
http://www.wikidata.org/entity/Q110250034,Bhutanese folk music,http://www.wikidata.org/entity/Q98528198,South Asian folk music,
http://www.wikidata.org/entity/Q110250068,Uzbek folk music,http://www.wikidata.org/entity/Q235858,traditional folk music,
http://www.wikidata.org/entity/Q110250068,Uzbek folk music,http://www.wikidata.org/entity/Q3328738,music of Uzbekistan,
http://www.wikidata.org/entity/Q110250068,Uzbek folk music,http://www.wikidata.org/entity/Q98528287,Turkic-Mongolic music,
http://www.wikidata.org/entity/Q110269470,Batrelaky,http://www.wikidata.org/entity/Q109271585,Malagasy folk music,
http://www.wikidata.org/entity/Q110272079,Pasillo ecuatoriano,http://www.wikidata.org/entity/Q7142141,pasillo,
http://www.wikidata.org/entity/Q110290228,Marathi folk music,http://www.wikidata.org/entity/Q6022257,Indian folk music,
http://www.wikidata.org/entity/Q110296483,Kashubian folk music,http://www.wikidata.org/entity/Q11822344,Polish folk music,
http://www.wikidata.org/entity/Q110312933,Afro-Brazilian music,http://www.wikidata.org/entity/Q899215,music of Brazil,
http://www.wikidata.org/entity/Q110312933,Afro-Brazilian music,http://www.wikidata.org/entity/Q6942343,music of the African diaspora,
http://www.wikidata.org/entity/Q110312968,Afro-Colombian music,http://www.wikidata.org/entity/Q920883,music of Colombia,
http://www.wikidata.org/entity/Q110312968,Afro-Colombian music,http://www.wikidata.org/entity/Q6942343,music of the African diaspora,
http://www.wikidata.org/entity/Q110391569,Ladino folksong,http://www.wikidata.org/entity/Q235858,traditional folk music,
http://www.wikidata.org/entity/Q110391569,Ladino folksong,http://www.wikidata.org/entity/Q2271589,Sephardic music,
http://www.wikidata.org/entity/Q18225375,Qaytarma,http://www.wikidata.org/entity/Q4452477,Tatar folk music,
http://www.wikidata.org/entity/Q18225375,Qaytarma,http://www.wikidata.org/entity/Q25436215,Crimean Tatar music,
http://www.wikidata.org/entity/Q18242331,candomblé song,http://www.wikidata.org/entity/Q935586,liturgical music,
http://www.wikidata.org/entity/Q18278642,new funk,http://www.wikidata.org/entity/Q211756,dance-pop,1999-01-01T00:00:00Z
http://www.wikidata.org/entity/Q18278642,new funk,http://www.wikidata.org/entity/Q1931130,funk carioca,1999-01-01T00:00:00Z
http://www.wikidata.org/entity/Q18324847,Kievan chant,http://www.wikidata.org/entity/Q23072435,chant,
http://www.wikidata.org/entity/Q18324847,Kievan chant,http://www.wikidata.org/entity/Q139566472,East Slavic church music,
http://www.wikidata.org/entity/Q18342587,tropical house,http://www.wikidata.org/entity/Q20502,house music,2012-01-01T00:00:00Z
http://www.wikidata.org/entity/Q18358879,outsider house,http://www.wikidata.org/entity/Q20502,house music,2010-01-01T00:00:00Z
http://www.wikidata.org/entity/Q18370965,Pinoy pop,http://www.wikidata.org/entity/Q37073,pop music,
http://www.wikidata.org/entity/Q18370965,Pinoy pop,http://www.wikidata.org/entity/Q3328743,music of the Philippines,
http://www.wikidata.org/entity/Q18379604,Christian electronic dance music,http://www.wikidata.org/entity/Q851213,electronic dance music,
http://www.wikidata.org/entity/Q18379604,Christian electronic dance music,http://www.wikidata.org/entity/Q6452410,Christian music,
http://www.wikidata.org/entity/Q18391540,Christian R&B,http://www.wikidata.org/entity/Q45981,rhythm and blues,
http://www.wikidata.org/entity/Q18391540,Christian R&B,http://www.wikidata.org/entity/Q6452410,Christian music,
http://www.wikidata.org/entity/Q18393891,reggaestep,http://www.wikidata.org/entity/Q20474,dubstep,2010-01-01T00:00:00Z
http://www.wikidata.org/entity/Q18406550,ovsenki,http://www.wikidata.org/entity/Q503354,Christmas carol,
http://www.wikidata.org/entity/Q18406550,ovsenki,http://www.wikidata.org/entity/Q4400497,Russian folk song,
http://www.wikidata.org/entity/Q18406550,ovsenki,http://www.wikidata.org/entity/Q16682190,Slavic rite song,
http://www.wikidata.org/entity/Q18432631,neurohop,http://www.wikidata.org/entity/Q106514601,glitch hop (EDM),2009-01-01T00:00:00Z
http://www.wikidata.org/entity/Q18473388,colá,http://www.wikidata.org/entity/Q188237,music of Cape Verde,
http://www.wikidata.org/entity/Q18534490,Kanhaiya Geet,http://www.wikidata.org/entity/Q109914703,Rajasthani folk music,
http://www.wikidata.org/entity/Q18702741,bogino duu,http://www.wikidata.org/entity/Q19880374,Mongolian folk music,
http://www.wikidata.org/entity/Q18915482,mincecore,http://www.wikidata.org/entity/Q10922,hardcore punk,
http://www.wikidata.org/entity/Q18915482,mincecore,http://www.wikidata.org/entity/Q188534,grindcore,
http://www.wikidata.org/entity/Q19358266,electro latino,http://www.wikidata.org/entity/Q851213,electronic dance music,2008-01-01T00:00:00Z
http://www.wikidata.org/entity/Q19358266,electro latino,http://www.wikidata.org/entity/Q98528166,Latin electronic music,2008-01-01T00:00:00Z
http://www.wikidata.org/entity/Q19358266,electro latino,http://www.wikidata.org/entity/Q116985035,electronic pop,2008-01-01T00:00:00Z
http://www.wikidata.org/entity/Q19361028,bourrée,http://www.wikidata.org/entity/Q9730,classical music,
http://www.wikidata.org/entity/Q19361028,bourrée,http://www.wikidata.org/entity/Q316930,dance music,
http://www.wikidata.org/entity/Q19610934,Croatian pop-folk,http://www.wikidata.org/entity/Q20825943,Balkan pop-folk,
http://www.wikidata.org/entity/Q19672555,nerd-folk,http://www.wikidata.org/entity/Q19678100,nerd music,2005-01-01T00:00:00Z
http://www.wikidata.org/entity/Q19672555,nerd-folk,http://www.wikidata.org/entity/Q106298881,contemporary folk music,2005-01-01T00:00:00Z
http://www.wikidata.org/entity/Q19678100,nerd music,http://www.wikidata.org/entity/Q373342,popular music,
http://www.wikidata.org/entity/Q19708376,frat rap,http://www.wikidata.org/entity/Q2572585,pop rap,
http://www.wikidata.org/entity/Q19708604,funk ousadia,http://www.wikidata.org/entity/Q1931130,funk carioca,2013-01-01T00:00:00Z
http://www.wikidata.org/entity/Q19708789,gothic symphonic rock,http://www.wikidata.org/entity/Q485395,gothic rock,
http://www.wikidata.org/entity/Q19708789,gothic symphonic rock,http://www.wikidata.org/entity/Q719927,symphonic rock,
http://www.wikidata.org/entity/Q19708925,Scandinavian death metal,http://www.wikidata.org/entity/Q483251,death metal,
http://www.wikidata.org/entity/Q19708925,Scandinavian death metal,http://www.wikidata.org/entity/Q11402284,Scandinavian metal,
http://www.wikidata.org/entity/Q19729536,music of Tegal,http://www.wikidata.org/entity/Q1210921,music of Indonesia,
http://www.wikidata.org/entity/Q19729536,music of Tegal,http://www.wikidata.org/entity/Q98528198,South Asian folk music,
http://www.wikidata.org/entity/Q19749652,Bhojpuri folk music,http://www.wikidata.org/entity/Q96373505,Bhojpuri music,
http://www.wikidata.org/entity/Q19749652,Bhojpuri folk music,http://www.wikidata.org/entity/Q98528198,South Asian folk music,
http://www.wikidata.org/entity/Q19754215,cante alentejano,http://www.wikidata.org/entity/Q179465,polyphony,
http://www.wikidata.org/entity/Q19754215,cante alentejano,http://www.wikidata.org/entity/Q106556293,Portuguese folk music,
http://www.wikidata.org/entity/Q19815286,Japanese hardcore,http://www.wikidata.org/entity/Q10922,hardcore punk,
http://www.wikidata.org/entity/Q19815286,Japanese hardcore,http://www.wikidata.org/entity/Q11505686,Japanese punk rock,
http://www.wikidata.org/entity/Q19820570,ma'luf,http://www.wikidata.org/entity/Q623904,Andalusi classical music,
http://www.wikidata.org/entity/Q19832746,nerd punk,http://www.wikidata.org/entity/Q3071,punk rock,
http://www.wikidata.org/entity/Q19832746,nerd punk,http://www.wikidata.org/entity/Q2324411,geek rock,
http://www.wikidata.org/entity/Q19860267,Kazakh pop,http://www.wikidata.org/entity/Q37073,pop music,1970-01-01T00:00:00Z
http://www.wikidata.org/entity/Q19860267,Kazakh pop,http://www.wikidata.org/entity/Q1131855,music of Kazakhstan,1970-01-01T00:00:00Z
http://www.wikidata.org/entity/Q19879476,classic hip hop,http://www.wikidata.org/entity/Q11401,hip-hop,
http://www.wikidata.org/entity/Q19880374,Mongolian folk music,http://www.wikidata.org/entity/Q3328727,music of Mongolia,
http://www.wikidata.org/entity/Q19880374,Mongolian folk music,http://www.wikidata.org/entity/Q98528287,Turkic-Mongolic music,
http://www.wikidata.org/entity/Q19880374,Mongolian folk music,http://www.wikidata.org/entity/Q106635234,Asian folk music,
http://www.wikidata.org/entity/Q19885329,raglife,http://www.wikidata.org/entity/Q9794,reggae,
http://www.wikidata.org/entity/Q19885329,raglife,http://www.wikidata.org/entity/Q1619932,hiplife,
http://www.wikidata.org/entity/Q19901725,Ukrainian metal,http://www.wikidata.org/entity/Q155858,music of Ukraine,
http://www.wikidata.org/entity/Q19901725,Ukrainian metal,http://www.wikidata.org/entity/Q12326776,metal music,
http://www.wikidata.org/entity/Q19938910,synthwave,http://www.wikidata.org/entity/Q9778,electronic music,2005-01-01T00:00:00Z
http://www.wikidata.org/entity/Q20016116,salsa choke,http://www.wikidata.org/entity/Q208239,salsa,
http://www.wikidata.org/entity/Q20016989,Castilian jotas,http://www.wikidata.org/entity/Q252626,jota,
http://www.wikidata.org/entity/Q20018165,son de negro,http://www.wikidata.org/entity/Q116884389,son,
http://www.wikidata.org/entity/Q20021059,future house,http://www.wikidata.org/entity/Q20502,house music,2013-01-01T00:00:00Z
http://www.wikidata.org/entity/Q20022908,party music,http://www.wikidata.org/entity/Q122149755,event music,
http://www.wikidata.org/entity/Q20047305,Melbourne bounce,http://www.wikidata.org/entity/Q627906,electro house,2011-01-01T00:00:00Z
http://www.wikidata.org/entity/Q20102359,Catalan traditional folk music,http://www.wikidata.org/entity/Q3808055,music of Catalonia,
http://www.wikidata.org/entity/Q20102359,Catalan traditional folk music,http://www.wikidata.org/entity/Q20492204,music in Catalan language,
http://www.wikidata.org/entity/Q20102359,Catalan traditional folk music,http://www.wikidata.org/entity/Q98528192,European folk music,
http://www.wikidata.org/entity/Q20104443,Catalan popular folk music,http://www.wikidata.org/entity/Q3328681,popular folk music,
http://www.wikidata.org/entity/Q20104443,Catalan popular folk music,http://www.wikidata.org/entity/Q3808055,music of Catalonia,
http://www.wikidata.org/entity/Q20106916,sardana revessa,http://www.wikidata.org/entity/Q1413570,sardana,
http://www.wikidata.org/entity/Q20108528,Laietana music,http://www.wikidata.org/entity/Q20104443,Catalan popular folk music,1970-01-01T00:00:00Z
http://www.wikidata.org/entity/Q20380119,Tibetan Buddhist music,http://www.wikidata.org/entity/Q492067,Buddhist music,
http://www.wikidata.org/entity/Q20380119,Tibetan Buddhist music,http://www.wikidata.org/entity/Q1585558,music of Tibet,
http://www.wikidata.org/entity/Q20427186,japga,http://www.wikidata.org/entity/Q107000797,Korean folk music,
http://www.wikidata.org/entity/Q20427333,ketuk tilu,http://www.wikidata.org/entity/Q104853037,Sundanese music,
http://www.wikidata.org/entity/Q20438522,Fizeșu Gherlii folk music,http://www.wikidata.org/entity/Q722989,Hungarian folk music,
http://www.wikidata.org/entity/Q20507819,Armenian rural music,http://www.wikidata.org/entity/Q4069711,Armenian folk music,
http://www.wikidata.org/entity/Q2299060,vocalese,http://www.wikidata.org/entity/Q1530455,vocal jazz,
http://www.wikidata.org/entity/Q2299227,Dutch folk music,http://www.wikidata.org/entity/Q377185,music of the Netherlands,
http://www.wikidata.org/entity/Q2299227,Dutch folk music,http://www.wikidata.org/entity/Q98528192,European folk music,
http://www.wikidata.org/entity/Q2302695,tech trance,http://www.wikidata.org/entity/Q170435,trance,1993-01-01T00:00:00Z
http://www.wikidata.org/entity/Q2304103,Sound of Frankfurt,http://www.wikidata.org/entity/Q851213,electronic dance music,
http://www.wikidata.org/entity/Q2304103,Sound of Frankfurt,http://www.wikidata.org/entity/Q2743758,music of Germany,
http://www.wikidata.org/entity/Q2307786,huayno,http://www.wikidata.org/entity/Q492096,Andean music,
http://www.wikidata.org/entity/Q2307786,huayno,http://www.wikidata.org/entity/Q98528197,Hispanic American folk music,
http://www.wikidata.org/entity/Q2324411,geek rock,http://www.wikidata.org/entity/Q11366,alternative rock,1995-01-01T00:00:00Z
http://www.wikidata.org/entity/Q2324411,geek rock,http://www.wikidata.org/entity/Q19678100,nerd music,1995-01-01T00:00:00Z
http://www.wikidata.org/entity/Q2332751,avant-garde music,http://www.wikidata.org/entity/Q1583807,art music,1945-01-01T00:00:00Z
http://www.wikidata.org/entity/Q2336819,operatic pop,http://www.wikidata.org/entity/Q37073,pop music,1910-01-01T00:00:00Z
http://www.wikidata.org/entity/Q2336819,operatic pop,http://www.wikidata.org/entity/Q56342556,classical crossover,1910-01-01T00:00:00Z
http://www.wikidata.org/entity/Q2337447,meditation music,http://www.wikidata.org/entity/Q3328652,relaxation music,
http://www.wikidata.org/entity/Q2337447,meditation music,http://www.wikidata.org/entity/Q26897135,functional music,
http://www.wikidata.org/entity/Q2338544,cante jondo,http://www.wikidata.org/entity/Q3655696,cante flamenco,
http://www.wikidata.org/entity/Q2340395,indigenous Australian music,http://www.wikidata.org/entity/Q3114644,music of Australia,
http://www.wikidata.org/entity/Q2340395,indigenous Australian music,http://www.wikidata.org/entity/Q6024704,indigenous music,
http://www.wikidata.org/entity/Q2342263,space music,http://www.wikidata.org/entity/Q9778,electronic music,1970-01-01T00:00:00Z
http://www.wikidata.org/entity/Q2343030,ritmo kombina,http://www.wikidata.org/entity/Q3394906,music of the Caribbean,
http://www.wikidata.org/entity/Q2343562,coldwave,http://www.wikidata.org/entity/Q187760,new wave,1977-01-01T00:00:00Z
http://www.wikidata.org/entity/Q2343562,coldwave,http://www.wikidata.org/entity/Q598929,post-punk,1977-01-01T00:00:00Z
http://www.wikidata.org/entity/Q2344472,taqwacore,http://www.wikidata.org/entity/Q10922,hardcore punk,1990-01-01T00:00:00Z
http://www.wikidata.org/entity/Q2344635,Merseybeat,http://www.wikidata.org/entity/Q546264,beat music,1962-01-01T00:00:00Z
http://www.wikidata.org/entity/Q2346484,music of Morocco,http://www.wikidata.org/entity/Q11400811,music of North Africa,
http://www.wikidata.org/entity/Q2346991,UK bass,http://www.wikidata.org/entity/Q114880130,bass music (EDM),2006-01-01T00:00:00Z
http://www.wikidata.org/entity/Q2347119,music of Belarus,http://www.wikidata.org/entity/Q108857328,music of Eastern Europe,
http://www.wikidata.org/entity/Q2350507,stochastic music,http://www.wikidata.org/entity/Q2568406,postmodern music,
http://www.wikidata.org/entity/Q2352315,storytelling rap,http://www.wikidata.org/entity/Q6010,rapping,
http://www.wikidata.org/entity/Q2353203,straight-ahead jazz,http://www.wikidata.org/entity/Q105527,jazz fusion,
http://www.wikidata.org/entity/Q2354912,street music,http://www.wikidata.org/entity/Q26897135,functional music,
http://www.wikidata.org/entity/Q2358064,Stubenmusik,http://www.wikidata.org/entity/Q252833,Alpine folk music,
http://www.wikidata.org/entity/Q2360319,kujawiak,http://www.wikidata.org/entity/Q11822344,Polish folk music,
http://www.wikidata.org/entity/Q2362669,kwassa kwassa,http://www.wikidata.org/entity/Q1752683,soukous,
http://www.wikidata.org/entity/Q2363645,music of Serbia,http://www.wikidata.org/entity/Q3211884,music of the Balkans,
http://www.wikidata.org/entity/Q2363645,music of Serbia,http://www.wikidata.org/entity/Q106507381,music of Central Europe,
http://www.wikidata.org/entity/Q2365784,fidget house,http://www.wikidata.org/entity/Q627906,electro house,2005-01-01T00:00:00Z
http://www.wikidata.org/entity/Q2370159,Ukrainian rock,http://www.wikidata.org/entity/Q11399,rock music,
http://www.wikidata.org/entity/Q2370159,Ukrainian rock,http://www.wikidata.org/entity/Q155858,music of Ukraine,
http://www.wikidata.org/entity/Q2371268,kveding,http://www.wikidata.org/entity/Q235858,traditional folk music,
http://www.wikidata.org/entity/Q2373197,Swiss wave,http://www.wikidata.org/entity/Q187760,new wave,
http://www.wikidata.org/entity/Q2373197,Swiss wave,http://www.wikidata.org/entity/Q2082510,music of Switzerland,
http://www.wikidata.org/entity/Q2374619,UK hardcore,http://www.wikidata.org/entity/Q339906,happy hardcore,1993-01-01T00:00:00Z
http://www.wikidata.org/entity/Q2374619,UK hardcore,http://www.wikidata.org/entity/Q1033912,hard dance,1993-01-01T00:00:00Z
http://www.wikidata.org/entity/Q2378916,music of Corsica,http://www.wikidata.org/entity/Q672134,music of France,
http://www.wikidata.org/entity/Q2379556,Armenian chant,http://www.wikidata.org/entity/Q856713,Christian hymn,
http://www.wikidata.org/entity/Q2379556,Armenian chant,http://www.wikidata.org/entity/Q2665906,music of Armenia,
http://www.wikidata.org/entity/Q2379556,Armenian chant,http://www.wikidata.org/entity/Q23072435,chant,
http://www.wikidata.org/entity/Q2379616,Arabesque pop,http://www.wikidata.org/entity/Q37073,pop music,
http://www.wikidata.org/entity/Q2379616,Arabesque pop,http://www.wikidata.org/entity/Q3328681,popular folk music,
http://www.wikidata.org/entity/Q2381945,music of Slovakia,http://www.wikidata.org/entity/Q106507381,music of Central Europe,
http://www.wikidata.org/entity/Q2385634,Spanish progressive rock,http://www.wikidata.org/entity/Q49451,progressive rock,
http://www.wikidata.org/entity/Q2385634,Spanish progressive rock,http://www.wikidata.org/entity/Q964987,music of Spain,
http://www.wikidata.org/entity/Q2385862,progressive psytrance,http://www.wikidata.org/entity/Q622871,psychedelic trance,1998-01-01T00:00:00Z
http://www.wikidata.org/entity/Q2385862,progressive psytrance,http://www.wikidata.org/entity/Q12200830,progressive electronic dance music,1998-01-01T00:00:00Z
http://www.wikidata.org/entity/Q2389651,children's music,http://www.wikidata.org/entity/Q373342,popular music,1900-01-01T00:00:00Z
http://www.wikidata.org/entity/Q2391393,Armenian rock,http://www.wikidata.org/entity/Q11399,rock music,
http://www.wikidata.org/entity/Q2391393,Armenian rock,http://www.wikidata.org/entity/Q2665906,music of Armenia,
http://www.wikidata.org/entity/Q2396005,Iavnana,http://www.wikidata.org/entity/Q11330425,therapy music,
http://www.wikidata.org/entity/Q2396005,Iavnana,http://www.wikidata.org/entity/Q131681303,batonebi songs,
http://www.wikidata.org/entity/Q2396639,Florida breaks,http://www.wikidata.org/entity/Q663519,breakbeat,1995-01-01T00:00:00Z
http://www.wikidata.org/entity/Q2398226,Umeå hardcore,http://www.wikidata.org/entity/Q109646867,Swedish hardcore punk,
http://www.wikidata.org/entity/Q2404568,freak folk,http://www.wikidata.org/entity/Q1500364,psychedelic folk,1998-01-01T00:00:00Z
http://www.wikidata.org/entity/Q2404891,music of Acadia,http://www.wikidata.org/entity/Q6942037,music of Canada,1604-01-01T00:00:00Z
http://www.wikidata.org/entity/Q2406633,broken beat,http://www.wikidata.org/entity/Q817138,electronica,1993-01-01T00:00:00Z
http://www.wikidata.org/entity/Q2406633,broken beat,http://www.wikidata.org/entity/Q851213,electronic dance music,1993-01-01T00:00:00Z
http://www.wikidata.org/entity/Q2406900,twoubadou,http://www.wikidata.org/entity/Q3710513,music of Haiti,
http://www.wikidata.org/entity/Q2407589,Australian country music,http://www.wikidata.org/entity/Q83440,country music,
http://www.wikidata.org/entity/Q2407589,Australian country music,http://www.wikidata.org/entity/Q3114644,music of Australia,
http://www.wikidata.org/entity/Q2407862,Americana,http://www.wikidata.org/entity/Q107718737,music of North America,
http://www.wikidata.org/entity/Q2413836,Gar,http://www.wikidata.org/entity/Q1065742,religious music,
http://www.wikidata.org/entity/Q2420402,free rock,http://www.wikidata.org/entity/Q11399,rock music,
http://www.wikidata.org/entity/Q2420402,free rock,http://www.wikidata.org/entity/Q211781,free jazz,
http://www.wikidata.org/entity/Q2420447,trova,http://www.wikidata.org/entity/Q1544863,music of Cuba,1900-01-01T00:00:00Z
http://www.wikidata.org/entity/Q2425480,Kumina,http://www.wikidata.org/entity/Q572717,music of Jamaica,
http://www.wikidata.org/entity/Q2425480,Kumina,http://www.wikidata.org/entity/Q98528191,Caribbean folk music,
http://www.wikidata.org/entity/Q2426218,modernism,http://www.wikidata.org/entity/Q9730,classical music,1900-01-01T00:00:00Z
http://www.wikidata.org/entity/Q2426383,crunkcore,http://www.wikidata.org/entity/Q377910,post-hardcore,2005-01-01T00:00:00Z
http://www.wikidata.org/entity/Q2426383,crunkcore,http://www.wikidata.org/entity/Q936573,crunk,2005-01-01T00:00:00Z
http://www.wikidata.org/entity/Q2428625,dubstyle,http://www.wikidata.org/entity/Q223840,hardstyle,2010-01-01T00:00:00Z
http://www.wikidata.org/entity/Q2447747,nhã nhạc,http://www.wikidata.org/entity/Q15614479,East Asian court ceremonial music,
http://www.wikidata.org/entity/Q2447797,Cape Breton fiddling,http://www.wikidata.org/entity/Q108297210,Cape Breton folk music,
http://www.wikidata.org/entity/Q2447826,katta ashula,http://www.wikidata.org/entity/Q685884,vocal music,
http://www.wikidata.org/entity/Q2448147,trailer music,http://www.wikidata.org/entity/Q24189851,epic music,
http://www.wikidata.org/entity/Q2449418,music of Denmark,http://www.wikidata.org/entity/Q110471193,music of Scandinavia,
http://www.wikidata.org/entity/Q2452152,dark psytrance,http://www.wikidata.org/entity/Q622871,psychedelic trance,1996-01-01T00:00:00Z
http://www.wikidata.org/entity/Q2456019,Japanoise,http://www.wikidata.org/entity/Q257533,music of Japan,
http://www.wikidata.org/entity/Q2456019,Japanoise,http://www.wikidata.org/entity/Q726239,noise music,
http://www.wikidata.org/entity/Q2456210,true metal,http://www.wikidata.org/entity/Q38848,heavy metal music,1990-01-01T00:00:00Z
http://www.wikidata.org/entity/Q2460288,neo trance,http://www.wikidata.org/entity/Q170435,trance,
http://www.wikidata.org/entity/Q2461933,sunshine pop,http://www.wikidata.org/entity/Q37073,pop music,1965-01-01T00:00:00Z
http://www.wikidata.org/entity/Q2464314,brega,http://www.wikidata.org/entity/Q899215,music of Brazil,
http://www.wikidata.org/entity/Q2464833,Turkish hip-hop,http://www.wikidata.org/entity/Q1074080,music of Turkey,
http://www.wikidata.org/entity/Q110391587,Vocaloid music,http://www.wikidata.org/entity/Q257533,music of Japan,
http://www.wikidata.org/entity/Q110391587,Vocaloid music,http://www.wikidata.org/entity/Q851213,electronic dance music,
http://www.wikidata.org/entity/Q110442031,Bambara music,http://www.wikidata.org/entity/Q6942329,music of West Africa,
http://www.wikidata.org/entity/Q110463493,Russian post-punk,http://www.wikidata.org/entity/Q598929,post-punk,
http://www.wikidata.org/entity/Q110463493,Russian post-punk,http://www.wikidata.org/entity/Q2498201,music of Russia,
http://www.wikidata.org/entity/Q110471057,electric Chicago blues,http://www.wikidata.org/entity/Q640097,electric blues,
http://www.wikidata.org/entity/Q110471057,electric Chicago blues,http://www.wikidata.org/entity/Q1071873,Chicago blues,
http://www.wikidata.org/entity/Q110471067,electric country blues,http://www.wikidata.org/entity/Q640097,electric blues,
http://www.wikidata.org/entity/Q110471067,electric country blues,http://www.wikidata.org/entity/Q649823,country blues,
http://www.wikidata.org/entity/Q110471088,electric Delta blues,http://www.wikidata.org/entity/Q640097,electric blues,
http://www.wikidata.org/entity/Q110471088,electric Delta blues,http://www.wikidata.org/entity/Q1127539,Delta blues,
http://www.wikidata.org/entity/Q110471091,electric Memphis blues,http://www.wikidata.org/entity/Q509901,Memphis blues,
http://www.wikidata.org/entity/Q110471091,electric Memphis blues,http://www.wikidata.org/entity/Q640097,electric blues,
http://www.wikidata.org/entity/Q110471193,music of Scandinavia,http://www.wikidata.org/entity/Q26302245,music of the Nordic countries,
http://www.wikidata.org/entity/Q110526693,grunge revival,http://www.wikidata.org/entity/Q11365,grunge,
http://www.wikidata.org/entity/Q110526770,dark progressive house,http://www.wikidata.org/entity/Q915152,progressive house,
http://www.wikidata.org/entity/Q110526823,progressive electro house,http://www.wikidata.org/entity/Q627906,electro house,
http://www.wikidata.org/entity/Q110526823,progressive electro house,http://www.wikidata.org/entity/Q915152,progressive house,
http://www.wikidata.org/entity/Q110527222,experimental club music,http://www.wikidata.org/entity/Q851213,electronic dance music,
http://www.wikidata.org/entity/Q110527222,experimental club music,http://www.wikidata.org/entity/Q105763581,experimental electronic music,
http://www.wikidata.org/entity/Q110544183,doomcore,http://www.wikidata.org/entity/Q186170,doom metal,
http://www.wikidata.org/entity/Q110548351,yatchkeh,http://www.wikidata.org/entity/Q107331898,Croatian folk music,
http://www.wikidata.org/entity/Q110555065,Orthodox pop,http://www.wikidata.org/entity/Q37073,pop music,
http://www.wikidata.org/entity/Q110555065,Orthodox pop,http://www.wikidata.org/entity/Q12408914,contemporary Jewish religious music,
http://www.wikidata.org/entity/Q110558058,music of England,http://www.wikidata.org/entity/Q268673,music of the United Kingdom,
http://www.wikidata.org/entity/Q110562340,Mordvin folk music,http://www.wikidata.org/entity/Q106626777,Mordovian music,
http://www.wikidata.org/entity/Q110562340,Mordvin folk music,http://www.wikidata.org/entity/Q110874824,Volga-Ural folk music,
http://www.wikidata.org/entity/Q110584468,experimental electro,http://www.wikidata.org/entity/Q217597,electro,
http://www.wikidata.org/entity/Q110584468,experimental electro,http://www.wikidata.org/entity/Q105763581,experimental electronic music,
http://www.wikidata.org/entity/Q110584483,industrial drum and bass,http://www.wikidata.org/entity/Q188994,drum and bass,
http://www.wikidata.org/entity/Q110584483,industrial drum and bass,http://www.wikidata.org/entity/Q936942,post-industrial music,
http://www.wikidata.org/entity/Q110584608,neo-electro,http://www.wikidata.org/entity/Q217597,electro,
http://www.wikidata.org/entity/Q110592306,alté,http://www.wikidata.org/entity/Q25099840,Afrobeats,
http://www.wikidata.org/entity/Q110592336,contemporary blues,http://www.wikidata.org/entity/Q9759,blues,
http://www.wikidata.org/entity/Q110592362,contemporary bluegrass music,http://www.wikidata.org/entity/Q213714,bluegrass music,
http://www.wikidata.org/entity/Q110592389,contemporary singer-songwriter music,http://www.wikidata.org/entity/Q8011523,contemporary music,
http://www.wikidata.org/entity/Q110592389,contemporary singer-songwriter music,http://www.wikidata.org/entity/Q89363113,singer-songwriter music,
http://www.wikidata.org/entity/Q110592406,Christmas children's music,http://www.wikidata.org/entity/Q1443316,Christmas music,
http://www.wikidata.org/entity/Q110592406,Christmas children's music,http://www.wikidata.org/entity/Q130479301,Christian children's music,
http://www.wikidata.org/entity/Q110592411,Christmas pop,http://www.wikidata.org/entity/Q37073,pop music,
http://www.wikidata.org/entity/Q110592411,Christmas pop,http://www.wikidata.org/entity/Q1443316,Christmas music,
http://www.wikidata.org/entity/Q110592413,Christmas religious music,http://www.wikidata.org/entity/Q1065742,religious music,
http://www.wikidata.org/entity/Q110592413,Christmas religious music,http://www.wikidata.org/entity/Q1443316,Christmas music,
http://www.wikidata.org/entity/Q110592414,Christmas rock music,http://www.wikidata.org/entity/Q11399,rock music,
http://www.wikidata.org/entity/Q110592414,Christmas rock music,http://www.wikidata.org/entity/Q1443316,Christmas music,
http://www.wikidata.org/entity/Q110592418,Thanksgiving music,http://www.wikidata.org/entity/Q107033384,holiday music,
http://www.wikidata.org/entity/Q110592421,Christian pop,http://www.wikidata.org/entity/Q37073,pop music,
http://www.wikidata.org/entity/Q110592421,Christian pop,http://www.wikidata.org/entity/Q1379958,contemporary Christian music,
http://www.wikidata.org/entity/Q110592429,traditional gospel music,http://www.wikidata.org/entity/Q180268,gospel music,
http://www.wikidata.org/entity/Q110592440,Contemporary Latin music,http://www.wikidata.org/entity/Q8011523,contemporary music,
http://www.wikidata.org/entity/Q110592440,Contemporary Latin music,http://www.wikidata.org/entity/Q18345375,Latin music,
http://www.wikidata.org/entity/Q110592449,environmental music,http://www.wikidata.org/entity/Q193207,ambient music,
http://www.wikidata.org/entity/Q110592469,American trad rock,http://www.wikidata.org/entity/Q3437802,American rock,
http://www.wikidata.org/entity/Q110592499,vocal pop,http://www.wikidata.org/entity/Q37073,pop music,
http://www.wikidata.org/entity/Q110592505,Contemporary Celtic music,http://www.wikidata.org/entity/Q854451,Celtic music,
http://www.wikidata.org/entity/Q110592505,Contemporary Celtic music,http://www.wikidata.org/entity/Q8011523,contemporary music,
http://www.wikidata.org/entity/Q110592506,modern dancehall,http://www.wikidata.org/entity/Q474027,dancehall,
http://www.wikidata.org/entity/Q110592556,Chinese alternative music,http://www.wikidata.org/entity/Q277393,music of China,
http://www.wikidata.org/entity/Q110592556,Chinese alternative music,http://www.wikidata.org/entity/Q1695023,alternative music,
http://www.wikidata.org/entity/Q110592562,Chinese orchestral music,http://www.wikidata.org/entity/Q277393,music of China,
http://www.wikidata.org/entity/Q110592562,Chinese orchestral music,http://www.wikidata.org/entity/Q3328774,symphonic music,
http://www.wikidata.org/entity/Q110592573,Korean traditional instrumental music,http://www.wikidata.org/entity/Q639197,instrumental music,
http://www.wikidata.org/entity/Q110592573,Korean traditional instrumental music,http://www.wikidata.org/entity/Q116256909,Korean traditional music,
http://www.wikidata.org/entity/Q110592579,Korean folk-pop,http://www.wikidata.org/entity/Q716060,music of Korea,
http://www.wikidata.org/entity/Q110592579,Korean folk-pop,http://www.wikidata.org/entity/Q11700058,folk-pop,
http://www.wikidata.org/entity/Q110592598,Indian devotional music,http://www.wikidata.org/entity/Q531426,music of India,
http://www.wikidata.org/entity/Q110592598,Indian devotional music,http://www.wikidata.org/entity/Q1065742,religious music,
http://www.wikidata.org/entity/Q110592605,Azerbaijani religious music,http://www.wikidata.org/entity/Q724104,music of Azerbaijan,
http://www.wikidata.org/entity/Q110592605,Azerbaijani religious music,http://www.wikidata.org/entity/Q1065742,religious music,
http://www.wikidata.org/entity/Q110592609,Indonesian religious music,http://www.wikidata.org/entity/Q1065742,religious music,
http://www.wikidata.org/entity/Q110592609,Indonesian religious music,http://www.wikidata.org/entity/Q1210921,music of Indonesia,
http://www.wikidata.org/entity/Q110592616,Farsi music,http://www.wikidata.org/entity/Q205049,world music,
http://www.wikidata.org/entity/Q110592632,music of the Iberian Peninsula,http://www.wikidata.org/entity/Q106508039,music of Southern Europe,
http://www.wikidata.org/entity/Q110592683,Disney music,http://www.wikidata.org/entity/Q2389651,children's music,
http://www.wikidata.org/entity/Q110592683,Disney music,http://www.wikidata.org/entity/Q107736421,soundtrack,
http://www.wikidata.org/entity/Q110593014,yoga music,http://www.wikidata.org/entity/Q2337447,meditation music,
http://www.wikidata.org/entity/Q110593015,tribute music,http://www.wikidata.org/entity/Q26897135,functional music,
http://www.wikidata.org/entity/Q110593045,Turkish religious music,http://www.wikidata.org/entity/Q1065742,religious music,
http://www.wikidata.org/entity/Q110593045,Turkish religious music,http://www.wikidata.org/entity/Q1074080,music of Turkey,
http://www.wikidata.org/entity/Q110593056,Levant music,http://www.wikidata.org/entity/Q624044,Arabic music,
http://www.wikidata.org/entity/Q110593056,Levant music,http://www.wikidata.org/entity/Q1503406,music of the Middle East,
http://www.wikidata.org/entity/Q110593057,Maghreb rai,http://www.wikidata.org/entity/Q839029,raï,
http://www.wikidata.org/entity/Q110593057,Maghreb rai,http://www.wikidata.org/entity/Q116973456,Maghreb music,
http://www.wikidata.org/entity/Q110593059,Iraqi tarab,http://www.wikidata.org/entity/Q3328692,music of Iraq,
http://www.wikidata.org/entity/Q110593059,Iraqi tarab,http://www.wikidata.org/entity/Q91841612,tarab,
http://www.wikidata.org/entity/Q110593061,Egyptian tarab,http://www.wikidata.org/entity/Q18129813,music of Egypt,
http://www.wikidata.org/entity/Q110593061,Egyptian tarab,http://www.wikidata.org/entity/Q91841612,tarab,
http://www.wikidata.org/entity/Q110593062,khaliji tarab,http://www.wikidata.org/entity/Q585588,Khaliji,
http://www.wikidata.org/entity/Q110593062,khaliji tarab,http://www.wikidata.org/entity/Q91841612,tarab,
http://www.wikidata.org/entity/Q110593063,Levant pop,http://www.wikidata.org/entity/Q624081,Arabic pop,
http://www.wikidata.org/entity/Q110593063,Levant pop,http://www.wikidata.org/entity/Q110593056,Levant music,
http://www.wikidata.org/entity/Q110593064,Iraqi pop,http://www.wikidata.org/entity/Q37073,pop music,
http://www.wikidata.org/entity/Q110593064,Iraqi pop,http://www.wikidata.org/entity/Q3328692,music of Iraq,
http://www.wikidata.org/entity/Q110593065,Egyptian pop,http://www.wikidata.org/entity/Q37073,pop music,
http://www.wikidata.org/entity/Q110593065,Egyptian pop,http://www.wikidata.org/entity/Q18129813,music of Egypt,
http://www.wikidata.org/entity/Q110593066,Maghreb pop,http://www.wikidata.org/entity/Q624081,Arabic pop,
http://www.wikidata.org/entity/Q110593066,Maghreb pop,http://www.wikidata.org/entity/Q116973456,Maghreb music,
http://www.wikidata.org/entity/Q110593067,khaliji pop,http://www.wikidata.org/entity/Q37073,pop music,
http://www.wikidata.org/entity/Q6593123,music of Mauritius,http://www.wikidata.org/entity/Q106586248,music of East Africa,
http://www.wikidata.org/entity/Q6629917,khrueang sai,http://www.wikidata.org/entity/Q13025600,Thai classical music,
http://www.wikidata.org/entity/Q6654795,Thai hip hop,http://www.wikidata.org/entity/Q4806789,Asian hip-hop,
http://www.wikidata.org/entity/Q6654795,Thai hip hop,http://www.wikidata.org/entity/Q6665245,phleng Thai sakon,
http://www.wikidata.org/entity/Q6658771,livetronica,http://www.wikidata.org/entity/Q817138,electronica,1997-01-01T00:00:00Z
http://www.wikidata.org/entity/Q6658771,livetronica,http://www.wikidata.org/entity/Q106581777,jam band music,1997-01-01T00:00:00Z
http://www.wikidata.org/entity/Q6665245,phleng Thai sakon,http://www.wikidata.org/entity/Q867306,music of Thailand,1915-01-01T00:00:00Z
http://www.wikidata.org/entity/Q6665252,Phleng phuea chiwit,http://www.wikidata.org/entity/Q186472,folk rock,1973-01-01T00:00:00Z
http://www.wikidata.org/entity/Q6665252,Phleng phuea chiwit,http://www.wikidata.org/entity/Q6665245,phleng Thai sakon,1973-01-01T00:00:00Z
http://www.wikidata.org/entity/Q6666682,loft jazz,http://www.wikidata.org/entity/Q3163359,New York jazz,
http://www.wikidata.org/entity/Q6684958,karawitan,http://www.wikidata.org/entity/Q11215782,Javanese gamelan,
http://www.wikidata.org/entity/Q6689665,lounge rock,http://www.wikidata.org/entity/Q11399,rock music,2000-01-01T00:00:00Z
http://www.wikidata.org/entity/Q6701559,luk krung,http://www.wikidata.org/entity/Q6665245,phleng Thai sakon,1931-01-01T00:00:00Z
http://www.wikidata.org/entity/Q6705212,Lusophone music,http://www.wikidata.org/entity/Q18345375,Latin music,
http://www.wikidata.org/entity/Q6705418,lute song,http://www.wikidata.org/entity/Q113600088,Elizabethan song,
http://www.wikidata.org/entity/Q6723162,Macedonian hip hop,http://www.wikidata.org/entity/Q3328714,music of North Macedonia,
http://www.wikidata.org/entity/Q6723162,Macedonian hip hop,http://www.wikidata.org/entity/Q5413526,European hip-hop,
http://www.wikidata.org/entity/Q6741049,malagueña,http://www.wikidata.org/entity/Q2486179,music of Venezuela,
http://www.wikidata.org/entity/Q6741049,malagueña,http://www.wikidata.org/entity/Q98528197,Hispanic American folk music,
http://www.wikidata.org/entity/Q6741534,Malay gamelan,http://www.wikidata.org/entity/Q194492,gamelan,
http://www.wikidata.org/entity/Q6741534,Malay gamelan,http://www.wikidata.org/entity/Q109381505,Malay classical music,
http://www.wikidata.org/entity/Q6742056,Malaysian hip hop,http://www.wikidata.org/entity/Q4806789,Asian hip-hop,
http://www.wikidata.org/entity/Q6742056,Malaysian hip hop,http://www.wikidata.org/entity/Q6742070,Malaysian popular music,
http://www.wikidata.org/entity/Q6742070,Malaysian popular music,http://www.wikidata.org/entity/Q373342,popular music,
http://www.wikidata.org/entity/Q6742070,Malaysian popular music,http://www.wikidata.org/entity/Q3328715,music of Malaysia,
http://www.wikidata.org/entity/Q6748746,mangambeu,http://www.wikidata.org/entity/Q106588687,music of Central Africa,
http://www.wikidata.org/entity/Q6749708,Manila sound,http://www.wikidata.org/entity/Q484641,pop rock,1975-01-01T00:00:00Z
http://www.wikidata.org/entity/Q6754164,Mappila song,http://www.wikidata.org/entity/Q1482325,Islamic music,
http://www.wikidata.org/entity/Q6754164,Mappila song,http://www.wikidata.org/entity/Q109271391,Malayali folk music,
http://www.wikidata.org/entity/Q6754289,maqsoum,http://www.wikidata.org/entity/Q804596,baladi,
http://www.wikidata.org/entity/Q6759033,marfa,http://www.wikidata.org/entity/Q531426,music of India,
http://www.wikidata.org/entity/Q6759033,marfa,http://www.wikidata.org/entity/Q624044,Arabic music,
http://www.wikidata.org/entity/Q6774721,military music,http://www.wikidata.org/entity/Q26897135,functional music,1580-01-01T00:00:00Z
http://www.wikidata.org/entity/Q6783396,maskandi,http://www.wikidata.org/entity/Q17111801,Zulu music,
http://www.wikidata.org/entity/Q6784085,Mass song,http://www.wikidata.org/entity/Q130572,music of the Soviet Union,
http://www.wikidata.org/entity/Q6785872,Mata-kantiga,http://www.wikidata.org/entity/Q12499696,Malay music,
http://www.wikidata.org/entity/Q6796760,Maya music,http://www.wikidata.org/entity/Q18846,ancient music,
http://www.wikidata.org/entity/Q6796760,Maya music,http://www.wikidata.org/entity/Q114357486,Mesoamerican music,
http://www.wikidata.org/entity/Q6799044,mazur,http://www.wikidata.org/entity/Q473602,music of Poland,
http://www.wikidata.org/entity/Q6799695,Mbira music,http://www.wikidata.org/entity/Q98528210,Southern African folk music,
http://www.wikidata.org/entity/Q6799787,mbube,http://www.wikidata.org/entity/Q185298,a cappella,
http://www.wikidata.org/entity/Q6799787,mbube,http://www.wikidata.org/entity/Q4794612,music of South Africa,
http://www.wikidata.org/entity/Q6812125,mele,http://www.wikidata.org/entity/Q1071834,music of Hawaii,
http://www.wikidata.org/entity/Q6817378,Mentai rock,http://www.wikidata.org/entity/Q11399,rock music,
http://www.wikidata.org/entity/Q6817378,Mentai rock,http://www.wikidata.org/entity/Q257533,music of Japan,
http://www.wikidata.org/entity/Q6819034,merengue típico,http://www.wikidata.org/entity/Q282131,merengue,
http://www.wikidata.org/entity/Q6821898,semi-classical music,http://www.wikidata.org/entity/Q1770695,Hindustani classical music,1964-01-01T00:00:00Z
http://www.wikidata.org/entity/Q6825988,son mexicano,http://www.wikidata.org/entity/Q7309098,regional Mexican,
http://www.wikidata.org/entity/Q6825988,son mexicano,http://www.wikidata.org/entity/Q16942070,Mexican folk music,
http://www.wikidata.org/entity/Q6825988,son mexicano,http://www.wikidata.org/entity/Q116884389,son,
http://www.wikidata.org/entity/Q6826021,Mexican cumbia,http://www.wikidata.org/entity/Q723418,cumbia,
http://www.wikidata.org/entity/Q6826021,Mexican cumbia,http://www.wikidata.org/entity/Q7309098,regional Mexican,
http://www.wikidata.org/entity/Q6826078,Mexican pop,http://www.wikidata.org/entity/Q37073,pop music,
http://www.wikidata.org/entity/Q6826078,Mexican pop,http://www.wikidata.org/entity/Q3397325,music of Mexico,
http://www.wikidata.org/entity/Q6826151,Qudud Halabiya,http://www.wikidata.org/entity/Q235858,traditional folk music,
http://www.wikidata.org/entity/Q6826151,Qudud Halabiya,http://www.wikidata.org/entity/Q1956166,Muwashshah,
http://www.wikidata.org/entity/Q6860135,Israeli punk,http://www.wikidata.org/entity/Q3858,music of Israel,
http://www.wikidata.org/entity/Q6860135,Israeli punk,http://www.wikidata.org/entity/Q25554481,punk music,
http://www.wikidata.org/entity/Q6864975,Mini-jazz,http://www.wikidata.org/entity/Q2726026,konpa,
http://www.wikidata.org/entity/Q6865341,minimal wave,http://www.wikidata.org/entity/Q9778,electronic music,1977-01-01T00:00:00Z
http://www.wikidata.org/entity/Q6868046,Minneapolis sound,http://www.wikidata.org/entity/Q835891,funk rock,1978-01-01T00:00:00Z
http://www.wikidata.org/entity/Q6868046,Minneapolis sound,http://www.wikidata.org/entity/Q30632022,synth funk,1978-01-01T00:00:00Z
http://www.wikidata.org/entity/Q6873842,Libyan mawwal,http://www.wikidata.org/entity/Q2893435,mawwal,
http://www.wikidata.org/entity/Q6873842,Libyan mawwal,http://www.wikidata.org/entity/Q6942151,music of Libya,
http://www.wikidata.org/entity/Q6874634,Mirror fugue,http://www.wikidata.org/entity/Q181014,fugue,1680-01-01T00:00:00Z
http://www.wikidata.org/entity/Q6878168,missa sine nomine,http://www.wikidata.org/entity/Q217295,mass,
http://www.wikidata.org/entity/Q6907397,moombahcore,http://www.wikidata.org/entity/Q114880130,bass music (EDM),2010-01-01T00:00:00Z
http://www.wikidata.org/entity/Q6908884,mor lam sing,http://www.wikidata.org/entity/Q867306,music of Thailand,
http://www.wikidata.org/entity/Q6908884,mor lam sing,http://www.wikidata.org/entity/Q1753803,mor lam,
http://www.wikidata.org/entity/Q6909347,Moravian Church music,http://www.wikidata.org/entity/Q8812109,church music,
http://www.wikidata.org/entity/Q6909347,Moravian Church music,http://www.wikidata.org/entity/Q114879861,music of Moravia,
http://www.wikidata.org/entity/Q6909358,Moravian folk music,http://www.wikidata.org/entity/Q108297225,Czech folk music,
http://www.wikidata.org/entity/Q6909358,Moravian folk music,http://www.wikidata.org/entity/Q114879861,music of Moravia,
http://www.wikidata.org/entity/Q6911419,Moresche,http://www.wikidata.org/entity/Q2273147,villanella,
http://www.wikidata.org/entity/Q6912671,Mormon folk music,http://www.wikidata.org/entity/Q235858,traditional folk music,
http://www.wikidata.org/entity/Q6912671,Mormon folk music,http://www.wikidata.org/entity/Q6912676,Mormon music,
http://www.wikidata.org/entity/Q6912676,Mormon music,http://www.wikidata.org/entity/Q1065742,religious music,
http://www.wikidata.org/entity/Q6918602,motswako,http://www.wikidata.org/entity/Q387236,African hip-hop,1990-01-01T00:00:00Z
http://www.wikidata.org/entity/Q6918602,motswako,http://www.wikidata.org/entity/Q98528232,music of Southern Africa,1990-01-01T00:00:00Z
http://www.wikidata.org/entity/Q6936014,gamelan munggang,http://www.wikidata.org/entity/Q194492,gamelan,
http://www.wikidata.org/entity/Q6941842,music for the Requiem Mass,http://www.wikidata.org/entity/Q217295,mass,
http://www.wikidata.org/entity/Q6941842,music for the Requiem Mass,http://www.wikidata.org/entity/Q111633950,funeral music,
http://www.wikidata.org/entity/Q6941917,music of Dagestan,http://www.wikidata.org/entity/Q2498201,music of Russia,
http://www.wikidata.org/entity/Q6941949,music of Altai,http://www.wikidata.org/entity/Q2498201,music of Russia,
http://www.wikidata.org/entity/Q6941949,music of Altai,http://www.wikidata.org/entity/Q6942044,music of Central Asia,
http://www.wikidata.org/entity/Q6941949,music of Altai,http://www.wikidata.org/entity/Q98528287,Turkic-Mongolic music,
http://www.wikidata.org/entity/Q6941949,music of Altai,http://www.wikidata.org/entity/Q110167696,music of North Asia,
http://www.wikidata.org/entity/Q6941967,music of Sakha,http://www.wikidata.org/entity/Q2498201,music of Russia,
http://www.wikidata.org/entity/Q6941994,music of Andorra,http://www.wikidata.org/entity/Q106508039,music of Southern Europe,
http://www.wikidata.org/entity/Q6942003,music of Aragon,http://www.wikidata.org/entity/Q964987,music of Spain,
http://www.wikidata.org/entity/Q6942010,music of Bahrain,http://www.wikidata.org/entity/Q1503406,music of the Middle East,
http://www.wikidata.org/entity/Q6942011,music of Badakhshan,http://www.wikidata.org/entity/Q383103,music of Afghanistan,
http://www.wikidata.org/entity/Q6942011,music of Badakhshan,http://www.wikidata.org/entity/Q3328772,music of Tajikistan,
http://www.wikidata.org/entity/Q6942012,music of Bali,http://www.wikidata.org/entity/Q1210921,music of Indonesia,
http://www.wikidata.org/entity/Q20587253,tembang tengahan,http://www.wikidata.org/entity/Q12520649,tembang,
http://www.wikidata.org/entity/Q20589414,carol plygain,http://www.wikidata.org/entity/Q503354,Christmas carol,
http://www.wikidata.org/entity/Q20615323,Gaelic song,http://www.wikidata.org/entity/Q16148439,Gaelic music,
http://www.wikidata.org/entity/Q20615323,Gaelic song,http://www.wikidata.org/entity/Q17018487,Scottish folk music,
http://www.wikidata.org/entity/Q20627595,Kyrgyz music,http://www.wikidata.org/entity/Q3328704,music of Kyrgyzstan,
http://www.wikidata.org/entity/Q20627595,Kyrgyz music,http://www.wikidata.org/entity/Q98528287,Turkic-Mongolic music,
http://www.wikidata.org/entity/Q20627595,Kyrgyz music,http://www.wikidata.org/entity/Q107524184,Turkic music,
http://www.wikidata.org/entity/Q20715191,Afro-Cuban music,http://www.wikidata.org/entity/Q1544863,music of Cuba,
http://www.wikidata.org/entity/Q20715191,Afro-Cuban music,http://www.wikidata.org/entity/Q6942343,music of the African diaspora,
http://www.wikidata.org/entity/Q20716146,rasteirinha,http://www.wikidata.org/entity/Q117745223,Brazilian funk,2012-01-01T00:00:00Z
http://www.wikidata.org/entity/Q20722785,Ode for St. Cecilia,http://www.wikidata.org/entity/Q1076513,choral music,
http://www.wikidata.org/entity/Q20819985,Hasidic music,http://www.wikidata.org/entity/Q1716019,Jewish music,
http://www.wikidata.org/entity/Q20820817,Frisian pop,http://www.wikidata.org/entity/Q37073,pop music,
http://www.wikidata.org/entity/Q20820817,Frisian pop,http://www.wikidata.org/entity/Q377185,music of the Netherlands,
http://www.wikidata.org/entity/Q20825943,Balkan pop-folk,http://www.wikidata.org/entity/Q3211884,music of the Balkans,
http://www.wikidata.org/entity/Q20825943,Balkan pop-folk,http://www.wikidata.org/entity/Q3328681,popular folk music,
http://www.wikidata.org/entity/Q20825943,Balkan pop-folk,http://www.wikidata.org/entity/Q117000933,Eastern European pop,
http://www.wikidata.org/entity/Q21000514,rawstyle,http://www.wikidata.org/entity/Q223840,hardstyle,2008-01-01T00:00:00Z
http://www.wikidata.org/entity/Q21006606,bass,http://www.wikidata.org/entity/Q851213,electronic dance music,1987-01-01T00:00:00Z
http://www.wikidata.org/entity/Q21006606,bass,http://www.wikidata.org/entity/Q96740854,bass music,1987-01-01T00:00:00Z
http://www.wikidata.org/entity/Q21028652,Achewiq,http://www.wikidata.org/entity/Q3328694,Kabyle music,
http://www.wikidata.org/entity/Q21059341,cumbia pop,http://www.wikidata.org/entity/Q547137,Latin pop,
http://www.wikidata.org/entity/Q21059341,cumbia pop,http://www.wikidata.org/entity/Q723418,cumbia,
http://www.wikidata.org/entity/Q21074462,Aztec music,http://www.wikidata.org/entity/Q18846,ancient music,
http://www.wikidata.org/entity/Q21074462,Aztec music,http://www.wikidata.org/entity/Q114357486,Mesoamerican music,
http://www.wikidata.org/entity/Q21234489,Italian new wave,http://www.wikidata.org/entity/Q187760,new wave,
http://www.wikidata.org/entity/Q21234489,Italian new wave,http://www.wikidata.org/entity/Q3679098,music of Italy,
http://www.wikidata.org/entity/Q21260785,rara tech,http://www.wikidata.org/entity/Q9778,electronic music,
http://www.wikidata.org/entity/Q21260785,rara tech,http://www.wikidata.org/entity/Q3419744,rara,
http://www.wikidata.org/entity/Q21261423,Nuyorican rap,http://www.wikidata.org/entity/Q11401,hip-hop,
http://www.wikidata.org/entity/Q21327441,bluegrass gospel,http://www.wikidata.org/entity/Q180268,gospel music,
http://www.wikidata.org/entity/Q21327441,bluegrass gospel,http://www.wikidata.org/entity/Q213714,bluegrass music,
http://www.wikidata.org/entity/Q21400499,shaman punk,http://www.wikidata.org/entity/Q10922,hardcore punk,
http://www.wikidata.org/entity/Q21427856,Caledonian rap,http://www.wikidata.org/entity/Q11401,hip-hop,
http://www.wikidata.org/entity/Q21427887,French progressive rock,http://www.wikidata.org/entity/Q49451,progressive rock,1970-01-01T00:00:00Z
http://www.wikidata.org/entity/Q21427887,French progressive rock,http://www.wikidata.org/entity/Q3437841,French rock,1970-01-01T00:00:00Z
http://www.wikidata.org/entity/Q21480567,cumbia lunática,http://www.wikidata.org/entity/Q723418,cumbia,
http://www.wikidata.org/entity/Q21503497,rock barrial,http://www.wikidata.org/entity/Q646026,Argentine rock,
http://www.wikidata.org/entity/Q21620487,kangpunk,http://www.wikidata.org/entity/Q1151260,D-beat,
http://www.wikidata.org/entity/Q21653344,carol,http://www.wikidata.org/entity/Q107033384,holiday music,1200-01-01T00:00:00Z
http://www.wikidata.org/entity/Q21654728,calophonic chant,http://www.wikidata.org/entity/Q23072435,chant,
http://www.wikidata.org/entity/Q21662779,Neue Musik,http://www.wikidata.org/entity/Q9730,classical music,
http://www.wikidata.org/entity/Q21684437,rumba,http://www.wikidata.org/entity/Q1544863,music of Cuba,
http://www.wikidata.org/entity/Q21684437,rumba,http://www.wikidata.org/entity/Q3328778,tropical music,
http://www.wikidata.org/entity/Q21713208,Argentine punk,http://www.wikidata.org/entity/Q645992,music of Argentina,
http://www.wikidata.org/entity/Q21713208,Argentine punk,http://www.wikidata.org/entity/Q25554481,punk music,
http://www.wikidata.org/entity/Q21848887,Christmas hymn,http://www.wikidata.org/entity/Q856713,Christian hymn,
http://www.wikidata.org/entity/Q21848887,Christmas hymn,http://www.wikidata.org/entity/Q56572789,Christmas-themed song,
http://www.wikidata.org/entity/Q21856748,Tailgate,http://www.wikidata.org/entity/Q8341,jazz,
http://www.wikidata.org/entity/Q21971297,music of the British Isles,http://www.wikidata.org/entity/Q106507873,music of Western Europe,
http://www.wikidata.org/entity/Q21971297,music of the British Isles,http://www.wikidata.org/entity/Q108857462,music of Northern Europe,
http://www.wikidata.org/entity/Q21997160,Muisca music,http://www.wikidata.org/entity/Q920883,music of Colombia,
http://www.wikidata.org/entity/Q21997160,Muisca music,http://www.wikidata.org/entity/Q107138217,indigenous music of South America,
http://www.wikidata.org/entity/Q21998559,instrumental solo piece,http://www.wikidata.org/entity/Q639197,instrumental music,
http://www.wikidata.org/entity/Q21998637,masonic music,http://www.wikidata.org/entity/Q11787379,ritual music,
http://www.wikidata.org/entity/Q22110347,versu de Carbuccia,http://www.wikidata.org/entity/Q359607,paghjella,
http://www.wikidata.org/entity/Q22114540,versu du Nebbiu,http://www.wikidata.org/entity/Q359607,paghjella,
http://www.wikidata.org/entity/Q22115031,versu de Sermanu,http://www.wikidata.org/entity/Q359607,paghjella,
http://www.wikidata.org/entity/Q22908051,Quaker music,http://www.wikidata.org/entity/Q1065742,religious music,
http://www.wikidata.org/entity/Q22908082,rabòday,http://www.wikidata.org/entity/Q3710513,music of Haiti,
http://www.wikidata.org/entity/Q22908553,future bass,http://www.wikidata.org/entity/Q114880130,bass music (EDM),2010-01-01T00:00:00Z
http://www.wikidata.org/entity/Q22909461,toytown techno,http://www.wikidata.org/entity/Q170611,techno,1990-01-01T00:00:00Z
http://www.wikidata.org/entity/Q22948243,Arabic rock,http://www.wikidata.org/entity/Q11399,rock music,
http://www.wikidata.org/entity/Q22948243,Arabic rock,http://www.wikidata.org/entity/Q624044,Arabic music,
http://www.wikidata.org/entity/Q22949256,aita,http://www.wikidata.org/entity/Q11400811,music of North Africa,
http://www.wikidata.org/entity/Q22949256,aita,http://www.wikidata.org/entity/Q98528189,Arabic folk music,
http://www.wikidata.org/entity/Q22964975,black MIDI,http://www.wikidata.org/entity/Q118324067,MIDI music,2009-01-01T00:00:00Z
http://www.wikidata.org/entity/Q22991878,chamber pop,http://www.wikidata.org/entity/Q842324,indie pop,1965-01-01T00:00:00Z
http://www.wikidata.org/entity/Q23019151,reggada,http://www.wikidata.org/entity/Q235858,traditional folk music,
http://www.wikidata.org/entity/Q23019151,reggada,http://www.wikidata.org/entity/Q2346484,music of Morocco,
http://www.wikidata.org/entity/Q23072366,Supraslian chant,http://www.wikidata.org/entity/Q2347119,music of Belarus,
http://www.wikidata.org/entity/Q23072366,Supraslian chant,http://www.wikidata.org/entity/Q23072435,chant,
http://www.wikidata.org/entity/Q23301960,dark pop,http://www.wikidata.org/entity/Q95469495,alternative pop,
http://www.wikidata.org/entity/Q23301960,dark pop,http://www.wikidata.org/entity/Q116985035,electronic pop,
http://www.wikidata.org/entity/Q23637018,hornpipe,http://www.wikidata.org/entity/Q3328676,music of Europe,
http://www.wikidata.org/entity/Q23687321,choir work,http://www.wikidata.org/entity/Q1076513,choral music,
http://www.wikidata.org/entity/Q23808076,Serbian pop,http://www.wikidata.org/entity/Q37073,pop music,
http://www.wikidata.org/entity/Q23808076,Serbian pop,http://www.wikidata.org/entity/Q2363645,music of Serbia,
http://www.wikidata.org/entity/Q23817363,parody song,http://www.wikidata.org/entity/Q2746731,parody music,
http://www.wikidata.org/entity/Q23834771,Jota in Catalonia,http://www.wikidata.org/entity/Q252626,jota,
http://www.wikidata.org/entity/Q23925185,pilón,http://www.wikidata.org/entity/Q1544863,music of Cuba,1965-01-01T00:00:00Z
http://www.wikidata.org/entity/Q24061928,St. Louis Bounce,http://www.wikidata.org/entity/Q11401,hip-hop,
http://www.wikidata.org/entity/Q24077837,psydub,http://www.wikidata.org/entity/Q757143,chill-out music,
http://www.wikidata.org/entity/Q24077837,psydub,http://www.wikidata.org/entity/Q2478478,dubtronica,
http://www.wikidata.org/entity/Q24189851,epic music,http://www.wikidata.org/entity/Q106594706,cinematic classical,2001-01-01T00:00:00Z
http://www.wikidata.org/entity/Q24204889,Palo music,http://www.wikidata.org/entity/Q6942370,music of the Dominican Republic,
http://www.wikidata.org/entity/Q110593076,Levant electronic music,http://www.wikidata.org/entity/Q9778,electronic music,
http://www.wikidata.org/entity/Q110593076,Levant electronic music,http://www.wikidata.org/entity/Q110593056,Levant music,
http://www.wikidata.org/entity/Q110593080,khaliji folk music,http://www.wikidata.org/entity/Q585588,Khaliji,
http://www.wikidata.org/entity/Q110593080,khaliji folk music,http://www.wikidata.org/entity/Q98528189,Arabic folk music,
http://www.wikidata.org/entity/Q110606359,Central Asian throat singing,http://www.wikidata.org/entity/Q1067089,throat singing,
http://www.wikidata.org/entity/Q110606359,Central Asian throat singing,http://www.wikidata.org/entity/Q98528287,Turkic-Mongolic music,
http://www.wikidata.org/entity/Q110620412,chillsynth,http://www.wikidata.org/entity/Q2626684,chillwave,2014-01-01T00:00:00Z
http://www.wikidata.org/entity/Q110620412,chillsynth,http://www.wikidata.org/entity/Q19938910,synthwave,2014-01-01T00:00:00Z
http://www.wikidata.org/entity/Q110632052,industrial pop,http://www.wikidata.org/entity/Q37073,pop music,
http://www.wikidata.org/entity/Q110632052,industrial pop,http://www.wikidata.org/entity/Q936942,post-industrial music,
http://www.wikidata.org/entity/Q110643230,sample drill,http://www.wikidata.org/entity/Q15697534,drill,2019-01-01T00:00:00Z
http://www.wikidata.org/entity/Q110643232,Udmurt folk music,http://www.wikidata.org/entity/Q110874824,Volga-Ural folk music,
http://www.wikidata.org/entity/Q110745638,jigg,http://www.wikidata.org/entity/Q11401,hip-hop,
http://www.wikidata.org/entity/Q110874730,Hungarian national rock,http://www.wikidata.org/entity/Q11399,rock music,
http://www.wikidata.org/entity/Q110874730,Hungarian national rock,http://www.wikidata.org/entity/Q932477,music of Hungary,
http://www.wikidata.org/entity/Q110874730,Hungarian national rock,http://www.wikidata.org/entity/Q121411631,neo-nazi music,
http://www.wikidata.org/entity/Q110874774,Rechtsrock,http://www.wikidata.org/entity/Q11399,rock music,
http://www.wikidata.org/entity/Q110874774,Rechtsrock,http://www.wikidata.org/entity/Q121411631,neo-nazi music,
http://www.wikidata.org/entity/Q110874814,West Coast breaks,http://www.wikidata.org/entity/Q663519,breakbeat,1992-01-01T00:00:00Z
http://www.wikidata.org/entity/Q110874817,Ob-Ugric folk music,http://www.wikidata.org/entity/Q235858,traditional folk music,
http://www.wikidata.org/entity/Q110874824,Volga-Ural folk music,http://www.wikidata.org/entity/Q2498201,music of Russia,
http://www.wikidata.org/entity/Q110874824,Volga-Ural folk music,http://www.wikidata.org/entity/Q98528192,European folk music,
http://www.wikidata.org/entity/Q110934693,Tubilah Walidia,http://www.wikidata.org/entity/Q6942151,music of Libya,
http://www.wikidata.org/entity/Q110942239,bytebeat,http://www.wikidata.org/entity/Q106422444,bit music,
http://www.wikidata.org/entity/Q110967939,footwork jungle,http://www.wikidata.org/entity/Q188994,drum and bass,2011-01-01T00:00:00Z
http://www.wikidata.org/entity/Q110967939,footwork jungle,http://www.wikidata.org/entity/Q5466607,footwork,2011-01-01T00:00:00Z
http://www.wikidata.org/entity/Q111036463,molecular music,http://www.wikidata.org/entity/Q1640319,experimental music,
http://www.wikidata.org/entity/Q111042466,palam,http://www.wikidata.org/entity/Q98528198,South Asian folk music,
http://www.wikidata.org/entity/Q111043907,Tibetan new age,http://www.wikidata.org/entity/Q213121,new age music,
http://www.wikidata.org/entity/Q111133880,carnaval cruceño,http://www.wikidata.org/entity/Q107718539,Hispanic American music,
http://www.wikidata.org/entity/Q111133880,carnaval cruceño,http://www.wikidata.org/entity/Q114239322,carnival music,
http://www.wikidata.org/entity/Q111133884,rage,http://www.wikidata.org/entity/Q2913982,trap music,2017-01-01T00:00:00Z
http://www.wikidata.org/entity/Q111133885,pluggnb,http://www.wikidata.org/entity/Q109382160,plugg music,2017-01-01T00:00:00Z
http://www.wikidata.org/entity/Q111182811,peak time techno,http://www.wikidata.org/entity/Q170611,techno,2011-01-01T00:00:00Z
http://www.wikidata.org/entity/Q111186966,Komi folk music,http://www.wikidata.org/entity/Q110874824,Volga-Ural folk music,
http://www.wikidata.org/entity/Q111186967,nouveau zydeco,http://www.wikidata.org/entity/Q245296,zydeco,
http://www.wikidata.org/entity/Q111186968,Scots song,http://www.wikidata.org/entity/Q17018487,Scottish folk music,
http://www.wikidata.org/entity/Q111192422,Bastlösreime,http://www.wikidata.org/entity/Q1123037,nursery rhyme,
http://www.wikidata.org/entity/Q111192422,Bastlösreime,http://www.wikidata.org/entity/Q2743758,music of Germany,
http://www.wikidata.org/entity/Q111209367,Afghan hip hop,http://www.wikidata.org/entity/Q383103,music of Afghanistan,
http://www.wikidata.org/entity/Q111209367,Afghan hip hop,http://www.wikidata.org/entity/Q4806789,Asian hip-hop,
http://www.wikidata.org/entity/Q111209368,Saudi Arabian hip hop,http://www.wikidata.org/entity/Q3135793,Middle Eastern hip hop,
http://www.wikidata.org/entity/Q111209368,Saudi Arabian hip hop,http://www.wikidata.org/entity/Q3328758,music of Saudi Arabia,
http://www.wikidata.org/entity/Q111209369,Iraqi hip hop,http://www.wikidata.org/entity/Q3135793,Middle Eastern hip hop,
http://www.wikidata.org/entity/Q111209369,Iraqi hip hop,http://www.wikidata.org/entity/Q3328692,music of Iraq,
http://www.wikidata.org/entity/Q111209370,Vietnamese hip hop,http://www.wikidata.org/entity/Q1156957,music of Vietnam,
http://www.wikidata.org/entity/Q111209370,Vietnamese hip hop,http://www.wikidata.org/entity/Q4806789,Asian hip-hop,
http://www.wikidata.org/entity/Q111212208,xoan,http://www.wikidata.org/entity/Q685884,vocal music,
http://www.wikidata.org/entity/Q111241124,bandinha,http://www.wikidata.org/entity/Q899215,music of Brazil,
http://www.wikidata.org/entity/Q111291052,Novaya Scena,http://www.wikidata.org/entity/Q155858,music of Ukraine,
http://www.wikidata.org/entity/Q111297626,fandanguillo of Guadahortuna,http://www.wikidata.org/entity/Q1130969,fandango,
http://www.wikidata.org/entity/Q111297626,fandanguillo of Guadahortuna,http://www.wikidata.org/entity/Q107266605,Andalusian folk music,
http://www.wikidata.org/entity/Q111304955,Hutsul folk music,http://www.wikidata.org/entity/Q66364245,Ukrainian folk music,
http://www.wikidata.org/entity/Q111335488,piping and drumming in Almonte,http://www.wikidata.org/entity/Q9048257,Spanish folk music,
http://www.wikidata.org/entity/Q111357002,bregadeira,http://www.wikidata.org/entity/Q2863648,arrocha,
http://www.wikidata.org/entity/Q111357005,RKT,http://www.wikidata.org/entity/Q202930,reggaeton,
http://www.wikidata.org/entity/Q111387914,moogsploitation,http://www.wikidata.org/entity/Q9778,electronic music,1966-01-01T00:00:00Z
http://www.wikidata.org/entity/Q111394868,James Bay fiddling,http://www.wikidata.org/entity/Q2662072,indigenous music of North America,
http://www.wikidata.org/entity/Q111394868,James Bay fiddling,http://www.wikidata.org/entity/Q106926276,indigenous American folk music,
http://www.wikidata.org/entity/Q111440420,Moldovan folk music,http://www.wikidata.org/entity/Q98528192,European folk music,
http://www.wikidata.org/entity/Q111442385,Japanese artcore,http://www.wikidata.org/entity/Q851213,electronic dance music,2003-01-01T00:00:00Z
http://www.wikidata.org/entity/Q111450475,Chukchi folk music,http://www.wikidata.org/entity/Q235858,traditional folk music,
http://www.wikidata.org/entity/Q111450475,Chukchi folk music,http://www.wikidata.org/entity/Q2498201,music of Russia,
http://www.wikidata.org/entity/Q111535905,cabaret music,http://www.wikidata.org/entity/Q1370345,musical theater,
http://www.wikidata.org/entity/Q111540441,Greek pop,http://www.wikidata.org/entity/Q37073,pop music,
http://www.wikidata.org/entity/Q111540441,Greek pop,http://www.wikidata.org/entity/Q1465419,music of Greece,
http://www.wikidata.org/entity/Q111540473,experimental jungle,http://www.wikidata.org/entity/Q1102161,jungle,
http://www.wikidata.org/entity/Q111540473,experimental jungle,http://www.wikidata.org/entity/Q105763581,experimental electronic music,
http://www.wikidata.org/entity/Q111540484,Western swing revival,http://www.wikidata.org/entity/Q1730388,Western swing,
http://www.wikidata.org/entity/Q111540492,rockabilly revival,http://www.wikidata.org/entity/Q203720,rockabilly,
http://www.wikidata.org/entity/Q111540535,cantautor music,http://www.wikidata.org/entity/Q18345375,Latin music,
http://www.wikidata.org/entity/Q111540535,cantautor music,http://www.wikidata.org/entity/Q89363113,singer-songwriter music,
http://www.wikidata.org/entity/Q111540563,instrumental gospel,http://www.wikidata.org/entity/Q180268,gospel music,
http://www.wikidata.org/entity/Q111540563,instrumental gospel,http://www.wikidata.org/entity/Q639197,instrumental music,
http://www.wikidata.org/entity/Q111597170,swing musette,http://www.wikidata.org/entity/Q7770873,bal-musette,
http://www.wikidata.org/entity/Q111628716,festival trap,http://www.wikidata.org/entity/Q47781397,EDM trap music,2012-01-01T00:00:00Z
http://www.wikidata.org/entity/Q111633950,funeral music,http://www.wikidata.org/entity/Q122149755,event music,
http://www.wikidata.org/entity/Q111653578,hybrid trap,http://www.wikidata.org/entity/Q47781397,EDM trap music,2012-01-01T00:00:00Z
http://www.wikidata.org/entity/Q111678759,guaracha,http://www.wikidata.org/entity/Q202925,tribal house,2016-01-01T00:00:00Z
http://www.wikidata.org/entity/Q111721363,hype trap,http://www.wikidata.org/entity/Q2913982,trap music,
http://www.wikidata.org/entity/Q111738966,Dagestani folk music,http://www.wikidata.org/entity/Q6941917,music of Dagestan,
http://www.wikidata.org/entity/Q2464833,Turkish hip-hop,http://www.wikidata.org/entity/Q3135793,Middle Eastern hip hop,
http://www.wikidata.org/entity/Q2465085,ambient house,http://www.wikidata.org/entity/Q20502,house music,1988-01-01T00:00:00Z
http://www.wikidata.org/entity/Q2465085,ambient house,http://www.wikidata.org/entity/Q757143,chill-out music,1988-01-01T00:00:00Z
http://www.wikidata.org/entity/Q2467789,US-Dancefloor,http://www.wikidata.org/entity/Q851213,electronic dance music,
http://www.wikidata.org/entity/Q2467817,American punk rock,http://www.wikidata.org/entity/Q3071,punk rock,
http://www.wikidata.org/entity/Q2467817,American punk rock,http://www.wikidata.org/entity/Q3437802,American rock,
http://www.wikidata.org/entity/Q2473848,Belgian jazz,http://www.wikidata.org/entity/Q8341,jazz,
http://www.wikidata.org/entity/Q2473848,Belgian jazz,http://www.wikidata.org/entity/Q2587471,music of Belgium,
http://www.wikidata.org/entity/Q2477237,Egerland music,http://www.wikidata.org/entity/Q235858,traditional folk music,
http://www.wikidata.org/entity/Q2477237,Egerland music,http://www.wikidata.org/entity/Q2981079,music of the Czech Republic,
http://www.wikidata.org/entity/Q2478478,dubtronica,http://www.wikidata.org/entity/Q817138,electronica,
http://www.wikidata.org/entity/Q2484587,onkyokei,http://www.wikidata.org/entity/Q257533,music of Japan,1998-01-01T00:00:00Z
http://www.wikidata.org/entity/Q2484587,onkyokei,http://www.wikidata.org/entity/Q592060,free improvisation,1998-01-01T00:00:00Z
http://www.wikidata.org/entity/Q2484587,onkyokei,http://www.wikidata.org/entity/Q7306376,reductionism,1998-01-01T00:00:00Z
http://www.wikidata.org/entity/Q2486179,music of Venezuela,http://www.wikidata.org/entity/Q727781,music of Latin America,
http://www.wikidata.org/entity/Q2486179,music of Venezuela,http://www.wikidata.org/entity/Q5645984,music of South America,
http://www.wikidata.org/entity/Q2488422,Kansas City blues,http://www.wikidata.org/entity/Q9759,blues,
http://www.wikidata.org/entity/Q2497323,suomisaundi,http://www.wikidata.org/entity/Q622871,psychedelic trance,1996-01-01T00:00:00Z
http://www.wikidata.org/entity/Q2498201,music of Russia,http://www.wikidata.org/entity/Q525073,music of Asia,
http://www.wikidata.org/entity/Q2498201,music of Russia,http://www.wikidata.org/entity/Q108857328,music of Eastern Europe,
http://www.wikidata.org/entity/Q2500734,meykhana,http://www.wikidata.org/entity/Q4058252,Azerbaijani folk music,
http://www.wikidata.org/entity/Q2503249,music of Latvia,http://www.wikidata.org/entity/Q108857617,music of the Baltic states,
http://www.wikidata.org/entity/Q2509521,Peruvian waltz,http://www.wikidata.org/entity/Q6950428,música criolla,
http://www.wikidata.org/entity/Q2516031,sawt,http://www.wikidata.org/entity/Q624044,Arabic music,
http://www.wikidata.org/entity/Q2517263,Midwest hip-hop,http://www.wikidata.org/entity/Q3135787,American hip-hop,1992-01-01T00:00:00Z
http://www.wikidata.org/entity/Q2519962,youth crew,http://www.wikidata.org/entity/Q108865641,straight edge,1983-01-01T00:00:00Z
http://www.wikidata.org/entity/Q2521569,soul blues,http://www.wikidata.org/entity/Q9759,blues,1968-01-01T00:00:00Z
http://www.wikidata.org/entity/Q2525544,Celtic metal,http://www.wikidata.org/entity/Q484179,folk metal,1994-01-01T00:00:00Z
http://www.wikidata.org/entity/Q2526653,mainstream rock,http://www.wikidata.org/entity/Q11399,rock music,1981-01-01T00:00:00Z
http://www.wikidata.org/entity/Q2529400,urban contemporary,http://www.wikidata.org/entity/Q373342,popular music,1975-01-01T00:00:00Z
http://www.wikidata.org/entity/Q2529400,urban contemporary,http://www.wikidata.org/entity/Q6942343,music of the African diaspora,1975-01-01T00:00:00Z
http://www.wikidata.org/entity/Q2532274,Volkstümliche Musik,http://www.wikidata.org/entity/Q959583,schlager music,1975-01-01T00:00:00Z
http://www.wikidata.org/entity/Q2532560,djent,http://www.wikidata.org/entity/Q2064873,math metal,1995-01-01T00:00:00Z
http://www.wikidata.org/entity/Q2537356,Bay Area thrash metal,http://www.wikidata.org/entity/Q483352,thrash metal,1985-01-01T00:00:00Z
http://www.wikidata.org/entity/Q2545135,noise pop,http://www.wikidata.org/entity/Q183504,indie rock,1985-01-01T00:00:00Z
http://www.wikidata.org/entity/Q2549052,ethnic electronica,http://www.wikidata.org/entity/Q817138,electronica,
http://www.wikidata.org/entity/Q2551540,punk blues,http://www.wikidata.org/entity/Q25554481,punk music,1987-01-01T00:00:00Z
http://www.wikidata.org/entity/Q2558340,Dutch jazz,http://www.wikidata.org/entity/Q8341,jazz,
http://www.wikidata.org/entity/Q2558340,Dutch jazz,http://www.wikidata.org/entity/Q377185,music of the Netherlands,
http://www.wikidata.org/entity/Q2562237,music of Syria,http://www.wikidata.org/entity/Q1503406,music of the Middle East,
http://www.wikidata.org/entity/Q2566660,British rock,http://www.wikidata.org/entity/Q11399,rock music,1960-01-01T00:00:00Z
http://www.wikidata.org/entity/Q2566660,British rock,http://www.wikidata.org/entity/Q268673,music of the United Kingdom,1960-01-01T00:00:00Z
http://www.wikidata.org/entity/Q2568406,postmodern music,http://www.wikidata.org/entity/Q9730,classical music,1960-01-01T00:00:00Z
http://www.wikidata.org/entity/Q2572585,pop rap,http://www.wikidata.org/entity/Q11401,hip-hop,1980-01-01T00:00:00Z
http://www.wikidata.org/entity/Q2574655,humorous baroque music,http://www.wikidata.org/entity/Q8361,Baroque music,
http://www.wikidata.org/entity/Q2574657,part song,http://www.wikidata.org/entity/Q1076513,choral music,
http://www.wikidata.org/entity/Q2574657,part song,http://www.wikidata.org/entity/Q4376204,Eastern Orthodox music,
http://www.wikidata.org/entity/Q2574657,part song,http://www.wikidata.org/entity/Q23072435,chant,
http://www.wikidata.org/entity/Q2579417,European jazz,http://www.wikidata.org/entity/Q8341,jazz,
http://www.wikidata.org/entity/Q2579417,European jazz,http://www.wikidata.org/entity/Q3328676,music of Europe,
http://www.wikidata.org/entity/Q2579987,music of Portugal,http://www.wikidata.org/entity/Q110592632,music of the Iberian Peninsula,
http://www.wikidata.org/entity/Q2580279,Nagoya kei,http://www.wikidata.org/entity/Q131425,visual kei,
http://www.wikidata.org/entity/Q2583965,duma,http://www.wikidata.org/entity/Q66364245,Ukrainian folk music,
http://www.wikidata.org/entity/Q2587471,music of Belgium,http://www.wikidata.org/entity/Q106507873,music of Western Europe,
http://www.wikidata.org/entity/Q2598050,Xi'an guyue,http://www.wikidata.org/entity/Q51446080,Chinese traditional music,
http://www.wikidata.org/entity/Q2599472,blackened death metal,http://www.wikidata.org/entity/Q132438,black metal,
http://www.wikidata.org/entity/Q2599472,blackened death metal,http://www.wikidata.org/entity/Q483251,death metal,
http://www.wikidata.org/entity/Q2603965,piano blues,http://www.wikidata.org/entity/Q9759,blues,1948-01-01T00:00:00Z
http://www.wikidata.org/entity/Q2604326,slip jig,http://www.wikidata.org/entity/Q7482056,Irish folk music,
http://www.wikidata.org/entity/Q2607222,İlahi,http://www.wikidata.org/entity/Q1755959,Sufi music,
http://www.wikidata.org/entity/Q2607836,freakbeat,http://www.wikidata.org/entity/Q211573,garage rock,1965-01-01T00:00:00Z
http://www.wikidata.org/entity/Q2607836,freakbeat,http://www.wikidata.org/entity/Q546264,beat music,1965-01-01T00:00:00Z
http://www.wikidata.org/entity/Q2608506,space disco,http://www.wikidata.org/entity/Q98528149,electro-disco,1976-01-01T00:00:00Z
http://www.wikidata.org/entity/Q2608710,muqam,http://www.wikidata.org/entity/Q11938280,Uyghur music,
http://www.wikidata.org/entity/Q2608710,muqam,http://www.wikidata.org/entity/Q98528260,maqāmic music,
http://www.wikidata.org/entity/Q2610186,al jeel,http://www.wikidata.org/entity/Q624081,Arabic pop,
http://www.wikidata.org/entity/Q2611143,early hardstyle,http://www.wikidata.org/entity/Q223840,hardstyle,
http://www.wikidata.org/entity/Q2612458,rigsar,http://www.wikidata.org/entity/Q37073,pop music,
http://www.wikidata.org/entity/Q2612458,rigsar,http://www.wikidata.org/entity/Q592807,music of Bhutan,
http://www.wikidata.org/entity/Q2614533,British folk rock,http://www.wikidata.org/entity/Q186472,folk rock,1968-01-01T00:00:00Z
http://www.wikidata.org/entity/Q2614533,British folk rock,http://www.wikidata.org/entity/Q268673,music of the United Kingdom,1968-01-01T00:00:00Z
http://www.wikidata.org/entity/Q2615500,intelligent drum and bass,http://www.wikidata.org/entity/Q188994,drum and bass,1994-01-01T00:00:00Z
http://www.wikidata.org/entity/Q2617447,music of Iceland,http://www.wikidata.org/entity/Q26302245,music of the Nordic countries,
http://www.wikidata.org/entity/Q2621049,Afro-punk,http://www.wikidata.org/entity/Q388207,African-American music,
http://www.wikidata.org/entity/Q2621049,Afro-punk,http://www.wikidata.org/entity/Q25554481,punk music,
http://www.wikidata.org/entity/Q2624785,Russian rock,http://www.wikidata.org/entity/Q11399,rock music,1965-01-01T00:00:00Z
http://www.wikidata.org/entity/Q2624785,Russian rock,http://www.wikidata.org/entity/Q2498201,music of Russia,1965-01-01T00:00:00Z
http://www.wikidata.org/entity/Q2626684,chillwave,http://www.wikidata.org/entity/Q9778,electronic music,2008-01-01T00:00:00Z
http://www.wikidata.org/entity/Q2626684,chillwave,http://www.wikidata.org/entity/Q373342,popular music,2008-01-01T00:00:00Z
http://www.wikidata.org/entity/Q2631396,Brazilian rock,http://www.wikidata.org/entity/Q11399,rock music,
http://www.wikidata.org/entity/Q2631396,Brazilian rock,http://www.wikidata.org/entity/Q899215,music of Brazil,
http://www.wikidata.org/entity/Q2631975,chorale cantata,http://www.wikidata.org/entity/Q1076513,choral music,
http://www.wikidata.org/entity/Q2631975,chorale cantata,http://www.wikidata.org/entity/Q11499279,church cantata,
http://www.wikidata.org/entity/Q2634010,acid breaks,http://www.wikidata.org/entity/Q663519,breakbeat,1987-01-01T00:00:00Z
http://www.wikidata.org/entity/Q2634010,acid breaks,http://www.wikidata.org/entity/Q106528337,acid,1987-01-01T00:00:00Z
http://www.wikidata.org/entity/Q110593067,khaliji pop,http://www.wikidata.org/entity/Q585588,Khaliji,
http://www.wikidata.org/entity/Q110593068,Levant hip-hop,http://www.wikidata.org/entity/Q3135793,Middle Eastern hip hop,
http://www.wikidata.org/entity/Q110593068,Levant hip-hop,http://www.wikidata.org/entity/Q110593056,Levant music,
http://www.wikidata.org/entity/Q110593071,Maghreb hip hop,http://www.wikidata.org/entity/Q624221,Arabic hip-hop,
http://www.wikidata.org/entity/Q110593071,Maghreb hip hop,http://www.wikidata.org/entity/Q116973456,Maghreb music,
http://www.wikidata.org/entity/Q110593072,khaliji hip-hop,http://www.wikidata.org/entity/Q11401,hip-hop,
http://www.wikidata.org/entity/Q110593072,khaliji hip-hop,http://www.wikidata.org/entity/Q585588,Khaliji,
http://www.wikidata.org/entity/Q110593073,Levant indie music,http://www.wikidata.org/entity/Q42201,independent music,
http://www.wikidata.org/entity/Q110593073,Levant indie music,http://www.wikidata.org/entity/Q110593056,Levant music,
http://www.wikidata.org/entity/Q110593074,Egyptian indie music,http://www.wikidata.org/entity/Q42201,independent music,
http://www.wikidata.org/entity/Q110593074,Egyptian indie music,http://www.wikidata.org/entity/Q18129813,music of Egypt,
http://www.wikidata.org/entity/Q110593075,Maghreb indie music,http://www.wikidata.org/entity/Q42201,independent music,
http://www.wikidata.org/entity/Q110593075,Maghreb indie music,http://www.wikidata.org/entity/Q116973456,Maghreb music,
http://www.wikidata.org/entity/Q110593078,Maghreb electronic music,http://www.wikidata.org/entity/Q9778,electronic music,
http://www.wikidata.org/entity/Q110593078,Maghreb electronic music,http://www.wikidata.org/entity/Q116973456,Maghreb music,
http://www.wikidata.org/entity/Q131936139,Hoboken sound,http://www.wikidata.org/entity/Q183504,indie rock,
http://www.wikidata.org/entity/Q131936143,new tone,http://www.wikidata.org/entity/Q54365,ska,
http://www.wikidata.org/entity/Q131988195,clube da esquina,http://www.wikidata.org/entity/Q1046768,música popular brasileira,
http://www.wikidata.org/entity/Q131988195,clube da esquina,http://www.wikidata.org/entity/Q125918103,Southeastern Brazilian music,
http://www.wikidata.org/entity/Q132040889,rock yoik,http://www.wikidata.org/entity/Q11399,rock music,
http://www.wikidata.org/entity/Q132040889,rock yoik,http://www.wikidata.org/entity/Q744327,joik,
http://www.wikidata.org/entity/Q132165415,buchiage trance,http://www.wikidata.org/entity/Q257533,music of Japan,
http://www.wikidata.org/entity/Q132165415,buchiage trance,http://www.wikidata.org/entity/Q733804,hands up,
http://www.wikidata.org/entity/Q132188340,Armenian folk dance song,http://www.wikidata.org/entity/Q4069711,Armenian folk music,
http://www.wikidata.org/entity/Q132188340,Armenian folk dance song,http://www.wikidata.org/entity/Q118738993,folk dance music,
http://www.wikidata.org/entity/Q132200384,Russian jazz,http://www.wikidata.org/entity/Q8341,jazz,
http://www.wikidata.org/entity/Q132200384,Russian jazz,http://www.wikidata.org/entity/Q2498201,music of Russia,
http://www.wikidata.org/entity/Q132324210,bloghouse,http://www.wikidata.org/entity/Q851213,electronic dance music,
http://www.wikidata.org/entity/Q132324477,Gothenburg sound,http://www.wikidata.org/entity/Q253918,melodic death metal,
http://www.wikidata.org/entity/Q132324477,Gothenburg sound,http://www.wikidata.org/entity/Q846784,music of Sweden,
http://www.wikidata.org/entity/Q132362501,Igorot music,http://www.wikidata.org/entity/Q3328743,music of the Philippines,
http://www.wikidata.org/entity/Q132362501,Igorot music,http://www.wikidata.org/entity/Q108297183,Austronesian music,
http://www.wikidata.org/entity/Q132362695,ring shout,http://www.wikidata.org/entity/Q1541229,American folk music,
http://www.wikidata.org/entity/Q132473088,free car music,http://www.wikidata.org/entity/Q15697534,drill,
http://www.wikidata.org/entity/Q132508451,Chilean jazz,http://www.wikidata.org/entity/Q8341,jazz,1924-01-01T00:00:00Z
http://www.wikidata.org/entity/Q132508451,Chilean jazz,http://www.wikidata.org/entity/Q3889385,music of Chile,1924-01-01T00:00:00Z
http://www.wikidata.org/entity/Q132526862,hardcore psycho rap,http://www.wikidata.org/entity/Q11401,hip-hop,1995-01-01T00:00:00Z
http://www.wikidata.org/entity/Q132531661,leftist music,http://www.wikidata.org/entity/Q28146601,political music,
http://www.wikidata.org/entity/Q132531675,feminist music,http://www.wikidata.org/entity/Q132531661,leftist music,
http://www.wikidata.org/entity/Q132598288,anti-racist music,http://www.wikidata.org/entity/Q132531661,leftist music,
http://www.wikidata.org/entity/Q132609906,recession pop,http://www.wikidata.org/entity/Q211756,dance-pop,
http://www.wikidata.org/entity/Q132778448,shit talk,http://www.wikidata.org/entity/Q6010,rapping,2010-01-01T00:00:00Z
http://www.wikidata.org/entity/Q133045404,Neo-Canterbury,http://www.wikidata.org/entity/Q727803,Canterbury scene,
http://www.wikidata.org/entity/Q133163003,Twang,http://www.wikidata.org/entity/Q83440,country music,
http://www.wikidata.org/entity/Q133189813,pop melankolis,http://www.wikidata.org/entity/Q1077388,sentimental ballad,
http://www.wikidata.org/entity/Q133189813,pop melankolis,http://www.wikidata.org/entity/Q1884689,Indo pop,
http://www.wikidata.org/entity/Q133255164,Palestinian pop,http://www.wikidata.org/entity/Q624081,Arabic pop,
http://www.wikidata.org/entity/Q133255164,Palestinian pop,http://www.wikidata.org/entity/Q3328739,music of Palestine,
http://www.wikidata.org/entity/Q133294481,Puerto Rican hip-hop,http://www.wikidata.org/entity/Q427183,music of Puerto Rico,1985-01-01T00:00:00Z
http://www.wikidata.org/entity/Q133294481,Puerto Rican hip-hop,http://www.wikidata.org/entity/Q3827483,Latin hip-hop,1985-01-01T00:00:00Z
http://www.wikidata.org/entity/Q133294487,Venezuelan hip-hop,http://www.wikidata.org/entity/Q2486179,music of Venezuela,
http://www.wikidata.org/entity/Q133294487,Venezuelan hip-hop,http://www.wikidata.org/entity/Q3827483,Latin hip-hop,
http://www.wikidata.org/entity/Q133501932,dance-punk revival,http://www.wikidata.org/entity/Q1643549,dance-punk,2000-01-01T00:00:00Z
http://www.wikidata.org/entity/Q133501932,dance-punk revival,http://www.wikidata.org/entity/Q1899347,post-punk revival,2000-01-01T00:00:00Z
http://www.wikidata.org/entity/Q133502585,tamburitza,http://www.wikidata.org/entity/Q98528192,European folk music,
http://www.wikidata.org/entity/Q133520038,J-euro,http://www.wikidata.org/entity/Q131578,J-pop,
http://www.wikidata.org/entity/Q133520038,J-euro,http://www.wikidata.org/entity/Q848852,Eurobeat,
http://www.wikidata.org/entity/Q133601867,Ilocano music,http://www.wikidata.org/entity/Q3328743,music of the Philippines,
http://www.wikidata.org/entity/Q133601921,thall,http://www.wikidata.org/entity/Q183862,metalcore,
http://www.wikidata.org/entity/Q133601921,thall,http://www.wikidata.org/entity/Q2532560,djent,
http://www.wikidata.org/entity/Q133687529,toypop,http://www.wikidata.org/entity/Q373342,popular music,
http://www.wikidata.org/entity/Q133698907,nu deathcore,http://www.wikidata.org/entity/Q475221,deathcore,
http://www.wikidata.org/entity/Q133709530,joropo llanero,http://www.wikidata.org/entity/Q235858,traditional folk music,
http://www.wikidata.org/entity/Q133800708,Hellenic black metal,http://www.wikidata.org/entity/Q132438,black metal,
http://www.wikidata.org/entity/Q133800708,Hellenic black metal,http://www.wikidata.org/entity/Q3437842,Greek rock,
http://www.wikidata.org/entity/Q133810508,bultrón,http://www.wikidata.org/entity/Q9794,reggae,
http://www.wikidata.org/entity/Q133820950,kote kei,http://www.wikidata.org/entity/Q131425,visual kei,
http://www.wikidata.org/entity/Q133826304,soft visual,http://www.wikidata.org/entity/Q131425,visual kei,
http://www.wikidata.org/entity/Q133826466,sa'idi,http://www.wikidata.org/entity/Q18129813,music of Egypt,
http://www.wikidata.org/entity/Q133826466,sa'idi,http://www.wikidata.org/entity/Q98528189,Arabic folk music,
http://www.wikidata.org/entity/Q133854160,antosy,http://www.wikidata.org/entity/Q1091536,music of Madagascar,
http://www.wikidata.org/entity/Q133862566,toytown pop,http://www.wikidata.org/entity/Q37073,pop music,
http://www.wikidata.org/entity/Q134005844,sizhu music,http://www.wikidata.org/entity/Q277393,music of China,
http://www.wikidata.org/entity/Q134029176,Surinamese-Javanese gamelan,http://www.wikidata.org/entity/Q194492,gamelan,
http://www.wikidata.org/entity/Q134290560,chain punk,http://www.wikidata.org/entity/Q10922,hardcore punk,
http://www.wikidata.org/entity/Q134355863,Gurage music,http://www.wikidata.org/entity/Q109615856,Ethiopic music,
http://www.wikidata.org/entity/Q134380635,slimepunk,http://www.wikidata.org/entity/Q851213,electronic dance music,
http://www.wikidata.org/entity/Q134383813,Self-esteem boosting songs,http://www.wikidata.org/entity/Q131578,J-pop,2022-01-01T00:00:00Z
http://www.wikidata.org/entity/Q134385896,torture doom,http://www.wikidata.org/entity/Q2738113,funeral doom metal,
http://www.wikidata.org/entity/Q134417733,sitarsploitation,http://www.wikidata.org/entity/Q846119,psychedelic music,
http://www.wikidata.org/entity/Q134417733,sitarsploitation,http://www.wikidata.org/entity/Q916387,exotica,
http://www.wikidata.org/entity/Q134584924,ogene,http://www.wikidata.org/entity/Q145594,Igbo music,
http://www.wikidata.org/entity/Q134587424,Caipira music,http://www.wikidata.org/entity/Q899215,music of Brazil,
http://www.wikidata.org/entity/Q134589204,Bhojpuri pop,http://www.wikidata.org/entity/Q3535998,Indian pop,
http://www.wikidata.org/entity/Q134589282,frevo elétrico,http://www.wikidata.org/entity/Q1455932,frevo,
http://www.wikidata.org/entity/Q134613334,ambient plugg,http://www.wikidata.org/entity/Q109382160,plugg music,
http://www.wikidata.org/entity/Q134722534,thrashgrind,http://www.wikidata.org/entity/Q188534,grindcore,
http://www.wikidata.org/entity/Q134722534,thrashgrind,http://www.wikidata.org/entity/Q483352,thrash metal,
http://www.wikidata.org/entity/Q134889850,Scottish folk revival music,http://www.wikidata.org/entity/Q17018487,Scottish folk music,
http://www.wikidata.org/entity/Q134889850,Scottish folk revival music,http://www.wikidata.org/entity/Q98528179,folk revival music,
http://www.wikidata.org/entity/Q134889869,wyrd folk,http://www.wikidata.org/entity/Q1500364,psychedelic folk,
http://www.wikidata.org/entity/Q134962237,senja,http://www.wikidata.org/entity/Q1210921,music of Indonesia,
http://www.wikidata.org/entity/Q134983275,aliencore,http://www.wikidata.org/entity/Q9778,electronic music,2024-01-01T00:00:00Z
http://www.wikidata.org/entity/Q134997891,hi-tech full-on,http://www.wikidata.org/entity/Q170435,trance,
http://www.wikidata.org/entity/Q134997892,philly drill,http://www.wikidata.org/entity/Q15697534,drill,
http://www.wikidata.org/entity/Q135089743,New Orleans hip-hop,http://www.wikidata.org/entity/Q3135787,American hip-hop,
http://www.wikidata.org/entity/Q135112757,garage psych,http://www.wikidata.org/entity/Q206159,psychedelic rock,
http://www.wikidata.org/entity/Q135112757,garage psych,http://www.wikidata.org/entity/Q211573,garage rock,
http://www.wikidata.org/entity/Q135112758,xian psych,http://www.wikidata.org/entity/Q206159,psychedelic rock,
http://www.wikidata.org/entity/Q135112758,xian psych,http://www.wikidata.org/entity/Q753520,Christian rock,
http://www.wikidata.org/entity/Q135112773,mūsīqā lubnāniyya,http://www.wikidata.org/entity/Q624081,Arabic pop,
http://www.wikidata.org/entity/Q135112773,mūsīqā lubnāniyya,http://www.wikidata.org/entity/Q123421088,Levantine Arabic music,
http://www.wikidata.org/entity/Q135112830,historical musical,http://www.wikidata.org/entity/Q2743,musical play,
http://www.wikidata.org/entity/Q135112891,science fiction musical,http://www.wikidata.org/entity/Q2743,musical play,
http://www.wikidata.org/entity/Q135184915,rock sónico,http://www.wikidata.org/entity/Q646026,Argentine rock,
http://www.wikidata.org/entity/Q135192976,risecore,http://www.wikidata.org/entity/Q183862,metalcore,
http://www.wikidata.org/entity/Q135235711,Internet rap,http://www.wikidata.org/entity/Q11401,hip-hop,
http://www.wikidata.org/entity/Q6942022,Bollywood film music,http://www.wikidata.org/entity/Q544440,Indian film music,
http://www.wikidata.org/entity/Q6942028,music of Burkina Faso,http://www.wikidata.org/entity/Q6942329,music of West Africa,
http://www.wikidata.org/entity/Q6942031,music of Cambodia,http://www.wikidata.org/entity/Q10838732,music of Southeast Asia,
http://www.wikidata.org/entity/Q6942037,music of Canada,http://www.wikidata.org/entity/Q107718737,music of North America,
http://www.wikidata.org/entity/Q6942044,music of Central Asia,http://www.wikidata.org/entity/Q525073,music of Asia,
http://www.wikidata.org/entity/Q6942068,music of Ecuador,http://www.wikidata.org/entity/Q727781,music of Latin America,
http://www.wikidata.org/entity/Q6942068,music of Ecuador,http://www.wikidata.org/entity/Q5645984,music of South America,
http://www.wikidata.org/entity/Q6942070,music of Eritrea,http://www.wikidata.org/entity/Q106586248,music of East Africa,
http://www.wikidata.org/entity/Q6942071,music of El Salvador,http://www.wikidata.org/entity/Q727781,music of Latin America,
http://www.wikidata.org/entity/Q6942071,music of El Salvador,http://www.wikidata.org/entity/Q5060331,music of Central America,
http://www.wikidata.org/entity/Q6942076,music of Fiji,http://www.wikidata.org/entity/Q3328745,music of Polynesia,
http://www.wikidata.org/entity/Q6942076,music of Fiji,http://www.wikidata.org/entity/Q6942176,music of Melanesia,
http://www.wikidata.org/entity/Q6942095,music of Ghana,http://www.wikidata.org/entity/Q6942329,music of West Africa,
http://www.wikidata.org/entity/Q6942096,music of Goa,http://www.wikidata.org/entity/Q98528267,music of South Asia,
http://www.wikidata.org/entity/Q6942105,music of Guinea-Bissau,http://www.wikidata.org/entity/Q6942329,music of West Africa,
http://www.wikidata.org/entity/Q6942109,Guangdong music,http://www.wikidata.org/entity/Q134005844,sizhu music,
http://www.wikidata.org/entity/Q6942110,music of Guyana,http://www.wikidata.org/entity/Q5645984,music of South America,
http://www.wikidata.org/entity/Q6942118,music of Hong Kong,http://www.wikidata.org/entity/Q277393,music of China,
http://www.wikidata.org/entity/Q6942130,music of Java,http://www.wikidata.org/entity/Q1210921,music of Indonesia,
http://www.wikidata.org/entity/Q6942130,music of Java,http://www.wikidata.org/entity/Q3328715,music of Malaysia,
http://www.wikidata.org/entity/Q6942143,music of Kuwait,http://www.wikidata.org/entity/Q1503406,music of the Middle East,
http://www.wikidata.org/entity/Q6942147,music of Lesotho,http://www.wikidata.org/entity/Q98528232,music of Southern Africa,
http://www.wikidata.org/entity/Q6942148,music of Liberia,http://www.wikidata.org/entity/Q6942329,music of West Africa,
http://www.wikidata.org/entity/Q6942151,music of Libya,http://www.wikidata.org/entity/Q11400811,music of North Africa,
http://www.wikidata.org/entity/Q6942158,music of Louisiana,http://www.wikidata.org/entity/Q2267955,music of the United States,
http://www.wikidata.org/entity/Q6942167,music of Malawi,http://www.wikidata.org/entity/Q106586248,music of East Africa,
http://www.wikidata.org/entity/Q6942168,music of Malta,http://www.wikidata.org/entity/Q106508039,music of Southern Europe,
http://www.wikidata.org/entity/Q6942176,music of Melanesia,http://www.wikidata.org/entity/Q107033785,music of the Pacific Islands,
http://www.wikidata.org/entity/Q6942177,music of Melbourne,http://www.wikidata.org/entity/Q3114644,music of Australia,
http://www.wikidata.org/entity/Q6942178,music of Mesopotamia,http://www.wikidata.org/entity/Q18846,ancient music,
http://www.wikidata.org/entity/Q6942178,music of Mesopotamia,http://www.wikidata.org/entity/Q1503406,music of the Middle East,
http://www.wikidata.org/entity/Q6942193,music of Monaco,http://www.wikidata.org/entity/Q106507873,music of Western Europe,
http://www.wikidata.org/entity/Q6942203,music of Nauru,http://www.wikidata.org/entity/Q106506830,music of Micronesia,
http://www.wikidata.org/entity/Q6942216,music of New Zealand,http://www.wikidata.org/entity/Q3328728,music of Oceania,
http://www.wikidata.org/entity/Q6942217,music of Nicaragua,http://www.wikidata.org/entity/Q727781,music of Latin America,
http://www.wikidata.org/entity/Q6942217,music of Nicaragua,http://www.wikidata.org/entity/Q5060331,music of Central America,
http://www.wikidata.org/entity/Q6942229,music of Niger,http://www.wikidata.org/entity/Q6942329,music of West Africa,
http://www.wikidata.org/entity/Q6942239,music of Papua New Guinea,http://www.wikidata.org/entity/Q6942176,music of Melanesia,
http://www.wikidata.org/entity/Q6942240,music of Panama,http://www.wikidata.org/entity/Q727781,music of Latin America,
http://www.wikidata.org/entity/Q6942240,music of Panama,http://www.wikidata.org/entity/Q5060331,music of Central America,
http://www.wikidata.org/entity/Q6942260,music of San Marino,http://www.wikidata.org/entity/Q106508039,music of Southern Europe,1650-01-01T00:00:00Z
http://www.wikidata.org/entity/Q6942262,music of Saskatchewan,http://www.wikidata.org/entity/Q6942037,music of Canada,
http://www.wikidata.org/entity/Q6942263,music of Sardinia,http://www.wikidata.org/entity/Q3679098,music of Italy,
http://www.wikidata.org/entity/Q6942267,music of Seychelles,http://www.wikidata.org/entity/Q106586248,music of East Africa,
http://www.wikidata.org/entity/Q6942271,music of Sierra Leone,http://www.wikidata.org/entity/Q6942329,music of West Africa,
http://www.wikidata.org/entity/Q6942275,music of Singapore,http://www.wikidata.org/entity/Q10838732,music of Southeast Asia,
http://www.wikidata.org/entity/Q6942277,music of Somalia,http://www.wikidata.org/entity/Q106595599,music of Northeast Africa,
http://www.wikidata.org/entity/Q6942280,music of South Korea,http://www.wikidata.org/entity/Q716060,music of Korea,
http://www.wikidata.org/entity/Q6942287,music of Tahiti,http://www.wikidata.org/entity/Q3328745,music of Polynesia,
http://www.wikidata.org/entity/Q6942291,music of Texas,http://www.wikidata.org/entity/Q2267955,music of the United States,
http://www.wikidata.org/entity/Q6942295,music of Suriname,http://www.wikidata.org/entity/Q5645984,music of South America,
http://www.wikidata.org/entity/Q6942300,music of Transylvania,http://www.wikidata.org/entity/Q852210,music of Romania,
http://www.wikidata.org/entity/Q6942301,music of Tonga,http://www.wikidata.org/entity/Q3328745,music of Polynesia,
http://www.wikidata.org/entity/Q6942315,music of the Valencian Community,http://www.wikidata.org/entity/Q964987,music of Spain,
http://www.wikidata.org/entity/Q6942329,music of West Africa,http://www.wikidata.org/entity/Q369820,music of Africa,
http://www.wikidata.org/entity/Q6942343,music of the African diaspora,http://www.wikidata.org/entity/Q3570024,ethnic music,
http://www.wikidata.org/entity/Q6942354,music of the Canary Islands,http://www.wikidata.org/entity/Q964987,music of Spain,
http://www.wikidata.org/entity/Q6942356,music of the Central African Republic,http://www.wikidata.org/entity/Q106588687,music of Central Africa,
http://www.wikidata.org/entity/Q6942358,music of the Comoros,http://www.wikidata.org/entity/Q98528232,music of Southern Africa,
http://www.wikidata.org/entity/Q6942370,music of the Dominican Republic,http://www.wikidata.org/entity/Q727781,music of Latin America,
http://www.wikidata.org/entity/Q6942370,music of the Dominican Republic,http://www.wikidata.org/entity/Q107718539,Hispanic American music,
http://www.wikidata.org/entity/Q6942370,music of the Dominican Republic,http://www.wikidata.org/entity/Q108151792,music of the Greater Antilles,
http://www.wikidata.org/entity/Q6942377,music of the Maldives,http://www.wikidata.org/entity/Q98528267,music of South Asia,
http://www.wikidata.org/entity/Q6942398,music of the Solomon Islands,http://www.wikidata.org/entity/Q6942176,music of Melanesia,
http://www.wikidata.org/entity/Q6950147,Métis fiddle,http://www.wikidata.org/entity/Q17513988,Canadian folk music,
http://www.wikidata.org/entity/Q6950147,Métis fiddle,http://www.wikidata.org/entity/Q123196582,Métis music,
http://www.wikidata.org/entity/Q6950428,música criolla,http://www.wikidata.org/entity/Q3085344,music of Peru,
http://www.wikidata.org/entity/Q6956465,Na mele paleoleo,http://www.wikidata.org/entity/Q11401,hip-hop,
http://www.wikidata.org/entity/Q6956465,Na mele paleoleo,http://www.wikidata.org/entity/Q1071834,music of Hawaii,
http://www.wikidata.org/entity/Q6956569,Naamyam,http://www.wikidata.org/entity/Q51446080,Chinese traditional music,
http://www.wikidata.org/entity/Q6966089,Balkan folk music,http://www.wikidata.org/entity/Q3211884,music of the Balkans,
http://www.wikidata.org/entity/Q6966089,Balkan folk music,http://www.wikidata.org/entity/Q98528192,European folk music,
http://www.wikidata.org/entity/Q6979961,Native American hip hop,http://www.wikidata.org/entity/Q11401,hip-hop,2000-01-01T00:00:00Z
http://www.wikidata.org/entity/Q6979961,Native American hip hop,http://www.wikidata.org/entity/Q2662072,indigenous music of North America,2000-01-01T00:00:00Z
http://www.wikidata.org/entity/Q6981664,Navajo music,http://www.wikidata.org/entity/Q2662072,indigenous music of North America,
http://www.wikidata.org/entity/Q6993291,neomelodic music,http://www.wikidata.org/entity/Q108556049,Italo pop,1980-01-01T00:00:00Z
http://www.wikidata.org/entity/Q6994496,Nepalese hip hop,http://www.wikidata.org/entity/Q3328735,music of Nepal,
http://www.wikidata.org/entity/Q6994496,Nepalese hip hop,http://www.wikidata.org/entity/Q4806789,Asian hip-hop,
http://www.wikidata.org/entity/Q7005181,new acoustic music,http://www.wikidata.org/entity/Q106298881,contemporary folk music,1970-01-01T00:00:00Z
http://www.wikidata.org/entity/Q7005540,New Big Band,http://www.wikidata.org/entity/Q105756581,big band music,
http://www.wikidata.org/entity/Q7010517,new pop,http://www.wikidata.org/entity/Q4971422,British pop,
http://www.wikidata.org/entity/Q7015151,New Yorkshire,http://www.wikidata.org/entity/Q183504,indie rock,2002-01-01T00:00:00Z
http://www.wikidata.org/entity/Q7015151,New Yorkshire,http://www.wikidata.org/entity/Q2566660,British rock,2002-01-01T00:00:00Z
http://www.wikidata.org/entity/Q7016386,new blues,http://www.wikidata.org/entity/Q9759,blues,
http://www.wikidata.org/entity/Q7016547,Newar music,http://www.wikidata.org/entity/Q3328735,music of Nepal,
http://www.wikidata.org/entity/Q7023407,Đờn ca tài tử,http://www.wikidata.org/entity/Q1156957,music of Vietnam,
http://www.wikidata.org/entity/Q7023411,nhạc đỏ,http://www.wikidata.org/entity/Q1156957,music of Vietnam,
http://www.wikidata.org/entity/Q7042505,Njuup,http://www.wikidata.org/entity/Q1065742,religious music,
http://www.wikidata.org/entity/Q7042753,No-Fi,http://www.wikidata.org/entity/Q1507298,lo-fi music,1993-01-01T00:00:00Z
http://www.wikidata.org/entity/Q7050752,Nordic folk music,http://www.wikidata.org/entity/Q26302245,music of the Nordic countries,
http://www.wikidata.org/entity/Q7050752,Nordic folk music,http://www.wikidata.org/entity/Q98528192,European folk music,
http://www.wikidata.org/entity/Q7060273,Northwest Wind,http://www.wikidata.org/entity/Q277393,music of China,
http://www.wikidata.org/entity/Q7067688,nu-funk,http://www.wikidata.org/entity/Q164444,funk,1993-01-01T00:00:00Z
http://www.wikidata.org/entity/Q7077860,Odissi music,http://www.wikidata.org/entity/Q1323698,Indian classical music,0200-01-01T00:00:00Z
http://www.wikidata.org/entity/Q7085499,Old time fiddle,http://www.wikidata.org/entity/Q1541229,American folk music,
http://www.wikidata.org/entity/Q7092205,ondo,http://www.wikidata.org/entity/Q106586219,Japanese folk music,
http://www.wikidata.org/entity/Q7118426,alternative R&B,http://www.wikidata.org/entity/Q850412,contemporary R&B,2005-01-01T00:00:00Z
http://www.wikidata.org/entity/Q7122786,Pacific reggae,http://www.wikidata.org/entity/Q9794,reggae,1975-01-01T00:00:00Z
http://www.wikidata.org/entity/Q2638634,old school EBM,http://www.wikidata.org/entity/Q372103,electronic body music,
http://www.wikidata.org/entity/Q2639210,Nederbeat,http://www.wikidata.org/entity/Q546264,beat music,1963-01-01T00:00:00Z
http://www.wikidata.org/entity/Q2639210,Nederbeat,http://www.wikidata.org/entity/Q1936659,Nederpop,1963-01-01T00:00:00Z
http://www.wikidata.org/entity/Q2640307,hardstep,http://www.wikidata.org/entity/Q188994,drum and bass,1994-01-01T00:00:00Z
http://www.wikidata.org/entity/Q2641862,Abhang,http://www.wikidata.org/entity/Q1770695,Hindustani classical music,
http://www.wikidata.org/entity/Q2657409,skacore,http://www.wikidata.org/entity/Q10922,hardcore punk,
http://www.wikidata.org/entity/Q2657409,skacore,http://www.wikidata.org/entity/Q460674,ska punk,
http://www.wikidata.org/entity/Q2659045,oriental metal,http://www.wikidata.org/entity/Q484179,folk metal,
http://www.wikidata.org/entity/Q2662072,indigenous music of North America,http://www.wikidata.org/entity/Q107407692,indigenous American music,
http://www.wikidata.org/entity/Q2662072,indigenous music of North America,http://www.wikidata.org/entity/Q107718737,music of North America,
http://www.wikidata.org/entity/Q2662148,Celtic rock,http://www.wikidata.org/entity/Q186472,folk rock,1972-01-01T00:00:00Z
http://www.wikidata.org/entity/Q2665906,music of Armenia,http://www.wikidata.org/entity/Q106506985,music of the Caucasus,
http://www.wikidata.org/entity/Q2682013,Swedish death metal,http://www.wikidata.org/entity/Q483251,death metal,
http://www.wikidata.org/entity/Q2682013,Swedish death metal,http://www.wikidata.org/entity/Q846784,music of Sweden,
http://www.wikidata.org/entity/Q2687544,power electronics,http://www.wikidata.org/entity/Q487965,industrial music,1980-01-01T00:00:00Z
http://www.wikidata.org/entity/Q2687544,power electronics,http://www.wikidata.org/entity/Q726239,noise music,1980-01-01T00:00:00Z
http://www.wikidata.org/entity/Q2693142,techno body music,http://www.wikidata.org/entity/Q170611,techno,
http://www.wikidata.org/entity/Q2693142,techno body music,http://www.wikidata.org/entity/Q372103,electronic body music,
http://www.wikidata.org/entity/Q2697917,go-go,http://www.wikidata.org/entity/Q164444,funk,1962-01-01T00:00:00Z
http://www.wikidata.org/entity/Q2702280,Italo house,http://www.wikidata.org/entity/Q20502,house music,1988-01-01T00:00:00Z
http://www.wikidata.org/entity/Q2706919,country rap,http://www.wikidata.org/entity/Q11401,hip-hop,1990-01-01T00:00:00Z
http://www.wikidata.org/entity/Q2707688,plainsong,http://www.wikidata.org/entity/Q8812109,church music,
http://www.wikidata.org/entity/Q2707688,plainsong,http://www.wikidata.org/entity/Q23072435,chant,
http://www.wikidata.org/entity/Q2707994,Catalan rumba,http://www.wikidata.org/entity/Q3808055,music of Catalonia,1940-01-01T00:00:00Z
http://www.wikidata.org/entity/Q2710523,ragga jungle,http://www.wikidata.org/entity/Q740911,ragga,1989-01-01T00:00:00Z
http://www.wikidata.org/entity/Q2710523,ragga jungle,http://www.wikidata.org/entity/Q1102161,jungle,1989-01-01T00:00:00Z
http://www.wikidata.org/entity/Q2713930,Italian overture,http://www.wikidata.org/entity/Q202287,overture,
http://www.wikidata.org/entity/Q2715283,Gypsy punk,http://www.wikidata.org/entity/Q3071,punk rock,1992-01-01T00:00:00Z
http://www.wikidata.org/entity/Q2715283,Gypsy punk,http://www.wikidata.org/entity/Q1268283,Romani music,1992-01-01T00:00:00Z
http://www.wikidata.org/entity/Q2715398,plena,http://www.wikidata.org/entity/Q427183,music of Puerto Rico,
http://www.wikidata.org/entity/Q2715398,plena,http://www.wikidata.org/entity/Q3328778,tropical music,
http://www.wikidata.org/entity/Q2720293,Mozambique,http://www.wikidata.org/entity/Q1544863,music of Cuba,
http://www.wikidata.org/entity/Q2726026,konpa,http://www.wikidata.org/entity/Q3710513,music of Haiti,
http://www.wikidata.org/entity/Q2736181,punk jazz,http://www.wikidata.org/entity/Q3071,punk rock,1970-01-01T00:00:00Z
http://www.wikidata.org/entity/Q2737175,mélodie,http://www.wikidata.org/entity/Q4797274,art song,1900-01-01T00:00:00Z
http://www.wikidata.org/entity/Q2738113,funeral doom metal,http://www.wikidata.org/entity/Q186170,doom metal,1991-01-01T00:00:00Z
http://www.wikidata.org/entity/Q2738178,zamacueca,http://www.wikidata.org/entity/Q98528197,Hispanic American folk music,
http://www.wikidata.org/entity/Q2738469,tumba,http://www.wikidata.org/entity/Q98528191,Caribbean folk music,
http://www.wikidata.org/entity/Q2738544,Mizrahi music,http://www.wikidata.org/entity/Q1503406,music of the Middle East,
http://www.wikidata.org/entity/Q2738544,Mizrahi music,http://www.wikidata.org/entity/Q7444764,Jewish secular music,
http://www.wikidata.org/entity/Q2738544,Mizrahi music,http://www.wikidata.org/entity/Q110249967,oriental Jewish music,
http://www.wikidata.org/entity/Q2738838,music of Nigeria,http://www.wikidata.org/entity/Q6942329,music of West Africa,
http://www.wikidata.org/entity/Q2742436,porn groove,http://www.wikidata.org/entity/Q164444,funk,1970-01-01T00:00:00Z
http://www.wikidata.org/entity/Q2742742,music of Andalusia,http://www.wikidata.org/entity/Q964987,music of Spain,
http://www.wikidata.org/entity/Q2743435,psychedelic soul,http://www.wikidata.org/entity/Q131272,soul,1967-01-01T00:00:00Z
http://www.wikidata.org/entity/Q2743435,psychedelic soul,http://www.wikidata.org/entity/Q846119,psychedelic music,1967-01-01T00:00:00Z
http://www.wikidata.org/entity/Q2743758,music of Germany,http://www.wikidata.org/entity/Q106507873,music of Western Europe,
http://www.wikidata.org/entity/Q2746494,East Coast blues,http://www.wikidata.org/entity/Q9759,blues,
http://www.wikidata.org/entity/Q2746731,parody music,http://www.wikidata.org/entity/Q5151495,comedy music,
http://www.wikidata.org/entity/Q2746831,quiet storm,http://www.wikidata.org/entity/Q37073,pop music,1976-01-01T00:00:00Z
http://www.wikidata.org/entity/Q2746831,quiet storm,http://www.wikidata.org/entity/Q105527,jazz fusion,1976-01-01T00:00:00Z
http://www.wikidata.org/entity/Q2746831,quiet storm,http://www.wikidata.org/entity/Q217191,soft rock,1976-01-01T00:00:00Z
http://www.wikidata.org/entity/Q2746831,quiet storm,http://www.wikidata.org/entity/Q831354,smooth jazz,1976-01-01T00:00:00Z
http://www.wikidata.org/entity/Q2746831,quiet storm,http://www.wikidata.org/entity/Q850412,contemporary R&B,1976-01-01T00:00:00Z
http://www.wikidata.org/entity/Q2746831,quiet storm,http://www.wikidata.org/entity/Q3963051,smooth soul,1976-01-01T00:00:00Z
http://www.wikidata.org/entity/Q2747852,Torah reading,http://www.wikidata.org/entity/Q772497,Hebrew cantillation,
http://www.wikidata.org/entity/Q2747852,Torah reading,http://www.wikidata.org/entity/Q23072435,chant,
http://www.wikidata.org/entity/Q2747852,Torah reading,http://www.wikidata.org/entity/Q117187744,Jewish liturgical music,
http://www.wikidata.org/entity/Q2748817,ghetto house,http://www.wikidata.org/entity/Q20502,house music,1992-01-01T00:00:00Z
http://www.wikidata.org/entity/Q2774511,Sanedo,http://www.wikidata.org/entity/Q108297251,Gujarati folk music,
http://www.wikidata.org/entity/Q2781896,Leçons de ténèbres,http://www.wikidata.org/entity/Q935586,liturgical music,
http://www.wikidata.org/entity/Q2781896,Leçons de ténèbres,http://www.wikidata.org/entity/Q3328590,French baroque music,
http://www.wikidata.org/entity/Q2782580,American metal,http://www.wikidata.org/entity/Q2267955,music of the United States,
http://www.wikidata.org/entity/Q2782580,American metal,http://www.wikidata.org/entity/Q12326776,metal music,
http://www.wikidata.org/entity/Q2785096,music of ancient Rome,http://www.wikidata.org/entity/Q18846,ancient music,
http://www.wikidata.org/entity/Q2785096,music of ancient Rome,http://www.wikidata.org/entity/Q3328676,music of Europe,
http://www.wikidata.org/entity/Q2798694,marabi,http://www.wikidata.org/entity/Q7565881,South African jazz,1920-01-01T00:00:00Z
http://www.wikidata.org/entity/Q24256758,polka norteña,http://www.wikidata.org/entity/Q16942070,Mexican folk music,
http://www.wikidata.org/entity/Q24840943,Chinese new year songs,http://www.wikidata.org/entity/Q277393,music of China,
http://www.wikidata.org/entity/Q24840943,Chinese new year songs,http://www.wikidata.org/entity/Q56572789,Christmas-themed song,
http://www.wikidata.org/entity/Q24876318,drumstep,http://www.wikidata.org/entity/Q20903,brostep,2007-01-01T00:00:00Z
http://www.wikidata.org/entity/Q24876318,drumstep,http://www.wikidata.org/entity/Q188994,drum and bass,2007-01-01T00:00:00Z
http://www.wikidata.org/entity/Q24885387,juke,http://www.wikidata.org/entity/Q2748817,ghetto house,1997-01-01T00:00:00Z
http://www.wikidata.org/entity/Q24887126,post-progressive,http://www.wikidata.org/entity/Q11399,rock music,1978-01-01T00:00:00Z
http://www.wikidata.org/entity/Q24905903,Simpsonwave,http://www.wikidata.org/entity/Q15733887,vaporwave,
http://www.wikidata.org/entity/Q24910123,Jewish rock,http://www.wikidata.org/entity/Q11399,rock music,
http://www.wikidata.org/entity/Q24910123,Jewish rock,http://www.wikidata.org/entity/Q1716019,Jewish music,
http://www.wikidata.org/entity/Q24935256,Candombe beat,http://www.wikidata.org/entity/Q11399,rock music,1968-01-01T00:00:00Z
http://www.wikidata.org/entity/Q24935256,Candombe beat,http://www.wikidata.org/entity/Q546264,beat music,1968-01-01T00:00:00Z
http://www.wikidata.org/entity/Q24935256,Candombe beat,http://www.wikidata.org/entity/Q727781,music of Latin America,1968-01-01T00:00:00Z
http://www.wikidata.org/entity/Q24935256,Candombe beat,http://www.wikidata.org/entity/Q1033073,candombe,1968-01-01T00:00:00Z
http://www.wikidata.org/entity/Q24938169,canzone sassarese,http://www.wikidata.org/entity/Q3679098,music of Italy,
http://www.wikidata.org/entity/Q24941533,spandau synthpop,http://www.wikidata.org/entity/Q1298934,synth-pop,
http://www.wikidata.org/entity/Q24943969,Jewish hip hop,http://www.wikidata.org/entity/Q11401,hip-hop,
http://www.wikidata.org/entity/Q24943969,Jewish hip hop,http://www.wikidata.org/entity/Q1716019,Jewish music,
http://www.wikidata.org/entity/Q25001356,Canadian Latin music,http://www.wikidata.org/entity/Q6942037,music of Canada,
http://www.wikidata.org/entity/Q25001356,Canadian Latin music,http://www.wikidata.org/entity/Q18345375,Latin music,
http://www.wikidata.org/entity/Q25040706,RnBass,http://www.wikidata.org/entity/Q850412,contemporary R&B,2014-01-01T00:00:00Z
http://www.wikidata.org/entity/Q25040713,New York soul,http://www.wikidata.org/entity/Q131272,soul,
http://www.wikidata.org/entity/Q25040715,Mauritian hip hop,http://www.wikidata.org/entity/Q387236,African hip-hop,
http://www.wikidata.org/entity/Q25040715,Mauritian hip hop,http://www.wikidata.org/entity/Q6593123,music of Mauritius,
http://www.wikidata.org/entity/Q25047660,Serbian folk music,http://www.wikidata.org/entity/Q2363645,music of Serbia,
http://www.wikidata.org/entity/Q25047660,Serbian folk music,http://www.wikidata.org/entity/Q6966089,Balkan folk music,
http://www.wikidata.org/entity/Q25047660,Serbian folk music,http://www.wikidata.org/entity/Q16679594,Slavic folk music,
http://www.wikidata.org/entity/Q25093633,tsapiky,http://www.wikidata.org/entity/Q1091536,music of Madagascar,
http://www.wikidata.org/entity/Q25094591,experimental pop,http://www.wikidata.org/entity/Q37073,pop music,
http://www.wikidata.org/entity/Q25094591,experimental pop,http://www.wikidata.org/entity/Q1640319,experimental music,
http://www.wikidata.org/entity/Q25094849,art pop,http://www.wikidata.org/entity/Q37073,pop music,1955-01-01T00:00:00Z
http://www.wikidata.org/entity/Q25099472,indigenous Nigerian music,http://www.wikidata.org/entity/Q2738838,music of Nigeria,
http://www.wikidata.org/entity/Q25099472,indigenous Nigerian music,http://www.wikidata.org/entity/Q6024704,indigenous music,
http://www.wikidata.org/entity/Q25099691,neon pop-punk,http://www.wikidata.org/entity/Q325504,electronic rock,2005-01-01T00:00:00Z
http://www.wikidata.org/entity/Q25099691,neon pop-punk,http://www.wikidata.org/entity/Q484641,pop rock,2005-01-01T00:00:00Z
http://www.wikidata.org/entity/Q25099691,neon pop-punk,http://www.wikidata.org/entity/Q487914,pop-punk,2005-01-01T00:00:00Z
http://www.wikidata.org/entity/Q25099840,Afrobeats,http://www.wikidata.org/entity/Q37073,pop music,2008-01-01T00:00:00Z
http://www.wikidata.org/entity/Q25099840,Afrobeats,http://www.wikidata.org/entity/Q6942329,music of West Africa,2008-01-01T00:00:00Z
http://www.wikidata.org/entity/Q25101770,Mexican jazz,http://www.wikidata.org/entity/Q8341,jazz,
http://www.wikidata.org/entity/Q25101770,Mexican jazz,http://www.wikidata.org/entity/Q3397325,music of Mexico,
http://www.wikidata.org/entity/Q25110142,Italian beat,http://www.wikidata.org/entity/Q546264,beat music,
http://www.wikidata.org/entity/Q25110142,Italian beat,http://www.wikidata.org/entity/Q3679098,music of Italy,
http://www.wikidata.org/entity/Q25110284,Croatian hip hop,http://www.wikidata.org/entity/Q1236268,music of Croatia,
http://www.wikidata.org/entity/Q25110284,Croatian hip hop,http://www.wikidata.org/entity/Q5413526,European hip-hop,
http://www.wikidata.org/entity/Q25113117,traditional bachata,http://www.wikidata.org/entity/Q40461,bachata,
http://www.wikidata.org/entity/Q25230739,mahraganat,http://www.wikidata.org/entity/Q16323732,shaabi,
http://www.wikidata.org/entity/Q25312759,Count singing,http://www.wikidata.org/entity/Q685884,vocal music,
http://www.wikidata.org/entity/Q25313225,Bosstown Sound,http://www.wikidata.org/entity/Q206159,psychedelic rock,
http://www.wikidata.org/entity/Q25339674,harana,http://www.wikidata.org/entity/Q3328743,music of the Philippines,
http://www.wikidata.org/entity/Q25339674,harana,http://www.wikidata.org/entity/Q106586999,Southeast Asian folk music,
http://www.wikidata.org/entity/Q25339858,Afro,http://www.wikidata.org/entity/Q20715191,Afro-Cuban music,
http://www.wikidata.org/entity/Q25345818,hypnagogic pop,http://www.wikidata.org/entity/Q703778,neo-psychedelia,1999-01-01T00:00:00Z
http://www.wikidata.org/entity/Q25386691,true-speech chant,http://www.wikidata.org/entity/Q23072435,chant,
http://www.wikidata.org/entity/Q25387735,Karachay-Balkar music,http://www.wikidata.org/entity/Q2498201,music of Russia,
http://www.wikidata.org/entity/Q25387735,Karachay-Balkar music,http://www.wikidata.org/entity/Q106506985,music of the Caucasus,
http://www.wikidata.org/entity/Q25389065,minimal psytrance,http://www.wikidata.org/entity/Q622871,psychedelic trance,
http://www.wikidata.org/entity/Q25389262,progressive breaks,http://www.wikidata.org/entity/Q663519,breakbeat,1992-01-01T00:00:00Z
http://www.wikidata.org/entity/Q25389262,progressive breaks,http://www.wikidata.org/entity/Q12200830,progressive electronic dance music,1992-01-01T00:00:00Z
http://www.wikidata.org/entity/Q25396338,Prose,http://www.wikidata.org/entity/Q23072435,chant,
http://www.wikidata.org/entity/Q25400286,Nyabinghi chanting,http://www.wikidata.org/entity/Q23072435,chant,
http://www.wikidata.org/entity/Q25407483,stadium house,http://www.wikidata.org/entity/Q20502,house music,
http://www.wikidata.org/entity/Q25407651,tourist song,http://www.wikidata.org/entity/Q97375316,poetry song,
http://www.wikidata.org/entity/Q25408203,meme techno,http://www.wikidata.org/entity/Q851213,electronic dance music,
http://www.wikidata.org/entity/Q25413973,Fandango (Colombia),http://www.wikidata.org/entity/Q1130969,fandango,
http://www.wikidata.org/entity/Q25415942,minuet,http://www.wikidata.org/entity/Q118738876,classical dance music,
http://www.wikidata.org/entity/Q25419286,Gaúcho rock,http://www.wikidata.org/entity/Q11399,rock music,
http://www.wikidata.org/entity/Q25419984,atmospheric death metal,http://www.wikidata.org/entity/Q483251,death metal,
http://www.wikidata.org/entity/Q25436215,Crimean Tatar music,http://www.wikidata.org/entity/Q106626655,Tatar music,
http://www.wikidata.org/entity/Q25448187,Czech national classical music,http://www.wikidata.org/entity/Q9730,classical music,
http://www.wikidata.org/entity/Q25448187,Czech national classical music,http://www.wikidata.org/entity/Q2981079,music of the Czech Republic,
http://www.wikidata.org/entity/Q25448187,Czech national classical music,http://www.wikidata.org/entity/Q11787378,national classical music,
http://www.wikidata.org/entity/Q25448883,pagode baiano,http://www.wikidata.org/entity/Q1435485,axé,1995-01-01T00:00:00Z
http://www.wikidata.org/entity/Q25448883,pagode baiano,http://www.wikidata.org/entity/Q3360459,pagode,1995-01-01T00:00:00Z
http://www.wikidata.org/entity/Q25456501,pop melayu,http://www.wikidata.org/entity/Q484641,pop rock,
http://www.wikidata.org/entity/Q25456501,pop melayu,http://www.wikidata.org/entity/Q6742070,Malaysian popular music,
http://www.wikidata.org/entity/Q25458248,bantengan,http://www.wikidata.org/entity/Q6942130,music of Java,
http://www.wikidata.org/entity/Q25483671,Bulgarian jazz,http://www.wikidata.org/entity/Q8341,jazz,
http://www.wikidata.org/entity/Q25483671,Bulgarian jazz,http://www.wikidata.org/entity/Q1003981,music of Bulgaria,
http://www.wikidata.org/entity/Q25513043,Kazakh folk music,http://www.wikidata.org/entity/Q1131855,music of Kazakhstan,
http://www.wikidata.org/entity/Q25513043,Kazakh folk music,http://www.wikidata.org/entity/Q98528287,Turkic-Mongolic music,
http://www.wikidata.org/entity/Q25513043,Kazakh folk music,http://www.wikidata.org/entity/Q106635234,Asian folk music,
http://www.wikidata.org/entity/Q25519933,sus xotin,http://www.wikidata.org/entity/Q6942044,music of Central Asia,
http://www.wikidata.org/entity/Q25531130,Ashula,http://www.wikidata.org/entity/Q107192506,Uzbek classical music,
http://www.wikidata.org/entity/Q25537138,Kham Muang folk song,http://www.wikidata.org/entity/Q106928658,Thai folk music,
http://www.wikidata.org/entity/Q25539725,ethno metal,http://www.wikidata.org/entity/Q12326776,metal music,
http://www.wikidata.org/entity/Q25540245,Pashto music,http://www.wikidata.org/entity/Q383103,music of Afghanistan,
http://www.wikidata.org/entity/Q25540245,Pashto music,http://www.wikidata.org/entity/Q3328740,music of Pakistan,
http://www.wikidata.org/entity/Q25551410,Mangala music,http://www.wikidata.org/entity/Q17070502,music of Tamil Nadu,
http://www.wikidata.org/entity/Q25554481,punk music,http://www.wikidata.org/entity/Q11399,rock music,
http://www.wikidata.org/entity/Q25573027,arman küülör,http://www.wikidata.org/entity/Q13170510,Kyrgyz folk music,
http://www.wikidata.org/entity/Q25578673,modern Javanese tembang,http://www.wikidata.org/entity/Q12520649,tembang,
http://www.wikidata.org/entity/Q25579315,rock astur,http://www.wikidata.org/entity/Q3437832,Spanish rock,
http://www.wikidata.org/entity/Q25611806,iroq,http://www.wikidata.org/entity/Q3091180,shashmaqam,
http://www.wikidata.org/entity/Q25619728,Spanish raw punk,http://www.wikidata.org/entity/Q7260409,Spanish punk rock,
http://www.wikidata.org/entity/Q111738966,Dagestani folk music,http://www.wikidata.org/entity/Q107013350,Caucasian folk music,
http://www.wikidata.org/entity/Q111804002,deep drum and bass,http://www.wikidata.org/entity/Q188994,drum and bass,
http://www.wikidata.org/entity/Q111804019,banda de pífano,http://www.wikidata.org/entity/Q106926325,Brazilian folk music,
http://www.wikidata.org/entity/Q111804019,banda de pífano,http://www.wikidata.org/entity/Q117632917,northeastern Brazilian music,
http://www.wikidata.org/entity/Q111938157,Jhumur song,http://www.wikidata.org/entity/Q3349675,music of Bengal,
http://www.wikidata.org/entity/Q111938157,Jhumur song,http://www.wikidata.org/entity/Q6022257,Indian folk music,
http://www.wikidata.org/entity/Q111939074,Malawian hip hop,http://www.wikidata.org/entity/Q387236,African hip-hop,
http://www.wikidata.org/entity/Q111939074,Malawian hip hop,http://www.wikidata.org/entity/Q6942167,music of Malawi,
http://www.wikidata.org/entity/Q111971710,black noise,http://www.wikidata.org/entity/Q132438,black metal,1990-01-01T00:00:00Z
http://www.wikidata.org/entity/Q111971710,black noise,http://www.wikidata.org/entity/Q726239,noise music,1990-01-01T00:00:00Z
http://www.wikidata.org/entity/Q111971785,heaven trap,http://www.wikidata.org/entity/Q47781397,EDM trap music,2014-01-01T00:00:00Z
http://www.wikidata.org/entity/Q111971801,LA hard house,http://www.wikidata.org/entity/Q107090501,Chicago hard house,1996-01-01T00:00:00Z
http://www.wikidata.org/entity/Q111973339,American roots music,http://www.wikidata.org/entity/Q1541229,American folk music,
http://www.wikidata.org/entity/Q112066384,oriental ballad,http://www.wikidata.org/entity/Q55648025,Korean ballad,
http://www.wikidata.org/entity/Q112112926,Marian antiphon,http://www.wikidata.org/entity/Q582093,antiphon,
http://www.wikidata.org/entity/Q112118783,comfy synth,http://www.wikidata.org/entity/Q48971892,dungeon synth,2018-01-01T00:00:00Z
http://www.wikidata.org/entity/Q112118786,winter synth,http://www.wikidata.org/entity/Q48971892,dungeon synth,1998-01-01T00:00:00Z
http://www.wikidata.org/entity/Q112143195,quarter tone music,http://www.wikidata.org/entity/Q1045756,microtonal music,
http://www.wikidata.org/entity/Q112144219,meiji shinkyoku,http://www.wikidata.org/entity/Q106586236,Japanese classical music,
http://www.wikidata.org/entity/Q112144236,Tolai rock,http://www.wikidata.org/entity/Q11399,rock music,1983-01-01T00:00:00Z
http://www.wikidata.org/entity/Q112144236,Tolai rock,http://www.wikidata.org/entity/Q112144238,Tolai music,1983-01-01T00:00:00Z
http://www.wikidata.org/entity/Q112144238,Tolai music,http://www.wikidata.org/entity/Q6942239,music of Papua New Guinea,
http://www.wikidata.org/entity/Q112144256,dissonant death metal,http://www.wikidata.org/entity/Q1076092,technical death metal,1998-01-01T00:00:00Z
http://www.wikidata.org/entity/Q112159506,kankyō ongaku,http://www.wikidata.org/entity/Q110592449,environmental music,
http://www.wikidata.org/entity/Q112176170,beats,http://www.wikidata.org/entity/Q373342,popular music,
http://www.wikidata.org/entity/Q112593424,Native American new age music,http://www.wikidata.org/entity/Q213121,new age music,
http://www.wikidata.org/entity/Q112593459,data sonification music,http://www.wikidata.org/entity/Q1640319,experimental music,
http://www.wikidata.org/entity/Q112593544,kitchen dance music,http://www.wikidata.org/entity/Q98528191,Caribbean folk music,
http://www.wikidata.org/entity/Q112593544,kitchen dance music,http://www.wikidata.org/entity/Q118738993,folk dance music,
http://www.wikidata.org/entity/Q112593597,stenchcore,http://www.wikidata.org/entity/Q825769,crust punk,
http://www.wikidata.org/entity/Q112593597,stenchcore,http://www.wikidata.org/entity/Q12326776,metal music,
http://www.wikidata.org/entity/Q112610153,koa-á,http://www.wikidata.org/entity/Q10366208,gezi,
http://www.wikidata.org/entity/Q112628064,big music,http://www.wikidata.org/entity/Q484641,pop rock,1980-01-01T00:00:00Z
http://www.wikidata.org/entity/Q112628066,Athabaskan fiddling,http://www.wikidata.org/entity/Q2662072,indigenous music of North America,
http://www.wikidata.org/entity/Q112628066,Athabaskan fiddling,http://www.wikidata.org/entity/Q106926276,indigenous American folk music,
http://www.wikidata.org/entity/Q112628069,neocrust,http://www.wikidata.org/entity/Q825769,crust punk,
http://www.wikidata.org/entity/Q112632092,German music,http://www.wikidata.org/entity/Q2743758,music of Germany,
http://www.wikidata.org/entity/Q112652885,Polish urban folk music,http://www.wikidata.org/entity/Q3328681,popular folk music,
http://www.wikidata.org/entity/Q112652885,Polish urban folk music,http://www.wikidata.org/entity/Q11822344,Polish folk music,
http://www.wikidata.org/entity/Q112663444,Belgian hardcore techno,http://www.wikidata.org/entity/Q170611,techno,1990-01-01T00:00:00Z
http://www.wikidata.org/entity/Q112663444,Belgian hardcore techno,http://www.wikidata.org/entity/Q388906,hardcore,1990-01-01T00:00:00Z
http://www.wikidata.org/entity/Q112663444,Belgian hardcore techno,http://www.wikidata.org/entity/Q898709,rave music,1990-01-01T00:00:00Z
http://www.wikidata.org/entity/Q112748494,Inuit drum dancing and singing,http://www.wikidata.org/entity/Q7198347,Inuit music,
http://www.wikidata.org/entity/Q112829330,deep tech,http://www.wikidata.org/entity/Q598593,tech house,2009-01-01T00:00:00Z
http://www.wikidata.org/entity/Q112939048,honky-tonk piano,http://www.wikidata.org/entity/Q185652,ragtime,1950-01-01T00:00:00Z
http://www.wikidata.org/entity/Q112939067,nervous music,http://www.wikidata.org/entity/Q11401,hip-hop,
http://www.wikidata.org/entity/Q112939200,hot rod music,http://www.wikidata.org/entity/Q220830,surf music,
http://www.wikidata.org/entity/Q112939205,hot rod revival,http://www.wikidata.org/entity/Q112939200,hot rod music,
http://www.wikidata.org/entity/Q112958001,Welsh hip hop,http://www.wikidata.org/entity/Q469343,UK rap,
http://www.wikidata.org/entity/Q112972994,mutant disco,http://www.wikidata.org/entity/Q58339,disco,1978-01-01T00:00:00Z
http://www.wikidata.org/entity/Q112977304,baby voice,http://www.wikidata.org/entity/Q11401,hip-hop,
http://www.wikidata.org/entity/Q112995829,Belarusian hip hop,http://www.wikidata.org/entity/Q2347119,music of Belarus,
http://www.wikidata.org/entity/Q112995829,Belarusian hip hop,http://www.wikidata.org/entity/Q5413526,European hip-hop,
http://www.wikidata.org/entity/Q112997482,drift phonk,http://www.wikidata.org/entity/Q9778,electronic music,2016-01-01T00:00:00Z
http://www.wikidata.org/entity/Q112997482,drift phonk,http://www.wikidata.org/entity/Q90568328,phonk,2016-01-01T00:00:00Z
http://www.wikidata.org/entity/Q113016323,Tsuur music,http://www.wikidata.org/entity/Q19880374,Mongolian folk music,
http://www.wikidata.org/entity/Q113025278,Georgian polyphonic singing,http://www.wikidata.org/entity/Q179465,polyphony,
http://www.wikidata.org/entity/Q113025278,Georgian polyphonic singing,http://www.wikidata.org/entity/Q2032053,music of Georgia,
http://www.wikidata.org/entity/Q113082312,demenzial rock,http://www.wikidata.org/entity/Q11399,rock music,
http://www.wikidata.org/entity/Q113082312,demenzial rock,http://www.wikidata.org/entity/Q3679098,music of Italy,
http://www.wikidata.org/entity/Q113084468,nazi rock,http://www.wikidata.org/entity/Q11399,rock music,1970-01-01T00:00:00Z
http://www.wikidata.org/entity/Q113084468,nazi rock,http://www.wikidata.org/entity/Q121411631,neo-nazi music,1970-01-01T00:00:00Z
http://www.wikidata.org/entity/Q113085490,liwaga,http://www.wikidata.org/entity/Q6942028,music of Burkina Faso,
http://www.wikidata.org/entity/Q113086327,shimokita-kei,http://www.wikidata.org/entity/Q1055871,Japanese rock,
http://www.wikidata.org/entity/Q113086374,yotsuchi dance rock,http://www.wikidata.org/entity/Q1055871,Japanese rock,
http://www.wikidata.org/entity/Q113086403,yankee rocknroll,http://www.wikidata.org/entity/Q1055871,Japanese rock,
http://www.wikidata.org/entity/Q113086425,wahoo rock,http://www.wikidata.org/entity/Q1055871,Japanese rock,
http://www.wikidata.org/entity/Q113086459,kayo rock,http://www.wikidata.org/entity/Q1055871,Japanese rock,
http://www.wikidata.org/entity/Q113086480,enka metal,http://www.wikidata.org/entity/Q873478,enka,
http://www.wikidata.org/entity/Q113086480,enka metal,http://www.wikidata.org/entity/Q10312897,Japanese metal,
http://www.wikidata.org/entity/Q113086512,neo city pop,http://www.wikidata.org/entity/Q11307326,city pop,
http://www.wikidata.org/entity/Q113129799,Lovara song,http://www.wikidata.org/entity/Q1268283,Romani music,
http://www.wikidata.org/entity/Q113133172,merequetengue,http://www.wikidata.org/entity/Q3397325,music of Mexico,
http://www.wikidata.org/entity/Q113153535,Polish Goral music,http://www.wikidata.org/entity/Q11822344,Polish folk music,
http://www.wikidata.org/entity/Q113153535,Polish Goral music,http://www.wikidata.org/entity/Q108297249,Goral folk music,
http://www.wikidata.org/entity/Q113186482,Sambalpuri music,http://www.wikidata.org/entity/Q6022257,Indian folk music,
http://www.wikidata.org/entity/Q113205225,arrocha sertanejo,http://www.wikidata.org/entity/Q10370558,sertanejo universitário,
http://www.wikidata.org/entity/Q113324774,vegatone,http://www.wikidata.org/entity/Q4943457,boomba music,
http://www.wikidata.org/entity/Q113324793,kapuka rap,http://www.wikidata.org/entity/Q4943457,boomba music,
http://www.wikidata.org/entity/Q113332645,mumble rock,http://www.wikidata.org/entity/Q487914,pop-punk,2019-01-01T00:00:00Z
http://www.wikidata.org/entity/Q113436747,yoikrock,http://www.wikidata.org/entity/Q11399,rock music,
http://www.wikidata.org/entity/Q113436747,yoikrock,http://www.wikidata.org/entity/Q744327,joik,
http://www.wikidata.org/entity/Q113447222,ambient americana,http://www.wikidata.org/entity/Q193207,ambient music,
http://www.wikidata.org/entity/Q113447222,ambient americana,http://www.wikidata.org/entity/Q107718737,music of North America,
http://www.wikidata.org/entity/Q113493820,French electro,http://www.wikidata.org/entity/Q627906,electro house,2000-01-01T00:00:00Z
http://www.wikidata.org/entity/Q113493826,crime jazz,http://www.wikidata.org/entity/Q8341,jazz,
http://www.wikidata.org/entity/Q113493832,Kru music,http://www.wikidata.org/entity/Q6942329,music of West Africa,
http://www.wikidata.org/entity/Q113496771,jazz yoik,http://www.wikidata.org/entity/Q8341,jazz,
http://www.wikidata.org/entity/Q113496771,jazz yoik,http://www.wikidata.org/entity/Q744327,joik,
http://www.wikidata.org/entity/Q113496934,modern yoik,http://www.wikidata.org/entity/Q744327,joik,
http://www.wikidata.org/entity/Q113509746,French contemporary R&B,http://www.wikidata.org/entity/Q672134,music of France,1990-01-01T00:00:00Z
http://www.wikidata.org/entity/Q113509746,French contemporary R&B,http://www.wikidata.org/entity/Q850412,contemporary R&B,1990-01-01T00:00:00Z
http://www.wikidata.org/entity/Q113510667,artcore,http://www.wikidata.org/entity/Q388906,hardcore,1993-01-01T00:00:00Z
http://www.wikidata.org/entity/Q113563595,indigenous music in Suriname,http://www.wikidata.org/entity/Q106926276,indigenous American folk music,
http://www.wikidata.org/entity/Q113563741,Aromanian folk music,http://www.wikidata.org/entity/Q6966089,Balkan folk music,
http://www.wikidata.org/entity/Q7122786,Pacific reggae,http://www.wikidata.org/entity/Q107033785,music of the Pacific Islands,1975-01-01T00:00:00Z
http://www.wikidata.org/entity/Q7124405,pagode de viola,http://www.wikidata.org/entity/Q899215,music of Brazil,
http://www.wikidata.org/entity/Q7124405,pagode de viola,http://www.wikidata.org/entity/Q106926325,Brazilian folk music,
http://www.wikidata.org/entity/Q7125889,Pakistani folk music,http://www.wikidata.org/entity/Q3328740,music of Pakistan,
http://www.wikidata.org/entity/Q7125889,Pakistani folk music,http://www.wikidata.org/entity/Q98528198,South Asian folk music,
http://www.wikidata.org/entity/Q7125896,Pakistani hip hop,http://www.wikidata.org/entity/Q3328740,music of Pakistan,
http://www.wikidata.org/entity/Q7125896,Pakistani hip hop,http://www.wikidata.org/entity/Q4806789,Asian hip-hop,
http://www.wikidata.org/entity/Q7125908,Pakistani popular music,http://www.wikidata.org/entity/Q373342,popular music,
http://www.wikidata.org/entity/Q7125908,Pakistani popular music,http://www.wikidata.org/entity/Q3328740,music of Pakistan,
http://www.wikidata.org/entity/Q7125918,Pakistani rock,http://www.wikidata.org/entity/Q11399,rock music,
http://www.wikidata.org/entity/Q7125918,Pakistani rock,http://www.wikidata.org/entity/Q3328740,music of Pakistan,
http://www.wikidata.org/entity/Q7127417,Palestinian hip-hop,http://www.wikidata.org/entity/Q3135793,Middle Eastern hip hop,
http://www.wikidata.org/entity/Q7127417,Palestinian hip-hop,http://www.wikidata.org/entity/Q3328739,music of Palestine,
http://www.wikidata.org/entity/Q7129072,Pambiche,http://www.wikidata.org/entity/Q282131,merengue,
http://www.wikidata.org/entity/Q7129072,Pambiche,http://www.wikidata.org/entity/Q373342,popular music,
http://www.wikidata.org/entity/Q7134728,Paraguayan polka,http://www.wikidata.org/entity/Q4381192,music of Paraguay,
http://www.wikidata.org/entity/Q7139128,parlour music,http://www.wikidata.org/entity/Q373342,popular music,
http://www.wikidata.org/entity/Q7139757,Parranda,http://www.wikidata.org/entity/Q107033384,holiday music,
http://www.wikidata.org/entity/Q7142141,pasillo,http://www.wikidata.org/entity/Q727781,music of Latin America,1850-01-01T00:00:00Z
http://www.wikidata.org/entity/Q7170257,Iranian pop,http://www.wikidata.org/entity/Q624081,Arabic pop,
http://www.wikidata.org/entity/Q7170257,Iranian pop,http://www.wikidata.org/entity/Q1672398,music of Iran,
http://www.wikidata.org/entity/Q7170259,Persian ritual music,http://www.wikidata.org/entity/Q1065742,religious music,
http://www.wikidata.org/entity/Q7170259,Persian ritual music,http://www.wikidata.org/entity/Q1672398,music of Iran,
http://www.wikidata.org/entity/Q7170259,Persian ritual music,http://www.wikidata.org/entity/Q11787379,ritual music,
http://www.wikidata.org/entity/Q7170263,Iranian symphonic music,http://www.wikidata.org/entity/Q1672398,music of Iran,
http://www.wikidata.org/entity/Q7170263,Iranian symphonic music,http://www.wikidata.org/entity/Q3328774,symphonic music,
http://www.wikidata.org/entity/Q7171184,Peruvian cumbia,http://www.wikidata.org/entity/Q723418,cumbia,1968-01-01T00:00:00Z
http://www.wikidata.org/entity/Q7179597,Peyote song,http://www.wikidata.org/entity/Q108823220,ritual song,
http://www.wikidata.org/entity/Q7180954,phase music,http://www.wikidata.org/entity/Q1640319,experimental music,1965-01-01T00:00:00Z
http://www.wikidata.org/entity/Q7182869,Philadelphia hardcore,http://www.wikidata.org/entity/Q10922,hardcore punk,
http://www.wikidata.org/entity/Q7185310,Philippine folk music,http://www.wikidata.org/entity/Q3328743,music of the Philippines,
http://www.wikidata.org/entity/Q7185310,Philippine folk music,http://www.wikidata.org/entity/Q106586999,Southeast Asian folk music,
http://www.wikidata.org/entity/Q7187227,phonetical singing,http://www.wikidata.org/entity/Q685884,vocal music,
http://www.wikidata.org/entity/Q7196456,Pinoy hip hop,http://www.wikidata.org/entity/Q3328743,music of the Philippines,
http://www.wikidata.org/entity/Q7196456,Pinoy hip hop,http://www.wikidata.org/entity/Q4806789,Asian hip-hop,
http://www.wikidata.org/entity/Q7196459,Pinoy reggae,http://www.wikidata.org/entity/Q9794,reggae,
http://www.wikidata.org/entity/Q7196459,Pinoy reggae,http://www.wikidata.org/entity/Q3328743,music of the Philippines,
http://www.wikidata.org/entity/Q7198347,Inuit music,http://www.wikidata.org/entity/Q2662072,indigenous music of North America,
http://www.wikidata.org/entity/Q7205507,plunderphonics,http://www.wikidata.org/entity/Q1744304,sound collage,
http://www.wikidata.org/entity/Q7210038,Polish jazz,http://www.wikidata.org/entity/Q8341,jazz,
http://www.wikidata.org/entity/Q7210038,Polish jazz,http://www.wikidata.org/entity/Q473602,music of Poland,
http://www.wikidata.org/entity/Q7210069,Polish reggae,http://www.wikidata.org/entity/Q9794,reggae,
http://www.wikidata.org/entity/Q7210069,Polish reggae,http://www.wikidata.org/entity/Q473602,music of Poland,
http://www.wikidata.org/entity/Q7210075,Polish rock music,http://www.wikidata.org/entity/Q11399,rock music,
http://www.wikidata.org/entity/Q7210075,Polish rock music,http://www.wikidata.org/entity/Q473602,music of Poland,
http://www.wikidata.org/entity/Q7226751,Polyphonic Era,http://www.wikidata.org/entity/Q436016,early music,
http://www.wikidata.org/entity/Q7229757,Vietnamese popular music,http://www.wikidata.org/entity/Q373342,popular music,
http://www.wikidata.org/entity/Q7229757,Vietnamese popular music,http://www.wikidata.org/entity/Q1156957,music of Vietnam,
http://www.wikidata.org/entity/Q7233274,positive hardcore,http://www.wikidata.org/entity/Q10922,hardcore punk,
http://www.wikidata.org/entity/Q7245792,prison rock,http://www.wikidata.org/entity/Q11399,rock music,1980-01-01T00:00:00Z
http://www.wikidata.org/entity/Q7247338,processional hymn,http://www.wikidata.org/entity/Q856713,Christian hymn,
http://www.wikidata.org/entity/Q7247338,processional hymn,http://www.wikidata.org/entity/Q8812109,church music,
http://www.wikidata.org/entity/Q7251113,Prostopinije,http://www.wikidata.org/entity/Q64137792,religious vocal music,
http://www.wikidata.org/entity/Q7258480,Pueblo music,http://www.wikidata.org/entity/Q2662072,indigenous music of North America,
http://www.wikidata.org/entity/Q7260405,Australian punk rock,http://www.wikidata.org/entity/Q3071,punk rock,
http://www.wikidata.org/entity/Q7260405,Australian punk rock,http://www.wikidata.org/entity/Q3114644,music of Australia,
http://www.wikidata.org/entity/Q7260406,Swedish punk,http://www.wikidata.org/entity/Q3071,punk rock,
http://www.wikidata.org/entity/Q7260406,Swedish punk,http://www.wikidata.org/entity/Q846784,music of Sweden,
http://www.wikidata.org/entity/Q7260407,Brazilian punk rock,http://www.wikidata.org/entity/Q3071,punk rock,
http://www.wikidata.org/entity/Q7260407,Brazilian punk rock,http://www.wikidata.org/entity/Q899215,music of Brazil,
http://www.wikidata.org/entity/Q7260408,Yugoslavian punk rock,http://www.wikidata.org/entity/Q3071,punk rock,
http://www.wikidata.org/entity/Q7260408,Yugoslavian punk rock,http://www.wikidata.org/entity/Q1522794,music of Yugoslavia,
http://www.wikidata.org/entity/Q7260409,Spanish punk rock,http://www.wikidata.org/entity/Q3071,punk rock,
http://www.wikidata.org/entity/Q7260409,Spanish punk rock,http://www.wikidata.org/entity/Q964987,music of Spain,
http://www.wikidata.org/entity/Q7263021,Pygmy music,http://www.wikidata.org/entity/Q98528185,African folk music,
http://www.wikidata.org/entity/Q7263021,Pygmy music,http://www.wikidata.org/entity/Q106588687,music of Central Africa,
http://www.wikidata.org/entity/Q7273050,quyi,http://www.wikidata.org/entity/Q277393,music of China,
http://www.wikidata.org/entity/Q7282874,ragga pop,http://www.wikidata.org/entity/Q9794,reggae,
http://www.wikidata.org/entity/Q7283707,raicore,http://www.wikidata.org/entity/Q839029,raï,
http://www.wikidata.org/entity/Q7283707,raicore,http://www.wikidata.org/entity/Q2344472,taqwacore,
http://www.wikidata.org/entity/Q7290060,Rampur-Sahaswan gharana,http://www.wikidata.org/entity/Q1770695,Hindustani classical music,
http://www.wikidata.org/entity/Q7293809,DMV hip-hop,http://www.wikidata.org/entity/Q876171,East Coast hip-hop,
http://www.wikidata.org/entity/Q7293812,rap opera,http://www.wikidata.org/entity/Q11401,hip-hop,
http://www.wikidata.org/entity/Q7295057,rasin,http://www.wikidata.org/entity/Q3710513,music of Haiti,
http://www.wikidata.org/entity/Q7295067,rasiya,http://www.wikidata.org/entity/Q6022257,Indian folk music,
http://www.wikidata.org/entity/Q7302395,recessional hymn,http://www.wikidata.org/entity/Q856713,Christian hymn,
http://www.wikidata.org/entity/Q7302395,recessional hymn,http://www.wikidata.org/entity/Q8812109,church music,
http://www.wikidata.org/entity/Q7306376,reductionism,http://www.wikidata.org/entity/Q1640319,experimental music,
http://www.wikidata.org/entity/Q7308175,reggae rock,http://www.wikidata.org/entity/Q11399,rock music,
http://www.wikidata.org/entity/Q7308175,reggae rock,http://www.wikidata.org/entity/Q1606591,reggae fusion,
http://www.wikidata.org/entity/Q7309098,regional Mexican,http://www.wikidata.org/entity/Q3397325,music of Mexico,
http://www.wikidata.org/entity/Q7310628,rekilaulu,http://www.wikidata.org/entity/Q11894761,Finnish folk music,
http://www.wikidata.org/entity/Q7310665,rekuhkara,http://www.wikidata.org/entity/Q1067089,throat singing,
http://www.wikidata.org/entity/Q7310665,rekuhkara,http://www.wikidata.org/entity/Q3735537,Ainu folk music,
http://www.wikidata.org/entity/Q7311227,Bangsawan,http://www.wikidata.org/entity/Q7777494,theatre music,
http://www.wikidata.org/entity/Q7311378,Iranian religious music,http://www.wikidata.org/entity/Q1065742,religious music,
http://www.wikidata.org/entity/Q7311378,Iranian religious music,http://www.wikidata.org/entity/Q1672398,music of Iran,
http://www.wikidata.org/entity/Q7335754,ripsaw music,http://www.wikidata.org/entity/Q98528191,Caribbean folk music,
http://www.wikidata.org/entity/Q7354827,rock musical,http://www.wikidata.org/entity/Q11399,rock music,
http://www.wikidata.org/entity/Q7354827,rock musical,http://www.wikidata.org/entity/Q1370345,musical theater,
http://www.wikidata.org/entity/Q7354915,rock violin,http://www.wikidata.org/entity/Q11399,rock music,
http://www.wikidata.org/entity/Q135239105,jerk rap,http://www.wikidata.org/entity/Q2043175,hyphy,2009-01-01T00:00:00Z
http://www.wikidata.org/entity/Q135268470,zouk love,http://www.wikidata.org/entity/Q227045,zouk,
http://www.wikidata.org/entity/Q135276361,Flint sound,http://www.wikidata.org/entity/Q106839650,Detroit sound,
http://www.wikidata.org/entity/Q135285638,chiriwanos,http://www.wikidata.org/entity/Q109500872,Peruvian folk music,
http://www.wikidata.org/entity/Q135295820,muzik di zumbi,http://www.wikidata.org/entity/Q28129954,music of Curaçao,
http://www.wikidata.org/entity/Q135369460,bacardi,http://www.wikidata.org/entity/Q956717,kwaito,
http://www.wikidata.org/entity/Q135396723,hypertone,http://www.wikidata.org/entity/Q848457,speedcore,
http://www.wikidata.org/entity/Q135396809,supertone,http://www.wikidata.org/entity/Q848457,speedcore,
http://www.wikidata.org/entity/Q135397140,e-punk,http://www.wikidata.org/entity/Q3071,punk rock,
http://www.wikidata.org/entity/Q135397140,e-punk,http://www.wikidata.org/entity/Q10926,emo,
http://www.wikidata.org/entity/Q135397404,grungegaze,http://www.wikidata.org/entity/Q272167,shoegaze,
http://www.wikidata.org/entity/Q135397404,grungegaze,http://www.wikidata.org/entity/Q138683417,soft grunge,
http://www.wikidata.org/entity/Q135397780,grindviolence,http://www.wikidata.org/entity/Q188534,grindcore,
http://www.wikidata.org/entity/Q135397780,grindviolence,http://www.wikidata.org/entity/Q1784106,powerviolence,
http://www.wikidata.org/entity/Q135401059,Jibonmukhi gaan,http://www.wikidata.org/entity/Q3349675,music of Bengal,
http://www.wikidata.org/entity/Q135412323,Cleveland punk,http://www.wikidata.org/entity/Q27190,proto-punk,
http://www.wikidata.org/entity/Q135412323,Cleveland punk,http://www.wikidata.org/entity/Q2467817,American punk rock,
http://www.wikidata.org/entity/Q135419703,livvt,http://www.wikidata.org/entity/Q7409412,Sami music,
http://www.wikidata.org/entity/Q135437123,blog rock,http://www.wikidata.org/entity/Q183504,indie rock,
http://www.wikidata.org/entity/Q135437136,dek bass,http://www.wikidata.org/entity/Q851213,electronic dance music,
http://www.wikidata.org/entity/Q135437136,dek bass,http://www.wikidata.org/entity/Q98528267,music of South Asia,
http://www.wikidata.org/entity/Q135437246,Landfill indie,http://www.wikidata.org/entity/Q183504,indie rock,
http://www.wikidata.org/entity/Q135437246,Landfill indie,http://www.wikidata.org/entity/Q2566660,British rock,
http://www.wikidata.org/entity/Q135437342,microfunk,http://www.wikidata.org/entity/Q106404300,minimal drum and bass,2008-01-01T00:00:00Z
http://www.wikidata.org/entity/Q135472492,Dangdut hip-hop,http://www.wikidata.org/entity/Q373342,popular music,
http://www.wikidata.org/entity/Q135493744,melodic bass,http://www.wikidata.org/entity/Q114880130,bass music (EDM),2014-01-01T00:00:00Z
http://www.wikidata.org/entity/Q135493761,Florida fast music,http://www.wikidata.org/entity/Q119517804,sped-up music,
http://www.wikidata.org/entity/Q135493769,psychploitation,http://www.wikidata.org/entity/Q846119,psychedelic music,
http://www.wikidata.org/entity/Q135493776,wa euro,http://www.wikidata.org/entity/Q131578,J-pop,
http://www.wikidata.org/entity/Q135493776,wa euro,http://www.wikidata.org/entity/Q11787389,club/dance music,
http://www.wikidata.org/entity/Q135511131,music of South Sudan,http://www.wikidata.org/entity/Q106595599,music of Northeast Africa,
http://www.wikidata.org/entity/Q135553474,autonomic,http://www.wikidata.org/entity/Q106404300,minimal drum and bass,
http://www.wikidata.org/entity/Q135644052,music of the Armenian diaspora,http://www.wikidata.org/entity/Q3570024,ethnic music,
http://www.wikidata.org/entity/Q135671651,tassa,http://www.wikidata.org/entity/Q6025453,Indo-Caribbean music,
http://www.wikidata.org/entity/Q135687210,close harmony,http://www.wikidata.org/entity/Q65943778,traditional country music,
http://www.wikidata.org/entity/Q135840551,shoor,http://www.wikidata.org/entity/Q5683605,Maddahi,
http://www.wikidata.org/entity/Q135933707,musical proverb,http://www.wikidata.org/entity/Q685884,vocal music,
http://www.wikidata.org/entity/Q135965645,concertina band,http://www.wikidata.org/entity/Q268673,music of the United Kingdom,
http://www.wikidata.org/entity/Q136031262,haozi,http://www.wikidata.org/entity/Q502658,work song,
http://www.wikidata.org/entity/Q136031262,haozi,http://www.wikidata.org/entity/Q51446080,Chinese traditional music,
http://www.wikidata.org/entity/Q136031285,Achomi music,http://www.wikidata.org/entity/Q1672398,music of Iran,
http://www.wikidata.org/entity/Q136031296,Lisu music,http://www.wikidata.org/entity/Q108788324,hill tribe music,
http://www.wikidata.org/entity/Q136065521,Luxembourgish jazz,http://www.wikidata.org/entity/Q8341,jazz,
http://www.wikidata.org/entity/Q136065521,Luxembourgish jazz,http://www.wikidata.org/entity/Q2078706,music of Luxembourg,
http://www.wikidata.org/entity/Q136206036,cosmic country,http://www.wikidata.org/entity/Q613408,country rock,
http://www.wikidata.org/entity/Q136206045,Gilaki music,http://www.wikidata.org/entity/Q1503406,music of the Middle East,
http://www.wikidata.org/entity/Q136206056,Harlem Renaissance music,http://www.wikidata.org/entity/Q388207,African-American music,
http://www.wikidata.org/entity/Q136206123,nustyle,http://www.wikidata.org/entity/Q223840,hardstyle,
http://www.wikidata.org/entity/Q136206127,West Side sound,http://www.wikidata.org/entity/Q4975996,brown-eyed soul,
http://www.wikidata.org/entity/Q136206127,West Side sound,http://www.wikidata.org/entity/Q6942291,music of Texas,
http://www.wikidata.org/entity/Q136231231,Q136231231,http://www.wikidata.org/entity/Q1091536,music of Madagascar,
http://www.wikidata.org/entity/Q136335901,Bernese dialect scene,http://www.wikidata.org/entity/Q2082510,music of Switzerland,
http://www.wikidata.org/entity/Q136335958,Haight-Ashbury scene,http://www.wikidata.org/entity/Q1778129,San Francisco Sound,
http://www.wikidata.org/entity/Q136335965,loner folk,http://www.wikidata.org/entity/Q106298881,contemporary folk music,
http://www.wikidata.org/entity/Q136348971,terror plugg,http://www.wikidata.org/entity/Q109382160,plugg music,
http://www.wikidata.org/entity/Q136471439,purísima,http://www.wikidata.org/entity/Q856713,Christian hymn,
http://www.wikidata.org/entity/Q136471439,purísima,http://www.wikidata.org/entity/Q5060331,music of Central America,
http://www.wikidata.org/entity/Q136471439,purísima,http://www.wikidata.org/entity/Q107718539,Hispanic American music,
http://www.wikidata.org/entity/Q136508884,hot jazz,http://www.wikidata.org/entity/Q8341,jazz,
http://www.wikidata.org/entity/Q136537479,jawaiian,http://www.wikidata.org/entity/Q1071834,music of Hawaii,
http://www.wikidata.org/entity/Q136537479,jawaiian,http://www.wikidata.org/entity/Q7122786,Pacific reggae,
http://www.wikidata.org/entity/Q136537836,Nordic jazz,http://www.wikidata.org/entity/Q2579417,European jazz,
http://www.wikidata.org/entity/Q136537836,Nordic jazz,http://www.wikidata.org/entity/Q26302245,music of the Nordic countries,
http://www.wikidata.org/entity/Q136539124,liquid riddim,http://www.wikidata.org/entity/Q65065491,riddim,
http://www.wikidata.org/entity/Q136540615,batá music,http://www.wikidata.org/entity/Q1065742,religious music,
http://www.wikidata.org/entity/Q136540615,batá music,http://www.wikidata.org/entity/Q3394906,music of the Caribbean,
http://www.wikidata.org/entity/Q136646452,bolero de caballería,http://www.wikidata.org/entity/Q489913,bolero,
http://www.wikidata.org/entity/Q136650759,Jirai kei rock,http://www.wikidata.org/entity/Q11399,rock music,
http://www.wikidata.org/entity/Q136653443,chamamé tropical,http://www.wikidata.org/entity/Q1060475,chamamé,
http://www.wikidata.org/entity/Q136653467,sissy bounce,http://www.wikidata.org/entity/Q4949812,bounce music,
http://www.wikidata.org/entity/Q136668981,corporate anthem,http://www.wikidata.org/entity/Q541947,anthem,
http://www.wikidata.org/entity/Q136696186,frapcore,http://www.wikidata.org/entity/Q388906,hardcore,
http://www.wikidata.org/entity/Q136699920,Ntcham,http://www.wikidata.org/entity/Q113627735,alternative urban,
http://www.wikidata.org/entity/Q136774417,late romantic music,http://www.wikidata.org/entity/Q207591,Romantic music,
http://www.wikidata.org/entity/Q136774454,classical guitar music,http://www.wikidata.org/entity/Q9730,classical music,
http://www.wikidata.org/entity/Q136890359,phaguwa,http://www.wikidata.org/entity/Q96373505,Bhojpuri music,
http://www.wikidata.org/entity/Q136908395,new musick,http://www.wikidata.org/entity/Q598929,post-punk,
http://www.wikidata.org/entity/Q136908575,music of Czechoslovakia,http://www.wikidata.org/entity/Q3328676,music of Europe,
http://www.wikidata.org/entity/Q136908587,Houston sound,http://www.wikidata.org/entity/Q3135787,American hip-hop,
http://www.wikidata.org/entity/Q136933447,Manchu music,http://www.wikidata.org/entity/Q3868595,music of East Asia,
http://www.wikidata.org/entity/Q136933447,Manchu music,http://www.wikidata.org/entity/Q110167696,music of North Asia,
http://www.wikidata.org/entity/Q136933450,son de pascua,http://www.wikidata.org/entity/Q1443316,Christmas music,
http://www.wikidata.org/entity/Q136933450,son de pascua,http://www.wikidata.org/entity/Q5060331,music of Central America,
http://www.wikidata.org/entity/Q136933450,son de pascua,http://www.wikidata.org/entity/Q107718539,Hispanic American music,
http://www.wikidata.org/entity/Q136933450,son de pascua,http://www.wikidata.org/entity/Q116884389,son,
http://www.wikidata.org/entity/Q137171613,doble paso,http://www.wikidata.org/entity/Q202930,reggaeton,
http://www.wikidata.org/entity/Q137189529,jilala music,http://www.wikidata.org/entity/Q1482325,Islamic music,
http://www.wikidata.org/entity/Q137189529,jilala music,http://www.wikidata.org/entity/Q1755959,Sufi music,
http://www.wikidata.org/entity/Q137189529,jilala music,http://www.wikidata.org/entity/Q116973456,Maghreb music,
http://www.wikidata.org/entity/Q137300740,programmatic symphony,http://www.wikidata.org/entity/Q9734,symphony,
http://www.wikidata.org/entity/Q137300740,programmatic symphony,http://www.wikidata.org/entity/Q209741,programme music,
http://www.wikidata.org/entity/Q113563741,Aromanian folk music,http://www.wikidata.org/entity/Q109332430,Aromanian music,
http://www.wikidata.org/entity/Q113563746,yakousei,http://www.wikidata.org/entity/Q1055871,Japanese rock,
http://www.wikidata.org/entity/Q113600088,Elizabethan song,http://www.wikidata.org/entity/Q201405,Renaissance music,
http://www.wikidata.org/entity/Q113600088,Elizabethan song,http://www.wikidata.org/entity/Q4797274,art song,
http://www.wikidata.org/entity/Q113600471,hardtek,http://www.wikidata.org/entity/Q898709,rave music,2005-01-01T00:00:00Z
http://www.wikidata.org/entity/Q113600471,hardtek,http://www.wikidata.org/entity/Q1033912,hard dance,2005-01-01T00:00:00Z
http://www.wikidata.org/entity/Q113621229,future core,http://www.wikidata.org/entity/Q2374619,UK hardcore,
http://www.wikidata.org/entity/Q113621229,future core,http://www.wikidata.org/entity/Q3098078,J-core,
http://www.wikidata.org/entity/Q113621229,future core,http://www.wikidata.org/entity/Q106577542,kawaii future bass,
http://www.wikidata.org/entity/Q113622724,beat bruxaria,http://www.wikidata.org/entity/Q107010629,funk mandelão,
http://www.wikidata.org/entity/Q113627735,alternative urban,http://www.wikidata.org/entity/Q2529400,urban contemporary,
http://www.wikidata.org/entity/Q113676976,math pop,http://www.wikidata.org/entity/Q183504,indie rock,
http://www.wikidata.org/entity/Q113676976,math pop,http://www.wikidata.org/entity/Q1132152,math rock,
http://www.wikidata.org/entity/Q113833898,brandy,http://www.wikidata.org/entity/Q235858,traditional folk music,
http://www.wikidata.org/entity/Q113834417,chanson francarabe,http://www.wikidata.org/entity/Q3328583,music of Algeria,
http://www.wikidata.org/entity/Q113856940,Pamiri music,http://www.wikidata.org/entity/Q6942011,music of Badakhshan,
http://www.wikidata.org/entity/Q113884370,lowercase noise wall,http://www.wikidata.org/entity/Q310871,lowercase,
http://www.wikidata.org/entity/Q113884370,lowercase noise wall,http://www.wikidata.org/entity/Q726239,noise music,
http://www.wikidata.org/entity/Q113919076,harping,http://www.wikidata.org/entity/Q235858,traditional folk music,
http://www.wikidata.org/entity/Q113973772,Eurometal,http://www.wikidata.org/entity/Q3328676,music of Europe,
http://www.wikidata.org/entity/Q113973772,Eurometal,http://www.wikidata.org/entity/Q12326776,metal music,
http://www.wikidata.org/entity/Q114023768,sepulchre music,http://www.wikidata.org/entity/Q107033632,Easter music,
http://www.wikidata.org/entity/Q114023769,slow-rock,http://www.wikidata.org/entity/Q7749,rock and roll,
http://www.wikidata.org/entity/Q114047889,halekačky,http://www.wikidata.org/entity/Q2981079,music of the Czech Republic,
http://www.wikidata.org/entity/Q114107195,psycore,http://www.wikidata.org/entity/Q2452152,dark psytrance,2007-01-01T00:00:00Z
http://www.wikidata.org/entity/Q114133626,garage pop,http://www.wikidata.org/entity/Q11399,rock music,
http://www.wikidata.org/entity/Q114238485,meme techno,http://www.wikidata.org/entity/Q188994,drum and bass,2022-01-01T00:00:00Z
http://www.wikidata.org/entity/Q114238485,meme techno,http://www.wikidata.org/entity/Q3084222,hard techno,2022-01-01T00:00:00Z
http://www.wikidata.org/entity/Q114238485,meme techno,http://www.wikidata.org/entity/Q25554481,punk music,2022-01-01T00:00:00Z
http://www.wikidata.org/entity/Q114239322,carnival music,http://www.wikidata.org/entity/Q107033384,holiday music,
http://www.wikidata.org/entity/Q114357486,Mesoamerican music,http://www.wikidata.org/entity/Q107407692,indigenous American music,
http://www.wikidata.org/entity/Q114443489,partyschlager,http://www.wikidata.org/entity/Q851213,electronic dance music,
http://www.wikidata.org/entity/Q114443489,partyschlager,http://www.wikidata.org/entity/Q959583,schlager music,
http://www.wikidata.org/entity/Q114594005,rawphoric,http://www.wikidata.org/entity/Q21000514,rawstyle,2016-01-01T00:00:00Z
http://www.wikidata.org/entity/Q114594062,Khmer music,http://www.wikidata.org/entity/Q6942031,music of Cambodia,
http://www.wikidata.org/entity/Q114594120,Kannada folk music,http://www.wikidata.org/entity/Q98528198,South Asian folk music,
http://www.wikidata.org/entity/Q114743580,psystyle,http://www.wikidata.org/entity/Q223840,hardstyle,2015-01-01T00:00:00Z
http://www.wikidata.org/entity/Q114762454,Afrikaans folk music,http://www.wikidata.org/entity/Q13034199,Afrikaans music,
http://www.wikidata.org/entity/Q114762454,Afrikaans folk music,http://www.wikidata.org/entity/Q98528210,Southern African folk music,
http://www.wikidata.org/entity/Q114796570,Sephardi music,http://www.wikidata.org/entity/Q1716019,Jewish music,
http://www.wikidata.org/entity/Q114804899,gahu,http://www.wikidata.org/entity/Q98528185,African folk music,
http://www.wikidata.org/entity/Q114809047,anthem trance,http://www.wikidata.org/entity/Q890887,Eurotrance,
http://www.wikidata.org/entity/Q114828938,Bamar music,http://www.wikidata.org/entity/Q3328602,music of Myanmar,
http://www.wikidata.org/entity/Q114878405,electro-techno,http://www.wikidata.org/entity/Q170611,techno,
http://www.wikidata.org/entity/Q114878405,electro-techno,http://www.wikidata.org/entity/Q217597,electro,
http://www.wikidata.org/entity/Q114878413,children's rock music,http://www.wikidata.org/entity/Q11399,rock music,
http://www.wikidata.org/entity/Q114878413,children's rock music,http://www.wikidata.org/entity/Q2389651,children's music,
http://www.wikidata.org/entity/Q114878436,Cuban pop,http://www.wikidata.org/entity/Q37073,pop music,
http://www.wikidata.org/entity/Q114878436,Cuban pop,http://www.wikidata.org/entity/Q1544863,music of Cuba,
http://www.wikidata.org/entity/Q114878442,Hawaiian pop,http://www.wikidata.org/entity/Q37073,pop music,
http://www.wikidata.org/entity/Q114878442,Hawaiian pop,http://www.wikidata.org/entity/Q1071834,music of Hawaii,
http://www.wikidata.org/entity/Q114878571,speed house,http://www.wikidata.org/entity/Q1033912,hard dance,2017-01-01T00:00:00Z
http://www.wikidata.org/entity/Q114878571,speed house,http://www.wikidata.org/entity/Q27345019,bass house,2017-01-01T00:00:00Z
http://www.wikidata.org/entity/Q114878593,chapka,http://www.wikidata.org/entity/Q716060,music of Korea,
http://www.wikidata.org/entity/Q114879326,Rusyn folk music,http://www.wikidata.org/entity/Q16679594,Slavic folk music,
http://www.wikidata.org/entity/Q114879744,Cuban jazz music,http://www.wikidata.org/entity/Q8341,jazz,
http://www.wikidata.org/entity/Q114879744,Cuban jazz music,http://www.wikidata.org/entity/Q1544863,music of Cuba,
http://www.wikidata.org/entity/Q114879861,music of Moravia,http://www.wikidata.org/entity/Q2981079,music of the Czech Republic,
http://www.wikidata.org/entity/Q114880124,US bass music,http://www.wikidata.org/entity/Q96740854,bass music,1984-01-01T00:00:00Z
http://www.wikidata.org/entity/Q114880130,bass music (EDM),http://www.wikidata.org/entity/Q851213,electronic dance music,1997-01-01T00:00:00Z
http://www.wikidata.org/entity/Q114880130,bass music (EDM),http://www.wikidata.org/entity/Q96740854,bass music,1997-01-01T00:00:00Z
http://www.wikidata.org/entity/Q114907074,early jazz,http://www.wikidata.org/entity/Q8341,jazz,1900-01-01T00:00:00Z
http://www.wikidata.org/entity/Q114907417,early R&B,http://www.wikidata.org/entity/Q45981,rhythm and blues,1940-01-01T00:00:00Z
http://www.wikidata.org/entity/Q114907537,folk-blues,http://www.wikidata.org/entity/Q649823,country blues,
http://www.wikidata.org/entity/Q114908125,white gospel music,http://www.wikidata.org/entity/Q180268,gospel music,
http://www.wikidata.org/entity/Q114909317,party soca,http://www.wikidata.org/entity/Q1051735,soca music,
http://www.wikidata.org/entity/Q114909458,sports anthem,http://www.wikidata.org/entity/Q541947,anthem,
http://www.wikidata.org/entity/Q115063474,digital fusion,http://www.wikidata.org/entity/Q9778,electronic music,2005-01-01T00:00:00Z
http://www.wikidata.org/entity/Q115063525,trap shaabi,http://www.wikidata.org/entity/Q624044,Arabic music,
http://www.wikidata.org/entity/Q115063525,trap shaabi,http://www.wikidata.org/entity/Q2913982,trap music,
http://www.wikidata.org/entity/Q115063561,pep band music,http://www.wikidata.org/entity/Q107718737,music of North America,
http://www.wikidata.org/entity/Q115138321,Ainu music,http://www.wikidata.org/entity/Q3868595,music of East Asia,
http://www.wikidata.org/entity/Q115138321,Ainu music,http://www.wikidata.org/entity/Q110167696,music of North Asia,
http://www.wikidata.org/entity/Q115164719,Cantabrian folk music,http://www.wikidata.org/entity/Q108615838,Northwest Iberian folk music,
http://www.wikidata.org/entity/Q115171191,Irish rap,http://www.wikidata.org/entity/Q6010,rapping,
http://www.wikidata.org/entity/Q115171191,Irish rap,http://www.wikidata.org/entity/Q1378776,music of Ireland,
http://www.wikidata.org/entity/Q115178919,symphonic death metal,http://www.wikidata.org/entity/Q483251,death metal,
http://www.wikidata.org/entity/Q115178919,symphonic death metal,http://www.wikidata.org/entity/Q486415,symphonic metal,
http://www.wikidata.org/entity/Q115200681,electro-R&B,http://www.wikidata.org/entity/Q9778,electronic music,1999-01-01T00:00:00Z
http://www.wikidata.org/entity/Q115200681,electro-R&B,http://www.wikidata.org/entity/Q850412,contemporary R&B,1999-01-01T00:00:00Z
http://www.wikidata.org/entity/Q115204980,glitter rock,http://www.wikidata.org/entity/Q76092,glam rock,
http://www.wikidata.org/entity/Q115206619,folklore music,http://www.wikidata.org/entity/Q235858,traditional folk music,
http://www.wikidata.org/entity/Q115218587,nhạc trữ tình,http://www.wikidata.org/entity/Q1156957,music of Vietnam,
http://www.wikidata.org/entity/Q115248229,I-pop,http://www.wikidata.org/entity/Q37073,pop music,
http://www.wikidata.org/entity/Q115248229,I-pop,http://www.wikidata.org/entity/Q1210921,music of Indonesia,
http://www.wikidata.org/entity/Q115327250,Kalmyk music,http://www.wikidata.org/entity/Q3328727,music of Mongolia,
http://www.wikidata.org/entity/Q115327276,Nivkh music,http://www.wikidata.org/entity/Q110167696,music of North Asia,
http://www.wikidata.org/entity/Q115327281,tropicanibalismo,http://www.wikidata.org/entity/Q3394906,music of the Caribbean,
http://www.wikidata.org/entity/Q115327281,tropicanibalismo,http://www.wikidata.org/entity/Q107718539,Hispanic American music,
http://www.wikidata.org/entity/Q115456684,barber beats,http://www.wikidata.org/entity/Q757143,chill-out music,
http://www.wikidata.org/entity/Q115456684,barber beats,http://www.wikidata.org/entity/Q15733887,vaporwave,
http://www.wikidata.org/entity/Q25619728,Spanish raw punk,http://www.wikidata.org/entity/Q118640020,raw punk,
http://www.wikidata.org/entity/Q25620807,Dohori,http://www.wikidata.org/entity/Q3328735,music of Nepal,
http://www.wikidata.org/entity/Q25620807,Dohori,http://www.wikidata.org/entity/Q106635234,Asian folk music,
http://www.wikidata.org/entity/Q25629962,kawih,http://www.wikidata.org/entity/Q373342,popular music,
http://www.wikidata.org/entity/Q25683514,Qaraami,http://www.wikidata.org/entity/Q6942277,music of Somalia,
http://www.wikidata.org/entity/Q25702306,Karakalpak folk song,http://www.wikidata.org/entity/Q98528287,Turkic-Mongolic music,
http://www.wikidata.org/entity/Q25702306,Karakalpak folk song,http://www.wikidata.org/entity/Q117843679,Karakalpak music,
http://www.wikidata.org/entity/Q25702508,Q25702508,http://www.wikidata.org/entity/Q3394906,music of the Caribbean,
http://www.wikidata.org/entity/Q25705835,Tshikona,http://www.wikidata.org/entity/Q235858,traditional folk music,
http://www.wikidata.org/entity/Q26234147,Afro trap,http://www.wikidata.org/entity/Q2913982,trap music,2015-01-01T00:00:00Z
http://www.wikidata.org/entity/Q26280189,Galician rumba,http://www.wikidata.org/entity/Q10334896,music of Galicia,
http://www.wikidata.org/entity/Q26302245,music of the Nordic countries,http://www.wikidata.org/entity/Q108857462,music of Northern Europe,
http://www.wikidata.org/entity/Q27103155,Finnish classical music,http://www.wikidata.org/entity/Q9730,classical music,
http://www.wikidata.org/entity/Q27345019,bass house,http://www.wikidata.org/entity/Q20502,house music,2012-01-01T00:00:00Z
http://www.wikidata.org/entity/Q27345019,bass house,http://www.wikidata.org/entity/Q114880130,bass music (EDM),2012-01-01T00:00:00Z
http://www.wikidata.org/entity/Q27961199,moombahsoul,http://www.wikidata.org/entity/Q21092,moombahton,2009-01-01T00:00:00Z
http://www.wikidata.org/entity/Q27973183,Schwobarock,http://www.wikidata.org/entity/Q11399,rock music,
http://www.wikidata.org/entity/Q28039559,Domestic chant,http://www.wikidata.org/entity/Q23072435,chant,
http://www.wikidata.org/entity/Q28055053,Q-pop,http://www.wikidata.org/entity/Q1131855,music of Kazakhstan,2015-01-01T00:00:00Z
http://www.wikidata.org/entity/Q28055053,Q-pop,http://www.wikidata.org/entity/Q116985035,electronic pop,2015-01-01T00:00:00Z
http://www.wikidata.org/entity/Q28070612,blackened crust,http://www.wikidata.org/entity/Q825769,crust punk,2000-01-01T00:00:00Z
http://www.wikidata.org/entity/Q28102012,disco-pop,http://www.wikidata.org/entity/Q58339,disco,
http://www.wikidata.org/entity/Q28102012,disco-pop,http://www.wikidata.org/entity/Q211756,dance-pop,
http://www.wikidata.org/entity/Q28135297,noel,http://www.wikidata.org/entity/Q503354,Christmas carol,
http://www.wikidata.org/entity/Q28135297,noel,http://www.wikidata.org/entity/Q107356948,French folk song,
http://www.wikidata.org/entity/Q28146601,political music,http://www.wikidata.org/entity/Q26897135,functional music,
http://www.wikidata.org/entity/Q28154356,Bigwala,http://www.wikidata.org/entity/Q3868597,music of Uganda,
http://www.wikidata.org/entity/Q28163991,Buddhist chant,http://www.wikidata.org/entity/Q492067,Buddhist music,
http://www.wikidata.org/entity/Q28163991,Buddhist chant,http://www.wikidata.org/entity/Q1067089,throat singing,
http://www.wikidata.org/entity/Q28163991,Buddhist chant,http://www.wikidata.org/entity/Q23072435,chant,
http://www.wikidata.org/entity/Q28196971,erotic-patriotic,http://www.wikidata.org/entity/Q2665906,music of Armenia,
http://www.wikidata.org/entity/Q28206879,Brill Building,http://www.wikidata.org/entity/Q37073,pop music,
http://www.wikidata.org/entity/Q28219760,descarga,http://www.wikidata.org/entity/Q1544863,music of Cuba,
http://www.wikidata.org/entity/Q28219803,tahona,http://www.wikidata.org/entity/Q388475,Cuban rumba,
http://www.wikidata.org/entity/Q28223137,South African heavy metal,http://www.wikidata.org/entity/Q4794612,music of South Africa,
http://www.wikidata.org/entity/Q28223137,South African heavy metal,http://www.wikidata.org/entity/Q17510016,African heavy metal,
http://www.wikidata.org/entity/Q28223150,Rieldans,http://www.wikidata.org/entity/Q4794612,music of South Africa,
http://www.wikidata.org/entity/Q28328303,raw black metal,http://www.wikidata.org/entity/Q132438,black metal,1987-01-01T00:00:00Z
http://www.wikidata.org/entity/Q28342195,downer metal,http://www.wikidata.org/entity/Q38848,heavy metal music,1976-01-01T00:00:00Z
http://www.wikidata.org/entity/Q28401124,yacht rock,http://www.wikidata.org/entity/Q217191,soft rock,1971-01-01T00:00:00Z
http://www.wikidata.org/entity/Q28401204,alternative folk,http://www.wikidata.org/entity/Q1695023,alternative music,
http://www.wikidata.org/entity/Q28401204,alternative folk,http://www.wikidata.org/entity/Q106298881,contemporary folk music,
http://www.wikidata.org/entity/Q28444186,avant-punk,http://www.wikidata.org/entity/Q3071,punk rock,
http://www.wikidata.org/entity/Q28458027,hardbass,http://www.wikidata.org/entity/Q11831728,pumping house,2001-01-01T00:00:00Z
http://www.wikidata.org/entity/Q28490034,hipco,http://www.wikidata.org/entity/Q11401,hip-hop,
http://www.wikidata.org/entity/Q28490034,hipco,http://www.wikidata.org/entity/Q6942148,music of Liberia,
http://www.wikidata.org/entity/Q28494769,Breton hymn,http://www.wikidata.org/entity/Q1033831,canticle,
http://www.wikidata.org/entity/Q28494769,Breton hymn,http://www.wikidata.org/entity/Q23072435,chant,
http://www.wikidata.org/entity/Q28501777,cumbia sinfónica,http://www.wikidata.org/entity/Q108297224,cumbia sonidera,
http://www.wikidata.org/entity/Q28502454,Canarian folk music,http://www.wikidata.org/entity/Q6942354,music of the Canary Islands,
http://www.wikidata.org/entity/Q28502454,Canarian folk music,http://www.wikidata.org/entity/Q9048257,Spanish folk music,
http://www.wikidata.org/entity/Q28517114,Andean music (Colombia),http://www.wikidata.org/entity/Q492096,Andean music,
http://www.wikidata.org/entity/Q28666961,Russian chamber song,http://www.wikidata.org/entity/Q94499224,Russian song,
http://www.wikidata.org/entity/Q28668626,zef rap,http://www.wikidata.org/entity/Q387236,African hip-hop,
http://www.wikidata.org/entity/Q28668626,zef rap,http://www.wikidata.org/entity/Q4794612,music of South Africa,
http://www.wikidata.org/entity/Q28721502,Finnish grime,http://www.wikidata.org/entity/Q1166726,grime,
http://www.wikidata.org/entity/Q28746819,bedroom pop,http://www.wikidata.org/entity/Q842324,indie pop,
http://www.wikidata.org/entity/Q28923934,Konkani liturgical music,http://www.wikidata.org/entity/Q8812109,church music,
http://www.wikidata.org/entity/Q28949059,depressive black metal,http://www.wikidata.org/entity/Q132438,black metal,1993-01-01T00:00:00Z
http://www.wikidata.org/entity/Q29025044,psychedelic funk,http://www.wikidata.org/entity/Q164444,funk,
http://www.wikidata.org/entity/Q29025044,psychedelic funk,http://www.wikidata.org/entity/Q846119,psychedelic music,
http://www.wikidata.org/entity/Q29068175,leelo,http://www.wikidata.org/entity/Q235858,traditional folk music,
http://www.wikidata.org/entity/Q29068175,leelo,http://www.wikidata.org/entity/Q3110519,music of Estonia,
http://www.wikidata.org/entity/Q29252685,trikiti,http://www.wikidata.org/entity/Q108297192,Basque folk music,
http://www.wikidata.org/entity/Q29425426,holehole bushi,http://www.wikidata.org/entity/Q235858,traditional folk music,
http://www.wikidata.org/entity/Q29425426,holehole bushi,http://www.wikidata.org/entity/Q502658,work song,
http://www.wikidata.org/entity/Q29480448,industrial techno,http://www.wikidata.org/entity/Q170611,techno,1990-01-01T00:00:00Z
http://www.wikidata.org/entity/Q29480448,industrial techno,http://www.wikidata.org/entity/Q936942,post-industrial music,1990-01-01T00:00:00Z
http://www.wikidata.org/entity/Q29973057,gqom,http://www.wikidata.org/entity/Q20502,house music,2012-01-01T00:00:00Z
http://www.wikidata.org/entity/Q29973057,gqom,http://www.wikidata.org/entity/Q4794612,music of South Africa,2012-01-01T00:00:00Z
http://www.wikidata.org/entity/Q30324607,Ethiopian chant,http://www.wikidata.org/entity/Q856713,Christian hymn,
http://www.wikidata.org/entity/Q30324607,Ethiopian chant,http://www.wikidata.org/entity/Q23072435,chant,
http://www.wikidata.org/entity/Q30587784,progressive metalcore,http://www.wikidata.org/entity/Q183862,metalcore,
http://www.wikidata.org/entity/Q30587784,progressive metalcore,http://www.wikidata.org/entity/Q484344,progressive metal,
http://www.wikidata.org/entity/Q30593639,avant-funk,http://www.wikidata.org/entity/Q164444,funk,1960-01-01T00:00:00Z
http://www.wikidata.org/entity/Q30594541,hardvapour,http://www.wikidata.org/entity/Q851213,electronic dance music,2015-01-01T00:00:00Z
http://www.wikidata.org/entity/Q30594541,hardvapour,http://www.wikidata.org/entity/Q15733887,vaporwave,2015-01-01T00:00:00Z
http://www.wikidata.org/entity/Q30632022,synth funk,http://www.wikidata.org/entity/Q164444,funk,
http://www.wikidata.org/entity/Q30632442,agbadza,http://www.wikidata.org/entity/Q5418947,Ewe music,
http://www.wikidata.org/entity/Q30638997,mumble rap,http://www.wikidata.org/entity/Q11401,hip-hop,2011-01-01T00:00:00Z
http://www.wikidata.org/entity/Q30639642,Maithili music,http://www.wikidata.org/entity/Q531426,music of India,
http://www.wikidata.org/entity/Q30692559,Weird Soundcloud,http://www.wikidata.org/entity/Q1548170,musical comedy,
http://www.wikidata.org/entity/Q1344,opera,http://www.wikidata.org/entity/Q9730,classical music,1600-01-01T00:00:00Z
http://www.wikidata.org/entity/Q1344,opera,http://www.wikidata.org/entity/Q7777494,theatre music,1600-01-01T00:00:00Z
http://www.wikidata.org/entity/Q1344,opera,http://www.wikidata.org/entity/Q123777276,musical drama,1600-01-01T00:00:00Z
http://www.wikidata.org/entity/Q2743,musical play,http://www.wikidata.org/entity/Q123777276,musical drama,1560-01-01T00:00:00Z
http://www.wikidata.org/entity/Q3071,punk rock,http://www.wikidata.org/entity/Q25554481,punk music,1975-01-01T00:00:00Z
http://www.wikidata.org/entity/Q3858,music of Israel,http://www.wikidata.org/entity/Q1503406,music of the Middle East,
http://www.wikidata.org/entity/Q4797,conjunto,http://www.wikidata.org/entity/Q16942070,Mexican folk music,1900-01-01T00:00:00Z
http://www.wikidata.org/entity/Q6010,rapping,http://www.wikidata.org/entity/Q11401,hip-hop,1970-01-01T00:00:00Z
http://www.wikidata.org/entity/Q7749,rock and roll,http://www.wikidata.org/entity/Q11399,rock music,1949-01-01T00:00:00Z
http://www.wikidata.org/entity/Q8341,jazz,http://www.wikidata.org/entity/Q373342,popular music,1917-01-01T00:00:00Z
http://www.wikidata.org/entity/Q8361,Baroque music,http://www.wikidata.org/entity/Q9730,classical music,1600-01-01T00:00:00Z
http://www.wikidata.org/entity/Q8361,Baroque music,http://www.wikidata.org/entity/Q3328676,music of Europe,1600-01-01T00:00:00Z
http://www.wikidata.org/entity/Q9730,classical music,http://www.wikidata.org/entity/Q1583807,art music,0500-01-01T00:00:00Z
http://www.wikidata.org/entity/Q9759,blues,http://www.wikidata.org/entity/Q373342,popular music,1890-01-01T00:00:00Z
http://www.wikidata.org/entity/Q9759,blues,http://www.wikidata.org/entity/Q107718737,music of North America,1890-01-01T00:00:00Z
http://www.wikidata.org/entity/Q9764,flamenco,http://www.wikidata.org/entity/Q964987,music of Spain,1774-01-01T00:00:00Z
http://www.wikidata.org/entity/Q9764,flamenco,http://www.wikidata.org/entity/Q18345375,Latin music,1774-01-01T00:00:00Z
http://www.wikidata.org/entity/Q9794,reggae,http://www.wikidata.org/entity/Q572717,music of Jamaica,1961-01-01T00:00:00Z
http://www.wikidata.org/entity/Q10922,hardcore punk,http://www.wikidata.org/entity/Q3071,punk rock,1978-01-01T00:00:00Z
http://www.wikidata.org/entity/Q10926,emo,http://www.wikidata.org/entity/Q11366,alternative rock,1984-01-01T00:00:00Z
http://www.wikidata.org/entity/Q10926,emo,http://www.wikidata.org/entity/Q25554481,punk music,1984-01-01T00:00:00Z
http://www.wikidata.org/entity/Q11363,screamo,http://www.wikidata.org/entity/Q10926,emo,1995-01-01T00:00:00Z
http://www.wikidata.org/entity/Q11363,screamo,http://www.wikidata.org/entity/Q377910,post-hardcore,1995-01-01T00:00:00Z
http://www.wikidata.org/entity/Q11365,grunge,http://www.wikidata.org/entity/Q11366,alternative rock,1985-01-01T00:00:00Z
http://www.wikidata.org/entity/Q11366,alternative rock,http://www.wikidata.org/entity/Q11399,rock music,1978-01-01T00:00:00Z
http://www.wikidata.org/entity/Q11366,alternative rock,http://www.wikidata.org/entity/Q1695023,alternative music,1978-01-01T00:00:00Z
http://www.wikidata.org/entity/Q11399,rock music,http://www.wikidata.org/entity/Q373342,popular music,1948-01-01T00:00:00Z
http://www.wikidata.org/entity/Q11401,hip-hop,http://www.wikidata.org/entity/Q373342,popular music,1973-08-11T00:00:00Z
http://www.wikidata.org/entity/Q11403,samba,http://www.wikidata.org/entity/Q899215,music of Brazil,1914-01-01T00:00:00Z
http://www.wikidata.org/entity/Q12302,bagad,http://www.wikidata.org/entity/Q910606,music of Brittany,
http://www.wikidata.org/entity/Q17723,Classical period,http://www.wikidata.org/entity/Q9730,classical music,1730-01-01T00:00:00Z
http://www.wikidata.org/entity/Q17723,Classical period,http://www.wikidata.org/entity/Q3328676,music of Europe,1730-01-01T00:00:00Z
http://www.wikidata.org/entity/Q137322391,educational song,http://www.wikidata.org/entity/Q5341293,educational music,
http://www.wikidata.org/entity/Q137324734,indigenous music of Venezuela,http://www.wikidata.org/entity/Q2486179,music of Venezuela,
http://www.wikidata.org/entity/Q137324734,indigenous music of Venezuela,http://www.wikidata.org/entity/Q6024704,indigenous music,
http://www.wikidata.org/entity/Q137441021,Abakuá music,http://www.wikidata.org/entity/Q1544863,music of Cuba,
http://www.wikidata.org/entity/Q137441021,Abakuá music,http://www.wikidata.org/entity/Q11787379,ritual music,
http://www.wikidata.org/entity/Q137441035,Chicago polka,http://www.wikidata.org/entity/Q473602,music of Poland,
http://www.wikidata.org/entity/Q137441035,Chicago polka,http://www.wikidata.org/entity/Q11821889,polka,
http://www.wikidata.org/entity/Q137441200,hát lô tô,http://www.wikidata.org/entity/Q1156957,music of Vietnam,
http://www.wikidata.org/entity/Q137441335,new way of Danish fuck you,http://www.wikidata.org/entity/Q2449418,music of Denmark,
http://www.wikidata.org/entity/Q137441526,stoner rap,http://www.wikidata.org/entity/Q11401,hip-hop,
http://www.wikidata.org/entity/Q137441533,trap dancehall,http://www.wikidata.org/entity/Q474027,dancehall,
http://www.wikidata.org/entity/Q137442001,pumpcore,http://www.wikidata.org/entity/Q113600471,hardtek,
http://www.wikidata.org/entity/Q137442003,spamwave,http://www.wikidata.org/entity/Q1744304,sound collage,
http://www.wikidata.org/entity/Q137541541,coke rap,http://www.wikidata.org/entity/Q753679,gangsta rap,
http://www.wikidata.org/entity/Q137673400,Malianteo,http://www.wikidata.org/entity/Q202930,reggaeton,
http://www.wikidata.org/entity/Q137719315,Luxembourgish folk music,http://www.wikidata.org/entity/Q2078706,music of Luxembourg,
http://www.wikidata.org/entity/Q137719315,Luxembourgish folk music,http://www.wikidata.org/entity/Q98528192,European folk music,
http://www.wikidata.org/entity/Q137753347,Antsa (praise),http://www.wikidata.org/entity/Q1091536,music of Madagascar,
http://www.wikidata.org/entity/Q137767022,Eastern-style polka,http://www.wikidata.org/entity/Q473602,music of Poland,
http://www.wikidata.org/entity/Q137767022,Eastern-style polka,http://www.wikidata.org/entity/Q107718737,music of North America,
http://www.wikidata.org/entity/Q137799958,sweet jazz,http://www.wikidata.org/entity/Q8341,jazz,
http://www.wikidata.org/entity/Q137884622,Buginese pop,http://www.wikidata.org/entity/Q373342,popular music,
http://www.wikidata.org/entity/Q137884622,Buginese pop,http://www.wikidata.org/entity/Q1884689,Indo pop,
http://www.wikidata.org/entity/Q137886730,tarraxo,http://www.wikidata.org/entity/Q110241185,tarraxinha,
http://www.wikidata.org/entity/Q137900601,pásztordal,http://www.wikidata.org/entity/Q722989,Hungarian folk music,
http://www.wikidata.org/entity/Q137910140,San Diego sound,http://www.wikidata.org/entity/Q2467817,American punk rock,
http://www.wikidata.org/entity/Q137946482,Ghetto zouk,http://www.wikidata.org/entity/Q227045,zouk,
http://www.wikidata.org/entity/Q137946482,Ghetto zouk,http://www.wikidata.org/entity/Q1597549,kizomba,
http://www.wikidata.org/entity/Q138186567,Rumba angolana,http://www.wikidata.org/entity/Q3291151,music of Angola,
http://www.wikidata.org/entity/Q138314533,boyfriend country,http://www.wikidata.org/entity/Q2280497,country pop,
http://www.wikidata.org/entity/Q138314533,boyfriend country,http://www.wikidata.org/entity/Q65937954,contemporary country,
http://www.wikidata.org/entity/Q138314537,funk consciente,http://www.wikidata.org/entity/Q117745223,Brazilian funk,
http://www.wikidata.org/entity/Q138357032,chikipunk,http://www.wikidata.org/entity/Q3437873,Peruvian rock,
http://www.wikidata.org/entity/Q138357034,Pennsylvania Dutch folk music,http://www.wikidata.org/entity/Q1541229,American folk music,
http://www.wikidata.org/entity/Q138357034,Pennsylvania Dutch folk music,http://www.wikidata.org/entity/Q107819512,German folk music,
http://www.wikidata.org/entity/Q138544643,Palenquero music,http://www.wikidata.org/entity/Q920883,music of Colombia,
http://www.wikidata.org/entity/Q138565422,Pinoy Jazz,http://www.wikidata.org/entity/Q8341,jazz,
http://www.wikidata.org/entity/Q138565422,Pinoy Jazz,http://www.wikidata.org/entity/Q3328743,music of the Philippines,
http://www.wikidata.org/entity/Q138588708,ghost dance song,http://www.wikidata.org/entity/Q185298,a cappella,
http://www.wikidata.org/entity/Q138588708,ghost dance song,http://www.wikidata.org/entity/Q2662072,indigenous music of North America,
http://www.wikidata.org/entity/Q138588708,ghost dance song,http://www.wikidata.org/entity/Q106926276,indigenous American folk music,
http://www.wikidata.org/entity/Q138588714,rabbit song,http://www.wikidata.org/entity/Q2662072,indigenous music of North America,
http://www.wikidata.org/entity/Q138588714,rabbit song,http://www.wikidata.org/entity/Q106926276,indigenous American folk music,
http://www.wikidata.org/entity/Q138588725,Doom WAD music,http://www.wikidata.org/entity/Q118324067,MIDI music,
http://www.wikidata.org/entity/Q138591098,crank wave,http://www.wikidata.org/entity/Q598929,post-punk,
http://www.wikidata.org/entity/Q138605895,zoomergaze,http://www.wikidata.org/entity/Q272167,shoegaze,
http://www.wikidata.org/entity/Q138605895,zoomergaze,http://www.wikidata.org/entity/Q3879179,nu gaze,
http://www.wikidata.org/entity/Q138611364,laptop twee,http://www.wikidata.org/entity/Q370778,twee pop,
http://www.wikidata.org/entity/Q115457255,narco rap,http://www.wikidata.org/entity/Q753679,gangsta rap,
http://www.wikidata.org/entity/Q115457255,narco rap,http://www.wikidata.org/entity/Q85785117,Mexican hip-hop,
http://www.wikidata.org/entity/Q115482626,sonidero,http://www.wikidata.org/entity/Q3397325,music of Mexico,
http://www.wikidata.org/entity/Q115483855,Jersey drill,http://www.wikidata.org/entity/Q15697534,drill,2021-01-01T00:00:00Z
http://www.wikidata.org/entity/Q115485183,sigilkore,http://www.wikidata.org/entity/Q2913982,trap music,2018-01-01T00:00:00Z
http://www.wikidata.org/entity/Q115550280,snap&b,http://www.wikidata.org/entity/Q850412,contemporary R&B,
http://www.wikidata.org/entity/Q115550280,snap&b,http://www.wikidata.org/entity/Q2991840,snap music,
http://www.wikidata.org/entity/Q115612369,mbolé,http://www.wikidata.org/entity/Q316930,dance music,
http://www.wikidata.org/entity/Q115612369,mbolé,http://www.wikidata.org/entity/Q106588687,music of Central Africa,
http://www.wikidata.org/entity/Q115616295,jive,http://www.wikidata.org/entity/Q8341,jazz,
http://www.wikidata.org/entity/Q115625176,Colombian cumbia,http://www.wikidata.org/entity/Q723418,cumbia,
http://www.wikidata.org/entity/Q115625176,Colombian cumbia,http://www.wikidata.org/entity/Q920883,music of Colombia,
http://www.wikidata.org/entity/Q115632110,batuque paulista,http://www.wikidata.org/entity/Q115632116,Batuque de Umbigada,
http://www.wikidata.org/entity/Q115684103,swancore,http://www.wikidata.org/entity/Q377910,post-hardcore,
http://www.wikidata.org/entity/Q115690999,future riddim,http://www.wikidata.org/entity/Q65065491,riddim,2019-01-01T00:00:00Z
http://www.wikidata.org/entity/Q115691081,Chicago drill,http://www.wikidata.org/entity/Q15697534,drill,2010-01-01T00:00:00Z
http://www.wikidata.org/entity/Q115702912,Detroit hardcore,http://www.wikidata.org/entity/Q10922,hardcore punk,
http://www.wikidata.org/entity/Q115725821,YouTube poop music video,http://www.wikidata.org/entity/Q7205507,plunderphonics,
http://www.wikidata.org/entity/Q115725860,MAD Movie music,http://www.wikidata.org/entity/Q7205507,plunderphonics,
http://www.wikidata.org/entity/Q115741204,Hungarian string band music,http://www.wikidata.org/entity/Q722989,Hungarian folk music,
http://www.wikidata.org/entity/Q115741204,Hungarian string band music,http://www.wikidata.org/entity/Q932477,music of Hungary,
http://www.wikidata.org/entity/Q115776141,vude,http://www.wikidata.org/entity/Q6942076,music of Fiji,
http://www.wikidata.org/entity/Q115799227,música plancha,http://www.wikidata.org/entity/Q6496560,Latin ballad,
http://www.wikidata.org/entity/Q115799883,cueca rock,http://www.wikidata.org/entity/Q3437823,Chilean rock,
http://www.wikidata.org/entity/Q115799883,cueca rock,http://www.wikidata.org/entity/Q117001315,Chilean cueca,
http://www.wikidata.org/entity/Q115800017,cueca tradicional,http://www.wikidata.org/entity/Q117001315,Chilean cueca,
http://www.wikidata.org/entity/Q115804629,sapphic pop,http://www.wikidata.org/entity/Q42201,independent music,
http://www.wikidata.org/entity/Q115804629,sapphic pop,http://www.wikidata.org/entity/Q28746819,bedroom pop,
http://www.wikidata.org/entity/Q115812361,sigidrigi,http://www.wikidata.org/entity/Q6942076,music of Fiji,
http://www.wikidata.org/entity/Q115858975,Dhenkir Gaan,http://www.wikidata.org/entity/Q98528198,South Asian folk music,
http://www.wikidata.org/entity/Q115890848,epadunk,http://www.wikidata.org/entity/Q846784,music of Sweden,
http://www.wikidata.org/entity/Q115890848,epadunk,http://www.wikidata.org/entity/Q851213,electronic dance music,
http://www.wikidata.org/entity/Q116006456,Hindutva pop,http://www.wikidata.org/entity/Q3535998,Indian pop,
http://www.wikidata.org/entity/Q116045209,doomerwave,http://www.wikidata.org/entity/Q11399,rock music,2018-01-01T00:00:00Z
http://www.wikidata.org/entity/Q116148184,crack rock steady,http://www.wikidata.org/entity/Q10922,hardcore punk,1993-01-01T00:00:00Z
http://www.wikidata.org/entity/Q116148184,crack rock steady,http://www.wikidata.org/entity/Q2657409,skacore,1993-01-01T00:00:00Z
http://www.wikidata.org/entity/Q116158395,polka criolla,http://www.wikidata.org/entity/Q6950428,música criolla,
http://www.wikidata.org/entity/Q116158395,polka criolla,http://www.wikidata.org/entity/Q11821889,polka,
http://www.wikidata.org/entity/Q116158638,indie classical,http://www.wikidata.org/entity/Q9730,classical music,
http://www.wikidata.org/entity/Q116192789,gommance,http://www.wikidata.org/entity/Q474027,dancehall,
http://www.wikidata.org/entity/Q116210851,harsh,http://www.wikidata.org/entity/Q11399,rock music,2000-01-01T00:00:00Z
http://www.wikidata.org/entity/Q116256909,Korean traditional music,http://www.wikidata.org/entity/Q716060,music of Korea,
http://www.wikidata.org/entity/Q116285483,rock mossi,http://www.wikidata.org/entity/Q11399,rock music,2000-01-01T00:00:00Z
http://www.wikidata.org/entity/Q116296482,melodic house,http://www.wikidata.org/entity/Q20502,house music,
http://www.wikidata.org/entity/Q116314630,rare phonk,http://www.wikidata.org/entity/Q2913982,trap music,2012-01-01T00:00:00Z
http://www.wikidata.org/entity/Q116314630,rare phonk,http://www.wikidata.org/entity/Q90568328,phonk,2012-01-01T00:00:00Z
http://www.wikidata.org/entity/Q116316147,mambo urbano,http://www.wikidata.org/entity/Q282131,merengue,
http://www.wikidata.org/entity/Q116414169,Corsican folk music,http://www.wikidata.org/entity/Q2378916,music of Corsica,
http://www.wikidata.org/entity/Q116414169,Corsican folk music,http://www.wikidata.org/entity/Q2956178,French folk music,
http://www.wikidata.org/entity/Q116455215,Banda music,http://www.wikidata.org/entity/Q106588687,music of Central Africa,
http://www.wikidata.org/entity/Q116483739,pandeirada,http://www.wikidata.org/entity/Q3327514,Galician folk music,
http://www.wikidata.org/entity/Q116483777,canto de labrada,http://www.wikidata.org/entity/Q502658,work song,
http://www.wikidata.org/entity/Q116483777,canto de labrada,http://www.wikidata.org/entity/Q3327514,Galician folk music,
http://www.wikidata.org/entity/Q116483797,cantos da aña,http://www.wikidata.org/entity/Q3327514,Galician folk music,
http://www.wikidata.org/entity/Q116494920,instrumental country,http://www.wikidata.org/entity/Q83440,country music,
http://www.wikidata.org/entity/Q116494920,instrumental country,http://www.wikidata.org/entity/Q639197,instrumental music,
http://www.wikidata.org/entity/Q116679787,dark plugg,http://www.wikidata.org/entity/Q109382160,plugg music,2016-01-01T00:00:00Z
http://www.wikidata.org/entity/Q116690325,power ballad,http://www.wikidata.org/entity/Q11399,rock music,
http://www.wikidata.org/entity/Q116690325,power ballad,http://www.wikidata.org/entity/Q1077388,sentimental ballad,
http://www.wikidata.org/entity/Q116745991,Afropiano,http://www.wikidata.org/entity/Q25099840,Afrobeats,2020-01-01T00:00:00Z
http://www.wikidata.org/entity/Q116745991,Afropiano,http://www.wikidata.org/entity/Q85741139,Amapiano,2020-01-01T00:00:00Z
http://www.wikidata.org/entity/Q116764465,bluebeat,http://www.wikidata.org/entity/Q54365,ska,
http://www.wikidata.org/entity/Q116764465,bluebeat,http://www.wikidata.org/entity/Q572717,music of Jamaica,
http://www.wikidata.org/entity/Q116764465,bluebeat,http://www.wikidata.org/entity/Q114907417,early R&B,
http://www.wikidata.org/entity/Q116764487,British metal music,http://www.wikidata.org/entity/Q268673,music of the United Kingdom,
http://www.wikidata.org/entity/Q116764487,British metal music,http://www.wikidata.org/entity/Q12326776,metal music,
http://www.wikidata.org/entity/Q116777655,music of Congo,http://www.wikidata.org/entity/Q106588687,music of Central Africa,
http://www.wikidata.org/entity/Q116780115,sludgefest,http://www.wikidata.org/entity/Q106844185,daycore,
http://www.wikidata.org/entity/Q116782420,corridos prohibidos,http://www.wikidata.org/entity/Q7309098,regional Mexican,
http://www.wikidata.org/entity/Q116782420,corridos prohibidos,http://www.wikidata.org/entity/Q101440473,sierreña,
http://www.wikidata.org/entity/Q116875230,gospel house,http://www.wikidata.org/entity/Q20502,house music,1987-01-01T00:00:00Z
http://www.wikidata.org/entity/Q116875242,tanjidor music,http://www.wikidata.org/entity/Q1210921,music of Indonesia,
http://www.wikidata.org/entity/Q116875252,Baroque suite,http://www.wikidata.org/entity/Q3328676,music of Europe,
http://www.wikidata.org/entity/Q116875252,Baroque suite,http://www.wikidata.org/entity/Q118738876,classical dance music,
http://www.wikidata.org/entity/Q116884389,son,http://www.wikidata.org/entity/Q18345375,Latin music,
http://www.wikidata.org/entity/Q116897627,music of Tyrol,http://www.wikidata.org/entity/Q2090712,music of Austria,
http://www.wikidata.org/entity/Q116897627,music of Tyrol,http://www.wikidata.org/entity/Q3679098,music of Italy,
http://www.wikidata.org/entity/Q116952929,hyper techno,http://www.wikidata.org/entity/Q898709,rave music,
http://www.wikidata.org/entity/Q116952981,gusle music,http://www.wikidata.org/entity/Q25047660,Serbian folk music,
http://www.wikidata.org/entity/Q116960000,no melody trap,http://www.wikidata.org/entity/Q2913982,trap music,
http://www.wikidata.org/entity/Q116971511,kolo music,http://www.wikidata.org/entity/Q98528192,European folk music,
http://www.wikidata.org/entity/Q116972319,first wave black metal,http://www.wikidata.org/entity/Q132438,black metal,1983-01-01T00:00:00Z
http://www.wikidata.org/entity/Q116973456,Maghreb music,http://www.wikidata.org/entity/Q11400811,music of North Africa,
http://www.wikidata.org/entity/Q116979673,British trad rock,http://www.wikidata.org/entity/Q2566660,British rock,
http://www.wikidata.org/entity/Q116984510,tundra blues,http://www.wikidata.org/entity/Q7409412,Sami music,
http://www.wikidata.org/entity/Q116985035,electronic pop,http://www.wikidata.org/entity/Q9778,electronic music,1969-01-01T00:00:00Z
http://www.wikidata.org/entity/Q116985035,electronic pop,http://www.wikidata.org/entity/Q37073,pop music,1969-01-01T00:00:00Z
http://www.wikidata.org/entity/Q116985269,hotel pop,http://www.wikidata.org/entity/Q37073,pop music,
http://www.wikidata.org/entity/Q116985269,hotel pop,http://www.wikidata.org/entity/Q3868594,music of Kenya,
http://www.wikidata.org/entity/Q117000933,Eastern European pop,http://www.wikidata.org/entity/Q37073,pop music,
http://www.wikidata.org/entity/Q117000933,Eastern European pop,http://www.wikidata.org/entity/Q108857328,music of Eastern Europe,
http://www.wikidata.org/entity/Q117000942,Croatian pop,http://www.wikidata.org/entity/Q37073,pop music,
http://www.wikidata.org/entity/Q7361460,rom kbach,http://www.wikidata.org/entity/Q108297206,Cambodian pop,
http://www.wikidata.org/entity/Q7361853,Roman Catholic Marian music,http://www.wikidata.org/entity/Q101417642,Catholic music,
http://www.wikidata.org/entity/Q7362652,Romanian peasant music,http://www.wikidata.org/entity/Q12736123,Romanian folk music,
http://www.wikidata.org/entity/Q7362666,Romanian rock,http://www.wikidata.org/entity/Q11399,rock music,
http://www.wikidata.org/entity/Q7362666,Romanian rock,http://www.wikidata.org/entity/Q852210,music of Romania,
http://www.wikidata.org/entity/Q7362864,Romani hip hop,http://www.wikidata.org/entity/Q11401,hip-hop,
http://www.wikidata.org/entity/Q7362864,Romani hip hop,http://www.wikidata.org/entity/Q1268283,Romani music,
http://www.wikidata.org/entity/Q7382074,Russian liturgical music,http://www.wikidata.org/entity/Q88347179,Russian religious music,
http://www.wikidata.org/entity/Q7382074,Russian liturgical music,http://www.wikidata.org/entity/Q139566472,East Slavic church music,
http://www.wikidata.org/entity/Q7382101,Russian Orthodox bell ringing,http://www.wikidata.org/entity/Q139566472,East Slavic church music,
http://www.wikidata.org/entity/Q7385628,Ryūkōka,http://www.wikidata.org/entity/Q257533,music of Japan,
http://www.wikidata.org/entity/Q7397088,Sacred Harp,http://www.wikidata.org/entity/Q2267955,music of the United States,1800-01-01T00:00:00Z
http://www.wikidata.org/entity/Q7397088,Sacred Harp,http://www.wikidata.org/entity/Q6452410,Christian music,1800-01-01T00:00:00Z
http://www.wikidata.org/entity/Q7397088,Sacred Harp,http://www.wikidata.org/entity/Q64137792,religious vocal music,1800-01-01T00:00:00Z
http://www.wikidata.org/entity/Q7397320,Sacred Steel,http://www.wikidata.org/entity/Q106085531,black gospel music,
http://www.wikidata.org/entity/Q7397641,sadcore,http://www.wikidata.org/entity/Q11366,alternative rock,1988-01-01T00:00:00Z
http://www.wikidata.org/entity/Q7402234,Saint Thomas Christian music,http://www.wikidata.org/entity/Q6452410,Christian music,
http://www.wikidata.org/entity/Q7405759,salsa dura,http://www.wikidata.org/entity/Q208239,salsa,1975-01-01T00:00:00Z
http://www.wikidata.org/entity/Q7405765,salsa romántica,http://www.wikidata.org/entity/Q208239,salsa,
http://www.wikidata.org/entity/Q7406498,Salvadoran hip hop,http://www.wikidata.org/entity/Q3827483,Latin hip-hop,
http://www.wikidata.org/entity/Q7406498,Salvadoran hip hop,http://www.wikidata.org/entity/Q6942071,music of El Salvador,
http://www.wikidata.org/entity/Q7409412,Sami music,http://www.wikidata.org/entity/Q26302245,music of the Nordic countries,
http://www.wikidata.org/entity/Q7409969,Samoan hip-hop,http://www.wikidata.org/entity/Q11401,hip-hop,
http://www.wikidata.org/entity/Q7409969,Samoan hip-hop,http://www.wikidata.org/entity/Q16191837,music of Samoa,
http://www.wikidata.org/entity/Q7410145,sampledelia,http://www.wikidata.org/entity/Q373342,popular music,
http://www.wikidata.org/entity/Q7410295,samri,http://www.wikidata.org/entity/Q585588,Khaliji,
http://www.wikidata.org/entity/Q7410295,samri,http://www.wikidata.org/entity/Q4879372,Bedouin music,
http://www.wikidata.org/entity/Q7418014,Sangini,http://www.wikidata.org/entity/Q3328735,music of Nepal,
http://www.wikidata.org/entity/Q7420501,Santo Daime hymns,http://www.wikidata.org/entity/Q1065742,religious music,
http://www.wikidata.org/entity/Q7425759,Sassanid music,http://www.wikidata.org/entity/Q11223087,Persian traditional music,
http://www.wikidata.org/entity/Q7426239,satirical hip hop,http://www.wikidata.org/entity/Q602646,comedy hip-hop,
http://www.wikidata.org/entity/Q7438078,Scottish hip-hop,http://www.wikidata.org/entity/Q469343,UK rap,
http://www.wikidata.org/entity/Q7438078,Scottish hip-hop,http://www.wikidata.org/entity/Q1048469,music of Scotland,
http://www.wikidata.org/entity/Q7438911,screamer,http://www.wikidata.org/entity/Q211025,march,
http://www.wikidata.org/entity/Q7439349,Scrumpy and Western,http://www.wikidata.org/entity/Q1548170,musical comedy,
http://www.wikidata.org/entity/Q7439349,Scrumpy and Western,http://www.wikidata.org/entity/Q1771297,English folk music,
http://www.wikidata.org/entity/Q7444764,Jewish secular music,http://www.wikidata.org/entity/Q1716019,Jewish music,
http://www.wikidata.org/entity/Q7444764,Jewish secular music,http://www.wikidata.org/entity/Q2707298,secular music,
http://www.wikidata.org/entity/Q7450478,Senegalese hip hop,http://www.wikidata.org/entity/Q387236,African hip-hop,
http://www.wikidata.org/entity/Q7450478,Senegalese hip hop,http://www.wikidata.org/entity/Q3328770,music of Senegal,
http://www.wikidata.org/entity/Q7452955,Serbian rock,http://www.wikidata.org/entity/Q11399,rock music,
http://www.wikidata.org/entity/Q7452955,Serbian rock,http://www.wikidata.org/entity/Q2363645,music of Serbia,
http://www.wikidata.org/entity/Q7456197,sesube,http://www.wikidata.org/entity/Q106586248,music of East Africa,
http://www.wikidata.org/entity/Q7482056,Irish folk music,http://www.wikidata.org/entity/Q1378776,music of Ireland,
http://www.wikidata.org/entity/Q7482056,Irish folk music,http://www.wikidata.org/entity/Q98528277,Celtic folk music,
http://www.wikidata.org/entity/Q7487815,shan'ge,http://www.wikidata.org/entity/Q502658,work song,
http://www.wikidata.org/entity/Q7487815,shan'ge,http://www.wikidata.org/entity/Q51446080,Chinese traditional music,
http://www.wikidata.org/entity/Q7489094,Shanto,http://www.wikidata.org/entity/Q6942110,music of Guyana,
http://www.wikidata.org/entity/Q7496127,shidaiqu,http://www.wikidata.org/entity/Q277393,music of China,1920-01-01T00:00:00Z
http://www.wikidata.org/entity/Q7497655,shinkyoku,http://www.wikidata.org/entity/Q257533,music of Japan,
http://www.wikidata.org/entity/Q7500354,Shona music,http://www.wikidata.org/entity/Q98528232,music of Southern Africa,
http://www.wikidata.org/entity/Q7523217,Singapore hip hop,http://www.wikidata.org/entity/Q4806789,Asian hip-hop,
http://www.wikidata.org/entity/Q7523217,Singapore hip hop,http://www.wikidata.org/entity/Q6942275,music of Singapore,
http://www.wikidata.org/entity/Q7535166,skiladiko,http://www.wikidata.org/entity/Q2087267,laïko,
http://www.wikidata.org/entity/Q7541571,Slovak folk music,http://www.wikidata.org/entity/Q2381945,music of Slovakia,
http://www.wikidata.org/entity/Q7541571,Slovak folk music,http://www.wikidata.org/entity/Q16679594,Slavic folk music,
http://www.wikidata.org/entity/Q7541854,Slovenian hip hop,http://www.wikidata.org/entity/Q3328766,music of Slovenia,
http://www.wikidata.org/entity/Q7541854,Slovenian hip hop,http://www.wikidata.org/entity/Q5413526,European hip-hop,
http://www.wikidata.org/entity/Q7542391,slutwave,http://www.wikidata.org/entity/Q37073,pop music,2008-01-01T00:00:00Z
http://www.wikidata.org/entity/Q7555120,sokkie,http://www.wikidata.org/entity/Q13034199,Afrikaans music,
http://www.wikidata.org/entity/Q7560584,son huasteco,http://www.wikidata.org/entity/Q6825988,son mexicano,
http://www.wikidata.org/entity/Q7560585,son jaliscience,http://www.wikidata.org/entity/Q6825988,son mexicano,
http://www.wikidata.org/entity/Q7560612,son calentano,http://www.wikidata.org/entity/Q6825988,son mexicano,1930-01-01T00:00:00Z
http://www.wikidata.org/entity/Q7565243,sousedská,http://www.wikidata.org/entity/Q9730,classical music,
http://www.wikidata.org/entity/Q7565881,South African jazz,http://www.wikidata.org/entity/Q8341,jazz,
http://www.wikidata.org/entity/Q7565881,South African jazz,http://www.wikidata.org/entity/Q4794612,music of South Africa,
http://www.wikidata.org/entity/Q7573316,Spanish traditional Christian music,http://www.wikidata.org/entity/Q6452410,Christian music,
http://www.wikidata.org/entity/Q7573410,Spanish jazz,http://www.wikidata.org/entity/Q8341,jazz,
http://www.wikidata.org/entity/Q7573410,Spanish jazz,http://www.wikidata.org/entity/Q964987,music of Spain,
http://www.wikidata.org/entity/Q7580152,spouge,http://www.wikidata.org/entity/Q54365,ska,
http://www.wikidata.org/entity/Q7580152,spouge,http://www.wikidata.org/entity/Q752785,calypso,
http://www.wikidata.org/entity/Q7602145,starogradska muzika,http://www.wikidata.org/entity/Q25047660,Serbian folk music,
http://www.wikidata.org/entity/Q7602145,starogradska muzika,http://www.wikidata.org/entity/Q108866081,Macedonian folk music,
http://www.wikidata.org/entity/Q7624424,stronda,http://www.wikidata.org/entity/Q3135796,Brazilian hip-hop,
http://www.wikidata.org/entity/Q7634691,Sugama Sangeetha,http://www.wikidata.org/entity/Q15720097,bhavageete,
http://www.wikidata.org/entity/Q7650647,Suyá music,http://www.wikidata.org/entity/Q899215,music of Brazil,
http://www.wikidata.org/entity/Q7650647,Suyá music,http://www.wikidata.org/entity/Q107138217,indigenous music of South America,
http://www.wikidata.org/entity/Q7654105,Swazi traditional music,http://www.wikidata.org/entity/Q4306577,music of Eswatini,
http://www.wikidata.org/entity/Q7654105,Swazi traditional music,http://www.wikidata.org/entity/Q98528210,Southern African folk music,
http://www.wikidata.org/entity/Q7654953,Swedish folk music,http://www.wikidata.org/entity/Q846784,music of Sweden,
http://www.wikidata.org/entity/Q7654953,Swedish folk music,http://www.wikidata.org/entity/Q98528192,European folk music,
http://www.wikidata.org/entity/Q7655004,Swedish jazz,http://www.wikidata.org/entity/Q8341,jazz,
http://www.wikidata.org/entity/Q7655004,Swedish jazz,http://www.wikidata.org/entity/Q846784,music of Sweden,
http://www.wikidata.org/entity/Q7663198,Syriac sacral music,http://www.wikidata.org/entity/Q1065742,religious music,
http://www.wikidata.org/entity/Q7663254,Syriac chant,http://www.wikidata.org/entity/Q23072435,chant,
http://www.wikidata.org/entity/Q7667734,T'ong guitar,http://www.wikidata.org/entity/Q6942280,music of South Korea,1970-01-01T00:00:00Z
http://www.wikidata.org/entity/Q7672468,TV track,http://www.wikidata.org/entity/Q1193470,theme music,2000-01-01T00:00:00Z
http://www.wikidata.org/entity/Q7675233,Tagh,http://www.wikidata.org/entity/Q2665906,music of Armenia,
http://www.wikidata.org/entity/Q7675233,Tagh,http://www.wikidata.org/entity/Q23072435,chant,
http://www.wikidata.org/entity/Q7676613,Taiwanese hip hop,http://www.wikidata.org/entity/Q956925,music of Taiwan,
http://www.wikidata.org/entity/Q7676613,Taiwanese hip hop,http://www.wikidata.org/entity/Q4806789,Asian hip-hop,
http://www.wikidata.org/entity/Q7676623,Taiwanese rock,http://www.wikidata.org/entity/Q11399,rock music,
http://www.wikidata.org/entity/Q30692559,Weird Soundcloud,http://www.wikidata.org/entity/Q7205507,plunderphonics,
http://www.wikidata.org/entity/Q30765672,turbine,http://www.wikidata.org/entity/Q170611,techno,
http://www.wikidata.org/entity/Q30879806,avant-garde hip hop,http://www.wikidata.org/entity/Q5421158,experimental hip-hop,
http://www.wikidata.org/entity/Q30895273,Sovietwave,http://www.wikidata.org/entity/Q19938910,synthwave,
http://www.wikidata.org/entity/Q30902501,tecnorumba,http://www.wikidata.org/entity/Q211756,dance-pop,1989-01-01T00:00:00Z
http://www.wikidata.org/entity/Q30902501,tecnorumba,http://www.wikidata.org/entity/Q851213,electronic dance music,1989-01-01T00:00:00Z
http://www.wikidata.org/entity/Q30902501,tecnorumba,http://www.wikidata.org/entity/Q964987,music of Spain,1989-01-01T00:00:00Z
http://www.wikidata.org/entity/Q30904272,Argentinian blues,http://www.wikidata.org/entity/Q9759,blues,
http://www.wikidata.org/entity/Q30904272,Argentinian blues,http://www.wikidata.org/entity/Q645992,music of Argentina,
http://www.wikidata.org/entity/Q30909062,Jotas del Ebro,http://www.wikidata.org/entity/Q252626,jota,
http://www.wikidata.org/entity/Q30912564,Taiwanese mandopop,http://www.wikidata.org/entity/Q956925,music of Taiwan,
http://www.wikidata.org/entity/Q30912564,Taiwanese mandopop,http://www.wikidata.org/entity/Q973150,mandopop,
http://www.wikidata.org/entity/Q30912999,German techno,http://www.wikidata.org/entity/Q170611,techno,
http://www.wikidata.org/entity/Q30912999,German techno,http://www.wikidata.org/entity/Q2743758,music of Germany,
http://www.wikidata.org/entity/Q30917047,classic trance,http://www.wikidata.org/entity/Q170435,trance,
http://www.wikidata.org/entity/Q30917612,Eurohouse,http://www.wikidata.org/entity/Q20502,house music,1988-01-01T00:00:00Z
http://www.wikidata.org/entity/Q30919272,artcore drum and bass,http://www.wikidata.org/entity/Q2615500,intelligent drum and bass,1995-01-01T00:00:00Z
http://www.wikidata.org/entity/Q30931016,samba duro,http://www.wikidata.org/entity/Q11403,samba,
http://www.wikidata.org/entity/Q30934395,pessoal do Ceará,http://www.wikidata.org/entity/Q899215,music of Brazil,
http://www.wikidata.org/entity/Q30971904,author acoustic song,http://www.wikidata.org/entity/Q286080,acoustic music,
http://www.wikidata.org/entity/Q30971904,author acoustic song,http://www.wikidata.org/entity/Q4056436,bard song,
http://www.wikidata.org/entity/Q31174954,koplo,http://www.wikidata.org/entity/Q1159539,dangdut,
http://www.wikidata.org/entity/Q31197689,gothic death-doom,http://www.wikidata.org/entity/Q483251,death metal,
http://www.wikidata.org/entity/Q31197689,gothic death-doom,http://www.wikidata.org/entity/Q6042534,gothic doom metal,
http://www.wikidata.org/entity/Q31362119,Kilalaky dadamosy,http://www.wikidata.org/entity/Q109271585,Malagasy folk music,
http://www.wikidata.org/entity/Q31449844,Kyrgyz film music,http://www.wikidata.org/entity/Q492264,film score,
http://www.wikidata.org/entity/Q31449844,Kyrgyz film music,http://www.wikidata.org/entity/Q20627595,Kyrgyz music,
http://www.wikidata.org/entity/Q31450035,joktoo küülörü,http://www.wikidata.org/entity/Q6942044,music of Central Asia,
http://www.wikidata.org/entity/Q31450746,köŋül aytuu ırları,http://www.wikidata.org/entity/Q1229479,lamentation,
http://www.wikidata.org/entity/Q31450746,köŋül aytuu ırları,http://www.wikidata.org/entity/Q13170510,Kyrgyz folk music,
http://www.wikidata.org/entity/Q31795541,khüree duu,http://www.wikidata.org/entity/Q19880374,Mongolian folk music,
http://www.wikidata.org/entity/Q31836693,jungle terror,http://www.wikidata.org/entity/Q114880130,bass music (EDM),2011-01-01T00:00:00Z
http://www.wikidata.org/entity/Q31837446,dark jazz,http://www.wikidata.org/entity/Q8341,jazz,
http://www.wikidata.org/entity/Q31837971,NS-rap,http://www.wikidata.org/entity/Q11401,hip-hop,
http://www.wikidata.org/entity/Q31837971,NS-rap,http://www.wikidata.org/entity/Q121411631,neo-nazi music,
http://www.wikidata.org/entity/Q31930766,symphonic power metal,http://www.wikidata.org/entity/Q57143,power metal,
http://www.wikidata.org/entity/Q31930766,symphonic power metal,http://www.wikidata.org/entity/Q486415,symphonic metal,
http://www.wikidata.org/entity/Q33160145,ambient pop,http://www.wikidata.org/entity/Q37073,pop music,
http://www.wikidata.org/entity/Q33246019,big-beat (Eastern bloc),http://www.wikidata.org/entity/Q11399,rock music,
http://www.wikidata.org/entity/Q35121365,Balkan ballad,http://www.wikidata.org/entity/Q1077388,sentimental ballad,
http://www.wikidata.org/entity/Q35121365,Balkan ballad,http://www.wikidata.org/entity/Q3211884,music of the Balkans,
http://www.wikidata.org/entity/Q37681995,Sangita,http://www.wikidata.org/entity/Q531426,music of India,
http://www.wikidata.org/entity/Q37731261,Almlied,http://www.wikidata.org/entity/Q252833,Alpine folk music,
http://www.wikidata.org/entity/Q37731261,Almlied,http://www.wikidata.org/entity/Q40039114,Volkslied,
http://www.wikidata.org/entity/Q39046042,menzuma,http://www.wikidata.org/entity/Q1755959,Sufi music,
http://www.wikidata.org/entity/Q39046042,menzuma,http://www.wikidata.org/entity/Q23072435,chant,
http://www.wikidata.org/entity/Q39046042,menzuma,http://www.wikidata.org/entity/Q109615856,Ethiopic music,
http://www.wikidata.org/entity/Q39046859,harsh noise wall,http://www.wikidata.org/entity/Q16562829,harsh noise,
http://www.wikidata.org/entity/Q39052425,Midwest emo,http://www.wikidata.org/entity/Q10926,emo,
http://www.wikidata.org/entity/Q39052425,Midwest emo,http://www.wikidata.org/entity/Q183504,indie rock,
http://www.wikidata.org/entity/Q39052604,nu metalcore,http://www.wikidata.org/entity/Q263734,nu metal,
http://www.wikidata.org/entity/Q39075405,Italian punk rock,http://www.wikidata.org/entity/Q3071,punk rock,
http://www.wikidata.org/entity/Q39075405,Italian punk rock,http://www.wikidata.org/entity/Q3679098,music of Italy,
http://www.wikidata.org/entity/Q39760174,Rera,http://www.wikidata.org/entity/Q107331898,Croatian folk music,
http://www.wikidata.org/entity/Q40039114,Volkslied,http://www.wikidata.org/entity/Q216860,Lied,
http://www.wikidata.org/entity/Q40379540,Moroccan malhun,http://www.wikidata.org/entity/Q2346484,music of Morocco,
http://www.wikidata.org/entity/Q40379540,Moroccan malhun,http://www.wikidata.org/entity/Q3305039,malhun,
http://www.wikidata.org/entity/Q42525933,Lutheran hymn,http://www.wikidata.org/entity/Q856713,Christian hymn,
http://www.wikidata.org/entity/Q42681198,propaganda music,http://www.wikidata.org/entity/Q26897135,functional music,
http://www.wikidata.org/entity/Q47005557,Breton rock,http://www.wikidata.org/entity/Q910606,music of Brittany,
http://www.wikidata.org/entity/Q47005557,Breton rock,http://www.wikidata.org/entity/Q2662148,Celtic rock,
http://www.wikidata.org/entity/Q47074428,SoundCloud rap,http://www.wikidata.org/entity/Q11401,hip-hop,
http://www.wikidata.org/entity/Q47781397,EDM trap music,http://www.wikidata.org/entity/Q114880130,bass music (EDM),2010-01-01T00:00:00Z
http://www.wikidata.org/entity/Q48297861,Welsh folk music,http://www.wikidata.org/entity/Q109916244,British folk music,
http://www.wikidata.org/entity/Q48359853,cante chico,http://www.wikidata.org/entity/Q3655696,cante flamenco,
http://www.wikidata.org/entity/Q48549789,Böhmerwaldlieder,http://www.wikidata.org/entity/Q216860,Lied,
http://www.wikidata.org/entity/Q48723594,Vedic chant,http://www.wikidata.org/entity/Q484692,hymn,
http://www.wikidata.org/entity/Q48723594,Vedic chant,http://www.wikidata.org/entity/Q23072435,chant,
http://www.wikidata.org/entity/Q48723594,Vedic chant,http://www.wikidata.org/entity/Q98528267,music of South Asia,
http://www.wikidata.org/entity/Q48747276,lamentu,http://www.wikidata.org/entity/Q1229479,lamentation,
http://www.wikidata.org/entity/Q48767281,Irish hip hop,http://www.wikidata.org/entity/Q1378776,music of Ireland,
http://www.wikidata.org/entity/Q48767281,Irish hip hop,http://www.wikidata.org/entity/Q5413526,European hip-hop,
http://www.wikidata.org/entity/Q48770362,Chilean electronic music,http://www.wikidata.org/entity/Q9778,electronic music,
http://www.wikidata.org/entity/Q48770362,Chilean electronic music,http://www.wikidata.org/entity/Q3889385,music of Chile,
http://www.wikidata.org/entity/Q48770364,emo revival,http://www.wikidata.org/entity/Q10926,emo,
http://www.wikidata.org/entity/Q48783348,Borankana,http://www.wikidata.org/entity/Q1132929,music of Botswana,
http://www.wikidata.org/entity/Q48783464,Tsutsube,http://www.wikidata.org/entity/Q1132929,music of Botswana,
http://www.wikidata.org/entity/Q48783464,Tsutsube,http://www.wikidata.org/entity/Q98528210,Southern African folk music,
http://www.wikidata.org/entity/Q48792190,Britpop revival,http://www.wikidata.org/entity/Q189045,Britpop,
http://www.wikidata.org/entity/Q48810672,English Pastoral School,http://www.wikidata.org/entity/Q9730,classical music,
http://www.wikidata.org/entity/Q48810672,English Pastoral School,http://www.wikidata.org/entity/Q268673,music of the United Kingdom,
http://www.wikidata.org/entity/Q48810672,English Pastoral School,http://www.wikidata.org/entity/Q1472271,pastoral,
http://www.wikidata.org/entity/Q48810672,English Pastoral School,http://www.wikidata.org/entity/Q121032006,national music,
http://www.wikidata.org/entity/Q48834745,orchestral pop,http://www.wikidata.org/entity/Q37073,pop music,1960-01-01T00:00:00Z
http://www.wikidata.org/entity/Q48834745,orchestral pop,http://www.wikidata.org/entity/Q3328774,symphonic music,1960-01-01T00:00:00Z
http://www.wikidata.org/entity/Q48941193,Tatar pop,http://www.wikidata.org/entity/Q37073,pop music,
http://www.wikidata.org/entity/Q48941193,Tatar pop,http://www.wikidata.org/entity/Q106626655,Tatar music,
http://www.wikidata.org/entity/Q48971892,dungeon synth,http://www.wikidata.org/entity/Q373342,popular music,1991-01-01T00:00:00Z
http://www.wikidata.org/entity/Q48996475,Romanza,http://www.wikidata.org/entity/Q163775,medieval music,
http://www.wikidata.org/entity/Q49096106,Swedish R&B,http://www.wikidata.org/entity/Q846784,music of Sweden,
http://www.wikidata.org/entity/Q49096106,Swedish R&B,http://www.wikidata.org/entity/Q850412,contemporary R&B,
http://www.wikidata.org/entity/Q51446080,Chinese traditional music,http://www.wikidata.org/entity/Q277393,music of China,
http://www.wikidata.org/entity/Q51446080,Chinese traditional music,http://www.wikidata.org/entity/Q106586250,East Asian folk music,
http://www.wikidata.org/entity/Q117001315,Chilean cueca,http://www.wikidata.org/entity/Q766240,cueca,
http://www.wikidata.org/entity/Q117001315,Chilean cueca,http://www.wikidata.org/entity/Q3889385,music of Chile,
http://www.wikidata.org/entity/Q117003970,Ilorin Waka,http://www.wikidata.org/entity/Q1482325,Islamic music,
http://www.wikidata.org/entity/Q117003970,Ilorin Waka,http://www.wikidata.org/entity/Q9048265,Yoruba music,
http://www.wikidata.org/entity/Q117031611,keisatsu uta,http://www.wikidata.org/entity/Q257533,music of Japan,
http://www.wikidata.org/entity/Q117033811,horo music,http://www.wikidata.org/entity/Q12274232,Bulgarian folk music,
http://www.wikidata.org/entity/Q117048629,minyo,http://www.wikidata.org/entity/Q107000797,Korean folk music,
http://www.wikidata.org/entity/Q117074058,Adamma Dance,http://www.wikidata.org/entity/Q316930,dance music,
http://www.wikidata.org/entity/Q117074058,Adamma Dance,http://www.wikidata.org/entity/Q3328778,tropical music,
http://www.wikidata.org/entity/Q117187170,synagogue music,http://www.wikidata.org/entity/Q10978770,Jewish religious music,
http://www.wikidata.org/entity/Q117187744,Jewish liturgical music,http://www.wikidata.org/entity/Q935586,liturgical music,
http://www.wikidata.org/entity/Q117187744,Jewish liturgical music,http://www.wikidata.org/entity/Q10978770,Jewish religious music,
http://www.wikidata.org/entity/Q117193811,mambo chileno,http://www.wikidata.org/entity/Q3889385,music of Chile,
http://www.wikidata.org/entity/Q117193815,slushwave,http://www.wikidata.org/entity/Q15733887,vaporwave,2013-01-01T00:00:00Z
http://www.wikidata.org/entity/Q117193818,tecnofunk,http://www.wikidata.org/entity/Q1634085,tecno brega,
http://www.wikidata.org/entity/Q117193818,tecnofunk,http://www.wikidata.org/entity/Q117745223,Brazilian funk,
http://www.wikidata.org/entity/Q117198196,cruise,http://www.wikidata.org/entity/Q851213,electronic dance music,2019-01-01T00:00:00Z
http://www.wikidata.org/entity/Q117198196,cruise,http://www.wikidata.org/entity/Q2738838,music of Nigeria,2019-01-01T00:00:00Z
http://www.wikidata.org/entity/Q117209626,Karlin tunes,http://www.wikidata.org/entity/Q1989725,nigun,
http://www.wikidata.org/entity/Q117209626,Karlin tunes,http://www.wikidata.org/entity/Q20819985,Hasidic music,
http://www.wikidata.org/entity/Q117209634,Slonim niggunim,http://www.wikidata.org/entity/Q1989725,nigun,
http://www.wikidata.org/entity/Q117209634,Slonim niggunim,http://www.wikidata.org/entity/Q20819985,Hasidic music,
http://www.wikidata.org/entity/Q117223398,calipso venezolano,http://www.wikidata.org/entity/Q752785,calypso,
http://www.wikidata.org/entity/Q117223398,calipso venezolano,http://www.wikidata.org/entity/Q2486179,music of Venezuela,
http://www.wikidata.org/entity/Q117223451,Volga Tatar folk music,http://www.wikidata.org/entity/Q4452477,Tatar folk music,
http://www.wikidata.org/entity/Q117223451,Volga Tatar folk music,http://www.wikidata.org/entity/Q110874824,Volga-Ural folk music,
http://www.wikidata.org/entity/Q117261741,tôba hanyé,http://www.wikidata.org/entity/Q235858,traditional folk music,
http://www.wikidata.org/entity/Q117261741,tôba hanyé,http://www.wikidata.org/entity/Q10334885,music of Benin,
http://www.wikidata.org/entity/Q117261805,tchingounmè,http://www.wikidata.org/entity/Q235858,traditional folk music,
http://www.wikidata.org/entity/Q117261805,tchingounmè,http://www.wikidata.org/entity/Q10334885,music of Benin,
http://www.wikidata.org/entity/Q117302049,Azerbaijani kemancha playing,http://www.wikidata.org/entity/Q724104,music of Azerbaijan,
http://www.wikidata.org/entity/Q117348352,traditional québécois music,http://www.wikidata.org/entity/Q235858,traditional folk music,
http://www.wikidata.org/entity/Q117348352,traditional québécois music,http://www.wikidata.org/entity/Q3328756,music of Quebec,
http://www.wikidata.org/entity/Q117353741,generative improvisation,http://www.wikidata.org/entity/Q592060,free improvisation,1992-01-01T00:00:00Z
http://www.wikidata.org/entity/Q117353741,generative improvisation,http://www.wikidata.org/entity/Q1049625,musical improvisation,1992-01-01T00:00:00Z
http://www.wikidata.org/entity/Q117405746,raggatek,http://www.wikidata.org/entity/Q113600471,hardtek,
http://www.wikidata.org/entity/Q117487034,New Direction,http://www.wikidata.org/entity/Q7382074,Russian liturgical music,
http://www.wikidata.org/entity/Q117632843,Sardinian folk music,http://www.wikidata.org/entity/Q1048249,Italian folk music,
http://www.wikidata.org/entity/Q117632843,Sardinian folk music,http://www.wikidata.org/entity/Q6942263,music of Sardinia,
http://www.wikidata.org/entity/Q117632917,northeastern Brazilian music,http://www.wikidata.org/entity/Q899215,music of Brazil,
http://www.wikidata.org/entity/Q117745223,Brazilian funk,http://www.wikidata.org/entity/Q899215,music of Brazil,1989-01-01T00:00:00Z
http://www.wikidata.org/entity/Q117745223,Brazilian funk,http://www.wikidata.org/entity/Q11787389,club/dance music,1989-01-01T00:00:00Z
http://www.wikidata.org/entity/Q117745223,Brazilian funk,http://www.wikidata.org/entity/Q114880124,US bass music,1989-01-01T00:00:00Z
http://www.wikidata.org/entity/Q117745336,Gogo music,http://www.wikidata.org/entity/Q3868600,music of Tanzania,
http://www.wikidata.org/entity/Q117745444,pop minang,http://www.wikidata.org/entity/Q37073,pop music,
http://www.wikidata.org/entity/Q117745444,pop minang,http://www.wikidata.org/entity/Q12499697,Minangkabau music,
http://www.wikidata.org/entity/Q117745523,Batak music,http://www.wikidata.org/entity/Q1210921,music of Indonesia,
http://www.wikidata.org/entity/Q117745523,Batak music,http://www.wikidata.org/entity/Q108297183,Austronesian music,
http://www.wikidata.org/entity/Q117750973,powerstomp,http://www.wikidata.org/entity/Q2374619,UK hardcore,
http://www.wikidata.org/entity/Q117824808,northern Brazilian music,http://www.wikidata.org/entity/Q899215,music of Brazil,
http://www.wikidata.org/entity/Q117843679,Karakalpak music,http://www.wikidata.org/entity/Q6942044,music of Central Asia,
http://www.wikidata.org/entity/Q117873051,Atulprasadi,http://www.wikidata.org/entity/Q3349675,music of Bengal,
http://www.wikidata.org/entity/Q118114324,shabad kirtan,http://www.wikidata.org/entity/Q947155,kirtan,
http://www.wikidata.org/entity/Q118114324,shabad kirtan,http://www.wikidata.org/entity/Q1770695,Hindustani classical music,
http://www.wikidata.org/entity/Q118120091,South African folk music,http://www.wikidata.org/entity/Q4794612,music of South Africa,
http://www.wikidata.org/entity/Q118120091,South African folk music,http://www.wikidata.org/entity/Q98528210,Southern African folk music,
http://www.wikidata.org/entity/Q118120984,Punjabi pop,http://www.wikidata.org/entity/Q3535998,Indian pop,
http://www.wikidata.org/entity/Q118123304,post-folk,http://www.wikidata.org/entity/Q43343,folk music,
http://www.wikidata.org/entity/Q118123362,triki-pop,http://www.wikidata.org/entity/Q37073,pop music,
http://www.wikidata.org/entity/Q118123362,triki-pop,http://www.wikidata.org/entity/Q29252685,trikiti,
http://www.wikidata.org/entity/Q118146876,Urdu music,http://www.wikidata.org/entity/Q98528267,music of South Asia,
http://www.wikidata.org/entity/Q118146890,Telugu music,http://www.wikidata.org/entity/Q531426,music of India,
http://www.wikidata.org/entity/Q118146900,Haryanvi music,http://www.wikidata.org/entity/Q531426,music of India,
http://www.wikidata.org/entity/Q118150969,Christmas country music,http://www.wikidata.org/entity/Q83440,country music,
http://www.wikidata.org/entity/Q118150969,Christmas country music,http://www.wikidata.org/entity/Q1443316,Christmas music,
http://www.wikidata.org/entity/Q118151172,Jewish holiday music,http://www.wikidata.org/entity/Q1716019,Jewish music,
http://www.wikidata.org/entity/Q118151172,Jewish holiday music,http://www.wikidata.org/entity/Q107033384,holiday music,
http://www.wikidata.org/entity/Q118151323,Kannada music,http://www.wikidata.org/entity/Q531426,music of India,
http://www.wikidata.org/entity/Q118151324,khaleeji jalsat,http://www.wikidata.org/entity/Q585588,Khaliji,
http://www.wikidata.org/entity/Q118151325,khaleeji shailat,http://www.wikidata.org/entity/Q585588,Khaliji,
http://www.wikidata.org/entity/Q118151326,Malayalam music,http://www.wikidata.org/entity/Q531426,music of India,
http://www.wikidata.org/entity/Q118151327,Marathi music,http://www.wikidata.org/entity/Q531426,music of India,
http://www.wikidata.org/entity/Q118176163,Oromo music,http://www.wikidata.org/entity/Q106595599,music of Northeast Africa,
http://www.wikidata.org/entity/Q118177578,Colombian folk music,http://www.wikidata.org/entity/Q920883,music of Colombia,
http://www.wikidata.org/entity/Q118177578,Colombian folk music,http://www.wikidata.org/entity/Q98528197,Hispanic American folk music,
http://www.wikidata.org/entity/Q118210225,Alpine music,http://www.wikidata.org/entity/Q3328676,music of Europe,
http://www.wikidata.org/entity/Q118255449,mchiriku,http://www.wikidata.org/entity/Q3868600,music of Tanzania,
http://www.wikidata.org/entity/Q118324067,MIDI music,http://www.wikidata.org/entity/Q106422444,bit music,
http://www.wikidata.org/entity/Q118367897,népének,http://www.wikidata.org/entity/Q6452410,Christian music,
http://www.wikidata.org/entity/Q118395684,orkes gambus,http://www.wikidata.org/entity/Q624044,Arabic music,
http://www.wikidata.org/entity/Q118395684,orkes gambus,http://www.wikidata.org/entity/Q1210921,music of Indonesia,
http://www.wikidata.org/entity/Q118640019,pop kreatif,http://www.wikidata.org/entity/Q1884689,Indo pop,
http://www.wikidata.org/entity/Q118640020,raw punk,http://www.wikidata.org/entity/Q1151260,D-beat,
http://www.wikidata.org/entity/Q118678057,cumbiaton,http://www.wikidata.org/entity/Q202930,reggaeton,
http://www.wikidata.org/entity/Q118678057,cumbiaton,http://www.wikidata.org/entity/Q3397325,music of Mexico,
http://www.wikidata.org/entity/Q118738876,classical dance music,http://www.wikidata.org/entity/Q9730,classical music,
http://www.wikidata.org/entity/Q118738876,classical dance music,http://www.wikidata.org/entity/Q316930,dance music,
http://www.wikidata.org/entity/Q118738993,folk dance music,http://www.wikidata.org/entity/Q235858,traditional folk music,
http://www.wikidata.org/entity/Q118738993,folk dance music,http://www.wikidata.org/entity/Q316930,dance music,
http://www.wikidata.org/entity/Q118744380,square dance music,http://www.wikidata.org/entity/Q118738993,folk dance music,
http://www.wikidata.org/entity/Q118744381,Scottish country dance music,http://www.wikidata.org/entity/Q17018487,Scottish folk music,
http://www.wikidata.org/entity/Q118744381,Scottish country dance music,http://www.wikidata.org/entity/Q118738993,folk dance music,
http://www.wikidata.org/entity/Q118744385,Latin dance music,http://www.wikidata.org/entity/Q316930,dance music,
http://www.wikidata.org/entity/Q118744385,Latin dance music,http://www.wikidata.org/entity/Q18345375,Latin music,
http://www.wikidata.org/entity/Q118744387,Khmer dance music,http://www.wikidata.org/entity/Q114594062,Khmer music,
http://www.wikidata.org/entity/Q118744387,Khmer dance music,http://www.wikidata.org/entity/Q118738993,folk dance music,
http://www.wikidata.org/entity/Q19816,batucada,http://www.wikidata.org/entity/Q11403,samba,
http://www.wikidata.org/entity/Q20378,alternative metal,http://www.wikidata.org/entity/Q1695023,alternative music,1985-01-01T00:00:00Z
http://www.wikidata.org/entity/Q20378,alternative metal,http://www.wikidata.org/entity/Q12326776,metal music,1985-01-01T00:00:00Z
http://www.wikidata.org/entity/Q20474,dubstep,http://www.wikidata.org/entity/Q114880130,bass music (EDM),2001-01-01T00:00:00Z
http://www.wikidata.org/entity/Q20502,house music,http://www.wikidata.org/entity/Q851213,electronic dance music,1982-01-01T00:00:00Z
http://www.wikidata.org/entity/Q20903,brostep,http://www.wikidata.org/entity/Q20474,dubstep,2007-01-01T00:00:00Z
http://www.wikidata.org/entity/Q21092,moombahton,http://www.wikidata.org/entity/Q851213,electronic dance music,2010-01-01T00:00:00Z
http://www.wikidata.org/entity/Q23965,music of Uruguay,http://www.wikidata.org/entity/Q727781,music of Latin America,
http://www.wikidata.org/entity/Q23965,music of Uruguay,http://www.wikidata.org/entity/Q5645984,music of South America,
http://www.wikidata.org/entity/Q24383,German rock,http://www.wikidata.org/entity/Q11399,rock music,1970-01-01T00:00:00Z
http://www.wikidata.org/entity/Q24383,German rock,http://www.wikidata.org/entity/Q2743758,music of Germany,1970-01-01T00:00:00Z
http://www.wikidata.org/entity/Q25116,Argentine tango,http://www.wikidata.org/entity/Q14390274,tango,1905-01-01T00:00:00Z
http://www.wikidata.org/entity/Q26473,Gregorian chant,http://www.wikidata.org/entity/Q827775,monody,0900-01-01T00:00:00Z
http://www.wikidata.org/entity/Q26473,Gregorian chant,http://www.wikidata.org/entity/Q2707688,plainsong,0900-01-01T00:00:00Z
http://www.wikidata.org/entity/Q27190,proto-punk,http://www.wikidata.org/entity/Q25554481,punk music,1965-01-01T00:00:00Z
http://www.wikidata.org/entity/Q37073,pop music,http://www.wikidata.org/entity/Q373342,popular music,1950-01-01T00:00:00Z
http://www.wikidata.org/entity/Q38656,jazz-funk,http://www.wikidata.org/entity/Q8341,jazz,1972-01-01T00:00:00Z
http://www.wikidata.org/entity/Q38656,jazz-funk,http://www.wikidata.org/entity/Q164444,funk,1972-01-01T00:00:00Z
http://www.wikidata.org/entity/Q38848,heavy metal music,http://www.wikidata.org/entity/Q12326776,metal music,1970-01-01T00:00:00Z
http://www.wikidata.org/entity/Q40461,bachata,http://www.wikidata.org/entity/Q316930,dance music,1960-01-01T00:00:00Z
http://www.wikidata.org/entity/Q40461,bachata,http://www.wikidata.org/entity/Q3328778,tropical music,1960-01-01T00:00:00Z
http://www.wikidata.org/entity/Q40461,bachata,http://www.wikidata.org/entity/Q6942370,music of the Dominican Republic,1960-01-01T00:00:00Z
http://www.wikidata.org/entity/Q41343,post-metal,http://www.wikidata.org/entity/Q12326776,metal music,1996-01-01T00:00:00Z
http://www.wikidata.org/entity/Q45981,rhythm and blues,http://www.wikidata.org/entity/Q373342,popular music,1938-01-01T00:00:00Z
http://www.wikidata.org/entity/Q46046,baroque pop,http://www.wikidata.org/entity/Q37073,pop music,1965-01-01T00:00:00Z
http://www.wikidata.org/entity/Q46649,jump-up,http://www.wikidata.org/entity/Q188994,drum and bass,1995-01-01T00:00:00Z
http://www.wikidata.org/entity/Q47112,Albanian iso-polyphony,http://www.wikidata.org/entity/Q179465,polyphony,
http://www.wikidata.org/entity/Q47112,Albanian iso-polyphony,http://www.wikidata.org/entity/Q106641595,Albanian folk music,
http://www.wikidata.org/entity/Q48445,mashup,http://www.wikidata.org/entity/Q373342,popular music,1988-01-01T00:00:00Z
http://www.wikidata.org/entity/Q48445,mashup,http://www.wikidata.org/entity/Q7205507,plunderphonics,1988-01-01T00:00:00Z
http://www.wikidata.org/entity/Q49451,progressive rock,http://www.wikidata.org/entity/Q11399,rock music,1967-01-01T00:00:00Z
http://www.wikidata.org/entity/Q49451,progressive rock,http://www.wikidata.org/entity/Q7248857,progressive music,1967-01-01T00:00:00Z
http://www.wikidata.org/entity/Q138617267,agronejo,http://www.wikidata.org/entity/Q10370558,sertanejo universitário,
http://www.wikidata.org/entity/Q138683417,soft grunge,http://www.wikidata.org/entity/Q11365,grunge,
http://www.wikidata.org/entity/Q138684586,Galician progressive rock,http://www.wikidata.org/entity/Q49451,progressive rock,
http://www.wikidata.org/entity/Q138684586,Galician progressive rock,http://www.wikidata.org/entity/Q10334896,music of Galicia,
http://www.wikidata.org/entity/Q138718214,tarz,http://www.wikidata.org/entity/Q37073,pop music,
http://www.wikidata.org/entity/Q138718214,tarz,http://www.wikidata.org/entity/Q98528267,music of South Asia,
http://www.wikidata.org/entity/Q138798561,Buddhist metal,http://www.wikidata.org/entity/Q38848,heavy metal music,
http://www.wikidata.org/entity/Q138798561,Buddhist metal,http://www.wikidata.org/entity/Q492067,Buddhist music,
http://www.wikidata.org/entity/Q138807858,Afro-raga,http://www.wikidata.org/entity/Q216926,raga,
http://www.wikidata.org/entity/Q138807858,Afro-raga,http://www.wikidata.org/entity/Q369820,music of Africa,
http://www.wikidata.org/entity/Q138829495,rock triste,http://www.wikidata.org/entity/Q183504,indie rock,
http://www.wikidata.org/entity/Q138829495,rock triste,http://www.wikidata.org/entity/Q2631396,Brazilian rock,
http://www.wikidata.org/entity/Q138830160,machine rock,http://www.wikidata.org/entity/Q968730,industrial rock,
http://www.wikidata.org/entity/Q139488139,dark garage,http://www.wikidata.org/entity/Q1165777,UK garage,
http://www.wikidata.org/entity/Q139551738,urban merengue,http://www.wikidata.org/entity/Q282131,merengue,
http://www.wikidata.org/entity/Q139552439,Kidodo,http://www.wikidata.org/entity/Q1091536,music of Madagascar,
http://www.wikidata.org/entity/Q139564613,handbell music,http://www.wikidata.org/entity/Q639197,instrumental music,
http://www.wikidata.org/entity/Q139565726,séga tambour,http://www.wikidata.org/entity/Q108981355,traditional séga,
http://www.wikidata.org/entity/Q139566448,concert spiritual,http://www.wikidata.org/entity/Q212024,spirituals,
http://www.wikidata.org/entity/Q139566472,East Slavic church music,http://www.wikidata.org/entity/Q3328676,music of Europe,
http://www.wikidata.org/entity/Q139566472,East Slavic church music,http://www.wikidata.org/entity/Q4376204,Eastern Orthodox music,
http://www.wikidata.org/entity/Q139566472,East Slavic church music,http://www.wikidata.org/entity/Q8812109,church music,
http://www.wikidata.org/entity/Q139566596,indie sleaze revival,http://www.wikidata.org/entity/Q851213,electronic dance music,
http://www.wikidata.org/entity/Q139567714,neo rave,http://www.wikidata.org/entity/Q1033912,hard dance,
http://www.wikidata.org/entity/Q139567721,xtra raw,http://www.wikidata.org/entity/Q21000514,rawstyle,
http://www.wikidata.org/entity/Q139567728,Yemenite Jewish diwan,http://www.wikidata.org/entity/Q3328786,music of Yemen,
http://www.wikidata.org/entity/Q139567728,Yemenite Jewish diwan,http://www.wikidata.org/entity/Q110249967,oriental Jewish music,
http://www.wikidata.org/entity/Q139571846,Chicano protest music,http://www.wikidata.org/entity/Q829147,protest song,
http://www.wikidata.org/entity/Q139571846,Chicano protest music,http://www.wikidata.org/entity/Q105897737,Mexican American music,
http://www.wikidata.org/entity/Q139689364,kangen,http://www.wikidata.org/entity/Q718540,gagaku,
http://www.wikidata.org/entity/Q139801507,Afrosounds,http://www.wikidata.org/entity/Q388296,Afrobeat,1990-01-01T00:00:00Z
http://www.wikidata.org/entity/Q139807780,O'odham music,http://www.wikidata.org/entity/Q2662072,indigenous music of North America,
http://www.wikidata.org/entity/Q139807789,trance 2.0,http://www.wikidata.org/entity/Q170435,trance,
http://www.wikidata.org/entity/Q139860634,barndance,http://www.wikidata.org/entity/Q118738993,folk dance music,
http://www.wikidata.org/entity/Q139907417,música festera,http://www.wikidata.org/entity/Q211025,march,
http://www.wikidata.org/entity/Q139907417,música festera,http://www.wikidata.org/entity/Q9048257,Spanish folk music,
http://www.wikidata.org/entity/Q139907460,raw techno,http://www.wikidata.org/entity/Q170611,techno,
http://www.wikidata.org/entity/Q139991136,Księżak folk music,http://www.wikidata.org/entity/Q235858,traditional folk music,
http://www.wikidata.org/entity/Q139991136,Księżak folk music,http://www.wikidata.org/entity/Q11822344,Polish folk music,
http://www.wikidata.org/entity/Q140005978,dreamwave,http://www.wikidata.org/entity/Q19938910,synthwave,
http://www.wikidata.org/entity/Q140045099,spiritual art song,http://www.wikidata.org/entity/Q4797274,art song,
http://www.wikidata.org/entity/Q140045099,spiritual art song,http://www.wikidata.org/entity/Q139566448,concert spiritual,
http://www.wikidata.org/entity/Q140129045,coplas cajamarquinas,http://www.wikidata.org/entity/Q3085344,music of Peru,
http://www.wikidata.org/entity/Q140185391,Morris music,http://www.wikidata.org/entity/Q1771297,English folk music,
http://www.wikidata.org/entity/Q140221083,hardtekk,http://www.wikidata.org/entity/Q851213,electronic dance music,
http://www.wikidata.org/entity/Q140310844,music of the Indian subcontinent,http://www.wikidata.org/entity/Q98528267,music of South Asia,
http://www.wikidata.org/entity/Q140323396,transcore,http://www.wikidata.org/entity/Q930995,queercore,
http://www.wikidata.org/entity/Q140369600,keller synth,http://www.wikidata.org/entity/Q48971892,dungeon synth,
http://www.wikidata.org/entity/Q140369612,nepali lok geet,http://www.wikidata.org/entity/Q98528198,South Asian folk music,
http://www.wikidata.org/entity/Q140369806,outrun,http://www.wikidata.org/entity/Q851213,electronic dance music,2006-01-01T00:00:00Z
http://www.wikidata.org/entity/Q140369806,outrun,http://www.wikidata.org/entity/Q19938910,synthwave,2006-01-01T00:00:00Z
http://www.wikidata.org/entity/Q140369829,pandilla,http://www.wikidata.org/entity/Q3085344,music of Peru,
http://www.wikidata.org/entity/Q140369831,scum rock,http://www.wikidata.org/entity/Q2467817,American punk rock,
http://www.wikidata.org/entity/Q140389135,electroyoik,http://www.wikidata.org/entity/Q9778,electronic music,
http://www.wikidata.org/entity/Q140389135,electroyoik,http://www.wikidata.org/entity/Q744327,joik,
http://www.wikidata.org/entity/Q140428185,avyl köe,http://www.wikidata.org/entity/Q4452477,Tatar folk music,
http://www.wikidata.org/entity/Q140428185,avyl köe,http://www.wikidata.org/entity/Q108823220,ritual song,
http://www.wikidata.org/entity/Q140451598,contemporary a cappella,http://www.wikidata.org/entity/Q185298,a cappella,
http://www.wikidata.org/entity/Q140463448,Mizrahi Rock music,http://www.wikidata.org/entity/Q11399,rock music,
http://www.wikidata.org/entity/Q140463448,Mizrahi Rock music,http://www.wikidata.org/entity/Q2738544,Mizrahi music,
http://www.wikidata.org/entity/Q51882621,samba junino,http://www.wikidata.org/entity/Q30931016,samba duro,
http://www.wikidata.org/entity/Q53677895,Navarese jota,http://www.wikidata.org/entity/Q252626,jota,
http://www.wikidata.org/entity/Q53677903,Jota riojana,http://www.wikidata.org/entity/Q252626,jota,
http://www.wikidata.org/entity/Q53677911,Jota extremeña,http://www.wikidata.org/entity/Q252626,jota,
http://www.wikidata.org/entity/Q53677919,Jota asturiana,http://www.wikidata.org/entity/Q252626,jota,
http://www.wikidata.org/entity/Q53677925,Jota valenciana,http://www.wikidata.org/entity/Q252626,jota,
http://www.wikidata.org/entity/Q53677927,Jota murciana,http://www.wikidata.org/entity/Q252626,jota,
http://www.wikidata.org/entity/Q53677931,Jota gallega,http://www.wikidata.org/entity/Q252626,jota,
http://www.wikidata.org/entity/Q53677938,Jota leonesa,http://www.wikidata.org/entity/Q252626,jota,
http://www.wikidata.org/entity/Q53677940,Jota manchega,http://www.wikidata.org/entity/Q252626,jota,
http://www.wikidata.org/entity/Q53677944,Jota montañesa,http://www.wikidata.org/entity/Q252626,jota,
http://www.wikidata.org/entity/Q53719487,jota segoviana,http://www.wikidata.org/entity/Q20016989,Castilian jotas,
http://www.wikidata.org/entity/Q53806314,éntekhno,http://www.wikidata.org/entity/Q1465419,music of Greece,1960-01-01T00:00:00Z
http://www.wikidata.org/entity/Q53806314,éntekhno,http://www.wikidata.org/entity/Q3211884,music of the Balkans,1960-01-01T00:00:00Z
http://www.wikidata.org/entity/Q54329757,Latin trap,http://www.wikidata.org/entity/Q2913982,trap music,2010-01-01T00:00:00Z
http://www.wikidata.org/entity/Q54329757,Latin trap,http://www.wikidata.org/entity/Q3827483,Latin hip-hop,2010-01-01T00:00:00Z
http://www.wikidata.org/entity/Q54864794,horror music,http://www.wikidata.org/entity/Q26897135,functional music,
http://www.wikidata.org/entity/Q54891495,Lithuanian folk music,http://www.wikidata.org/entity/Q5766537,music of Lithuania,
http://www.wikidata.org/entity/Q54891495,Lithuanian folk music,http://www.wikidata.org/entity/Q108535339,Baltic folk music,
http://www.wikidata.org/entity/Q55104351,Indian hip hop,http://www.wikidata.org/entity/Q531426,music of India,
http://www.wikidata.org/entity/Q55104351,Indian hip hop,http://www.wikidata.org/entity/Q4806789,Asian hip-hop,
http://www.wikidata.org/entity/Q55119881,Japanese flamenco,http://www.wikidata.org/entity/Q9764,flamenco,
http://www.wikidata.org/entity/Q55119881,Japanese flamenco,http://www.wikidata.org/entity/Q257533,music of Japan,
http://www.wikidata.org/entity/Q55296418,occult rock,http://www.wikidata.org/entity/Q83270,hard rock,
http://www.wikidata.org/entity/Q55415524,ultra metal,http://www.wikidata.org/entity/Q465978,extreme metal,1981-01-01T00:00:00Z
http://www.wikidata.org/entity/Q55593233,biraha,http://www.wikidata.org/entity/Q19749652,Bhojpuri folk music,
http://www.wikidata.org/entity/Q55604305,Asian American hip hop,http://www.wikidata.org/entity/Q3135787,American hip-hop,
http://www.wikidata.org/entity/Q55605210,beni,http://www.wikidata.org/entity/Q3868600,music of Tanzania,
http://www.wikidata.org/entity/Q55608567,cringe pop,http://www.wikidata.org/entity/Q37073,pop music,
http://www.wikidata.org/entity/Q55612592,Gh hip hop,http://www.wikidata.org/entity/Q387236,African hip-hop,
http://www.wikidata.org/entity/Q55612592,Gh hip hop,http://www.wikidata.org/entity/Q6942095,music of Ghana,
http://www.wikidata.org/entity/Q55613761,Montenegrin hip hop,http://www.wikidata.org/entity/Q3328730,music of Montenegro,
http://www.wikidata.org/entity/Q55613761,Montenegrin hip hop,http://www.wikidata.org/entity/Q5413526,European hip-hop,
http://www.wikidata.org/entity/Q55614428,indigenous metal music,http://www.wikidata.org/entity/Q6024704,indigenous music,
http://www.wikidata.org/entity/Q55614428,indigenous metal music,http://www.wikidata.org/entity/Q12326776,metal music,
http://www.wikidata.org/entity/Q55622691,megamusical,http://www.wikidata.org/entity/Q2743,musical play,
http://www.wikidata.org/entity/Q55633758,Sri Lankan hip hop,http://www.wikidata.org/entity/Q3328768,music of Sri Lanka,
http://www.wikidata.org/entity/Q55633758,Sri Lankan hip hop,http://www.wikidata.org/entity/Q4806789,Asian hip-hop,
http://www.wikidata.org/entity/Q55641646,Russ music,http://www.wikidata.org/entity/Q833189,music of Norway,
http://www.wikidata.org/entity/Q55641646,Russ music,http://www.wikidata.org/entity/Q851213,electronic dance music,
http://www.wikidata.org/entity/Q55641735,shamstep,http://www.wikidata.org/entity/Q851213,electronic dance music,
http://www.wikidata.org/entity/Q55642856,adhunik geet,http://www.wikidata.org/entity/Q3328735,music of Nepal,
http://www.wikidata.org/entity/Q55644985,trap metal,http://www.wikidata.org/entity/Q966564,hardcore hip-hop,2015-01-01T00:00:00Z
http://www.wikidata.org/entity/Q55644985,trap metal,http://www.wikidata.org/entity/Q2913982,trap music,2015-01-01T00:00:00Z
http://www.wikidata.org/entity/Q55648025,Korean ballad,http://www.wikidata.org/entity/Q37073,pop music,
http://www.wikidata.org/entity/Q55648025,Korean ballad,http://www.wikidata.org/entity/Q6942280,music of South Korea,
http://www.wikidata.org/entity/Q55657955,Joktau,http://www.wikidata.org/entity/Q25513043,Kazakh folk music,
http://www.wikidata.org/entity/Q56244093,gambus,http://www.wikidata.org/entity/Q10838732,music of Southeast Asia,
http://www.wikidata.org/entity/Q56244093,gambus,http://www.wikidata.org/entity/Q106586999,Southeast Asian folk music,
http://www.wikidata.org/entity/Q56276781,powwow-step,http://www.wikidata.org/entity/Q851213,electronic dance music,
http://www.wikidata.org/entity/Q56297567,brasspop,http://www.wikidata.org/entity/Q37073,pop music,
http://www.wikidata.org/entity/Q56303195,troll metal,http://www.wikidata.org/entity/Q132438,black metal,
http://www.wikidata.org/entity/Q56303195,troll metal,http://www.wikidata.org/entity/Q484179,folk metal,
http://www.wikidata.org/entity/Q56305707,Mari folk song,http://www.wikidata.org/entity/Q109271682,Mari folk music,
http://www.wikidata.org/entity/Q56315833,Viennese music,http://www.wikidata.org/entity/Q97326344,musica leggera,
http://www.wikidata.org/entity/Q56342439,dream house,http://www.wikidata.org/entity/Q20502,house music,1992-01-01T00:00:00Z
http://www.wikidata.org/entity/Q56342556,classical crossover,http://www.wikidata.org/entity/Q373342,popular music,
http://www.wikidata.org/entity/Q56342573,dancecore,http://www.wikidata.org/entity/Q388906,hardcore,
http://www.wikidata.org/entity/Q56342573,dancecore,http://www.wikidata.org/entity/Q1033912,hard dance,
http://www.wikidata.org/entity/Q56351111,classic rock,http://www.wikidata.org/entity/Q11399,rock music,
http://www.wikidata.org/entity/Q56353998,Southern metal,http://www.wikidata.org/entity/Q12326776,metal music,
http://www.wikidata.org/entity/Q56364937,Achaemenid music,http://www.wikidata.org/entity/Q1672398,music of Iran,
http://www.wikidata.org/entity/Q56377253,technical thrash metal,http://www.wikidata.org/entity/Q483352,thrash metal,
http://www.wikidata.org/entity/Q56399794,jazziskelmä,http://www.wikidata.org/entity/Q959583,schlager music,
http://www.wikidata.org/entity/Q56414588,Kakula,http://www.wikidata.org/entity/Q108610396,Indonesian folk music,
http://www.wikidata.org/entity/Q56572789,Christmas-themed song,http://www.wikidata.org/entity/Q1443316,Christmas music,
http://www.wikidata.org/entity/Q57392588,foxtrot,http://www.wikidata.org/entity/Q316930,dance music,
http://www.wikidata.org/entity/Q57392588,foxtrot,http://www.wikidata.org/entity/Q373342,popular music,
http://www.wikidata.org/entity/Q57392588,foxtrot,http://www.wikidata.org/entity/Q107718737,music of North America,
http://www.wikidata.org/entity/Q58809444,nu-punk,http://www.wikidata.org/entity/Q487914,pop-punk,2000-01-01T00:00:00Z
http://www.wikidata.org/entity/Q59351462,DPRK-pop,http://www.wikidata.org/entity/Q37073,pop music,
http://www.wikidata.org/entity/Q59351462,DPRK-pop,http://www.wikidata.org/entity/Q4306573,music of North Korea,
http://www.wikidata.org/entity/Q59387411,archontorebetiko,http://www.wikidata.org/entity/Q220528,Rebetiko,
http://www.wikidata.org/entity/Q59389199,música divertida,http://www.wikidata.org/entity/Q646026,Argentine rock,
http://www.wikidata.org/entity/Q60030725,yodel,http://www.wikidata.org/entity/Q235858,traditional folk music,
http://www.wikidata.org/entity/Q60030725,yodel,http://www.wikidata.org/entity/Q685884,vocal music,
http://www.wikidata.org/entity/Q60199541,emo rock,http://www.wikidata.org/entity/Q10926,emo,
http://www.wikidata.org/entity/Q60462608,biker metal,http://www.wikidata.org/entity/Q465978,extreme metal,1977-01-01T00:00:00Z
http://www.wikidata.org/entity/Q60463676,dolewave,http://www.wikidata.org/entity/Q183504,indie rock,
http://www.wikidata.org/entity/Q60463676,dolewave,http://www.wikidata.org/entity/Q1190565,jangle pop,
http://www.wikidata.org/entity/Q60463676,dolewave,http://www.wikidata.org/entity/Q3114644,music of Australia,
http://www.wikidata.org/entity/Q60477130,historical folk song,http://www.wikidata.org/entity/Q15931253,dimotiko,
http://www.wikidata.org/entity/Q60500291,French polka,http://www.wikidata.org/entity/Q672134,music of France,
http://www.wikidata.org/entity/Q7676623,Taiwanese rock,http://www.wikidata.org/entity/Q956925,music of Taiwan,
http://www.wikidata.org/entity/Q7679165,talempong,http://www.wikidata.org/entity/Q1210921,music of Indonesia,
http://www.wikidata.org/entity/Q7681054,Tambor,http://www.wikidata.org/entity/Q2486179,music of Venezuela,
http://www.wikidata.org/entity/Q7684171,Tanzanian hip hop,http://www.wikidata.org/entity/Q387236,African hip-hop,
http://www.wikidata.org/entity/Q7684171,Tanzanian hip hop,http://www.wikidata.org/entity/Q3868600,music of Tanzania,
http://www.wikidata.org/entity/Q7687882,Tatar rock,http://www.wikidata.org/entity/Q11399,rock music,
http://www.wikidata.org/entity/Q7687882,Tatar rock,http://www.wikidata.org/entity/Q106626655,Tatar music,
http://www.wikidata.org/entity/Q7692752,tecnocumbia,http://www.wikidata.org/entity/Q6826021,Mexican cumbia,
http://www.wikidata.org/entity/Q7692752,tecnocumbia,http://www.wikidata.org/entity/Q10932272,technobanda,
http://www.wikidata.org/entity/Q7694469,teenage tragedy song,http://www.wikidata.org/entity/Q116690343,ballad,
http://www.wikidata.org/entity/Q7697089,television news music,http://www.wikidata.org/entity/Q1193470,theme music,
http://www.wikidata.org/entity/Q7701003,Teochew string music,http://www.wikidata.org/entity/Q6191683,Jiangnan sizhu,
http://www.wikidata.org/entity/Q7701003,Teochew string music,http://www.wikidata.org/entity/Q65044348,Chinese stringed music,
http://www.wikidata.org/entity/Q7707946,Texas roadhouse music,http://www.wikidata.org/entity/Q2267955,music of the United States,
http://www.wikidata.org/entity/Q7770873,bal-musette,http://www.wikidata.org/entity/Q2956178,French folk music,
http://www.wikidata.org/entity/Q7774408,Madih nabawi,http://www.wikidata.org/entity/Q624044,Arabic music,
http://www.wikidata.org/entity/Q7777494,theatre music,http://www.wikidata.org/entity/Q107021951,score,
http://www.wikidata.org/entity/Q7800608,desert blues,http://www.wikidata.org/entity/Q9759,blues,
http://www.wikidata.org/entity/Q7800608,desert blues,http://www.wikidata.org/entity/Q98530850,Tuareg music,
http://www.wikidata.org/entity/Q7801106,Tierra Caliente music,http://www.wikidata.org/entity/Q7309098,regional Mexican,1990-01-01T00:00:00Z
http://www.wikidata.org/entity/Q7810544,tizita,http://www.wikidata.org/entity/Q109615856,Ethiopic music,
http://www.wikidata.org/entity/Q7832290,Gaelic folk music,http://www.wikidata.org/entity/Q98528192,European folk music,
http://www.wikidata.org/entity/Q7832297,traditional Japanese music,http://www.wikidata.org/entity/Q257533,music of Japan,
http://www.wikidata.org/entity/Q7832302,traditional Nordic dance music,http://www.wikidata.org/entity/Q7050752,Nordic folk music,
http://www.wikidata.org/entity/Q7832321,traditional bluegrass,http://www.wikidata.org/entity/Q213714,bluegrass music,1948-01-01T00:00:00Z
http://www.wikidata.org/entity/Q7832321,traditional bluegrass,http://www.wikidata.org/entity/Q65943778,traditional country music,1948-01-01T00:00:00Z
http://www.wikidata.org/entity/Q7832354,Kosovan folk music,http://www.wikidata.org/entity/Q3868613,music of Kosovo,
http://www.wikidata.org/entity/Q7832354,Kosovan folk music,http://www.wikidata.org/entity/Q98528192,European folk music,
http://www.wikidata.org/entity/Q7844612,tribal guarachero,http://www.wikidata.org/entity/Q851213,electronic dance music,2000-01-01T00:00:00Z
http://www.wikidata.org/entity/Q7844612,tribal guarachero,http://www.wikidata.org/entity/Q98528166,Latin electronic music,2000-01-01T00:00:00Z
http://www.wikidata.org/entity/Q7845403,Tromsø techno scene,http://www.wikidata.org/entity/Q170611,techno,
http://www.wikidata.org/entity/Q7845403,Tromsø techno scene,http://www.wikidata.org/entity/Q833189,music of Norway,
http://www.wikidata.org/entity/Q7847070,cifra,http://www.wikidata.org/entity/Q23965,music of Uruguay,
http://www.wikidata.org/entity/Q7847070,cifra,http://www.wikidata.org/entity/Q645992,music of Argentina,
http://www.wikidata.org/entity/Q7847156,truck-driving country,http://www.wikidata.org/entity/Q83440,country music,
http://www.wikidata.org/entity/Q7849348,tsamassi,http://www.wikidata.org/entity/Q10334892,music of Cameroon,
http://www.wikidata.org/entity/Q7855391,Turkish pop,http://www.wikidata.org/entity/Q37073,pop music,
http://www.wikidata.org/entity/Q7855391,Turkish pop,http://www.wikidata.org/entity/Q1074080,music of Turkey,
http://www.wikidata.org/entity/Q7858125,Twin Cities hip hop,http://www.wikidata.org/entity/Q3135787,American hip-hop,
http://www.wikidata.org/entity/Q7878542,Ukrainian hip hop,http://www.wikidata.org/entity/Q155858,music of Ukraine,
http://www.wikidata.org/entity/Q7878542,Ukrainian hip hop,http://www.wikidata.org/entity/Q5413526,European hip-hop,
http://www.wikidata.org/entity/Q7883674,underground dance music,http://www.wikidata.org/entity/Q1373485,underground music,
http://www.wikidata.org/entity/Q7883674,underground dance music,http://www.wikidata.org/entity/Q11787389,club/dance music,
http://www.wikidata.org/entity/Q7899987,Urban Qawwali,http://www.wikidata.org/entity/Q512410,qawwali,
http://www.wikidata.org/entity/Q7901502,Uruguayan punk,http://www.wikidata.org/entity/Q3071,punk rock,1993-01-01T00:00:00Z
http://www.wikidata.org/entity/Q7901509,Uruguayan rock,http://www.wikidata.org/entity/Q11399,rock music,
http://www.wikidata.org/entity/Q7901509,Uruguayan rock,http://www.wikidata.org/entity/Q23965,music of Uruguay,
http://www.wikidata.org/entity/Q7915876,variety,http://www.wikidata.org/entity/Q37073,pop music,
http://www.wikidata.org/entity/Q7919872,Venezuelan rock,http://www.wikidata.org/entity/Q11399,rock music,
http://www.wikidata.org/entity/Q7919872,Venezuelan rock,http://www.wikidata.org/entity/Q2486179,music of Venezuela,
http://www.wikidata.org/entity/Q7919873,Venezuelan waltz,http://www.wikidata.org/entity/Q5645984,music of South America,
http://www.wikidata.org/entity/Q7919873,Venezuelan waltz,http://www.wikidata.org/entity/Q8701407,waltz,
http://www.wikidata.org/entity/Q7919873,Venezuelan waltz,http://www.wikidata.org/entity/Q107718539,Hispanic American music,
http://www.wikidata.org/entity/Q7922659,Verse anthem,http://www.wikidata.org/entity/Q1076513,choral music,
http://www.wikidata.org/entity/Q7928923,vigilante rap,http://www.wikidata.org/entity/Q11401,hip-hop,
http://www.wikidata.org/entity/Q7928923,vigilante rap,http://www.wikidata.org/entity/Q899215,music of Brazil,
http://www.wikidata.org/entity/Q7935998,Vishnupada,http://www.wikidata.org/entity/Q3328686,Hindu music,
http://www.wikidata.org/entity/Q7935998,Vishnupada,http://www.wikidata.org/entity/Q23072435,chant,
http://www.wikidata.org/entity/Q7939193,vocal harmony,http://www.wikidata.org/entity/Q685884,vocal music,
http://www.wikidata.org/entity/Q7967858,wangga,http://www.wikidata.org/entity/Q2340395,indigenous Australian music,
http://www.wikidata.org/entity/Q7972788,Wassoulou music,http://www.wikidata.org/entity/Q6942329,music of West Africa,
http://www.wikidata.org/entity/Q7975176,waulking song,http://www.wikidata.org/entity/Q502658,work song,
http://www.wikidata.org/entity/Q7975176,waulking song,http://www.wikidata.org/entity/Q17018487,Scottish folk music,
http://www.wikidata.org/entity/Q7983231,Were music,http://www.wikidata.org/entity/Q9048265,Yoruba music,
http://www.wikidata.org/entity/Q7987058,West gallery music,http://www.wikidata.org/entity/Q1065742,religious music,
http://www.wikidata.org/entity/Q7988543,Western swing fiddle,http://www.wikidata.org/entity/Q1730388,Western swing,
http://www.wikidata.org/entity/Q8011200,Tōgaku,http://www.wikidata.org/entity/Q718540,gagaku,
http://www.wikidata.org/entity/Q8030395,Wolof music,http://www.wikidata.org/entity/Q6942329,music of West Africa,
http://www.wikidata.org/entity/Q8032087,wonky pop,http://www.wikidata.org/entity/Q37073,pop music,2005-01-01T00:00:00Z
http://www.wikidata.org/entity/Q8044009,Xhosa music,http://www.wikidata.org/entity/Q4794612,music of South Africa,
http://www.wikidata.org/entity/Q8044676,xinyao,http://www.wikidata.org/entity/Q277393,music of China,
http://www.wikidata.org/entity/Q8044676,xinyao,http://www.wikidata.org/entity/Q6942275,music of Singapore,
http://www.wikidata.org/entity/Q8044676,xinyao,http://www.wikidata.org/entity/Q106298881,contemporary folk music,
http://www.wikidata.org/entity/Q8049166,Yaqui music,http://www.wikidata.org/entity/Q2662072,indigenous music of North America,
http://www.wikidata.org/entity/Q8052472,Yeongsan hoesang,http://www.wikidata.org/entity/Q708228,Korean court music,1890-01-01T00:00:00Z
http://www.wikidata.org/entity/Q8054113,Yo-pop,http://www.wikidata.org/entity/Q972634,African popular music,
http://www.wikidata.org/entity/Q8054113,Yo-pop,http://www.wikidata.org/entity/Q2738838,music of Nigeria,
http://www.wikidata.org/entity/Q8059887,Yu-Mex,http://www.wikidata.org/entity/Q1522794,music of Yugoslavia,
http://www.wikidata.org/entity/Q8061059,Yuman music,http://www.wikidata.org/entity/Q2662072,indigenous music of North America,
http://www.wikidata.org/entity/Q8062662,Yōkyoku,http://www.wikidata.org/entity/Q685884,vocal music,
http://www.wikidata.org/entity/Q8072085,Zimbabwean hip hop,http://www.wikidata.org/entity/Q387236,African hip-hop,
http://www.wikidata.org/entity/Q8072085,Zimbabwean hip hop,http://www.wikidata.org/entity/Q3868605,music of Zimbabwe,
http://www.wikidata.org/entity/Q8074508,Zoroastrian music,http://www.wikidata.org/entity/Q1065742,religious music,
http://www.wikidata.org/entity/Q8074593,Zoti,http://www.wikidata.org/entity/Q685884,vocal music,
http://www.wikidata.org/entity/Q8074636,zouk-love,http://www.wikidata.org/entity/Q227045,zouk,
http://www.wikidata.org/entity/Q8083433,Żurawiejka,http://www.wikidata.org/entity/Q3843655,couplet,
http://www.wikidata.org/entity/Q8192992,alalá,http://www.wikidata.org/entity/Q235858,traditional folk music,
http://www.wikidata.org/entity/Q8197165,ambient black metal,http://www.wikidata.org/entity/Q132438,black metal,
http://www.wikidata.org/entity/Q8251828,brega pop,http://www.wikidata.org/entity/Q37073,pop music,1990-01-01T00:00:00Z
http://www.wikidata.org/entity/Q8251828,brega pop,http://www.wikidata.org/entity/Q2464314,brega,1990-01-01T00:00:00Z
http://www.wikidata.org/entity/Q8261759,asturianada,http://www.wikidata.org/entity/Q108297181,Asturian folk music,1790-01-01T00:00:00Z
http://www.wikidata.org/entity/Q118744395,dance band music,http://www.wikidata.org/entity/Q316930,dance music,
http://www.wikidata.org/entity/Q118744395,dance band music,http://www.wikidata.org/entity/Q105756581,big band music,
http://www.wikidata.org/entity/Q118744917,ballroom dance music,http://www.wikidata.org/entity/Q316930,dance music,
http://www.wikidata.org/entity/Q118798959,tearout dubstep,http://www.wikidata.org/entity/Q20474,dubstep,2006-01-01T00:00:00Z
http://www.wikidata.org/entity/Q119225357,music of the Chiloé Archipelago,http://www.wikidata.org/entity/Q3889385,music of Chile,
http://www.wikidata.org/entity/Q119228945,songsters music,http://www.wikidata.org/entity/Q9759,blues,
http://www.wikidata.org/entity/Q119228966,Andean folk music,http://www.wikidata.org/entity/Q492096,Andean music,
http://www.wikidata.org/entity/Q119228966,Andean folk music,http://www.wikidata.org/entity/Q98528197,Hispanic American folk music,
http://www.wikidata.org/entity/Q119228986,music of Borneo,http://www.wikidata.org/entity/Q10838732,music of Southeast Asia,
http://www.wikidata.org/entity/Q119259589,tearout brostep,http://www.wikidata.org/entity/Q20903,brostep,2015-01-01T00:00:00Z
http://www.wikidata.org/entity/Q119438481,tamborzão,http://www.wikidata.org/entity/Q546206,Miami bass,
http://www.wikidata.org/entity/Q119438481,tamborzão,http://www.wikidata.org/entity/Q117745223,Brazilian funk,
http://www.wikidata.org/entity/Q119438497,UK jackin',http://www.wikidata.org/entity/Q20502,house music,2009-01-01T00:00:00Z
http://www.wikidata.org/entity/Q119580609,funk de BH,http://www.wikidata.org/entity/Q117745223,Brazilian funk,
http://www.wikidata.org/entity/Q119820709,lundu marajoara,http://www.wikidata.org/entity/Q1499839,lundu,
http://www.wikidata.org/entity/Q119844080,moe song,http://www.wikidata.org/entity/Q11660484,denpa song,
http://www.wikidata.org/entity/Q119889473,dungeon rap,http://www.wikidata.org/entity/Q6010117,Memphis rap,
http://www.wikidata.org/entity/Q119889474,trap soul,http://www.wikidata.org/entity/Q850412,contemporary R&B,
http://www.wikidata.org/entity/Q119889474,trap soul,http://www.wikidata.org/entity/Q2913982,trap music,
http://www.wikidata.org/entity/Q120209068,Hela Khayal Dangal,http://www.wikidata.org/entity/Q109914703,Rajasthani folk music,
http://www.wikidata.org/entity/Q120233553,jazz guachaca,http://www.wikidata.org/entity/Q3889385,music of Chile,
http://www.wikidata.org/entity/Q120403950,Christmas villancicos and coplas,http://www.wikidata.org/entity/Q503354,Christmas carol,
http://www.wikidata.org/entity/Q120403950,Christmas villancicos and coplas,http://www.wikidata.org/entity/Q1232283,villancico,
http://www.wikidata.org/entity/Q120413103,tarantella napoletana,http://www.wikidata.org/entity/Q324617,tarantella,
http://www.wikidata.org/entity/Q120484427,dariacore,http://www.wikidata.org/entity/Q851213,electronic dance music,2020-01-01T00:00:00Z
http://www.wikidata.org/entity/Q120691315,Ugandan hip hop,http://www.wikidata.org/entity/Q387236,African hip-hop,
http://www.wikidata.org/entity/Q120691315,Ugandan hip hop,http://www.wikidata.org/entity/Q3868597,music of Uganda,
http://www.wikidata.org/entity/Q120691352,Congolese hip hop,http://www.wikidata.org/entity/Q387236,African hip-hop,
http://www.wikidata.org/entity/Q120691352,Congolese hip hop,http://www.wikidata.org/entity/Q116777655,music of Congo,
http://www.wikidata.org/entity/Q120715859,ghetto funk,http://www.wikidata.org/entity/Q106514601,glitch hop (EDM),
http://www.wikidata.org/entity/Q120715924,asian rock,http://www.wikidata.org/entity/Q111133885,pluggnb,
http://www.wikidata.org/entity/Q120867282,shitgaze,http://www.wikidata.org/entity/Q181861,noise rock,
http://www.wikidata.org/entity/Q120867282,shitgaze,http://www.wikidata.org/entity/Q108123046,slacker rock,
http://www.wikidata.org/entity/Q120987711,disco rap,http://www.wikidata.org/entity/Q868855,old-school hip-hop,
http://www.wikidata.org/entity/Q121160612,Sahari,http://www.wikidata.org/entity/Q2665906,music of Armenia,
http://www.wikidata.org/entity/Q121170607,Waama music,http://www.wikidata.org/entity/Q10334885,music of Benin,
http://www.wikidata.org/entity/Q121285291,zess,http://www.wikidata.org/entity/Q474027,dancehall,
http://www.wikidata.org/entity/Q121306892,heavy yoik,http://www.wikidata.org/entity/Q38848,heavy metal music,
http://www.wikidata.org/entity/Q121306892,heavy yoik,http://www.wikidata.org/entity/Q744327,joik,
http://www.wikidata.org/entity/Q121368137,psychedelic metal,http://www.wikidata.org/entity/Q846119,psychedelic music,
http://www.wikidata.org/entity/Q121368137,psychedelic metal,http://www.wikidata.org/entity/Q12326776,metal music,
http://www.wikidata.org/entity/Q121411631,neo-nazi music,http://www.wikidata.org/entity/Q28146601,political music,
http://www.wikidata.org/entity/Q121437377,bashment soca,http://www.wikidata.org/entity/Q1051735,soca music,
http://www.wikidata.org/entity/Q121437389,fusion gugak,http://www.wikidata.org/entity/Q716060,music of Korea,
http://www.wikidata.org/entity/Q121494463,Kosmische Musik,http://www.wikidata.org/entity/Q325504,electronic rock,
http://www.wikidata.org/entity/Q121494463,Kosmische Musik,http://www.wikidata.org/entity/Q79784514,progressive electronic music,
http://www.wikidata.org/entity/Q121667432,psychedelic rap,http://www.wikidata.org/entity/Q11401,hip-hop,
http://www.wikidata.org/entity/Q121667432,psychedelic rap,http://www.wikidata.org/entity/Q846119,psychedelic music,
http://www.wikidata.org/entity/Q121840759,dub reggae,http://www.wikidata.org/entity/Q9794,reggae,
http://www.wikidata.org/entity/Q121840759,dub reggae,http://www.wikidata.org/entity/Q212688,dub music,
http://www.wikidata.org/entity/Q121975531,boss music,http://www.wikidata.org/entity/Q1062702,video game music,
http://www.wikidata.org/entity/Q121975531,boss music,http://www.wikidata.org/entity/Q1353390,background music,
http://www.wikidata.org/entity/Q122033743,chuntunqui romántico,http://www.wikidata.org/entity/Q3328603,music of Bolivia,
http://www.wikidata.org/entity/Q122034158,Druze music,http://www.wikidata.org/entity/Q123421088,Levantine Arabic music,
http://www.wikidata.org/entity/Q122034415,Philippine rondalla,http://www.wikidata.org/entity/Q3328743,music of the Philippines,
http://www.wikidata.org/entity/Q122034415,Philippine rondalla,http://www.wikidata.org/entity/Q106586999,Southeast Asian folk music,
http://www.wikidata.org/entity/Q122034415,Philippine rondalla,http://www.wikidata.org/entity/Q107718509,Hispanic music,
http://www.wikidata.org/entity/Q122034475,gengetone,http://www.wikidata.org/entity/Q5533135,genge,
http://www.wikidata.org/entity/Q122034540,Mossi music,http://www.wikidata.org/entity/Q6942028,music of Burkina Faso,
http://www.wikidata.org/entity/Q122034643,ballet de cour,http://www.wikidata.org/entity/Q8361,Baroque music,
http://www.wikidata.org/entity/Q122034643,ballet de cour,http://www.wikidata.org/entity/Q4851628,ballet,
http://www.wikidata.org/entity/Q122034795,Greenlander music,http://www.wikidata.org/entity/Q919948,music of Greenland,
http://www.wikidata.org/entity/Q122143484,scam rap,http://www.wikidata.org/entity/Q753679,gangsta rap,
http://www.wikidata.org/entity/Q122149755,event music,http://www.wikidata.org/entity/Q26897135,functional music,
http://www.wikidata.org/entity/Q122216296,sigma music,http://www.wikidata.org/entity/Q9778,electronic music,
http://www.wikidata.org/entity/Q122474125,egg punk,http://www.wikidata.org/entity/Q659599,art punk,2014-01-01T00:00:00Z
http://www.wikidata.org/entity/Q122474149,lowend,http://www.wikidata.org/entity/Q11401,hip-hop,
http://www.wikidata.org/entity/Q122474184,mega funk,http://www.wikidata.org/entity/Q85748774,Brazilian bass,
http://www.wikidata.org/entity/Q122474184,mega funk,http://www.wikidata.org/entity/Q117745223,Brazilian funk,
http://www.wikidata.org/entity/Q122474221,regalia,http://www.wikidata.org/entity/Q2913982,trap music,
http://www.wikidata.org/entity/Q122474257,rominimal,http://www.wikidata.org/entity/Q598593,tech house,
http://www.wikidata.org/entity/Q122589702,puxa,http://www.wikidata.org/entity/Q106588687,music of Central Africa,
http://www.wikidata.org/entity/Q122609971,Ikwokirikwo,http://www.wikidata.org/entity/Q18208255,Igbo highlife,
http://www.wikidata.org/entity/Q122616091,muzika yehudit mekorit,http://www.wikidata.org/entity/Q12408914,contemporary Jewish religious music,
http://www.wikidata.org/entity/Q122639240,Owerri bongo,http://www.wikidata.org/entity/Q18208255,Igbo highlife,
http://www.wikidata.org/entity/Q122658157,kalattut,http://www.wikidata.org/entity/Q122034795,Greenlander music,
http://www.wikidata.org/entity/Q122730605,Cosmic American,http://www.wikidata.org/entity/Q373342,popular music,
http://www.wikidata.org/entity/Q122801201,shaker music,http://www.wikidata.org/entity/Q8812109,church music,
http://www.wikidata.org/entity/Q122801201,shaker music,http://www.wikidata.org/entity/Q107718737,music of North America,
http://www.wikidata.org/entity/Q122818238,norteño-sax,http://www.wikidata.org/entity/Q7309098,regional Mexican,
http://www.wikidata.org/entity/Q122839839,deathchant hardcore,http://www.wikidata.org/entity/Q388906,hardcore,
http://www.wikidata.org/entity/Q122910849,future trap,http://www.wikidata.org/entity/Q47781397,EDM trap music,
http://www.wikidata.org/entity/Q122932896,ori deck,http://www.wikidata.org/entity/Q851213,electronic dance music,
http://www.wikidata.org/entity/Q122932896,ori deck,http://www.wikidata.org/entity/Q6942287,music of Tahiti,
http://www.wikidata.org/entity/Q122933096,kabuki music,http://www.wikidata.org/entity/Q7777494,theatre music,
http://www.wikidata.org/entity/Q122933096,kabuki music,http://www.wikidata.org/entity/Q7832297,traditional Japanese music,
http://www.wikidata.org/entity/Q122947986,Amerindie,http://www.wikidata.org/entity/Q42201,independent music,
http://www.wikidata.org/entity/Q122947986,Amerindie,http://www.wikidata.org/entity/Q2267955,music of the United States,
http://www.wikidata.org/entity/Q122948042,beguine vide,http://www.wikidata.org/entity/Q11058823,music of Martinique,
http://www.wikidata.org/entity/Q123009321,neo-grime,http://www.wikidata.org/entity/Q1166726,grime,
http://www.wikidata.org/entity/Q123009321,neo-grime,http://www.wikidata.org/entity/Q106369996,wave,
http://www.wikidata.org/entity/Q123028778,hapa haole,http://www.wikidata.org/entity/Q1071834,music of Hawaii,
http://www.wikidata.org/entity/Q123028778,hapa haole,http://www.wikidata.org/entity/Q107718737,music of North America,
http://www.wikidata.org/entity/Q123058158,entrée,http://www.wikidata.org/entity/Q4851628,ballet,
http://www.wikidata.org/entity/Q60722009,Kasékò,http://www.wikidata.org/entity/Q16837791,music of French Guiana,
http://www.wikidata.org/entity/Q60729751,soulful house,http://www.wikidata.org/entity/Q20502,house music,1980-01-01T00:00:00Z
http://www.wikidata.org/entity/Q60742458,Ute music,http://www.wikidata.org/entity/Q2662072,indigenous music of North America,
http://www.wikidata.org/entity/Q60742809,cinematic soul,http://www.wikidata.org/entity/Q131272,soul,
http://www.wikidata.org/entity/Q60743281,Korean indie,http://www.wikidata.org/entity/Q42201,independent music,
http://www.wikidata.org/entity/Q60743281,Korean indie,http://www.wikidata.org/entity/Q6942280,music of South Korea,
http://www.wikidata.org/entity/Q60743608,Mahāgīta,http://www.wikidata.org/entity/Q3328602,music of Myanmar,
http://www.wikidata.org/entity/Q60743608,Mahāgīta,http://www.wikidata.org/entity/Q106586998,Southeast Asian classical music,
http://www.wikidata.org/entity/Q60745864,Cambodian rock,http://www.wikidata.org/entity/Q11399,rock music,
http://www.wikidata.org/entity/Q60745864,Cambodian rock,http://www.wikidata.org/entity/Q6942031,music of Cambodia,
http://www.wikidata.org/entity/Q60792489,Galician chant,http://www.wikidata.org/entity/Q23072435,chant,
http://www.wikidata.org/entity/Q60824940,cumbia sanjuanera,http://www.wikidata.org/entity/Q7171184,Peruvian cumbia,
http://www.wikidata.org/entity/Q60853089,Kazakh historical song,http://www.wikidata.org/entity/Q25513043,Kazakh folk music,
http://www.wikidata.org/entity/Q60973191,darksynth,http://www.wikidata.org/entity/Q19938910,synthwave,2010-01-01T00:00:00Z
http://www.wikidata.org/entity/Q60985143,chaotic hardcore,http://www.wikidata.org/entity/Q10922,hardcore punk,
http://www.wikidata.org/entity/Q60985143,chaotic hardcore,http://www.wikidata.org/entity/Q12326776,metal music,
http://www.wikidata.org/entity/Q61058797,funkcore,http://www.wikidata.org/entity/Q10922,hardcore punk,
http://www.wikidata.org/entity/Q61058797,funkcore,http://www.wikidata.org/entity/Q164444,funk,
http://www.wikidata.org/entity/Q61063128,Tamil film music,http://www.wikidata.org/entity/Q17070502,music of Tamil Nadu,
http://www.wikidata.org/entity/Q61063128,Tamil film music,http://www.wikidata.org/entity/Q107736421,soundtrack,
http://www.wikidata.org/entity/Q61065236,koche bazari,http://www.wikidata.org/entity/Q1672398,music of Iran,
http://www.wikidata.org/entity/Q61127698,Yugoslav partisan song,http://www.wikidata.org/entity/Q1522794,music of Yugoslavia,
http://www.wikidata.org/entity/Q61127902,Vietnamese bolero,http://www.wikidata.org/entity/Q1156957,music of Vietnam,
http://www.wikidata.org/entity/Q61340552,stage and screen,http://www.wikidata.org/entity/Q26897135,functional music,
http://www.wikidata.org/entity/Q61360197,Jaranan dangdut,http://www.wikidata.org/entity/Q1159539,dangdut,
http://www.wikidata.org/entity/Q63064412,Međimurska popevka,http://www.wikidata.org/entity/Q107331898,Croatian folk music,
http://www.wikidata.org/entity/Q63119086,Atomic Platters,http://www.wikidata.org/entity/Q37073,pop music,
http://www.wikidata.org/entity/Q63197384,saya afroboliviana,http://www.wikidata.org/entity/Q389671,saya,
http://www.wikidata.org/entity/Q63197384,saya afroboliviana,http://www.wikidata.org/entity/Q3328603,music of Bolivia,
http://www.wikidata.org/entity/Q63203971,religious hymn,http://www.wikidata.org/entity/Q484692,hymn,
http://www.wikidata.org/entity/Q63203971,religious hymn,http://www.wikidata.org/entity/Q935586,liturgical music,
http://www.wikidata.org/entity/Q63229806,cowboy pop,http://www.wikidata.org/entity/Q217191,soft rock,
http://www.wikidata.org/entity/Q63229806,cowboy pop,http://www.wikidata.org/entity/Q2280497,country pop,
http://www.wikidata.org/entity/Q63243766,Anglican hymn,http://www.wikidata.org/entity/Q856713,Christian hymn,
http://www.wikidata.org/entity/Q63247669,Christmas cantata,http://www.wikidata.org/entity/Q174873,cantata,
http://www.wikidata.org/entity/Q63247669,Christmas cantata,http://www.wikidata.org/entity/Q56572789,Christmas-themed song,
http://www.wikidata.org/entity/Q63293122,Bangladeshi heavy metal,http://www.wikidata.org/entity/Q38848,heavy metal music,
http://www.wikidata.org/entity/Q63293122,Bangladeshi heavy metal,http://www.wikidata.org/entity/Q3328593,music of Bangladesh,
http://www.wikidata.org/entity/Q63973609,Angklung buncis,http://www.wikidata.org/entity/Q235858,traditional folk music,
http://www.wikidata.org/entity/Q64055364,ethnic pop,http://www.wikidata.org/entity/Q37073,pop music,
http://www.wikidata.org/entity/Q64055364,ethnic pop,http://www.wikidata.org/entity/Q205049,world music,
http://www.wikidata.org/entity/Q64137792,religious vocal music,http://www.wikidata.org/entity/Q685884,vocal music,
http://www.wikidata.org/entity/Q64137792,religious vocal music,http://www.wikidata.org/entity/Q1065742,religious music,
http://www.wikidata.org/entity/Q64152500,sacred folk song,http://www.wikidata.org/entity/Q216860,Lied,
http://www.wikidata.org/entity/Q64441232,ethnic rock,http://www.wikidata.org/entity/Q11399,rock music,
http://www.wikidata.org/entity/Q65041781,Pungmul as Protest,http://www.wikidata.org/entity/Q107000797,Korean folk music,
http://www.wikidata.org/entity/Q65044348,Chinese stringed music,http://www.wikidata.org/entity/Q277393,music of China,
http://www.wikidata.org/entity/Q65047322,modern pagan music,http://www.wikidata.org/entity/Q373342,popular music,
http://www.wikidata.org/entity/Q65051359,pop black metal,http://www.wikidata.org/entity/Q132438,black metal,
http://www.wikidata.org/entity/Q65052052,gothic country,http://www.wikidata.org/entity/Q438476,alternative country,
http://www.wikidata.org/entity/Q65052052,gothic country,http://www.wikidata.org/entity/Q13646229,gothic music,
http://www.wikidata.org/entity/Q65063851,bolojo,http://www.wikidata.org/entity/Q972634,African popular music,
http://www.wikidata.org/entity/Q65063851,bolojo,http://www.wikidata.org/entity/Q9048265,Yoruba music,
http://www.wikidata.org/entity/Q65065396,holboo,http://www.wikidata.org/entity/Q685884,vocal music,
http://www.wikidata.org/entity/Q65065396,holboo,http://www.wikidata.org/entity/Q3328727,music of Mongolia,
http://www.wikidata.org/entity/Q65065491,riddim,http://www.wikidata.org/entity/Q20474,dubstep,2010-01-01T00:00:00Z
http://www.wikidata.org/entity/Q65065491,riddim,http://www.wikidata.org/entity/Q20903,brostep,2010-01-01T00:00:00Z
http://www.wikidata.org/entity/Q65066576,Zaley,http://www.wikidata.org/entity/Q6942229,music of Niger,
http://www.wikidata.org/entity/Q65067835,Gaelic psalm singing,http://www.wikidata.org/entity/Q935586,liturgical music,
http://www.wikidata.org/entity/Q65067835,Gaelic psalm singing,http://www.wikidata.org/entity/Q20615323,Gaelic song,
http://www.wikidata.org/entity/Q65089257,punk rap,http://www.wikidata.org/entity/Q3071,punk rock,2007-01-01T00:00:00Z
http://www.wikidata.org/entity/Q65089257,punk rap,http://www.wikidata.org/entity/Q11401,hip-hop,2007-01-01T00:00:00Z
http://www.wikidata.org/entity/Q65089976,progressive punk,http://www.wikidata.org/entity/Q3071,punk rock,
http://www.wikidata.org/entity/Q65089976,progressive punk,http://www.wikidata.org/entity/Q7248857,progressive music,
http://www.wikidata.org/entity/Q65154273,Siberian punk,http://www.wikidata.org/entity/Q3071,punk rock,
http://www.wikidata.org/entity/Q65154273,Siberian punk,http://www.wikidata.org/entity/Q2498201,music of Russia,
http://www.wikidata.org/entity/Q65159619,tropinorteña,http://www.wikidata.org/entity/Q1780056,norteño,
http://www.wikidata.org/entity/Q65159619,tropinorteña,http://www.wikidata.org/entity/Q3328778,tropical music,
http://www.wikidata.org/entity/Q65177809,Tsyganskiy romance,http://www.wikidata.org/entity/Q4400837,Russian romance,1900-01-01T00:00:00Z
http://www.wikidata.org/entity/Q65204373,lazer,http://www.wikidata.org/entity/Q11366,alternative rock,
http://www.wikidata.org/entity/Q65210341,Passayang-sayang,http://www.wikidata.org/entity/Q1210921,music of Indonesia,
http://www.wikidata.org/entity/Q65210670,Patingtung,http://www.wikidata.org/entity/Q235858,traditional folk music,
http://www.wikidata.org/entity/Q65211712,gamelan bungbang,http://www.wikidata.org/entity/Q194492,gamelan,
http://www.wikidata.org/entity/Q65211801,kendang mabarung,http://www.wikidata.org/entity/Q11210968,Gamelan Bali,
http://www.wikidata.org/entity/Q65211993,Rawa Sagele,http://www.wikidata.org/entity/Q235858,traditional folk music,
http://www.wikidata.org/entity/Q65213526,gamelan keraton yogyakarta,http://www.wikidata.org/entity/Q194492,gamelan,
http://www.wikidata.org/entity/Q65226754,Ashug music,http://www.wikidata.org/entity/Q235858,traditional folk music,
http://www.wikidata.org/entity/Q65267090,Toragaku,http://www.wikidata.org/entity/Q718540,gagaku,
http://www.wikidata.org/entity/Q65271568,Rin'yūgaku,http://www.wikidata.org/entity/Q718540,gagaku,
http://www.wikidata.org/entity/Q65275479,Kudaragaku,http://www.wikidata.org/entity/Q693322,komagaku,
http://www.wikidata.org/entity/Q8345377,chimayche,http://www.wikidata.org/entity/Q2307786,huayno,
http://www.wikidata.org/entity/Q8345377,chimayche,http://www.wikidata.org/entity/Q3085344,music of Peru,
http://www.wikidata.org/entity/Q8347620,industrial coldwave,http://www.wikidata.org/entity/Q487965,industrial music,
http://www.wikidata.org/entity/Q8347620,industrial coldwave,http://www.wikidata.org/entity/Q2343562,coldwave,
http://www.wikidata.org/entity/Q8560269,dirty south,http://www.wikidata.org/entity/Q11401,hip-hop,
http://www.wikidata.org/entity/Q8564213,Punjabi folk music,http://www.wikidata.org/entity/Q98528198,South Asian folk music,
http://www.wikidata.org/entity/Q8701407,waltz,http://www.wikidata.org/entity/Q118738876,classical dance music,
http://www.wikidata.org/entity/Q8770312,Donosti sound,http://www.wikidata.org/entity/Q484641,pop rock,1989-01-01T00:00:00Z
http://www.wikidata.org/entity/Q8770312,Donosti sound,http://www.wikidata.org/entity/Q842324,indie pop,1989-01-01T00:00:00Z
http://www.wikidata.org/entity/Q8812109,church music,http://www.wikidata.org/entity/Q935586,liturgical music,
http://www.wikidata.org/entity/Q8812109,church music,http://www.wikidata.org/entity/Q6452410,Christian music,
http://www.wikidata.org/entity/Q8964779,Nigerian gospel,http://www.wikidata.org/entity/Q180268,gospel music,
http://www.wikidata.org/entity/Q8964779,Nigerian gospel,http://www.wikidata.org/entity/Q2738838,music of Nigeria,
http://www.wikidata.org/entity/Q9009342,Isa,http://www.wikidata.org/entity/Q373342,popular music,
http://www.wikidata.org/entity/Q9011351,jazzstep,http://www.wikidata.org/entity/Q2615500,intelligent drum and bass,1994-01-01T00:00:00Z
http://www.wikidata.org/entity/Q9014988,Jota Aragonese,http://www.wikidata.org/entity/Q252626,jota,
http://www.wikidata.org/entity/Q9016350,choral concerto,http://www.wikidata.org/entity/Q185298,a cappella,
http://www.wikidata.org/entity/Q9016350,choral concerto,http://www.wikidata.org/entity/Q1076513,choral music,
http://www.wikidata.org/entity/Q9016350,choral concerto,http://www.wikidata.org/entity/Q139566472,East Slavic church music,
http://www.wikidata.org/entity/Q9016941,Kantu,http://www.wikidata.org/entity/Q492096,Andean music,1000-01-01T00:00:00Z
http://www.wikidata.org/entity/Q9030802,mayapax,http://www.wikidata.org/entity/Q16942070,Mexican folk music,
http://www.wikidata.org/entity/Q9031318,melenchón,http://www.wikidata.org/entity/Q9048257,Spanish folk music,
http://www.wikidata.org/entity/Q9031739,merecumbé,http://www.wikidata.org/entity/Q282131,merengue,
http://www.wikidata.org/entity/Q9031739,merecumbé,http://www.wikidata.org/entity/Q723418,cumbia,
http://www.wikidata.org/entity/Q9034560,monidura,http://www.wikidata.org/entity/Q9048257,Spanish folk music,
http://www.wikidata.org/entity/Q9034625,monona,http://www.wikidata.org/entity/Q15042720,copla,1800-01-01T00:00:00Z
http://www.wikidata.org/entity/Q9035712,muliza,http://www.wikidata.org/entity/Q109500872,Peruvian folk music,
http://www.wikidata.org/entity/Q9048257,Spanish folk music,http://www.wikidata.org/entity/Q964987,music of Spain,
http://www.wikidata.org/entity/Q9048257,Spanish folk music,http://www.wikidata.org/entity/Q98528192,European folk music,
http://www.wikidata.org/entity/Q9048261,urbano music,http://www.wikidata.org/entity/Q18345375,Latin music,
http://www.wikidata.org/entity/Q9048265,Yoruba music,http://www.wikidata.org/entity/Q6942329,music of West Africa,
http://www.wikidata.org/entity/Q9049284,nenia,http://www.wikidata.org/entity/Q3246270,dirge,
http://www.wikidata.org/entity/Q9050551,noisegrind,http://www.wikidata.org/entity/Q188534,grindcore,
http://www.wikidata.org/entity/Q9051042,new Chilean cumbia,http://www.wikidata.org/entity/Q723418,cumbia,
http://www.wikidata.org/entity/Q9051097,Nueva ola,http://www.wikidata.org/entity/Q7749,rock and roll,1955-01-01T00:00:00Z
http://www.wikidata.org/entity/Q9051097,Nueva ola,http://www.wikidata.org/entity/Q727781,music of Latin America,1955-01-01T00:00:00Z
http://www.wikidata.org/entity/Q9051102,nuevo cancionero,http://www.wikidata.org/entity/Q109626458,nueva canción latinoamericana,
http://www.wikidata.org/entity/Q9067501,Nigerian reggae,http://www.wikidata.org/entity/Q9794,reggae,
http://www.wikidata.org/entity/Q9067501,Nigerian reggae,http://www.wikidata.org/entity/Q2738838,music of Nigeria,
http://www.wikidata.org/entity/Q9067503,reggae punk,http://www.wikidata.org/entity/Q598929,post-punk,
http://www.wikidata.org/entity/Q9067503,reggae punk,http://www.wikidata.org/entity/Q7308175,reggae rock,
http://www.wikidata.org/entity/Q9070133,rock rolinga,http://www.wikidata.org/entity/Q11399,rock music,
http://www.wikidata.org/entity/Q9078960,Motown,http://www.wikidata.org/entity/Q11700065,pop soul,
http://www.wikidata.org/entity/Q9079141,soul rock,http://www.wikidata.org/entity/Q11399,rock music,
http://www.wikidata.org/entity/Q9081761,tango para chicos,http://www.wikidata.org/entity/Q14390274,tango,
http://www.wikidata.org/entity/Q9089200,totalism,http://www.wikidata.org/entity/Q98528143,post-minimalism,
http://www.wikidata.org/entity/Q9095433,waka music,http://www.wikidata.org/entity/Q9048265,Yoruba music,1980-01-01T00:00:00Z
http://www.wikidata.org/entity/Q9148579,allemande,http://www.wikidata.org/entity/Q118738876,classical dance music,
http://www.wikidata.org/entity/Q9149798,ambient noise wall,http://www.wikidata.org/entity/Q726239,noise music,
http://www.wikidata.org/entity/Q9149801,ambient techno,http://www.wikidata.org/entity/Q106521662,deep techno,1989-01-01T00:00:00Z
http://www.wikidata.org/entity/Q9162904,avant-pop,http://www.wikidata.org/entity/Q37073,pop music,
http://www.wikidata.org/entity/Q9184396,canary,http://www.wikidata.org/entity/Q9730,classical music,
http://www.wikidata.org/entity/Q9184396,canary,http://www.wikidata.org/entity/Q316930,dance music,
http://www.wikidata.org/entity/Q9184398,cancan,http://www.wikidata.org/entity/Q9730,classical music,
http://www.wikidata.org/entity/Q9184398,cancan,http://www.wikidata.org/entity/Q316930,dance music,
http://www.wikidata.org/entity/Q9190324,Lutheran chorale,http://www.wikidata.org/entity/Q1293057,Protestant hymn,
http://www.wikidata.org/entity/Q9190324,Lutheran chorale,http://www.wikidata.org/entity/Q5956785,hymn tune,
http://www.wikidata.org/entity/Q9196467,courante,http://www.wikidata.org/entity/Q118738876,classical dance music,
http://www.wikidata.org/entity/Q9253748,emo violence,http://www.wikidata.org/entity/Q11363,screamo,
http://www.wikidata.org/entity/Q9260728,flamenco chill,http://www.wikidata.org/entity/Q9764,flamenco,
http://www.wikidata.org/entity/Q9260728,flamenco chill,http://www.wikidata.org/entity/Q757143,chill-out music,
http://www.wikidata.org/entity/Q9261178,miejski folk,http://www.wikidata.org/entity/Q11399,rock music,
http://www.wikidata.org/entity/Q9261178,miejski folk,http://www.wikidata.org/entity/Q473602,music of Poland,
http://www.wikidata.org/entity/Q9266272,gavotte,http://www.wikidata.org/entity/Q118738876,classical dance music,
http://www.wikidata.org/entity/Q9298306,electro-goth,http://www.wikidata.org/entity/Q9778,electronic music,
http://www.wikidata.org/entity/Q9298306,electro-goth,http://www.wikidata.org/entity/Q13646229,gothic music,
http://www.wikidata.org/entity/Q9300201,samba de roda,http://www.wikidata.org/entity/Q106926325,Brazilian folk music,
http://www.wikidata.org/entity/Q9300624,patriotic music,http://www.wikidata.org/entity/Q26897135,functional music,
http://www.wikidata.org/entity/Q9302696,mafioso rap,http://www.wikidata.org/entity/Q753679,gangsta rap,
http://www.wikidata.org/entity/Q9334632,screamo rap,http://www.wikidata.org/entity/Q6010,rapping,
http://www.wikidata.org/entity/Q9334632,screamo rap,http://www.wikidata.org/entity/Q11363,screamo,
http://www.wikidata.org/entity/Q9348934,symphonic trance,http://www.wikidata.org/entity/Q890887,Eurotrance,
http://www.wikidata.org/entity/Q9355589,tarantella,http://www.wikidata.org/entity/Q9730,classical music,
http://www.wikidata.org/entity/Q9355589,tarantella,http://www.wikidata.org/entity/Q316930,dance music,
http://www.wikidata.org/entity/Q9356246,psytech,http://www.wikidata.org/entity/Q170611,techno,
http://www.wikidata.org/entity/Q9356246,psytech,http://www.wikidata.org/entity/Q622871,psychedelic trance,
http://www.wikidata.org/entity/Q9364028,UK funky,http://www.wikidata.org/entity/Q851213,electronic dance music,2006-01-01T00:00:00Z
http://www.wikidata.org/entity/Q9364029,UK hardcore (techno),http://www.wikidata.org/entity/Q170611,techno,
http://www.wikidata.org/entity/Q9373944,vixa,http://www.wikidata.org/entity/Q20502,house music,
http://www.wikidata.org/entity/Q9373944,vixa,http://www.wikidata.org/entity/Q473602,music of Poland,
http://www.wikidata.org/entity/Q9384895,Yunnan hill song,http://www.wikidata.org/entity/Q7487815,shan'ge,
http://www.wikidata.org/entity/Q9615674,anhalt EBM,http://www.wikidata.org/entity/Q372103,electronic body music,
http://www.wikidata.org/entity/Q10260594,Corinhos,http://www.wikidata.org/entity/Q899215,music of Brazil,
http://www.wikidata.org/entity/Q10260594,Corinhos,http://www.wikidata.org/entity/Q6452410,Christian music,
http://www.wikidata.org/entity/Q10265571,desgarrada,http://www.wikidata.org/entity/Q106556293,Portuguese folk music,
http://www.wikidata.org/entity/Q10268931,dubwise drum and bass,http://www.wikidata.org/entity/Q188994,drum and bass,2004-01-01T00:00:00Z
http://www.wikidata.org/entity/Q10283579,forró double meaning,http://www.wikidata.org/entity/Q586110,forró,
http://www.wikidata.org/entity/Q10283582,electronic forró,http://www.wikidata.org/entity/Q586110,forró,
http://www.wikidata.org/entity/Q123105792,unakesa,http://www.wikidata.org/entity/Q106926276,indigenous American folk music,
http://www.wikidata.org/entity/Q123105792,unakesa,http://www.wikidata.org/entity/Q117632917,northeastern Brazilian music,
http://www.wikidata.org/entity/Q123141133,talempong goyang,http://www.wikidata.org/entity/Q117745444,pop minang,
http://www.wikidata.org/entity/Q123177120,franco,http://www.wikidata.org/entity/Q373342,popular music,
http://www.wikidata.org/entity/Q123196582,Métis music,http://www.wikidata.org/entity/Q2662072,indigenous music of North America,
http://www.wikidata.org/entity/Q123196598,Twa music,http://www.wikidata.org/entity/Q106586248,music of East Africa,
http://www.wikidata.org/entity/Q123196598,Twa music,http://www.wikidata.org/entity/Q106588687,music of Central Africa,
http://www.wikidata.org/entity/Q123223381,Pontic Greek music,http://www.wikidata.org/entity/Q1465419,music of Greece,
http://www.wikidata.org/entity/Q123253052,post-no wave,http://www.wikidata.org/entity/Q1641839,experimental rock,
http://www.wikidata.org/entity/Q123253590,caporal,http://www.wikidata.org/entity/Q3328603,music of Bolivia,
http://www.wikidata.org/entity/Q123272631,rock poetry,http://www.wikidata.org/entity/Q11399,rock music,
http://www.wikidata.org/entity/Q123286978,Yoruba folk opera,http://www.wikidata.org/entity/Q9048265,Yoruba music,
http://www.wikidata.org/entity/Q123360735,rock rural,http://www.wikidata.org/entity/Q186472,folk rock,
http://www.wikidata.org/entity/Q123360735,rock rural,http://www.wikidata.org/entity/Q899215,music of Brazil,
http://www.wikidata.org/entity/Q123397869,hymn setting,http://www.wikidata.org/entity/Q484692,hymn,
http://www.wikidata.org/entity/Q123397937,chorale melody,http://www.wikidata.org/entity/Q724473,chorale,
http://www.wikidata.org/entity/Q123397937,chorale melody,http://www.wikidata.org/entity/Q5956785,hymn tune,
http://www.wikidata.org/entity/Q123413364,Afro tech,http://www.wikidata.org/entity/Q388100,Afro house,
http://www.wikidata.org/entity/Q123421084,briddim,http://www.wikidata.org/entity/Q20903,brostep,
http://www.wikidata.org/entity/Q123421088,Levantine Arabic music,http://www.wikidata.org/entity/Q624044,Arabic music,
http://www.wikidata.org/entity/Q123421088,Levantine Arabic music,http://www.wikidata.org/entity/Q110593056,Levant music,
http://www.wikidata.org/entity/Q123421101,stomp and holler,http://www.wikidata.org/entity/Q1317816,indie folk,
http://www.wikidata.org/entity/Q123421101,stomp and holler,http://www.wikidata.org/entity/Q11700058,folk-pop,
http://www.wikidata.org/entity/Q123481758,Alaskan hip hop,http://www.wikidata.org/entity/Q3135787,American hip-hop,
http://www.wikidata.org/entity/Q123543092,darkcore,http://www.wikidata.org/entity/Q388906,hardcore,
http://www.wikidata.org/entity/Q123556216,tân cổ giao duyên,http://www.wikidata.org/entity/Q1156957,music of Vietnam,
http://www.wikidata.org/entity/Q123588464,Nuer music,http://www.wikidata.org/entity/Q106595599,music of Northeast Africa,
http://www.wikidata.org/entity/Q123699455,vaigat music,http://www.wikidata.org/entity/Q919948,music of Greenland,
http://www.wikidata.org/entity/Q123707590,pop urbaine,http://www.wikidata.org/entity/Q37073,pop music,
http://www.wikidata.org/entity/Q123707590,pop urbaine,http://www.wikidata.org/entity/Q672134,music of France,
http://www.wikidata.org/entity/Q123707590,pop urbaine,http://www.wikidata.org/entity/Q2529400,urban contemporary,
http://www.wikidata.org/entity/Q123753500,phonk house,http://www.wikidata.org/entity/Q20502,house music,2020-01-01T00:00:00Z
http://www.wikidata.org/entity/Q123753500,phonk house,http://www.wikidata.org/entity/Q112997482,drift phonk,2020-01-01T00:00:00Z
http://www.wikidata.org/entity/Q123773619,tontipop,http://www.wikidata.org/entity/Q842324,indie pop,
http://www.wikidata.org/entity/Q123773619,tontipop,http://www.wikidata.org/entity/Q964987,music of Spain,
http://www.wikidata.org/entity/Q123777276,musical drama,http://www.wikidata.org/entity/Q1370345,musical theater,
http://www.wikidata.org/entity/Q123786394,Hong Kong cantopop,http://www.wikidata.org/entity/Q853873,cantopop,
http://www.wikidata.org/entity/Q123786394,Hong Kong cantopop,http://www.wikidata.org/entity/Q6942118,music of Hong Kong,
http://www.wikidata.org/entity/Q123856101,Rioplatense music,http://www.wikidata.org/entity/Q5645984,music of South America,
http://www.wikidata.org/entity/Q123856101,Rioplatense music,http://www.wikidata.org/entity/Q107718539,Hispanic American music,
http://www.wikidata.org/entity/Q123907465,Michigan rap,http://www.wikidata.org/entity/Q3135787,American hip-hop,
http://www.wikidata.org/entity/Q123909197,jubilee,http://www.wikidata.org/entity/Q180268,gospel music,
http://www.wikidata.org/entity/Q123909197,jubilee,http://www.wikidata.org/entity/Q807820,barbershop music,
http://www.wikidata.org/entity/Q123922710,aquacrunk,http://www.wikidata.org/entity/Q1136045,wonky,
http://www.wikidata.org/entity/Q123923529,bubblegrunge,http://www.wikidata.org/entity/Q37073,pop music,
http://www.wikidata.org/entity/Q123923529,bubblegrunge,http://www.wikidata.org/entity/Q379671,post-grunge,
http://www.wikidata.org/entity/Q123945693,egwu ogene,http://www.wikidata.org/entity/Q145594,Igbo music,
http://www.wikidata.org/entity/Q123953871,Dinka music,http://www.wikidata.org/entity/Q106586248,music of East Africa,
http://www.wikidata.org/entity/Q123953871,Dinka music,http://www.wikidata.org/entity/Q106595599,music of Northeast Africa,
http://www.wikidata.org/entity/Q124000603,Igba ijele,http://www.wikidata.org/entity/Q145594,Igbo music,
http://www.wikidata.org/entity/Q124001082,Igba akunechenyi,http://www.wikidata.org/entity/Q145594,Igbo music,
http://www.wikidata.org/entity/Q124001752,kaluyo,http://www.wikidata.org/entity/Q645992,music of Argentina,
http://www.wikidata.org/entity/Q124060761,Igbo Christian music,http://www.wikidata.org/entity/Q145594,Igbo music,
http://www.wikidata.org/entity/Q124060761,Igbo Christian music,http://www.wikidata.org/entity/Q6452410,Christian music,
http://www.wikidata.org/entity/Q124079308,folk music of Uruguay,http://www.wikidata.org/entity/Q106298881,contemporary folk music,
http://www.wikidata.org/entity/Q124080511,doomgaze,http://www.wikidata.org/entity/Q41343,post-metal,2001-01-01T00:00:00Z
http://www.wikidata.org/entity/Q124080517,música típica chilena,http://www.wikidata.org/entity/Q3889385,music of Chile,
http://www.wikidata.org/entity/Q124080527,Shilluk music,http://www.wikidata.org/entity/Q4117103,music of Sudan,
http://www.wikidata.org/entity/Q124096734,early American blues,http://www.wikidata.org/entity/Q106878019,early acoustic blues,
http://www.wikidata.org/entity/Q124099574,cosmic black metal,http://www.wikidata.org/entity/Q65937017,atmospheric black metal,1994-01-01T00:00:00Z
http://www.wikidata.org/entity/Q124099577,progressive black metal,http://www.wikidata.org/entity/Q132438,black metal,
http://www.wikidata.org/entity/Q124099577,progressive black metal,http://www.wikidata.org/entity/Q484344,progressive metal,
http://www.wikidata.org/entity/Q124099582,psychedelic black metal,http://www.wikidata.org/entity/Q132438,black metal,
http://www.wikidata.org/entity/Q124099582,psychedelic black metal,http://www.wikidata.org/entity/Q121368137,psychedelic metal,
http://www.wikidata.org/entity/Q124151378,dream folk,http://www.wikidata.org/entity/Q43343,folk music,
http://www.wikidata.org/entity/Q124151378,dream folk,http://www.wikidata.org/entity/Q1339027,dream trance,
http://www.wikidata.org/entity/Q124170473,eccojams,http://www.wikidata.org/entity/Q15733887,vaporwave,
http://www.wikidata.org/entity/Q124253576,Eelam Melody,http://www.wikidata.org/entity/Q3328768,music of Sri Lanka,
http://www.wikidata.org/entity/Q124291051,Afar music,http://www.wikidata.org/entity/Q106595599,music of Northeast Africa,
http://www.wikidata.org/entity/Q124312240,Afro fusion,http://www.wikidata.org/entity/Q4794612,music of South Africa,1970-01-01T00:00:00Z
http://www.wikidata.org/entity/Q124333204,sinogrime,http://www.wikidata.org/entity/Q1166726,grime,
http://www.wikidata.org/entity/Q124342215,Ladainha,http://www.wikidata.org/entity/Q9730,classical music,
http://www.wikidata.org/entity/Q124342216,Tanguinho,http://www.wikidata.org/entity/Q373342,popular music,
http://www.wikidata.org/entity/Q124342217,Cateretê,http://www.wikidata.org/entity/Q373342,popular music,
http://www.wikidata.org/entity/Q124342218,Novena,http://www.wikidata.org/entity/Q9730,classical music,
http://www.wikidata.org/entity/Q124352838,Bronx drill,http://www.wikidata.org/entity/Q876171,East Coast hip-hop,2010-01-01T00:00:00Z
http://www.wikidata.org/entity/Q124354563,kujon,http://www.wikidata.org/entity/Q11822344,Polish folk music,
http://www.wikidata.org/entity/Q124354571,mataali,http://www.wikidata.org/entity/Q1482325,Islamic music,
http://www.wikidata.org/entity/Q124354571,mataali,http://www.wikidata.org/entity/Q4841438,Baganda music,
http://www.wikidata.org/entity/Q124357128,gabberpop,http://www.wikidata.org/entity/Q37073,pop music,
http://www.wikidata.org/entity/Q124357128,gabberpop,http://www.wikidata.org/entity/Q820049,gabber,
http://www.wikidata.org/entity/Q124361699,loud kei,http://www.wikidata.org/entity/Q131425,visual kei,
http://www.wikidata.org/entity/Q124399713,Jersey club rap,http://www.wikidata.org/entity/Q11401,hip-hop,
http://www.wikidata.org/entity/Q124399721,kete,http://www.wikidata.org/entity/Q1583807,art music,
http://www.wikidata.org/entity/Q124399721,kete,http://www.wikidata.org/entity/Q106641570,Akan music,
http://www.wikidata.org/entity/Q124399725,Buganda royal court music,http://www.wikidata.org/entity/Q1583807,art music,
http://www.wikidata.org/entity/Q65276678,Maneo,http://www.wikidata.org/entity/Q252626,jota,
http://www.wikidata.org/entity/Q65295316,Anglesey folk music,http://www.wikidata.org/entity/Q48297861,Welsh folk music,
http://www.wikidata.org/entity/Q65330805,singeli,http://www.wikidata.org/entity/Q851213,electronic dance music,2015-01-01T00:00:00Z
http://www.wikidata.org/entity/Q65330805,singeli,http://www.wikidata.org/entity/Q3868600,music of Tanzania,2015-01-01T00:00:00Z
http://www.wikidata.org/entity/Q65335148,Zeckenrap,http://www.wikidata.org/entity/Q454071,German hip-hop,
http://www.wikidata.org/entity/Q65427884,ayai,http://www.wikidata.org/entity/Q106877947,Cambodian classical music,
http://www.wikidata.org/entity/Q65447927,aleke,http://www.wikidata.org/entity/Q3394906,music of the Caribbean,
http://www.wikidata.org/entity/Q65447927,aleke,http://www.wikidata.org/entity/Q6942110,music of Guyana,
http://www.wikidata.org/entity/Q65448155,sebene,http://www.wikidata.org/entity/Q106588687,music of Central Africa,
http://www.wikidata.org/entity/Q65453789,dong serenj,http://www.wikidata.org/entity/Q106635234,Asian folk music,
http://www.wikidata.org/entity/Q65455870,Bashkir rafters song,http://www.wikidata.org/entity/Q106642120,Bashkir folk music,
http://www.wikidata.org/entity/Q65936357,acoustic blues,http://www.wikidata.org/entity/Q9759,blues,
http://www.wikidata.org/entity/Q65936391,acoustic rock,http://www.wikidata.org/entity/Q11399,rock music,
http://www.wikidata.org/entity/Q65936391,acoustic rock,http://www.wikidata.org/entity/Q286080,acoustic music,
http://www.wikidata.org/entity/Q65936979,alternative punk,http://www.wikidata.org/entity/Q3071,punk rock,
http://www.wikidata.org/entity/Q65936979,alternative punk,http://www.wikidata.org/entity/Q1695023,alternative music,
http://www.wikidata.org/entity/Q65937017,atmospheric black metal,http://www.wikidata.org/entity/Q132438,black metal,1993-01-01T00:00:00Z
http://www.wikidata.org/entity/Q65937774,breaks,http://www.wikidata.org/entity/Q851213,electronic dance music,
http://www.wikidata.org/entity/Q65937817,crossover prog,http://www.wikidata.org/entity/Q49451,progressive rock,
http://www.wikidata.org/entity/Q65937817,crossover prog,http://www.wikidata.org/entity/Q4145841,rock fusion,
http://www.wikidata.org/entity/Q65937845,funk soul,http://www.wikidata.org/entity/Q131272,soul,
http://www.wikidata.org/entity/Q65937845,funk soul,http://www.wikidata.org/entity/Q164444,funk,
http://www.wikidata.org/entity/Q65937876,glam music,http://www.wikidata.org/entity/Q373342,popular music,
http://www.wikidata.org/entity/Q65937893,instrumental jazz,http://www.wikidata.org/entity/Q8341,jazz,
http://www.wikidata.org/entity/Q65937893,instrumental jazz,http://www.wikidata.org/entity/Q639197,instrumental music,
http://www.wikidata.org/entity/Q65937906,leftfield electronic,http://www.wikidata.org/entity/Q9778,electronic music,
http://www.wikidata.org/entity/Q65937937,modern blues,http://www.wikidata.org/entity/Q106574943,modern electric blues,
http://www.wikidata.org/entity/Q65937946,modern classical music,http://www.wikidata.org/entity/Q9730,classical music,1900-01-01T00:00:00Z
http://www.wikidata.org/entity/Q65937954,contemporary country,http://www.wikidata.org/entity/Q83440,country music,
http://www.wikidata.org/entity/Q65943390,neo-rockabilly,http://www.wikidata.org/entity/Q203720,rockabilly,
http://www.wikidata.org/entity/Q65943557,old school death metal,http://www.wikidata.org/entity/Q483251,death metal,1984-01-01T00:00:00Z
http://www.wikidata.org/entity/Q65943744,post-classical,http://www.wikidata.org/entity/Q9730,classical music,
http://www.wikidata.org/entity/Q65943778,traditional country music,http://www.wikidata.org/entity/Q83440,country music,
http://www.wikidata.org/entity/Q65943778,traditional country music,http://www.wikidata.org/entity/Q1541229,American folk music,
http://www.wikidata.org/entity/Q65943851,UK drill,http://www.wikidata.org/entity/Q15697534,drill,2015-01-01T00:00:00Z
http://www.wikidata.org/entity/Q66364245,Ukrainian folk music,http://www.wikidata.org/entity/Q155858,music of Ukraine,
http://www.wikidata.org/entity/Q66364245,Ukrainian folk music,http://www.wikidata.org/entity/Q16679594,Slavic folk music,
http://www.wikidata.org/entity/Q66686936,electro-orchestral music,http://www.wikidata.org/entity/Q9778,electronic music,
http://www.wikidata.org/entity/Q66686936,electro-orchestral music,http://www.wikidata.org/entity/Q3328774,symphonic music,
http://www.wikidata.org/entity/Q68926236,odi pop,http://www.wikidata.org/entity/Q3868594,music of Kenya,
http://www.wikidata.org/entity/Q68926236,odi pop,http://www.wikidata.org/entity/Q110592421,Christian pop,
http://www.wikidata.org/entity/Q70985721,Swedish gospel,http://www.wikidata.org/entity/Q180268,gospel music,
http://www.wikidata.org/entity/Q70985721,Swedish gospel,http://www.wikidata.org/entity/Q846784,music of Sweden,
http://www.wikidata.org/entity/Q70985836,Swedish soul,http://www.wikidata.org/entity/Q131272,soul,
http://www.wikidata.org/entity/Q72862526,tarjo,http://www.wikidata.org/entity/Q108823220,ritual song,
http://www.wikidata.org/entity/Q79054127,Kengë malsorqe,http://www.wikidata.org/entity/Q685884,vocal music,
http://www.wikidata.org/entity/Q79784514,progressive electronic music,http://www.wikidata.org/entity/Q7248857,progressive music,1969-01-01T00:00:00Z
http://www.wikidata.org/entity/Q79784514,progressive electronic music,http://www.wikidata.org/entity/Q11308620,synth music,1969-01-01T00:00:00Z
http://www.wikidata.org/entity/Q79891737,Carpathian plainchant,http://www.wikidata.org/entity/Q8812109,church music,1906-01-01T00:00:00Z
http://www.wikidata.org/entity/Q79891737,Carpathian plainchant,http://www.wikidata.org/entity/Q23072435,chant,1906-01-01T00:00:00Z
http://www.wikidata.org/entity/Q80480981,nightstep,http://www.wikidata.org/entity/Q20474,dubstep,
http://www.wikidata.org/entity/Q80480981,nightstep,http://www.wikidata.org/entity/Q3876770,nightcore,
http://www.wikidata.org/entity/Q80724932,vaportrap,http://www.wikidata.org/entity/Q15733887,vaporwave,2011-01-01T00:00:00Z
http://www.wikidata.org/entity/Q80725067,mallsoft,http://www.wikidata.org/entity/Q1141081,lounge music,2012-01-01T00:00:00Z
http://www.wikidata.org/entity/Q80725067,mallsoft,http://www.wikidata.org/entity/Q15733887,vaporwave,2012-01-01T00:00:00Z
http://www.wikidata.org/entity/Q80725127,future funk,http://www.wikidata.org/entity/Q20502,house music,2010-01-01T00:00:00Z
http://www.wikidata.org/entity/Q80725127,future funk,http://www.wikidata.org/entity/Q15733887,vaporwave,2010-01-01T00:00:00Z
http://www.wikidata.org/entity/Q83330307,Gufeng music,http://www.wikidata.org/entity/Q1192110,C-pop,
http://www.wikidata.org/entity/Q84322263,Irish ballad,http://www.wikidata.org/entity/Q7482056,Irish folk music,
http://www.wikidata.org/entity/Q84322263,Irish ballad,http://www.wikidata.org/entity/Q116690343,ballad,
http://www.wikidata.org/entity/Q85740017,Afroswing,http://www.wikidata.org/entity/Q11401,hip-hop,
http://www.wikidata.org/entity/Q85741139,Amapiano,http://www.wikidata.org/entity/Q20502,house music,2012-01-01T00:00:00Z
http://www.wikidata.org/entity/Q85741139,Amapiano,http://www.wikidata.org/entity/Q4794612,music of South Africa,2012-01-01T00:00:00Z
http://www.wikidata.org/entity/Q85748774,Brazilian bass,http://www.wikidata.org/entity/Q20502,house music,2012-01-01T00:00:00Z
http://www.wikidata.org/entity/Q85755605,dancehall pop,http://www.wikidata.org/entity/Q37073,pop music,
http://www.wikidata.org/entity/Q85755605,dancehall pop,http://www.wikidata.org/entity/Q474027,dancehall,
http://www.wikidata.org/entity/Q85769955,Iranian alternative rock,http://www.wikidata.org/entity/Q11366,alternative rock,
http://www.wikidata.org/entity/Q85769955,Iranian alternative rock,http://www.wikidata.org/entity/Q4396829,Iranian rock,
http://www.wikidata.org/entity/Q85775929,Latin R&B,http://www.wikidata.org/entity/Q850412,contemporary R&B,
http://www.wikidata.org/entity/Q85775929,Latin R&B,http://www.wikidata.org/entity/Q18345375,Latin music,
http://www.wikidata.org/entity/Q85785117,Mexican hip-hop,http://www.wikidata.org/entity/Q3397325,music of Mexico,
http://www.wikidata.org/entity/Q85785117,Mexican hip-hop,http://www.wikidata.org/entity/Q3827483,Latin hip-hop,
http://www.wikidata.org/entity/Q85787413,música cebolla,http://www.wikidata.org/entity/Q3889385,music of Chile,
http://www.wikidata.org/entity/Q85787413,música cebolla,http://www.wikidata.org/entity/Q5747258,canción melódica,
http://www.wikidata.org/entity/Q85809915,toi music,http://www.wikidata.org/entity/Q3328681,popular folk music,
http://www.wikidata.org/entity/Q85809915,toi music,http://www.wikidata.org/entity/Q6942044,music of Central Asia,
http://www.wikidata.org/entity/Q85846779,New wave of traditional heavy metal,http://www.wikidata.org/entity/Q1133657,traditional heavy metal,
http://www.wikidata.org/entity/Q85867089,cumbia rebajada,http://www.wikidata.org/entity/Q108297224,cumbia sonidera,
http://www.wikidata.org/entity/Q85867352,desamor,http://www.wikidata.org/entity/Q54329757,Latin trap,
http://www.wikidata.org/entity/Q86674318,Berlin techno,http://www.wikidata.org/entity/Q170611,techno,
http://www.wikidata.org/entity/Q86729224,dobrado,http://www.wikidata.org/entity/Q211025,march,
http://www.wikidata.org/entity/Q86729224,dobrado,http://www.wikidata.org/entity/Q1484821,Brazilian classical music,
http://www.wikidata.org/entity/Q87270951,stara gradska song,http://www.wikidata.org/entity/Q12274232,Bulgarian folk music,
http://www.wikidata.org/entity/Q88340836,Russian music,http://www.wikidata.org/entity/Q2498201,music of Russia,
http://www.wikidata.org/entity/Q88347179,Russian religious music,http://www.wikidata.org/entity/Q6452410,Christian music,
http://www.wikidata.org/entity/Q88347179,Russian religious music,http://www.wikidata.org/entity/Q88340836,Russian music,
http://www.wikidata.org/entity/Q89099707,özgün müzik,http://www.wikidata.org/entity/Q37073,pop music,
http://www.wikidata.org/entity/Q89099707,özgün müzik,http://www.wikidata.org/entity/Q1810546,Turkish folk music,
http://www.wikidata.org/entity/Q89363113,singer-songwriter music,http://www.wikidata.org/entity/Q286080,acoustic music,
http://www.wikidata.org/entity/Q89363113,singer-songwriter music,http://www.wikidata.org/entity/Q373342,popular music,
http://www.wikidata.org/entity/Q89363113,singer-songwriter music,http://www.wikidata.org/entity/Q685884,vocal music,
http://www.wikidata.org/entity/Q89423271,noisecore,http://www.wikidata.org/entity/Q10922,hardcore punk,1983-01-01T00:00:00Z
http://www.wikidata.org/entity/Q89423571,contra dance music,http://www.wikidata.org/entity/Q118738993,folk dance music,
http://www.wikidata.org/entity/Q90404841,pornofolk,http://www.wikidata.org/entity/Q106298881,contemporary folk music,
http://www.wikidata.org/entity/Q90414790,death jazz,http://www.wikidata.org/entity/Q16821210,Japanese jazz,
http://www.wikidata.org/entity/Q124399725,Buganda royal court music,http://www.wikidata.org/entity/Q4841438,Baganda music,
http://www.wikidata.org/entity/Q124421715,Copy thachin,http://www.wikidata.org/entity/Q3328602,music of Myanmar,
http://www.wikidata.org/entity/Q124428369,southern Brazilian music,http://www.wikidata.org/entity/Q899215,music of Brazil,
http://www.wikidata.org/entity/Q124428373,tivaner inngernerlu,http://www.wikidata.org/entity/Q7198347,Inuit music,
http://www.wikidata.org/entity/Q124428373,tivaner inngernerlu,http://www.wikidata.org/entity/Q122034795,Greenlander music,
http://www.wikidata.org/entity/Q124476025,Pentecostal music,http://www.wikidata.org/entity/Q1379958,contemporary Christian music,
http://www.wikidata.org/entity/Q124504713,Creole jazz,http://www.wikidata.org/entity/Q8341,jazz,
http://www.wikidata.org/entity/Q124504713,Creole jazz,http://www.wikidata.org/entity/Q107025062,French Caribbean music,
http://www.wikidata.org/entity/Q124526447,Kaluyo vallegrandino,http://www.wikidata.org/entity/Q492096,Andean music,
http://www.wikidata.org/entity/Q124536568,Belpop,http://www.wikidata.org/entity/Q2587471,music of Belgium,
http://www.wikidata.org/entity/Q124545070,Mecapaqueña,http://www.wikidata.org/entity/Q492096,Andean music,
http://www.wikidata.org/entity/Q124568573,Acholi music,http://www.wikidata.org/entity/Q106586248,music of East Africa,
http://www.wikidata.org/entity/Q124568589,Beja music,http://www.wikidata.org/entity/Q106595599,music of Northeast Africa,
http://www.wikidata.org/entity/Q124609825,nuban,http://www.wikidata.org/entity/Q585588,Khaliji,
http://www.wikidata.org/entity/Q124609825,nuban,http://www.wikidata.org/entity/Q98528189,Arabic folk music,
http://www.wikidata.org/entity/Q124616529,Zukuma,http://www.wikidata.org/entity/Q3291151,music of Angola,2022-01-01T00:00:00Z
http://www.wikidata.org/entity/Q124630346,guaracha santiagueña,http://www.wikidata.org/entity/Q645992,music of Argentina,
http://www.wikidata.org/entity/Q124637903,forró de favela,http://www.wikidata.org/entity/Q10283582,electronic forró,
http://www.wikidata.org/entity/Q124637905,Shehhi music,http://www.wikidata.org/entity/Q585588,Khaliji,
http://www.wikidata.org/entity/Q124638948,ikorodo,http://www.wikidata.org/entity/Q145594,Igbo music,
http://www.wikidata.org/entity/Q124661614,beat bolha,http://www.wikidata.org/entity/Q117745223,Brazilian funk,
http://www.wikidata.org/entity/Q124670108,Tibetan Buddhist chant,http://www.wikidata.org/entity/Q131510,mantra,
http://www.wikidata.org/entity/Q124670108,Tibetan Buddhist chant,http://www.wikidata.org/entity/Q20380119,Tibetan Buddhist music,
http://www.wikidata.org/entity/Q124670108,Tibetan Buddhist chant,http://www.wikidata.org/entity/Q28163991,Buddhist chant,
http://www.wikidata.org/entity/Q124692508,jerk,http://www.wikidata.org/entity/Q11401,hip-hop,2020-01-01T00:00:00Z
http://www.wikidata.org/entity/Q124705104,trapeton,http://www.wikidata.org/entity/Q202930,reggaeton,
http://www.wikidata.org/entity/Q124705104,trapeton,http://www.wikidata.org/entity/Q2913982,trap music,
http://www.wikidata.org/entity/Q124707721,Rabela,http://www.wikidata.org/entity/Q1550501,muiñeira,
http://www.wikidata.org/entity/Q124707721,Rabela,http://www.wikidata.org/entity/Q12399034,muiñeira vella,
http://www.wikidata.org/entity/Q124713283,reparto,http://www.wikidata.org/entity/Q108297222,cubaton,
http://www.wikidata.org/entity/Q124714400,Soga music,http://www.wikidata.org/entity/Q106586248,music of East Africa,
http://www.wikidata.org/entity/Q124728302,beat fino,http://www.wikidata.org/entity/Q117745223,Brazilian funk,
http://www.wikidata.org/entity/Q124739364,Dominican hip hop,http://www.wikidata.org/entity/Q3827483,Latin hip-hop,
http://www.wikidata.org/entity/Q124739364,Dominican hip hop,http://www.wikidata.org/entity/Q6942370,music of the Dominican Republic,
http://www.wikidata.org/entity/Q124791567,Drum and bass electronic rock,http://www.wikidata.org/entity/Q188994,drum and bass,2009-01-01T00:00:00Z
http://www.wikidata.org/entity/Q124791567,Drum and bass electronic rock,http://www.wikidata.org/entity/Q325504,electronic rock,2009-01-01T00:00:00Z
http://www.wikidata.org/entity/Q124846645,gabber punk,http://www.wikidata.org/entity/Q3071,punk rock,
http://www.wikidata.org/entity/Q124846645,gabber punk,http://www.wikidata.org/entity/Q820049,gabber,
http://www.wikidata.org/entity/Q124851788,changjak gugak,http://www.wikidata.org/entity/Q716060,music of Korea,
http://www.wikidata.org/entity/Q124851801,acholitronix,http://www.wikidata.org/entity/Q9778,electronic music,
http://www.wikidata.org/entity/Q124851801,acholitronix,http://www.wikidata.org/entity/Q124568573,Acholi music,
http://www.wikidata.org/entity/Q124879726,salsa baúl,http://www.wikidata.org/entity/Q208239,salsa,
http://www.wikidata.org/entity/Q124879726,salsa baúl,http://www.wikidata.org/entity/Q2486179,music of Venezuela,
http://www.wikidata.org/entity/Q125056553,Cantu a vatoccu,http://www.wikidata.org/entity/Q179465,polyphony,
http://www.wikidata.org/entity/Q125056553,Cantu a vatoccu,http://www.wikidata.org/entity/Q502658,work song,
http://www.wikidata.org/entity/Q125056553,Cantu a vatoccu,http://www.wikidata.org/entity/Q1048249,Italian folk music,
http://www.wikidata.org/entity/Q125088409,Su cuncordu,http://www.wikidata.org/entity/Q179465,polyphony,
http://www.wikidata.org/entity/Q125088409,Su cuncordu,http://www.wikidata.org/entity/Q6942263,music of Sardinia,
http://www.wikidata.org/entity/Q125346571,new jazz,http://www.wikidata.org/entity/Q2913982,trap music,
http://www.wikidata.org/entity/Q125346598,Ashkenazi cantorial music,http://www.wikidata.org/entity/Q108297179,Ashkenazi music,
http://www.wikidata.org/entity/Q125346598,Ashkenazi cantorial music,http://www.wikidata.org/entity/Q108297215,chazzanut,
http://www.wikidata.org/entity/Q125375020,Schweinerock,http://www.wikidata.org/entity/Q11399,rock music,
http://www.wikidata.org/entity/Q125455354,reggaelton,http://www.wikidata.org/entity/Q202930,reggaeton,
http://www.wikidata.org/entity/Q125455891,bayawan,http://www.wikidata.org/entity/Q235858,traditional folk music,
http://www.wikidata.org/entity/Q125455891,bayawan,http://www.wikidata.org/entity/Q11938280,Uyghur music,
http://www.wikidata.org/entity/Q125455905,Brazilian phonk,http://www.wikidata.org/entity/Q107010629,funk mandelão,
http://www.wikidata.org/entity/Q125455905,Brazilian phonk,http://www.wikidata.org/entity/Q112997482,drift phonk,
http://www.wikidata.org/entity/Q125544586,ngâm thơ,http://www.wikidata.org/entity/Q1156957,music of Vietnam,
http://www.wikidata.org/entity/Q125591399,far-right rap,http://www.wikidata.org/entity/Q6010,rapping,
http://www.wikidata.org/entity/Q125591399,far-right rap,http://www.wikidata.org/entity/Q121411631,neo-nazi music,
http://www.wikidata.org/entity/Q125653755,Philly club rap,http://www.wikidata.org/entity/Q11401,hip-hop,
http://www.wikidata.org/entity/Q125661847,new wave,http://www.wikidata.org/entity/Q138020,French hip-hop,
http://www.wikidata.org/entity/Q125687720,road rap,http://www.wikidata.org/entity/Q469343,UK rap,
http://www.wikidata.org/entity/Q125687720,road rap,http://www.wikidata.org/entity/Q753679,gangsta rap,
http://www.wikidata.org/entity/Q125751285,gwosiwo,http://www.wikidata.org/entity/Q15221176,music of Guadeloupe,
http://www.wikidata.org/entity/Q125754839,dhol tasha,http://www.wikidata.org/entity/Q98528267,music of South Asia,
http://www.wikidata.org/entity/Q125799361,demostyle,http://www.wikidata.org/entity/Q106423092,tracker music,
http://www.wikidata.org/entity/Q125848864,Milwaukee hip hop,http://www.wikidata.org/entity/Q3135787,American hip-hop,
http://www.wikidata.org/entity/Q125850367,cuplé,http://www.wikidata.org/entity/Q964987,music of Spain,
http://www.wikidata.org/entity/Q125850367,cuplé,http://www.wikidata.org/entity/Q3843655,couplet,
http://www.wikidata.org/entity/Q125854043,amigacore,http://www.wikidata.org/entity/Q388906,hardcore,
http://www.wikidata.org/entity/Q125854043,amigacore,http://www.wikidata.org/entity/Q106423092,tracker music,
http://www.wikidata.org/entity/Q125854050,tradi-moderne ivoirien,http://www.wikidata.org/entity/Q3328693,music of Ivory Coast,
http://www.wikidata.org/entity/Q125918103,Southeastern Brazilian music,http://www.wikidata.org/entity/Q899215,music of Brazil,
http://www.wikidata.org/entity/Q125923072,esparabán,http://www.wikidata.org/entity/Q208341,pasodoble,
http://www.wikidata.org/entity/Q125923072,esparabán,http://www.wikidata.org/entity/Q1550501,muiñeira,
http://www.wikidata.org/entity/Q126175574,stutter house,http://www.wikidata.org/entity/Q20502,house music,2019-01-01T00:00:00Z
http://www.wikidata.org/entity/Q126281100,New York drill,http://www.wikidata.org/entity/Q15697534,drill,
http://www.wikidata.org/entity/Q126281483,cuddlecore,http://www.wikidata.org/entity/Q370778,twee pop,
http://www.wikidata.org/entity/Q126281483,cuddlecore,http://www.wikidata.org/entity/Q783097,college rock,
http://www.wikidata.org/entity/Q126335126,hypertechno,http://www.wikidata.org/entity/Q851213,electronic dance music,
http://www.wikidata.org/entity/Q126500651,argent metal,http://www.wikidata.org/entity/Q465978,extreme metal,
http://www.wikidata.org/entity/Q126708888,gospel trap,http://www.wikidata.org/entity/Q2238236,Christian hip-hop,
http://www.wikidata.org/entity/Q126708888,gospel trap,http://www.wikidata.org/entity/Q2913982,trap music,
http://www.wikidata.org/entity/Q126728409,doomshop phonk,http://www.wikidata.org/entity/Q6010117,Memphis rap,2011-01-01T00:00:00Z
http://www.wikidata.org/entity/Q126728409,doomshop phonk,http://www.wikidata.org/entity/Q90568328,phonk,2011-01-01T00:00:00Z
http://www.wikidata.org/entity/Q126954549,dissonant black metal,http://www.wikidata.org/entity/Q132438,black metal,2001-01-01T00:00:00Z
http://www.wikidata.org/entity/Q127129068,sexy drill,http://www.wikidata.org/entity/Q126281100,New York drill,
http://www.wikidata.org/entity/Q127147485,Welayta music,http://www.wikidata.org/entity/Q106595599,music of Northeast Africa,
http://www.wikidata.org/entity/Q127269144,Swedish gangsta rap,http://www.wikidata.org/entity/Q204067,Swedish hip hop,
http://www.wikidata.org/entity/Q127269144,Swedish gangsta rap,http://www.wikidata.org/entity/Q753679,gangsta rap,
http://www.wikidata.org/entity/Q127270988,dechovka,http://www.wikidata.org/entity/Q106507381,music of Central Europe,
http://www.wikidata.org/entity/Q127326805,new wave of classic rock,http://www.wikidata.org/entity/Q56351111,classic rock,
http://www.wikidata.org/entity/Q127469939,Finnish metal music,http://www.wikidata.org/entity/Q1417976,music of Finland,
http://www.wikidata.org/entity/Q90568328,phonk,http://www.wikidata.org/entity/Q9778,electronic music,2010-01-01T00:00:00Z
http://www.wikidata.org/entity/Q90568328,phonk,http://www.wikidata.org/entity/Q11401,hip-hop,2010-01-01T00:00:00Z
http://www.wikidata.org/entity/Q90730712,neo-classic music,http://www.wikidata.org/entity/Q612024,contemporary classical music,
http://www.wikidata.org/entity/Q90730712,neo-classic music,http://www.wikidata.org/entity/Q4059163,classical electronic music,
http://www.wikidata.org/entity/Q91057397,Galician melody,http://www.wikidata.org/entity/Q10334896,music of Galicia,
http://www.wikidata.org/entity/Q91611922,Israeli funk,http://www.wikidata.org/entity/Q164444,funk,
http://www.wikidata.org/entity/Q91841612,tarab,http://www.wikidata.org/entity/Q624044,Arabic music,
http://www.wikidata.org/entity/Q92869446,classical worship music,http://www.wikidata.org/entity/Q9730,classical music,
http://www.wikidata.org/entity/Q92869446,classical worship music,http://www.wikidata.org/entity/Q8812109,church music,
http://www.wikidata.org/entity/Q93595416,Kindercantate,http://www.wikidata.org/entity/Q174873,cantata,
http://www.wikidata.org/entity/Q93595416,Kindercantate,http://www.wikidata.org/entity/Q2389651,children's music,
http://www.wikidata.org/entity/Q94119778,Swedish classical music,http://www.wikidata.org/entity/Q9730,classical music,
http://www.wikidata.org/entity/Q94119778,Swedish classical music,http://www.wikidata.org/entity/Q846784,music of Sweden,
http://www.wikidata.org/entity/Q94499224,Russian song,http://www.wikidata.org/entity/Q88340836,Russian music,
http://www.wikidata.org/entity/Q94574942,Russian ballad,http://www.wikidata.org/entity/Q2498201,music of Russia,
http://www.wikidata.org/entity/Q94574942,Russian ballad,http://www.wikidata.org/entity/Q116690343,ballad,
http://www.wikidata.org/entity/Q94639707,Gascon folk music,http://www.wikidata.org/entity/Q3702442,Occitan folk music,
http://www.wikidata.org/entity/Q94951462,Auvergnat folk music,http://www.wikidata.org/entity/Q3702442,Occitan folk music,
http://www.wikidata.org/entity/Q95366506,Jit,http://www.wikidata.org/entity/Q98528232,music of Southern Africa,
http://www.wikidata.org/entity/Q95469495,alternative pop,http://www.wikidata.org/entity/Q37073,pop music,1985-01-01T00:00:00Z
http://www.wikidata.org/entity/Q95469495,alternative pop,http://www.wikidata.org/entity/Q1695023,alternative music,1985-01-01T00:00:00Z
http://www.wikidata.org/entity/Q95469495,alternative pop,http://www.wikidata.org/entity/Q37073,pop music,2006-01-01T00:00:00Z
http://www.wikidata.org/entity/Q95469495,alternative pop,http://www.wikidata.org/entity/Q1695023,alternative music,2006-01-01T00:00:00Z
http://www.wikidata.org/entity/Q96194931,vocal be-bop,http://www.wikidata.org/entity/Q105513,bebop,
http://www.wikidata.org/entity/Q96194931,vocal be-bop,http://www.wikidata.org/entity/Q1530455,vocal jazz,
http://www.wikidata.org/entity/Q96238833,vocadance,http://www.wikidata.org/entity/Q316930,dance music,
http://www.wikidata.org/entity/Q96238833,vocadance,http://www.wikidata.org/entity/Q685884,vocal music,
http://www.wikidata.org/entity/Q96376113,deconstructed club,http://www.wikidata.org/entity/Q110527222,experimental club music,2010-01-01T00:00:00Z
http://www.wikidata.org/entity/Q96376126,deep soul,http://www.wikidata.org/entity/Q131272,soul,
http://www.wikidata.org/entity/Q96395212,neoperreo,http://www.wikidata.org/entity/Q202930,reggaeton,2011-01-01T00:00:00Z
http://www.wikidata.org/entity/Q96395212,neoperreo,http://www.wikidata.org/entity/Q132531675,feminist music,2011-01-01T00:00:00Z
http://www.wikidata.org/entity/Q96404775,sacred jazz,http://www.wikidata.org/entity/Q8341,jazz,
http://www.wikidata.org/entity/Q96404775,sacred jazz,http://www.wikidata.org/entity/Q1065742,religious music,
http://www.wikidata.org/entity/Q96647680,bardcore,http://www.wikidata.org/entity/Q446241,neo-medieval music,2020-04-01T00:00:00Z
http://www.wikidata.org/entity/Q96740854,bass music,http://www.wikidata.org/entity/Q373342,popular music,
http://www.wikidata.org/entity/Q96870628,concerto for orchestra,http://www.wikidata.org/entity/Q9748,concerto,
http://www.wikidata.org/entity/Q96874426,Anatolian blues,http://www.wikidata.org/entity/Q9759,blues,
http://www.wikidata.org/entity/Q97169418,hanmai,http://www.wikidata.org/entity/Q6010,rapping,
http://www.wikidata.org/entity/Q97178866,batidão romântico,http://www.wikidata.org/entity/Q97278139,brega funk,2018-01-01T00:00:00Z
http://www.wikidata.org/entity/Q97180498,samba afro,http://www.wikidata.org/entity/Q11403,samba,
http://www.wikidata.org/entity/Q97181439,arrocha funk,http://www.wikidata.org/entity/Q117745223,Brazilian funk,2015-01-01T00:00:00Z
http://www.wikidata.org/entity/Q97186903,Algerian malouf,http://www.wikidata.org/entity/Q19820570,ma'luf,
http://www.wikidata.org/entity/Q97212472,Israeli metal,http://www.wikidata.org/entity/Q3858,music of Israel,
http://www.wikidata.org/entity/Q97212472,Israeli metal,http://www.wikidata.org/entity/Q12326776,metal music,
http://www.wikidata.org/entity/Q97213491,Yaeyama music,http://www.wikidata.org/entity/Q17053898,Ryukyuan music,
http://www.wikidata.org/entity/Q97216998,Java-pop,http://www.wikidata.org/entity/Q37073,pop music,1974-01-01T00:00:00Z
http://www.wikidata.org/entity/Q97219640,Q97219640,http://www.wikidata.org/entity/Q1550501,muiñeira,
http://www.wikidata.org/entity/Q97232317,Bassi,http://www.wikidata.org/entity/Q107331898,Croatian folk music,
http://www.wikidata.org/entity/Q97241431,gambang koromong,http://www.wikidata.org/entity/Q1585558,music of Tibet,
http://www.wikidata.org/entity/Q97265899,lofi hip-hop,http://www.wikidata.org/entity/Q11401,hip-hop,2000-01-01T00:00:00Z
http://www.wikidata.org/entity/Q97265899,lofi hip-hop,http://www.wikidata.org/entity/Q757143,chill-out music,2000-01-01T00:00:00Z
http://www.wikidata.org/entity/Q97265899,lofi hip-hop,http://www.wikidata.org/entity/Q11401,hip-hop,2010-01-01T00:00:00Z
http://www.wikidata.org/entity/Q97265899,lofi hip-hop,http://www.wikidata.org/entity/Q757143,chill-out music,2010-01-01T00:00:00Z
http://www.wikidata.org/entity/Q97277483,New Jersey sound,http://www.wikidata.org/entity/Q928825,garage house,1987-01-01T00:00:00Z
http://www.wikidata.org/entity/Q97278139,brega funk,http://www.wikidata.org/entity/Q1634085,tecno brega,2011-01-01T00:00:00Z
http://www.wikidata.org/entity/Q97278139,brega funk,http://www.wikidata.org/entity/Q117745223,Brazilian funk,2011-01-01T00:00:00Z
http://www.wikidata.org/entity/Q97326344,musica leggera,http://www.wikidata.org/entity/Q373342,popular music,
http://www.wikidata.org/entity/Q97356926,Sua,http://www.wikidata.org/entity/Q6022257,Indian folk music,
http://www.wikidata.org/entity/Q97359235,Late Baroque,http://www.wikidata.org/entity/Q8361,Baroque music,
http://www.wikidata.org/entity/Q97368941,Hebrew music,http://www.wikidata.org/entity/Q1716019,Jewish music,
http://www.wikidata.org/entity/Q127469939,Finnish metal music,http://www.wikidata.org/entity/Q12326776,metal music,
http://www.wikidata.org/entity/Q127470373,electro dub,http://www.wikidata.org/entity/Q9778,electronic music,
http://www.wikidata.org/entity/Q127470373,electro dub,http://www.wikidata.org/entity/Q212688,dub music,
http://www.wikidata.org/entity/Q127470401,techno-tribal,http://www.wikidata.org/entity/Q170611,techno,
http://www.wikidata.org/entity/Q127470401,techno-tribal,http://www.wikidata.org/entity/Q106576170,tribal music,
http://www.wikidata.org/entity/Q127470456,British psychedelic music,http://www.wikidata.org/entity/Q268673,music of the United Kingdom,
http://www.wikidata.org/entity/Q127470456,British psychedelic music,http://www.wikidata.org/entity/Q846119,psychedelic music,
http://www.wikidata.org/entity/Q127470526,international pop,http://www.wikidata.org/entity/Q37073,pop music,
http://www.wikidata.org/entity/Q127470683,progressive alternative music,http://www.wikidata.org/entity/Q1695023,alternative music,
http://www.wikidata.org/entity/Q127470683,progressive alternative music,http://www.wikidata.org/entity/Q7248857,progressive music,
http://www.wikidata.org/entity/Q127470732,Hindustani vocal music,http://www.wikidata.org/entity/Q685884,vocal music,
http://www.wikidata.org/entity/Q127470732,Hindustani vocal music,http://www.wikidata.org/entity/Q1770695,Hindustani classical music,
http://www.wikidata.org/entity/Q127470932,minimal dub,http://www.wikidata.org/entity/Q212688,dub music,
http://www.wikidata.org/entity/Q127470932,minimal dub,http://www.wikidata.org/entity/Q12183214,minimal music,
http://www.wikidata.org/entity/Q127471000,obscuro,http://www.wikidata.org/entity/Q2416307,outsider music,
http://www.wikidata.org/entity/Q127471087,hard IDM,http://www.wikidata.org/entity/Q388906,hardcore,
http://www.wikidata.org/entity/Q127471087,hard IDM,http://www.wikidata.org/entity/Q660984,intelligent dance music,
http://www.wikidata.org/entity/Q127471107,modern power pop,http://www.wikidata.org/entity/Q837837,power pop,
http://www.wikidata.org/entity/Q127471163,instrumental pop,http://www.wikidata.org/entity/Q37073,pop music,
http://www.wikidata.org/entity/Q127471163,instrumental pop,http://www.wikidata.org/entity/Q639197,instrumental music,
http://www.wikidata.org/entity/Q127471163,instrumental pop,http://www.wikidata.org/entity/Q848399,easy listening,
http://www.wikidata.org/entity/Q127471302,regional blues,http://www.wikidata.org/entity/Q9759,blues,
http://www.wikidata.org/entity/Q127471360,early country music,http://www.wikidata.org/entity/Q65943778,traditional country music,
http://www.wikidata.org/entity/Q127471482,contemporary instrumental music,http://www.wikidata.org/entity/Q639197,instrumental music,
http://www.wikidata.org/entity/Q127471482,contemporary instrumental music,http://www.wikidata.org/entity/Q8011523,contemporary music,
http://www.wikidata.org/entity/Q127471510,Hindustani instrumental music,http://www.wikidata.org/entity/Q639197,instrumental music,
http://www.wikidata.org/entity/Q127471510,Hindustani instrumental music,http://www.wikidata.org/entity/Q1770695,Hindustani classical music,
http://www.wikidata.org/entity/Q127471539,ethnic fusion,http://www.wikidata.org/entity/Q205049,world music,
http://www.wikidata.org/entity/Q127471544,Carnatic vocal music,http://www.wikidata.org/entity/Q685884,vocal music,
http://www.wikidata.org/entity/Q127471544,Carnatic vocal music,http://www.wikidata.org/entity/Q956883,Carnatic music,
http://www.wikidata.org/entity/Q127471557,easy pop,http://www.wikidata.org/entity/Q37073,pop music,
http://www.wikidata.org/entity/Q127471557,easy pop,http://www.wikidata.org/entity/Q848399,easy listening,
http://www.wikidata.org/entity/Q127518004,Kazakh estrada music,http://www.wikidata.org/entity/Q1131855,music of Kazakhstan,
http://www.wikidata.org/entity/Q127518004,Kazakh estrada music,http://www.wikidata.org/entity/Q107539904,estrada music,
http://www.wikidata.org/entity/Q127518866,Kazakh hip hop,http://www.wikidata.org/entity/Q1131855,music of Kazakhstan,
http://www.wikidata.org/entity/Q127518866,Kazakh hip hop,http://www.wikidata.org/entity/Q4806789,Asian hip-hop,
http://www.wikidata.org/entity/Q127518946,Uzbek hip hop,http://www.wikidata.org/entity/Q3328738,music of Uzbekistan,
http://www.wikidata.org/entity/Q127518946,Uzbek hip hop,http://www.wikidata.org/entity/Q4806789,Asian hip-hop,
http://www.wikidata.org/entity/Q127519343,Russian estrada music,http://www.wikidata.org/entity/Q2498201,music of Russia,
http://www.wikidata.org/entity/Q127519343,Russian estrada music,http://www.wikidata.org/entity/Q107539904,estrada music,
http://www.wikidata.org/entity/Q127606323,Afrikaans gqom,http://www.wikidata.org/entity/Q29973057,gqom,2023-01-01T00:00:00Z
http://www.wikidata.org/entity/Q127606347,core tribe,http://www.wikidata.org/entity/Q29973057,gqom,
http://www.wikidata.org/entity/Q127606355,electro gqom,http://www.wikidata.org/entity/Q29973057,gqom,
http://www.wikidata.org/entity/Q127606361,gospel gqom,http://www.wikidata.org/entity/Q29973057,gqom,2020-01-01T00:00:00Z
http://www.wikidata.org/entity/Q127606370,gqom tech,http://www.wikidata.org/entity/Q29973057,gqom,
http://www.wikidata.org/entity/Q127606375,gqom trap,http://www.wikidata.org/entity/Q29973057,gqom,
http://www.wikidata.org/entity/Q127606386,sgubhu,http://www.wikidata.org/entity/Q29973057,gqom,
http://www.wikidata.org/entity/Q127606390,taxi kick,http://www.wikidata.org/entity/Q29973057,gqom,
http://www.wikidata.org/entity/Q127606394,3-step,http://www.wikidata.org/entity/Q388100,Afro house,2018-01-01T00:00:00Z
http://www.wikidata.org/entity/Q127606411,uThayela,http://www.wikidata.org/entity/Q29973057,gqom,
http://www.wikidata.org/entity/Q127606451,street pop,http://www.wikidata.org/entity/Q11401,hip-hop,
http://www.wikidata.org/entity/Q127835664,trapfunk,http://www.wikidata.org/entity/Q117745223,Brazilian funk,
http://www.wikidata.org/entity/Q127835715,uaajeerneq,http://www.wikidata.org/entity/Q7198347,Inuit music,
http://www.wikidata.org/entity/Q127835715,uaajeerneq,http://www.wikidata.org/entity/Q122034795,Greenlander music,
http://www.wikidata.org/entity/Q127883821,African trap music,http://www.wikidata.org/entity/Q2913982,trap music,
http://www.wikidata.org/entity/Q128792610,bounce beat,http://www.wikidata.org/entity/Q2697917,go-go,
http://www.wikidata.org/entity/Q128792618,ritmada,http://www.wikidata.org/entity/Q107010629,funk mandelão,
http://www.wikidata.org/entity/Q128792625,tarawangsa,http://www.wikidata.org/entity/Q104853037,Sundanese music,
http://www.wikidata.org/entity/Q128792625,tarawangsa,http://www.wikidata.org/entity/Q106586999,Southeast Asian folk music,
http://www.wikidata.org/entity/Q128792684,bubblegum punk,http://www.wikidata.org/entity/Q3071,punk rock,1970-01-01T00:00:00Z
http://www.wikidata.org/entity/Q129098689,maloya électronique,http://www.wikidata.org/entity/Q9778,electronic music,
http://www.wikidata.org/entity/Q129098689,maloya électronique,http://www.wikidata.org/entity/Q496929,maloya,
http://www.wikidata.org/entity/Q129312602,Toronto sound,http://www.wikidata.org/entity/Q11401,hip-hop,
http://www.wikidata.org/entity/Q129320699,Nahua music,http://www.wikidata.org/entity/Q114357486,Mesoamerican music,
http://www.wikidata.org/entity/Q129571286,reggae rap,http://www.wikidata.org/entity/Q9794,reggae,
http://www.wikidata.org/entity/Q129571286,reggae rap,http://www.wikidata.org/entity/Q11401,hip-hop,
http://www.wikidata.org/entity/Q129755289,melodic heavy metal,http://www.wikidata.org/entity/Q38848,heavy metal music,
http://www.wikidata.org/entity/Q130247893,South African hip hop,http://www.wikidata.org/entity/Q387236,African hip-hop,
http://www.wikidata.org/entity/Q130247893,South African hip hop,http://www.wikidata.org/entity/Q4794612,music of South Africa,
http://www.wikidata.org/entity/Q130247900,Ghanaian drill,http://www.wikidata.org/entity/Q6942095,music of Ghana,
http://www.wikidata.org/entity/Q130247900,Ghanaian drill,http://www.wikidata.org/entity/Q15697534,drill,
http://www.wikidata.org/entity/Q130283263,blaxploitation,http://www.wikidata.org/entity/Q164444,funk,
http://www.wikidata.org/entity/Q130283263,blaxploitation,http://www.wikidata.org/entity/Q29652773,film soundtrack,
http://www.wikidata.org/entity/Q130285000,Trinity song,http://www.wikidata.org/entity/Q16682190,Slavic rite song,
http://www.wikidata.org/entity/Q130301602,noiadance,http://www.wikidata.org/entity/Q1228230,Dutch house,
http://www.wikidata.org/entity/Q130301602,noiadance,http://www.wikidata.org/entity/Q117745223,Brazilian funk,
http://www.wikidata.org/entity/Q130306615,Hapa haole music,http://www.wikidata.org/entity/Q1071834,music of Hawaii,
http://www.wikidata.org/entity/Q130325403,car audio bass,http://www.wikidata.org/entity/Q106522238,techno bass,
http://www.wikidata.org/entity/Q130344249,Type Beat,http://www.wikidata.org/entity/Q112176170,beats,
http://www.wikidata.org/entity/Q130349818,Italian baroque music,http://www.wikidata.org/entity/Q8361,Baroque music,1600-01-01T00:00:00Z
http://www.wikidata.org/entity/Q130369429,brincao,http://www.wikidata.org/entity/Q43343,folk music,1970-01-01T00:00:00Z
http://www.wikidata.org/entity/Q130369429,brincao,http://www.wikidata.org/entity/Q316930,dance music,1970-01-01T00:00:00Z
http://www.wikidata.org/entity/Q130369429,brincao,http://www.wikidata.org/entity/Q373342,popular music,1970-01-01T00:00:00Z
http://www.wikidata.org/entity/Q130369429,brincao,http://www.wikidata.org/entity/Q727781,music of Latin America,1970-01-01T00:00:00Z
http://www.wikidata.org/entity/Q130391349,funk automotivo,http://www.wikidata.org/entity/Q107010629,funk mandelão,
http://www.wikidata.org/entity/Q130391382,chöd,http://www.wikidata.org/entity/Q492067,Buddhist music,
http://www.wikidata.org/entity/Q130391382,chöd,http://www.wikidata.org/entity/Q1585558,music of Tibet,
http://www.wikidata.org/entity/Q130392790,Gothic pop,http://www.wikidata.org/entity/Q37073,pop music,
http://www.wikidata.org/entity/Q130392790,Gothic pop,http://www.wikidata.org/entity/Q13646229,gothic music,
http://www.wikidata.org/entity/Q130467395,Tunisian rock,http://www.wikidata.org/entity/Q11399,rock music,
http://www.wikidata.org/entity/Q130467395,Tunisian rock,http://www.wikidata.org/entity/Q936552,music of Tunisia,
http://www.wikidata.org/entity/Q130474681,Latin tech,http://www.wikidata.org/entity/Q598593,tech house,
http://www.wikidata.org/entity/Q130474681,Latin tech,http://www.wikidata.org/entity/Q98528166,Latin electronic music,
http://www.wikidata.org/entity/Q130474688,hypnotic trance,http://www.wikidata.org/entity/Q170435,trance,
http://www.wikidata.org/entity/Q130474689,raw trance,http://www.wikidata.org/entity/Q170435,trance,
http://www.wikidata.org/entity/Q130479301,Christian children's music,http://www.wikidata.org/entity/Q2389651,children's music,
http://www.wikidata.org/entity/Q130479301,Christian children's music,http://www.wikidata.org/entity/Q6452410,Christian music,
http://www.wikidata.org/entity/Q130532355,Suomigospel,http://www.wikidata.org/entity/Q6452410,Christian music,1960-01-01T00:00:00Z
http://www.wikidata.org/entity/Q130553967,kumintang,http://www.wikidata.org/entity/Q3328743,music of the Philippines,
http://www.wikidata.org/entity/Q130553967,kumintang,http://www.wikidata.org/entity/Q7185310,Philippine folk music,
http://www.wikidata.org/entity/Q130553967,kumintang,http://www.wikidata.org/entity/Q98528198,South Asian folk music,
http://www.wikidata.org/entity/Q130600756,frevo de rua,http://www.wikidata.org/entity/Q1455932,frevo,
http://www.wikidata.org/entity/Q130711589,banga,http://www.wikidata.org/entity/Q1755959,Sufi music,
http://www.wikidata.org/entity/Q130711589,banga,http://www.wikidata.org/entity/Q116973456,Maghreb music,
http://www.wikidata.org/entity/Q130744704,progressive power metal,http://www.wikidata.org/entity/Q57143,power metal,
http://www.wikidata.org/entity/Q130744704,progressive power metal,http://www.wikidata.org/entity/Q484344,progressive metal,
http://www.wikidata.org/entity/Q130899087,Uzbek estrada music,http://www.wikidata.org/entity/Q3328738,music of Uzbekistan,
http://www.wikidata.org/entity/Q130899087,Uzbek estrada music,http://www.wikidata.org/entity/Q107539904,estrada music,
http://www.wikidata.org/entity/Q131005997,Joropo guayanés,http://www.wikidata.org/entity/Q235858,traditional folk music,
http://www.wikidata.org/entity/Q131005997,Joropo guayanés,http://www.wikidata.org/entity/Q1202208,joropo,
http://www.wikidata.org/entity/Q131006206,Joropo andino,http://www.wikidata.org/entity/Q235858,traditional folk music,
http://www.wikidata.org/entity/Q131006206,Joropo andino,http://www.wikidata.org/entity/Q1202208,joropo,
http://www.wikidata.org/entity/Q131168415,Latvian hip hop,http://www.wikidata.org/entity/Q2503249,music of Latvia,
http://www.wikidata.org/entity/Q131168415,Latvian hip hop,http://www.wikidata.org/entity/Q5413526,European hip-hop,
http://www.wikidata.org/entity/Q131195285,Brazilian reggae,http://www.wikidata.org/entity/Q9794,reggae,
http://www.wikidata.org/entity/Q131195285,Brazilian reggae,http://www.wikidata.org/entity/Q899215,music of Brazil,
http://www.wikidata.org/entity/Q131195966,Valencian folk music,http://www.wikidata.org/entity/Q6942315,music of the Valencian Community,
http://www.wikidata.org/entity/Q131195966,Valencian folk music,http://www.wikidata.org/entity/Q9048257,Spanish folk music,
http://www.wikidata.org/entity/Q131195966,Valencian folk music,http://www.wikidata.org/entity/Q20102359,Catalan traditional folk music,
http://www.wikidata.org/entity/Q131205623,Austrian folk music,http://www.wikidata.org/entity/Q252833,Alpine folk music,
http://www.wikidata.org/entity/Q131205623,Austrian folk music,http://www.wikidata.org/entity/Q2090712,music of Austria,
http://www.wikidata.org/entity/Q131286017,tough guy hardcore,http://www.wikidata.org/entity/Q10922,hardcore punk,
http://www.wikidata.org/entity/Q131286868,fixed media,http://www.wikidata.org/entity/Q9778,electronic music,
http://www.wikidata.org/entity/Q131286868,fixed media,http://www.wikidata.org/entity/Q612024,contemporary classical music,
http://www.wikidata.org/entity/Q131286868,fixed media,http://www.wikidata.org/entity/Q1326777,electroacoustic music,
http://www.wikidata.org/entity/Q131302628,Joropo coloniero,http://www.wikidata.org/entity/Q1202208,joropo,
http://www.wikidata.org/entity/Q131334621,cumbia norteña peruana,http://www.wikidata.org/entity/Q7171184,Peruvian cumbia,
http://www.wikidata.org/entity/Q131421534,Vemodspunk,http://www.wikidata.org/entity/Q25554481,punk music,
http://www.wikidata.org/entity/Q131440882,electro hip-hop,http://www.wikidata.org/entity/Q11401,hip-hop,1980-01-01T00:00:00Z
http://www.wikidata.org/entity/Q131459053,kakawin,http://www.wikidata.org/entity/Q1210921,music of Indonesia,
http://www.wikidata.org/entity/Q131459053,kakawin,http://www.wikidata.org/entity/Q106586998,Southeast Asian classical music,
http://www.wikidata.org/entity/Q131460182,African classical music,http://www.wikidata.org/entity/Q369820,music of Africa,
http://www.wikidata.org/entity/Q131460182,African classical music,http://www.wikidata.org/entity/Q1583807,art music,
http://www.wikidata.org/entity/Q131463506,Visayan pop,http://www.wikidata.org/entity/Q37073,pop music,
http://www.wikidata.org/entity/Q131481683,mall screamo,http://www.wikidata.org/entity/Q10926,emo,
http://www.wikidata.org/entity/Q131481683,mall screamo,http://www.wikidata.org/entity/Q11366,alternative rock,
http://www.wikidata.org/entity/Q131481683,mall screamo,http://www.wikidata.org/entity/Q377910,post-hardcore,
http://www.wikidata.org/entity/Q131504672,Banamba,http://www.wikidata.org/entity/Q6942295,music of Suriname,
http://www.wikidata.org/entity/Q131529620,krushclub,http://www.wikidata.org/entity/Q851213,electronic dance music,
http://www.wikidata.org/entity/Q131529620,krushclub,http://www.wikidata.org/entity/Q107697234,HexD,
http://www.wikidata.org/entity/Q131535007,Colombian hip-hop,http://www.wikidata.org/entity/Q920883,music of Colombia,
http://www.wikidata.org/entity/Q131535007,Colombian hip-hop,http://www.wikidata.org/entity/Q3827483,Latin hip-hop,
http://www.wikidata.org/entity/Q131535017,Argentine hip-hop,http://www.wikidata.org/entity/Q645992,music of Argentina,
http://www.wikidata.org/entity/Q131535017,Argentine hip-hop,http://www.wikidata.org/entity/Q3827483,Latin hip-hop,
http://www.wikidata.org/entity/Q131535243,pigfuck,http://www.wikidata.org/entity/Q181861,noise rock,
http://www.wikidata.org/entity/Q131535243,pigfuck,http://www.wikidata.org/entity/Q25554481,punk music,
http://www.wikidata.org/entity/Q131590012,Al-Jalgi Al-Baghdadi,http://www.wikidata.org/entity/Q3328692,music of Iraq,
http://www.wikidata.org/entity/Q131623924,holy terror,http://www.wikidata.org/entity/Q10922,hardcore punk,
http://www.wikidata.org/entity/Q131626236,song without words,http://www.wikidata.org/entity/Q1063010,character piece,
http://www.wikidata.org/entity/Q131657701,Christian death metal,http://www.wikidata.org/entity/Q483251,death metal,
http://www.wikidata.org/entity/Q131657701,Christian death metal,http://www.wikidata.org/entity/Q822914,Christian metal,
http://www.wikidata.org/entity/Q131681303,batonebi songs,http://www.wikidata.org/entity/Q193605,lullaby,
http://www.wikidata.org/entity/Q131681303,batonebi songs,http://www.wikidata.org/entity/Q107814971,Georgian folk music,
http://www.wikidata.org/entity/Q131681304,urban grooves,http://www.wikidata.org/entity/Q109500707,South African pop,
http://www.wikidata.org/entity/Q131682956,nova vanguarda paulistana,http://www.wikidata.org/entity/Q125918103,Southeastern Brazilian music,
http://www.wikidata.org/entity/Q131720394,Basesa,http://www.wikidata.org/entity/Q1091536,music of Madagascar,
http://www.wikidata.org/entity/Q131722216,Japanese idol music,http://www.wikidata.org/entity/Q257533,music of Japan,
http://www.wikidata.org/entity/Q131722219,Chicago post-rock,http://www.wikidata.org/entity/Q209137,post-rock,
http://www.wikidata.org/entity/Q131722219,Chicago post-rock,http://www.wikidata.org/entity/Q122947986,Amerindie,
http://www.wikidata.org/entity/Q131722223,Greenwich Village scene,http://www.wikidata.org/entity/Q106298881,contemporary folk music,
http://www.wikidata.org/entity/Q131722225,Louisville sound,http://www.wikidata.org/entity/Q122947986,Amerindie,
http://www.wikidata.org/entity/Q131722229,NOLA sludge,http://www.wikidata.org/entity/Q720959,sludge metal,
http://www.wikidata.org/entity/Q131784556,młoda polska,http://www.wikidata.org/entity/Q207591,Romantic music,
http://www.wikidata.org/entity/Q131784556,młoda polska,http://www.wikidata.org/entity/Q473602,music of Poland,
http://www.wikidata.org/entity/Q131784556,młoda polska,http://www.wikidata.org/entity/Q121032006,national music,
http://www.wikidata.org/entity/Q131853889,Cascadian black metal,http://www.wikidata.org/entity/Q2782580,American metal,
http://www.wikidata.org/entity/Q131853889,Cascadian black metal,http://www.wikidata.org/entity/Q6942037,music of Canada,
http://www.wikidata.org/entity/Q131853889,Cascadian black metal,http://www.wikidata.org/entity/Q65937017,atmospheric black metal,
http://www.wikidata.org/entity/Q131854045,Chinese literati music,http://www.wikidata.org/entity/Q106634987,Chinese classical music,
http://www.wikidata.org/entity/Q131894205,alternative idol music,http://www.wikidata.org/entity/Q131722216,Japanese idol music,
http://www.wikidata.org/entity/Q131894329,Windmill scene,http://www.wikidata.org/entity/Q598929,post-punk,
http://www.wikidata.org/entity/Q131894329,Windmill scene,http://www.wikidata.org/entity/Q2566660,British rock,
http://www.wikidata.org/entity/Q131926355,Chuntunqui,http://www.wikidata.org/entity/Q316930,dance music,
http://www.wikidata.org/entity/Q179465,polyphony,,,
http://www.wikidata.org/entity/Q202919,berceuse,,,1850-01-01T00:00:00Z
http://www.wikidata.org/entity/Q209741,programme music,,,
http://www.wikidata.org/entity/Q211025,march,,,
http://www.wikidata.org/entity/Q211745,atonality,,,
http://www.wikidata.org/entity/Q213608,beatboxing,,,1980-01-01T00:00:00Z
http://www.wikidata.org/entity/Q250090,Ruba'i,,,
http://www.wikidata.org/entity/Q281111,ghazal,,,
http://www.wikidata.org/entity/Q286080,acoustic music,,,
http://www.wikidata.org/entity/Q316930,dance music,,,
http://www.wikidata.org/entity/Q324617,tarantella,,,
http://www.wikidata.org/entity/Q332478,absolute music,,,
http://www.wikidata.org/entity/Q355247,strathspey,,,
http://www.wikidata.org/entity/Q370142,cabaletta,,,
http://www.wikidata.org/entity/Q373342,popular music,,,
http://www.wikidata.org/entity/Q373982,logobi,,,1986-01-01T00:00:00Z
http://www.wikidata.org/entity/Q383904,arietta,,,
http://www.wikidata.org/entity/Q406714,air,,,
http://www.wikidata.org/entity/Q444340,crab canon,,,
http://www.wikidata.org/entity/Q484692,hymn,,,
http://www.wikidata.org/entity/Q491621,tusch,,,
http://www.wikidata.org/entity/Q502658,work song,,,
http://www.wikidata.org/entity/Q504635,crossover,,,
http://www.wikidata.org/entity/Q508790,chastushka,,,
http://www.wikidata.org/entity/Q523896,regional hymn,,,
http://www.wikidata.org/entity/Q564848,aria di sorbetto,,,
http://www.wikidata.org/entity/Q602859,Lamentations of Jeremiah the Prophet,,,
http://www.wikidata.org/entity/Q615455,lhamo,,,
http://www.wikidata.org/entity/Q631621,bertsolaritza,,,
http://www.wikidata.org/entity/Q632964,tiento,,,
http://www.wikidata.org/entity/Q637696,siciliana,,,
http://www.wikidata.org/entity/Q639197,instrumental music,,,
http://www.wikidata.org/entity/Q647653,divertimento,,,
http://www.wikidata.org/entity/Q658334,barcarolle,,,
http://www.wikidata.org/entity/Q662791,arioso,,,
http://www.wikidata.org/entity/Q685884,vocal music,,,
http://www.wikidata.org/entity/Q717080,Changgeuk,,,
http://www.wikidata.org/entity/Q721385,drum cadence,,,
http://www.wikidata.org/entity/Q724010,Ashiqs of Azerbaijan,,,
http://www.wikidata.org/entity/Q752047,musique mesurée,,,
http://www.wikidata.org/entity/Q758422,aubade,,,
http://www.wikidata.org/entity/Q761684,prehistoric music,,,
http://www.wikidata.org/entity/Q781470,intermezzo,,,
http://www.wikidata.org/entity/Q788016,autonomous music,,,
http://www.wikidata.org/entity/Q808855,barrelhouse piano,,,
http://www.wikidata.org/entity/Q819325,bergamask,,,
http://www.wikidata.org/entity/Q822309,cerdd dant,,,
http://www.wikidata.org/entity/Q827775,monody,,,
http://www.wikidata.org/entity/Q829147,protest song,,,
http://www.wikidata.org/entity/Q864605,biomusic,,,
http://www.wikidata.org/entity/Q866816,bourrée,,,
http://www.wikidata.org/entity/Q940462,music hall,,,
http://www.wikidata.org/entity/Q944800,frottola,,,
http://www.wikidata.org/entity/Q952404,drumline,,,
http://www.wikidata.org/entity/Q960867,Liederspiel,,,
http://www.wikidata.org/entity/Q967167,Russendisko,,,
http://www.wikidata.org/entity/Q985135,giddha,,,
http://www.wikidata.org/entity/Q1016608,burlesque,,,
http://www.wikidata.org/entity/Q1024999,caccia,,,
http://www.wikidata.org/entity/Q1027114,call and response,,,
http://www.wikidata.org/entity/Q1046920,Dōjin music,,,2000-01-01T00:00:00Z
http://www.wikidata.org/entity/Q1049625,musical improvisation,,,
http://www.wikidata.org/entity/Q1051952,cayambe,,,
http://www.wikidata.org/entity/Q1054490,Ceòl Beag,,,
http://www.wikidata.org/entity/Q1123037,nursery rhyme,,,
http://www.wikidata.org/entity/Q1202801,écossaise,,,
http://www.wikidata.org/entity/Q1208331,Gebrauchsmusik,,,
http://www.wikidata.org/entity/Q1217862,Die anderen Bands,,,
http://www.wikidata.org/entity/Q1227093,Bilbainada,,,
http://www.wikidata.org/entity/Q1229479,lamentation,,,
http://www.wikidata.org/entity/Q1234748,retro-prog,,,
http://www.wikidata.org/entity/Q1236108,epinikion,,,
http://www.wikidata.org/entity/Q1243912,quodlibet,,,
http://www.wikidata.org/entity/Q1245536,tuna,,,
http://www.wikidata.org/entity/Q1252451,Montuno,,,
http://www.wikidata.org/entity/Q1258366,tower music,,,
http://www.wikidata.org/entity/Q1262697,mento,,,1890-01-01T00:00:00Z
http://www.wikidata.org/entity/Q1278710,trivial music,,,
http://www.wikidata.org/entity/Q1288193,cantilena,,,
http://www.wikidata.org/entity/Q1314422,sacred concerto,,,
http://www.wikidata.org/entity/Q1325966,electro wave,,,
http://www.wikidata.org/entity/Q1328468,fauxbourdon,,,
http://www.wikidata.org/entity/Q1346068,Swang,,,
http://www.wikidata.org/entity/Q1357775,Geisslerlieder,,,
http://www.wikidata.org/entity/Q1361883,Trecento Madrigal,,,
http://www.wikidata.org/entity/Q1366983,Minnelied,,,
http://www.wikidata.org/entity/Q1368139,Esperanto music,,,
http://www.wikidata.org/entity/Q1369726,estampie,,,
http://www.wikidata.org/entity/Q1370720,humoresque,,,
http://www.wikidata.org/entity/Q1373485,underground music,,,
http://www.wikidata.org/entity/Q1417272,rondeau,,,
http://www.wikidata.org/entity/Q1423598,mapalé,,,
http://www.wikidata.org/entity/Q1429121,Flogger,,,2004-01-01T00:00:00Z
http://www.wikidata.org/entity/Q1432201,elevator music,,,
http://www.wikidata.org/entity/Q1432836,furiant,,,
http://www.wikidata.org/entity/Q1467193,musical poem,,,
http://www.wikidata.org/entity/Q1474342,Funkeado,,,
http://www.wikidata.org/entity/Q1495855,Gattung,,,
http://www.wikidata.org/entity/Q1507298,lo-fi music,,,1980-01-01T00:00:00Z
http://www.wikidata.org/entity/Q1510942,vocalise,,,
http://www.wikidata.org/entity/Q1516324,fast polka,,,
http://www.wikidata.org/entity/Q1571388,Jácara,,,
http://www.wikidata.org/entity/Q1583807,art music,,,
http://www.wikidata.org/entity/Q1610196,French organ school,,,1630-01-01T00:00:00Z
http://www.wikidata.org/entity/Q1640319,experimental music,,,1960-01-01T00:00:00Z
http://www.wikidata.org/entity/Q1674327,Tvísöngur,,,
http://www.wikidata.org/entity/Q1735204,cassation,,,
http://www.wikidata.org/entity/Q1746023,piano quintet,,,
http://www.wikidata.org/entity/Q1762761,Finnish tango,,,
http://www.wikidata.org/entity/Q1775526,Contradanza,,,
http://www.wikidata.org/entity/Q1804789,wave,,,1984-01-01T00:00:00Z
http://www.wikidata.org/entity/Q1808721,sound poetry,,,
http://www.wikidata.org/entity/Q1817297,Nangma,,,
http://www.wikidata.org/entity/Q1859194,Geordie,,,
http://www.wikidata.org/entity/Q1871532,tambu music,,,
http://www.wikidata.org/entity/Q1889001,organ symphony,,,
http://www.wikidata.org/entity/Q1915787,H8000,,,1982-01-01T00:00:00Z
http://www.wikidata.org/entity/Q1942905,Geuzen song,,,
http://www.wikidata.org/entity/Q1980609,ballata,,,
http://www.wikidata.org/entity/Q2003975,Nu,,,
http://www.wikidata.org/entity/Q2036172,pizzica,,,
http://www.wikidata.org/entity/Q2045168,jor,,,
http://www.wikidata.org/entity/Q2069651,Kolomyjka,,,
http://www.wikidata.org/entity/Q2094385,postlude,,,
http://www.wikidata.org/entity/Q2104307,popular classical,,,
http://www.wikidata.org/entity/Q2105045,dump,,,
http://www.wikidata.org/entity/Q2105776,Posse mit Gesang,,,
http://www.wikidata.org/entity/Q2146293,Retrosound,,,
http://www.wikidata.org/entity/Q2241518,Simadan,,,
http://www.wikidata.org/entity/Q2249365,kawina,,,
http://www.wikidata.org/entity/Q2253688,dark music,,,
http://www.wikidata.org/entity/Q2259405,Fescennine Verses,,,
http://www.wikidata.org/entity/Q2281713,cantiga,,,
http://www.wikidata.org/entity/Q2329445,Stambeli,,,
http://www.wikidata.org/entity/Q2369761,salon music,,,
http://www.wikidata.org/entity/Q2403744,Tenorlied,,,
http://www.wikidata.org/entity/Q2416307,outsider music,,,
http://www.wikidata.org/entity/Q2481591,Hua'er,,,
http://www.wikidata.org/entity/Q2489759,football chant,,,
http://www.wikidata.org/entity/Q2494949,Gato,,,
http://www.wikidata.org/entity/Q2518099,verset,,,
http://www.wikidata.org/entity/Q2534081,pre-classical music,,,
http://www.wikidata.org/entity/Q2534837,votive mass,,,
http://www.wikidata.org/entity/Q2537800,Bozlak,,,
http://www.wikidata.org/entity/Q2596399,illustrated song,,,
http://www.wikidata.org/entity/Q2611957,Tintinnabuli,,,1970-01-01T00:00:00Z
http://www.wikidata.org/entity/Q2621158,Makwaya,,,
http://www.wikidata.org/entity/Q2621235,spatial music,,,
http://www.wikidata.org/entity/Q2635155,Ahidus,,,
http://www.wikidata.org/entity/Q2656325,Toeshey,,,
http://www.wikidata.org/entity/Q2668052,Dutch-language music,,,
http://www.wikidata.org/entity/Q2682554,New Venice School,,,
http://www.wikidata.org/entity/Q2707298,secular music,,,0900-01-01T00:00:00Z
http://www.wikidata.org/entity/Q2719078,Western music,,,
http://www.wikidata.org/entity/Q2722134,lavani,,,
http://www.wikidata.org/entity/Q2731147,tambourin,,,
http://www.wikidata.org/entity/Q2741465,Calinda,,,
http://www.wikidata.org/entity/Q2744144,Gharnati music,,,
http://www.wikidata.org/entity/Q2748579,Čoček,,,
http://www.wikidata.org/entity/Q2784269,oriental music,,,
http://www.wikidata.org/entity/Q2797513,sainaimu,,,
http://www.wikidata.org/entity/Q2849807,angura kei,,,
http://www.wikidata.org/entity/Q2881236,ballet d'action,,,1700-01-01T00:00:00Z
http://www.wikidata.org/entity/Q2881396,Ballu tundu,,,
http://www.wikidata.org/entity/Q2886472,wititi,,,
http://www.wikidata.org/entity/Q2897092,bergerette,,,
http://www.wikidata.org/entity/Q2936886,cantèra,,,
http://www.wikidata.org/entity/Q2941721,catch,,,
http://www.wikidata.org/entity/Q2956156,Occitan chanson,,,
http://www.wikidata.org/entity/Q2956228,Songs of realization,,,
http://www.wikidata.org/entity/Q2956468,Chaoui music,,,
http://www.wikidata.org/entity/Q2978696,clawhammer,,,
http://www.wikidata.org/entity/Q3098694,Gasba music,,,
http://www.wikidata.org/entity/Q3109918,Gosos,,,
http://www.wikidata.org/entity/Q3128751,Hawfi,,,1450-01-01T00:00:00Z
http://www.wikidata.org/entity/Q3141414,Hawzi,,,
http://www.wikidata.org/entity/Q3177825,game piece,,,
http://www.wikidata.org/entity/Q3192617,kaneka,,,1984-01-01T00:00:00Z
http://www.wikidata.org/entity/Q3192842,Kapa haka,,,
http://www.wikidata.org/entity/Q3240930,lilting,,,
http://www.wikidata.org/entity/Q3247534,voluntary,,,
http://www.wikidata.org/entity/Q3267742,madrigal comedy,,,
http://www.wikidata.org/entity/Q3287249,mapouka,,,
http://www.wikidata.org/entity/Q3293102,Marimbalax,,,1990-01-01T00:00:00Z
http://www.wikidata.org/entity/Q3299089,stasimon,,,
http://www.wikidata.org/entity/Q3303902,Meddaha,,,
http://www.wikidata.org/entity/Q3328755,regional music,,,
http://www.wikidata.org/entity/Q3328779,urban classical music,,,
http://www.wikidata.org/entity/Q3328781,Tunisian underground music,,,
http://www.wikidata.org/entity/Q3328797,musique actuelle,,,
http://www.wikidata.org/entity/Q3337088,musical naturalism,,,
http://www.wikidata.org/entity/Q3337361,nayda,,,1998-01-01T00:00:00Z
http://www.wikidata.org/entity/Q3345214,new consonant music,,,
http://www.wikidata.org/entity/Q3349878,ohangla,,,
http://www.wikidata.org/entity/Q3375178,urban percussion,,,
http://www.wikidata.org/entity/Q3394533,Tabanka,,,
http://www.wikidata.org/entity/Q3398980,Bailada,,,
http://www.wikidata.org/entity/Q3470213,salsaton,,,
http://www.wikidata.org/entity/Q3470607,Sama'i,,,
http://www.wikidata.org/entity/Q3487087,Smyrneiko,,,
http://www.wikidata.org/entity/Q3495144,Sraoui,,,
http://www.wikidata.org/entity/Q3529199,tinku,,,
http://www.wikidata.org/entity/Q3542334,turlute,,,
http://www.wikidata.org/entity/Q3562031,voceru,,,
http://www.wikidata.org/entity/Q3565141,Wahrani,,,
http://www.wikidata.org/entity/Q3570024,ethnic music,,,
http://www.wikidata.org/entity/Q3572987,youssoumba,,,
http://www.wikidata.org/entity/Q3573134,Yuka,,,
http://www.wikidata.org/entity/Q3574259,Yéla,,,
http://www.wikidata.org/entity/Q3622181,tonadilla,,,1757-01-01T00:00:00Z
http://www.wikidata.org/entity/Q3624086,acousmatic art,,,
http://www.wikidata.org/entity/Q3631657,aṣíkò,,,1920-01-01T00:00:00Z
http://www.wikidata.org/entity/Q3635495,Barzelletta,,,
http://www.wikidata.org/entity/Q3655696,cante flamenco,,,
http://www.wikidata.org/entity/Q3656509,crusade song,,,
http://www.wikidata.org/entity/Q3656510,canzone genovese,,,
http://www.wikidata.org/entity/Q3656514,Milanese song,,,
http://www.wikidata.org/entity/Q3656521,Venetian song,,,
http://www.wikidata.org/entity/Q3656557,canzone del Mala,,,
http://www.wikidata.org/entity/Q3678263,citarodia,,,
http://www.wikidata.org/entity/Q3797148,In Nomine,,,1550-01-01T00:00:00Z
http://www.wikidata.org/entity/Q3835724,Llamerada,,,
http://www.wikidata.org/entity/Q3843144,Maggio drammatico,,,
http://www.wikidata.org/entity/Q3843655,couplet,,,
http://www.wikidata.org/entity/Q3853406,Mdundiko,,,
http://www.wikidata.org/entity/Q3905200,Suzhou pingtan,,,
http://www.wikidata.org/entity/Q3975956,street cry,,,
http://www.wikidata.org/entity/Q3978155,suri sicuri,,,
http://www.wikidata.org/entity/Q3982213,singing theater,,,
http://www.wikidata.org/entity/Q4006465,Urlatori,,,1950-01-01T00:00:00Z
http://www.wikidata.org/entity/Q4011325,Vidalita,,,
http://www.wikidata.org/entity/Q4024159,Zenji flava,,,
http://www.wikidata.org/entity/Q4065202,Anglo-American music,,,
http://www.wikidata.org/entity/Q4118941,mezwed,,,
http://www.wikidata.org/entity/Q4193824,der song,,,
http://www.wikidata.org/entity/Q4448560,surrealist music,,,
http://www.wikidata.org/entity/Q4456147,Terra Verde,,,
http://www.wikidata.org/entity/Q4456413,tesnif,,,
http://www.wikidata.org/entity/Q4670712,Abwe,,,
http://www.wikidata.org/entity/Q4698401,air à boire,,,
http://www.wikidata.org/entity/Q4733626,alma mater song,,,
http://www.wikidata.org/entity/Q4745455,American fiddle,,,
http://www.wikidata.org/entity/Q4752840,fife and drum corps,,,
http://www.wikidata.org/entity/Q4796091,arrorró,,,
http://www.wikidata.org/entity/Q4832900,Jarabe,,,
http://www.wikidata.org/entity/Q4848983,Baka music,,,
http://www.wikidata.org/entity/Q4849865,Balakadri,,,
http://www.wikidata.org/entity/Q4854619,bandish,,,
http://www.wikidata.org/entity/Q4857249,Bantowbol,,,
http://www.wikidata.org/entity/Q4877851,beautiful music,,,
http://www.wikidata.org/entity/Q4897056,Beste,,,
http://www.wikidata.org/entity/Q4936373,bodabil in the Philippines,,,
http://www.wikidata.org/entity/Q4939163,Bolel,,,
http://www.wikidata.org/entity/Q4940448,bomba,,,
http://www.wikidata.org/entity/Q4945025,Borgeet,,,1500-01-01T00:00:00Z
http://www.wikidata.org/entity/Q4945110,Boria,,,
http://www.wikidata.org/entity/Q4958465,Bravura,,,
http://www.wikidata.org/entity/Q5015164,Ca Huế,,,
http://www.wikidata.org/entity/Q5015165,Ca din tulnic,,,
http://www.wikidata.org/entity/Q5018019,Cajun fiddle,,,
http://www.wikidata.org/entity/Q5024670,Calypso-style baila,,,
http://www.wikidata.org/entity/Q5024683,Calypso War,,,
http://www.wikidata.org/entity/Q5031532,Canción mexicana,,,
http://www.wikidata.org/entity/Q5033854,Canto livre,,,
http://www.wikidata.org/entity/Q5054785,Cavalier song,,,
http://www.wikidata.org/entity/Q5063233,Ceol Meadhonach,,,
http://www.wikidata.org/entity/Q5070237,Chamrieng Samai,,,
http://www.wikidata.org/entity/Q5072584,Chanson pour boire,,,1627-01-01T00:00:00Z
http://www.wikidata.org/entity/Q5072696,Chanté mas,,,
http://www.wikidata.org/entity/Q5073926,Charanga-vallenata,,,1980-01-01T00:00:00Z
http://www.wikidata.org/entity/Q5104948,Chorale concerto,,,
http://www.wikidata.org/entity/Q5105648,Chrieng Brunh,,,
http://www.wikidata.org/entity/Q5113733,Chromatic fantasia,,,1590-01-01T00:00:00Z
http://www.wikidata.org/entity/Q5116136,chumaichada,,,
http://www.wikidata.org/entity/Q5116146,Chumba,,,
http://www.wikidata.org/entity/Q5118358,Chutney parang,,,
http://www.wikidata.org/entity/Q5119040,Chầu văn,,,1870-01-01T00:00:00Z
http://www.wikidata.org/entity/Q5149108,Colossal Baroque,,,1600-01-01T00:00:00Z
http://www.wikidata.org/entity/Q5150913,Combined rhythm,,,
http://www.wikidata.org/entity/Q5151495,comedy music,,,
http://www.wikidata.org/entity/Q5156725,Composer tributes,,,
http://www.wikidata.org/entity/Q5158512,concert aria,,,
http://www.wikidata.org/entity/Q5158538,Concerted madrigal,,,1600-01-01T00:00:00Z
http://www.wikidata.org/entity/Q5185778,criolla,,,
http://www.wikidata.org/entity/Q5221793,dappankuthu,,,
http://www.wikidata.org/entity/Q5244903,De dragoste,,,
http://www.wikidata.org/entity/Q5256877,Dene music,,,
http://www.wikidata.org/entity/Q5266196,rough music,,,
http://www.wikidata.org/entity/Q5276393,Dihanaam,,,
http://www.wikidata.org/entity/Q5332963,eclecticism in music,,,
http://www.wikidata.org/entity/Q5347034,Eefing,,,
http://www.wikidata.org/entity/Q5397405,Tamunangue,,,
http://www.wikidata.org/entity/Q5401205,Zamba alegre,,,
http://www.wikidata.org/entity/Q5402428,Nicaraguan polka,,,
http://www.wikidata.org/entity/Q5442427,Fell,,,
http://www.wikidata.org/entity/Q5477103,Foxcore,,,1990-01-01T00:00:00Z
http://www.wikidata.org/entity/Q5479290,Gato cuyano,,,
http://www.wikidata.org/entity/Q5492501,guardia nueva,,,1917-01-01T00:00:00Z
http://www.wikidata.org/entity/Q5501660,French-Canadian music,,,
http://www.wikidata.org/entity/Q5518471,Galerón,,,
http://www.wikidata.org/entity/Q5521262,Gangtai,,,
http://www.wikidata.org/entity/Q5529053,Gazel,,,
http://www.wikidata.org/entity/Q5529320,Gbedu (drum),,,
http://www.wikidata.org/entity/Q5581134,gombhira,,,
http://www.wikidata.org/entity/Q5587325,Gōshū Ondo,,,
http://www.wikidata.org/entity/Q5625934,Gånglåt,,,
http://www.wikidata.org/entity/Q5655239,abozao,,,
http://www.wikidata.org/entity/Q5658489,free step,,,
http://www.wikidata.org/entity/Q5661311,aire,,,
http://www.wikidata.org/entity/Q5676196,Pandilla Punoan,,,
http://www.wikidata.org/entity/Q5693170,chonguinada,,,
http://www.wikidata.org/entity/Q5707612,arunguita,,,
http://www.wikidata.org/entity/Q5731395,bolero ranchero,,,
http://www.wikidata.org/entity/Q5735613,bunde chocoano,,,
http://www.wikidata.org/entity/Q5747261,canción montañesa,,,
http://www.wikidata.org/entity/Q5759480,caña,,,
http://www.wikidata.org/entity/Q5764471,chandé (Colombia),,,
http://www.wikidata.org/entity/Q5766737,chirimía,,,
http://www.wikidata.org/entity/Q5767258,chorrillera,,,
http://www.wikidata.org/entity/Q5767310,chobena,,,
http://www.wikidata.org/entity/Q5783033,congos,,,
http://www.wikidata.org/entity/Q5793032,cuándo,,,
http://www.wikidata.org/entity/Q5799202,machetero,,,
http://www.wikidata.org/entity/Q5799237,danza o habanera,,,
http://www.wikidata.org/entity/Q5815576,mejorana,,,
http://www.wikidata.org/entity/Q5821609,costillar,,,
http://www.wikidata.org/entity/Q5886831,Guabina,,,
http://www.wikidata.org/entity/Q5903971,huayno ancashino,,,
http://www.wikidata.org/entity/Q5954460,Juga,,,
http://www.wikidata.org/entity/Q5956785,hymn tune,,,
http://www.wikidata.org/entity/Q5957548,kaani,,,
http://www.wikidata.org/entity/Q5970684,pesás,,,
http://www.wikidata.org/entity/Q5978663,loncomeo,,,
http://www.wikidata.org/entity/Q5979609,los Cristos,,,
http://www.wikidata.org/entity/Q6003760,Imene metua,,,
http://www.wikidata.org/entity/Q6016603,milongón,,,
http://www.wikidata.org/entity/Q6025503,mozo danza,,,
http://www.wikidata.org/entity/Q6032954,Kilam,,,
http://www.wikidata.org/entity/Q6032957,murga,,,
http://www.wikidata.org/entity/Q6036438,música cañonera,,,
http://www.wikidata.org/entity/Q6036526,Guasca music,,,
http://www.wikidata.org/entity/Q6036566,música planeca,,,
http://www.wikidata.org/entity/Q6037387,insertion aria,,,1650-01-01T00:00:00Z
http://www.wikidata.org/entity/Q6057482,pala pala,,,
http://www.wikidata.org/entity/Q6058911,palito,,,
http://www.wikidata.org/entity/Q6066199,patacoré,,,
http://www.wikidata.org/entity/Q6070734,Irish fiddle,,,
http://www.wikidata.org/entity/Q6076141,pindín,,,
http://www.wikidata.org/entity/Q6093230,Punto guanacasteco,,,
http://www.wikidata.org/entity/Q6098469,rajaleña,,,
http://www.wikidata.org/entity/Q6100475,Lazish music,,,
http://www.wikidata.org/entity/Q6103404,refalosa,,,
http://www.wikidata.org/entity/Q6108923,rin,,,
http://www.wikidata.org/entity/Q6111379,romance,,,
http://www.wikidata.org/entity/Q6113614,rumba vallecana,,,
http://www.wikidata.org/entity/Q6117417,Saloma,,,
http://www.wikidata.org/entity/Q6126881,shaqapas,,,
http://www.wikidata.org/entity/Q6129485,sirilla,,,
http://www.wikidata.org/entity/Q6131129,Sock,,,
http://www.wikidata.org/entity/Q6136664,swing criollo,,,
http://www.wikidata.org/entity/Q6139036,tarkad,,,
http://www.wikidata.org/entity/Q6147820,Tocotín,,,
http://www.wikidata.org/entity/Q6152936,triunfo,,,
http://www.wikidata.org/entity/Q6153333,trovo,,,
http://www.wikidata.org/entity/Q6161710,vidala,,,
http://www.wikidata.org/entity/Q6202259,Jing ping,,,
http://www.wikidata.org/entity/Q6304912,Jugni,,,
http://www.wikidata.org/entity/Q6319299,Jwé,,,
http://www.wikidata.org/entity/Q6348555,kaiso,,,
http://www.wikidata.org/entity/Q6351763,Kalbelia,,,
http://www.wikidata.org/entity/Q6366462,Kapanirong,,,
http://www.wikidata.org/entity/Q6378419,Katuli,,,
http://www.wikidata.org/entity/Q6379228,Kavigan,,,
http://www.wikidata.org/entity/Q6394780,Kertok,,,
http://www.wikidata.org/entity/Q6420782,klezmer fiddle,,,
http://www.wikidata.org/entity/Q6430313,Kont,,,
http://www.wikidata.org/entity/Q6450040,Kwakwaka'wakw music,,,
http://www.wikidata.org/entity/Q6457912,LGBT music,,,
http://www.wikidata.org/entity/Q6537469,Lewoz,,,
http://www.wikidata.org/entity/Q6584641,munajat,,,
http://www.wikidata.org/entity/Q6694797,Lu,,,
http://www.wikidata.org/entity/Q6727621,Madhyalaya,,,
http://www.wikidata.org/entity/Q6748116,Mando,,,
http://www.wikidata.org/entity/Q6758799,Tanhuang,,,
http://www.wikidata.org/entity/Q6772364,Maroon music,,,
http://www.wikidata.org/entity/Q6793820,alriyfy music,,,
http://www.wikidata.org/entity/Q6874626,mirror canon,,,1720-01-01T00:00:00Z
http://www.wikidata.org/entity/Q6981036,Natya Sangeet,,,
http://www.wikidata.org/entity/Q7070611,nuubaat,,,
http://www.wikidata.org/entity/Q7088779,Oltului,,,
http://www.wikidata.org/entity/Q7132500,Papare,,,
http://www.wikidata.org/entity/Q7190617,Pichakaree,,,
http://www.wikidata.org/entity/Q7203347,Playground song,,,
http://www.wikidata.org/entity/Q7225887,Polo,,,
http://www.wikidata.org/entity/Q7233169,Posi music,,,
http://www.wikidata.org/entity/Q7248857,progressive music,,,
http://www.wikidata.org/entity/Q7259146,Pukllay,,,
http://www.wikidata.org/entity/Q7260604,Punto,,,
http://www.wikidata.org/entity/Q7269821,Quebec fiddle,,,
http://www.wikidata.org/entity/Q7315815,Bongai,,,
http://www.wikidata.org/entity/Q12338430,Sønderhoning,,,
http://www.wikidata.org/entity/Q12367419,choir singing,,,
http://www.wikidata.org/entity/Q12385250,Carballesa,,,
http://www.wikidata.org/entity/Q12399034,muiñeira vella,,,
http://www.wikidata.org/entity/Q12497663,psalm,,,
http://www.wikidata.org/entity/Q12825187,Kor,,,
http://www.wikidata.org/entity/Q12849794,Şərqi,,,
http://www.wikidata.org/entity/Q12873448,Amanes,,,
http://www.wikidata.org/entity/Q12881663,Neo-Balkan music,,,
http://www.wikidata.org/entity/Q12890903,gaga,,,
http://www.wikidata.org/entity/Q13026479,Phleng Lae,,,
http://www.wikidata.org/entity/Q13037709,Borrohite,,,
http://www.wikidata.org/entity/Q13072955,Myanmar song,,,
http://www.wikidata.org/entity/Q13118900,Powada,,,
http://www.wikidata.org/entity/Q13126989,Welsh music,,,
http://www.wikidata.org/entity/Q13212088,Hori,,,
http://www.wikidata.org/entity/Q13212139,Venetian popular song,,,
http://www.wikidata.org/entity/Q13980030,paahan chare,,,
http://www.wikidata.org/entity/Q14541561,Serbian traditional folk music,,,
http://www.wikidata.org/entity/Q15221176,music of Guadeloupe,,,
http://www.wikidata.org/entity/Q15306187,Corrido,,,
http://www.wikidata.org/entity/Q15623112,Zapateado,,,
http://www.wikidata.org/entity/Q15720097,bhavageete,,,
http://www.wikidata.org/entity/Q15810872,frühlingslied,,,
http://www.wikidata.org/entity/Q15990865,melodrama,,,
http://www.wikidata.org/entity/Q15991004,tombeau,,,
http://www.wikidata.org/entity/Q16029081,Deuda song,,,
http://www.wikidata.org/entity/Q16035064,Wallonne chanson,,,
http://www.wikidata.org/entity/Q16115207,Cha-wave,,,
http://www.wikidata.org/entity/Q16119301,al-hawizi maqam,,,
http://www.wikidata.org/entity/Q16154635,Kabarett,,,
http://www.wikidata.org/entity/Q16291117,aiyai,,,
http://www.wikidata.org/entity/Q16497280,batuque,,,
http://www.wikidata.org/entity/Q16531329,bantu groove,,,2002-01-01T00:00:00Z
http://www.wikidata.org/entity/Q16535291,balletto,,,
http://www.wikidata.org/entity/Q16591771,primitivism,,,
http://www.wikidata.org/entity/Q16594955,lumbalú,,,
http://www.wikidata.org/entity/Q16606623,metal prehispánico,,,
http://www.wikidata.org/entity/Q16637763,tango canción,,,
http://www.wikidata.org/entity/Q16669340,Kushtdepdi,,,
http://www.wikidata.org/entity/Q16679167,Tchamassi,,,
http://www.wikidata.org/entity/Q16696914,senliau,,,
http://www.wikidata.org/entity/Q16724491,Nordic tone,,,1870-01-01T00:00:00Z
http://www.wikidata.org/entity/Q16733731,Kpanlogo,,,1963-01-01T00:00:00Z
http://www.wikidata.org/entity/Q16845069,Bothy band,,,
http://www.wikidata.org/entity/Q16875726,Ikinimba,,,
http://www.wikidata.org/entity/Q16909209,Ovi (music),,,
http://www.wikidata.org/entity/Q16941867,Jamaquello,,,1920-01-01T00:00:00Z
http://www.wikidata.org/entity/Q16954258,B-Town,,,
http://www.wikidata.org/entity/Q16965849,Sawani,,,
http://www.wikidata.org/entity/Q17004101,Haitian Gospel,,,
http://www.wikidata.org/entity/Q17049926,Q'axilu,,,
http://www.wikidata.org/entity/Q17050023,Malaysian contemporary music,,,
http://www.wikidata.org/entity/Q17119190,hyperrealism,,,
http://www.wikidata.org/entity/Q17152287,Music in the Elizabethan era,,,
http://www.wikidata.org/entity/Q17157177,Tahitian Drumming,,,
http://www.wikidata.org/entity/Q17477934,bunde (Panama),,,
http://www.wikidata.org/entity/Q17598653,kitchen song,,,
http://www.wikidata.org/entity/Q17623202,bunde (Colombia),,,
http://www.wikidata.org/entity/Q17624127,capishca,,,
http://www.wikidata.org/entity/Q17747244,California Sound,,,
http://www.wikidata.org/entity/Q17996401,paso huanquilla,,,
http://www.wikidata.org/entity/Q18126823,Kilippattu,,,
http://www.wikidata.org/entity/Q18205595,BMG movement,,,
http://www.wikidata.org/entity/Q18207423,rhythm & praise music,,,
http://www.wikidata.org/entity/Q18345375,Latin music,,,
http://www.wikidata.org/entity/Q18358825,Verso,,,
http://www.wikidata.org/entity/Q18398185,Athabaskan fiddle,,,
http://www.wikidata.org/entity/Q18464783,bugio,,,
http://www.wikidata.org/entity/Q18465009,Chula (Bahia),,,
http://www.wikidata.org/entity/Q18466722,cacuriá,,,
http://www.wikidata.org/entity/Q18582315,baile chino,,,
http://www.wikidata.org/entity/Q18660751,Manserock,,,
http://www.wikidata.org/entity/Q18690116,Finland's political singing movement,,,
http://www.wikidata.org/entity/Q19366417,genios de Andalucía,,,
http://www.wikidata.org/entity/Q19545411,corsicana,,,
http://www.wikidata.org/entity/Q19703932,jytä,,,
http://www.wikidata.org/entity/Q19899689,Rebita,,,
http://www.wikidata.org/entity/Q20021568,Spanish musical revue,,,
http://www.wikidata.org/entity/Q20102893,cançó de croada,,,
http://www.wikidata.org/entity/Q20492204,music in Catalan language,,,
http://www.wikidata.org/entity/Q20631510,Ameripolitan,,,
http://www.wikidata.org/entity/Q20656222,galopa misionera,,,
http://www.wikidata.org/entity/Q20726225,diwan,,,
http://www.wikidata.org/entity/Q21003309,Milonga-candombe,,,
http://www.wikidata.org/entity/Q21064844,Hako,,,
http://www.wikidata.org/entity/Q21998394,catalogue aria,,,
http://www.wikidata.org/entity/Q22947471,fkirettes,,,
http://www.wikidata.org/entity/Q23072435,chant,,,
http://www.wikidata.org/entity/Q23499405,rúmbia,,,
http://www.wikidata.org/entity/Q23710206,Paschen,,,
http://www.wikidata.org/entity/Q23808313,temperance song,,,
http://www.wikidata.org/entity/Q25091767,mutuashi,,,1960-01-01T00:00:00Z
http://www.wikidata.org/entity/Q25092815,nhari,,,
http://www.wikidata.org/entity/Q25204037,Paranda,,,
http://www.wikidata.org/entity/Q25393943,fanka,,,
http://www.wikidata.org/entity/Q25419750,novo movimento,,,
http://www.wikidata.org/entity/Q25504971,rhythm music,,,
http://www.wikidata.org/entity/Q25616123,lúibín,,,
http://www.wikidata.org/entity/Q25624527,luddi,,,
http://www.wikidata.org/entity/Q7321654,Bahamian rhyming spiritual,,,1920-01-01T00:00:00Z
http://www.wikidata.org/entity/Q7334835,Ringbang,,,
http://www.wikidata.org/entity/Q7363273,Romo,,,
http://www.wikidata.org/entity/Q7365548,Rondellus,,,
http://www.wikidata.org/entity/Q7402829,Sakara music,,,1930-01-01T00:00:00Z
http://www.wikidata.org/entity/Q7417910,Sangeet Natak,,,
http://www.wikidata.org/entity/Q7424751,Sarva,,,
http://www.wikidata.org/entity/Q7446911,Seis,,,
http://www.wikidata.org/entity/Q7505953,Shyama Sangeet,,,
http://www.wikidata.org/entity/Q7513991,Sikuri,,,
http://www.wikidata.org/entity/Q7522213,Sindhi music,,,
http://www.wikidata.org/entity/Q7525526,Sioux music,,,
http://www.wikidata.org/entity/Q7541786,Slovenian-style polka,,,
http://www.wikidata.org/entity/Q7561194,Song poem,,,
http://www.wikidata.org/entity/Q7561291,Songo-salsa,,,1980-01-01T00:00:00Z
http://www.wikidata.org/entity/Q7570655,Southern cone music,,,
http://www.wikidata.org/entity/Q7572179,Space-themed music,,,
http://www.wikidata.org/entity/Q7616089,Sthayi,,,
http://www.wikidata.org/entity/Q7636849,Sulukan,,,
http://www.wikidata.org/entity/Q7663873,Systems music,,,
http://www.wikidata.org/entity/Q7676784,tajaraste,,,
http://www.wikidata.org/entity/Q7681407,koothu,,,
http://www.wikidata.org/entity/Q7684951,taqtuqa,,,1921-01-01T00:00:00Z
http://www.wikidata.org/entity/Q7690640,Tche music,,,
http://www.wikidata.org/entity/Q7724724,kaboela,,,
http://www.wikidata.org/entity/Q7849239,trường ca,,,
http://www.wikidata.org/entity/Q7911938,vallenato-salsa,,,
http://www.wikidata.org/entity/Q7912528,valona,,,
http://www.wikidata.org/entity/Q7920719,Ver,,,
http://www.wikidata.org/entity/Q7982016,Welsh bardic music,,,
http://www.wikidata.org/entity/Q8011523,contemporary music,,,
http://www.wikidata.org/entity/Q8031215,women's music,,,
http://www.wikidata.org/entity/Q8043468,Xenharmonic music,,,
http://www.wikidata.org/entity/Q8044658,Xintianyou,,,
http://www.wikidata.org/entity/Q8072348,Zindalii,,,
http://www.wikidata.org/entity/Q8195422,dance,,,
http://www.wikidata.org/entity/Q8210150,Avanzada Regia,,,1990-01-01T00:00:00Z
http://www.wikidata.org/entity/Q8457821,cielito,,,
http://www.wikidata.org/entity/Q8774180,El vito,,,
http://www.wikidata.org/entity/Q9035285,moshcore,,,
http://www.wikidata.org/entity/Q9081689,tamborileros de Tabasco,,,
http://www.wikidata.org/entity/Q9332634,sacro polo,,,
http://www.wikidata.org/entity/Q9347545,academic style,,,
http://www.wikidata.org/entity/Q9375535,vitalism,,,
http://www.wikidata.org/entity/Q9668561,bumba meu boi do Maranhão,,,
http://www.wikidata.org/entity/Q9849206,congo capixaba,,,
http://www.wikidata.org/entity/Q10283571,forrocore,,,
http://www.wikidata.org/entity/Q10283583,forró pé de serra,,,
http://www.wikidata.org/entity/Q10295992,tanci,,,
http://www.wikidata.org/entity/Q10301862,incelenças,,,
http://www.wikidata.org/entity/Q10352317,pra God,,,
http://www.wikidata.org/entity/Q10376827,Han Chinese music,,,
http://www.wikidata.org/entity/Q10378015,Tambor de Crioula,,,
http://www.wikidata.org/entity/Q10428865,Nanjing baiju,,,
http://www.wikidata.org/entity/Q10451148,music of Prince Qin Breaking up the Enemy's Front,,,
http://www.wikidata.org/entity/Q10597524,neo music,,,
http://www.wikidata.org/entity/Q10669480,sailor song,,,
http://www.wikidata.org/entity/Q10683897,Sunkadelica,,,
http://www.wikidata.org/entity/Q10690617,tango waltz,,,
http://www.wikidata.org/entity/Q10801090,Vietnamese diasporic music,,,
http://www.wikidata.org/entity/Q10831132,tình khúc 1954-1975,,,1954-01-01T00:00:00Z
http://www.wikidata.org/entity/Q10948524,Dingxian music,,,
http://www.wikidata.org/entity/Q10979284,Tarling,,,
http://www.wikidata.org/entity/Q11058740,bait,,,
http://www.wikidata.org/entity/Q11058823,music of Martinique,,,
http://www.wikidata.org/entity/Q11074326,suspense music,,,
http://www.wikidata.org/entity/Q11180043,Guci,,,
http://www.wikidata.org/entity/Q11277611,Taryeong,,,
http://www.wikidata.org/entity/Q11300154,ground beat,,,
http://www.wikidata.org/entity/Q11331567,Pyonkobushi,,,
http://www.wikidata.org/entity/Q11348032,rhythm kayo,,,
http://www.wikidata.org/entity/Q11352348,Ichichubushi,,,
http://www.wikidata.org/entity/Q11375663,Kyoto kei music,,,
http://www.wikidata.org/entity/Q11385637,Zokugaku,,,
http://www.wikidata.org/entity/Q11395595,debayashi in rakugo,,,
http://www.wikidata.org/entity/Q11410717,lyric song,,,1947-01-01T00:00:00Z
http://www.wikidata.org/entity/Q11410949,classic rakugo,,,
http://www.wikidata.org/entity/Q11421132,national song,,,
http://www.wikidata.org/entity/Q11481323,perpetuum mobile,,,
http://www.wikidata.org/entity/Q11512436,Minshingaku,,,
http://www.wikidata.org/entity/Q11563285,Shonan Sound,,,
http://www.wikidata.org/entity/Q11660625,densha shōka,,,
http://www.wikidata.org/entity/Q11696539,elegy,,,
http://www.wikidata.org/entity/Q11787377,mechanical music,,,
http://www.wikidata.org/entity/Q11787400,vocal-instrumental music,,,
http://www.wikidata.org/entity/Q11813406,pastiche,,,
http://www.wikidata.org/entity/Q11875657,leudd,,,
http://www.wikidata.org/entity/Q11903204,Zouk chouv,,,
http://www.wikidata.org/entity/Q11907705,Ball de bot,,,
http://www.wikidata.org/entity/Q11912270,caramelles,,,
http://www.wikidata.org/entity/Q11955376,Xeremiers,,,
http://www.wikidata.org/entity/Q12111341,Cossack song,,,
http://www.wikidata.org/entity/Q12154808,Ukrainian social household song,,,
http://www.wikidata.org/entity/Q12194543,Tunisian nubah,,,
http://www.wikidata.org/entity/Q12213606,allaoui,,,
http://www.wikidata.org/entity/Q12224286,Abidat Rma,,,
http://www.wikidata.org/entity/Q12246277,Hadrami music,,,
http://www.wikidata.org/entity/Q12251955,Yamani palm music,,,
http://www.wikidata.org/entity/Q12257012,Eresiak,,,
http://www.wikidata.org/entity/Q12334212,røvballe,,,
http://www.wikidata.org/entity/Q25705473,New Year's kalanta,,,
http://www.wikidata.org/entity/Q26897135,functional music,,,
http://www.wikidata.org/entity/Q26906566,Beat poetry,,,
http://www.wikidata.org/entity/Q28017865,Sabanera music,,,
http://www.wikidata.org/entity/Q28129954,music of Curaçao,,,
http://www.wikidata.org/entity/Q28134285,beatrhyming,,,
http://www.wikidata.org/entity/Q28147473,bolero salsa,,,
http://www.wikidata.org/entity/Q28371127,cymrucana,,,
http://www.wikidata.org/entity/Q28453837,vernacular music,,,
http://www.wikidata.org/entity/Q28502375,cumbión,,,
http://www.wikidata.org/entity/Q28666781,Bashkir song,,,
http://www.wikidata.org/entity/Q29652773,film soundtrack,,,
http://www.wikidata.org/entity/Q30587620,rake-and-scrape,,,
http://www.wikidata.org/entity/Q30688859,Cachi Cachi music,,,
http://www.wikidata.org/entity/Q30921682,Nordeste,,,
http://www.wikidata.org/entity/Q31187915,modern metal,,,
http://www.wikidata.org/entity/Q31358818,Cool Cymru,,,
http://www.wikidata.org/entity/Q40488741,mazurca ranchera,,,
http://www.wikidata.org/entity/Q40501317,Polca canaria,,,
http://www.wikidata.org/entity/Q48781411,manchegas,,,
http://www.wikidata.org/entity/Q48855105,Iê-iê-iê,,,
http://www.wikidata.org/entity/Q48855636,gaucha music,,,
http://www.wikidata.org/entity/Q48871578,Marabaixo,,,
http://www.wikidata.org/entity/Q48999297,Rage aria,,,
http://www.wikidata.org/entity/Q49001554,Tamang Selo,,,
http://www.wikidata.org/entity/Q51560345,intuitive folk,,,
http://www.wikidata.org/entity/Q53724923,Patua Sangeet,,,
http://www.wikidata.org/entity/Q55529556,Kume-uta,,,
http://www.wikidata.org/entity/Q55608822,Dadakuada,,,
http://www.wikidata.org/entity/Q56344591,soil,,,
http://www.wikidata.org/entity/Q56351526,forró,,,
http://www.wikidata.org/entity/Q56398770,Timbila,,,
http://www.wikidata.org/entity/Q56465221,plena de Panamá,,,
http://www.wikidata.org/entity/Q56872586,seú,,,
http://www.wikidata.org/entity/Q60847029,léròl,,,
http://www.wikidata.org/entity/Q60914635,Hacha'a,,,
http://www.wikidata.org/entity/Q61693382,pilantragem,,,
http://www.wikidata.org/entity/Q61998611,anti runa,,,
http://www.wikidata.org/entity/Q63122412,Unaizah Samri,,,
http://www.wikidata.org/entity/Q64058224,Büchel music,,,
http://www.wikidata.org/entity/Q64151977,Concert polka,,,
http://www.wikidata.org/entity/Q64152411,pas redouble,,,
http://www.wikidata.org/entity/Q65031097,Gengeton,,,
http://www.wikidata.org/entity/Q65165373,sajuriana,,,
http://www.wikidata.org/entity/Q65209820,gejog lesung Yogyakarta,,,
http://www.wikidata.org/entity/Q65211748,Hoho,,,
http://www.wikidata.org/entity/Q65212418,Pandero song,,,
http://www.wikidata.org/entity/Q65434338,mezmur,,,
http://www.wikidata.org/entity/Q70275981,Celempungan,,,
http://www.wikidata.org/entity/Q73263678,aulodia,,,
http://www.wikidata.org/entity/Q76825003,"folk, world and country",,,
http://www.wikidata.org/entity/Q80724407,Trumpwave,,,
http://www.wikidata.org/entity/Q84433946,ainam,,,
http://www.wikidata.org/entity/Q85749252,brunette,,,
http://www.wikidata.org/entity/Q85765918,hauntology,,,2000-01-01T00:00:00Z
http://www.wikidata.org/entity/Q85794311,Preaching Chords,,,
http://www.wikidata.org/entity/Q86679227,Aramaic music,,,
http://www.wikidata.org/entity/Q86726390,San'a,,,
http://www.wikidata.org/entity/Q93258199,Jyoti Sangeet,,,
http://www.wikidata.org/entity/Q96373505,Bhojpuri music,,,
http://www.wikidata.org/entity/Q96394452,music theatre,,,
http://www.wikidata.org/entity/Q96761277,Bangla Adhunik Gaan,,,
http://www.wikidata.org/entity/Q97097034,tirana,,,
http://www.wikidata.org/entity/Q97159655,bedoui oranais,,,
http://www.wikidata.org/entity/Q97160109,kouh ghan,,,
http://www.wikidata.org/entity/Q97171241,tundiqui,,,
http://www.wikidata.org/entity/Q97174666,mahjouz,,,
http://www.wikidata.org/entity/Q97220894,sacred singing circle,,,
http://www.wikidata.org/entity/Q97276030,cumbia,,,
http://www.wikidata.org/entity/Q97277870,al ala,,,
http://www.wikidata.org/entity/Q97365272,medjong,,,
http://www.wikidata.org/entity/Q97368934,malouf tunisien,,,
http://www.wikidata.org/entity/Q97375316,poetry song,,,
http://www.wikidata.org/entity/Q97481136,Gesellschaftslied,,,
http://www.wikidata.org/entity/Q97659647,vilancete,,,
http://www.wikidata.org/entity/Q99535386,livđe,,,
http://www.wikidata.org/entity/Q99640582,mining brass band,,,
http://www.wikidata.org/entity/Q100307135,sikuris de italaque,,,
http://www.wikidata.org/entity/Q100330639,steel drum music,,,
http://www.wikidata.org/entity/Q101002867,mgodro,,,
http://www.wikidata.org/entity/Q103840989,mortitxol,,,
http://www.wikidata.org/entity/Q104016404,Matrouz,,,
http://www.wikidata.org/entity/Q104771349,Jalaíto,,,1959-01-01T00:00:00Z
http://www.wikidata.org/entity/Q104870123,Bantu music,,,
http://www.wikidata.org/entity/Q104870221,Bertitik,,,
http://www.wikidata.org/entity/Q104875944,Ladishah,,,
http://www.wikidata.org/entity/Q105044420,East Bay Grease,,,
http://www.wikidata.org/entity/Q105224848,chanson swing,,,
http://www.wikidata.org/entity/Q105320881,Malipenga,,,
http://www.wikidata.org/entity/Q105337573,set-dansi,,,
http://www.wikidata.org/entity/Q105762622,Sepolcro,,,1700-01-01T00:00:00Z
http://www.wikidata.org/entity/Q106103953,instrumental aria,,,
http://www.wikidata.org/entity/Q106286879,elegy,,,
http://www.wikidata.org/entity/Q106289153,Tijuana sound,,,
http://www.wikidata.org/entity/Q106343615,citharodia,,,
http://www.wikidata.org/entity/Q106527826,Sekete,,,
http://www.wikidata.org/entity/Q106543080,raspacanilla,,,
http://www.wikidata.org/entity/Q106560670,suri sicuri (Bolivia),,,
http://www.wikidata.org/entity/Q106582938,hopepunk music,,,
http://www.wikidata.org/entity/Q106582953,steampunk music,,,
http://www.wikidata.org/entity/Q106602422,Assaggio,,,
http://www.wikidata.org/entity/Q107022156,television soundtrack,,,
http://www.wikidata.org/entity/Q107414547,Maraca,,,
http://www.wikidata.org/entity/Q107414578,Tuka,,,
http://www.wikidata.org/entity/Q107641327,soko,,,
http://www.wikidata.org/entity/Q107641917,Laku,,,
http://www.wikidata.org/entity/Q108032157,banja,,,
http://www.wikidata.org/entity/Q108110644,vuelie,,,
http://www.wikidata.org/entity/Q108301597,karaoke music,,,
http://www.wikidata.org/entity/Q108651047,Kiarou,,,
http://www.wikidata.org/entity/Q109041707,Kokoman,,,
http://www.wikidata.org/entity/Q109470683,Péilú,,,
http://www.wikidata.org/entity/Q109470684,Kanshū,,,
http://www.wikidata.org/entity/Q109470685,Torika,,,
http://www.wikidata.org/entity/Q109470686,so gōkō,,,
http://www.wikidata.org/entity/Q109470687,Senshuraku,,,
http://www.wikidata.org/entity/Q109470688,Ringa,,,
http://www.wikidata.org/entity/Q110230400,New Orleans brass band music,,,
http://www.wikidata.org/entity/Q110249607,siffleur,,,
http://www.wikidata.org/entity/Q110713293,music school,,,
http://www.wikidata.org/entity/Q110810872,Siren kings,,,
http://www.wikidata.org/entity/Q111028408,madrigale,,,
http://www.wikidata.org/entity/Q111335856,Sevillanas rocieras,,,
http://www.wikidata.org/entity/Q114799579,Pop music in Brazil,,,
http://www.wikidata.org/entity/Q114960929,trall,,,
http://www.wikidata.org/entity/Q115632116,Batuque de Umbigada,,,
http://www.wikidata.org/entity/Q115957743,dystopian music,,,
http://www.wikidata.org/entity/Q116690343,ballad,,,
http://www.wikidata.org/entity/Q116764541,science fiction music,,,
http://www.wikidata.org/entity/Q116958268,occult music,,,
http://www.wikidata.org/entity/Q117561364,resort music,,,
http://www.wikidata.org/entity/Q118123408,plaza musika,,,
http://www.wikidata.org/entity/Q119517804,sped-up music,,,
http://www.wikidata.org/entity/Q120403952,bulería of Jerez de la Frontera,,,
http://www.wikidata.org/entity/Q120970818,Meistersang,,,
http://www.wikidata.org/entity/Q121032006,national music,,,
http://www.wikidata.org/entity/Q123139242,two step,,,
http://www.wikidata.org/entity/Q123166358,bronycore,,,
http://www.wikidata.org/entity/Q123382682,takborsé,,,
http://www.wikidata.org/entity/Q123498448,Philosophical song,,,
http://www.wikidata.org/entity/Q123600631,lostwave,,,
http://www.wikidata.org/entity/Q123944418,Egwu ekpili,,,
http://www.wikidata.org/entity/Q124022145,Rapfrobeat,,,
http://www.wikidata.org/entity/Q124130234,Burlesque,,,
http://www.wikidata.org/entity/Q124613834,Batuchina,,,
http://www.wikidata.org/entity/Q124804770,Pasarrúas,,,
http://www.wikidata.org/entity/Q125620975,period composition,,,
http://www.wikidata.org/entity/Q125923060,charrasquiño,,,
http://www.wikidata.org/entity/Q126287874,Quickstep (march music),,,
http://www.wikidata.org/entity/Q126453633,Steklåt,,,
http://www.wikidata.org/entity/Q126667584,Aire típico,,,
http://www.wikidata.org/entity/Q126667587,Andarele,,,
http://www.wikidata.org/entity/Q126953014,Amorfino,,,
http://www.wikidata.org/entity/Q126953015,Caramba,,,
http://www.wikidata.org/entity/Q126953016,Alza,,,
http://www.wikidata.org/entity/Q127164152,garage metal,,,
http://www.wikidata.org/entity/Q127472147,Hindi music,,,
http://www.wikidata.org/entity/Q127606466,UK gqom,,,
http://www.wikidata.org/entity/Q128631435,drum and bugle corps music,,,
http://www.wikidata.org/entity/Q129708684,ode,,,
http://www.wikidata.org/entity/Q130397591,atheist music,,,
http://www.wikidata.org/entity/Q130554646,Brahmo sangeet,,,
http://www.wikidata.org/entity/Q130660185,New Partisans,,,
http://www.wikidata.org/entity/Q130711854,Dikir Barat Singapura,,,
http://www.wikidata.org/entity/Q131597985,AI-generated music,,,
http://www.wikidata.org/entity/Q131624620,piano piece in one movement,,,
http://www.wikidata.org/entity/Q131693667,narrative music,,,
http://www.wikidata.org/entity/Q131741601,eclogue,,,
http://www.wikidata.org/entity/Q132337371,Hadhrami Music,,,
http://www.wikidata.org/entity/Q132733254,Q132733254,,,
http://www.wikidata.org/entity/Q132886044,Mgqashiyo,,,
http://www.wikidata.org/entity/Q133837227,American classical guitar music,,,
http://www.wikidata.org/entity/Q134125842,Fox trot incaico,,,
http://www.wikidata.org/entity/Q134318960,maidcore,,,
http://www.wikidata.org/entity/Q134697774,seika,,,
http://www.wikidata.org/entity/Q135107660,Lekompo,,,
http://www.wikidata.org/entity/Q135112763,Afrofuturism,,,
http://www.wikidata.org/entity/Q135274887,kilalaky,,,
http://www.wikidata.org/entity/Q136320857,Kiɗan garaya,,,
http://www.wikidata.org/entity/Q136342757,ameriachi,,,
http://www.wikidata.org/entity/Q136342829,Q136342829,,,
http://www.wikidata.org/entity/Q136434440,maizbhandari song,,,
http://www.wikidata.org/entity/Q136704497,Pum pin,,,
http://www.wikidata.org/entity/Q136822752,Ceòl mòr,,,
http://www.wikidata.org/entity/Q136908397,post-noise,,,
http://www.wikidata.org/entity/Q136946883,Wapululos de Lampa,,,
http://www.wikidata.org/entity/Q137139307,slurmcore,,,
http://www.wikidata.org/entity/Q137299027,Pogi rock,,,
http://www.wikidata.org/entity/Q137544146,Fife music,,,
http://www.wikidata.org/entity/Q138081554,slowed & reverb,,,
http://www.wikidata.org/entity/Q138261436,post-internet music,,,
http://www.wikidata.org/entity/Q138262349,Makassarese pop music,,,
http://www.wikidata.org/entity/Q138327511,nat thachin,,,
http://www.wikidata.org/entity/Q138388459,Q138388459,,,1800-01-01T00:00:00Z
http://www.wikidata.org/entity/Q138499637,Fiddle-singing,,,
http://www.wikidata.org/entity/Q138611369,internet music,,,
http://www.wikidata.org/entity/Q139219215,gacha pop,,,
http://www.wikidata.org/entity/Q139505550,SoundCloud indie,,,
http://www.wikidata.org/entity/Q140285794,Saami-language music,,,
http://www.wikidata.org/entity/Q140377109,embatērion,,,
http://www.wikidata.org/entity/Q108297241,flamenco pop,http://www.wikidata.org/entity/Q37073,pop music,
http://www.wikidata.org/entity/Q108297242,flashcore,http://www.wikidata.org/entity/Q105763581,experimental electronic music,1998-01-01T00:00:00Z
http://www.wikidata.org/entity/Q108297243,flex dance music,http://www.wikidata.org/entity/Q474027,dancehall,2014-01-01T00:00:00Z
http://www.wikidata.org/entity/Q108297243,flex dance music,http://www.wikidata.org/entity/Q851213,electronic dance music,2014-01-01T00:00:00Z
http://www.wikidata.org/entity/Q108297244,French-Canadian folk music,http://www.wikidata.org/entity/Q17513988,Canadian folk music,
http://www.wikidata.org/entity/Q108297245,Fula music,http://www.wikidata.org/entity/Q6942329,music of West Africa,
http://www.wikidata.org/entity/Q108297246,funk 150 bpm,http://www.wikidata.org/entity/Q1931130,funk carioca,2017-01-01T00:00:00Z
http://www.wikidata.org/entity/Q108297247,funknejo,http://www.wikidata.org/entity/Q10370558,sertanejo universitário,
http://www.wikidata.org/entity/Q108297247,funknejo,http://www.wikidata.org/entity/Q117745223,Brazilian funk,
http://www.wikidata.org/entity/Q108297248,Gagauz folk music,http://www.wikidata.org/entity/Q2000397,music of Moldova,
http://www.wikidata.org/entity/Q108297248,Gagauz folk music,http://www.wikidata.org/entity/Q6966089,Balkan folk music,
http://www.wikidata.org/entity/Q108297249,Goral folk music,http://www.wikidata.org/entity/Q16679594,Slavic folk music,
http://www.wikidata.org/entity/Q108297250,gorenoise,http://www.wikidata.org/entity/Q1147692,goregrind,1996-01-01T00:00:00Z
http://www.wikidata.org/entity/Q108297250,gorenoise,http://www.wikidata.org/entity/Q16562829,harsh noise,1996-01-01T00:00:00Z
http://www.wikidata.org/entity/Q108297250,gorenoise,http://www.wikidata.org/entity/Q89423271,noisecore,1996-01-01T00:00:00Z
http://www.wikidata.org/entity/Q108297251,Gujarati folk music,http://www.wikidata.org/entity/Q6022257,Indian folk music,
http://www.wikidata.org/entity/Q108321657,jackin' house,http://www.wikidata.org/entity/Q20502,house music,2001-01-01T00:00:00Z
http://www.wikidata.org/entity/Q108321843,Slovenian folk music,http://www.wikidata.org/entity/Q3328766,music of Slovenia,
http://www.wikidata.org/entity/Q108321843,Slovenian folk music,http://www.wikidata.org/entity/Q16679594,Slavic folk music,
http://www.wikidata.org/entity/Q108408373,Oceanic folk music,http://www.wikidata.org/entity/Q235858,traditional folk music,
http://www.wikidata.org/entity/Q108408373,Oceanic folk music,http://www.wikidata.org/entity/Q3328728,music of Oceania,
http://www.wikidata.org/entity/Q108419648,conjunto andino,http://www.wikidata.org/entity/Q3328681,popular folk music,
http://www.wikidata.org/entity/Q108419648,conjunto andino,http://www.wikidata.org/entity/Q107718539,Hispanic American music,
http://www.wikidata.org/entity/Q108430097,Aikawa Ondo,http://www.wikidata.org/entity/Q7092205,ondo,
http://www.wikidata.org/entity/Q108535339,Baltic folk music,http://www.wikidata.org/entity/Q98528192,European folk music,
http://www.wikidata.org/entity/Q108535339,Baltic folk music,http://www.wikidata.org/entity/Q108857617,music of the Baltic states,
http://www.wikidata.org/entity/Q108539884,stomp and flutter,http://www.wikidata.org/entity/Q373342,popular music,
http://www.wikidata.org/entity/Q108555812,lo-fi house,http://www.wikidata.org/entity/Q874038,deep house,2015-01-01T00:00:00Z
http://www.wikidata.org/entity/Q108555812,lo-fi house,http://www.wikidata.org/entity/Q18358879,outsider house,2015-01-01T00:00:00Z
http://www.wikidata.org/entity/Q108556049,Italo pop,http://www.wikidata.org/entity/Q37073,pop music,
http://www.wikidata.org/entity/Q108556049,Italo pop,http://www.wikidata.org/entity/Q3679098,music of Italy,
http://www.wikidata.org/entity/Q108556056,samba soul,http://www.wikidata.org/entity/Q834959,samba rock,
http://www.wikidata.org/entity/Q108556409,tumbélé,http://www.wikidata.org/entity/Q107025062,French Caribbean music,
http://www.wikidata.org/entity/Q54365,ska,http://www.wikidata.org/entity/Q373342,popular music,1958-01-01T00:00:00Z
http://www.wikidata.org/entity/Q56580,digital hardcore,http://www.wikidata.org/entity/Q388906,hardcore,1992-01-01T00:00:00Z
http://www.wikidata.org/entity/Q56580,digital hardcore,http://www.wikidata.org/entity/Q25554481,punk music,1992-01-01T00:00:00Z
http://www.wikidata.org/entity/Q57143,power metal,http://www.wikidata.org/entity/Q12326776,metal music,1982-01-01T00:00:00Z
http://www.wikidata.org/entity/Q58339,disco,http://www.wikidata.org/entity/Q45981,rhythm and blues,1972-01-01T00:00:00Z
http://www.wikidata.org/entity/Q58339,disco,http://www.wikidata.org/entity/Q11787389,club/dance music,1972-01-01T00:00:00Z
http://www.wikidata.org/entity/Q59158,dhrupad,http://www.wikidata.org/entity/Q1770695,Hindustani classical music,
http://www.wikidata.org/entity/Q62128,Khyal,http://www.wikidata.org/entity/Q1770695,Hindustani classical music,
http://www.wikidata.org/entity/Q63885,Christian punk,http://www.wikidata.org/entity/Q3071,punk rock,1985-01-01T00:00:00Z
http://www.wikidata.org/entity/Q63885,Christian punk,http://www.wikidata.org/entity/Q6452410,Christian music,1985-01-01T00:00:00Z
http://www.wikidata.org/entity/Q10283584,forró universitário,http://www.wikidata.org/entity/Q586110,forró,
http://www.wikidata.org/entity/Q10285947,frevo-canção,http://www.wikidata.org/entity/Q1455932,frevo,
http://www.wikidata.org/entity/Q10285948,frevo de bloco,http://www.wikidata.org/entity/Q1455932,frevo,
http://www.wikidata.org/entity/Q10286190,full-on,http://www.wikidata.org/entity/Q622871,psychedelic trance,1998-01-01T00:00:00Z
http://www.wikidata.org/entity/Q10286515,funk melody,http://www.wikidata.org/entity/Q211756,dance-pop,1991-01-01T00:00:00Z
http://www.wikidata.org/entity/Q10286515,funk melody,http://www.wikidata.org/entity/Q117745223,Brazilian funk,1991-01-01T00:00:00Z
http://www.wikidata.org/entity/Q10292943,guitarrada,http://www.wikidata.org/entity/Q533946,lambada,
http://www.wikidata.org/entity/Q10293901,Hardcore Continuum,http://www.wikidata.org/entity/Q851213,electronic dance music,
http://www.wikidata.org/entity/Q10296747,mood kayō,http://www.wikidata.org/entity/Q1418683,kayōkyoku,
http://www.wikidata.org/entity/Q10312897,Japanese metal,http://www.wikidata.org/entity/Q257533,music of Japan,
http://www.wikidata.org/entity/Q10312897,Japanese metal,http://www.wikidata.org/entity/Q12326776,metal music,
http://www.wikidata.org/entity/Q10316114,lambadão cuiabano,http://www.wikidata.org/entity/Q533946,lambada,
http://www.wikidata.org/entity/Q10324896,maracatu rural,http://www.wikidata.org/entity/Q1753071,maracatu,
http://www.wikidata.org/entity/Q10331354,moda de viola,http://www.wikidata.org/entity/Q106594814,sertanejo de raiz,
http://www.wikidata.org/entity/Q10334882,music of Pernambuco,http://www.wikidata.org/entity/Q899215,music of Brazil,
http://www.wikidata.org/entity/Q10334885,music of Benin,http://www.wikidata.org/entity/Q6942329,music of West Africa,
http://www.wikidata.org/entity/Q10334888,music of Burundi,http://www.wikidata.org/entity/Q106586248,music of East Africa,
http://www.wikidata.org/entity/Q10334890,music of Mali,http://www.wikidata.org/entity/Q6942329,music of West Africa,
http://www.wikidata.org/entity/Q10334892,music of Cameroon,http://www.wikidata.org/entity/Q106588687,music of Central Africa,
http://www.wikidata.org/entity/Q10334895,traditional music of Mato Grosso do Sul,http://www.wikidata.org/entity/Q106926325,Brazilian folk music,
http://www.wikidata.org/entity/Q10334896,music of Galicia,http://www.wikidata.org/entity/Q964987,music of Spain,
http://www.wikidata.org/entity/Q10334898,Brazilian indigenous music,http://www.wikidata.org/entity/Q106926276,indigenous American folk music,
http://www.wikidata.org/entity/Q10334898,Brazilian indigenous music,http://www.wikidata.org/entity/Q106926325,Brazilian folk music,
http://www.wikidata.org/entity/Q10335288,nacional-canconetismo,http://www.wikidata.org/entity/Q848399,easy listening,
http://www.wikidata.org/entity/Q10343541,pagode romântico,http://www.wikidata.org/entity/Q3360459,pagode,
http://www.wikidata.org/entity/Q10351563,ponto cantado,http://www.wikidata.org/entity/Q505343,jongo,
http://www.wikidata.org/entity/Q10354439,funk proibidão,http://www.wikidata.org/entity/Q1931130,funk carioca,1990-01-01T00:00:00Z
http://www.wikidata.org/entity/Q10360435,rhythm & grime,http://www.wikidata.org/entity/Q850412,contemporary R&B,
http://www.wikidata.org/entity/Q10360435,rhythm & grime,http://www.wikidata.org/entity/Q1166726,grime,
http://www.wikidata.org/entity/Q10363599,Brazilian Christian rock,http://www.wikidata.org/entity/Q753520,Christian rock,
http://www.wikidata.org/entity/Q10363610,Bosnian and Herzegovinian rock,http://www.wikidata.org/entity/Q11399,rock music,1965-01-01T00:00:00Z
http://www.wikidata.org/entity/Q10363610,Bosnian and Herzegovinian rock,http://www.wikidata.org/entity/Q3328608,music of Bosnia and Herzegovina,1965-01-01T00:00:00Z
http://www.wikidata.org/entity/Q10363654,roda de samba,http://www.wikidata.org/entity/Q899215,music of Brazil,
http://www.wikidata.org/entity/Q10363654,roda de samba,http://www.wikidata.org/entity/Q1049625,musical improvisation,
http://www.wikidata.org/entity/Q10366208,gezi,http://www.wikidata.org/entity/Q51446080,Chinese traditional music,
http://www.wikidata.org/entity/Q10367216,samba-batido,http://www.wikidata.org/entity/Q11403,samba,
http://www.wikidata.org/entity/Q10367217,samba-choro,http://www.wikidata.org/entity/Q11403,samba,
http://www.wikidata.org/entity/Q10367218,samba-chulado,http://www.wikidata.org/entity/Q9300201,samba de roda,
http://www.wikidata.org/entity/Q10367219,samba-corrido,http://www.wikidata.org/entity/Q9300201,samba de roda,
http://www.wikidata.org/entity/Q10367220,samba-exaltação,http://www.wikidata.org/entity/Q11403,samba,
http://www.wikidata.org/entity/Q10367221,samba-funk,http://www.wikidata.org/entity/Q11403,samba,1960-01-01T00:00:00Z
http://www.wikidata.org/entity/Q10367221,samba-funk,http://www.wikidata.org/entity/Q164444,funk,1960-01-01T00:00:00Z
http://www.wikidata.org/entity/Q10367222,samba-joia,http://www.wikidata.org/entity/Q11403,samba,
http://www.wikidata.org/entity/Q10367223,samba-maxixe,http://www.wikidata.org/entity/Q11403,samba,
http://www.wikidata.org/entity/Q10367224,samba-raiado,http://www.wikidata.org/entity/Q9300201,samba de roda,
http://www.wikidata.org/entity/Q10367226,samba-sincopado,http://www.wikidata.org/entity/Q11403,samba,
http://www.wikidata.org/entity/Q9734,symphony,,,1600-01-01T00:00:00Z
http://www.wikidata.org/entity/Q9748,concerto,,,
http://www.wikidata.org/entity/Q9778,electronic music,,,1920-01-01T00:00:00Z
http://www.wikidata.org/entity/Q18846,ancient music,,,
http://www.wikidata.org/entity/Q41270,cavatina,,,
http://www.wikidata.org/entity/Q42201,independent music,,,
http://www.wikidata.org/entity/Q43343,folk music,,,
