genre,genreLabel,page_titleEN,article
http://www.wikidata.org/entity/Q179465,polyphony,Polyphony,https://en.wikipedia.org/wiki/Polyphony
http://www.wikidata.org/entity/Q178145,gothic metal,Gothic metal,https://en.wikipedia.org/wiki/Gothic_metal
http://www.wikidata.org/entity/Q1344,opera,Opera,https://en.wikipedia.org/wiki/Opera
http://www.wikidata.org/entity/Q3071,punk rock,Punk rock,https://en.wikipedia.org/wiki/Punk_rock
http://www.wikidata.org/entity/Q2743,musical play,Musical theatre,https://en.wikipedia.org/wiki/Musical_theatre
http://www.wikidata.org/entity/Q235858,traditional folk music,Traditional folk music,https://en.wikipedia.org/wiki/Traditional_folk_music
http://www.wikidata.org/entity/Q227045,zouk,Zouk,https://en.wikipedia.org/wiki/Zouk
http://www.wikidata.org/entity/Q572901,minimalist music,Minimal music,https://en.wikipedia.org/wiki/Minimal_music
http://www.wikidata.org/entity/Q572717,music of Jamaica,Music of Jamaica,https://en.wikipedia.org/wiki/Music_of_Jamaica
http://www.wikidata.org/entity/Q556959,mbalax,Mbalax,https://en.wikipedia.org/wiki/Mbalax
http://www.wikidata.org/entity/Q567915,gigue,Gigue,https://en.wikipedia.org/wiki/Gigue
http://www.wikidata.org/entity/Q564848,aria di sorbetto,Aria di sorbetto,https://en.wikipedia.org/wiki/Aria_di_sorbetto
http://www.wikidata.org/entity/Q183862,metalcore,Metalcore,https://en.wikipedia.org/wiki/Metalcore
http://www.wikidata.org/entity/Q8341,jazz,Jazz,https://en.wikipedia.org/wiki/Jazz
http://www.wikidata.org/entity/Q185162,Latin rock,Latin rock,https://en.wikipedia.org/wiki/Latin_rock
http://www.wikidata.org/entity/Q251192,downtempo,Downtempo,https://en.wikipedia.org/wiki/Downtempo
http://www.wikidata.org/entity/Q252626,jota,Jota (music),https://en.wikipedia.org/wiki/Jota_(music)
http://www.wikidata.org/entity/Q252833,Alpine folk music,Alpine folk music,https://en.wikipedia.org/wiki/Alpine_folk_music
http://www.wikidata.org/entity/Q253137,rock opera,Rock opera,https://en.wikipedia.org/wiki/Rock_opera
http://www.wikidata.org/entity/Q187760,new wave,New wave music,https://en.wikipedia.org/wiki/New_wave_music
http://www.wikidata.org/entity/Q9734,symphony,Symphony,https://en.wikipedia.org/wiki/Symphony
http://www.wikidata.org/entity/Q271802,symphonic poem,Symphonic poem,https://en.wikipedia.org/wiki/Symphonic_poem
http://www.wikidata.org/entity/Q268673,music of the United Kingdom,Music of the United Kingdom,https://en.wikipedia.org/wiki/Music_of_the_United_Kingdom
http://www.wikidata.org/entity/Q436016,early music,Early music,https://en.wikipedia.org/wiki/Early_music
http://www.wikidata.org/entity/Q431415,tejano music,Tejano music,https://en.wikipedia.org/wiki/Tejano_music
http://www.wikidata.org/entity/Q438476,alternative country,Alternative country,https://en.wikipedia.org/wiki/Alternative_country
http://www.wikidata.org/entity/Q438503,alternative hip-hop,Alternative hip-hop,https://en.wikipedia.org/wiki/Alternative_hip-hop
http://www.wikidata.org/entity/Q591990,jazz standard,Jazz standard,https://en.wikipedia.org/wiki/Jazz_standard
http://www.wikidata.org/entity/Q590662,bend-skin,Bend-skin,https://en.wikipedia.org/wiki/Bend-skin
http://www.wikidata.org/entity/Q272167,shoegaze,Shoegaze,https://en.wikipedia.org/wiki/Shoegaze
http://www.wikidata.org/entity/Q188237,music of Cape Verde,Music of Cape Verde,https://en.wikipedia.org/wiki/Music_of_Cape_Verde
http://www.wikidata.org/entity/Q268253,neo soul,Neo soul,https://en.wikipedia.org/wiki/Neo_soul
http://www.wikidata.org/entity/Q188285,motet,Motet,https://en.wikipedia.org/wiki/Motet
http://www.wikidata.org/entity/Q592807,music of Bhutan,Music of Bhutan,https://en.wikipedia.org/wiki/Music_of_Bhutan
http://www.wikidata.org/entity/Q597240,New Romantic,New Romantic,https://en.wikipedia.org/wiki/New_Romantic
http://www.wikidata.org/entity/Q592060,free improvisation,Free improvisation,https://en.wikipedia.org/wiki/Free_improvisation
http://www.wikidata.org/entity/Q592330,dream pop,Dream pop,https://en.wikipedia.org/wiki/Dream_pop
http://www.wikidata.org/entity/Q597493,chacarera,Chacarera,https://en.wikipedia.org/wiki/Chacarera
http://www.wikidata.org/entity/Q598593,tech house,Tech house,https://en.wikipedia.org/wiki/Tech_house
http://www.wikidata.org/entity/Q9730,classical music,Classical music,https://en.wikipedia.org/wiki/Classical_music
http://www.wikidata.org/entity/Q8361,Baroque music,Baroque music,https://en.wikipedia.org/wiki/Baroque_music
http://www.wikidata.org/entity/Q598929,post-punk,Post-punk,https://en.wikipedia.org/wiki/Post-punk
http://www.wikidata.org/entity/Q185298,a cappella,A cappella,https://en.wikipedia.org/wiki/A_cappella
http://www.wikidata.org/entity/Q185652,ragtime,Ragtime,https://en.wikipedia.org/wiki/Ragtime
http://www.wikidata.org/entity/Q185676,fado,Fado,https://en.wikipedia.org/wiki/Fado
http://www.wikidata.org/entity/Q186170,doom metal,Doom metal,https://en.wikipedia.org/wiki/Doom_metal
http://www.wikidata.org/entity/Q185858,Franco-Flemish School,Franco-Flemish School,https://en.wikipedia.org/wiki/Franco-Flemish_School
http://www.wikidata.org/entity/Q186472,folk rock,Folk rock,https://en.wikipedia.org/wiki/Folk_rock
http://www.wikidata.org/entity/Q9748,concerto,Concerto,https://en.wikipedia.org/wiki/Concerto
http://www.wikidata.org/entity/Q9759,blues,Blues,https://en.wikipedia.org/wiki/Blues
http://www.wikidata.org/entity/Q574651,anti-folk,Anti-folk,https://en.wikipedia.org/wiki/Anti-folk
http://www.wikidata.org/entity/Q574784,lauda,Lauda (song),https://en.wikipedia.org/wiki/Lauda_(song)
http://www.wikidata.org/entity/Q577996,descant,Descant,https://en.wikipedia.org/wiki/Descant
http://www.wikidata.org/entity/Q188534,grindcore,Grindcore,https://en.wikipedia.org/wiki/Grindcore
http://www.wikidata.org/entity/Q188450,electropop,Electropop,https://en.wikipedia.org/wiki/Electropop
http://www.wikidata.org/entity/Q254866,Schuhplattler,Schuhplattler,https://en.wikipedia.org/wiki/Schuhplattler
http://www.wikidata.org/entity/Q253918,melodic death metal,Melodic death metal,https://en.wikipedia.org/wiki/Melodic_death_metal
http://www.wikidata.org/entity/Q9764,flamenco,Flamenco,https://en.wikipedia.org/wiki/Flamenco
http://www.wikidata.org/entity/Q263524,Tswana music,Tswana music,https://en.wikipedia.org/wiki/Tswana_music
http://www.wikidata.org/entity/Q263734,nu metal,Nu metal,https://en.wikipedia.org/wiki/Nu_metal
http://www.wikidata.org/entity/Q262533,dithyramb,Dithyramb,https://en.wikipedia.org/wiki/Dithyramb
http://www.wikidata.org/entity/Q188539,glam metal,Glam metal,https://en.wikipedia.org/wiki/Glam_metal
http://www.wikidata.org/entity/Q444340,crab canon,Crab canon,https://en.wikipedia.org/wiki/Crab_canon
http://www.wikidata.org/entity/Q446241,neo-medieval music,Neo-medieval music,https://en.wikipedia.org/wiki/Neo-medieval_music
http://www.wikidata.org/entity/Q277393,music of China,Music of China,https://en.wikipedia.org/wiki/Music_of_China
http://www.wikidata.org/entity/Q447962,swing revival,Swing revival,https://en.wikipedia.org/wiki/Swing_revival
http://www.wikidata.org/entity/Q448738,ensalada,Ensalada (music),https://en.wikipedia.org/wiki/Ensalada_(music)
http://www.wikidata.org/entity/Q469343,UK rap,UK rap,https://en.wikipedia.org/wiki/UK_rap
http://www.wikidata.org/entity/Q599510,romance,Romance (music),https://en.wikipedia.org/wiki/Romance_(music)
http://www.wikidata.org/entity/Q466445,American primitive guitar,American primitive guitar,https://en.wikipedia.org/wiki/American_primitive_guitar
http://www.wikidata.org/entity/Q600094,paean,Paean,https://en.wikipedia.org/wiki/Paean
http://www.wikidata.org/entity/Q601235,hip house,Hip house,https://en.wikipedia.org/wiki/Hip_house
http://www.wikidata.org/entity/Q599877,organum,Organum,https://en.wikipedia.org/wiki/Organum
http://www.wikidata.org/entity/Q602498,nazi punk,Nazi punk,https://en.wikipedia.org/wiki/Nazi_punk
http://www.wikidata.org/entity/Q180268,gospel music,Gospel music,https://en.wikipedia.org/wiki/Gospel_music
http://www.wikidata.org/entity/Q264922,jingle,Jingle,https://en.wikipedia.org/wiki/Jingle
http://www.wikidata.org/entity/Q267287,Dunedin sound,Dunedin sound,https://en.wikipedia.org/wiki/Dunedin_sound
http://www.wikidata.org/entity/Q573484,rocksteady,Rocksteady,https://en.wikipedia.org/wiki/Rocksteady
http://www.wikidata.org/entity/Q264289,sophisti-pop,Sophisti-pop,https://en.wikipedia.org/wiki/Sophisti-pop
http://www.wikidata.org/entity/Q7749,rock and roll,Rock and roll,https://en.wikipedia.org/wiki/Rock_and_roll
http://www.wikidata.org/entity/Q604748,responsory,Responsory,https://en.wikipedia.org/wiki/Responsory
http://www.wikidata.org/entity/Q602561,electro swing,Electro swing,https://en.wikipedia.org/wiki/Electro_swing
http://www.wikidata.org/entity/Q602646,comedy hip-hop,Comedy hip-hop,https://en.wikipedia.org/wiki/Comedy_hip-hop
http://www.wikidata.org/entity/Q602859,Lamentations of Jeremiah the Prophet,Lamentations of Jeremiah the Prophet,https://en.wikipedia.org/wiki/Lamentations_of_Jeremiah_the_Prophet
http://www.wikidata.org/entity/Q586110,forró,Forró,https://en.wikipedia.org/wiki/Forr%C3%B3
http://www.wikidata.org/entity/Q585588,Khaliji,Khaliji (music),https://en.wikipedia.org/wiki/Khaliji_(music)
http://www.wikidata.org/entity/Q582093,antiphon,Antiphon,https://en.wikipedia.org/wiki/Antiphon
http://www.wikidata.org/entity/Q584752,pornogrind,Pornogrind,https://en.wikipedia.org/wiki/Pornogrind
http://www.wikidata.org/entity/Q274401,oi!,Oi!,https://en.wikipedia.org/wiki/Oi!
http://www.wikidata.org/entity/Q188994,drum and bass,Drum and bass,https://en.wikipedia.org/wiki/Drum_and_bass
http://www.wikidata.org/entity/Q250090,Ruba'i,Ruba'i,https://en.wikipedia.org/wiki/Ruba%27i
http://www.wikidata.org/entity/Q245296,zydeco,Zydeco,https://en.wikipedia.org/wiki/Zydeco
http://www.wikidata.org/entity/Q245931,music of Cyprus,Music of Cyprus,https://en.wikipedia.org/wiki/Music_of_Cyprus
http://www.wikidata.org/entity/Q180853,pavane,Pavane,https://en.wikipedia.org/wiki/Pavane
http://www.wikidata.org/entity/Q181010,hard bop,Hard bop,https://en.wikipedia.org/wiki/Hard_bop
http://www.wikidata.org/entity/Q458480,neotraditional country,Neotraditional country,https://en.wikipedia.org/wiki/Neotraditional_country
http://www.wikidata.org/entity/Q455686,samba reggae,Samba reggae,https://en.wikipedia.org/wiki/Samba_reggae
http://www.wikidata.org/entity/Q460674,ska punk,Ska punk,https://en.wikipedia.org/wiki/Ska_punk
http://www.wikidata.org/entity/Q461064,music in advertising,Music in advertising,https://en.wikipedia.org/wiki/Music_in_advertising
http://www.wikidata.org/entity/Q454071,German hip-hop,German hip-hop,https://en.wikipedia.org/wiki/German_hip-hop
http://www.wikidata.org/entity/Q257533,music of Japan,Music of Japan,https://en.wikipedia.org/wiki/Music_of_Japan
http://www.wikidata.org/entity/Q260095,ultra,Ultra (music),https://en.wikipedia.org/wiki/Ultra_(music)
http://www.wikidata.org/entity/Q254890,nova cançó,Nova Cançó,https://en.wikipedia.org/wiki/Nova_Can%C3%A7%C3%B3
http://www.wikidata.org/entity/Q255406,jazz rap,Jazz rap,https://en.wikipedia.org/wiki/Jazz_rap
http://www.wikidata.org/entity/Q546206,Miami bass,Miami bass,https://en.wikipedia.org/wiki/Miami_bass
http://www.wikidata.org/entity/Q430075,maxixe,Maxixe (dance),https://en.wikipedia.org/wiki/Maxixe_(dance)
http://www.wikidata.org/entity/Q546264,beat music,Beat music,https://en.wikipedia.org/wiki/Beat_music
http://www.wikidata.org/entity/Q544440,Indian film music,Indian film music,https://en.wikipedia.org/wiki/Indian_film_music
http://www.wikidata.org/entity/Q388475,Cuban rumba,Cuban rumba,https://en.wikipedia.org/wiki/Cuban_rumba
http://www.wikidata.org/entity/Q388906,hardcore,Hardcore (electronic dance music genre),https://en.wikipedia.org/wiki/Hardcore_(electronic_dance_music_genre)
http://www.wikidata.org/entity/Q464129,mariachi,Mariachi,https://en.wikipedia.org/wiki/Mariachi
http://www.wikidata.org/entity/Q465978,extreme metal,Extreme metal,https://en.wikipedia.org/wiki/Extreme_metal
http://www.wikidata.org/entity/Q461406,change ringing,Change ringing,https://en.wikipedia.org/wiki/Change_ringing
http://www.wikidata.org/entity/Q181014,fugue,Fugue,https://en.wikipedia.org/wiki/Fugue
http://www.wikidata.org/entity/Q9778,electronic music,Electronic music,https://en.wikipedia.org/wiki/Electronic_music
http://www.wikidata.org/entity/Q546359,doo-wop,Doo-wop,https://en.wikipedia.org/wiki/Doo-wop
http://www.wikidata.org/entity/Q547137,Latin pop,Latin pop,https://en.wikipedia.org/wiki/Latin_pop
http://www.wikidata.org/entity/Q6010,rapping,Rapping,https://en.wikipedia.org/wiki/Rapping
http://www.wikidata.org/entity/Q4797,conjunto,Conjunto,https://en.wikipedia.org/wiki/Conjunto
http://www.wikidata.org/entity/Q3858,music of Israel,Music of Israel,https://en.wikipedia.org/wiki/Music_of_Israel
http://www.wikidata.org/entity/Q407916,air de cour,Air de cour,https://en.wikipedia.org/wiki/Air_de_cour
http://www.wikidata.org/entity/Q389372,jeongak,Jeongak,https://en.wikipedia.org/wiki/Jeongak
http://www.wikidata.org/entity/Q389631,jumpstyle,Jumpstyle,https://en.wikipedia.org/wiki/Jumpstyle
http://www.wikidata.org/entity/Q389993,intuitive music,Intuitive music,https://en.wikipedia.org/wiki/Intuitive_music
http://www.wikidata.org/entity/Q406714,air,Air (music),https://en.wikipedia.org/wiki/Air_(music)
http://www.wikidata.org/entity/Q183016,ska jazz,Ska jazz,https://en.wikipedia.org/wiki/Ska_jazz
http://www.wikidata.org/entity/Q181861,noise rock,Noise rock,https://en.wikipedia.org/wiki/Noise_rock
http://www.wikidata.org/entity/Q181897,stride piano,Stride (music),https://en.wikipedia.org/wiki/Stride_(music)
http://www.wikidata.org/entity/Q183504,indie rock,Indie rock,https://en.wikipedia.org/wiki/Indie_rock
http://www.wikidata.org/entity/Q189201,chamber music,Chamber music,https://en.wikipedia.org/wiki/Chamber_music
http://www.wikidata.org/entity/Q9794,reggae,Reggae,https://en.wikipedia.org/wiki/Reggae
http://www.wikidata.org/entity/Q10926,emo,Emo,https://en.wikipedia.org/wiki/Emo
http://www.wikidata.org/entity/Q10922,hardcore punk,Hardcore punk,https://en.wikipedia.org/wiki/Hardcore_punk
http://www.wikidata.org/entity/Q236913,space rock,Space rock,https://en.wikipedia.org/wiki/Space_rock
http://www.wikidata.org/entity/Q193217,madrigal,Madrigal,https://en.wikipedia.org/wiki/Madrigal
http://www.wikidata.org/entity/Q193207,ambient music,Ambient music,https://en.wikipedia.org/wiki/Ambient_music
http://www.wikidata.org/entity/Q189045,Britpop,Britpop,https://en.wikipedia.org/wiki/Britpop
http://www.wikidata.org/entity/Q239459,trip rock,Trip rock,https://en.wikipedia.org/wiki/Trip_rock
http://www.wikidata.org/entity/Q241662,groove metal,Groove metal,https://en.wikipedia.org/wiki/Groove_metal
http://www.wikidata.org/entity/Q236932,acid rock,Acid rock,https://en.wikipedia.org/wiki/Acid_rock
http://www.wikidata.org/entity/Q11365,grunge,Grunge,https://en.wikipedia.org/wiki/Grunge
http://www.wikidata.org/entity/Q11363,screamo,Screamo,https://en.wikipedia.org/wiki/Screamo
http://www.wikidata.org/entity/Q420883,LGBT hip hop,LGBTQ representation in hip-hop,https://en.wikipedia.org/wiki/LGBTQ_representation_in_hip-hop
http://www.wikidata.org/entity/Q427183,music of Puerto Rico,Music of Puerto Rico,https://en.wikipedia.org/wiki/Music_of_Puerto_Rico
http://www.wikidata.org/entity/Q423918,acousmatic music,Acousmatic music,https://en.wikipedia.org/wiki/Acousmatic_music
http://www.wikidata.org/entity/Q428656,album-oriented rock,Album-oriented rock,https://en.wikipedia.org/wiki/Album-oriented_rock
http://www.wikidata.org/entity/Q429264,West Coast hip-hop,West Coast hip-hop,https://en.wikipedia.org/wiki/West_Coast_hip-hop
http://www.wikidata.org/entity/Q278409,Hokkien pop,Hokkien pop,https://en.wikipedia.org/wiki/Hokkien_pop
http://www.wikidata.org/entity/Q193355,blues rock,Blues rock,https://en.wikipedia.org/wiki/Blues_rock
http://www.wikidata.org/entity/Q320592,Krautrock,Krautrock,https://en.wikipedia.org/wiki/Krautrock
http://www.wikidata.org/entity/Q318973,Abendmusik,Abendmusik,https://en.wikipedia.org/wiki/Abendmusik
http://www.wikidata.org/entity/Q193605,lullaby,Lullaby,https://en.wikipedia.org/wiki/Lullaby
http://www.wikidata.org/entity/Q11399,rock music,Rock music,https://en.wikipedia.org/wiki/Rock_music
http://www.wikidata.org/entity/Q194172,nocturne,Nocturne,https://en.wikipedia.org/wiki/Nocturne
http://www.wikidata.org/entity/Q324617,tarantella,Tarantella,https://en.wikipedia.org/wiki/Tarantella
http://www.wikidata.org/entity/Q476091,slow jam,Slow jam,https://en.wikipedia.org/wiki/Slow_jam
http://www.wikidata.org/entity/Q476983,synth-punk,Synth-punk,https://en.wikipedia.org/wiki/Synth-punk
http://www.wikidata.org/entity/Q11366,alternative rock,Alternative rock,https://en.wikipedia.org/wiki/Alternative_rock
http://www.wikidata.org/entity/Q11401,hip-hop,Hip-hop,https://en.wikipedia.org/wiki/Hip-hop
http://www.wikidata.org/entity/Q325397,indietronica,Indietronica,https://en.wikipedia.org/wiki/Indietronica
http://www.wikidata.org/entity/Q327547,cool jazz,Cool jazz,https://en.wikipedia.org/wiki/Cool_jazz
http://www.wikidata.org/entity/Q325504,electronic rock,Electronic rock,https://en.wikipedia.org/wiki/Electronic_rock
http://www.wikidata.org/entity/Q280955,German jazz,German jazz,https://en.wikipedia.org/wiki/German_jazz
http://www.wikidata.org/entity/Q281111,ghazal,Ghazal,https://en.wikipedia.org/wiki/Ghazal
http://www.wikidata.org/entity/Q478176,piphat,Piphat,https://en.wikipedia.org/wiki/Piphat
http://www.wikidata.org/entity/Q482981,pansori,Pansori,https://en.wikipedia.org/wiki/Pansori
http://www.wikidata.org/entity/Q481900,acid trance,Acid trance,https://en.wikipedia.org/wiki/Acid_trance
http://www.wikidata.org/entity/Q483251,death metal,Death metal,https://en.wikipedia.org/wiki/Death_metal
http://www.wikidata.org/entity/Q194492,gamelan,Gamelan,https://en.wikipedia.org/wiki/Gamelan
http://www.wikidata.org/entity/Q196999,Zeuhl,Zeuhl,https://en.wikipedia.org/wiki/Zeuhl
http://www.wikidata.org/entity/Q484179,folk metal,Folk metal,https://en.wikipedia.org/wiki/Folk_metal
http://www.wikidata.org/entity/Q483740,Anatolian rock,Anatolian rock,https://en.wikipedia.org/wiki/Anatolian_rock
http://www.wikidata.org/entity/Q199415,ziglibithy,Ziglibithy,https://en.wikipedia.org/wiki/Ziglibithy
http://www.wikidata.org/entity/Q202287,overture,Overture,https://en.wikipedia.org/wiki/Overture
http://www.wikidata.org/entity/Q201405,Renaissance music,Renaissance music,https://en.wikipedia.org/wiki/Renaissance_music
http://www.wikidata.org/entity/Q484344,progressive metal,Progressive metal,https://en.wikipedia.org/wiki/Progressive_metal
http://www.wikidata.org/entity/Q483352,thrash metal,Thrash metal,https://en.wikipedia.org/wiki/Thrash_metal
http://www.wikidata.org/entity/Q286080,acoustic music,Acoustic music,https://en.wikipedia.org/wiki/Acoustic_music
http://www.wikidata.org/entity/Q284543,ethereal wave,Ethereal wave,https://en.wikipedia.org/wiki/Ethereal_wave
http://www.wikidata.org/entity/Q283405,punta,Punta,https://en.wikipedia.org/wiki/Punta
http://www.wikidata.org/entity/Q282131,merengue,Merengue music,https://en.wikipedia.org/wiki/Merengue_music
http://www.wikidata.org/entity/Q316930,dance music,Dance music,https://en.wikipedia.org/wiki/Dance_music
http://www.wikidata.org/entity/Q310871,lowercase,Lowercase (music),https://en.wikipedia.org/wiki/Lowercase_(music)
http://www.wikidata.org/entity/Q288901,Jarana Yucateca,Jarana yucateca,https://en.wikipedia.org/wiki/Jarana_yucateca
http://www.wikidata.org/entity/Q290869,son montuno,Son montuno,https://en.wikipedia.org/wiki/Son_montuno
http://www.wikidata.org/entity/Q289505,music of Rajasthan,Music of Rajasthan,https://en.wikipedia.org/wiki/Music_of_Rajasthan
http://www.wikidata.org/entity/Q288824,galliard,Galliard,https://en.wikipedia.org/wiki/Galliard
http://www.wikidata.org/entity/Q202930,reggaeton,Reggaeton,https://en.wikipedia.org/wiki/Reggaeton
http://www.wikidata.org/entity/Q202925,tribal house,Tribal house,https://en.wikipedia.org/wiki/Tribal_house
http://www.wikidata.org/entity/Q202919,berceuse,Berceuse,https://en.wikipedia.org/wiki/Berceuse
http://www.wikidata.org/entity/Q613408,country rock,Country rock,https://en.wikipedia.org/wiki/Country_rock
http://www.wikidata.org/entity/Q613707,expressionist music,Expressionist music,https://en.wikipedia.org/wiki/Expressionist_music
http://www.wikidata.org/entity/Q469630,Canadian hip-hop,Canadian hip-hop,https://en.wikipedia.org/wiki/Canadian_hip-hop
http://www.wikidata.org/entity/Q473602,music of Poland,Music of Poland,https://en.wikipedia.org/wiki/Music_of_Poland
http://www.wikidata.org/entity/Q470611,Italian hip-hop,Italian hip-hop,https://en.wikipedia.org/wiki/Italian_hip-hop
http://www.wikidata.org/entity/Q484641,pop rock,Pop rock,https://en.wikipedia.org/wiki/Pop_rock
http://www.wikidata.org/entity/Q620979,Appenzeller string music,Appenzeller string music,https://en.wikipedia.org/wiki/Appenzeller_string_music
http://www.wikidata.org/entity/Q622871,psychedelic trance,Psychedelic trance,https://en.wikipedia.org/wiki/Psychedelic_trance
http://www.wikidata.org/entity/Q203720,rockabilly,Rockabilly,https://en.wikipedia.org/wiki/Rockabilly
http://www.wikidata.org/entity/Q20474,dubstep,Dubstep,https://en.wikipedia.org/wiki/Dubstep
http://www.wikidata.org/entity/Q623823,arabesque,Arabesque (classical music),https://en.wikipedia.org/wiki/Arabesque_(classical_music)
http://www.wikidata.org/entity/Q623824,arabesque,Arabesque (Turkish music),https://en.wikipedia.org/wiki/Arabesque_(Turkish_music)
http://www.wikidata.org/entity/Q623715,aleatoric music,Aleatoric music,https://en.wikipedia.org/wiki/Aleatoric_music
http://www.wikidata.org/entity/Q474027,dancehall,Dancehall,https://en.wikipedia.org/wiki/Dancehall
http://www.wikidata.org/entity/Q606089,skiffle,Skiffle,https://en.wikipedia.org/wiki/Skiffle
http://www.wikidata.org/entity/Q475221,deathcore,Deathcore,https://en.wikipedia.org/wiki/Deathcore
http://www.wikidata.org/entity/Q360596,disco house,Disco house,https://en.wikipedia.org/wiki/Disco_house
http://www.wikidata.org/entity/Q369820,music of Africa,Music of Africa,https://en.wikipedia.org/wiki/Music_of_Africa
http://www.wikidata.org/entity/Q367751,pachanga,Pachanga,https://en.wikipedia.org/wiki/Pachanga
http://www.wikidata.org/entity/Q361164,Wienerlied,Wienerlied,https://en.wikipedia.org/wiki/Wienerlied
http://www.wikidata.org/entity/Q370142,cabaletta,Cabaletta,https://en.wikipedia.org/wiki/Cabaletta
http://www.wikidata.org/entity/Q615455,lhamo,Lhamo,https://en.wikipedia.org/wiki/Lhamo
http://www.wikidata.org/entity/Q615418,sonorism,Sonorism,https://en.wikipedia.org/wiki/Sonorism
http://www.wikidata.org/entity/Q613874,neoclassical new-age music,Neoclassical new-age music,https://en.wikipedia.org/wiki/Neoclassical_new-age_music
http://www.wikidata.org/entity/Q616425,pirekua,Pirekua,https://en.wikipedia.org/wiki/Pirekua
http://www.wikidata.org/entity/Q616679,mathcore,Mathcore,https://en.wikipedia.org/wiki/Mathcore
http://www.wikidata.org/entity/Q205978,circus music,Circus music,https://en.wikipedia.org/wiki/Circus_music
http://www.wikidata.org/entity/Q206159,psychedelic rock,Psychedelic rock,https://en.wikipedia.org/wiki/Psychedelic_rock
http://www.wikidata.org/entity/Q608490,music of Namibia,Music of Namibia,https://en.wikipedia.org/wiki/Music_of_Namibia
http://www.wikidata.org/entity/Q608862,anime song,Anime song,https://en.wikipedia.org/wiki/Anime_song
http://www.wikidata.org/entity/Q606393,Hi-NRG,Hi-NRG,https://en.wikipedia.org/wiki/Hi-NRG
http://www.wikidata.org/entity/Q610022,kaseko,Kaseko,https://en.wikipedia.org/wiki/Kaseko
http://www.wikidata.org/entity/Q623904,Andalusi classical music,Andalusi classical music,https://en.wikipedia.org/wiki/Andalusi_classical_music
http://www.wikidata.org/entity/Q624044,Arabic music,Arabic music,https://en.wikipedia.org/wiki/Arabic_music
http://www.wikidata.org/entity/Q624081,Arabic pop,Arabic pop,https://en.wikipedia.org/wiki/Arabic_pop
http://www.wikidata.org/entity/Q617240,stoner rock,Stoner rock,https://en.wikipedia.org/wiki/Stoner_rock
http://www.wikidata.org/entity/Q617338,apala,Apala,https://en.wikipedia.org/wiki/Apala
http://www.wikidata.org/entity/Q612024,contemporary classical music,Contemporary classical music,https://en.wikipedia.org/wiki/Contemporary_classical_music
http://www.wikidata.org/entity/Q207683,canzona,Canzona,https://en.wikipedia.org/wiki/Canzona
http://www.wikidata.org/entity/Q20502,house music,House music,https://en.wikipedia.org/wiki/House_music
http://www.wikidata.org/entity/Q370515,new wave of British heavy metal,New wave of British heavy metal,https://en.wikipedia.org/wiki/New_wave_of_British_heavy_metal
http://www.wikidata.org/entity/Q370778,twee pop,Twee pop,https://en.wikipedia.org/wiki/Twee_pop
http://www.wikidata.org/entity/Q486263,bossa nova,Bossa nova,https://en.wikipedia.org/wiki/Bossa_nova
http://www.wikidata.org/entity/Q11403,samba,Samba,https://en.wikipedia.org/wiki/Samba
http://www.wikidata.org/entity/Q643684,jukebox musical,Jukebox musical,https://en.wikipedia.org/wiki/Jukebox_musical
http://www.wikidata.org/entity/Q642983,manele,Manele,https://en.wikipedia.org/wiki/Manele
http://www.wikidata.org/entity/Q645992,music of Argentina,Music of Argentina,https://en.wikipedia.org/wiki/Music_of_Argentina
http://www.wikidata.org/entity/Q642760,Tulsa sound,Tulsa sound,https://en.wikipedia.org/wiki/Tulsa_sound
http://www.wikidata.org/entity/Q209741,programme music,Program music,https://en.wikipedia.org/wiki/Program_music
http://www.wikidata.org/entity/Q210216,concerto grosso,Concerto grosso,https://en.wikipedia.org/wiki/Concerto_grosso
http://www.wikidata.org/entity/Q207591,Romantic music,Romantic music,https://en.wikipedia.org/wiki/Romantic_music
http://www.wikidata.org/entity/Q329385,schottische,Schottische,https://en.wikipedia.org/wiki/Schottische
http://www.wikidata.org/entity/Q646528,Yugoslav new wave,Yugoslav new wave,https://en.wikipedia.org/wiki/Yugoslav_new_wave
http://www.wikidata.org/entity/Q646679,Neue Deutsche Welle,Neue Deutsche Welle,https://en.wikipedia.org/wiki/Neue_Deutsche_Welle
http://www.wikidata.org/entity/Q646026,Argentine rock,Argentine rock,https://en.wikipedia.org/wiki/Argentine_rock
http://www.wikidata.org/entity/Q211418,British Invasion,British Invasion,https://en.wikipedia.org/wiki/British_Invasion
http://www.wikidata.org/entity/Q630689,bongo flava,Bongo Flava,https://en.wikipedia.org/wiki/Bongo_Flava
http://www.wikidata.org/entity/Q637696,siciliana,Siciliana,https://en.wikipedia.org/wiki/Siciliana
http://www.wikidata.org/entity/Q631621,bertsolaritza,Bertsolaritza,https://en.wikipedia.org/wiki/Bertsolaritza
http://www.wikidata.org/entity/Q632964,tiento,Tiento,https://en.wikipedia.org/wiki/Tiento
http://www.wikidata.org/entity/Q638569,fanfare,Fanfare,https://en.wikipedia.org/wiki/Fanfare
http://www.wikidata.org/entity/Q627181,industrial folk music,Industrial folk music,https://en.wikipedia.org/wiki/Industrial_folk_music
http://www.wikidata.org/entity/Q624221,Arabic hip-hop,Arabic hip-hop,https://en.wikipedia.org/wiki/Arabic_hip-hop
http://www.wikidata.org/entity/Q627906,electro house,Electro house,https://en.wikipedia.org/wiki/Electro_house
http://www.wikidata.org/entity/Q207841,étude,Étude,https://en.wikipedia.org/wiki/%C3%89tude
http://www.wikidata.org/entity/Q208239,salsa,Salsa music,https://en.wikipedia.org/wiki/Salsa_music
http://www.wikidata.org/entity/Q486365,anarcho-punk,Anarcho-punk,https://en.wikipedia.org/wiki/Anarcho-punk
http://www.wikidata.org/entity/Q486415,symphonic metal,Symphonic metal,https://en.wikipedia.org/wiki/Symphonic_metal
http://www.wikidata.org/entity/Q23965,music of Uruguay,Music of Uruguay,https://en.wikipedia.org/wiki/Music_of_Uruguay
http://www.wikidata.org/entity/Q24383,German rock,Rock music in Germany,https://en.wikipedia.org/wiki/Rock_music_in_Germany
http://www.wikidata.org/entity/Q25116,Argentine tango,Argentine tango,https://en.wikipedia.org/wiki/Argentine_tango
http://www.wikidata.org/entity/Q20903,brostep,Brostep,https://en.wikipedia.org/wiki/Brostep
http://www.wikidata.org/entity/Q21092,moombahton,Moombahton,https://en.wikipedia.org/wiki/Moombahton
http://www.wikidata.org/entity/Q208341,pasodoble,Pasodoble,https://en.wikipedia.org/wiki/Pasodoble
http://www.wikidata.org/entity/Q208494,industrial metal,Industrial metal,https://en.wikipedia.org/wiki/Industrial_metal
http://www.wikidata.org/entity/Q12302,bagad,Bagad,https://en.wikipedia.org/wiki/Bagad
http://www.wikidata.org/entity/Q17723,Classical period,Classical period (music),https://en.wikipedia.org/wiki/Classical_period_(music)
http://www.wikidata.org/entity/Q203775,swing,Swing music,https://en.wikipedia.org/wiki/Swing_music
http://www.wikidata.org/entity/Q373342,popular music,Popular music,https://en.wikipedia.org/wiki/Popular_music
http://www.wikidata.org/entity/Q372103,electronic body music,Electronic body music,https://en.wikipedia.org/wiki/Electronic_body_music
http://www.wikidata.org/entity/Q371745,timba,Timba,https://en.wikipedia.org/wiki/Timba
http://www.wikidata.org/entity/Q640097,electric blues,Electric blues,https://en.wikipedia.org/wiki/Electric_blues
http://www.wikidata.org/entity/Q639197,instrumental music,Instrumental,https://en.wikipedia.org/wiki/Instrumental
http://www.wikidata.org/entity/Q211573,garage rock,Garage rock,https://en.wikipedia.org/wiki/Garage_rock
http://www.wikidata.org/entity/Q211723,speed metal,Speed metal,https://en.wikipedia.org/wiki/Speed_metal
http://www.wikidata.org/entity/Q19816,batucada,Batucada,https://en.wikipedia.org/wiki/Batucada
http://www.wikidata.org/entity/Q18846,ancient music,Ancient music,https://en.wikipedia.org/wiki/Ancient_music
http://www.wikidata.org/entity/Q20378,alternative metal,Alternative metal,https://en.wikipedia.org/wiki/Alternative_metal
http://www.wikidata.org/entity/Q27190,proto-punk,Proto-punk,https://en.wikipedia.org/wiki/Proto-punk
http://www.wikidata.org/entity/Q26473,Gregorian chant,Gregorian chant,https://en.wikipedia.org/wiki/Gregorian_chant
http://www.wikidata.org/entity/Q331810,colindă,Colindă,https://en.wikipedia.org/wiki/Colind%C4%83
http://www.wikidata.org/entity/Q332478,absolute music,Absolute music,https://en.wikipedia.org/wiki/Absolute_music
http://www.wikidata.org/entity/Q484692,hymn,Hymn,https://en.wikipedia.org/wiki/Hymn
http://www.wikidata.org/entity/Q338779,accentus,Accentus,https://en.wikipedia.org/wiki/Accentus
http://www.wikidata.org/entity/Q339906,happy hardcore,Happy hardcore,https://en.wikipedia.org/wiki/Happy_hardcore
http://www.wikidata.org/entity/Q336567,cosmic disco,Afro/cosmic music,https://en.wikipedia.org/wiki/Afro/cosmic_music
http://www.wikidata.org/entity/Q487914,pop-punk,Pop-punk,https://en.wikipedia.org/wiki/Pop-punk
http://www.wikidata.org/entity/Q205049,world music,World music,https://en.wikipedia.org/wiki/World_music
http://www.wikidata.org/entity/Q204067,Swedish hip hop,Swedish hip-hop,https://en.wikipedia.org/wiki/Swedish_hip-hop
http://www.wikidata.org/entity/Q355247,strathspey,Strathspey (dance),https://en.wikipedia.org/wiki/Strathspey_(dance)
http://www.wikidata.org/entity/Q341395,acid techno,Acid techno,https://en.wikipedia.org/wiki/Acid_techno
http://www.wikidata.org/entity/Q341364,acid house,Acid house,https://en.wikipedia.org/wiki/Acid_house
http://www.wikidata.org/entity/Q377185,music of the Netherlands,Music of the Netherlands,https://en.wikipedia.org/wiki/Music_of_the_Netherlands
http://www.wikidata.org/entity/Q377910,post-hardcore,Post-hardcore,https://en.wikipedia.org/wiki/Post-hardcore
http://www.wikidata.org/entity/Q373982,logobi,Logobi,https://en.wikipedia.org/wiki/Logobi
http://www.wikidata.org/entity/Q37073,pop music,Pop music,https://en.wikipedia.org/wiki/Pop_music
http://www.wikidata.org/entity/Q641357,avant-garde metal,Avant-garde metal,https://en.wikipedia.org/wiki/Avant-garde_metal
http://www.wikidata.org/entity/Q641318,medieval folk rock,Medieval folk rock,https://en.wikipedia.org/wiki/Medieval_folk_rock
http://www.wikidata.org/entity/Q205560,trip hop,Trip hop,https://en.wikipedia.org/wiki/Trip_hop
http://www.wikidata.org/entity/Q379288,kulning,Kulning,https://en.wikipedia.org/wiki/Kulning
http://www.wikidata.org/entity/Q379671,post-grunge,Post-grunge,https://en.wikipedia.org/wiki/Post-grunge
http://www.wikidata.org/entity/Q38656,jazz-funk,Jazz-funk,https://en.wikipedia.org/wiki/Jazz-funk
http://www.wikidata.org/entity/Q38848,heavy metal music,Heavy metal music,https://en.wikipedia.org/wiki/Heavy_metal_music
http://www.wikidata.org/entity/Q489913,bolero,Bolero (Spanish dance),https://en.wikipedia.org/wiki/Bolero_(Spanish_dance)
http://www.wikidata.org/entity/Q487965,industrial music,Industrial music,https://en.wikipedia.org/wiki/Industrial_music
http://www.wikidata.org/entity/Q515074,Louisiana blues,Louisiana blues,https://en.wikipedia.org/wiki/Louisiana_blues
http://www.wikidata.org/entity/Q512410,qawwali,Qawwali,https://en.wikipedia.org/wiki/Qawwali
http://www.wikidata.org/entity/Q509901,Memphis blues,Memphis blues,https://en.wikipedia.org/wiki/Memphis_blues
http://www.wikidata.org/entity/Q513357,coupé-décalé,Coupé-décalé,https://en.wikipedia.org/wiki/Coup%C3%A9-d%C3%A9cal%C3%A9
http://www.wikidata.org/entity/Q208593,sarabande,Sarabande,https://en.wikipedia.org/wiki/Sarabande
http://www.wikidata.org/entity/Q378495,Russian pop,Russian pop,https://en.wikipedia.org/wiki/Russian_pop
http://www.wikidata.org/entity/Q378988,adult contemporary music,Adult contemporary music,https://en.wikipedia.org/wiki/Adult_contemporary_music
http://www.wikidata.org/entity/Q379033,arena rock,Arena rock,https://en.wikipedia.org/wiki/Arena_rock
http://www.wikidata.org/entity/Q492264,film score,Film score,https://en.wikipedia.org/wiki/Film_score
http://www.wikidata.org/entity/Q492067,Buddhist music,Buddhist music,https://en.wikipedia.org/wiki/Buddhist_music
http://www.wikidata.org/entity/Q492096,Andean music,Andean music,https://en.wikipedia.org/wiki/Andean_music
http://www.wikidata.org/entity/Q45981,rhythm and blues,Rhythm and blues,https://en.wikipedia.org/wiki/Rhythm_and_blues
http://www.wikidata.org/entity/Q485395,gothic rock,Gothic rock,https://en.wikipedia.org/wiki/Gothic_rock
http://www.wikidata.org/entity/Q485915,trot,Trot (music),https://en.wikipedia.org/wiki/Trot_(music)
http://www.wikidata.org/entity/Q382343,Nortec,Nortec,https://en.wikipedia.org/wiki/Nortec
http://www.wikidata.org/entity/Q383103,music of Afghanistan,Music of Afghanistan,https://en.wikipedia.org/wiki/Music_of_Afghanistan
http://www.wikidata.org/entity/Q383530,afoxê,Afoxê,https://en.wikipedia.org/wiki/Afox%C3%AA
http://www.wikidata.org/entity/Q383615,street punk,Street punk,https://en.wikipedia.org/wiki/Street_punk
http://www.wikidata.org/entity/Q383982,psychedelic pop,Psychedelic pop,https://en.wikipedia.org/wiki/Psychedelic_pop
http://www.wikidata.org/entity/Q210854,ars nova,Ars nova,https://en.wikipedia.org/wiki/Ars_nova
http://www.wikidata.org/entity/Q211025,march,March (music),https://en.wikipedia.org/wiki/March_(music)
http://www.wikidata.org/entity/Q503354,Christmas carol,Christmas carol,https://en.wikipedia.org/wiki/Christmas_carol
http://www.wikidata.org/entity/Q502535,morna,Morna (music),https://en.wikipedia.org/wiki/Morna_(music)
http://www.wikidata.org/entity/Q502658,work song,Work song,https://en.wikipedia.org/wiki/Work_song
http://www.wikidata.org/entity/Q502808,xote,Xote,https://en.wikipedia.org/wiki/Xote
http://www.wikidata.org/entity/Q105513,bebop,Bebop,https://en.wikipedia.org/wiki/Bebop
http://www.wikidata.org/entity/Q85477,oratorio,Oratorio,https://en.wikipedia.org/wiki/Oratorio
http://www.wikidata.org/entity/Q647653,divertimento,Divertimento,https://en.wikipedia.org/wiki/Divertimento
http://www.wikidata.org/entity/Q648283,krakowiak,Krakowiak,https://en.wikipedia.org/wiki/Krakowiak
http://www.wikidata.org/entity/Q209137,post-rock,Post-rock,https://en.wikipedia.org/wiki/Post-rock
http://www.wikidata.org/entity/Q209498,2 tone,Two-tone (music genre),https://en.wikipedia.org/wiki/Two-tone_(music_genre)
http://www.wikidata.org/entity/Q388100,Afro house,Afro house,https://en.wikipedia.org/wiki/Afro_house
http://www.wikidata.org/entity/Q388296,Afrobeat,Afrobeat,https://en.wikipedia.org/wiki/Afrobeat
http://www.wikidata.org/entity/Q388207,African-American music,African-American music,https://en.wikipedia.org/wiki/African-American_music
http://www.wikidata.org/entity/Q496929,maloya,Maloya,https://en.wikipedia.org/wiki/Maloya
http://www.wikidata.org/entity/Q492643,trad jazz,Trad jazz,https://en.wikipedia.org/wiki/Trad_jazz
http://www.wikidata.org/entity/Q83270,hard rock,Hard rock,https://en.wikipedia.org/wiki/Hard_rock
http://www.wikidata.org/entity/Q82469,Gstanzl,Gstanzl,https://en.wikipedia.org/wiki/Gstanzl
http://www.wikidata.org/entity/Q81105,ca trù,Ca trù,https://en.wikipedia.org/wiki/Ca_tr%C3%B9
http://www.wikidata.org/entity/Q46046,baroque pop,Baroque pop,https://en.wikipedia.org/wiki/Baroque_pop
http://www.wikidata.org/entity/Q48445,mashup,Mashup (music),https://en.wikipedia.org/wiki/Mashup_(music)
http://www.wikidata.org/entity/Q47112,Albanian iso-polyphony,Albanian iso-polyphony,https://en.wikipedia.org/wiki/Albanian_iso-polyphony
http://www.wikidata.org/entity/Q118120,reel,Reel (dance),https://en.wikipedia.org/wiki/Reel_(dance)
http://www.wikidata.org/entity/Q105527,jazz fusion,Jazz fusion,https://en.wikipedia.org/wiki/Jazz_fusion
http://www.wikidata.org/entity/Q504635,crossover,Crossover music,https://en.wikipedia.org/wiki/Crossover_music
http://www.wikidata.org/entity/Q387236,African hip-hop,African hip-hop,https://en.wikipedia.org/wiki/African_hip-hop
http://www.wikidata.org/entity/Q384181,freestyle rap,Freestyle rap,https://en.wikipedia.org/wiki/Freestyle_rap
http://www.wikidata.org/entity/Q387916,twist,Twist (dance),https://en.wikipedia.org/wiki/Twist_(dance)
http://www.wikidata.org/entity/Q661651,show tune,Show tune,https://en.wikipedia.org/wiki/Show_tune
http://www.wikidata.org/entity/Q659599,art punk,Art punk,https://en.wikipedia.org/wiki/Art_punk
http://www.wikidata.org/entity/Q660984,intelligent dance music,Intelligent dance music,https://en.wikipedia.org/wiki/Intelligent_dance_music
http://www.wikidata.org/entity/Q667659,funk metal,Funk metal,https://en.wikipedia.org/wiki/Funk_metal
http://www.wikidata.org/entity/Q669738,yass,Yass (music),https://en.wikipedia.org/wiki/Yass_(music)
http://www.wikidata.org/entity/Q672134,music of France,Music of France,https://en.wikipedia.org/wiki/Music_of_France
http://www.wikidata.org/entity/Q668657,rock and roll revival,Rock and roll revival,https://en.wikipedia.org/wiki/Rock_and_roll_revival
http://www.wikidata.org/entity/Q49451,progressive rock,Progressive rock,https://en.wikipedia.org/wiki/Progressive_rock
http://www.wikidata.org/entity/Q54365,ska,Ska,https://en.wikipedia.org/wiki/Ska
http://www.wikidata.org/entity/Q649823,country blues,Country blues,https://en.wikipedia.org/wiki/Country_blues
http://www.wikidata.org/entity/Q649634,progressive folk,Progressive folk,https://en.wikipedia.org/wiki/Progressive_folk
http://www.wikidata.org/entity/Q648311,Detroit blues,Detroit blues,https://en.wikipedia.org/wiki/Detroit_blues
http://www.wikidata.org/entity/Q703778,neo-psychedelia,Neo-psychedelia,https://en.wikipedia.org/wiki/Neo-psychedelia
http://www.wikidata.org/entity/Q706468,samul nori,Samul nori,https://en.wikipedia.org/wiki/Samul_nori
http://www.wikidata.org/entity/Q700805,nanguan,Nanguan music,https://en.wikipedia.org/wiki/Nanguan_music
http://www.wikidata.org/entity/Q708228,Korean court music,Korean court music,https://en.wikipedia.org/wiki/Korean_court_music
http://www.wikidata.org/entity/Q508790,chastushka,Chastushka,https://en.wikipedia.org/wiki/Chastushka
http://www.wikidata.org/entity/Q505343,jongo,Jongo,https://en.wikipedia.org/wiki/Jongo
http://www.wikidata.org/entity/Q507246,serialism,Serialism,https://en.wikipedia.org/wiki/Serialism
http://www.wikidata.org/entity/Q56580,digital hardcore,Digital hardcore,https://en.wikipedia.org/wiki/Digital_hardcore
http://www.wikidata.org/entity/Q57143,power metal,Power metal,https://en.wikipedia.org/wiki/Power_metal
http://www.wikidata.org/entity/Q212952,boogie-woogie,Boogie-woogie,https://en.wikipedia.org/wiki/Boogie-woogie
http://www.wikidata.org/entity/Q212944,klezmer,Klezmer,https://en.wikipedia.org/wiki/Klezmer
http://www.wikidata.org/entity/Q122772,Austrian hip hop,Austrian hip-hop,https://en.wikipedia.org/wiki/Austrian_hip-hop
http://www.wikidata.org/entity/Q663979,glee,Glee (music),https://en.wikipedia.org/wiki/Glee_(music)
http://www.wikidata.org/entity/Q662791,arioso,Arioso,https://en.wikipedia.org/wiki/Arioso
http://www.wikidata.org/entity/Q663519,breakbeat,Breakbeat,https://en.wikipedia.org/wiki/Breakbeat
http://www.wikidata.org/entity/Q663833,unyago,Unyago,https://en.wikipedia.org/wiki/Unyago
http://www.wikidata.org/entity/Q58339,disco,Disco,https://en.wikipedia.org/wiki/Disco
http://www.wikidata.org/entity/Q650316,drone music,Drone music,https://en.wikipedia.org/wiki/Drone_music
http://www.wikidata.org/entity/Q658334,barcarolle,Barcarolle,https://en.wikipedia.org/wiki/Barcarolle
http://www.wikidata.org/entity/Q650505,rapso,Rapso,https://en.wikipedia.org/wiki/Rapso
http://www.wikidata.org/entity/Q655514,freestyle music,Freestyle music,https://en.wikipedia.org/wiki/Freestyle_music
http://www.wikidata.org/entity/Q677542,riot grrrl,Riot grrrl,https://en.wikipedia.org/wiki/Riot_grrrl
http://www.wikidata.org/entity/Q674684,sevdalinka,Sevdalinka,https://en.wikipedia.org/wiki/Sevdalinka
http://www.wikidata.org/entity/Q675553,swamp rock,Swamp rock,https://en.wikipedia.org/wiki/Swamp_rock
http://www.wikidata.org/entity/Q502448,coco,Coco (music),https://en.wikipedia.org/wiki/Coco_(music)
http://www.wikidata.org/entity/Q497957,nueva trova,Nueva trova,https://en.wikipedia.org/wiki/Nueva_trova
http://www.wikidata.org/entity/Q500879,reggae en Español,Reggae en Español,https://en.wikipedia.org/wiki/Reggae_en_Espa%C3%B1ol
http://www.wikidata.org/entity/Q497674,pungmul,Pungmul,https://en.wikipedia.org/wiki/Pungmul
http://www.wikidata.org/entity/Q681379,New German School,New German School,https://en.wikipedia.org/wiki/New_German_School
http://www.wikidata.org/entity/Q682417,sogak,Sogak,https://en.wikipedia.org/wiki/Sogak
http://www.wikidata.org/entity/Q2631975,chorale cantata,Chorale cantata,https://en.wikipedia.org/wiki/Chorale_cantata
http://www.wikidata.org/entity/Q2634010,acid breaks,Acid breaks,https://en.wikipedia.org/wiki/Acid_breaks
http://www.wikidata.org/entity/Q685884,vocal music,Vocal music,https://en.wikipedia.org/wiki/Vocal_music
http://www.wikidata.org/entity/Q41343,post-metal,Post-metal,https://en.wikipedia.org/wiki/Post-metal
http://www.wikidata.org/entity/Q41270,cavatina,Cavatina,https://en.wikipedia.org/wiki/Cavatina
http://www.wikidata.org/entity/Q40461,bachata,Bachata (music),https://en.wikipedia.org/wiki/Bachata_(music)
http://www.wikidata.org/entity/Q83390,acclamatio,Acclamatio,https://en.wikipedia.org/wiki/Acclamatio
http://www.wikidata.org/entity/Q83440,country music,Country music,https://en.wikipedia.org/wiki/Country_music
http://www.wikidata.org/entity/Q43343,folk music,Folk music,https://en.wikipedia.org/wiki/Folk_music
http://www.wikidata.org/entity/Q42201,independent music,Indie music,https://en.wikipedia.org/wiki/Indie_music
http://www.wikidata.org/entity/Q213572,Neue Deutsche Härte,Neue Deutsche Härte,https://en.wikipedia.org/wiki/Neue_Deutsche_H%C3%A4rte
http://www.wikidata.org/entity/Q534606,swamp blues,Swamp blues,https://en.wikipedia.org/wiki/Swamp_blues
http://www.wikidata.org/entity/Q535328,gaita zuliana,Gaita zuliana,https://en.wikipedia.org/wiki/Gaita_zuliana
http://www.wikidata.org/entity/Q213121,new age music,New-age music,https://en.wikipedia.org/wiki/New-age_music
http://www.wikidata.org/entity/Q213149,viking metal,Viking metal,https://en.wikipedia.org/wiki/Viking_metal
http://www.wikidata.org/entity/Q211781,free jazz,Free jazz,https://en.wikipedia.org/wiki/Free_jazz
http://www.wikidata.org/entity/Q211756,dance-pop,Dance-pop,https://en.wikipedia.org/wiki/Dance-pop
http://www.wikidata.org/entity/Q211745,atonality,Atonality,https://en.wikipedia.org/wiki/Atonality
http://www.wikidata.org/entity/Q59158,dhrupad,Dhrupad,https://en.wikipedia.org/wiki/Dhrupad
http://www.wikidata.org/entity/Q2741465,Calinda,Calinda,https://en.wikipedia.org/wiki/Calinda
http://www.wikidata.org/entity/Q2738469,tumba,Tumba (music),https://en.wikipedia.org/wiki/Tumba_(music)
http://www.wikidata.org/entity/Q2738113,funeral doom metal,Funeral doom,https://en.wikipedia.org/wiki/Funeral_doom
http://www.wikidata.org/entity/Q2738178,zamacueca,Zamacueca,https://en.wikipedia.org/wiki/Zamacueca
http://www.wikidata.org/entity/Q2738544,Mizrahi music,Mizrahi music,https://en.wikipedia.org/wiki/Mizrahi_music
http://www.wikidata.org/entity/Q2738838,music of Nigeria,Music of Nigeria,https://en.wikipedia.org/wiki/Music_of_Nigeria
http://www.wikidata.org/entity/Q2737175,mélodie,Mélodie,https://en.wikipedia.org/wiki/M%C3%A9lodie
http://www.wikidata.org/entity/Q212148,prelude,Prelude (music),https://en.wikipedia.org/wiki/Prelude_(music)
http://www.wikidata.org/entity/Q2713930,Italian overture,Italian overture,https://en.wikipedia.org/wiki/Italian_overture
http://www.wikidata.org/entity/Q2715283,Gypsy punk,Gypsy punk,https://en.wikipedia.org/wiki/Gypsy_punk
http://www.wikidata.org/entity/Q718540,gagaku,Gagaku,https://en.wikipedia.org/wiki/Gagaku
http://www.wikidata.org/entity/Q2707994,Catalan rumba,Catalan rumba,https://en.wikipedia.org/wiki/Catalan_rumba
http://www.wikidata.org/entity/Q2710523,ragga jungle,Ragga jungle,https://en.wikipedia.org/wiki/Ragga_jungle
http://www.wikidata.org/entity/Q131425,visual kei,Visual kei,https://en.wikipedia.org/wiki/Visual_kei
http://www.wikidata.org/entity/Q131510,mantra,Mantra,https://en.wikipedia.org/wiki/Mantra
http://www.wikidata.org/entity/Q63885,Christian punk,Christian punk,https://en.wikipedia.org/wiki/Christian_punk
http://www.wikidata.org/entity/Q62128,Khyal,Khyal,https://en.wikipedia.org/wiki/Khyal
http://www.wikidata.org/entity/Q76092,glam rock,Glam rock,https://en.wikipedia.org/wiki/Glam_rock
http://www.wikidata.org/entity/Q69596,Thumri,Thumri,https://en.wikipedia.org/wiki/Thumri
http://www.wikidata.org/entity/Q70076,tappa,Tappa,https://en.wikipedia.org/wiki/Tappa
http://www.wikidata.org/entity/Q539089,third stream,Third stream,https://en.wikipedia.org/wiki/Third_stream
http://www.wikidata.org/entity/Q542703,melodic hardcore,Melodic hardcore,https://en.wikipedia.org/wiki/Melodic_hardcore
http://www.wikidata.org/entity/Q535402,tropipop,Tropipop,https://en.wikipedia.org/wiki/Tropipop
http://www.wikidata.org/entity/Q541947,anthem,Anthem,https://en.wikipedia.org/wiki/Anthem
http://www.wikidata.org/entity/Q716060,music of Korea,Korean music,https://en.wikipedia.org/wiki/Korean_music
http://www.wikidata.org/entity/Q710917,sanjo,Sanjo (music),https://en.wikipedia.org/wiki/Sanjo_(music)
http://www.wikidata.org/entity/Q717080,Changgeuk,Changgeuk,https://en.wikipedia.org/wiki/Changgeuk
http://www.wikidata.org/entity/Q710425,nakasi,Nakasi,https://en.wikipedia.org/wiki/Nakasi
http://www.wikidata.org/entity/Q710673,aak,Aak,https://en.wikipedia.org/wiki/Aak
http://www.wikidata.org/entity/Q131578,J-pop,J-pop,https://en.wikipedia.org/wiki/J-pop
http://www.wikidata.org/entity/Q212112,bel canto,Bel canto,https://en.wikipedia.org/wiki/Bel_canto
http://www.wikidata.org/entity/Q212024,spirituals,Spirituals,https://en.wikipedia.org/wiki/Spirituals
http://www.wikidata.org/entity/Q212688,dub music,Dub music,https://en.wikipedia.org/wiki/Dub_music
http://www.wikidata.org/entity/Q516568,New Orleans blues,New Orleans blues,https://en.wikipedia.org/wiki/New_Orleans_blues
http://www.wikidata.org/entity/Q217597,electro,Electro (music),https://en.wikipedia.org/wiki/Electro_(music)
http://www.wikidata.org/entity/Q724473,chorale,Chorale,https://en.wikipedia.org/wiki/Chorale
http://www.wikidata.org/entity/Q213608,beatboxing,Beatboxing,https://en.wikipedia.org/wiki/Beatboxing
http://www.wikidata.org/entity/Q2702280,Italo house,Italo house,https://en.wikipedia.org/wiki/Italo_house
http://www.wikidata.org/entity/Q2707688,plainsong,Plainsong,https://en.wikipedia.org/wiki/Plainsong
http://www.wikidata.org/entity/Q2706919,country rap,Country rap,https://en.wikipedia.org/wiki/Country_rap
http://www.wikidata.org/entity/Q2707298,secular music,Secular music,https://en.wikipedia.org/wiki/Secular_music
http://www.wikidata.org/entity/Q2746731,parody music,Parody music,https://en.wikipedia.org/wiki/Parody_music
http://www.wikidata.org/entity/Q2746831,quiet storm,Quiet storm,https://en.wikipedia.org/wiki/Quiet_storm
http://www.wikidata.org/entity/Q2747852,Torah reading,Torah reading,https://en.wikipedia.org/wiki/Torah_reading
http://www.wikidata.org/entity/Q2748579,Čoček,Čoček,https://en.wikipedia.org/wiki/%C4%8Co%C4%8Dek
http://www.wikidata.org/entity/Q5747258,canción melódica,Canción melódica,https://en.wikipedia.org/wiki/Canci%C3%B3n_mel%C3%B3dica
http://www.wikidata.org/entity/Q5762403,hill country blues,Hill country blues,https://en.wikipedia.org/wiki/Hill_country_blues
http://www.wikidata.org/entity/Q5765288,Himene tarava,Himene tarava,https://en.wikipedia.org/wiki/Himene_tarava
http://www.wikidata.org/entity/Q5766029,Hindi dance music,Hindi dance music,https://en.wikipedia.org/wiki/Hindi_dance_music
http://www.wikidata.org/entity/Q5724040,beatdown hardcore,Beatdown hardcore,https://en.wikipedia.org/wiki/Beatdown_hardcore
http://www.wikidata.org/entity/Q2639210,Nederbeat,Nederbeat,https://en.wikipedia.org/wiki/Nederbeat
http://www.wikidata.org/entity/Q2640307,hardstep,Hardstep,https://en.wikipedia.org/wiki/Hardstep
http://www.wikidata.org/entity/Q2641862,Abhang,Abhang,https://en.wikipedia.org/wiki/Abhang
http://www.wikidata.org/entity/Q2662148,Celtic rock,Celtic rock,https://en.wikipedia.org/wiki/Celtic_rock
http://www.wikidata.org/entity/Q2662072,indigenous music of North America,Indigenous music of North America,https://en.wikipedia.org/wiki/Indigenous_music_of_North_America
http://www.wikidata.org/entity/Q2635155,Ahidus,Ahidus,https://en.wikipedia.org/wiki/Ahidus
http://www.wikidata.org/entity/Q213665,K-pop,K-pop,https://en.wikipedia.org/wiki/K-pop
http://www.wikidata.org/entity/Q2722134,lavani,Lavani,https://en.wikipedia.org/wiki/Lavani
http://www.wikidata.org/entity/Q2715398,plena,Plena,https://en.wikipedia.org/wiki/Plena
http://www.wikidata.org/entity/Q2726026,konpa,Compas,https://en.wikipedia.org/wiki/Compas
http://www.wikidata.org/entity/Q2731147,tambourin,Tambourin (dance),https://en.wikipedia.org/wiki/Tambourin_(dance)
http://www.wikidata.org/entity/Q2736181,punk jazz,Punk jazz,https://en.wikipedia.org/wiki/Punk_jazz
http://www.wikidata.org/entity/Q2720293,Mozambique,Mozambique (music),https://en.wikipedia.org/wiki/Mozambique_(music)
http://www.wikidata.org/entity/Q527675,bambuco,Bambuco,https://en.wikipedia.org/wiki/Bambuco
http://www.wikidata.org/entity/Q529742,boom bap,Boom bap,https://en.wikipedia.org/wiki/Boom_bap
http://www.wikidata.org/entity/Q530750,Berlin School of electronic music,Berlin School of electronic music,https://en.wikipedia.org/wiki/Berlin_School_of_electronic_music
http://www.wikidata.org/entity/Q531426,music of India,Music of India,https://en.wikipedia.org/wiki/Music_of_India
http://www.wikidata.org/entity/Q213714,bluegrass music,Bluegrass music,https://en.wikipedia.org/wiki/Bluegrass_music
http://www.wikidata.org/entity/Q214981,theme and variation,Variation (music),https://en.wikipedia.org/wiki/Variation_(music)
http://www.wikidata.org/entity/Q131269,sonata,Sonata,https://en.wikipedia.org/wiki/Sonata
http://www.wikidata.org/entity/Q130572,music of the Soviet Union,Music of the Soviet Union,https://en.wikipedia.org/wiki/Music_of_the_Soviet_Union
http://www.wikidata.org/entity/Q127624,white voice,White voice,https://en.wikipedia.org/wiki/White_voice
http://www.wikidata.org/entity/Q215911,serenade,Serenade,https://en.wikipedia.org/wiki/Serenade
http://www.wikidata.org/entity/Q2665906,music of Armenia,Music of Armenia,https://en.wikipedia.org/wiki/Music_of_Armenia
http://www.wikidata.org/entity/Q2697917,go-go,Go-go,https://en.wikipedia.org/wiki/Go-go
http://www.wikidata.org/entity/Q2682013,Swedish death metal,Swedish death metal,https://en.wikipedia.org/wiki/Swedish_death_metal
http://www.wikidata.org/entity/Q2682554,New Venice School,New Venice School,https://en.wikipedia.org/wiki/New_Venice_School
http://www.wikidata.org/entity/Q2687544,power electronics,Power electronics (music genre),https://en.wikipedia.org/wiki/Power_electronics_(music_genre)
http://www.wikidata.org/entity/Q155119,cuarteto,Cuarteto,https://en.wikipedia.org/wiki/Cuarteto
http://www.wikidata.org/entity/Q155858,music of Ukraine,Music of Ukraine,https://en.wikipedia.org/wiki/Music_of_Ukraine
http://www.wikidata.org/entity/Q2746494,East Coast blues,East Coast blues,https://en.wikipedia.org/wiki/East_Coast_blues
http://www.wikidata.org/entity/Q2744144,Gharnati music,Gharnati music,https://en.wikipedia.org/wiki/Gharnati_music
http://www.wikidata.org/entity/Q2743435,psychedelic soul,Psychedelic soul,https://en.wikipedia.org/wiki/Psychedelic_soul
http://www.wikidata.org/entity/Q2743758,music of Germany,Music of Germany,https://en.wikipedia.org/wiki/Music_of_Germany
http://www.wikidata.org/entity/Q5881246,holler blues,Holler blues,https://en.wikipedia.org/wiki/Holler_blues
http://www.wikidata.org/entity/Q5934478,campus folk song,Campus folk song,https://en.wikipedia.org/wiki/Campus_folk_song
http://www.wikidata.org/entity/Q5964411,hò khoan,Hò khoan,https://en.wikipedia.org/wiki/H%C3%B2_khoan
http://www.wikidata.org/entity/Q5893243,Argentine heavy metal,Argentine heavy metal,https://en.wikipedia.org/wiki/Argentine_heavy_metal
http://www.wikidata.org/entity/Q5894518,Hong Kong English pop,Hong Kong English pop,https://en.wikipedia.org/wiki/Hong_Kong_English_pop
http://www.wikidata.org/entity/Q5895294,Hong Kong hip hop,Hong Kong hip hop,https://en.wikipedia.org/wiki/Hong_Kong_hip_hop
http://www.wikidata.org/entity/Q5967604,urban contemporary gospel,Urban contemporary gospel,https://en.wikipedia.org/wiki/Urban_contemporary_gospel
http://www.wikidata.org/entity/Q5905221,horror film score,Horror film score,https://en.wikipedia.org/wiki/Horror_film_score
http://www.wikidata.org/entity/Q5886831,Guabina,Guabina,https://en.wikipedia.org/wiki/Guabina
http://www.wikidata.org/entity/Q5956785,hymn tune,Hymn tune,https://en.wikipedia.org/wiki/Hymn_tune
http://www.wikidata.org/entity/Q5870900,Fulía,Fulía,https://en.wikipedia.org/wiki/Ful%C3%ADa
http://www.wikidata.org/entity/Q5873676,Hmong music,Hmong music,https://en.wikipedia.org/wiki/Hmong_music
http://www.wikidata.org/entity/Q5955765,Bayat-e Esfahan,Bayat-e Esfahan,https://en.wikipedia.org/wiki/Bayat-e_Esfahan
http://www.wikidata.org/entity/Q5955539,payada,Payada,https://en.wikipedia.org/wiki/Payada
http://www.wikidata.org/entity/Q5956747,hymn concertato,Hymn concertato,https://en.wikipedia.org/wiki/Hymn_concertato
http://www.wikidata.org/entity/Q5957561,cachaca,Cachaca (musical genre),https://en.wikipedia.org/wiki/Cachaca_(musical_genre)
http://www.wikidata.org/entity/Q3048168,mákina,Mákina,https://en.wikipedia.org/wiki/M%C3%A1kina
http://www.wikidata.org/entity/Q3025242,pimba,Pimba,https://en.wikipedia.org/wiki/Pimba
http://www.wikidata.org/entity/Q781470,intermezzo,Intermezzo,https://en.wikipedia.org/wiki/Intermezzo
http://www.wikidata.org/entity/Q3008122,cyber metal,Cyber metal,https://en.wikipedia.org/wiki/Cyber_metal
http://www.wikidata.org/entity/Q3032090,Salegy,Salegy,https://en.wikipedia.org/wiki/Salegy
http://www.wikidata.org/entity/Q3032212,diva house,Diva house,https://en.wikipedia.org/wiki/Diva_house
http://www.wikidata.org/entity/Q526463,Detroit techno,Detroit techno,https://en.wikipedia.org/wiki/Detroit_techno
http://www.wikidata.org/entity/Q517415,Europop,Europop,https://en.wikipedia.org/wiki/Europop
http://www.wikidata.org/entity/Q525073,music of Asia,Music of Asia,https://en.wikipedia.org/wiki/Music_of_Asia
http://www.wikidata.org/entity/Q691771,overtone singing,Overtone singing,https://en.wikipedia.org/wiki/Overtone_singing
http://www.wikidata.org/entity/Q693322,komagaku,Komagaku,https://en.wikipedia.org/wiki/Komagaku
http://www.wikidata.org/entity/Q700423,Austropop,Austropop,https://en.wikipedia.org/wiki/Austropop
http://www.wikidata.org/entity/Q700440,Schrammelmusik,Schrammelmusik,https://en.wikipedia.org/wiki/Schrammelmusik
http://www.wikidata.org/entity/Q724755,early hardcore,Early hardcore,https://en.wikipedia.org/wiki/Early_hardcore
http://www.wikidata.org/entity/Q725011,neo-classical metal,Neoclassical metal,https://en.wikipedia.org/wiki/Neoclassical_metal
http://www.wikidata.org/entity/Q725888,Italian progressive rock,Italian progressive rock,https://en.wikipedia.org/wiki/Italian_progressive_rock
http://www.wikidata.org/entity/Q726239,noise music,Noise music,https://en.wikipedia.org/wiki/Noise_music
http://www.wikidata.org/entity/Q217467,art rock,Art rock,https://en.wikipedia.org/wiki/Art_rock
http://www.wikidata.org/entity/Q216860,Lied,Lied,https://en.wikipedia.org/wiki/Lied
http://www.wikidata.org/entity/Q140222,zajal,Zajal,https://en.wikipedia.org/wiki/Zajal
http://www.wikidata.org/entity/Q138020,French hip-hop,French hip-hop,https://en.wikipedia.org/wiki/French_hip-hop
http://www.wikidata.org/entity/Q131272,soul,Soul music,https://en.wikipedia.org/wiki/Soul_music
http://www.wikidata.org/entity/Q163491,ars antiqua,Ars antiqua,https://en.wikipedia.org/wiki/Ars_antiqua
http://www.wikidata.org/entity/Q163775,medieval music,Medieval music,https://en.wikipedia.org/wiki/Medieval_music
http://www.wikidata.org/entity/Q222445,marinera,Marinera,https://en.wikipedia.org/wiki/Marinera
http://www.wikidata.org/entity/Q221934,narcocorrido,Narcocorrido,https://en.wikipedia.org/wiki/Narcocorrido
http://www.wikidata.org/entity/Q223840,hardstyle,Hardstyle,https://en.wikipedia.org/wiki/Hardstyle
http://www.wikidata.org/entity/Q533914,National Socialist black metal,National Socialist black metal,https://en.wikipedia.org/wiki/National_Socialist_black_metal
http://www.wikidata.org/entity/Q665286,luk thung,Luk thung,https://en.wikipedia.org/wiki/Luk_thung
http://www.wikidata.org/entity/Q533946,lambada,Lambada,https://en.wikipedia.org/wiki/Lambada
http://www.wikidata.org/entity/Q132438,black metal,Black metal,https://en.wikipedia.org/wiki/Black_metal
http://www.wikidata.org/entity/Q135637,chiptune,Chiptune,https://en.wikipedia.org/wiki/Chiptune
http://www.wikidata.org/entity/Q2742436,porn groove,Music in pornography,https://en.wikipedia.org/wiki/Music_in_pornography
http://www.wikidata.org/entity/Q2742742,music of Andalusia,Music of Andalusia,https://en.wikipedia.org/wiki/Music_of_Andalusia
http://www.wikidata.org/entity/Q227036,zouglou,Zouglou,https://en.wikipedia.org/wiki/Zouglou
http://www.wikidata.org/entity/Q177771,threnody,Threnody,https://en.wikipedia.org/wiki/Threnody
http://www.wikidata.org/entity/Q177447,West Coast blues,West Coast blues,https://en.wikipedia.org/wiki/West_Coast_blues
http://www.wikidata.org/entity/Q145594,Igbo music,Igbo music,https://en.wikipedia.org/wiki/Igbo_music
http://www.wikidata.org/entity/Q140544,toccata,Toccata,https://en.wikipedia.org/wiki/Toccata
http://www.wikidata.org/entity/Q141459,conscious hip-hop,Conscious hip hop,https://en.wikipedia.org/wiki/Conscious_hip_hop
http://www.wikidata.org/entity/Q145980,Zamrock,Zamrock,https://en.wikipedia.org/wiki/Zamrock
http://www.wikidata.org/entity/Q151942,mazurka,Mazurka,https://en.wikipedia.org/wiki/Mazurka
http://www.wikidata.org/entity/Q174873,cantata,Cantata,https://en.wikipedia.org/wiki/Cantata
http://www.wikidata.org/entity/Q164444,funk,Funk,https://en.wikipedia.org/wiki/Funk
http://www.wikidata.org/entity/Q719927,symphonic rock,Symphonic rock,https://en.wikipedia.org/wiki/Symphonic_rock
http://www.wikidata.org/entity/Q720959,sludge metal,Sludge metal,https://en.wikipedia.org/wiki/Sludge_metal
http://www.wikidata.org/entity/Q721385,drum cadence,Drum cadence,https://en.wikipedia.org/wiki/Drum_cadence
http://www.wikidata.org/entity/Q721644,da capo aria,Da capo aria,https://en.wikipedia.org/wiki/Da_capo_aria
http://www.wikidata.org/entity/Q727781,music of Latin America,Music of Latin America,https://en.wikipedia.org/wiki/Music_of_Latin_America
http://www.wikidata.org/entity/Q727634,ranchera,Ranchera,https://en.wikipedia.org/wiki/Ranchera
http://www.wikidata.org/entity/Q727803,Canterbury scene,Canterbury scene,https://en.wikipedia.org/wiki/Canterbury_scene
http://www.wikidata.org/entity/Q2748817,ghetto house,Ghetto house,https://en.wikipedia.org/wiki/Ghetto_house
http://www.wikidata.org/entity/Q2798694,marabi,Marabi,https://en.wikipedia.org/wiki/Marabi
http://www.wikidata.org/entity/Q2781896,Leçons de ténèbres,Leçons de ténèbres,https://en.wikipedia.org/wiki/Le%C3%A7ons_de_t%C3%A9n%C3%A8bres
http://www.wikidata.org/entity/Q2774511,Sanedo,Sanedo,https://en.wikipedia.org/wiki/Sanedo
http://www.wikidata.org/entity/Q2785096,music of ancient Rome,Music of ancient Rome,https://en.wikipedia.org/wiki/Music_of_ancient_Rome
http://www.wikidata.org/entity/Q2797513,sainaimu,Sanam (dance),https://en.wikipedia.org/wiki/Sanam_(dance)
http://www.wikidata.org/entity/Q728579,balwo,Balwo,https://en.wikipedia.org/wiki/Balwo
http://www.wikidata.org/entity/Q723418,cumbia,Cumbia (Colombia),https://en.wikipedia.org/wiki/Cumbia_(Colombia)
http://www.wikidata.org/entity/Q724010,Ashiqs of Azerbaijan,Ashiqs of Azerbaijan,https://en.wikipedia.org/wiki/Ashiqs_of_Azerbaijan
http://www.wikidata.org/entity/Q724104,music of Azerbaijan,Music of Azerbaijan,https://en.wikipedia.org/wiki/Music_of_Azerbaijan
http://www.wikidata.org/entity/Q722989,Hungarian folk music,Hungarian folk music,https://en.wikipedia.org/wiki/Hungarian_folk_music
http://www.wikidata.org/entity/Q221686,twelve-tone technique,Twelve-tone technique,https://en.wikipedia.org/wiki/Twelve-tone_technique
http://www.wikidata.org/entity/Q221772,acid jazz,Acid jazz,https://en.wikipedia.org/wiki/Acid_jazz
http://www.wikidata.org/entity/Q753520,Christian rock,Christian rock,https://en.wikipedia.org/wiki/Christian_rock
http://www.wikidata.org/entity/Q753679,gangsta rap,Gangsta rap,https://en.wikipedia.org/wiki/Gangsta_rap
http://www.wikidata.org/entity/Q224694,white power music,White power music,https://en.wikipedia.org/wiki/White_power_music
http://www.wikidata.org/entity/Q226887,noh,Noh,https://en.wikipedia.org/wiki/Noh
http://www.wikidata.org/entity/Q733804,hands up,Hands up (music genre),https://en.wikipedia.org/wiki/Hands_up_(music_genre)
http://www.wikidata.org/entity/Q96874426,Anatolian blues,Anatolian blues,https://en.wikipedia.org/wiki/Anatolian_blues
http://www.wikidata.org/entity/Q6016474,Fantezi,Fantezi,https://en.wikipedia.org/wiki/Fantezi
http://www.wikidata.org/entity/Q96740854,bass music,Bass music,https://en.wikipedia.org/wiki/Bass_music
http://www.wikidata.org/entity/Q5985066,icaro,Icaro,https://en.wikipedia.org/wiki/Icaro
http://www.wikidata.org/entity/Q6003760,Imene metua,Imene reo metua,https://en.wikipedia.org/wiki/Imene_reo_metua
http://www.wikidata.org/entity/Q6010117,Memphis rap,Memphis rap,https://en.wikipedia.org/wiki/Memphis_rap
http://www.wikidata.org/entity/Q5985802,Icelandic folk music,Icelandic folk music,https://en.wikipedia.org/wiki/Icelandic_folk_music
http://www.wikidata.org/entity/Q5985805,Icelandic hip hop,Icelandic hip-hop,https://en.wikipedia.org/wiki/Icelandic_hip-hop
http://www.wikidata.org/entity/Q6202259,Jing ping,Jing ping,https://en.wikipedia.org/wiki/Jing_ping
http://www.wikidata.org/entity/Q3066180,bouncy techno,Bouncy techno,https://en.wikipedia.org/wiki/Bouncy_techno
http://www.wikidata.org/entity/Q3069904,porro,Porro,https://en.wikipedia.org/wiki/Porro
http://www.wikidata.org/entity/Q6191683,Jiangnan sizhu,Jiangnan sizhu,https://en.wikipedia.org/wiki/Jiangnan_sizhu
http://www.wikidata.org/entity/Q3052655,low bap,Low bap,https://en.wikipedia.org/wiki/Low_bap
http://www.wikidata.org/entity/Q6192596,Jikey,Jikey,https://en.wikipedia.org/wiki/Jikey
http://www.wikidata.org/entity/Q3053954,new flamenco,New flamenco,https://en.wikipedia.org/wiki/New_flamenco
http://www.wikidata.org/entity/Q3056538,Latin house,Latin house,https://en.wikipedia.org/wiki/Latin_house
http://www.wikidata.org/entity/Q6296743,jovem guarda,Jovem Guarda,https://en.wikipedia.org/wiki/Jovem_Guarda
http://www.wikidata.org/entity/Q12007812,trønder rock,Trønder rock,https://en.wikipedia.org/wiki/Tr%C3%B8nder_rock
http://www.wikidata.org/entity/Q6379472,Kawachi Ondo,Kawachi ondo,https://en.wikipedia.org/wiki/Kawachi_ondo
http://www.wikidata.org/entity/Q12193614,Iraqi maqam,Iraqi maqam,https://en.wikipedia.org/wiki/Iraqi_maqam
http://www.wikidata.org/entity/Q11912270,caramelles,Caramelles,https://en.wikipedia.org/wiki/Caramelles
http://www.wikidata.org/entity/Q11964168,crabcore,Crabcore,https://en.wikipedia.org/wiki/Crabcore
http://www.wikidata.org/entity/Q6392890,Kenyan hip hop,Kenyan hip-hop,https://en.wikipedia.org/wiki/Kenyan_hip-hop
http://www.wikidata.org/entity/Q12228855,al-ayyalah,Al-ayyalah,https://en.wikipedia.org/wiki/Al-ayyalah
http://www.wikidata.org/entity/Q6394780,Kertok,Kertok,https://en.wikipedia.org/wiki/Kertok
http://www.wikidata.org/entity/Q12111341,Cossack song,Cossack songs,https://en.wikipedia.org/wiki/Cossack_songs
http://www.wikidata.org/entity/Q90568328,phonk,Phonk,https://en.wikipedia.org/wiki/Phonk
http://www.wikidata.org/entity/Q2915789,gwo ka,Gwo ka,https://en.wikipedia.org/wiki/Gwo_ka
http://www.wikidata.org/entity/Q6024704,indigenous music,Indigenous music,https://en.wikipedia.org/wiki/Indigenous_music
http://www.wikidata.org/entity/Q6025453,Indo-Caribbean music,Indo-Caribbean music,https://en.wikipedia.org/wiki/Indo-Caribbean_music
http://www.wikidata.org/entity/Q6025624,Indo jazz,Indo jazz,https://en.wikipedia.org/wiki/Indo_jazz
http://www.wikidata.org/entity/Q6026226,Indonesian hip hop,Indonesian hip-hop,https://en.wikipedia.org/wiki/Indonesian_hip-hop
http://www.wikidata.org/entity/Q6022257,Indian folk music,Indian folk music,https://en.wikipedia.org/wiki/Indian_folk_music
http://www.wikidata.org/entity/Q166813,Kansas City jazz,Kansas City jazz,https://en.wikipedia.org/wiki/Kansas_City_jazz
http://www.wikidata.org/entity/Q170611,techno,Techno,https://en.wikipedia.org/wiki/Techno
http://www.wikidata.org/entity/Q170435,trance,Trance music,https://en.wikipedia.org/wiki/Trance_music
http://www.wikidata.org/entity/Q96647680,bardcore,Bardcore,https://en.wikipedia.org/wiki/Bardcore
http://www.wikidata.org/entity/Q96373505,Bhojpuri music,Bhojpuri music,https://en.wikipedia.org/wiki/Bhojpuri_music
http://www.wikidata.org/entity/Q96376113,deconstructed club,Deconstructed club,https://en.wikipedia.org/wiki/Deconstructed_club
http://www.wikidata.org/entity/Q96376126,deep soul,Deep soul,https://en.wikipedia.org/wiki/Deep_soul
http://www.wikidata.org/entity/Q96394452,music theatre,Music theatre,https://en.wikipedia.org/wiki/Music_theatre
http://www.wikidata.org/entity/Q96395212,neoperreo,Neoperreo,https://en.wikipedia.org/wiki/Neoperreo
http://www.wikidata.org/entity/Q91841612,tarab,Tarab,https://en.wikipedia.org/wiki/Tarab
http://www.wikidata.org/entity/Q96404775,sacred jazz,Sacred jazz,https://en.wikipedia.org/wiki/Sacred_jazz
http://www.wikidata.org/entity/Q95366506,Jit,Jit,https://en.wikipedia.org/wiki/Jit
http://www.wikidata.org/entity/Q95469495,alternative pop,Alternative pop,https://en.wikipedia.org/wiki/Alternative_pop
http://www.wikidata.org/entity/Q773880,bitpop,Bitpop,https://en.wikipedia.org/wiki/Bitpop
http://www.wikidata.org/entity/Q781402,piyyut,Piyyut,https://en.wikipedia.org/wiki/Piyyut
http://www.wikidata.org/entity/Q775614,neofolk,Neofolk,https://en.wikipedia.org/wiki/Neofolk
http://www.wikidata.org/entity/Q774475,cantu a tenore,Cantu a tenore,https://en.wikipedia.org/wiki/Cantu_a_tenore
http://www.wikidata.org/entity/Q780517,speed garage,Speed garage,https://en.wikipedia.org/wiki/Speed_garage
http://www.wikidata.org/entity/Q2956240,Gallican chant,Gallican chant,https://en.wikipedia.org/wiki/Gallican_chant
http://www.wikidata.org/entity/Q2956224,Inuit throat singing,Inuit throat singing,https://en.wikipedia.org/wiki/Inuit_throat_singing
http://www.wikidata.org/entity/Q2956246,Mozarabic chant,Mozarabic chant,https://en.wikipedia.org/wiki/Mozarabic_chant
http://www.wikidata.org/entity/Q2956228,Songs of realization,Songs of realization,https://en.wikipedia.org/wiki/Songs_of_realization
http://www.wikidata.org/entity/Q2956468,Chaoui music,Chaoui music,https://en.wikipedia.org/wiki/Chaoui_music
http://www.wikidata.org/entity/Q2961763,chaabi,Chaabi,https://en.wikipedia.org/wiki/Chaabi
http://www.wikidata.org/entity/Q2961766,Algerian chaabi,Chaabi (Algeria),https://en.wikipedia.org/wiki/Chaabi_(Algeria)
http://www.wikidata.org/entity/Q2961759,Moroccan chaabi,Chaabi (Morocco),https://en.wikipedia.org/wiki/Chaabi_(Morocco)
http://www.wikidata.org/entity/Q2963337,Chicago hip-hop,Chicago hip-hop,https://en.wikipedia.org/wiki/Chicago_hip-hop
http://www.wikidata.org/entity/Q766240,cueca,Cueca,https://en.wikipedia.org/wiki/Cueca
http://www.wikidata.org/entity/Q761163,music of Laos,Music of Laos,https://en.wikipedia.org/wiki/Music_of_Laos
http://www.wikidata.org/entity/Q761684,prehistoric music,Prehistoric music,https://en.wikipedia.org/wiki/Prehistoric_music
http://www.wikidata.org/entity/Q771291,sean-nós singing,Sean-nós singing,https://en.wikipedia.org/wiki/Sean-n%C3%B3s_singing
http://www.wikidata.org/entity/Q772497,Hebrew cantillation,Hebrew cantillation,https://en.wikipedia.org/wiki/Hebrew_cantillation
http://www.wikidata.org/entity/Q2913982,trap music,Trap music,https://en.wikipedia.org/wiki/Trap_music
http://www.wikidata.org/entity/Q2902385,Teutonic thrash metal,Teutonic thrash metal,https://en.wikipedia.org/wiki/Teutonic_thrash_metal
http://www.wikidata.org/entity/Q747717,heartland rock,Heartland rock,https://en.wikipedia.org/wiki/Heartland_rock
http://www.wikidata.org/entity/Q2909943,novelty piano,Novelty piano,https://en.wikipedia.org/wiki/Novelty_piano
http://www.wikidata.org/entity/Q2907328,African blues,African blues,https://en.wikipedia.org/wiki/African_blues
http://www.wikidata.org/entity/Q2910735,border ballad,Border ballad,https://en.wikipedia.org/wiki/Border_ballad
http://www.wikidata.org/entity/Q2897103,Andalusi nubah,Andalusi nubah,https://en.wikipedia.org/wiki/Andalusi_nubah
http://www.wikidata.org/entity/Q3328599,Basque music,Basque music,https://en.wikipedia.org/wiki/Basque_music
http://www.wikidata.org/entity/Q3328601,Berber music,Berber music,https://en.wikipedia.org/wiki/Berber_music
http://www.wikidata.org/entity/Q3328583,music of Algeria,Music of Algeria,https://en.wikipedia.org/wiki/Music_of_Algeria
http://www.wikidata.org/entity/Q3328592,music of Auvergne,Music of Auvergne,https://en.wikipedia.org/wiki/Music_of_Auvergne
http://www.wikidata.org/entity/Q3328593,music of Bangladesh,Music of Bangladesh,https://en.wikipedia.org/wiki/Music_of_Bangladesh
http://www.wikidata.org/entity/Q3328603,music of Bolivia,Music of Bolivia,https://en.wikipedia.org/wiki/Music_of_Bolivia
http://www.wikidata.org/entity/Q3328602,music of Myanmar,Music of Myanmar,https://en.wikipedia.org/wiki/Music_of_Myanmar
http://www.wikidata.org/entity/Q216926,raga,Raga,https://en.wikipedia.org/wiki/Raga
http://www.wikidata.org/entity/Q216961,Eurodance,Eurodance,https://en.wikipedia.org/wiki/Eurodance
http://www.wikidata.org/entity/Q3303865,Belarusian rock music,Rock music in Belarus,https://en.wikipedia.org/wiki/Rock_music_in_Belarus
http://www.wikidata.org/entity/Q3304143,Thai rock,Thai rock,https://en.wikipedia.org/wiki/Thai_rock
http://www.wikidata.org/entity/Q3305039,malhun,Malhun,https://en.wikipedia.org/wiki/Malhun
http://www.wikidata.org/entity/Q3299089,stasimon,Stasimon,https://en.wikipedia.org/wiki/Stasimon
http://www.wikidata.org/entity/Q3296779,Taoist music,Taoist music,https://en.wikipedia.org/wiki/Taoist_music
http://www.wikidata.org/entity/Q217295,mass,Mass (music),https://en.wikipedia.org/wiki/Mass_(music)
http://www.wikidata.org/entity/Q217191,soft rock,Soft rock,https://en.wikipedia.org/wiki/Soft_rock
http://www.wikidata.org/entity/Q3328702,Lao music,Lao music,https://en.wikipedia.org/wiki/Lao_music
http://www.wikidata.org/entity/Q3328692,music of Iraq,Music of Iraq,https://en.wikipedia.org/wiki/Music_of_Iraq
http://www.wikidata.org/entity/Q3328693,music of Ivory Coast,Music of Ivory Coast,https://en.wikipedia.org/wiki/Music_of_Ivory_Coast
http://www.wikidata.org/entity/Q3328697,music of Jordan,Music of Jordan,https://en.wikipedia.org/wiki/Music_of_Jordan
http://www.wikidata.org/entity/Q3328704,music of Kyrgyzstan,Music of Kyrgyzstan,https://en.wikipedia.org/wiki/Music_of_Kyrgyzstan
http://www.wikidata.org/entity/Q3328710,music of Lebanon,Music of Lebanon,https://en.wikipedia.org/wiki/Music_of_Lebanon
http://www.wikidata.org/entity/Q2924151,Bravú,Bravú,https://en.wikipedia.org/wiki/Brav%C3%BA
http://www.wikidata.org/entity/Q2916253,music of the Trecento,Music of the Trecento,https://en.wikipedia.org/wiki/Music_of_the_Trecento
http://www.wikidata.org/entity/Q2917227,Israeli rock,Israeli rock,https://en.wikipedia.org/wiki/Israeli_rock
http://www.wikidata.org/entity/Q2917508,music of Ethiopia,Music of Ethiopia,https://en.wikipedia.org/wiki/Music_of_Ethiopia
http://www.wikidata.org/entity/Q2956171,chanson réaliste,Chanson réaliste,https://en.wikipedia.org/wiki/Chanson_r%C3%A9aliste
http://www.wikidata.org/entity/Q2956178,French folk music,French folk music,https://en.wikipedia.org/wiki/French_folk_music
http://www.wikidata.org/entity/Q2929369,bélé,Bélé,https://en.wikipedia.org/wiki/B%C3%A9l%C3%A9
http://www.wikidata.org/entity/Q2928716,bushi,Bushi (music),https://en.wikipedia.org/wiki/Bushi_(music)
http://www.wikidata.org/entity/Q2941721,catch,Catch (music),https://en.wikipedia.org/wiki/Catch_(music)
http://www.wikidata.org/entity/Q2932658,cadence-lypso,Cadence-lypso,https://en.wikipedia.org/wiki/Cadence-lypso
http://www.wikidata.org/entity/Q2863648,arrocha,Arrocha,https://en.wikipedia.org/wiki/Arrocha
http://www.wikidata.org/entity/Q2842043,atmospheric drum and bass,Atmospheric drum and bass,https://en.wikipedia.org/wiki/Atmospheric_drum_and_bass
http://www.wikidata.org/entity/Q2866725,Balearic beat,Balearic beat,https://en.wikipedia.org/wiki/Balearic_beat
http://www.wikidata.org/entity/Q2812726,banda music,Banda music,https://en.wikipedia.org/wiki/Banda_music
http://www.wikidata.org/entity/Q2854974,Coptic music,Coptic music,https://en.wikipedia.org/wiki/Coptic_music
http://www.wikidata.org/entity/Q2835456,Nigerian hip hop,Nigerian hip hop,https://en.wikipedia.org/wiki/Nigerian_hip_hop
http://www.wikidata.org/entity/Q2879826,baila,Baila music,https://en.wikipedia.org/wiki/Baila_music
http://www.wikidata.org/entity/Q2879962,baião,Baião (music),https://en.wikipedia.org/wiki/Bai%C3%A3o_(music)
http://www.wikidata.org/entity/Q2867170,assiko,Assiko,https://en.wikipedia.org/wiki/Assiko
http://www.wikidata.org/entity/Q2880274,baqashot,Baqashot,https://en.wikipedia.org/wiki/Baqashot
http://www.wikidata.org/entity/Q6106812,retro-soul,Retro-soul,https://en.wikipedia.org/wiki/Retro-soul
http://www.wikidata.org/entity/Q6110311,flamenco rock,Flamenco rock,https://en.wikipedia.org/wiki/Flamenco_rock
http://www.wikidata.org/entity/Q6027927,industrial musical,Industrial musical,https://en.wikipedia.org/wiki/Industrial_musical
http://www.wikidata.org/entity/Q6093242,Punto music,Punto music,https://en.wikipedia.org/wiki/Punto_music
http://www.wikidata.org/entity/Q6093324,Italian jazz,Italian jazz,https://en.wikipedia.org/wiki/Italian_jazz
http://www.wikidata.org/entity/Q6067375,Iranian folk music,Iranian folk music,https://en.wikipedia.org/wiki/Iranian_folk_music
http://www.wikidata.org/entity/Q6036466,música popular colombiana,Música popular (Colombia),https://en.wikipedia.org/wiki/M%C3%BAsica_popular_(Colombia)
http://www.wikidata.org/entity/Q6037387,insertion aria,Insertion aria,https://en.wikipedia.org/wiki/Insertion_aria
http://www.wikidata.org/entity/Q6070734,Irish fiddle,Irish fiddle,https://en.wikipedia.org/wiki/Irish_fiddle
http://www.wikidata.org/entity/Q6073487,Iroquois music,Iroquois music,https://en.wikipedia.org/wiki/Iroquois_music
http://www.wikidata.org/entity/Q6100475,Lazish music,Lazish music,https://en.wikipedia.org/wiki/Lazish_music
http://www.wikidata.org/entity/Q3278092,guarania,Guarania (music),https://en.wikipedia.org/wiki/Guarania_(music)
http://www.wikidata.org/entity/Q846219,gagok,Gagok,https://en.wikipedia.org/wiki/Gagok
http://www.wikidata.org/entity/Q846748,conductus,Conductus,https://en.wikipedia.org/wiki/Conductus
http://www.wikidata.org/entity/Q3287249,mapouka,Mapouka,https://en.wikipedia.org/wiki/Mapouka
http://www.wikidata.org/entity/Q3291151,music of Angola,Music of Angola,https://en.wikipedia.org/wiki/Music_of_Angola
http://www.wikidata.org/entity/Q3296134,wizard rock,Wizard rock,https://en.wikipedia.org/wiki/Wizard_rock
http://www.wikidata.org/entity/Q814402,biguine,Biguine,https://en.wikipedia.org/wiki/Biguine
http://www.wikidata.org/entity/Q815536,Belgian hip hop,Belgian hip-hop,https://en.wikipedia.org/wiki/Belgian_hip-hop
http://www.wikidata.org/entity/Q807820,barbershop music,Barbershop music,https://en.wikipedia.org/wiki/Barbershop_music
http://www.wikidata.org/entity/Q805130,ballade,Ballade (classical music),https://en.wikipedia.org/wiki/Ballade_(classical_music)
http://www.wikidata.org/entity/Q817138,electronica,Electronica,https://en.wikipedia.org/wiki/Electronica
http://www.wikidata.org/entity/Q3094259,Scottish Gaelic punk,Scottish Gaelic punk,https://en.wikipedia.org/wiki/Scottish_Gaelic_punk
http://www.wikidata.org/entity/Q3098078,J-core,J-core,https://en.wikipedia.org/wiki/J-core
http://www.wikidata.org/entity/Q3098694,Gasba music,Gasba music,https://en.wikipedia.org/wiki/Gasba_music
http://www.wikidata.org/entity/Q3106448,zamba,Zamba (artform),https://en.wikipedia.org/wiki/Zamba_(artform)
http://www.wikidata.org/entity/Q3108920,glitch hop,Glitch hop,https://en.wikipedia.org/wiki/Glitch_hop
http://www.wikidata.org/entity/Q3109641,music of East Timor,Music of Timor-Leste,https://en.wikipedia.org/wiki/Music_of_Timor-Leste
http://www.wikidata.org/entity/Q3109918,Gosos,Gosos,https://en.wikipedia.org/wiki/Gosos
http://www.wikidata.org/entity/Q3110519,music of Estonia,Music of Estonia,https://en.wikipedia.org/wiki/Music_of_Estonia
http://www.wikidata.org/entity/Q746743,ricercar,Ricercar,https://en.wikipedia.org/wiki/Ricercar
http://www.wikidata.org/entity/Q744417,Italo disco,Italo disco,https://en.wikipedia.org/wiki/Italo_disco
http://www.wikidata.org/entity/Q850412,contemporary R&B,Contemporary R&B,https://en.wikipedia.org/wiki/Contemporary_R%26B
http://www.wikidata.org/entity/Q3328720,Mixed music,Mixed music,https://en.wikipedia.org/wiki/Mixed_music
http://www.wikidata.org/entity/Q3328714,music of North Macedonia,Music of North Macedonia,https://en.wikipedia.org/wiki/Music_of_North_Macedonia
http://www.wikidata.org/entity/Q3328715,music of Malaysia,Music of Malaysia,https://en.wikipedia.org/wiki/Music_of_Malaysia
http://www.wikidata.org/entity/Q3328727,music of Mongolia,Music of Mongolia,https://en.wikipedia.org/wiki/Music_of_Mongolia
http://www.wikidata.org/entity/Q3328730,music of Montenegro,Music of Montenegro,https://en.wikipedia.org/wiki/Music_of_Montenegro
http://www.wikidata.org/entity/Q106522080,bleep techno,Bleep techno,https://en.wikipedia.org/wiki/Bleep_techno
http://www.wikidata.org/entity/Q106522115,swamp pop,Swamp pop,https://en.wikipedia.org/wiki/Swamp_pop
http://www.wikidata.org/entity/Q106388388,hardwave,Hardwave,https://en.wikipedia.org/wiki/Hardwave
http://www.wikidata.org/entity/Q106477753,midtempo bass,Midtempo bass,https://en.wikipedia.org/wiki/Midtempo_bass
http://www.wikidata.org/entity/Q106369996,wave,Wave music,https://en.wikipedia.org/wiki/Wave_music
http://www.wikidata.org/entity/Q106493832,slap house,Slap house,https://en.wikipedia.org/wiki/Slap_house
http://www.wikidata.org/entity/Q106423092,tracker music,Tracker music,https://en.wikipedia.org/wiki/Tracker_music
http://www.wikidata.org/entity/Q106506830,music of Micronesia,Music of Micronesia,https://en.wikipedia.org/wiki/Music_of_Micronesia
http://www.wikidata.org/entity/Q106508649,Brazilian jazz,Brazilian jazz,https://en.wikipedia.org/wiki/Brazilian_jazz
http://www.wikidata.org/entity/Q106298881,contemporary folk music,Contemporary folk music,https://en.wikipedia.org/wiki/Contemporary_folk_music
http://www.wikidata.org/entity/Q819325,bergamask,Bergamask,https://en.wikipedia.org/wiki/Bergamask
http://www.wikidata.org/entity/Q820049,gabber,Gabber,https://en.wikipedia.org/wiki/Gabber
http://www.wikidata.org/entity/Q752329,passacaglia,Passacaglia,https://en.wikipedia.org/wiki/Passacaglia
http://www.wikidata.org/entity/Q749475,psybient,Psybient,https://en.wikipedia.org/wiki/Psybient
http://www.wikidata.org/entity/Q752785,calypso,Calypso music,https://en.wikipedia.org/wiki/Calypso_music
http://www.wikidata.org/entity/Q752047,musique mesurée,Musique mesurée,https://en.wikipedia.org/wiki/Musique_mesur%C3%A9e
http://www.wikidata.org/entity/Q6319299,Jwé,Jwé,https://en.wikipedia.org/wiki/Jw%C3%A9
http://www.wikidata.org/entity/Q6346110,Kafi,Kafi,https://en.wikipedia.org/wiki/Kafi
http://www.wikidata.org/entity/Q6304912,Jugni,Jugni,https://en.wikipedia.org/wiki/Jugni
http://www.wikidata.org/entity/Q6379228,Kavigan,Kavigan,https://en.wikipedia.org/wiki/Kavigan
http://www.wikidata.org/entity/Q6379275,Kavishari,Kavishari,https://en.wikipedia.org/wiki/Kavishari
http://www.wikidata.org/entity/Q6301761,benga music,Benga music,https://en.wikipedia.org/wiki/Benga_music
http://www.wikidata.org/entity/Q6367434,Kar,Kar (Turkish music),https://en.wikipedia.org/wiki/Kar_(Turkish_music)
http://www.wikidata.org/entity/Q6351763,Kalbelia,Kalbelia,https://en.wikipedia.org/wiki/Kalbelia
http://www.wikidata.org/entity/Q6305421,juke joint blues,Juke joint blues,https://en.wikipedia.org/wiki/Juke_joint_blues
http://www.wikidata.org/entity/Q6378419,Katuli,Katuli,https://en.wikipedia.org/wiki/Katuli
http://www.wikidata.org/entity/Q6348555,kaiso,Kaiso,https://en.wikipedia.org/wiki/Kaiso
http://www.wikidata.org/entity/Q6365333,kantan chamorrita,Kantan Chamorrita,https://en.wikipedia.org/wiki/Kantan_Chamorrita
http://www.wikidata.org/entity/Q6365528,kanto,Kanto (music),https://en.wikipedia.org/wiki/Kanto_(music)
http://www.wikidata.org/entity/Q6366462,Kapanirong,Kapanirong,https://en.wikipedia.org/wiki/Kapanirong
http://www.wikidata.org/entity/Q6348907,Kajari,Kajari,https://en.wikipedia.org/wiki/Kajari
http://www.wikidata.org/entity/Q2881236,ballet d'action,Ballet d'action,https://en.wikipedia.org/wiki/Ballet_d%27action
http://www.wikidata.org/entity/Q2881396,Ballu tundu,Ballu tundu,https://en.wikipedia.org/wiki/Ballu_tundu
http://www.wikidata.org/entity/Q5843799,music of Honduras,Music of Honduras,https://en.wikipedia.org/wiki/Music_of_Honduras
http://www.wikidata.org/entity/Q2894547,keening,Keening,https://en.wikipedia.org/wiki/Keening
http://www.wikidata.org/entity/Q2886774,peşrev,Peşrev,https://en.wikipedia.org/wiki/Pe%C5%9Frev
http://www.wikidata.org/entity/Q2891921,batuque,Batuque (Cape Verde),https://en.wikipedia.org/wiki/Batuque_(Cape_Verde)
http://www.wikidata.org/entity/Q2891357,zemirot,Zemirot,https://en.wikipedia.org/wiki/Zemirot
http://www.wikidata.org/entity/Q2893435,mawwal,Mawwal,https://en.wikipedia.org/wiki/Mawwal
http://www.wikidata.org/entity/Q2897092,bergerette,Bergerette,https://en.wikipedia.org/wiki/Bergerette
http://www.wikidata.org/entity/Q5834708,epic doom metal,Epic doom metal,https://en.wikipedia.org/wiki/Epic_doom_metal
http://www.wikidata.org/entity/Q5794688,cumbia santafesina,Cumbia santafesina,https://en.wikipedia.org/wiki/Cumbia_santafesina
http://www.wikidata.org/entity/Q5766537,music of Lithuania,Music of Lithuania,https://en.wikipedia.org/wiki/Music_of_Lithuania
http://www.wikidata.org/entity/Q5769376,Hiranaam,Hiranaam,https://en.wikipedia.org/wiki/Hiranaam
http://www.wikidata.org/entity/Q5768028,Dominican hip hop,Hip hop in the Dominican Republic,https://en.wikipedia.org/wiki/Hip_hop_in_the_Dominican_Republic
http://www.wikidata.org/entity/Q739138,teen pop,Teen pop,https://en.wikipedia.org/wiki/Teen_pop
http://www.wikidata.org/entity/Q744327,joik,Joik,https://en.wikipedia.org/wiki/Joik
http://www.wikidata.org/entity/Q740911,ragga,Ragga,https://en.wikipedia.org/wiki/Ragga
http://www.wikidata.org/entity/Q822309,cerdd dant,Cerdd Dant,https://en.wikipedia.org/wiki/Cerdd_Dant
http://www.wikidata.org/entity/Q3075498,Honkyoku,Honkyoku,https://en.wikipedia.org/wiki/Honkyoku
http://www.wikidata.org/entity/Q3080963,nagauta,Nagauta,https://en.wikipedia.org/wiki/Nagauta
http://www.wikidata.org/entity/Q3083000,kan ha diskan,Kan ha diskan,https://en.wikipedia.org/wiki/Kan_ha_diskan
http://www.wikidata.org/entity/Q3084222,hard techno,Hard techno,https://en.wikipedia.org/wiki/Hard_techno
http://www.wikidata.org/entity/Q822914,Christian metal,Christian metal,https://en.wikipedia.org/wiki/Christian_metal
http://www.wikidata.org/entity/Q3328618,classical music of the United States,Classical music of the United States,https://en.wikipedia.org/wiki/Classical_music_of_the_United_States
http://www.wikidata.org/entity/Q3328608,music of Bosnia and Herzegovina,Music of Bosnia and Herzegovina,https://en.wikipedia.org/wiki/Music_of_Bosnia_and_Herzegovina
http://www.wikidata.org/entity/Q3328656,music of the Republic of the Congo,Music of the Republic of the Congo,https://en.wikipedia.org/wiki/Music_of_the_Republic_of_the_Congo
http://www.wikidata.org/entity/Q3328668,music of Djibouti,Music of Djibouti,https://en.wikipedia.org/wiki/Music_of_Djibouti
http://www.wikidata.org/entity/Q3328622,Russian classical music,Russian classical music,https://en.wikipedia.org/wiki/Russian_classical_music
http://www.wikidata.org/entity/Q3328660,middle of the road,Middle of the road (radio format),https://en.wikipedia.org/wiki/Middle_of_the_road_(radio_format)
http://www.wikidata.org/entity/Q6783396,maskandi,Maskandi,https://en.wikipedia.org/wiki/Maskandi
http://www.wikidata.org/entity/Q6419747,Klasik,Klasik,https://en.wikipedia.org/wiki/Klasik
http://www.wikidata.org/entity/Q6431989,Korean hip-hop,Korean hip-hop,https://en.wikipedia.org/wiki/Korean_hip-hop
http://www.wikidata.org/entity/Q6432024,Korean rock,Korean rock,https://en.wikipedia.org/wiki/Korean_rock
http://www.wikidata.org/entity/Q6410349,Kinah,Kinah,https://en.wikipedia.org/wiki/Kinah
http://www.wikidata.org/entity/Q6404580,kidandali,Kidandali,https://en.wikipedia.org/wiki/Kidandali
http://www.wikidata.org/entity/Q6430313,Kont,Kont (Caribbean),https://en.wikipedia.org/wiki/Kont_(Caribbean)
http://www.wikidata.org/entity/Q6410606,Kindie rock,Kindie rock,https://en.wikipedia.org/wiki/Kindie_rock
http://www.wikidata.org/entity/Q6440913,Ktsord,Ktsord,https://en.wikipedia.org/wiki/Ktsord
http://www.wikidata.org/entity/Q6414548,Kiowa music,Kiowa music,https://en.wikipedia.org/wiki/Kiowa_music
http://www.wikidata.org/entity/Q3135807,hip hop tuga,Hip-hop tuga,https://en.wikipedia.org/wiki/Hip-hop_tuga
http://www.wikidata.org/entity/Q3135801,Serbian hip-hop,Serbian hip-hop,https://en.wikipedia.org/wiki/Serbian_hip-hop
http://www.wikidata.org/entity/Q3135799,Togolese hip hop,Togolese hip-hop,https://en.wikipedia.org/wiki/Togolese_hip-hop
http://www.wikidata.org/entity/Q6420782,klezmer fiddle,Klezmer fiddle,https://en.wikipedia.org/wiki/Klezmer_fiddle
http://www.wikidata.org/entity/Q6425210,Dapha music,Dapha music,https://en.wikipedia.org/wiki/Dapha_music
http://www.wikidata.org/entity/Q756956,dark ambient,Dark ambient,https://en.wikipedia.org/wiki/Dark_ambient
http://www.wikidata.org/entity/Q758422,aubade,Aubade,https://en.wikipedia.org/wiki/Aubade
http://www.wikidata.org/entity/Q756146,Atlanta blues,Atlanta blues,https://en.wikipedia.org/wiki/Atlanta_blues
http://www.wikidata.org/entity/Q757143,chill-out music,Chill-out music,https://en.wikipedia.org/wiki/Chill-out_music
http://www.wikidata.org/entity/Q824948,"Washington, D.C. hardcore punk","Washington, D.C., hardcore","https://en.wikipedia.org/wiki/Washington,_D.C.,_hardcore"
http://www.wikidata.org/entity/Q823080,no wave,No wave,https://en.wikipedia.org/wiki/No_wave
http://www.wikidata.org/entity/Q825769,crust punk,Crust punk,https://en.wikipedia.org/wiki/Crust_punk
http://www.wikidata.org/entity/Q823560,musique concrète,Musique concrète,https://en.wikipedia.org/wiki/Musique_concr%C3%A8te
http://www.wikidata.org/entity/Q3121396,Basque radical rock,Basque Radical Rock,https://en.wikipedia.org/wiki/Basque_Radical_Rock
http://www.wikidata.org/entity/Q3128751,Hawfi,Hawfi,https://en.wikipedia.org/wiki/Hawfi
http://www.wikidata.org/entity/Q3135790,Algerian hip hop,Algerian hip-hop,https://en.wikipedia.org/wiki/Algerian_hip-hop
http://www.wikidata.org/entity/Q3135796,Brazilian hip-hop,Brazilian hip-hop,https://en.wikipedia.org/wiki/Brazilian_hip-hop
http://www.wikidata.org/entity/Q3135791,Ivorian hip hop,Ivorian hip-hop,https://en.wikipedia.org/wiki/Ivorian_hip-hop
http://www.wikidata.org/entity/Q3135793,Middle Eastern hip hop,Middle Eastern hip-hop,https://en.wikipedia.org/wiki/Middle_Eastern_hip-hop
http://www.wikidata.org/entity/Q3135792,orchestral hip hop,Classical music in hip-hop,https://en.wikipedia.org/wiki/Classical_music_in_hip-hop
http://www.wikidata.org/entity/Q3111428,gospel blues,Gospel blues,https://en.wikipedia.org/wiki/Gospel_blues
http://www.wikidata.org/entity/Q3114644,music of Australia,Music of Australia,https://en.wikipedia.org/wiki/Music_of_Australia
http://www.wikidata.org/entity/Q3116754,grindie,Grindie,https://en.wikipedia.org/wiki/Grindie
http://www.wikidata.org/entity/Q3117305,group sounds,Group sounds,https://en.wikipedia.org/wiki/Group_sounds
http://www.wikidata.org/entity/Q3092733,Portuguese rock,Rock music in Portugal,https://en.wikipedia.org/wiki/Rock_music_in_Portugal
http://www.wikidata.org/entity/Q3089524,huapango,Huapango,https://en.wikipedia.org/wiki/Huapango
http://www.wikidata.org/entity/Q3085344,music of Peru,Music of Peru,https://en.wikipedia.org/wiki/Music_of_Peru
http://www.wikidata.org/entity/Q3090876,funaná,Funaná,https://en.wikipedia.org/wiki/Funan%C3%A1
http://www.wikidata.org/entity/Q3091180,shashmaqam,Shashmaqam,https://en.wikipedia.org/wiki/Shashmaqam
http://www.wikidata.org/entity/Q840748,Iranian hip hop,Iranian hip-hop,https://en.wikipedia.org/wiki/Iranian_hip-hop
http://www.wikidata.org/entity/Q840065,new jack swing,New jack swing,https://en.wikipedia.org/wiki/New_jack_swing
http://www.wikidata.org/entity/Q842324,indie pop,Indie pop,https://en.wikipedia.org/wiki/Indie_pop
http://www.wikidata.org/entity/Q848852,Eurobeat,Eurobeat,https://en.wikipedia.org/wiki/Eurobeat
http://www.wikidata.org/entity/Q3328669,music of the Americas,Music of the Americas,https://en.wikipedia.org/wiki/Music_of_the_Americas
http://www.wikidata.org/entity/Q3328684,music of Gabon,Music of Gabon,https://en.wikipedia.org/wiki/Music_of_Gabon
http://www.wikidata.org/entity/Q848457,speedcore,Speedcore,https://en.wikipedia.org/wiki/Speedcore
http://www.wikidata.org/entity/Q3328686,Hindu music,Hindu spiritual music,https://en.wikipedia.org/wiki/Hindu_spiritual_music
http://www.wikidata.org/entity/Q220830,surf music,Surf music,https://en.wikipedia.org/wiki/Surf_music
http://www.wikidata.org/entity/Q220535,verbunkos,Verbunkos,https://en.wikipedia.org/wiki/Verbunkos
http://www.wikidata.org/entity/Q220528,Rebetiko,Rebetiko,https://en.wikipedia.org/wiki/Rebetiko
http://www.wikidata.org/entity/Q851213,electronic dance music,Electronic dance music,https://en.wikipedia.org/wiki/Electronic_dance_music
http://www.wikidata.org/entity/Q852027,impromptu,Impromptu,https://en.wikipedia.org/wiki/Impromptu
http://www.wikidata.org/entity/Q6138491,tamborera,Tamborera,https://en.wikipedia.org/wiki/Tamborera
http://www.wikidata.org/entity/Q6138499,tamborito,Tamborito,https://en.wikipedia.org/wiki/Tamborito
http://www.wikidata.org/entity/Q6168383,Indian jazz,Jazz in India,https://en.wikipedia.org/wiki/Jazz_in_India
http://www.wikidata.org/entity/Q6168405,jazz poetry,Jazz poetry,https://en.wikipedia.org/wiki/Jazz_poetry
http://www.wikidata.org/entity/Q6149344,pinpeat,Pinpeat,https://en.wikipedia.org/wiki/Pinpeat
http://www.wikidata.org/entity/Q6120148,sanjuanito,Sanjuanito,https://en.wikipedia.org/wiki/Sanjuanito
http://www.wikidata.org/entity/Q6168369,Afro-jazz,Afro-jazz,https://en.wikipedia.org/wiki/Afro-jazz
http://www.wikidata.org/entity/Q6124308,jaiva,Jaiva,https://en.wikipedia.org/wiki/Jaiva
http://www.wikidata.org/entity/Q6153278,tropical rock,Tropical rock,https://en.wikipedia.org/wiki/Tropical_rock
http://www.wikidata.org/entity/Q2994332,rock en español,Rock en español,https://en.wikipedia.org/wiki/Rock_en_espa%C3%B1ol
http://www.wikidata.org/entity/Q2995521,contenance angloise,Contenance angloise,https://en.wikipedia.org/wiki/Contenance_angloise
http://www.wikidata.org/entity/Q2997058,melodic black metal,Melodic black metal,https://en.wikipedia.org/wiki/Melodic_black_metal
http://www.wikidata.org/entity/Q6158987,Japanese reggae,Japanese reggae,https://en.wikipedia.org/wiki/Japanese_reggae
http://www.wikidata.org/entity/Q3181943,kuda kepang,Kuda Lumping,https://en.wikipedia.org/wiki/Kuda_Lumping
http://www.wikidata.org/entity/Q3140141,honky tonk,Honky tonk music,https://en.wikipedia.org/wiki/Honky_tonk_music
http://www.wikidata.org/entity/Q3179786,sambass,Sambass,https://en.wikipedia.org/wiki/Sambass
http://www.wikidata.org/entity/Q3177825,game piece,Game piece (music),https://en.wikipedia.org/wiki/Game_piece_(music)
http://www.wikidata.org/entity/Q3160589,Jaipongan,Jaipongan,https://en.wikipedia.org/wiki/Jaipongan
http://www.wikidata.org/entity/Q3163340,Afro-Cuban jazz,Afro-Cuban jazz,https://en.wikipedia.org/wiki/Afro-Cuban_jazz
http://www.wikidata.org/entity/Q3191747,cadence rampa,Cadence rampa,https://en.wikipedia.org/wiki/Cadence_rampa
http://www.wikidata.org/entity/Q3191713,kacapi suling,Kacapi suling,https://en.wikipedia.org/wiki/Kacapi_suling
http://www.wikidata.org/entity/Q6785872,Mata-kantiga,Mata-kantiga,https://en.wikipedia.org/wiki/Mata-kantiga
http://www.wikidata.org/entity/Q6796760,Maya music,Maya music,https://en.wikipedia.org/wiki/Maya_music
http://www.wikidata.org/entity/Q6799044,mazur,Mazur (dance),https://en.wikipedia.org/wiki/Mazur_(dance)
http://www.wikidata.org/entity/Q6799695,Mbira music,Mbira music,https://en.wikipedia.org/wiki/Mbira_music
http://www.wikidata.org/entity/Q6799787,mbube,Mbube (genre),https://en.wikipedia.org/wiki/Mbube_(genre)
http://www.wikidata.org/entity/Q6812125,mele,Mele (Hawaiian term),https://en.wikipedia.org/wiki/Mele_(Hawaiian_term)
http://www.wikidata.org/entity/Q6784085,Mass song,Mass song,https://en.wikipedia.org/wiki/Mass_song
http://www.wikidata.org/entity/Q6864975,Mini-jazz,Mini-jazz,https://en.wikipedia.org/wiki/Mini-jazz
http://www.wikidata.org/entity/Q6865341,minimal wave,Minimal wave,https://en.wikipedia.org/wiki/Minimal_wave
http://www.wikidata.org/entity/Q6817378,Mentai rock,Hakata no Rokku,https://en.wikipedia.org/wiki/Hakata_no_Rokku
http://www.wikidata.org/entity/Q6819034,merengue típico,Merengue típico,https://en.wikipedia.org/wiki/Merengue_t%C3%ADpico
http://www.wikidata.org/entity/Q6821898,semi-classical music,Semi-classical music,https://en.wikipedia.org/wiki/Semi-classical_music
http://www.wikidata.org/entity/Q6826021,Mexican cumbia,Mexican cumbia,https://en.wikipedia.org/wiki/Mexican_cumbia
http://www.wikidata.org/entity/Q6826078,Mexican pop,Mexican pop music,https://en.wikipedia.org/wiki/Mexican_pop_music
http://www.wikidata.org/entity/Q6825988,son mexicano,Son mexicano,https://en.wikipedia.org/wiki/Son_mexicano
http://www.wikidata.org/entity/Q6826151,Qudud Halabiya,Qudud Halabiya,https://en.wikipedia.org/wiki/Qudud_Halabiya
http://www.wikidata.org/entity/Q6457912,LGBT music,LGBTQ music,https://en.wikipedia.org/wiki/LGBTQ_music
http://www.wikidata.org/entity/Q6480726,lam saravane,Lam saravane,https://en.wikipedia.org/wiki/Lam_saravane
http://www.wikidata.org/entity/Q6480724,lam luang,Lam luang,https://en.wikipedia.org/wiki/Lam_luang
http://www.wikidata.org/entity/Q6480725,lam ploen,Lam ploen,https://en.wikipedia.org/wiki/Lam_ploen
http://www.wikidata.org/entity/Q6444335,kundiman,Kundiman,https://en.wikipedia.org/wiki/Kundiman
http://www.wikidata.org/entity/Q6496549,Latin soul,Latin soul,https://en.wikipedia.org/wiki/Latin_soul
http://www.wikidata.org/entity/Q6450040,Kwakwaka'wakw music,Kwakwakaʼwakw music,https://en.wikipedia.org/wiki/Kwakwaka%CA%BCwakw_music
http://www.wikidata.org/entity/Q6452410,Christian music,Christian music,https://en.wikipedia.org/wiki/Christian_music
http://www.wikidata.org/entity/Q6453929,könsrock,Könsrock,https://en.wikipedia.org/wiki/K%C3%B6nsrock
http://www.wikidata.org/entity/Q6442578,Kuku,Kuku (music),https://en.wikipedia.org/wiki/Kuku_(music)
http://www.wikidata.org/entity/Q6456152,Lao pop,Lao pop,https://en.wikipedia.org/wiki/Lao_pop
http://www.wikidata.org/entity/Q846784,music of Sweden,Music of Sweden,https://en.wikipedia.org/wiki/Music_of_Sweden
http://www.wikidata.org/entity/Q846833,crossover jazz,Crossover jazz,https://en.wikipedia.org/wiki/Crossover_jazz
http://www.wikidata.org/entity/Q848399,easy listening,Easy listening,https://en.wikipedia.org/wiki/Easy_listening
http://www.wikidata.org/entity/Q6942240,music of Panama,Music of Panama,https://en.wikipedia.org/wiki/Music_of_Panama
http://www.wikidata.org/entity/Q6942262,music of Saskatchewan,Music of Saskatchewan,https://en.wikipedia.org/wiki/Music_of_Saskatchewan
http://www.wikidata.org/entity/Q6942263,music of Sardinia,Music of Sardinia,https://en.wikipedia.org/wiki/Music_of_Sardinia
http://www.wikidata.org/entity/Q6942260,music of San Marino,Music of San Marino,https://en.wikipedia.org/wiki/Music_of_San_Marino
http://www.wikidata.org/entity/Q6942267,music of Seychelles,Music of Seychelles,https://en.wikipedia.org/wiki/Music_of_Seychelles
http://www.wikidata.org/entity/Q6942271,music of Sierra Leone,Music of Sierra Leone,https://en.wikipedia.org/wiki/Music_of_Sierra_Leone
http://www.wikidata.org/entity/Q6942275,music of Singapore,Music of Singapore,https://en.wikipedia.org/wiki/Music_of_Singapore
http://www.wikidata.org/entity/Q6942277,music of Somalia,Music of Somalia,https://en.wikipedia.org/wiki/Music_of_Somalia
http://www.wikidata.org/entity/Q6942280,music of South Korea,Music of South Korea,https://en.wikipedia.org/wiki/Music_of_South_Korea
http://www.wikidata.org/entity/Q2981079,music of the Czech Republic,Music of the Czech Republic,https://en.wikipedia.org/wiki/Music_of_the_Czech_Republic
http://www.wikidata.org/entity/Q2982341,coladeira,Coladeira,https://en.wikipedia.org/wiki/Coladeira
http://www.wikidata.org/entity/Q2988851,Finnish rock,Rock music in Finland,https://en.wikipedia.org/wiki/Rock_music_in_Finland
http://www.wikidata.org/entity/Q2991840,snap music,Snap music,https://en.wikipedia.org/wiki/Snap_music
http://www.wikidata.org/entity/Q2963621,chillstep,Chillstep,https://en.wikipedia.org/wiki/Chillstep
http://www.wikidata.org/entity/Q2976236,classic rag,Classic rag,https://en.wikipedia.org/wiki/Classic_rag
http://www.wikidata.org/entity/Q2978696,clawhammer,Clawhammer,https://en.wikipedia.org/wiki/Clawhammer
http://www.wikidata.org/entity/Q869210,corrido,Corrido,https://en.wikipedia.org/wiki/Corrido
http://www.wikidata.org/entity/Q870340,chalga,Chalga,https://en.wikipedia.org/wiki/Chalga
http://www.wikidata.org/entity/Q868855,old-school hip-hop,Old-school hip-hop,https://en.wikipedia.org/wiki/Old-school_hip-hop
http://www.wikidata.org/entity/Q869750,Okinawan music,Okinawan music,https://en.wikipedia.org/wiki/Okinawan_music
http://www.wikidata.org/entity/Q6941842,music for the Requiem Mass,Music for the Requiem Mass,https://en.wikipedia.org/wiki/Music_for_the_Requiem_Mass
http://www.wikidata.org/entity/Q6941949,music of Altai,Music in the Altai Republic,https://en.wikipedia.org/wiki/Music_in_the_Altai_Republic
http://www.wikidata.org/entity/Q6878168,missa sine nomine,Missa sine nomine,https://en.wikipedia.org/wiki/Missa_sine_nomine
http://www.wikidata.org/entity/Q6911419,Moresche,Moresche (music),https://en.wikipedia.org/wiki/Moresche_(music)
http://www.wikidata.org/entity/Q6874626,mirror canon,Mirror canon,https://en.wikipedia.org/wiki/Mirror_canon
http://www.wikidata.org/entity/Q6907397,moombahcore,Moombahcore,https://en.wikipedia.org/wiki/Moombahcore
http://www.wikidata.org/entity/Q6918602,motswako,Motswako,https://en.wikipedia.org/wiki/Motswako
http://www.wikidata.org/entity/Q6908884,mor lam sing,Mor lam sing,https://en.wikipedia.org/wiki/Mor_lam_sing
http://www.wikidata.org/entity/Q6909347,Moravian Church music,Moravian Church music,https://en.wikipedia.org/wiki/Moravian_Church_music
http://www.wikidata.org/entity/Q6909358,Moravian folk music,Moravian folk music,https://en.wikipedia.org/wiki/Moravian_folk_music
http://www.wikidata.org/entity/Q6868046,Minneapolis sound,Minneapolis sound,https://en.wikipedia.org/wiki/Minneapolis_sound
http://www.wikidata.org/entity/Q6874634,Mirror fugue,Mirror fugue,https://en.wikipedia.org/wiki/Mirror_fugue
http://www.wikidata.org/entity/Q6912671,Mormon folk music,Mormon folk music,https://en.wikipedia.org/wiki/Mormon_folk_music
http://www.wikidata.org/entity/Q6912676,Mormon music,Mormon music,https://en.wikipedia.org/wiki/Mormon_music
http://www.wikidata.org/entity/Q6936014,gamelan munggang,Munggang,https://en.wikipedia.org/wiki/Munggang
http://www.wikidata.org/entity/Q12845743,symphonic mugham,Symphonic mugham,https://en.wikipedia.org/wiki/Symphonic_mugham
http://www.wikidata.org/entity/Q6942022,Bollywood film music,Hindi film music,https://en.wikipedia.org/wiki/Hindi_film_music
http://www.wikidata.org/entity/Q6941967,music of Sakha,Music in the Sakha Republic,https://en.wikipedia.org/wiki/Music_in_the_Sakha_Republic
http://www.wikidata.org/entity/Q6941994,music of Andorra,Music of Andorra,https://en.wikipedia.org/wiki/Music_of_Andorra
http://www.wikidata.org/entity/Q12825911,lazgi,Lazgi,https://en.wikipedia.org/wiki/Lazgi
http://www.wikidata.org/entity/Q6942109,Guangdong music,Guangdong music (genre),https://en.wikipedia.org/wiki/Guangdong_music_(genre)
http://www.wikidata.org/entity/Q12873448,Amanes,Amanes,https://en.wikipedia.org/wiki/Amanes
http://www.wikidata.org/entity/Q6942068,music of Ecuador,Music of Ecuador,https://en.wikipedia.org/wiki/Music_of_Ecuador
http://www.wikidata.org/entity/Q12876995,Greek folk music,Greek traditional music,https://en.wikipedia.org/wiki/Greek_traditional_music
http://www.wikidata.org/entity/Q854844,bhangra,Bhangra (music),https://en.wikipedia.org/wiki/Bhangra_(music)
http://www.wikidata.org/entity/Q854451,Celtic music,Celtic music,https://en.wikipedia.org/wiki/Celtic_music
http://www.wikidata.org/entity/Q854775,bhajan,Bhajan,https://en.wikipedia.org/wiki/Bhajan
http://www.wikidata.org/entity/Q3328739,music of Palestine,Music of Palestine,https://en.wikipedia.org/wiki/Music_of_Palestine
http://www.wikidata.org/entity/Q3328738,music of Uzbekistan,Music of Uzbekistan,https://en.wikipedia.org/wiki/Music_of_Uzbekistan
http://www.wikidata.org/entity/Q3328740,music of Pakistan,Music of Pakistan,https://en.wikipedia.org/wiki/Music_of_Pakistan
http://www.wikidata.org/entity/Q3328743,music of the Philippines,Music of the Philippines,https://en.wikipedia.org/wiki/Music_of_the_Philippines
http://www.wikidata.org/entity/Q3328745,music of Polynesia,Music of Polynesia,https://en.wikipedia.org/wiki/Music_of_Polynesia
http://www.wikidata.org/entity/Q3328756,music of Quebec,Music of Quebec,https://en.wikipedia.org/wiki/Music_of_Quebec
http://www.wikidata.org/entity/Q3307225,progressive bluegrass,Progressive bluegrass,https://en.wikipedia.org/wiki/Progressive_bluegrass
http://www.wikidata.org/entity/Q3310676,Boeremusiek,Boeremusiek,https://en.wikipedia.org/wiki/Boeremusiek
http://www.wikidata.org/entity/Q3325918,zortziko,Zortziko,https://en.wikipedia.org/wiki/Zortziko
http://www.wikidata.org/entity/Q3322619,Guaguancó,Guaguancó,https://en.wikipedia.org/wiki/Guaguanc%C3%B3
http://www.wikidata.org/entity/Q3322869,Palm Desert Scene,Palm Desert Scene,https://en.wikipedia.org/wiki/Palm_Desert_Scene
http://www.wikidata.org/entity/Q834959,samba rock,Samba rock,https://en.wikipedia.org/wiki/Samba_rock
http://www.wikidata.org/entity/Q835131,Goa trance,Goa trance,https://en.wikipedia.org/wiki/Goa_trance
http://www.wikidata.org/entity/Q832665,Hard trance,Hard trance,https://en.wikipedia.org/wiki/Hard_trance
http://www.wikidata.org/entity/Q834566,ganga,Ganga (music),https://en.wikipedia.org/wiki/Ganga_(music)
http://www.wikidata.org/entity/Q833189,music of Norway,Music of Norway,https://en.wikipedia.org/wiki/Music_of_Norway
http://www.wikidata.org/entity/Q3328735,music of Nepal,Music of Nepal,https://en.wikipedia.org/wiki/Music_of_Nepal
http://www.wikidata.org/entity/Q858579,big beat,Big beat,https://en.wikipedia.org/wiki/Big_beat
http://www.wikidata.org/entity/Q860196,bikutsi,Bikutsi,https://en.wikipedia.org/wiki/Bikutsi
http://www.wikidata.org/entity/Q861823,electroclash,Electroclash,https://en.wikipedia.org/wiki/Electroclash
http://www.wikidata.org/entity/Q831354,smooth jazz,Smooth jazz,https://en.wikipedia.org/wiki/Smooth_jazz
http://www.wikidata.org/entity/Q830325,horror punk,Horror punk,https://en.wikipedia.org/wiki/Horror_punk
http://www.wikidata.org/entity/Q830634,Minnesang,Minnesang,https://en.wikipedia.org/wiki/Minnesang
http://www.wikidata.org/entity/Q6942003,music of Aragon,Music of Aragon,https://en.wikipedia.org/wiki/Music_of_Aragon
http://www.wikidata.org/entity/Q6942010,music of Bahrain,Music of Bahrain,https://en.wikipedia.org/wiki/Music_of_Bahrain
http://www.wikidata.org/entity/Q6942011,music of Badakhshan,Music of Badakhshan,https://en.wikipedia.org/wiki/Music_of_Badakhshan
http://www.wikidata.org/entity/Q6942012,music of Bali,Music of Bali,https://en.wikipedia.org/wiki/Music_of_Bali
http://www.wikidata.org/entity/Q6942031,music of Cambodia,Music of Cambodia,https://en.wikipedia.org/wiki/Music_of_Cambodia
http://www.wikidata.org/entity/Q6942028,music of Burkina Faso,Music of Burkina Faso,https://en.wikipedia.org/wiki/Music_of_Burkina_Faso
http://www.wikidata.org/entity/Q6942037,music of Canada,Music of Canada,https://en.wikipedia.org/wiki/Music_of_Canada
http://www.wikidata.org/entity/Q6942044,music of Central Asia,Music of Central Asia,https://en.wikipedia.org/wiki/Music_of_Central_Asia
http://www.wikidata.org/entity/Q3328734,music of Oman,Music of Oman,https://en.wikipedia.org/wiki/Music_of_Oman
http://www.wikidata.org/entity/Q783097,college rock,College rock,https://en.wikipedia.org/wiki/College_rock
http://www.wikidata.org/entity/Q783243,Australian hip-hop,Australian hip-hop,https://en.wikipedia.org/wiki/Australian_hip-hop
http://www.wikidata.org/entity/Q781815,passion,Passion (music),https://en.wikipedia.org/wiki/Passion_(music)
http://www.wikidata.org/entity/Q783874,nasheed,Nasheed,https://en.wikipedia.org/wiki/Nasheed
http://www.wikidata.org/entity/Q3575673,zoblazo,Zoblazo,https://en.wikipedia.org/wiki/Zoblazo
http://www.wikidata.org/entity/Q3587612,electroacoustic improvisation,Electroacoustic improvisation,https://en.wikipedia.org/wiki/Electroacoustic_improvisation
http://www.wikidata.org/entity/Q3591962,Ethio-jazz,Ethio-jazz,https://en.wikipedia.org/wiki/Ethio-jazz
http://www.wikidata.org/entity/Q3595117,Kirana gharana,Kirana gharana,https://en.wikipedia.org/wiki/Kirana_gharana
http://www.wikidata.org/entity/Q3573134,Yuka,Yuka (music),https://en.wikipedia.org/wiki/Yuka_(music)
http://www.wikidata.org/entity/Q915152,progressive house,Progressive house,https://en.wikipedia.org/wiki/Progressive_house
http://www.wikidata.org/entity/Q3605852,adult album alternative,Adult album alternative,https://en.wikipedia.org/wiki/Adult_album_alternative
http://www.wikidata.org/entity/Q912383,furniture music,Furniture music,https://en.wikipedia.org/wiki/Furniture_music
http://www.wikidata.org/entity/Q3192842,Kapa haka,Kapa haka,https://en.wikipedia.org/wiki/Kapa_haka
http://www.wikidata.org/entity/Q804596,baladi,Baladi,https://en.wikipedia.org/wiki/Baladi
http://www.wikidata.org/entity/Q804401,Bakersfield sound,Bakersfield sound,https://en.wikipedia.org/wiki/Bakersfield_sound
http://www.wikidata.org/entity/Q790188,avant-garde jazz,Avant-garde jazz,https://en.wikipedia.org/wiki/Avant-garde_jazz
http://www.wikidata.org/entity/Q805044,Balkan brass,Balkan brass,https://en.wikipedia.org/wiki/Balkan_brass
http://www.wikidata.org/entity/Q3679098,music of Italy,Music of Italy,https://en.wikipedia.org/wiki/Music_of_Italy
http://www.wikidata.org/entity/Q3699386,cumbia rap,Cumbia rap,https://en.wikipedia.org/wiki/Cumbia_rap
http://www.wikidata.org/entity/Q3709211,dirty rap,Dirty rap,https://en.wikipedia.org/wiki/Dirty_rap
http://www.wikidata.org/entity/Q3710513,music of Haiti,Music of Haiti,https://en.wikipedia.org/wiki/Music_of_Haiti
http://www.wikidata.org/entity/Q3702442,Occitan folk music,Occitan folk music,https://en.wikipedia.org/wiki/Occitan_folk_music
http://www.wikidata.org/entity/Q3328770,music of Senegal,Music of Senegal,https://en.wikipedia.org/wiki/Music_of_Senegal
http://www.wikidata.org/entity/Q3328772,music of Tajikistan,Music of Tajikistan,https://en.wikipedia.org/wiki/Music_of_Tajikistan
http://www.wikidata.org/entity/Q3328786,music of Yemen,Music of Yemen,https://en.wikipedia.org/wiki/Music_of_Yemen
http://www.wikidata.org/entity/Q3328789,music of Turkmenistan,Music of Turkmenistan,https://en.wikipedia.org/wiki/Music_of_Turkmenistan
http://www.wikidata.org/entity/Q3328778,tropical music,Tropical music,https://en.wikipedia.org/wiki/Tropical_music
http://www.wikidata.org/entity/Q3328781,Tunisian underground music,Tunisian underground music,https://en.wikipedia.org/wiki/Tunisian_underground_music
http://www.wikidata.org/entity/Q3333303,méringue,Méringue,https://en.wikipedia.org/wiki/M%C3%A9ringue
http://www.wikidata.org/entity/Q3334664,Naattupurapaattu,Naattupurapaattu,https://en.wikipedia.org/wiki/Naattupurapaattu
http://www.wikidata.org/entity/Q3337494,Ndombolo,Ndombolo,https://en.wikipedia.org/wiki/Ndombolo
http://www.wikidata.org/entity/Q7085499,Old time fiddle,Old time fiddle,https://en.wikipedia.org/wiki/Old_time_fiddle
http://www.wikidata.org/entity/Q7088779,Oltului,Oltului,https://en.wikipedia.org/wiki/Oltului
http://www.wikidata.org/entity/Q7092205,ondo,Ondo (music),https://en.wikipedia.org/wiki/Ondo_(music)
http://www.wikidata.org/entity/Q7042505,Njuup,Njuup,https://en.wikipedia.org/wiki/Njuup
http://www.wikidata.org/entity/Q7042753,No-Fi,No-Fi,https://en.wikipedia.org/wiki/No-Fi
http://www.wikidata.org/entity/Q7050752,Nordic folk music,Nordic folk music,https://en.wikipedia.org/wiki/Nordic_folk_music
http://www.wikidata.org/entity/Q7060273,Northwest Wind,Northwest Wind,https://en.wikipedia.org/wiki/Northwest_Wind
http://www.wikidata.org/entity/Q7015151,New Yorkshire,New Yorkshire,https://en.wikipedia.org/wiki/New_Yorkshire
http://www.wikidata.org/entity/Q7016386,new blues,New blues,https://en.wikipedia.org/wiki/New_blues
http://www.wikidata.org/entity/Q7016547,Newar music,Newar music,https://en.wikipedia.org/wiki/Newar_music
http://www.wikidata.org/entity/Q7067688,nu-funk,Nu-funk,https://en.wikipedia.org/wiki/Nu-funk
http://www.wikidata.org/entity/Q14493900,Texas country music,Texas country music,https://en.wikipedia.org/wiki/Texas_country_music
http://www.wikidata.org/entity/Q7070611,nuubaat,Nuubaat,https://en.wikipedia.org/wiki/Nuubaat
http://www.wikidata.org/entity/Q7023407,Đờn ca tài tử,Đờn ca tài tử,https://en.wikipedia.org/wiki/%C4%90%E1%BB%9Dn_ca_t%C3%A0i_t%E1%BB%AD
http://www.wikidata.org/entity/Q7023411,nhạc đỏ,Nhạc đỏ,https://en.wikipedia.org/wiki/Nh%E1%BA%A1c_%C4%91%E1%BB%8F
http://www.wikidata.org/entity/Q7077860,Odissi music,Odissi music,https://en.wikipedia.org/wiki/Odissi_music
http://www.wikidata.org/entity/Q874038,deep house,Deep house,https://en.wikipedia.org/wiki/Deep_house
http://www.wikidata.org/entity/Q873478,enka,Enka,https://en.wikipedia.org/wiki/Enka
http://www.wikidata.org/entity/Q3349878,ohangla,Ohangla,https://en.wikipedia.org/wiki/Ohangla
http://www.wikidata.org/entity/Q3349990,ojkanje,Ojkanje,https://en.wikipedia.org/wiki/Ojkanje
http://www.wikidata.org/entity/Q863539,binaural beats,Binaural beats,https://en.wikipedia.org/wiki/Binaural_beats
http://www.wikidata.org/entity/Q864605,biomusic,Biomusic,https://en.wikipedia.org/wiki/Biomusic
http://www.wikidata.org/entity/Q866816,bourrée,Bourrée,https://en.wikipedia.org/wiki/Bourr%C3%A9e
http://www.wikidata.org/entity/Q867914,clausula,Clausula (music),https://en.wikipedia.org/wiki/Clausula_(music)
http://www.wikidata.org/entity/Q867306,music of Thailand,Music of Thailand,https://en.wikipedia.org/wiki/Music_of_Thailand
http://www.wikidata.org/entity/Q107290600,pop standard,Pop standard,https://en.wikipedia.org/wiki/Pop_standard
http://www.wikidata.org/entity/Q107290934,hookah rap,Hookah rap,https://en.wikipedia.org/wiki/Hookah_rap
http://www.wikidata.org/entity/Q15720097,bhavageete,Bhavageete,https://en.wikipedia.org/wiki/Bhavageete
http://www.wikidata.org/entity/Q15724280,Dasakathia,Dasakathia,https://en.wikipedia.org/wiki/Dasakathia
http://www.wikidata.org/entity/Q15733887,vaporwave,Vaporwave,https://en.wikipedia.org/wiki/Vaporwave
http://www.wikidata.org/entity/Q107365602,Finnish jazz,Finnish jazz,https://en.wikipedia.org/wiki/Finnish_jazz
http://www.wikidata.org/entity/Q107515261,digicore,Digicore,https://en.wikipedia.org/wiki/Digicore
http://www.wikidata.org/entity/Q107194780,break-in,Break-in record,https://en.wikipedia.org/wiki/Break-in_record
http://www.wikidata.org/entity/Q788460,bagatelle,Bagatelle (music),https://en.wikipedia.org/wiki/Bagatelle_(music)
http://www.wikidata.org/entity/Q787663,guajira,Guajira (music),https://en.wikipedia.org/wiki/Guajira_(music)
http://www.wikidata.org/entity/Q786815,turbo-folk,Turbo-folk,https://en.wikipedia.org/wiki/Turbo-folk
http://www.wikidata.org/entity/Q784310,electro hop,Electro hop,https://en.wikipedia.org/wiki/Electro_hop
http://www.wikidata.org/entity/Q12881722,nisiotika,Nisiotika,https://en.wikipedia.org/wiki/Nisiotika
http://www.wikidata.org/entity/Q105379653,tifa totobuang,Tifa totobuang,https://en.wikipedia.org/wiki/Tifa_totobuang
http://www.wikidata.org/entity/Q13059993,Sari gan,Sari gan,https://en.wikipedia.org/wiki/Sari_gan
http://www.wikidata.org/entity/Q13060093,Sufi rock,Sufi rock,https://en.wikipedia.org/wiki/Sufi_rock
http://www.wikidata.org/entity/Q106085531,black gospel music,Black Gospel music,https://en.wikipedia.org/wiki/Black_Gospel_music
http://www.wikidata.org/entity/Q106015533,wedding music,Wedding music,https://en.wikipedia.org/wiki/Wedding_music
http://www.wikidata.org/entity/Q13058900,baul gaan,Baul music,https://en.wikipedia.org/wiki/Baul_music
http://www.wikidata.org/entity/Q105962378,Edo funk,Edo Funk,https://en.wikipedia.org/wiki/Edo_Funk
http://www.wikidata.org/entity/Q13118900,Powada,Powada,https://en.wikipedia.org/wiki/Powada
http://www.wikidata.org/entity/Q105627377,progressive jazz,Progressive jazz,https://en.wikipedia.org/wiki/Progressive_jazz
http://www.wikidata.org/entity/Q105883401,takamba,Takamba,https://en.wikipedia.org/wiki/Takamba
http://www.wikidata.org/entity/Q105637110,jazz house,Jazz house,https://en.wikipedia.org/wiki/Jazz_house
http://www.wikidata.org/entity/Q12876996,Greek hip hop,Greek hip-hop,https://en.wikipedia.org/wiki/Greek_hip-hop
http://www.wikidata.org/entity/Q106130091,post-dubstep,Post-dubstep,https://en.wikipedia.org/wiki/Post-dubstep
http://www.wikidata.org/entity/Q98528149,electro-disco,Electro-disco,https://en.wikipedia.org/wiki/Electro-disco
http://www.wikidata.org/entity/Q98528195,lăutărească music,Lăutărească music,https://en.wikipedia.org/wiki/L%C4%83ut%C4%83reasc%C4%83_music
http://www.wikidata.org/entity/Q98528204,spiritual jazz,Spiritual jazz,https://en.wikipedia.org/wiki/Spiritual_jazz
http://www.wikidata.org/entity/Q98528238,Mande music,Mande music,https://en.wikipedia.org/wiki/Mande_music
http://www.wikidata.org/entity/Q12408914,contemporary Jewish religious music,Contemporary Jewish religious music,https://en.wikipedia.org/wiki/Contemporary_Jewish_religious_music
http://www.wikidata.org/entity/Q12411192,Israeli hip hop,Israeli hip-hop,https://en.wikipedia.org/wiki/Israeli_hip-hop
http://www.wikidata.org/entity/Q97359235,Late Baroque,Late Baroque (music),https://en.wikipedia.org/wiki/Late_Baroque_(music)
http://www.wikidata.org/entity/Q97265899,lofi hip-hop,Lofi hip-hop,https://en.wikipedia.org/wiki/Lofi_hip-hop
http://www.wikidata.org/entity/Q98528252,deejay,Deejay (Jamaican music),https://en.wikipedia.org/wiki/Deejay_(Jamaican_music)
http://www.wikidata.org/entity/Q98528183,free folk,Free folk,https://en.wikipedia.org/wiki/Free_folk
http://www.wikidata.org/entity/Q97277483,New Jersey sound,New Jersey sound,https://en.wikipedia.org/wiki/New_Jersey_sound
http://www.wikidata.org/entity/Q97169418,hanmai,Hanmai,https://en.wikipedia.org/wiki/Hanmai
http://www.wikidata.org/entity/Q97276030,cumbia,Cumbia (Panama),https://en.wikipedia.org/wiki/Cumbia_(Panama)
http://www.wikidata.org/entity/Q12487960,gamelan joged bumbung,Gamelan joged bumbung,https://en.wikipedia.org/wiki/Gamelan_joged_bumbung
http://www.wikidata.org/entity/Q97356926,Sua,Sua (folk music),https://en.wikipedia.org/wiki/Sua_(folk_music)
http://www.wikidata.org/entity/Q98528143,post-minimalism,Postminimalism (music),https://en.wikipedia.org/wiki/Postminimalism_(music)
http://www.wikidata.org/entity/Q97368934,malouf tunisien,Tunisian malouf,https://en.wikipedia.org/wiki/Tunisian_malouf
http://www.wikidata.org/entity/Q6942354,music of the Canary Islands,Music of the Canary Islands,https://en.wikipedia.org/wiki/Music_of_the_Canary_Islands
http://www.wikidata.org/entity/Q6942358,music of the Comoros,Music of the Comoros,https://en.wikipedia.org/wiki/Music_of_the_Comoros
http://www.wikidata.org/entity/Q6942356,music of the Central African Republic,Music of the Central African Republic,https://en.wikipedia.org/wiki/Music_of_the_Central_African_Republic
http://www.wikidata.org/entity/Q3397882,progressive pop,Progressive pop,https://en.wikipedia.org/wiki/Progressive_pop
http://www.wikidata.org/entity/Q3408028,proto-prog,Proto-prog,https://en.wikipedia.org/wiki/Proto-prog
http://www.wikidata.org/entity/Q3408409,čalgija,Čalgija,https://en.wikipedia.org/wiki/%C4%8Calgija
http://www.wikidata.org/entity/Q6942343,music of the African diaspora,Music of the African diaspora,https://en.wikipedia.org/wiki/Music_of_the_African_diaspora
http://www.wikidata.org/entity/Q3410854,French punk,French punk,https://en.wikipedia.org/wiki/French_punk
http://www.wikidata.org/entity/Q853873,cantopop,Cantopop,https://en.wikipedia.org/wiki/Cantopop
http://www.wikidata.org/entity/Q852210,music of Romania,Music of Romania,https://en.wikipedia.org/wiki/Music_of_Romania
http://www.wikidata.org/entity/Q852767,Southern rock,Southern rock,https://en.wikipedia.org/wiki/Southern_rock
http://www.wikidata.org/entity/Q6942151,music of Libya,Music of Libya,https://en.wikipedia.org/wiki/Music_of_Libya
http://www.wikidata.org/entity/Q6942158,music of Louisiana,Music of Louisiana,https://en.wikipedia.org/wiki/Music_of_Louisiana
http://www.wikidata.org/entity/Q6942167,music of Malawi,Music of Malawi,https://en.wikipedia.org/wiki/Music_of_Malawi
http://www.wikidata.org/entity/Q3345491,Rabindra Sangeet,Rabindra Sangeet,https://en.wikipedia.org/wiki/Rabindra_Sangeet
http://www.wikidata.org/entity/Q3346909,Bhatiali,Bhatiali,https://en.wikipedia.org/wiki/Bhatiali
http://www.wikidata.org/entity/Q3347022,bhawaiya,Bhawaiya,https://en.wikipedia.org/wiki/Bhawaiya
http://www.wikidata.org/entity/Q3347093,néo-trad,Néo-trad,https://en.wikipedia.org/wiki/N%C3%A9o-trad
http://www.wikidata.org/entity/Q3347279,nòva cançon,Nòva cançon,https://en.wikipedia.org/wiki/N%C3%B2va_can%C3%A7on
http://www.wikidata.org/entity/Q3349675,music of Bengal,Music of Bengal,https://en.wikipedia.org/wiki/Music_of_Bengal
http://www.wikidata.org/entity/Q3365745,parang,Parang,https://en.wikipedia.org/wiki/Parang
http://www.wikidata.org/entity/Q3388814,Pinoy rock,Pinoy rock,https://en.wikipedia.org/wiki/Pinoy_rock
http://www.wikidata.org/entity/Q3389124,pirate metal,Pirate metal,https://en.wikipedia.org/wiki/Pirate_metal
http://www.wikidata.org/entity/Q3394533,Tabanka,Tabanka,https://en.wikipedia.org/wiki/Tabanka
http://www.wikidata.org/entity/Q3395292,Bugarštica,Bugarštica,https://en.wikipedia.org/wiki/Bugar%C5%A1tica
http://www.wikidata.org/entity/Q3397325,music of Mexico,Music of Mexico,https://en.wikipedia.org/wiki/Music_of_Mexico
http://www.wikidata.org/entity/Q3360459,pagode,Pagode,https://en.wikipedia.org/wiki/Pagode
http://www.wikidata.org/entity/Q3392209,tonada,Tonada,https://en.wikipedia.org/wiki/Tonada
http://www.wikidata.org/entity/Q3357584,ʻōteʻa,'ote'a,https://en.wikipedia.org/wiki/%27ote%27a
http://www.wikidata.org/entity/Q6658771,livetronica,Livetronica,https://en.wikipedia.org/wiki/Livetronica
http://www.wikidata.org/entity/Q6741049,malagueña,Malagueña (genre),https://en.wikipedia.org/wiki/Malague%C3%B1a_(genre)
http://www.wikidata.org/entity/Q6689665,lounge rock,Lounge rock,https://en.wikipedia.org/wiki/Lounge_rock
http://www.wikidata.org/entity/Q3274667,campursari,Campursari,https://en.wikipedia.org/wiki/Campursari
http://www.wikidata.org/entity/Q6723162,Macedonian hip hop,Macedonian hip-hop,https://en.wikipedia.org/wiki/Macedonian_hip-hop
http://www.wikidata.org/entity/Q6593123,music of Mauritius,Music of Mauritius,https://en.wikipedia.org/wiki/Music_of_Mauritius
http://www.wikidata.org/entity/Q6727621,Madhyalaya,Madhyalaya,https://en.wikipedia.org/wiki/Madhyalaya
http://www.wikidata.org/entity/Q6554176,Lining out,Lining out,https://en.wikipedia.org/wiki/Lining_out
http://www.wikidata.org/entity/Q6701559,luk krung,Luk krung,https://en.wikipedia.org/wiki/Luk_krung
http://www.wikidata.org/entity/Q6665245,phleng Thai sakon,Phleng Thai sakon,https://en.wikipedia.org/wiki/Phleng_Thai_sakon
http://www.wikidata.org/entity/Q6665252,Phleng phuea chiwit,Phleng phuea chiwit,https://en.wikipedia.org/wiki/Phleng_phuea_chiwit
http://www.wikidata.org/entity/Q6705212,Lusophone music,Lusophone music,https://en.wikipedia.org/wiki/Lusophone_music
http://www.wikidata.org/entity/Q6705418,lute song,Lute song,https://en.wikipedia.org/wiki/Lute_song
http://www.wikidata.org/entity/Q6666682,loft jazz,Loft jazz,https://en.wikipedia.org/wiki/Loft_jazz
http://www.wikidata.org/entity/Q6543501,Oppari,Oppari,https://en.wikipedia.org/wiki/Oppari
http://www.wikidata.org/entity/Q6654795,Thai hip hop,Thai hip-hop,https://en.wikipedia.org/wiki/Thai_hip-hop
http://www.wikidata.org/entity/Q6629917,khrueang sai,Khrueang sai,https://en.wikipedia.org/wiki/Khrueang_sai
http://www.wikidata.org/entity/Q856713,Christian hymn,Christian hymn,https://en.wikipedia.org/wiki/Christian_hymn
http://www.wikidata.org/entity/Q856872,rap metal,Rap metal,https://en.wikipedia.org/wiki/Rap_metal
http://www.wikidata.org/entity/Q6942070,music of Eritrea,Music of Eritrea,https://en.wikipedia.org/wiki/Music_of_Eritrea
http://www.wikidata.org/entity/Q6942071,music of El Salvador,Music of El Salvador,https://en.wikipedia.org/wiki/Music_of_El_Salvador
http://www.wikidata.org/entity/Q6942076,music of Fiji,Music of Fiji,https://en.wikipedia.org/wiki/Music_of_Fiji
http://www.wikidata.org/entity/Q6942095,music of Ghana,Music of Ghana,https://en.wikipedia.org/wiki/Music_of_Ghana
http://www.wikidata.org/entity/Q6942096,music of Goa,Music of Goa,https://en.wikipedia.org/wiki/Music_of_Goa
http://www.wikidata.org/entity/Q6942105,music of Guinea-Bissau,Music of Guinea-Bissau,https://en.wikipedia.org/wiki/Music_of_Guinea-Bissau
http://www.wikidata.org/entity/Q6942110,music of Guyana,Music of Guyana,https://en.wikipedia.org/wiki/Music_of_Guyana
http://www.wikidata.org/entity/Q6942118,music of Hong Kong,Music of Hong Kong,https://en.wikipedia.org/wiki/Music_of_Hong_Kong
http://www.wikidata.org/entity/Q6942130,music of Java,Music of Java,https://en.wikipedia.org/wiki/Music_of_Java
http://www.wikidata.org/entity/Q6942147,music of Lesotho,Music of Lesotho,https://en.wikipedia.org/wiki/Music_of_Lesotho
http://www.wikidata.org/entity/Q6942148,music of Liberia,Music of Liberia,https://en.wikipedia.org/wiki/Music_of_Liberia
http://www.wikidata.org/entity/Q3419347,Moroccan hip-hop,Moroccan hip-hop,https://en.wikipedia.org/wiki/Moroccan_hip-hop
http://www.wikidata.org/entity/Q3419350,Nigerien hip hop,Nigerien hip-hop,https://en.wikipedia.org/wiki/Nigerien_hip-hop
http://www.wikidata.org/entity/Q3419345,Romanian hip hop,Romanian hip-hop,https://en.wikipedia.org/wiki/Romanian_hip-hop
http://www.wikidata.org/entity/Q3413969,Quebradita,Quebradita,https://en.wikipedia.org/wiki/Quebradita
http://www.wikidata.org/entity/Q3421402,Raï'n'B,Raï'n'B,https://en.wikipedia.org/wiki/Ra%C3%AF%27n%27B
http://www.wikidata.org/entity/Q3415943,rabiz,Rabiz,https://en.wikipedia.org/wiki/Rabiz
http://www.wikidata.org/entity/Q3419744,rara,Rara music,https://en.wikipedia.org/wiki/Rara_music
http://www.wikidata.org/entity/Q3410876,punta rock,Punta rock,https://en.wikipedia.org/wiki/Punta_rock
http://www.wikidata.org/entity/Q3410882,punto guajiro,Punto guajiro,https://en.wikipedia.org/wiki/Punto_guajiro
http://www.wikidata.org/entity/Q828305,skate punk,Skate punk,https://en.wikipedia.org/wiki/Skate_punk
http://www.wikidata.org/entity/Q829147,protest song,Protest song,https://en.wikipedia.org/wiki/Protest_song
http://www.wikidata.org/entity/Q3328758,music of Saudi Arabia,Music of Saudi Arabia,https://en.wikipedia.org/wiki/Music_of_Saudi_Arabia
http://www.wikidata.org/entity/Q3328757,music of Réunion,Music of Réunion,https://en.wikipedia.org/wiki/Music_of_R%C3%A9union
http://www.wikidata.org/entity/Q3328766,music of Slovenia,Music of Slovenia,https://en.wikipedia.org/wiki/Music_of_Slovenia
http://www.wikidata.org/entity/Q3328763,Sikh music,Sikh music,https://en.wikipedia.org/wiki/Sikh_music
http://www.wikidata.org/entity/Q3328761,Shinto music,Shinto music,https://en.wikipedia.org/wiki/Shinto_music
http://www.wikidata.org/entity/Q3328764,Thai pop,Thai pop music,https://en.wikipedia.org/wiki/Thai_pop_music
http://www.wikidata.org/entity/Q3328768,music of Sri Lanka,Music of Sri Lanka,https://en.wikipedia.org/wiki/Music_of_Sri_Lanka
http://www.wikidata.org/entity/Q828181,Rock Against Communism,Rock Against Communism,https://en.wikipedia.org/wiki/Rock_Against_Communism
http://www.wikidata.org/entity/Q828243,futurepop,Futurepop,https://en.wikipedia.org/wiki/Futurepop
http://www.wikidata.org/entity/Q827775,monody,Monody,https://en.wikipedia.org/wiki/Monody
http://www.wikidata.org/entity/Q12302979,battle rap,Battle rap,https://en.wikipedia.org/wiki/Battle_rap
http://www.wikidata.org/entity/Q6510987,Lebanese hip hop,Lebanese hip-hop,https://en.wikipedia.org/wiki/Lebanese_hip-hop
http://www.wikidata.org/entity/Q12300621,Advent song,Advent song,https://en.wikipedia.org/wiki/Advent_song
http://www.wikidata.org/entity/Q12339784,Time Lord rock,Time Lord rock,https://en.wikipedia.org/wiki/Time_Lord_rock
http://www.wikidata.org/entity/Q12362064,emo rap,Emo rap,https://en.wikipedia.org/wiki/Emo_rap
http://www.wikidata.org/entity/Q6496560,Latin ballad,Latin ballad,https://en.wikipedia.org/wiki/Latin_ballad
http://www.wikidata.org/entity/Q6497489,Latvian rock,Rock music in Latvia,https://en.wikipedia.org/wiki/Rock_music_in_Latvia
http://www.wikidata.org/entity/Q6537469,Lewoz,Lewoz,https://en.wikipedia.org/wiki/Lewoz
http://www.wikidata.org/entity/Q885561,blue-eyed soul,Blue-eyed soul,https://en.wikipedia.org/wiki/Blue-eyed_soul
http://www.wikidata.org/entity/Q888137,skweee,Skweee,https://en.wikipedia.org/wiki/Skweee
http://www.wikidata.org/entity/Q885943,blue yodeling,Blue yodeling,https://en.wikipedia.org/wiki/Blue_yodeling
http://www.wikidata.org/entity/Q888612,deathgrind,Deathgrind,https://en.wikipedia.org/wiki/Deathgrind
http://www.wikidata.org/entity/Q104842028,satirical music,Satirical music,https://en.wikipedia.org/wiki/Satirical_music
http://www.wikidata.org/entity/Q104847359,Brooklyn drill,Brooklyn drill,https://en.wikipedia.org/wiki/Brooklyn_drill
http://www.wikidata.org/entity/Q104847619,tread rap,Tread rap,https://en.wikipedia.org/wiki/Tread_rap
http://www.wikidata.org/entity/Q104849599,adaha,Adaha,https://en.wikipedia.org/wiki/Adaha
http://www.wikidata.org/entity/Q104853037,Sundanese music,Sundanese music,https://en.wikipedia.org/wiki/Sundanese_music
http://www.wikidata.org/entity/Q104016404,Matrouz,Matrouz (music),https://en.wikipedia.org/wiki/Matrouz_(music)
http://www.wikidata.org/entity/Q104870123,Bantu music,Bantu music,https://en.wikipedia.org/wiki/Bantu_music
http://www.wikidata.org/entity/Q104870221,Bertitik,Bertitik,https://en.wikipedia.org/wiki/Bertitik
http://www.wikidata.org/entity/Q104870214,synth metal,Synth-metal,https://en.wikipedia.org/wiki/Synth-metal
http://www.wikidata.org/entity/Q104875944,Ladishah,Ladishah,https://en.wikipedia.org/wiki/Ladishah
http://www.wikidata.org/entity/Q104695865,hyperpop,Hyperpop,https://en.wikipedia.org/wiki/Hyperpop
http://www.wikidata.org/entity/Q102423159,postromantic music,Postromantic music,https://en.wikipedia.org/wiki/Postromantic_music
http://www.wikidata.org/entity/Q104834065,zäuerli,Zäuerli,https://en.wikipedia.org/wiki/Z%C3%A4uerli
http://www.wikidata.org/entity/Q6184945,Jersey Shore sound,Jersey Shore sound,https://en.wikipedia.org/wiki/Jersey_Shore_sound
http://www.wikidata.org/entity/Q6188299,Jesus music,Jesus music,https://en.wikipedia.org/wiki/Jesus_music
http://www.wikidata.org/entity/Q6191199,Jhumar,Jhumar,https://en.wikipedia.org/wiki/Jhumar
http://www.wikidata.org/entity/Q6169362,xuc,Xuc,https://en.wikipedia.org/wiki/Xuc
http://www.wikidata.org/entity/Q12493867,langgam jawa,Langgam jawa,https://en.wikipedia.org/wiki/Langgam_jawa
http://www.wikidata.org/entity/Q6759033,marfa,Marfa (music),https://en.wikipedia.org/wiki/Marfa_(music)
http://www.wikidata.org/entity/Q6754289,maqsoum,Maqsoum,https://en.wikipedia.org/wiki/Maqsoum
http://www.wikidata.org/entity/Q12497663,psalm,Psalm,https://en.wikipedia.org/wiki/Psalm
http://www.wikidata.org/entity/Q6748116,Mando,Mando (music),https://en.wikipedia.org/wiki/Mando_(music)
http://www.wikidata.org/entity/Q6772364,Maroon music,Maroon music,https://en.wikipedia.org/wiki/Maroon_music
http://www.wikidata.org/entity/Q6741534,Malay gamelan,Malay gamelan,https://en.wikipedia.org/wiki/Malay_gamelan
http://www.wikidata.org/entity/Q6742056,Malaysian hip hop,Malaysian hip-hop,https://en.wikipedia.org/wiki/Malaysian_hip-hop
http://www.wikidata.org/entity/Q6742070,Malaysian popular music,Malaysian popular music,https://en.wikipedia.org/wiki/Malaysian_popular_music
http://www.wikidata.org/entity/Q6774721,military music,Martial music,https://en.wikipedia.org/wiki/Martial_music
http://www.wikidata.org/entity/Q6748746,mangambeu,Mangambeu,https://en.wikipedia.org/wiki/Mangambeu
http://www.wikidata.org/entity/Q6749708,Manila sound,Manila sound,https://en.wikipedia.org/wiki/Manila_sound
http://www.wikidata.org/entity/Q6754164,Mappila song,Mappila songs,https://en.wikipedia.org/wiki/Mappila_songs
http://www.wikidata.org/entity/Q837837,power pop,Power pop,https://en.wikipedia.org/wiki/Power_pop
http://www.wikidata.org/entity/Q837389,Latin jazz,Latin jazz,https://en.wikipedia.org/wiki/Latin_jazz
http://www.wikidata.org/entity/Q836571,fantasia,Fantasia (musical form),https://en.wikipedia.org/wiki/Fantasia_(musical_form)
http://www.wikidata.org/entity/Q835919,crunk&B,Crunk&B,https://en.wikipedia.org/wiki/Crunk%26B
http://www.wikidata.org/entity/Q835562,habanera,Habanera (music),https://en.wikipedia.org/wiki/Habanera_(music)
http://www.wikidata.org/entity/Q835891,funk rock,Funk rock,https://en.wikipedia.org/wiki/Funk_rock
http://www.wikidata.org/entity/Q6942287,music of Tahiti,Music of Tahiti,https://en.wikipedia.org/wiki/Music_of_Tahiti
http://www.wikidata.org/entity/Q6942291,music of Texas,Music of Texas,https://en.wikipedia.org/wiki/Music_of_Texas
http://www.wikidata.org/entity/Q6942295,music of Suriname,Music of Suriname,https://en.wikipedia.org/wiki/Music_of_Suriname
http://www.wikidata.org/entity/Q6942300,music of Transylvania,Music of Transylvania,https://en.wikipedia.org/wiki/Music_of_Transylvania
http://www.wikidata.org/entity/Q6942301,music of Tonga,Music of Tonga,https://en.wikipedia.org/wiki/Music_of_Tonga
http://www.wikidata.org/entity/Q6942315,music of the Valencian Community,Music of the Valencian Community,https://en.wikipedia.org/wiki/Music_of_the_Valencian_Community
http://www.wikidata.org/entity/Q6942329,music of West Africa,Music of West Africa,https://en.wikipedia.org/wiki/Music_of_West_Africa
http://www.wikidata.org/entity/Q13409536,pantomime,Pantomime,https://en.wikipedia.org/wiki/Pantomime
http://www.wikidata.org/entity/Q13164291,red music,Red music,https://en.wikipedia.org/wiki/Red_music
http://www.wikidata.org/entity/Q13212088,Hori,Hori (music),https://en.wikipedia.org/wiki/Hori_(music)
http://www.wikidata.org/entity/Q98528267,music of South Asia,Music of South Asia,https://en.wikipedia.org/wiki/Music_of_South_Asia
http://www.wikidata.org/entity/Q3735853,daina,Folk songs of Lithuania,https://en.wikipedia.org/wiki/Folk_songs_of_Lithuania
http://www.wikidata.org/entity/Q3724735,emo pop,Emo pop,https://en.wikipedia.org/wiki/Emo_pop
http://www.wikidata.org/entity/Q880270,traditional black gospel,Traditional black gospel,https://en.wikipedia.org/wiki/Traditional_black_gospel
http://www.wikidata.org/entity/Q3726825,epic metal,Epic metal,https://en.wikipedia.org/wiki/Epic_metal
http://www.wikidata.org/entity/Q882985,garba,Garba (dance),https://en.wikipedia.org/wiki/Garba_(dance)
http://www.wikidata.org/entity/Q3735422,Bandari music,Bandari music,https://en.wikipedia.org/wiki/Bandari_music
http://www.wikidata.org/entity/Q3735537,Ainu folk music,Ainu folk music,https://en.wikipedia.org/wiki/Ainu_folk_music
http://www.wikidata.org/entity/Q7522213,Sindhi music,Sindhi music,https://en.wikipedia.org/wiki/Sindhi_music
http://www.wikidata.org/entity/Q7541571,Slovak folk music,Slovak folk music,https://en.wikipedia.org/wiki/Slovak_folk_music
http://www.wikidata.org/entity/Q7541786,Slovenian-style polka,Slovenian-style polka,https://en.wikipedia.org/wiki/Slovenian-style_polka
http://www.wikidata.org/entity/Q7541854,Slovenian hip hop,Slovenian hip-hop,https://en.wikipedia.org/wiki/Slovenian_hip-hop
http://www.wikidata.org/entity/Q7523217,Singapore hip hop,Singapore hip-hop,https://en.wikipedia.org/wiki/Singapore_hip-hop
http://www.wikidata.org/entity/Q7505953,Shyama Sangeet,Shyama Sangeet,https://en.wikipedia.org/wiki/Shyama_Sangeet
http://www.wikidata.org/entity/Q7513991,Sikuri,Sikuri,https://en.wikipedia.org/wiki/Sikuri
http://www.wikidata.org/entity/Q7525526,Sioux music,Sioux music,https://en.wikipedia.org/wiki/Sioux_music
http://www.wikidata.org/entity/Q7555120,sokkie,Sokkie,https://en.wikipedia.org/wiki/Sokkie
http://www.wikidata.org/entity/Q3655696,cante flamenco,Cante flamenco,https://en.wikipedia.org/wiki/Cante_flamenco
http://www.wikidata.org/entity/Q3656466,cantu a chiterra,Cantu a chiterra,https://en.wikipedia.org/wiki/Cantu_a_chiterra
http://www.wikidata.org/entity/Q3656509,crusade song,Crusade song,https://en.wikipedia.org/wiki/Crusade_song
http://www.wikidata.org/entity/Q3658336,New Orleans rhythm and blues,New Orleans rhythm and blues,https://en.wikipedia.org/wiki/New_Orleans_rhythm_and_blues
http://www.wikidata.org/entity/Q3655716,carnival song,Carnival song,https://en.wikipedia.org/wiki/Carnival_song
http://www.wikidata.org/entity/Q7535166,skiladiko,Skiladiko,https://en.wikipedia.org/wiki/Skiladiko
http://www.wikidata.org/entity/Q7500354,Shona music,Shona music,https://en.wikipedia.org/wiki/Shona_music
http://www.wikidata.org/entity/Q876812,capriccio,Capriccio (music),https://en.wikipedia.org/wiki/Capriccio_(music)
http://www.wikidata.org/entity/Q877693,rap rock,Rap rock,https://en.wikipedia.org/wiki/Rap_rock
http://www.wikidata.org/entity/Q876171,East Coast hip-hop,East Coast hip-hop,https://en.wikipedia.org/wiki/East_Coast_hip-hop
http://www.wikidata.org/entity/Q3630966,avant-prog,Avant-prog,https://en.wikipedia.org/wiki/Avant-prog
http://www.wikidata.org/entity/Q3631657,aṣíkò,Aṣíkò,https://en.wikipedia.org/wiki/A%E1%B9%A3%C3%ADk%C3%B2
http://www.wikidata.org/entity/Q3635495,Barzelletta,Barzelletta,https://en.wikipedia.org/wiki/Barzelletta
http://www.wikidata.org/entity/Q3643031,Boston hardcore,Boston hardcore,https://en.wikipedia.org/wiki/Boston_hardcore
http://www.wikidata.org/entity/Q3644819,cello rock,Cello rock,https://en.wikipedia.org/wiki/Cello_rock
http://www.wikidata.org/entity/Q3650974,pagan rock,Pagan rock,https://en.wikipedia.org/wiki/Pagan_rock
http://www.wikidata.org/entity/Q3622181,tonadilla,Tonadilla,https://en.wikipedia.org/wiki/Tonadilla
http://www.wikidata.org/entity/Q3606268,Afro-rock,Afro rock,https://en.wikipedia.org/wiki/Afro_rock
http://www.wikidata.org/entity/Q12499697,Minangkabau music,Minangkabau music,https://en.wikipedia.org/wiki/Minangkabau_music
http://www.wikidata.org/entity/Q101440473,sierreña,Sierreño,https://en.wikipedia.org/wiki/Sierre%C3%B1o
http://www.wikidata.org/entity/Q12811727,saz semai,Saz semai,https://en.wikipedia.org/wiki/Saz_semai
http://www.wikidata.org/entity/Q101109587,future rave,Future rave,https://en.wikipedia.org/wiki/Future_rave
http://www.wikidata.org/entity/Q99522324,music of Mayotte,Music of Mayotte,https://en.wikipedia.org/wiki/Music_of_Mayotte
http://www.wikidata.org/entity/Q100922002,budots,Budots,https://en.wikipedia.org/wiki/Budots
http://www.wikidata.org/entity/Q12613889,Imsil Pilbong nongak,Imsil pilbong nongak,https://en.wikipedia.org/wiki/Imsil_pilbong_nongak
http://www.wikidata.org/entity/Q12614061,seonsori,Seonsori,https://en.wikipedia.org/wiki/Seonsori
http://www.wikidata.org/entity/Q100151423,brutal prog,Brutal prog,https://en.wikipedia.org/wiki/Brutal_prog
http://www.wikidata.org/entity/Q12736123,Romanian folk music,Romanian traditional music,https://en.wikipedia.org/wiki/Romanian_traditional_music
http://www.wikidata.org/entity/Q12702016,rock kapak,Rock kapak,https://en.wikipedia.org/wiki/Rock_kapak
http://www.wikidata.org/entity/Q12520649,tembang,Javanese poetry,https://en.wikipedia.org/wiki/Javanese_poetry
http://www.wikidata.org/entity/Q12643798,Tovareća mužika,Tovareća mužika,https://en.wikipedia.org/wiki/Tovare%C4%87a_mu%C5%BEika
http://www.wikidata.org/entity/Q845414,ryūka,Ryūka,https://en.wikipedia.org/wiki/Ry%C5%ABka
http://www.wikidata.org/entity/Q846119,psychedelic music,Psychedelic music,https://en.wikipedia.org/wiki/Psychedelic_music
http://www.wikidata.org/entity/Q844245,Gypsy jazz,Gypsy jazz,https://en.wikipedia.org/wiki/Gypsy_jazz
http://www.wikidata.org/entity/Q903735,breakcore,Breakcore,https://en.wikipedia.org/wiki/Breakcore
http://www.wikidata.org/entity/Q910606,music of Brittany,Music of Brittany,https://en.wikipedia.org/wiki/Music_of_Brittany
http://www.wikidata.org/entity/Q907799,Duranguense,Duranguense,https://en.wikipedia.org/wiki/Duranguense
http://www.wikidata.org/entity/Q904500,Detroit rock,Detroit rock,https://en.wikipedia.org/wiki/Detroit_rock
http://www.wikidata.org/entity/Q906647,Dixieland jazz,Dixieland jazz,https://en.wikipedia.org/wiki/Dixieland_jazz
http://www.wikidata.org/entity/Q7365548,Rondellus,Rondellus,https://en.wikipedia.org/wiki/Rondellus
http://www.wikidata.org/entity/Q7382074,Russian liturgical music,Russian liturgical music,https://en.wikipedia.org/wiki/Russian_liturgical_music
http://www.wikidata.org/entity/Q7382101,Russian Orthodox bell ringing,Russian Orthodox bell ringing,https://en.wikipedia.org/wiki/Russian_Orthodox_bell_ringing
http://www.wikidata.org/entity/Q7385628,Ryūkōka,Ryūkōka,https://en.wikipedia.org/wiki/Ry%C5%ABk%C5%8Dka
http://www.wikidata.org/entity/Q3560556,vira,Vira (dance),https://en.wikipedia.org/wiki/Vira_(dance)
http://www.wikidata.org/entity/Q7397088,Sacred Harp,Sacred Harp,https://en.wikipedia.org/wiki/Sacred_Harp
http://www.wikidata.org/entity/Q7397320,Sacred Steel,Sacred Steel (musical tradition),https://en.wikipedia.org/wiki/Sacred_Steel_(musical_tradition)
http://www.wikidata.org/entity/Q7397641,sadcore,Sadcore,https://en.wikipedia.org/wiki/Sadcore
http://www.wikidata.org/entity/Q3564665,music of Crete,Music of Crete,https://en.wikipedia.org/wiki/Music_of_Crete
http://www.wikidata.org/entity/Q3564915,wabap biguine,Wabap,https://en.wikipedia.org/wiki/Wabap
http://www.wikidata.org/entity/Q3570841,xaxado,Xaxado,https://en.wikipedia.org/wiki/Xaxado
http://www.wikidata.org/entity/Q7362652,Romanian peasant music,Romanian peasant music,https://en.wikipedia.org/wiki/Romanian_peasant_music
http://www.wikidata.org/entity/Q7362864,Romani hip hop,Romani hip-hop,https://en.wikipedia.org/wiki/Romani_hip-hop
http://www.wikidata.org/entity/Q7363273,Romo,Romo,https://en.wikipedia.org/wiki/Romo
http://www.wikidata.org/entity/Q890575,punk metal,Punk metal,https://en.wikipedia.org/wiki/Punk_metal
http://www.wikidata.org/entity/Q3437819,Belgian rock,Rock music in Belgium,https://en.wikipedia.org/wiki/Rock_music_in_Belgium
http://www.wikidata.org/entity/Q3437821,Canadian rock,Rock music of Canada,https://en.wikipedia.org/wiki/Rock_music_of_Canada
http://www.wikidata.org/entity/Q3437823,Chilean rock,Chilean rock,https://en.wikipedia.org/wiki/Chilean_rock
http://www.wikidata.org/entity/Q110391587,Vocaloid music,Vocaloid music,https://en.wikipedia.org/wiki/Vocaloid_music
http://www.wikidata.org/entity/Q110312933,Afro-Brazilian music,Afro-Brazilian music,https://en.wikipedia.org/wiki/Afro-Brazilian_music
http://www.wikidata.org/entity/Q110235979,Jai Radha Madhab,Jai Radha Madhab,https://en.wikipedia.org/wiki/Jai_Radha_Madhab
http://www.wikidata.org/entity/Q16344235,ragamalika,Ragamalika,https://en.wikipedia.org/wiki/Ragamalika
http://www.wikidata.org/entity/Q110592306,alté,Alté,https://en.wikipedia.org/wiki/Alt%C3%A9
http://www.wikidata.org/entity/Q110241185,tarraxinha,Tarraxinha,https://en.wikipedia.org/wiki/Tarraxinha
http://www.wikidata.org/entity/Q111133885,pluggnb,Pluggnb,https://en.wikipedia.org/wiki/Pluggnb
http://www.wikidata.org/entity/Q16323732,shaabi,Shaabi,https://en.wikipedia.org/wiki/Shaabi
http://www.wikidata.org/entity/Q16491869,Dominican dembow,Dominican dembow,https://en.wikipedia.org/wiki/Dominican_dembow
http://www.wikidata.org/entity/Q16327884,rizitika,Rizitika,https://en.wikipedia.org/wiki/Rizitika
http://www.wikidata.org/entity/Q111042466,palam,Palam (music),https://en.wikipedia.org/wiki/Palam_(music)
http://www.wikidata.org/entity/Q16254929,Italian occult psychedelia,Italian occult psychedelia,https://en.wikipedia.org/wiki/Italian_occult_psychedelia
http://www.wikidata.org/entity/Q16256450,Dagbon music and dance,Dagbon music and dance,https://en.wikipedia.org/wiki/Dagbon_music_and_dance
http://www.wikidata.org/entity/Q110269470,Batrelaky,Batrelaky,https://en.wikipedia.org/wiki/Batrelaky
http://www.wikidata.org/entity/Q110141586,indie surf,Indie surf,https://en.wikipedia.org/wiki/Indie_surf
http://www.wikidata.org/entity/Q110810872,Siren kings,Siren kings,https://en.wikipedia.org/wiki/Siren_kings
http://www.wikidata.org/entity/Q110632052,industrial pop,Industrial pop,https://en.wikipedia.org/wiki/Industrial_pop
http://www.wikidata.org/entity/Q111133884,rage,Rage (music genre),https://en.wikipedia.org/wiki/Rage_(music_genre)
http://www.wikidata.org/entity/Q16357920,Albanian hip hop,Albanian hip-hop,https://en.wikipedia.org/wiki/Albanian_hip-hop
http://www.wikidata.org/entity/Q110555065,Orthodox pop,Orthodox pop,https://en.wikipedia.org/wiki/Orthodox_pop
http://www.wikidata.org/entity/Q3470607,Sama'i,Sama'i,https://en.wikipedia.org/wiki/Sama%27i
http://www.wikidata.org/entity/Q3437868,Nepalese rock,Nepalese rock,https://en.wikipedia.org/wiki/Nepalese_rock
http://www.wikidata.org/entity/Q3437873,Peruvian rock,Peruvian rock,https://en.wikipedia.org/wiki/Peruvian_rock
http://www.wikidata.org/entity/Q3437876,Slovenian rock,Rock music in Slovenia,https://en.wikipedia.org/wiki/Rock_music_in_Slovenia
http://www.wikidata.org/entity/Q3437879,Swiss rock,Rock music in Switzerland,https://en.wikipedia.org/wiki/Rock_music_in_Switzerland
http://www.wikidata.org/entity/Q7196459,Pinoy reggae,Pinoy reggae,https://en.wikipedia.org/wiki/Pinoy_reggae
http://www.wikidata.org/entity/Q7198347,Inuit music,Inuit music,https://en.wikipedia.org/wiki/Inuit_music
http://www.wikidata.org/entity/Q7203347,Playground song,Playground song,https://en.wikipedia.org/wiki/Playground_song
http://www.wikidata.org/entity/Q3453150,Congolese rumba,Congolese rumba,https://en.wikipedia.org/wiki/Congolese_rumba
http://www.wikidata.org/entity/Q7210038,Polish jazz,Polish jazz,https://en.wikipedia.org/wiki/Polish_jazz
http://www.wikidata.org/entity/Q7210069,Polish reggae,Polish reggae,https://en.wikipedia.org/wiki/Polish_reggae
http://www.wikidata.org/entity/Q7210075,Polish rock music,Rock music in Poland,https://en.wikipedia.org/wiki/Rock_music_in_Poland
http://www.wikidata.org/entity/Q7205507,plunderphonics,Plunderphonics,https://en.wikipedia.org/wiki/Plunderphonics
http://www.wikidata.org/entity/Q106528337,acid,Acid (electronic music),https://en.wikipedia.org/wiki/Acid_(electronic_music)
http://www.wikidata.org/entity/Q106634883,kulintang,Kulintang,https://en.wikipedia.org/wiki/Kulintang
http://www.wikidata.org/entity/Q106547262,pisadinha,Pisadinha,https://en.wikipedia.org/wiki/Pisadinha
http://www.wikidata.org/entity/Q106642137,black ambient,Black ambient,https://en.wikipedia.org/wiki/Black_ambient
http://www.wikidata.org/entity/Q106561868,countrypolitan,Countrypolitan,https://en.wikipedia.org/wiki/Countrypolitan
http://www.wikidata.org/entity/Q106581470,surf rock,Surf-rock,https://en.wikipedia.org/wiki/Surf-rock
http://www.wikidata.org/entity/Q106583068,dreampunk,Dreampunk,https://en.wikipedia.org/wiki/Dreampunk
http://www.wikidata.org/entity/Q107033384,holiday music,Holiday music,https://en.wikipedia.org/wiki/Holiday_music
http://www.wikidata.org/entity/Q106634987,Chinese classical music,Chinese classical music,https://en.wikipedia.org/wiki/Chinese_classical_music
http://www.wikidata.org/entity/Q107003152,Sahrawi music,Sahrawi music,https://en.wikipedia.org/wiki/Sahrawi_music
http://www.wikidata.org/entity/Q106590023,execution ballad,Execution ballad,https://en.wikipedia.org/wiki/Execution_ballad
http://www.wikidata.org/entity/Q106556293,Portuguese folk music,Portuguese folk music,https://en.wikipedia.org/wiki/Portuguese_folk_music
http://www.wikidata.org/entity/Q106594784,sass,Sass (music),https://en.wikipedia.org/wiki/Sass_(music)
http://www.wikidata.org/entity/Q106547427,Brazilian rap geek,Brazilian rap geek,https://en.wikipedia.org/wiki/Brazilian_rap_geek
http://www.wikidata.org/entity/Q106577108,hard beat,Hard beat,https://en.wikipedia.org/wiki/Hard_beat
http://www.wikidata.org/entity/Q106591506,bubblegum bass,Bubblegum bass,https://en.wikipedia.org/wiki/Bubblegum_bass
http://www.wikidata.org/entity/Q3211884,music of the Balkans,Balkan music,https://en.wikipedia.org/wiki/Balkan_music
http://www.wikidata.org/entity/Q839029,raï,Raï,https://en.wikipedia.org/wiki/Ra%C3%AF
http://www.wikidata.org/entity/Q7263021,Pygmy music,Pygmy music,https://en.wikipedia.org/wiki/Pygmy_music
http://www.wikidata.org/entity/Q7226751,Polyphonic Era,Polyphonic era,https://en.wikipedia.org/wiki/Polyphonic_era
http://www.wikidata.org/entity/Q7269821,Quebec fiddle,Quebec fiddle,https://en.wikipedia.org/wiki/Quebec_fiddle
http://www.wikidata.org/entity/Q7229757,Vietnamese popular music,Popular music of Vietnam,https://en.wikipedia.org/wiki/Popular_music_of_Vietnam
http://www.wikidata.org/entity/Q7260604,Punto,Punto (Venezuela),https://en.wikipedia.org/wiki/Punto_(Venezuela)
http://www.wikidata.org/entity/Q7233169,Posi music,Posi music,https://en.wikipedia.org/wiki/Posi_music
http://www.wikidata.org/entity/Q7233274,positive hardcore,Positive hardcore,https://en.wikipedia.org/wiki/Positive_hardcore
http://www.wikidata.org/entity/Q7245792,prison rock,Prison rock,https://en.wikipedia.org/wiki/Prison_rock
http://www.wikidata.org/entity/Q7247338,processional hymn,Processional hymn,https://en.wikipedia.org/wiki/Processional_hymn
http://www.wikidata.org/entity/Q7225887,Polo,Polo (music),https://en.wikipedia.org/wiki/Polo_(music)
http://www.wikidata.org/entity/Q7248857,progressive music,Progressive music,https://en.wikipedia.org/wiki/Progressive_music
http://www.wikidata.org/entity/Q7251113,Prostopinije,Prostopinije,https://en.wikipedia.org/wiki/Prostopinije
http://www.wikidata.org/entity/Q7258480,Pueblo music,Pueblo music,https://en.wikipedia.org/wiki/Pueblo_music
http://www.wikidata.org/entity/Q7260405,Australian punk rock,Punk rock in Australia,https://en.wikipedia.org/wiki/Punk_rock_in_Australia
http://www.wikidata.org/entity/Q7260407,Brazilian punk rock,Punk in Brazil,https://en.wikipedia.org/wiki/Punk_in_Brazil
http://www.wikidata.org/entity/Q7260406,Swedish punk,Punk in Sweden,https://en.wikipedia.org/wiki/Punk_in_Sweden
http://www.wikidata.org/entity/Q7260409,Spanish punk rock,Punk rock in Spain,https://en.wikipedia.org/wiki/Punk_rock_in_Spain
http://www.wikidata.org/entity/Q7260408,Yugoslavian punk rock,Punk rock in Yugoslavia,https://en.wikipedia.org/wiki/Punk_rock_in_Yugoslavia
http://www.wikidata.org/entity/Q7306376,reductionism,Reductionism (music),https://en.wikipedia.org/wiki/Reductionism_(music)
http://www.wikidata.org/entity/Q7290060,Rampur-Sahaswan gharana,Rampur–Sahaswan gharana,https://en.wikipedia.org/wiki/Rampur%E2%80%93Sahaswan_gharana
http://www.wikidata.org/entity/Q7293809,DMV hip-hop,DMV hip-hop,https://en.wikipedia.org/wiki/DMV_hip-hop
http://www.wikidata.org/entity/Q7293812,rap opera,Rap opera,https://en.wikipedia.org/wiki/Rap_opera
http://www.wikidata.org/entity/Q7273050,quyi,Quyi,https://en.wikipedia.org/wiki/Quyi
http://www.wikidata.org/entity/Q7295067,rasiya,Rasiya,https://en.wikipedia.org/wiki/Rasiya
http://www.wikidata.org/entity/Q7302395,recessional hymn,Recessional hymn,https://en.wikipedia.org/wiki/Recessional_hymn
http://www.wikidata.org/entity/Q7295057,rasin,Rasin,https://en.wikipedia.org/wiki/Rasin
http://www.wikidata.org/entity/Q7308175,reggae rock,Reggae rock,https://en.wikipedia.org/wiki/Reggae_rock
http://www.wikidata.org/entity/Q7309098,regional Mexican,Regional Mexican,https://en.wikipedia.org/wiki/Regional_Mexican
http://www.wikidata.org/entity/Q7310628,rekilaulu,Rekilaulu,https://en.wikipedia.org/wiki/Rekilaulu
http://www.wikidata.org/entity/Q7310665,rekuhkara,Rekuhkara,https://en.wikipedia.org/wiki/Rekuhkara
http://www.wikidata.org/entity/Q7311227,Bangsawan,Bangsawan,https://en.wikipedia.org/wiki/Bangsawan
http://www.wikidata.org/entity/Q3541635,tsugaru-jamisen,Tsugaru-jamisen,https://en.wikipedia.org/wiki/Tsugaru-jamisen
http://www.wikidata.org/entity/Q3542334,turlute,Turlutte (music),https://en.wikipedia.org/wiki/Turlutte_(music)
http://www.wikidata.org/entity/Q3553356,Hiragasy,Hiragasy,https://en.wikipedia.org/wiki/Hiragasy
http://www.wikidata.org/entity/Q3525838,quan họ,Quan họ,https://en.wikipedia.org/wiki/Quan_h%E1%BB%8D
http://www.wikidata.org/entity/Q3559240,neo kyma,Neo kyma,https://en.wikipedia.org/wiki/Neo_kyma
http://www.wikidata.org/entity/Q3529199,tinku,Tinku,https://en.wikipedia.org/wiki/Tinku
http://www.wikidata.org/entity/Q3531526,tondero,Tondero,https://en.wikipedia.org/wiki/Tondero
http://www.wikidata.org/entity/Q3535998,Indian pop,Indian pop,https://en.wikipedia.org/wiki/Indian_pop
http://www.wikidata.org/entity/Q918727,revue,Revue,https://en.wikipedia.org/wiki/Revue
http://www.wikidata.org/entity/Q918542,British blues,British blues,https://en.wikipedia.org/wiki/British_blues
http://www.wikidata.org/entity/Q919516,troparion,Troparion,https://en.wikipedia.org/wiki/Troparion
http://www.wikidata.org/entity/Q916387,exotica,Exotica,https://en.wikipedia.org/wiki/Exotica
http://www.wikidata.org/entity/Q14390274,tango,Tango music,https://en.wikipedia.org/wiki/Tango_music
http://www.wikidata.org/entity/Q13424679,red and anarchist black metal,Red and anarchist black metal,https://en.wikipedia.org/wiki/Red_and_anarchist_black_metal
http://www.wikidata.org/entity/Q13580383,isolationism,Isolationism (music),https://en.wikipedia.org/wiki/Isolationism_(music)
http://www.wikidata.org/entity/Q13634037,samba-jazz,Samba-jazz,https://en.wikipedia.org/wiki/Samba-jazz
http://www.wikidata.org/entity/Q13627677,psychobilly,Psychobilly,https://en.wikipedia.org/wiki/Psychobilly
http://www.wikidata.org/entity/Q16148439,Gaelic music,Gaelic music,https://en.wikipedia.org/wiki/Gaelic_music
http://www.wikidata.org/entity/Q16152327,Ukrainian pop,Pop music in Ukraine,https://en.wikipedia.org/wiki/Pop_music_in_Ukraine
http://www.wikidata.org/entity/Q16154635,Kabarett,Kabarett,https://en.wikipedia.org/wiki/Kabarett
http://www.wikidata.org/entity/Q7663198,Syriac sacral music,Syriac sacral music,https://en.wikipedia.org/wiki/Syriac_sacral_music
http://www.wikidata.org/entity/Q7663254,Syriac chant,Syriac chant,https://en.wikipedia.org/wiki/Syriac_chant
http://www.wikidata.org/entity/Q7663873,Systems music,Systems music,https://en.wikipedia.org/wiki/Systems_music
http://www.wikidata.org/entity/Q16250593,pub rock,Pub rock (Australia),https://en.wikipedia.org/wiki/Pub_rock_(Australia)
http://www.wikidata.org/entity/Q16241990,Chicano rock,Chicano rock,https://en.wikipedia.org/wiki/Chicano_rock
http://www.wikidata.org/entity/Q7667734,T'ong guitar,T'ong guitar,https://en.wikipedia.org/wiki/T%27ong_guitar
http://www.wikidata.org/entity/Q16180065,geonjeon gayo,Geonjeongayo,https://en.wikipedia.org/wiki/Geonjeongayo
http://www.wikidata.org/entity/Q16250948,Yemeni hip hop,Yemeni hip-hop,https://en.wikipedia.org/wiki/Yemeni_hip-hop
http://www.wikidata.org/entity/Q16253331,Hungarian metal,Hungarian metal,https://en.wikipedia.org/wiki/Hungarian_metal
http://www.wikidata.org/entity/Q16191837,music of Samoa,Music of Samoa,https://en.wikipedia.org/wiki/Music_of_Samoa
http://www.wikidata.org/entity/Q7654953,Swedish folk music,Swedish folk music,https://en.wikipedia.org/wiki/Swedish_folk_music
http://www.wikidata.org/entity/Q7655004,Swedish jazz,Swedish jazz,https://en.wikipedia.org/wiki/Swedish_jazz
http://www.wikidata.org/entity/Q3422697,red dirt,Red dirt music,https://en.wikipedia.org/wiki/Red_dirt_music
http://www.wikidata.org/entity/Q3422966,redowa,Redowa,https://en.wikipedia.org/wiki/Redowa
http://www.wikidata.org/entity/Q3437802,American rock,American rock,https://en.wikipedia.org/wiki/American_rock
http://www.wikidata.org/entity/Q3437817,Australian rock,Rock music in Australia,https://en.wikipedia.org/wiki/Rock_music_in_Australia
http://www.wikidata.org/entity/Q7118426,alternative R&B,Alternative R&B,https://en.wikipedia.org/wiki/Alternative_R%26B
http://www.wikidata.org/entity/Q7122786,Pacific reggae,Pacific reggae,https://en.wikipedia.org/wiki/Pacific_reggae
http://www.wikidata.org/entity/Q7124405,pagode de viola,Caipira pagode,https://en.wikipedia.org/wiki/Caipira_pagode
http://www.wikidata.org/entity/Q7125889,Pakistani folk music,Pakistani folk music,https://en.wikipedia.org/wiki/Pakistani_folk_music
http://www.wikidata.org/entity/Q3228974,seto leelo,Seto leelo,https://en.wikipedia.org/wiki/Seto_leelo
http://www.wikidata.org/entity/Q3267742,madrigal comedy,Madrigal comedy,https://en.wikipedia.org/wiki/Madrigal_comedy
http://www.wikidata.org/entity/Q3231749,post-Britpop,Post-Britpop,https://en.wikipedia.org/wiki/Post-Britpop
http://www.wikidata.org/entity/Q3247353,Pizmonim,Pizmonim,https://en.wikipedia.org/wiki/Pizmonim
http://www.wikidata.org/entity/Q3246270,dirge,Dirge,https://en.wikipedia.org/wiki/Dirge
http://www.wikidata.org/entity/Q3217069,landó,Landó (music),https://en.wikipedia.org/wiki/Land%C3%B3_(music)
http://www.wikidata.org/entity/Q3240930,lilting,Lilting,https://en.wikipedia.org/wiki/Lilting
http://www.wikidata.org/entity/Q3247534,voluntary,Voluntary (music),https://en.wikipedia.org/wiki/Voluntary_(music)
http://www.wikidata.org/entity/Q896513,Hamburger Schule,Hamburger Schule,https://en.wikipedia.org/wiki/Hamburger_Schule
http://www.wikidata.org/entity/Q896981,field holler,Field holler,https://en.wikipedia.org/wiki/Field_holler
http://www.wikidata.org/entity/Q898530,Wagnerian rock,Wagnerian rock,https://en.wikipedia.org/wiki/Wagnerian_rock
http://www.wikidata.org/entity/Q890887,Eurotrance,Eurotrance,https://en.wikipedia.org/wiki/Eurotrance
http://www.wikidata.org/entity/Q892958,boogaloo,Boogaloo,https://en.wikipedia.org/wiki/Boogaloo
http://www.wikidata.org/entity/Q898709,rave music,Rave music,https://en.wikipedia.org/wiki/Rave_music
http://www.wikidata.org/entity/Q108197774,colour bass,Colour bass,https://en.wikipedia.org/wiki/Colour_bass
http://www.wikidata.org/entity/Q108123046,slacker rock,Slacker rock,https://en.wikipedia.org/wiki/Slacker_rock
http://www.wikidata.org/entity/Q108297247,funknejo,Funknejo,https://en.wikipedia.org/wiki/Funknejo
http://www.wikidata.org/entity/Q108555812,lo-fi house,Lo-fi house,https://en.wikipedia.org/wiki/Lo-fi_house
http://www.wikidata.org/entity/Q108297187,balani show,Balani show,https://en.wikipedia.org/wiki/Balani_show
http://www.wikidata.org/entity/Q108665706,corridos tumbados,Corridos tumbados,https://en.wikipedia.org/wiki/Corridos_tumbados
http://www.wikidata.org/entity/Q107565104,original Pilipino music,Original Pilipino music,https://en.wikipedia.org/wiki/Original_Pilipino_music
http://www.wikidata.org/entity/Q108321657,jackin' house,Jackin house,https://en.wikipedia.org/wiki/Jackin_house
http://www.wikidata.org/entity/Q108757333,Tuvan throat singing,Tuvan throat singing,https://en.wikipedia.org/wiki/Tuvan_throat_singing
http://www.wikidata.org/entity/Q107697234,HexD,HexD,https://en.wikipedia.org/wiki/HexD
http://www.wikidata.org/entity/Q107572242,progressive rap,Progressive rap,https://en.wikipedia.org/wiki/Progressive_rap
http://www.wikidata.org/entity/Q107697441,surf punk,Surf punk (music genre),https://en.wikipedia.org/wiki/Surf_punk_(music_genre)
http://www.wikidata.org/entity/Q107740285,cumbia,Cumbia,https://en.wikipedia.org/wiki/Cumbia
http://www.wikidata.org/entity/Q108167943,maracatu nação,Maracatu Nação,https://en.wikipedia.org/wiki/Maracatu_Na%C3%A7%C3%A3o
http://www.wikidata.org/entity/Q108615838,Northwest Iberian folk music,"Traditional music of Galicia, Cantabria and Asturias","https://en.wikipedia.org/wiki/Traditional_music_of_Galicia,_Cantabria_and_Asturias"
http://www.wikidata.org/entity/Q3470688,samba de gafieira,Samba de Gafieira,https://en.wikipedia.org/wiki/Samba_de_Gafieira
http://www.wikidata.org/entity/Q3470692,samba-enredo,Samba-enredo,https://en.wikipedia.org/wiki/Samba-enredo
http://www.wikidata.org/entity/Q3476584,Chicago hardcore,Chicago hardcore,https://en.wikipedia.org/wiki/Chicago_hardcore
http://www.wikidata.org/entity/Q3476798,seapunk,Seapunk,https://en.wikipedia.org/wiki/Seapunk
http://www.wikidata.org/entity/Q901610,min'yō,Min'yō,https://en.wikipedia.org/wiki/Min%27y%C5%8D
http://www.wikidata.org/entity/Q899116,neoclassical dark wave,Neoclassical dark wave,https://en.wikipedia.org/wiki/Neoclassical_dark_wave
http://www.wikidata.org/entity/Q899215,music of Brazil,Music of Brazil,https://en.wikipedia.org/wiki/Music_of_Brazil
http://www.wikidata.org/entity/Q15077165,sinfonietta,Sinfonietta (symphony),https://en.wikipedia.org/wiki/Sinfonietta_(symphony)
http://www.wikidata.org/entity/Q15077373,Neues Geistliches Lied,Neues Geistliches Lied,https://en.wikipedia.org/wiki/Neues_Geistliches_Lied
http://www.wikidata.org/entity/Q15221176,music of Guadeloupe,Music of Guadeloupe,https://en.wikipedia.org/wiki/Music_of_Guadeloupe
http://www.wikidata.org/entity/Q14942341,R'n'Besk,R'n'Besk,https://en.wikipedia.org/wiki/R%27n%27Besk
http://www.wikidata.org/entity/Q15300817,big room house,Big room house,https://en.wikipedia.org/wiki/Big_room_house
http://www.wikidata.org/entity/Q15042720,copla,Copla (music),https://en.wikipedia.org/wiki/Copla_(music)
http://www.wikidata.org/entity/Q15056301,yayue,Yayue,https://en.wikipedia.org/wiki/Yayue
http://www.wikidata.org/entity/Q14546558,neo-bop jazz,Neo-bop,https://en.wikipedia.org/wiki/Neo-bop
http://www.wikidata.org/entity/Q3510528,sega tambour of Rodrigues Island,Sega tambour of Rodrigues Island,https://en.wikipedia.org/wiki/Sega_tambour_of_Rodrigues_Island
http://www.wikidata.org/entity/Q3503814,microsound,Microsound,https://en.wikipedia.org/wiki/Microsound
http://www.wikidata.org/entity/Q3506890,Czech hip hop,Czech hip-hop,https://en.wikipedia.org/wiki/Czech_hip-hop
http://www.wikidata.org/entity/Q3509353,fuji music,Fuji music,https://en.wikipedia.org/wiki/Fuji_music
http://www.wikidata.org/entity/Q3510161,Memphis soul,Memphis soul,https://en.wikipedia.org/wiki/Memphis_soul
http://www.wikidata.org/entity/Q3477737,seggae,Seggae,https://en.wikipedia.org/wiki/Seggae
http://www.wikidata.org/entity/Q3512282,process music,Process music,https://en.wikipedia.org/wiki/Process_music
http://www.wikidata.org/entity/Q3486495,Slackness,Slackness (Jamaican music),https://en.wikipedia.org/wiki/Slackness_(Jamaican_music)
http://www.wikidata.org/entity/Q3517436,tembang sunda,Tembang Sunda,https://en.wikipedia.org/wiki/Tembang_Sunda
http://www.wikidata.org/entity/Q3521984,konnakol,Konnakol,https://en.wikipedia.org/wiki/Konnakol
http://www.wikidata.org/entity/Q3492946,Hungarian hip hop,Hungarian hip-hop,https://en.wikipedia.org/wiki/Hungarian_hip-hop
http://www.wikidata.org/entity/Q109378734,popcorn music,Popcorn (Romanian music style),https://en.wikipedia.org/wiki/Popcorn_(Romanian_music_style)
http://www.wikidata.org/entity/Q109538574,vinahouse,Vinahouse,https://en.wikipedia.org/wiki/Vinahouse
http://www.wikidata.org/entity/Q109941986,ratchet music,Ratchet music,https://en.wikipedia.org/wiki/Ratchet_music
http://www.wikidata.org/entity/Q958982,saeta,Saeta (flamenco),https://en.wikipedia.org/wiki/Saeta_(flamenco)
http://www.wikidata.org/entity/Q109148913,organic house,Organic house,https://en.wikipedia.org/wiki/Organic_house
http://www.wikidata.org/entity/Q109382160,plugg music,Plugg,https://en.wikipedia.org/wiki/Plugg
http://www.wikidata.org/entity/Q109332430,Aromanian music,Aromanian music,https://en.wikipedia.org/wiki/Aromanian_music
http://www.wikidata.org/entity/Q109589714,Ngoma music,Ngoma music,https://en.wikipedia.org/wiki/Ngoma_music
http://www.wikidata.org/entity/Q108866070,Kurdish folk music,Kurdish folk music,https://en.wikipedia.org/wiki/Kurdish_folk_music
http://www.wikidata.org/entity/Q109700349,Akron Sound,Akron Sound,https://en.wikipedia.org/wiki/Akron_Sound
http://www.wikidata.org/entity/Q956925,music of Taiwan,Music of Taiwan,https://en.wikipedia.org/wiki/Music_of_Taiwan
http://www.wikidata.org/entity/Q109833526,Scandinavian pop,Scandinavian pop,https://en.wikipedia.org/wiki/Scandinavian_pop
http://www.wikidata.org/entity/Q3975956,street cry,Street cries,https://en.wikipedia.org/wiki/Street_cries
http://www.wikidata.org/entity/Q3925627,punk funk,Punk funk,https://en.wikipedia.org/wiki/Punk_funk
http://www.wikidata.org/entity/Q3930216,rapcore,Rapcore,https://en.wikipedia.org/wiki/Rapcore
http://www.wikidata.org/entity/Q3931695,gospel reggae,Gospel reggae,https://en.wikipedia.org/wiki/Gospel_reggae
http://www.wikidata.org/entity/Q3948462,sankyoku,Sankyoku,https://en.wikipedia.org/wiki/Sankyoku
http://www.wikidata.org/entity/Q3951797,Italian hardcore punk,Italian hardcore,https://en.wikipedia.org/wiki/Italian_hardcore
http://www.wikidata.org/entity/Q3924081,prosodion,Prosodion,https://en.wikipedia.org/wiki/Prosodion
http://www.wikidata.org/entity/Q3918025,vesnianky,Vesnianky,https://en.wikipedia.org/wiki/Vesnianky
http://www.wikidata.org/entity/Q3963051,smooth soul,Smooth soul,https://en.wikipedia.org/wiki/Smooth_soul
http://www.wikidata.org/entity/Q7170257,Iranian pop,Iranian pop music,https://en.wikipedia.org/wiki/Iranian_pop_music
http://www.wikidata.org/entity/Q7170263,Iranian symphonic music,Symphonic music in Iran,https://en.wikipedia.org/wiki/Symphonic_music_in_Iran
http://www.wikidata.org/entity/Q7170259,Persian ritual music,Persian ritual music,https://en.wikipedia.org/wiki/Persian_ritual_music
http://www.wikidata.org/entity/Q7142141,pasillo,Pasillo,https://en.wikipedia.org/wiki/Pasillo
http://www.wikidata.org/entity/Q7134728,Paraguayan polka,Paraguayan polka,https://en.wikipedia.org/wiki/Paraguayan_polka
http://www.wikidata.org/entity/Q7139128,parlour music,Parlour music,https://en.wikipedia.org/wiki/Parlour_music
http://www.wikidata.org/entity/Q7139757,Parranda,Parranda,https://en.wikipedia.org/wiki/Parranda
http://www.wikidata.org/entity/Q7125896,Pakistani hip hop,Pakistani hip-hop,https://en.wikipedia.org/wiki/Pakistani_hip-hop
http://www.wikidata.org/entity/Q7125908,Pakistani popular music,Pakistani popular music,https://en.wikipedia.org/wiki/Pakistani_popular_music
http://www.wikidata.org/entity/Q7125918,Pakistani rock,Pakistani rock,https://en.wikipedia.org/wiki/Pakistani_rock
http://www.wikidata.org/entity/Q7132500,Papare,Papare (music),https://en.wikipedia.org/wiki/Papare_(music)
http://www.wikidata.org/entity/Q7127417,Palestinian hip-hop,Palestinian hip-hop,https://en.wikipedia.org/wiki/Palestinian_hip-hop
http://www.wikidata.org/entity/Q7129072,Pambiche,Pambiche,https://en.wikipedia.org/wiki/Pambiche
http://www.wikidata.org/entity/Q7565881,South African jazz,South African jazz,https://en.wikipedia.org/wiki/South_African_jazz
http://www.wikidata.org/entity/Q7580152,spouge,Spouge,https://en.wikipedia.org/wiki/Spouge
http://www.wikidata.org/entity/Q7654105,Swazi traditional music,Ethnic Swazi music,https://en.wikipedia.org/wiki/Ethnic_Swazi_music
http://www.wikidata.org/entity/Q7616089,Sthayi,Sthayi,https://en.wikipedia.org/wiki/Sthayi
http://www.wikidata.org/entity/Q7572179,Space-themed music,Space-themed music,https://en.wikipedia.org/wiki/Space-themed_music
http://www.wikidata.org/entity/Q7573316,Spanish traditional Christian music,Spanish traditional Christian music,https://en.wikipedia.org/wiki/Spanish_traditional_Christian_music
http://www.wikidata.org/entity/Q7573410,Spanish jazz,Spanish jazz,https://en.wikipedia.org/wiki/Spanish_jazz
http://www.wikidata.org/entity/Q7602145,starogradska muzika,Starogradska muzika,https://en.wikipedia.org/wiki/Starogradska_muzika
http://www.wikidata.org/entity/Q7650647,Suyá music,Suyá music,https://en.wikipedia.org/wiki/Suy%C3%A1_music
http://www.wikidata.org/entity/Q7565243,sousedská,Sousedská,https://en.wikipedia.org/wiki/Sousedsk%C3%A1
http://www.wikidata.org/entity/Q7560584,son huasteco,Son huasteco,https://en.wikipedia.org/wiki/Son_huasteco
http://www.wikidata.org/entity/Q7560585,son jaliscience,Son jalisciense,https://en.wikipedia.org/wiki/Son_jalisciense
http://www.wikidata.org/entity/Q7560612,son calentano,Son calentano,https://en.wikipedia.org/wiki/Son_calentano
http://www.wikidata.org/entity/Q7561194,Song poem,Song poem,https://en.wikipedia.org/wiki/Song_poem
http://www.wikidata.org/entity/Q7561291,Songo-salsa,Songo-salsa,https://en.wikipedia.org/wiki/Songo-salsa
http://www.wikidata.org/entity/Q7634691,Sugama Sangeetha,Sugama Sangeetha,https://en.wikipedia.org/wiki/Sugama_Sangeetha
http://www.wikidata.org/entity/Q7624424,stronda,Stronda,https://en.wikipedia.org/wiki/Stronda
http://www.wikidata.org/entity/Q7636849,Sulukan,Sulukan,https://en.wikipedia.org/wiki/Sulukan
http://www.wikidata.org/entity/Q7920719,Ver,Ver (music),https://en.wikipedia.org/wiki/Ver_(music)
http://www.wikidata.org/entity/Q16979361,neotango,Neotango,https://en.wikipedia.org/wiki/Neotango
http://www.wikidata.org/entity/Q7935998,Vishnupada,Vishnupada,https://en.wikipedia.org/wiki/Vishnupada
http://www.wikidata.org/entity/Q7922659,Verse anthem,Verse anthem,https://en.wikipedia.org/wiki/Verse_anthem
http://www.wikidata.org/entity/Q16960459,dhaanto,Dhaanto,https://en.wikipedia.org/wiki/Dhaanto
http://www.wikidata.org/entity/Q16961740,music of Vatican City,Music of Vatican City,https://en.wikipedia.org/wiki/Music_of_Vatican_City
http://www.wikidata.org/entity/Q16965402,Jari gan,Jarigan,https://en.wikipedia.org/wiki/Jarigan
http://www.wikidata.org/entity/Q7928923,vigilante rap,Vigilante rap,https://en.wikipedia.org/wiki/Vigilante_rap
http://www.wikidata.org/entity/Q16977816,Moroccan pop,Moroccan pop,https://en.wikipedia.org/wiki/Moroccan_pop
http://www.wikidata.org/entity/Q7939193,vocal harmony,Vocal harmony,https://en.wikipedia.org/wiki/Vocal_harmony
http://www.wikidata.org/entity/Q16985341,British Black music,British Black music,https://en.wikipedia.org/wiki/British_Black_music
http://www.wikidata.org/entity/Q16985638,Bulgarian wedding music,Bulgarian wedding music,https://en.wikipedia.org/wiki/Bulgarian_wedding_music
http://www.wikidata.org/entity/Q16965849,Sawani,Sawani,https://en.wikipedia.org/wiki/Sawani
http://www.wikidata.org/entity/Q16986699,cha-cha-chá,Cha-cha-chá (music),https://en.wikipedia.org/wiki/Cha-cha-ch%C3%A1_(music)
http://www.wikidata.org/entity/Q16987529,Italian classical music,Italian classical music,https://en.wikipedia.org/wiki/Italian_classical_music
http://www.wikidata.org/entity/Q3876770,nightcore,Nightcore,https://en.wikipedia.org/wiki/Nightcore
http://www.wikidata.org/entity/Q3868609,Hausa music,Hausa music,https://en.wikipedia.org/wiki/Hausa_music
http://www.wikidata.org/entity/Q3868605,music of Zimbabwe,Music of Zimbabwe,https://en.wikipedia.org/wiki/Music_of_Zimbabwe
http://www.wikidata.org/entity/Q3868613,music of Kosovo,Music of Kosovo,https://en.wikipedia.org/wiki/Music_of_Kosovo
http://www.wikidata.org/entity/Q3868631,shamanic music,Shamanic music,https://en.wikipedia.org/wiki/Shamanic_music
http://www.wikidata.org/entity/Q3868755,mutu,Mutu (music),https://en.wikipedia.org/wiki/Mutu_(music)
http://www.wikidata.org/entity/Q3868787,muziki wa dansi,Muziki wa dansi,https://en.wikipedia.org/wiki/Muziki_wa_dansi
http://www.wikidata.org/entity/Q966438,blues ballad,Blues ballad,https://en.wikipedia.org/wiki/Blues_ballad
http://www.wikidata.org/entity/Q966564,hardcore hip-hop,Hardcore hip-hop,https://en.wikipedia.org/wiki/Hardcore_hip-hop
http://www.wikidata.org/entity/Q967654,neurofunk,Neurofunk,https://en.wikipedia.org/wiki/Neurofunk
http://www.wikidata.org/entity/Q968018,music of Belize,Music of Belize,https://en.wikipedia.org/wiki/Music_of_Belize
http://www.wikidata.org/entity/Q968165,brukdown,Brukdown,https://en.wikipedia.org/wiki/Brukdown
http://www.wikidata.org/entity/Q968730,industrial rock,Industrial rock,https://en.wikipedia.org/wiki/Industrial_rock
http://www.wikidata.org/entity/Q6979961,Native American hip hop,Native American hip-hop,https://en.wikipedia.org/wiki/Native_American_hip-hop
http://www.wikidata.org/entity/Q6981036,Natya Sangeet,Natya Sangeet,https://en.wikipedia.org/wiki/Natya_Sangeet
http://www.wikidata.org/entity/Q6981664,Navajo music,Navajo music,https://en.wikipedia.org/wiki/Navajo_music
http://www.wikidata.org/entity/Q6942370,music of the Dominican Republic,Music of the Dominican Republic,https://en.wikipedia.org/wiki/Music_of_the_Dominican_Republic
http://www.wikidata.org/entity/Q6942377,music of the Maldives,Music of the Maldives,https://en.wikipedia.org/wiki/Music_of_the_Maldives
http://www.wikidata.org/entity/Q6993291,neomelodic music,Neomelodic music,https://en.wikipedia.org/wiki/Neomelodic_music
http://www.wikidata.org/entity/Q6950147,Métis fiddle,Métis fiddle,https://en.wikipedia.org/wiki/M%C3%A9tis_fiddle
http://www.wikidata.org/entity/Q6950428,música criolla,Música criolla,https://en.wikipedia.org/wiki/M%C3%BAsica_criolla
http://www.wikidata.org/entity/Q6994496,Nepalese hip hop,Nepalese hip-hop,https://en.wikipedia.org/wiki/Nepalese_hip-hop
http://www.wikidata.org/entity/Q6956465,Na mele paleoleo,Nā mele paleoleo,https://en.wikipedia.org/wiki/N%C4%81_mele_paleoleo
http://www.wikidata.org/entity/Q6956569,Naamyam,Naamyam,https://en.wikipedia.org/wiki/Naamyam
http://www.wikidata.org/entity/Q7005181,new acoustic music,New acoustic music,https://en.wikipedia.org/wiki/New_acoustic_music
http://www.wikidata.org/entity/Q7005540,New Big Band,New Big Band,https://en.wikipedia.org/wiki/New_Big_Band
http://www.wikidata.org/entity/Q7010517,new pop,New pop,https://en.wikipedia.org/wiki/New_pop
http://www.wikidata.org/entity/Q6942398,music of the Solomon Islands,Music of the Solomon Islands,https://en.wikipedia.org/wiki/Music_of_the_Solomon_Islands
http://www.wikidata.org/entity/Q6966089,Balkan folk music,Balkan folk music,https://en.wikipedia.org/wiki/Balkan_folk_music
http://www.wikidata.org/entity/Q15623112,Zapateado,Zapateado (Spain),https://en.wikipedia.org/wiki/Zapateado_(Spain)
http://www.wikidata.org/entity/Q15629158,medieval metal,Medieval metal,https://en.wikipedia.org/wiki/Medieval_metal
http://www.wikidata.org/entity/Q15356546,Hakkapop,Hakka popular music,https://en.wikipedia.org/wiki/Hakka_popular_music
http://www.wikidata.org/entity/Q15362491,moresca,Moresca,https://en.wikipedia.org/wiki/Moresca
http://www.wikidata.org/entity/Q15410867,Nazrul Geeti,Nazrul Geeti,https://en.wikipedia.org/wiki/Nazrul_Geeti
http://www.wikidata.org/entity/Q15697534,drill,Drill music,https://en.wikipedia.org/wiki/Drill_music
http://www.wikidata.org/entity/Q952404,drumline,Drumline,https://en.wikipedia.org/wiki/Drumline
http://www.wikidata.org/entity/Q947155,kirtan,Kirtan,https://en.wikipedia.org/wiki/Kirtan
http://www.wikidata.org/entity/Q949369,funky house,Funky house,https://en.wikipedia.org/wiki/Funky_house
http://www.wikidata.org/entity/Q956717,kwaito,Kwaito,https://en.wikipedia.org/wiki/Kwaito
http://www.wikidata.org/entity/Q956883,Carnatic music,Carnatic music,https://en.wikipedia.org/wiki/Carnatic_music
http://www.wikidata.org/entity/Q3908370,pop metal,Pop metal,https://en.wikipedia.org/wiki/Pop_metal
http://www.wikidata.org/entity/Q3905200,Suzhou pingtan,Suzhou Pingtan,https://en.wikipedia.org/wiki/Suzhou_Pingtan
http://www.wikidata.org/entity/Q3879179,nu gaze,Nu gaze,https://en.wikipedia.org/wiki/Nu_gaze
http://www.wikidata.org/entity/Q3879286,nueva canción chilena,Nueva canción chilena,https://en.wikipedia.org/wiki/Nueva_canci%C3%B3n_chilena
http://www.wikidata.org/entity/Q3889385,music of Chile,Music of Chile,https://en.wikipedia.org/wiki/Music_of_Chile
http://www.wikidata.org/entity/Q3889661,marchinha,Marchinha,https://en.wikipedia.org/wiki/Marchinha
http://www.wikidata.org/entity/Q6942168,music of Malta,Music of Malta,https://en.wikipedia.org/wiki/Music_of_Malta
http://www.wikidata.org/entity/Q6942178,music of Mesopotamia,Music of Mesopotamia,https://en.wikipedia.org/wiki/Music_of_Mesopotamia
http://www.wikidata.org/entity/Q6942176,music of Melanesia,Music of Melanesia,https://en.wikipedia.org/wiki/Music_of_Melanesia
http://www.wikidata.org/entity/Q6942177,music of Melbourne,Music of Melbourne,https://en.wikipedia.org/wiki/Music_of_Melbourne
http://www.wikidata.org/entity/Q6942193,music of Monaco,Music of Monaco,https://en.wikipedia.org/wiki/Music_of_Monaco
http://www.wikidata.org/entity/Q6942203,music of Nauru,Music of Nauru,https://en.wikipedia.org/wiki/Music_of_Nauru
http://www.wikidata.org/entity/Q6942216,music of New Zealand,Music of New Zealand,https://en.wikipedia.org/wiki/Music_of_New_Zealand
http://www.wikidata.org/entity/Q6942217,music of Nicaragua,Music of Nicaragua,https://en.wikipedia.org/wiki/Music_of_Nicaragua
http://www.wikidata.org/entity/Q6942229,music of Niger,Music of Niger,https://en.wikipedia.org/wiki/Music_of_Niger
http://www.wikidata.org/entity/Q6942239,music of Papua New Guinea,Music of Papua New Guinea,https://en.wikipedia.org/wiki/Music_of_Papua_New_Guinea
http://www.wikidata.org/entity/Q3437827,Danish rock,Rock music in Denmark,https://en.wikipedia.org/wiki/Rock_music_in_Denmark
http://www.wikidata.org/entity/Q3437834,Estonian rock,Rock music in Estonia,https://en.wikipedia.org/wiki/Rock_music_in_Estonia
http://www.wikidata.org/entity/Q3437841,French rock,Rock music in France,https://en.wikipedia.org/wiki/Rock_music_in_France
http://www.wikidata.org/entity/Q3437842,Greek rock,Rock music in Greece,https://en.wikipedia.org/wiki/Rock_music_in_Greece
http://www.wikidata.org/entity/Q3437864,Dutch rock,Rock music in the Netherlands,https://en.wikipedia.org/wiki/Rock_music_in_the_Netherlands
http://www.wikidata.org/entity/Q3437846,Hungarian rock,Rock music in Hungary,https://en.wikipedia.org/wiki/Rock_music_in_Hungary
http://www.wikidata.org/entity/Q3437850,Irish rock,Rock music in Ireland,https://en.wikipedia.org/wiki/Rock_music_in_Ireland
http://www.wikidata.org/entity/Q3437852,Icelandic rock music,Rock music in Iceland,https://en.wikipedia.org/wiki/Rock_music_in_Iceland
http://www.wikidata.org/entity/Q3437854,Italian rock music,Rock music in Italy,https://en.wikipedia.org/wiki/Rock_music_in_Italy
http://www.wikidata.org/entity/Q3437855,Malaysian rock,Malaysian rock,https://en.wikipedia.org/wiki/Malaysian_rock
http://www.wikidata.org/entity/Q3437856,Lithuanian rock,Rock music in Lithuania,https://en.wikipedia.org/wiki/Rock_music_in_Lithuania
http://www.wikidata.org/entity/Q3437861,Mexican rock music,Rock music in Mexico,https://en.wikipedia.org/wiki/Rock_music_in_Mexico
http://www.wikidata.org/entity/Q3437862,Norwegian rock,Rock music in Norway,https://en.wikipedia.org/wiki/Rock_music_in_Norway
http://www.wikidata.org/entity/Q3437867,New Zealand rock music,Rock music in New Zealand,https://en.wikipedia.org/wiki/Rock_music_in_New_Zealand
http://www.wikidata.org/entity/Q3437832,Spanish rock,Rock music in Spain,https://en.wikipedia.org/wiki/Rock_music_in_Spain
http://www.wikidata.org/entity/Q16002495,algorave,Algorave,https://en.wikipedia.org/wiki/Algorave
http://www.wikidata.org/entity/Q16024685,Afro-soul,Afro-soul,https://en.wikipedia.org/wiki/Afro-soul
http://www.wikidata.org/entity/Q16096634,kawaii metal,Kawaii metal,https://en.wikipedia.org/wiki/Kawaii_metal
http://www.wikidata.org/entity/Q16029081,Deuda song,Deuda (genre),https://en.wikipedia.org/wiki/Deuda_(genre)
http://www.wikidata.org/entity/Q16011695,vocal surf,Vocal surf,https://en.wikipedia.org/wiki/Vocal_surf
http://www.wikidata.org/entity/Q16056349,Indian rock,Indian rock,https://en.wikipedia.org/wiki/Indian_rock
http://www.wikidata.org/entity/Q15990884,cantillation,Cantillation,https://en.wikipedia.org/wiki/Cantillation
http://www.wikidata.org/entity/Q15991004,tombeau,Tombeau,https://en.wikipedia.org/wiki/Tombeau
http://www.wikidata.org/entity/Q7405759,salsa dura,Salsa dura,https://en.wikipedia.org/wiki/Salsa_dura
http://www.wikidata.org/entity/Q7405765,salsa romántica,Salsa romántica,https://en.wikipedia.org/wiki/Salsa_rom%C3%A1ntica
http://www.wikidata.org/entity/Q7424751,Sarva,Sarva (music),https://en.wikipedia.org/wiki/Sarva_(music)
http://www.wikidata.org/entity/Q7406498,Salvadoran hip hop,Salvadoran hip-hop,https://en.wikipedia.org/wiki/Salvadoran_hip-hop
http://www.wikidata.org/entity/Q7438078,Scottish hip-hop,Scottish hip-hop,https://en.wikipedia.org/wiki/Scottish_hip-hop
http://www.wikidata.org/entity/Q7438911,screamer,Screamer (march),https://en.wikipedia.org/wiki/Screamer_(march)
http://www.wikidata.org/entity/Q7418014,Sangini,Sangini,https://en.wikipedia.org/wiki/Sangini
http://www.wikidata.org/entity/Q7439349,Scrumpy and Western,Scrumpy and Western,https://en.wikipedia.org/wiki/Scrumpy_and_Western
http://www.wikidata.org/entity/Q7409412,Sami music,Sámi music,https://en.wikipedia.org/wiki/S%C3%A1mi_music
http://www.wikidata.org/entity/Q7409969,Samoan hip-hop,Samoan hip-hop,https://en.wikipedia.org/wiki/Samoan_hip-hop
http://www.wikidata.org/entity/Q7410145,sampledelia,Sampledelia,https://en.wikipedia.org/wiki/Sampledelia
http://www.wikidata.org/entity/Q7444764,Jewish secular music,Secular Jewish music,https://en.wikipedia.org/wiki/Secular_Jewish_music
http://www.wikidata.org/entity/Q7417910,Sangeet Natak,Sangeet Natak,https://en.wikipedia.org/wiki/Sangeet_Natak
http://www.wikidata.org/entity/Q7420501,Santo Daime hymns,Santo Daime hymns,https://en.wikipedia.org/wiki/Santo_Daime_hymns
http://www.wikidata.org/entity/Q7410295,samri,Samri,https://en.wikipedia.org/wiki/Samri
http://www.wikidata.org/entity/Q7425759,Sassanid music,Sasanian music,https://en.wikipedia.org/wiki/Sasanian_music
http://www.wikidata.org/entity/Q7402234,Saint Thomas Christian music,Saint Thomas Christian music,https://en.wikipedia.org/wiki/Saint_Thomas_Christian_music
http://www.wikidata.org/entity/Q7402829,Sakara music,Sakara music,https://en.wikipedia.org/wiki/Sakara_music
http://www.wikidata.org/entity/Q1026089,Cajun music,Cajun music,https://en.wikipedia.org/wiki/Cajun_music
http://www.wikidata.org/entity/Q1003981,music of Bulgaria,Music of Bulgaria,https://en.wikipedia.org/wiki/Music_of_Bulgaria
http://www.wikidata.org/entity/Q997481,bubblegum music,Bubblegum music,https://en.wikipedia.org/wiki/Bubblegum_music
http://www.wikidata.org/entity/Q1014887,burger-highlife,Burger-highlife,https://en.wikipedia.org/wiki/Burger-highlife
http://www.wikidata.org/entity/Q7912528,valona,Valona (song),https://en.wikipedia.org/wiki/Valona_(song)
http://www.wikidata.org/entity/Q3980452,talking blues,Talking blues,https://en.wikipedia.org/wiki/Talking_blues
http://www.wikidata.org/entity/Q7919872,Venezuelan rock,Venezuelan rock,https://en.wikipedia.org/wiki/Venezuelan_rock
http://www.wikidata.org/entity/Q7919873,Venezuelan waltz,Venezuelan waltz,https://en.wikipedia.org/wiki/Venezuelan_waltz
http://www.wikidata.org/entity/Q7844612,tribal guarachero,Tribal guarachero,https://en.wikipedia.org/wiki/Tribal_guarachero
http://www.wikidata.org/entity/Q7845403,Tromsø techno scene,Tromsø techno scene,https://en.wikipedia.org/wiki/Troms%C3%B8_techno_scene
http://www.wikidata.org/entity/Q7847070,cifra,Cifra (musical genre),https://en.wikipedia.org/wiki/Cifra_(musical_genre)
http://www.wikidata.org/entity/Q7847156,truck-driving country,Truck-driving country,https://en.wikipedia.org/wiki/Truck-driving_country
http://www.wikidata.org/entity/Q7899987,Urban Qawwali,Urban Qawwali,https://en.wikipedia.org/wiki/Urban_Qawwali
http://www.wikidata.org/entity/Q7901509,Uruguayan rock,Uruguayan rock,https://en.wikipedia.org/wiki/Uruguayan_rock
http://www.wikidata.org/entity/Q7849239,trường ca,Trường ca,https://en.wikipedia.org/wiki/Tr%C6%B0%E1%BB%9Dng_ca
http://www.wikidata.org/entity/Q7849348,tsamassi,Tsamassi,https://en.wikipedia.org/wiki/Tsamassi
http://www.wikidata.org/entity/Q7878542,Ukrainian hip hop,Ukrainian hip-hop,https://en.wikipedia.org/wiki/Ukrainian_hip-hop
http://www.wikidata.org/entity/Q7855391,Turkish pop,Turkish pop music,https://en.wikipedia.org/wiki/Turkish_pop_music
http://www.wikidata.org/entity/Q7883674,underground dance music,Underground dance music,https://en.wikipedia.org/wiki/Underground_dance_music
http://www.wikidata.org/entity/Q7858125,Twin Cities hip hop,Twin Cities hip-hop,https://en.wikipedia.org/wiki/Twin_Cities_hip-hop
http://www.wikidata.org/entity/Q7832354,Kosovan folk music,Kosovan folk music,https://en.wikipedia.org/wiki/Kosovan_folk_music
http://www.wikidata.org/entity/Q7915876,variety,Variety (radio),https://en.wikipedia.org/wiki/Variety_(radio)
http://www.wikidata.org/entity/Q18393891,reggaestep,Reggaestep,https://en.wikipedia.org/wiki/Reggaestep
http://www.wikidata.org/entity/Q18473388,colá,Colá,https://en.wikipedia.org/wiki/Col%C3%A1
http://www.wikidata.org/entity/Q9089200,totalism,Totalism,https://en.wikipedia.org/wiki/Totalism
http://www.wikidata.org/entity/Q18345375,Latin music,Latin music,https://en.wikipedia.org/wiki/Latin_music
http://www.wikidata.org/entity/Q18358879,outsider house,Outsider house,https://en.wikipedia.org/wiki/Outsider_house
http://www.wikidata.org/entity/Q18915482,mincecore,Mincecore,https://en.wikipedia.org/wiki/Mincecore
http://www.wikidata.org/entity/Q18370965,Pinoy pop,Pinoy pop,https://en.wikipedia.org/wiki/Pinoy_pop
http://www.wikidata.org/entity/Q18398185,Athabaskan fiddle,Athabaskan fiddle,https://en.wikipedia.org/wiki/Athabaskan_fiddle
http://www.wikidata.org/entity/Q18379604,Christian electronic dance music,Christian electronic dance music,https://en.wikipedia.org/wiki/Christian_electronic_dance_music
http://www.wikidata.org/entity/Q19672555,nerd-folk,Nerd-folk,https://en.wikipedia.org/wiki/Nerd-folk
http://www.wikidata.org/entity/Q18534490,Kanhaiya Geet,Kanhaiya Geet,https://en.wikipedia.org/wiki/Kanhaiya_Geet
http://www.wikidata.org/entity/Q18391540,Christian R&B,Christian R&B,https://en.wikipedia.org/wiki/Christian_R%26B
http://www.wikidata.org/entity/Q18358825,Verso,Verso (music),https://en.wikipedia.org/wiki/Verso_(music)
http://www.wikidata.org/entity/Q7171184,Peruvian cumbia,Peruvian cumbia,https://en.wikipedia.org/wiki/Peruvian_cumbia
http://www.wikidata.org/entity/Q104882182,sega tambour Chagos,Sega tambour Chagos,https://en.wikipedia.org/wiki/Sega_tambour_Chagos
http://www.wikidata.org/entity/Q7179597,Peyote song,Peyote song,https://en.wikipedia.org/wiki/Peyote_song
http://www.wikidata.org/entity/Q7180954,phase music,Phase music,https://en.wikipedia.org/wiki/Phase_music
http://www.wikidata.org/entity/Q105038948,Estonian punk,Estonian punk,https://en.wikipedia.org/wiki/Estonian_punk
http://www.wikidata.org/entity/Q7182869,Philadelphia hardcore,Philadelphia hardcore,https://en.wikipedia.org/wiki/Philadelphia_hardcore
http://www.wikidata.org/entity/Q7185310,Philippine folk music,Philippine folk music,https://en.wikipedia.org/wiki/Philippine_folk_music
http://www.wikidata.org/entity/Q7187227,phonetical singing,Phonetical singing,https://en.wikipedia.org/wiki/Phonetical_singing
http://www.wikidata.org/entity/Q105320881,Malipenga,Malipenga,https://en.wikipedia.org/wiki/Malipenga
http://www.wikidata.org/entity/Q7190617,Pichakaree,Pichakaree,https://en.wikipedia.org/wiki/Pichakaree
http://www.wikidata.org/entity/Q7196456,Pinoy hip hop,Pinoy hip-hop,https://en.wikipedia.org/wiki/Pinoy_hip-hop
http://www.wikidata.org/entity/Q105334717,progressive soul,Progressive soul,https://en.wikipedia.org/wiki/Progressive_soul
http://www.wikidata.org/entity/Q107033667,Halloween music,Halloween music,https://en.wikipedia.org/wiki/Halloween_music
http://www.wikidata.org/entity/Q107033631,Mongolian hip hop,Mongolian hip-hop,https://en.wikipedia.org/wiki/Mongolian_hip-hop
http://www.wikidata.org/entity/Q961146,chilena,Chilena (musical genre),https://en.wikipedia.org/wiki/Chilena_(musical_genre)
http://www.wikidata.org/entity/Q963369,vispop,Vispop,https://en.wikipedia.org/wiki/Vispop
http://www.wikidata.org/entity/Q963061,highlife,Highlife,https://en.wikipedia.org/wiki/Highlife
http://www.wikidata.org/entity/Q959583,schlager music,Schlager music,https://en.wikipedia.org/wiki/Schlager_music
http://www.wikidata.org/entity/Q1034045,canzonetta,Canzonetta,https://en.wikipedia.org/wiki/Canzonetta
http://www.wikidata.org/entity/Q1034231,cape jazz,Cape jazz,https://en.wikipedia.org/wiki/Cape_jazz
http://www.wikidata.org/entity/Q1036183,carimbó,Carimbó,https://en.wikipedia.org/wiki/Carimb%C3%B3
http://www.wikidata.org/entity/Q1037693,modern rock,Modern rock,https://en.wikipedia.org/wiki/Modern_rock
http://www.wikidata.org/entity/Q1045541,G-funk,G-funk,https://en.wikipedia.org/wiki/G-funk
http://www.wikidata.org/entity/Q935086,music of Qatar,Music of Qatar,https://en.wikipedia.org/wiki/Music_of_Qatar
http://www.wikidata.org/entity/Q932977,crossover thrash,Crossover thrash,https://en.wikipedia.org/wiki/Crossover_thrash
http://www.wikidata.org/entity/Q935586,liturgical music,Liturgical music,https://en.wikipedia.org/wiki/Liturgical_music
http://www.wikidata.org/entity/Q936552,music of Tunisia,Music of Tunisia,https://en.wikipedia.org/wiki/Music_of_Tunisia
http://www.wikidata.org/entity/Q5068130,Chaiti,Chaiti,https://en.wikipedia.org/wiki/Chaiti
http://www.wikidata.org/entity/Q4998143,Burban,Burban,https://en.wikipedia.org/wiki/Burban
http://www.wikidata.org/entity/Q5039688,cariso,Cariso,https://en.wikipedia.org/wiki/Cariso
http://www.wikidata.org/entity/Q5015164,Ca Huế,Ca Huế,https://en.wikipedia.org/wiki/Ca_Hu%E1%BA%BF
http://www.wikidata.org/entity/Q5015165,Ca din tulnic,Ca din tulnic,https://en.wikipedia.org/wiki/Ca_din_tulnic
http://www.wikidata.org/entity/Q5018019,Cajun fiddle,Cajun fiddle,https://en.wikipedia.org/wiki/Cajun_fiddle
http://www.wikidata.org/entity/Q5024670,Calypso-style baila,Calypso-style baila,https://en.wikipedia.org/wiki/Calypso-style_baila
http://www.wikidata.org/entity/Q5024683,Calypso War,Calypso War,https://en.wikipedia.org/wiki/Calypso_War
http://www.wikidata.org/entity/Q5030714,Canadian blues,Canadian blues,https://en.wikipedia.org/wiki/Canadian_blues
http://www.wikidata.org/entity/Q5030825,Canadian jazz,Canadian jazz,https://en.wikipedia.org/wiki/Canadian_jazz
http://www.wikidata.org/entity/Q5030866,Canadian punk rock,Canadian punk rock,https://en.wikipedia.org/wiki/Canadian_punk_rock
http://www.wikidata.org/entity/Q5031532,Canción mexicana,Canción sentimental mexicana,https://en.wikipedia.org/wiki/Canci%C3%B3n_sentimental_mexicana
http://www.wikidata.org/entity/Q5054785,Cavalier song,Cavalier song,https://en.wikipedia.org/wiki/Cavalier_song
http://www.wikidata.org/entity/Q4996252,Bulgarian hip hop,Bulgarian hip-hop,https://en.wikipedia.org/wiki/Bulgarian_hip-hop
http://www.wikidata.org/entity/Q5058557,Canadian Celtic music,Celtic music in Canada,https://en.wikipedia.org/wiki/Celtic_music_in_Canada
http://www.wikidata.org/entity/Q5058545,Celtic chant,Celtic chant,https://en.wikipedia.org/wiki/Celtic_chant
http://www.wikidata.org/entity/Q4996773,bullerengue,Bullerengue,https://en.wikipedia.org/wiki/Bullerengue
http://www.wikidata.org/entity/Q5033854,Canto livre,Canto livre,https://en.wikipedia.org/wiki/Canto_livre
http://www.wikidata.org/entity/Q5060331,music of Central America,Central American music,https://en.wikipedia.org/wiki/Central_American_music
http://www.wikidata.org/entity/Q4999448,Burmese hip hop,Burmese hip-hop,https://en.wikipedia.org/wiki/Burmese_hip-hop
http://www.wikidata.org/entity/Q5000356,Burra katha,Burra katha,https://en.wikipedia.org/wiki/Burra_katha
http://www.wikidata.org/entity/Q5001430,bush ballad,Bush ballad,https://en.wikipedia.org/wiki/Bush_ballad
http://www.wikidata.org/entity/Q5063233,Ceol Meadhonach,Ceòl meadhonach,https://en.wikipedia.org/wiki/Ce%C3%B2l_meadhonach
http://www.wikidata.org/entity/Q7482056,Irish folk music,Irish traditional music,https://en.wikipedia.org/wiki/Irish_traditional_music
http://www.wikidata.org/entity/Q7450478,Senegalese hip hop,Senegalese hip-hop,https://en.wikipedia.org/wiki/Senegalese_hip-hop
http://www.wikidata.org/entity/Q7487815,shan'ge,Shan'ge,https://en.wikipedia.org/wiki/Shan%27ge
http://www.wikidata.org/entity/Q7452955,Serbian rock,Rock music in Serbia,https://en.wikipedia.org/wiki/Rock_music_in_Serbia
http://www.wikidata.org/entity/Q7496127,shidaiqu,Shidaiqu,https://en.wikipedia.org/wiki/Shidaiqu
http://www.wikidata.org/entity/Q7489094,Shanto,Shanto,https://en.wikipedia.org/wiki/Shanto
http://www.wikidata.org/entity/Q7497655,shinkyoku,Shinkyoku,https://en.wikipedia.org/wiki/Shinkyoku
http://www.wikidata.org/entity/Q7446911,Seis,Seis,https://en.wikipedia.org/wiki/Seis
http://www.wikidata.org/entity/Q1033073,candombe,Candombe,https://en.wikipedia.org/wiki/Candombe
http://www.wikidata.org/entity/Q1026113,cakewalk,Cakewalk,https://en.wikipedia.org/wiki/Cakewalk
http://www.wikidata.org/entity/Q1027114,call and response,Call and response (music),https://en.wikipedia.org/wiki/Call_and_response_(music)
http://www.wikidata.org/entity/Q1027999,vocal trance,Vocal trance,https://en.wikipedia.org/wiki/Vocal_trance
http://www.wikidata.org/entity/Q4083733,Beneventan chant,Beneventan chant,https://en.wikipedia.org/wiki/Beneventan_chant
http://www.wikidata.org/entity/Q7972788,Wassoulou music,Wassoulou music,https://en.wikipedia.org/wiki/Wassoulou_music
http://www.wikidata.org/entity/Q4088026,blatnaya pesnya,Blatnaya pesnya,https://en.wikipedia.org/wiki/Blatnaya_pesnya
http://www.wikidata.org/entity/Q7967858,wangga,Wangga,https://en.wikipedia.org/wiki/Wangga
http://www.wikidata.org/entity/Q4049849,spacesynth,Spacesynth,https://en.wikipedia.org/wiki/Spacesynth
http://www.wikidata.org/entity/Q4056436,bard song,Bard (Soviet Union),https://en.wikipedia.org/wiki/Bard_(Soviet_Union)
http://www.wikidata.org/entity/Q4058252,Azerbaijani folk music,Azerbaijani folk music,https://en.wikipedia.org/wiki/Azerbaijani_folk_music
http://www.wikidata.org/entity/Q4065202,Anglo-American music,Anglo-American music,https://en.wikipedia.org/wiki/Anglo-American_music
http://www.wikidata.org/entity/Q4069711,Armenian folk music,Armenian folk music,https://en.wikipedia.org/wiki/Armenian_folk_music
http://www.wikidata.org/entity/Q1131855,music of Kazakhstan,Music of Kazakhstan,https://en.wikipedia.org/wiki/Music_of_Kazakhstan
http://www.wikidata.org/entity/Q1132152,math rock,Math rock,https://en.wikipedia.org/wiki/Math_rock
http://www.wikidata.org/entity/Q4993367,indeterminacy,Indeterminacy (music),https://en.wikipedia.org/wiki/Indeterminacy_(music)
http://www.wikidata.org/entity/Q4993817,military cadence,Military cadence,https://en.wikipedia.org/wiki/Military_cadence
http://www.wikidata.org/entity/Q964658,outlaw country,Outlaw country,https://en.wikipedia.org/wiki/Outlaw_country
http://www.wikidata.org/entity/Q964987,music of Spain,Music of Spain,https://en.wikipedia.org/wiki/Music_of_Spain
http://www.wikidata.org/entity/Q965635,underground hip-hop,Underground hip-hop,https://en.wikipedia.org/wiki/Underground_hip-hop
http://www.wikidata.org/entity/Q965834,Znamenny chant,Znamenny chant,https://en.wikipedia.org/wiki/Znamenny_chant
http://www.wikidata.org/entity/Q4670712,Abwe,Abwe,https://en.wikipedia.org/wiki/Abwe
http://www.wikidata.org/entity/Q4684501,Nusach,Nusach (Jewish music),https://en.wikipedia.org/wiki/Nusach_(Jewish_music)
http://www.wikidata.org/entity/Q4733626,alma mater song,Alma mater (song),https://en.wikipedia.org/wiki/Alma_mater_(song)
http://www.wikidata.org/entity/Q4706203,nitzhonot,Nitzhonot,https://en.wikipedia.org/wiki/Nitzhonot
http://www.wikidata.org/entity/Q4736555,alternative reggaeton,Alternative reggaeton,https://en.wikipedia.org/wiki/Alternative_reggaeton
http://www.wikidata.org/entity/Q4709178,Albanian urban lyric song,Albanian Urban Lyric Song,https://en.wikipedia.org/wiki/Albanian_Urban_Lyric_Song
http://www.wikidata.org/entity/Q4709224,Albanian rock,Rock music in Albania,https://en.wikipedia.org/wiki/Rock_music_in_Albania
http://www.wikidata.org/entity/Q4685875,adult-oriented pop,Adult-oriented pop music,https://en.wikipedia.org/wiki/Adult-oriented_pop_music
http://www.wikidata.org/entity/Q4690039,African reggae,African reggae,https://en.wikipedia.org/wiki/African_reggae
http://www.wikidata.org/entity/Q4690168,Afro-Caribbean music,Afro-Caribbean music,https://en.wikipedia.org/wiki/Afro-Caribbean_music
http://www.wikidata.org/entity/Q4691163,Agamani-Vijaya,Agamani-Vijaya,https://en.wikipedia.org/wiki/Agamani-Vijaya
http://www.wikidata.org/entity/Q4691650,agbekor,Agbekor,https://en.wikipedia.org/wiki/Agbekor
http://www.wikidata.org/entity/Q4694554,aguinaldo,Aguinaldo (music),https://en.wikipedia.org/wiki/Aguinaldo_(music)
http://www.wikidata.org/entity/Q4696445,ahwash,Ahwash,https://en.wikipedia.org/wiki/Ahwash
http://www.wikidata.org/entity/Q4735603,Alpini song,Alpini songs,https://en.wikipedia.org/wiki/Alpini_songs
http://www.wikidata.org/entity/Q4698401,air à boire,Air à boire,https://en.wikipedia.org/wiki/Air_%C3%A0_boire
http://www.wikidata.org/entity/Q4699758,Ajisari,Ajisari,https://en.wikipedia.org/wiki/Ajisari
http://www.wikidata.org/entity/Q4668375,indigenous music of Canada,Indigenous music of Canada,https://en.wikipedia.org/wiki/Indigenous_music_of_Canada
http://www.wikidata.org/entity/Q4668383,indigenous rock,Indigenous rock,https://en.wikipedia.org/wiki/Indigenous_rock
http://www.wikidata.org/entity/Q1125657,conga,Conga (music),https://en.wikipedia.org/wiki/Conga_(music)
http://www.wikidata.org/entity/Q1127530,modal jazz,Modal jazz,https://en.wikipedia.org/wiki/Modal_jazz
http://www.wikidata.org/entity/Q1123381,comédie-ballet,Comédie-ballet,https://en.wikipedia.org/wiki/Com%C3%A9die-ballet
http://www.wikidata.org/entity/Q1123745,glam punk,Glam punk,https://en.wikipedia.org/wiki/Glam_punk
http://www.wikidata.org/entity/Q17060288,Shu school,Shu school,https://en.wikipedia.org/wiki/Shu_school
http://www.wikidata.org/entity/Q17065399,wong shadow,Wong shadow,https://en.wikipedia.org/wiki/Wong_shadow
http://www.wikidata.org/entity/Q116148184,crack rock steady,Crack rock steady,https://en.wikipedia.org/wiki/Crack_rock_steady
http://www.wikidata.org/entity/Q17069284,music of Togo,Music of Togo,https://en.wikipedia.org/wiki/Music_of_Togo
http://www.wikidata.org/entity/Q17070226,West Bengal rock music,Bengali Rock music (India),https://en.wikipedia.org/wiki/Bengali_Rock_music_(India)
http://www.wikidata.org/entity/Q115200681,electro-R&B,Electro-R&B,https://en.wikipedia.org/wiki/Electro-R%26B
http://www.wikidata.org/entity/Q115550280,snap&b,Snap&B,https://en.wikipedia.org/wiki/Snap%26B
http://www.wikidata.org/entity/Q114443489,partyschlager,Partyschlager,https://en.wikipedia.org/wiki/Partyschlager
http://www.wikidata.org/entity/Q115725821,YouTube poop music video,YTPMV,https://en.wikipedia.org/wiki/YTPMV
http://www.wikidata.org/entity/Q112958001,Welsh hip hop,Welsh hip-hop,https://en.wikipedia.org/wiki/Welsh_hip-hop
http://www.wikidata.org/entity/Q116158638,indie classical,Indie classical,https://en.wikipedia.org/wiki/Indie_classical
http://www.wikidata.org/entity/Q115456684,barber beats,Barber beats,https://en.wikipedia.org/wiki/Barber_beats
http://www.wikidata.org/entity/Q17070464,doyo,Doyo,https://en.wikipedia.org/wiki/Doyo
http://www.wikidata.org/entity/Q115890848,epadunk,Epadunk,https://en.wikipedia.org/wiki/Epadunk
http://www.wikidata.org/entity/Q115248229,I-pop,I-pop (subgenre),https://en.wikipedia.org/wiki/I-pop_(subgenre)
http://www.wikidata.org/entity/Q115691081,Chicago drill,Chicago drill,https://en.wikipedia.org/wiki/Chicago_drill
http://www.wikidata.org/entity/Q115485183,sigilkore,Sigilkore,https://en.wikipedia.org/wiki/Sigilkore
http://www.wikidata.org/entity/Q112997482,drift phonk,Drift phonk,https://en.wikipedia.org/wiki/Drift_phonk
http://www.wikidata.org/entity/Q115804629,sapphic pop,Sapphic pop,https://en.wikipedia.org/wiki/Sapphic_pop
http://www.wikidata.org/entity/Q115702912,Detroit hardcore,Detroit hardcore,https://en.wikipedia.org/wiki/Detroit_hardcore
http://www.wikidata.org/entity/Q113834417,chanson francarabe,Chanson franco-orientale,https://en.wikipedia.org/wiki/Chanson_franco-orientale
http://www.wikidata.org/entity/Q116006456,Hindutva pop,Hindutva pop,https://en.wikipedia.org/wiki/Hindutva_pop
http://www.wikidata.org/entity/Q17055458,New Zealand reggae,New Zealand reggae,https://en.wikipedia.org/wiki/New_Zealand_reggae
http://www.wikidata.org/entity/Q115171191,Irish rap,Irish rap,https://en.wikipedia.org/wiki/Irish_rap
http://www.wikidata.org/entity/Q17058526,political music in China,Political music in China,https://en.wikipedia.org/wiki/Political_music_in_China
http://www.wikidata.org/entity/Q111678759,guaracha,Guaracha (Colombia),https://en.wikipedia.org/wiki/Guaracha_(Colombia)
http://www.wikidata.org/entity/Q112628069,neocrust,Neocrust,https://en.wikipedia.org/wiki/Neocrust
http://www.wikidata.org/entity/Q112939200,hot rod music,Hot rod rock,https://en.wikipedia.org/wiki/Hot_rod_rock
http://www.wikidata.org/entity/Q112112926,Marian antiphon,Marian antiphon,https://en.wikipedia.org/wiki/Marian_antiphon
http://www.wikidata.org/entity/Q16947034,Venezuelan bambuco,Venezuelan bambuco,https://en.wikipedia.org/wiki/Venezuelan_bambuco
http://www.wikidata.org/entity/Q111628716,festival trap,Festival trap,https://en.wikipedia.org/wiki/Festival_trap
http://www.wikidata.org/entity/Q112663444,Belgian hardcore techno,Belgian hardcore techno,https://en.wikipedia.org/wiki/Belgian_hardcore_techno
http://www.wikidata.org/entity/Q111938157,Jhumur song,Jhumar song,https://en.wikipedia.org/wiki/Jhumar_song
http://www.wikidata.org/entity/Q111939074,Malawian hip hop,Malawian hip-hop,https://en.wikipedia.org/wiki/Malawian_hip-hop
http://www.wikidata.org/entity/Q16873176,New Orleans soul,New Orleans soul,https://en.wikipedia.org/wiki/New_Orleans_soul
http://www.wikidata.org/entity/Q111653578,hybrid trap,Hybrid trap,https://en.wikipedia.org/wiki/Hybrid_trap
http://www.wikidata.org/entity/Q111973339,American roots music,American roots music,https://en.wikipedia.org/wiki/American_roots_music
http://www.wikidata.org/entity/Q1046768,música popular brasileira,Música popular brasileira,https://en.wikipedia.org/wiki/M%C3%BAsica_popular_brasileira
http://www.wikidata.org/entity/Q1046838,new wave of American heavy metal,New wave of American heavy metal,https://en.wikipedia.org/wiki/New_wave_of_American_heavy_metal
http://www.wikidata.org/entity/Q1046801,turntablism,Turntablism,https://en.wikipedia.org/wiki/Turntablism
http://www.wikidata.org/entity/Q3990466,third wave ska,Third wave ska,https://en.wikipedia.org/wiki/Third_wave_ska
http://www.wikidata.org/entity/Q989478,empfindsamkeit,Empfindsamkeit (music),https://en.wikipedia.org/wiki/Empfindsamkeit_(music)
http://www.wikidata.org/entity/Q4045538,nu-disco,Nu-disco,https://en.wikipedia.org/wiki/Nu-disco
http://www.wikidata.org/entity/Q4006363,Urban Pasifika,Urban Pasifika,https://en.wikipedia.org/wiki/Urban_Pasifika
http://www.wikidata.org/entity/Q3981034,tarana,Tarana,https://en.wikipedia.org/wiki/Tarana
http://www.wikidata.org/entity/Q985135,giddha,Giddha,https://en.wikipedia.org/wiki/Giddha
http://www.wikidata.org/entity/Q4024159,Zenji flava,Zenji flava,https://en.wikipedia.org/wiki/Zenji_flava
http://www.wikidata.org/entity/Q4045303,new-school hip-hop,New-school hip-hop,https://en.wikipedia.org/wiki/New-school_hip-hop
http://www.wikidata.org/entity/Q1048249,Italian folk music,Italian folk music,https://en.wikipedia.org/wiki/Italian_folk_music
http://www.wikidata.org/entity/Q1048469,music of Scotland,Music of Scotland,https://en.wikipedia.org/wiki/Music_of_Scotland
http://www.wikidata.org/entity/Q1046920,Dōjin music,Doujin music,https://en.wikipedia.org/wiki/Doujin_music
http://www.wikidata.org/entity/Q1049625,musical improvisation,Musical improvisation,https://en.wikipedia.org/wiki/Musical_improvisation
http://www.wikidata.org/entity/Q940462,music hall,Music hall,https://en.wikipedia.org/wiki/Music_hall
http://www.wikidata.org/entity/Q936942,post-industrial music,Post-industrial (music),https://en.wikipedia.org/wiki/Post-industrial_(music)
http://www.wikidata.org/entity/Q936573,crunk,Crunk,https://en.wikipedia.org/wiki/Crunk
http://www.wikidata.org/entity/Q942955,milonga,Milonga (music),https://en.wikipedia.org/wiki/Milonga_(music)
http://www.wikidata.org/entity/Q944465,jazz rock,Jazz rock,https://en.wikipedia.org/wiki/Jazz_rock
http://www.wikidata.org/entity/Q944800,frottola,Frottola,https://en.wikipedia.org/wiki/Frottola
http://www.wikidata.org/entity/Q3736603,New Complexity,New Complexity,https://en.wikipedia.org/wiki/New_Complexity
http://www.wikidata.org/entity/Q1033810,cantiga de amigo,Cantiga de amigo,https://en.wikipedia.org/wiki/Cantiga_de_amigo
http://www.wikidata.org/entity/Q1033831,canticle,Canticle,https://en.wikipedia.org/wiki/Canticle
http://www.wikidata.org/entity/Q4117103,music of Sudan,Music of Sudan,https://en.wikipedia.org/wiki/Music_of_Sudan
http://www.wikidata.org/entity/Q1033912,hard dance,Hard dance,https://en.wikipedia.org/wiki/Hard_dance
http://www.wikidata.org/entity/Q4118941,mezwed,Mezwed,https://en.wikipedia.org/wiki/Mezwed
http://www.wikidata.org/entity/Q4119678,music of Mauritania,Music of Mauritania,https://en.wikipedia.org/wiki/Music_of_Mauritania
http://www.wikidata.org/entity/Q7354827,rock musical,Rock musical,https://en.wikipedia.org/wiki/Rock_musical
http://www.wikidata.org/entity/Q15830404,bolero,Bolero,https://en.wikipedia.org/wiki/Bolero
http://www.wikidata.org/entity/Q7334835,Ringbang,Ringbang,https://en.wikipedia.org/wiki/Ringbang
http://www.wikidata.org/entity/Q7315815,Bongai,Bongai,https://en.wikipedia.org/wiki/Bongai
http://www.wikidata.org/entity/Q7335754,ripsaw music,Ripsaw music,https://en.wikipedia.org/wiki/Ripsaw_music
http://www.wikidata.org/entity/Q15893013,funk ostentação,Funk ostentação,https://en.wikipedia.org/wiki/Funk_ostenta%C3%A7%C3%A3o
http://www.wikidata.org/entity/Q7321654,Bahamian rhyming spiritual,Bahamian Rhyming Spiritual,https://en.wikipedia.org/wiki/Bahamian_Rhyming_Spiritual
http://www.wikidata.org/entity/Q15981156,music of Brunei,Music of Brunei,https://en.wikipedia.org/wiki/Music_of_Brunei
http://www.wikidata.org/entity/Q7354915,rock violin,Rock violin,https://en.wikipedia.org/wiki/Rock_violin
http://www.wikidata.org/entity/Q7311378,Iranian religious music,Religious music in Iran,https://en.wikipedia.org/wiki/Religious_music_in_Iran
http://www.wikidata.org/entity/Q7361460,rom kbach,Rom kbach,https://en.wikipedia.org/wiki/Rom_kbach
http://www.wikidata.org/entity/Q7361853,Roman Catholic Marian music,Catholic Marian music,https://en.wikipedia.org/wiki/Catholic_Marian_music
http://www.wikidata.org/entity/Q7362666,Romanian rock,Rock music in Romania,https://en.wikipedia.org/wiki/Rock_music_in_Romania
http://www.wikidata.org/entity/Q1127539,Delta blues,Delta blues,https://en.wikipedia.org/wiki/Delta_blues
http://www.wikidata.org/entity/Q1127578,consort song,Consort song,https://en.wikipedia.org/wiki/Consort_song
http://www.wikidata.org/entity/Q1130969,fandango,Fandango,https://en.wikipedia.org/wiki/Fandango
http://www.wikidata.org/entity/Q1129422,morin khuur,Morin khuur,https://en.wikipedia.org/wiki/Morin_khuur
http://www.wikidata.org/entity/Q8774180,El vito,El vito,https://en.wikipedia.org/wiki/El_vito
http://www.wikidata.org/entity/Q8701407,waltz,Waltz (music),https://en.wikipedia.org/wiki/Waltz_(music)
http://www.wikidata.org/entity/Q8812109,church music,Church music,https://en.wikipedia.org/wiki/Church_music
http://www.wikidata.org/entity/Q8564213,Punjabi folk music,Folk music of Punjab,https://en.wikipedia.org/wiki/Folk_music_of_Punjab
http://www.wikidata.org/entity/Q4155078,dark electro,Dark electro,https://en.wikipedia.org/wiki/Dark_electro
http://www.wikidata.org/entity/Q4198071,Hiérodrame,Hiérodrame,https://en.wikipedia.org/wiki/Hi%C3%A9rodrame
http://www.wikidata.org/entity/Q4159719,Armenian jazz,Armenian jazz,https://en.wikipedia.org/wiki/Armenian_jazz
http://www.wikidata.org/entity/Q4200851,Indonesian rock,Indonesian rock,https://en.wikipedia.org/wiki/Indonesian_rock
http://www.wikidata.org/entity/Q4202963,Ypakoe,Ypakoe,https://en.wikipedia.org/wiki/Ypakoe
http://www.wikidata.org/entity/Q4171186,hayashi,Hayashi (music),https://en.wikipedia.org/wiki/Hayashi_(music)
http://www.wikidata.org/entity/Q4215151,samba-canção,Samba-canção,https://en.wikipedia.org/wiki/Samba-can%C3%A7%C3%A3o
http://www.wikidata.org/entity/Q4216001,Sinawi,Sinawi,https://en.wikipedia.org/wiki/Sinawi
http://www.wikidata.org/entity/Q4177625,hardcore breaks,Hardcore breaks,https://en.wikipedia.org/wiki/Hardcore_breaks
http://www.wikidata.org/entity/Q4207331,musok eumak,Musok eumak,https://en.wikipedia.org/wiki/Musok_eumak
http://www.wikidata.org/entity/Q4251198,Kui,Kui (music),https://en.wikipedia.org/wiki/Kui_(music)
http://www.wikidata.org/entity/Q4181641,zhungdra,Zhungdra,https://en.wikipedia.org/wiki/Zhungdra
http://www.wikidata.org/entity/Q17988509,jazz mugham,Jazz mugham,https://en.wikipedia.org/wiki/Jazz_mugham
http://www.wikidata.org/entity/Q17146868,shangaan electro,Shangaan electro,https://en.wikipedia.org/wiki/Shangaan_electro
http://www.wikidata.org/entity/Q17995961,mobb music,Mobb music,https://en.wikipedia.org/wiki/Mobb_music
http://www.wikidata.org/entity/Q17152287,Music in the Elizabethan era,Music in the Elizabethan era,https://en.wikipedia.org/wiki/Music_in_the_Elizabethan_era
http://www.wikidata.org/entity/Q17153632,tallava,Tallava,https://en.wikipedia.org/wiki/Tallava
http://www.wikidata.org/entity/Q17157177,Tahitian Drumming,Tahitian drumming,https://en.wikipedia.org/wiki/Tahitian_drumming
http://www.wikidata.org/entity/Q17510016,African heavy metal,African heavy metal,https://en.wikipedia.org/wiki/African_heavy_metal
http://www.wikidata.org/entity/Q17747244,California Sound,California sound,https://en.wikipedia.org/wiki/California_sound
http://www.wikidata.org/entity/Q17513978,Canadian country music,Canadian country music,https://en.wikipedia.org/wiki/Canadian_country_music
http://www.wikidata.org/entity/Q17513988,Canadian folk music,Canadian folk music,https://en.wikipedia.org/wiki/Canadian_folk_music
http://www.wikidata.org/entity/Q17514023,Canadian hardcore punk,Canadian hardcore punk,https://en.wikipedia.org/wiki/Canadian_hardcore_punk
http://www.wikidata.org/entity/Q17514029,Canadian heavy metal,Canadian heavy metal,https://en.wikipedia.org/wiki/Canadian_heavy_metal
http://www.wikidata.org/entity/Q17119190,hyperrealism,Hyperrealism (music),https://en.wikipedia.org/wiki/Hyperrealism_(music)
http://www.wikidata.org/entity/Q17111801,Zulu music,Zulu music,https://en.wikipedia.org/wiki/Zulu_music
http://www.wikidata.org/entity/Q17115009,mugithi,Mugithi,https://en.wikipedia.org/wiki/Mugithi
http://www.wikidata.org/entity/Q17118720,trống quân,Trống quân,https://en.wikipedia.org/wiki/Tr%E1%BB%91ng_qu%C3%A2n
http://www.wikidata.org/entity/Q17119147,indie hip-hop,Indie hip-hop,https://en.wikipedia.org/wiki/Indie_hip-hop
http://www.wikidata.org/entity/Q17120991,Note nere,Note nere,https://en.wikipedia.org/wiki/Note_nere
http://www.wikidata.org/entity/Q17125440,West Coast School,West Coast School,https://en.wikipedia.org/wiki/West_Coast_School
http://www.wikidata.org/entity/Q116414169,Corsican folk music,Corsican folk music,https://en.wikipedia.org/wiki/Corsican_folk_music
http://www.wikidata.org/entity/Q116256909,Korean traditional music,Traditional music of Korea,https://en.wikipedia.org/wiki/Traditional_music_of_Korea
http://www.wikidata.org/entity/Q927425,French overture,French overture,https://en.wikipedia.org/wiki/French_overture
http://www.wikidata.org/entity/Q919948,music of Greenland,Music of Greenland,https://en.wikipedia.org/wiki/Music_of_Greenland
http://www.wikidata.org/entity/Q116296482,melodic house,Melodic house,https://en.wikipedia.org/wiki/Melodic_house
http://www.wikidata.org/entity/Q116690325,power ballad,Power ballad,https://en.wikipedia.org/wiki/Power_ballad
http://www.wikidata.org/entity/Q920883,music of Colombia,Music of Colombia,https://en.wikipedia.org/wiki/Music_of_Colombia
http://www.wikidata.org/entity/Q1195253,sea shanty,Sea shanty,https://en.wikipedia.org/wiki/Sea_shanty
http://www.wikidata.org/entity/Q1195630,canzone napoletana,Canzone napoletana,https://en.wikipedia.org/wiki/Canzone_napoletana
http://www.wikidata.org/entity/Q1193470,theme music,Theme music,https://en.wikipedia.org/wiki/Theme_music
http://www.wikidata.org/entity/Q16993565,Afro-Peruvian music,Afro-Peruvian music,https://en.wikipedia.org/wiki/Afro-Peruvian_music
http://www.wikidata.org/entity/Q17053324,popcorn,Popcorn (Belgian music style),https://en.wikipedia.org/wiki/Popcorn_(Belgian_music_style)
http://www.wikidata.org/entity/Q17000631,Australian folk music,Australian folk music,https://en.wikipedia.org/wiki/Australian_folk_music
http://www.wikidata.org/entity/Q17037735,Sadra,Sadra (music),https://en.wikipedia.org/wiki/Sadra_(music)
http://www.wikidata.org/entity/Q17002468,Brasília hip hop,Brasília hip-hop,https://en.wikipedia.org/wiki/Bras%C3%ADlia_hip-hop
http://www.wikidata.org/entity/Q17004101,Haitian Gospel,Haitian gospel,https://en.wikipedia.org/wiki/Haitian_gospel
http://www.wikidata.org/entity/Q17004167,Haitian rock,Haitian rock,https://en.wikipedia.org/wiki/Haitian_rock
http://www.wikidata.org/entity/Q17004572,hip hop galsen,Hip-hop galsen,https://en.wikipedia.org/wiki/Hip-hop_galsen
http://www.wikidata.org/entity/Q17004507,music of Guinea,Music of Guinea,https://en.wikipedia.org/wiki/Music_of_Guinea
http://www.wikidata.org/entity/Q17007779,Latin Christian music,Latin Christian music,https://en.wikipedia.org/wiki/Latin_Christian_music
http://www.wikidata.org/entity/Q17012551,animation music,Animation music,https://en.wikipedia.org/wiki/Animation_music
http://www.wikidata.org/entity/Q17018487,Scottish folk music,Scottish folk music,https://en.wikipedia.org/wiki/Scottish_folk_music
http://www.wikidata.org/entity/Q17021538,Meriyasu,Meriyasu,https://en.wikipedia.org/wiki/Meriyasu
http://www.wikidata.org/entity/Q17030450,Kanikapila,Kanikapila,https://en.wikipedia.org/wiki/Kanikapila
http://www.wikidata.org/entity/Q17045570,triumphal march,Triumphal march,https://en.wikipedia.org/wiki/Triumphal_march
http://www.wikidata.org/entity/Q17045843,Seminole music,Seminole music,https://en.wikipedia.org/wiki/Seminole_music
http://www.wikidata.org/entity/Q17048822,Fakaseasea,Fakaseasea,https://en.wikipedia.org/wiki/Fakaseasea
http://www.wikidata.org/entity/Q17048829,Fatele,Fatele,https://en.wikipedia.org/wiki/Fatele
http://www.wikidata.org/entity/Q17049926,Q'axilu,Q'axilu,https://en.wikipedia.org/wiki/Q%27axilu
http://www.wikidata.org/entity/Q17050023,Malaysian contemporary music,Malaysian contemporary music,https://en.wikipedia.org/wiki/Malaysian_contemporary_music
http://www.wikidata.org/entity/Q17051846,Dhumpa sangita,Dhumpa sangita,https://en.wikipedia.org/wiki/Dhumpa_sangita
http://www.wikidata.org/entity/Q17053024,folkhop,Folkhop,https://en.wikipedia.org/wiki/Folkhop
http://www.wikidata.org/entity/Q17053898,Ryukyuan music,Ryukyuan music,https://en.wikipedia.org/wiki/Ryukyuan_music
http://www.wikidata.org/entity/Q22908051,Quaker music,Quaker music,https://en.wikipedia.org/wiki/Quaker_music
http://www.wikidata.org/entity/Q22908082,rabòday,Rabòday,https://en.wikipedia.org/wiki/Rab%C3%B2day
http://www.wikidata.org/entity/Q22908553,future bass,Future bass,https://en.wikipedia.org/wiki/Future_bass
http://www.wikidata.org/entity/Q21997160,Muisca music,Muisca music,https://en.wikipedia.org/wiki/Muisca_music
http://www.wikidata.org/entity/Q21998394,catalogue aria,Catalogue aria,https://en.wikipedia.org/wiki/Catalogue_aria
http://www.wikidata.org/entity/Q21998637,masonic music,Masonic music,https://en.wikipedia.org/wiki/Masonic_music
http://www.wikidata.org/entity/Q976802,tumba francesa,Tumba francesa,https://en.wikipedia.org/wiki/Tumba_francesa
http://www.wikidata.org/entity/Q972634,African popular music,African popular music,https://en.wikipedia.org/wiki/African_popular_music
http://www.wikidata.org/entity/Q973150,mandopop,Mandopop,https://en.wikipedia.org/wiki/Mandopop
http://www.wikidata.org/entity/Q969663,political hip-hop,Political hip-hop,https://en.wikipedia.org/wiki/Political_hip-hop
http://www.wikidata.org/entity/Q970409,unblack metal,Unblack metal,https://en.wikipedia.org/wiki/Unblack_metal
http://www.wikidata.org/entity/Q972424,old-time music,Old-time music,https://en.wikipedia.org/wiki/Old-time_music
http://www.wikidata.org/entity/Q4306588,capoeira music,Capoeira music,https://en.wikipedia.org/wiki/Capoeira_music
http://www.wikidata.org/entity/Q4306575,music of Liechtenstein,Music of Liechtenstein,https://en.wikipedia.org/wiki/Music_of_Liechtenstein
http://www.wikidata.org/entity/Q4306573,music of North Korea,Music of North Korea,https://en.wikipedia.org/wiki/Music_of_North_Korea
http://www.wikidata.org/entity/Q4306577,music of Eswatini,Music of Eswatini,https://en.wikipedia.org/wiki/Music_of_Eswatini
http://www.wikidata.org/entity/Q4306583,music of Chad,Music of Chad,https://en.wikipedia.org/wiki/Music_of_Chad
http://www.wikidata.org/entity/Q4349839,chèo,Chèo,https://en.wikipedia.org/wiki/Ch%C3%A8o
http://www.wikidata.org/entity/Q4355815,mahori,Mahori,https://en.wikipedia.org/wiki/Mahori
http://www.wikidata.org/entity/Q4371786,beompae,Beompae,https://en.wikipedia.org/wiki/Beompae
http://www.wikidata.org/entity/Q4372158,pop Sunda,Pop Sunda,https://en.wikipedia.org/wiki/Pop_Sunda
http://www.wikidata.org/entity/Q4337652,Ossetian music,Music of Ossetia,https://en.wikipedia.org/wiki/Music_of_Ossetia
http://www.wikidata.org/entity/Q3737170,Mari music,Mari music,https://en.wikipedia.org/wiki/Mari_music
http://www.wikidata.org/entity/Q3791697,chopper,Chopper (rap),https://en.wikipedia.org/wiki/Chopper_(rap)
http://www.wikidata.org/entity/Q3785730,Finnish hip hop,Finnish hip-hop,https://en.wikipedia.org/wiki/Finnish_hip-hop
http://www.wikidata.org/entity/Q3785731,New Zealand hip-hop,New Zealand hip-hop,https://en.wikipedia.org/wiki/New_Zealand_hip-hop
http://www.wikidata.org/entity/Q3785732,Russian hip-hop,Russian hip-hop,https://en.wikipedia.org/wiki/Russian_hip-hop
http://www.wikidata.org/entity/Q3785733,Slovak hip hop,Slovak hip-hop,https://en.wikipedia.org/wiki/Slovak_hip-hop
http://www.wikidata.org/entity/Q3765927,Hamd,Hamd,https://en.wikipedia.org/wiki/Hamd
http://www.wikidata.org/entity/Q3807537,orchestral jazz,Orchestral jazz,https://en.wikipedia.org/wiki/Orchestral_jazz
http://www.wikidata.org/entity/Q3797148,In Nomine,In Nomine,https://en.wikipedia.org/wiki/In_Nomine
http://www.wikidata.org/entity/Q3808055,music of Catalonia,Music of Catalonia,https://en.wikipedia.org/wiki/Music_of_Catalonia
http://www.wikidata.org/entity/Q3752342,frat rock,Frat rock,https://en.wikipedia.org/wiki/Frat_rock
http://www.wikidata.org/entity/Q3813661,Catalan rock,Rock català,https://en.wikipedia.org/wiki/Rock_catal%C3%A0
http://www.wikidata.org/entity/Q3815106,kidumbaki,Kidumbaki,https://en.wikipedia.org/wiki/Kidumbaki
http://www.wikidata.org/entity/Q3827483,Latin hip-hop,Latin hip-hop,https://en.wikipedia.org/wiki/Latin_hip-hop
http://www.wikidata.org/entity/Q3835724,Llamerada,Llamerada,https://en.wikipedia.org/wiki/Llamerada
http://www.wikidata.org/entity/Q3840596,dark wave,Dark wave,https://en.wikipedia.org/wiki/Dark_wave
http://www.wikidata.org/entity/Q3842899,Madrigale spirituale,Madrigale spirituale,https://en.wikipedia.org/wiki/Madrigale_spirituale
http://www.wikidata.org/entity/Q3843144,Maggio drammatico,Maggio drammatico,https://en.wikipedia.org/wiki/Maggio_drammatico
http://www.wikidata.org/entity/Q18110001,Azerbaijani pop,Azerbaijani pop music,https://en.wikipedia.org/wiki/Azerbaijani_pop_music
http://www.wikidata.org/entity/Q18191937,Jewish western art music,Jewish western art music,https://en.wikipedia.org/wiki/Jewish_western_art_music
http://www.wikidata.org/entity/Q18204859,Igbo rap,Igbo rap,https://en.wikipedia.org/wiki/Igbo_rap
http://www.wikidata.org/entity/Q18205078,Azerbaijani classical music,Azerbaijani classical music,https://en.wikipedia.org/wiki/Azerbaijani_classical_music
http://www.wikidata.org/entity/Q18205595,BMG movement,BMG movement,https://en.wikipedia.org/wiki/BMG_movement
http://www.wikidata.org/entity/Q18207423,rhythm & praise music,Rhythm & Praise music,https://en.wikipedia.org/wiki/Rhythm_%26_Praise_music
http://www.wikidata.org/entity/Q18208255,Igbo highlife,Igbo highlife,https://en.wikipedia.org/wiki/Igbo_highlife
http://www.wikidata.org/entity/Q18126823,Kilippattu,Kilippattu,https://en.wikipedia.org/wiki/Kilippattu
http://www.wikidata.org/entity/Q18126969,Krishnacore,Krishnacore,https://en.wikipedia.org/wiki/Krishnacore
http://www.wikidata.org/entity/Q18129813,music of Egypt,Music of Egypt,https://en.wikipedia.org/wiki/Music_of_Egypt
http://www.wikidata.org/entity/Q18217098,New Mexico music,New Mexico music,https://en.wikipedia.org/wiki/New_Mexico_music
http://www.wikidata.org/entity/Q18163148,Iranian jazz,Iranian jazz,https://en.wikipedia.org/wiki/Iranian_jazz
http://www.wikidata.org/entity/Q10770871,xoan singing,Xoan singing,https://en.wikipedia.org/wiki/Xoan_singing
http://www.wikidata.org/entity/Q10428865,Nanjing baiju,Nanjing baiju,https://en.wikipedia.org/wiki/Nanjing_baiju
http://www.wikidata.org/entity/Q5069474,chamarrita,Chamarrita,https://en.wikipedia.org/wiki/Chamarrita
http://www.wikidata.org/entity/Q5069525,chamber jazz,Chamber jazz,https://en.wikipedia.org/wiki/Chamber_jazz
http://www.wikidata.org/entity/Q5070237,Chamrieng Samai,Chamrieng Samai,https://en.wikipedia.org/wiki/Chamrieng_Samai
http://www.wikidata.org/entity/Q5071702,changa tuki,Raptor house,https://en.wikipedia.org/wiki/Raptor_house
http://www.wikidata.org/entity/Q5072584,Chanson pour boire,Chanson pour boire,https://en.wikipedia.org/wiki/Chanson_pour_boire
http://www.wikidata.org/entity/Q5072696,Chanté mas,Chanté mas,https://en.wikipedia.org/wiki/Chant%C3%A9_mas
http://www.wikidata.org/entity/Q10830180,tuồng,Tuồng,https://en.wikipedia.org/wiki/Tu%E1%BB%93ng
http://www.wikidata.org/entity/Q5072880,chap hop,Chap hop,https://en.wikipedia.org/wiki/Chap_hop
http://www.wikidata.org/entity/Q5099460,chimurenga music,Chimurenga music,https://en.wikipedia.org/wiki/Chimurenga_music
http://www.wikidata.org/entity/Q5073926,Charanga-vallenata,Charanga-vallenata,https://en.wikipedia.org/wiki/Charanga-vallenata
http://www.wikidata.org/entity/Q10378015,Tambor de Crioula,Tambor de Crioula,https://en.wikipedia.org/wiki/Tambor_de_Crioula
http://www.wikidata.org/entity/Q5100789,Chinese folk flute music,Chinese folk flute music,https://en.wikipedia.org/wiki/Chinese_folk_flute_music
http://www.wikidata.org/entity/Q10748669,plastic soul,Plastic soul,https://en.wikipedia.org/wiki/Plastic_soul
http://www.wikidata.org/entity/Q10389097,vanguarda paulista,Vanguarda Paulista,https://en.wikipedia.org/wiki/Vanguarda_Paulista
http://www.wikidata.org/entity/Q10801090,Vietnamese diasporic music,Vietnamese diasporic music,https://en.wikipedia.org/wiki/Vietnamese_diasporic_music
http://www.wikidata.org/entity/Q10750971,nardcore,Nardcore,https://en.wikipedia.org/wiki/Nardcore
http://www.wikidata.org/entity/Q10451148,music of Prince Qin Breaking up the Enemy's Front,Music of Prince of Qin Breaking up the Enemy's Front,https://en.wikipedia.org/wiki/Music_of_Prince_of_Qin_Breaking_up_the_Enemy%27s_Front
http://www.wikidata.org/entity/Q5096318,Chicken scratch,Chicken scratch,https://en.wikipedia.org/wiki/Chicken_scratch
http://www.wikidata.org/entity/Q5088687,Chazezesa Challengers,Chazezesa Challengers,https://en.wikipedia.org/wiki/Chazezesa_Challengers
http://www.wikidata.org/entity/Q4448560,surrealist music,Surrealist music,https://en.wikipedia.org/wiki/Surrealist_music
http://www.wikidata.org/entity/Q4453768,Azerbaijani rock,Azerbaijani rock,https://en.wikipedia.org/wiki/Azerbaijani_rock
http://www.wikidata.org/entity/Q4456147,Terra Verde,Terra Verde,https://en.wikipedia.org/wiki/Terra_Verde
http://www.wikidata.org/entity/Q4428744,son cubano,Son cubano,https://en.wikipedia.org/wiki/Son_cubano
http://www.wikidata.org/entity/Q4490718,melodic metalcore,Melodic metalcore,https://en.wikipedia.org/wiki/Melodic_metalcore
http://www.wikidata.org/entity/Q4490991,progressive country,Progressive country,https://en.wikipedia.org/wiki/Progressive_country
http://www.wikidata.org/entity/Q4440575,Old Roman chant,Old Roman chant,https://en.wikipedia.org/wiki/Old_Roman_chant
http://www.wikidata.org/entity/Q10859713,Noha,Noha,https://en.wikipedia.org/wiki/Noha
http://www.wikidata.org/entity/Q21662779,Neue Musik,Neue Musik,https://en.wikipedia.org/wiki/Neue_Musik
http://www.wikidata.org/entity/Q21260785,rara tech,Rara tech,https://en.wikipedia.org/wiki/Rara_tech
http://www.wikidata.org/entity/Q21684437,rumba,Rumba,https://en.wikipedia.org/wiki/Rumba
http://www.wikidata.org/entity/Q21261423,Nuyorican rap,Nuyorican rap,https://en.wikipedia.org/wiki/Nuyorican_rap
http://www.wikidata.org/entity/Q21059341,cumbia pop,Cumbia pop,https://en.wikipedia.org/wiki/Cumbia_pop
http://www.wikidata.org/entity/Q21400499,shaman punk,Shaman punk,https://en.wikipedia.org/wiki/Shaman_punk
http://www.wikidata.org/entity/Q10836741,xẩm,Xẩm,https://en.wikipedia.org/wiki/X%E1%BA%A9m
http://www.wikidata.org/entity/Q20715191,Afro-Cuban music,Music of African heritage in Cuba,https://en.wikipedia.org/wiki/Music_of_African_heritage_in_Cuba
http://www.wikidata.org/entity/Q20716146,rasteirinha,Rasteirinha,https://en.wikipedia.org/wiki/Rasteirinha
http://www.wikidata.org/entity/Q21064844,Hako,Hoko (dance),https://en.wikipedia.org/wiki/Hoko_(dance)
http://www.wikidata.org/entity/Q10838732,music of Southeast Asia,Music of Southeast Asia,https://en.wikipedia.org/wiki/Music_of_Southeast_Asia
http://www.wikidata.org/entity/Q21653344,carol,Carol (music),https://en.wikipedia.org/wiki/Carol_(music)
http://www.wikidata.org/entity/Q17070502,music of Tamil Nadu,Music of Tamil Nadu,https://en.wikipedia.org/wiki/Music_of_Tamil_Nadu
http://www.wikidata.org/entity/Q17073966,Mizo music,Music of Mizoram,https://en.wikipedia.org/wiki/Music_of_Mizoram
http://www.wikidata.org/entity/Q17075815,music of ancient India,Music in ancient India,https://en.wikipedia.org/wiki/Music_in_ancient_India
http://www.wikidata.org/entity/Q17077948,Kontradans,Kontradans,https://en.wikipedia.org/wiki/Kontradans
http://www.wikidata.org/entity/Q17079948,Venezuelan merengue,Venezuelan merengue,https://en.wikipedia.org/wiki/Venezuelan_merengue
http://www.wikidata.org/entity/Q17080863,music of Costa Rica,Music of Costa Rica,https://en.wikipedia.org/wiki/Music_of_Costa_Rica
http://www.wikidata.org/entity/Q17086313,Mexican progressive rock,Progressive rock in Mexico,https://en.wikipedia.org/wiki/Progressive_rock_in_Mexico
http://www.wikidata.org/entity/Q17088735,santé engagé,Santé engagé,https://en.wikipedia.org/wiki/Sant%C3%A9_engag%C3%A9
http://www.wikidata.org/entity/Q17091278,Romanian muzica populara,Muzică populară,https://en.wikipedia.org/wiki/Muzic%C4%83_popular%C4%83
http://www.wikidata.org/entity/Q17098563,Hungarian pop,Hungarian pop,https://en.wikipedia.org/wiki/Hungarian_pop
http://www.wikidata.org/entity/Q17103754,urban champeta,Urban champeta,https://en.wikipedia.org/wiki/Urban_champeta
http://www.wikidata.org/entity/Q17104891,Discant,Discant,https://en.wikipedia.org/wiki/Discant
http://www.wikidata.org/entity/Q8049166,Yaqui music,Yaqui music,https://en.wikipedia.org/wiki/Yaqui_music
http://www.wikidata.org/entity/Q17108006,Zimbabwean jazz,Zimbabwean jazz,https://en.wikipedia.org/wiki/Zimbabwean_jazz
http://www.wikidata.org/entity/Q17108017,Zimdancehall,Zimdancehall,https://en.wikipedia.org/wiki/Zimdancehall
http://www.wikidata.org/entity/Q17108262,Kadongo kamu,Kadongo Kamu,https://en.wikipedia.org/wiki/Kadongo_Kamu
http://www.wikidata.org/entity/Q17111357,voëlvry movement,The Voëlvry Movement,https://en.wikipedia.org/wiki/The_Vo%C3%ABlvry_Movement
http://www.wikidata.org/entity/Q17111414,township music,Township music,https://en.wikipedia.org/wiki/Township_music
http://www.wikidata.org/entity/Q8052472,Yeongsan hoesang,Yeongsan hoesang,https://en.wikipedia.org/wiki/Yeongsan_hoesang
http://www.wikidata.org/entity/Q8054113,Yo-pop,Yo-pop,https://en.wikipedia.org/wiki/Yo-pop
http://www.wikidata.org/entity/Q1055871,Japanese rock,Japanese rock,https://en.wikipedia.org/wiki/Japanese_rock
http://www.wikidata.org/entity/Q1051575,humppa,Humppa,https://en.wikipedia.org/wiki/Humppa
http://www.wikidata.org/entity/Q1051735,soca music,Soca music,https://en.wikipedia.org/wiki/Soca_music
http://www.wikidata.org/entity/Q1051843,neo-prog,Neo-prog,https://en.wikipedia.org/wiki/Neo-prog
http://www.wikidata.org/entity/Q1054490,Ceòl Beag,Ceòl beag,https://en.wikipedia.org/wiki/Ce%C3%B2l_beag
http://www.wikidata.org/entity/Q4752812,ancient Celtic music,Ancient Celtic music,https://en.wikipedia.org/wiki/Ancient_Celtic_music
http://www.wikidata.org/entity/Q4752921,ancient Tamil music,Ancient Tamil music,https://en.wikipedia.org/wiki/Ancient_Tamil_music
http://www.wikidata.org/entity/Q4752840,fife and drum corps,Fife and drum corps,https://en.wikipedia.org/wiki/Fife_and_drum_corps
http://www.wikidata.org/entity/Q4745477,American gamelan,American gamelan,https://en.wikipedia.org/wiki/American_gamelan
http://www.wikidata.org/entity/Q4745509,American patriotic music,American patriotic music,https://en.wikipedia.org/wiki/American_patriotic_music
http://www.wikidata.org/entity/Q4745516,American pop,American pop,https://en.wikipedia.org/wiki/American_pop
http://www.wikidata.org/entity/Q1071961,Chicago house,Chicago house,https://en.wikipedia.org/wiki/Chicago_house
http://www.wikidata.org/entity/Q1074080,music of Turkey,Music of Turkey,https://en.wikipedia.org/wiki/Music_of_Turkey
http://www.wikidata.org/entity/Q8011200,Tōgaku,Tōgaku,https://en.wikipedia.org/wiki/T%C5%8Dgaku
http://www.wikidata.org/entity/Q7975176,waulking song,Waulking song,https://en.wikipedia.org/wiki/Waulking_song
http://www.wikidata.org/entity/Q8043468,Xenharmonic music,Xenharmonic music,https://en.wikipedia.org/wiki/Xenharmonic_music
http://www.wikidata.org/entity/Q8044009,Xhosa music,Xhosa music,https://en.wikipedia.org/wiki/Xhosa_music
http://www.wikidata.org/entity/Q8044658,Xintianyou,Xintianyou,https://en.wikipedia.org/wiki/Xintianyou
http://www.wikidata.org/entity/Q8044676,xinyao,Xinyao,https://en.wikipedia.org/wiki/Xinyao
http://www.wikidata.org/entity/Q7982016,Welsh bardic music,Welsh bardic music,https://en.wikipedia.org/wiki/Welsh_bardic_music
http://www.wikidata.org/entity/Q7983231,Were music,Were music,https://en.wikipedia.org/wiki/Were_music
http://www.wikidata.org/entity/Q7987058,West gallery music,West gallery music,https://en.wikipedia.org/wiki/West_gallery_music
http://www.wikidata.org/entity/Q7988543,Western swing fiddle,Western swing fiddle,https://en.wikipedia.org/wiki/Western_swing_fiddle
http://www.wikidata.org/entity/Q8030395,Wolof music,Wolof music,https://en.wikipedia.org/wiki/Wolof_music
http://www.wikidata.org/entity/Q8031215,women's music,Women's music,https://en.wikipedia.org/wiki/Women%27s_music
http://www.wikidata.org/entity/Q8032087,wonky pop,Wonky pop,https://en.wikipedia.org/wiki/Wonky_pop
http://www.wikidata.org/entity/Q8011523,contemporary music,Contemporary music,https://en.wikipedia.org/wiki/Contemporary_music
http://www.wikidata.org/entity/Q1062400,chanson,Chanson,https://en.wikipedia.org/wiki/Chanson
http://www.wikidata.org/entity/Q1062199,changüí,Changüí,https://en.wikipedia.org/wiki/Chang%C3%BC%C3%AD
http://www.wikidata.org/entity/Q1062702,video game music,Video game music,https://en.wikipedia.org/wiki/Video_game_music
http://www.wikidata.org/entity/Q4396829,Iranian rock,Iranian rock,https://en.wikipedia.org/wiki/Iranian_rock
http://www.wikidata.org/entity/Q4400125,runo song,Runic song,https://en.wikipedia.org/wiki/Runic_song
http://www.wikidata.org/entity/Q4400498,Russian folk music,Russian folk music,https://en.wikipedia.org/wiki/Russian_folk_music
http://www.wikidata.org/entity/Q4400837,Russian romance,Russian romance,https://en.wikipedia.org/wiki/Russian_romance
http://www.wikidata.org/entity/Q1045756,microtonal music,Microtonality,https://en.wikipedia.org/wiki/Microtonality
http://www.wikidata.org/entity/Q1064810,Chinese rock,Chinese rock,https://en.wikipedia.org/wiki/Chinese_rock
http://www.wikidata.org/entity/Q1065742,religious music,Religious music,https://en.wikipedia.org/wiki/Religious_music
http://www.wikidata.org/entity/Q1063010,character piece,Character piece,https://en.wikipedia.org/wiki/Character_piece
http://www.wikidata.org/entity/Q932477,music of Hungary,Music of Hungary,https://en.wikipedia.org/wiki/Music_of_Hungary
http://www.wikidata.org/entity/Q930592,Italo dance,Italo dance,https://en.wikipedia.org/wiki/Italo_dance
http://www.wikidata.org/entity/Q930995,queercore,Queercore,https://en.wikipedia.org/wiki/Queercore
http://www.wikidata.org/entity/Q928825,garage house,Garage house,https://en.wikipedia.org/wiki/Garage_house
http://www.wikidata.org/entity/Q4832426,Azerbaijani hip hop,Azerbaijani hip-hop,https://en.wikipedia.org/wiki/Azerbaijani_hip-hop
http://www.wikidata.org/entity/Q4832900,Jarabe,Jarabe,https://en.wikipedia.org/wiki/Jarabe
http://www.wikidata.org/entity/Q1074569,chipmunk soul,Chipmunk soul,https://en.wikipedia.org/wiki/Chipmunk_soul
http://www.wikidata.org/entity/Q4838724,bachatón,Bachatón,https://en.wikipedia.org/wiki/Bachat%C3%B3n
http://www.wikidata.org/entity/Q4841438,Baganda music,Baganda music,https://en.wikipedia.org/wiki/Baganda_music
http://www.wikidata.org/entity/Q4846346,bassline,Bassline (music genre),https://en.wikipedia.org/wiki/Bassline_(music_genre)
http://www.wikidata.org/entity/Q4832826,Azonto,Azonto,https://en.wikipedia.org/wiki/Azonto
http://www.wikidata.org/entity/Q4810433,Assyrian folk/pop,Assyrian folk-pop music,https://en.wikipedia.org/wiki/Assyrian_folk-pop_music
http://www.wikidata.org/entity/Q1075338,jug band,Jug band,https://en.wikipedia.org/wiki/Jug_band
http://www.wikidata.org/entity/Q4825017,Australian hardcore,Australian hardcore,https://en.wikipedia.org/wiki/Australian_hardcore
http://www.wikidata.org/entity/Q4825029,Australian indie rock,Australian indie rock,https://en.wikipedia.org/wiki/Australian_indie_rock
http://www.wikidata.org/entity/Q4825034,Australian jazz,Australian jazz,https://en.wikipedia.org/wiki/Australian_jazz
http://www.wikidata.org/entity/Q4825221,Australian ska,Australian ska,https://en.wikipedia.org/wiki/Australian_ska
http://www.wikidata.org/entity/Q4825229,Australian thrash metal,Australian thrash metal,https://en.wikipedia.org/wiki/Australian_thrash_metal
http://www.wikidata.org/entity/Q4841596,baggy,Baggy,https://en.wikipedia.org/wiki/Baggy
http://www.wikidata.org/entity/Q1165358,danzón,Danzón,https://en.wikipedia.org/wiki/Danz%C3%B3n
http://www.wikidata.org/entity/Q1165777,UK garage,UK garage,https://en.wikipedia.org/wiki/UK_garage
http://www.wikidata.org/entity/Q1166158,dark cabaret,Dark cabaret,https://en.wikipedia.org/wiki/Dark_cabaret
http://www.wikidata.org/entity/Q1164252,deathrock,Deathrock,https://en.wikipedia.org/wiki/Deathrock
http://www.wikidata.org/entity/Q11693017,darkcore,Darkcore,https://en.wikipedia.org/wiki/Darkcore
http://www.wikidata.org/entity/Q11693803,montea,Montea,https://en.wikipedia.org/wiki/Montea
http://www.wikidata.org/entity/Q1243254,lento violento,Lento violento,https://en.wikipedia.org/wiki/Lento_violento
http://www.wikidata.org/entity/Q1243912,quodlibet,Quodlibet,https://en.wikipedia.org/wiki/Quodlibet
http://www.wikidata.org/entity/Q11680297,psybreaks,Psychedelic breakbeat,https://en.wikipedia.org/wiki/Psychedelic_breakbeat
http://www.wikidata.org/entity/Q117003970,Ilorin Waka,Ilorin Waka,https://en.wikipedia.org/wiki/Ilorin_Waka
http://www.wikidata.org/entity/Q121494463,Kosmische Musik,Kosmische Musik,https://en.wikipedia.org/wiki/Kosmische_Musik
http://www.wikidata.org/entity/Q18324847,Kievan chant,Kievan chant,https://en.wikipedia.org/wiki/Kievan_chant
http://www.wikidata.org/entity/Q120484427,dariacore,Dariacore,https://en.wikipedia.org/wiki/Dariacore
http://www.wikidata.org/entity/Q118640019,pop kreatif,Pop kreatif,https://en.wikipedia.org/wiki/Pop_kreatif
http://www.wikidata.org/entity/Q117745223,Brazilian funk,Brazilian funk,https://en.wikipedia.org/wiki/Brazilian_funk
http://www.wikidata.org/entity/Q18342587,tropical house,Tropical house,https://en.wikipedia.org/wiki/Tropical_house
http://www.wikidata.org/entity/Q120691352,Congolese hip hop,Congolese hip hop,https://en.wikipedia.org/wiki/Congolese_hip_hop
http://www.wikidata.org/entity/Q120691315,Ugandan hip hop,Ugandan hip hop,https://en.wikipedia.org/wiki/Ugandan_hip_hop
http://www.wikidata.org/entity/Q116875252,Baroque suite,Baroque suite,https://en.wikipedia.org/wiki/Baroque_suite
http://www.wikidata.org/entity/Q116972319,first wave black metal,First-wave black metal,https://en.wikipedia.org/wiki/First-wave_black_metal
http://www.wikidata.org/entity/Q18225375,Qaytarma,Qaytarma,https://en.wikipedia.org/wiki/Qaytarma
http://www.wikidata.org/entity/Q120867282,shitgaze,Shitgaze,https://en.wikipedia.org/wiki/Shitgaze
http://www.wikidata.org/entity/Q120209068,Hela Khayal Dangal,Hela Khayal Dangal,https://en.wikipedia.org/wiki/Hela_Khayal_Dangal
http://www.wikidata.org/entity/Q4938135,Boheoja,Boheoja,https://en.wikipedia.org/wiki/Boheoja
http://www.wikidata.org/entity/Q4939163,Bolel,Bolel,https://en.wikipedia.org/wiki/Bolel
http://www.wikidata.org/entity/Q1121111,Tin Pan Alley,Tin Pan Alley,https://en.wikipedia.org/wiki/Tin_Pan_Alley
http://www.wikidata.org/entity/Q1123037,nursery rhyme,Nursery rhyme,https://en.wikipedia.org/wiki/Nursery_rhyme
http://www.wikidata.org/entity/Q4940448,bomba,Bomba (Ecuador),https://en.wikipedia.org/wiki/Bomba_(Ecuador)
http://www.wikidata.org/entity/Q4942839,boogie,Boogie (genre),https://en.wikipedia.org/wiki/Boogie_(genre)
http://www.wikidata.org/entity/Q1253172,Southern hip-hop,Southern hip-hop,https://en.wikipedia.org/wiki/Southern_hip-hop
http://www.wikidata.org/entity/Q1253861,bećarac,Bećarac,https://en.wikipedia.org/wiki/Be%C4%87arac
http://www.wikidata.org/entity/Q1247105,singjay,Singjay,https://en.wikipedia.org/wiki/Singjay
http://www.wikidata.org/entity/Q1245902,spectral music,Spectral music,https://en.wikipedia.org/wiki/Spectral_music
http://www.wikidata.org/entity/Q1245536,tuna,Tuna (music),https://en.wikipedia.org/wiki/Tuna_(music)
http://www.wikidata.org/entity/Q1252451,Montuno,Montuno,https://en.wikipedia.org/wiki/Montuno
http://www.wikidata.org/entity/Q1067089,throat singing,Throat singing,https://en.wikipedia.org/wiki/Throat_singing
http://www.wikidata.org/entity/Q1071873,Chicago blues,Chicago blues,https://en.wikipedia.org/wiki/Chicago_blues
http://www.wikidata.org/entity/Q1071834,music of Hawaii,Music of Hawaii,https://en.wikipedia.org/wiki/Music_of_Hawaii
http://www.wikidata.org/entity/Q4631020,21st-century classical music,21st-century classical music,https://en.wikipedia.org/wiki/21st-century_classical_music
http://www.wikidata.org/entity/Q4499034,Chabad niggunim,Chabad niggunim,https://en.wikipedia.org/wiki/Chabad_niggunim
http://www.wikidata.org/entity/Q4501461,Christian ska,Christian ska,https://en.wikipedia.org/wiki/Christian_ska
http://www.wikidata.org/entity/Q1060475,chamamé,Chamamé,https://en.wikipedia.org/wiki/Chamam%C3%A9
http://www.wikidata.org/entity/Q4528554,shchedrivka,Shchedrivka,https://en.wikipedia.org/wiki/Shchedrivka
http://www.wikidata.org/entity/Q1061165,champeta,Champeta,https://en.wikipedia.org/wiki/Champeta
http://www.wikidata.org/entity/Q4666464,Abecedarian hymn,Abecedarian hymn,https://en.wikipedia.org/wiki/Abecedarian_hymn
http://www.wikidata.org/entity/Q122474125,egg punk,Egg punk,https://en.wikipedia.org/wiki/Egg_punk
http://www.wikidata.org/entity/Q122474149,lowend,Lowend,https://en.wikipedia.org/wiki/Lowend
http://www.wikidata.org/entity/Q123600631,lostwave,Lostwave,https://en.wikipedia.org/wiki/Lostwave
http://www.wikidata.org/entity/Q123923529,bubblegrunge,Bubblegrunge,https://en.wikipedia.org/wiki/Bubblegrunge
http://www.wikidata.org/entity/Q123413364,Afro tech,Afro tech,https://en.wikipedia.org/wiki/Afro_tech
http://www.wikidata.org/entity/Q122818238,norteño-sax,Norteño-sax,https://en.wikipedia.org/wiki/Norte%C3%B1o-sax
http://www.wikidata.org/entity/Q123907465,Michigan rap,Michigan rap,https://en.wikipedia.org/wiki/Michigan_rap
http://www.wikidata.org/entity/Q123223381,Pontic Greek music,Pontic Greek music,https://en.wikipedia.org/wiki/Pontic_Greek_music
http://www.wikidata.org/entity/Q122609971,Ikwokirikwo,Ikwokirikwo,https://en.wikipedia.org/wiki/Ikwokirikwo
http://www.wikidata.org/entity/Q124357128,gabberpop,Gabberpop,https://en.wikipedia.org/wiki/Gabberpop
http://www.wikidata.org/entity/Q124312240,Afro fusion,Afro fusion,https://en.wikipedia.org/wiki/Afro_fusion
http://www.wikidata.org/entity/Q124421715,Copy thachin,Copy thachin,https://en.wikipedia.org/wiki/Copy_thachin
http://www.wikidata.org/entity/Q123253052,post-no wave,Post-no wave,https://en.wikipedia.org/wiki/Post-no_wave
http://www.wikidata.org/entity/Q121667432,psychedelic rap,Psychedelic rap,https://en.wikipedia.org/wiki/Psychedelic_rap
http://www.wikidata.org/entity/Q122639240,Owerri bongo,Owerri Bongo,https://en.wikipedia.org/wiki/Owerri_Bongo
http://www.wikidata.org/entity/Q124333204,sinogrime,Sinogrime,https://en.wikipedia.org/wiki/Sinogrime
http://www.wikidata.org/entity/Q124060761,Igbo Christian music,Igbo Christian music,https://en.wikipedia.org/wiki/Igbo_Christian_music
http://www.wikidata.org/entity/Q123481758,Alaskan hip hop,Alaskan hip-hop,https://en.wikipedia.org/wiki/Alaskan_hip-hop
http://www.wikidata.org/entity/Q122143484,scam rap,Scam rap,https://en.wikipedia.org/wiki/Scam_rap
http://www.wikidata.org/entity/Q4897056,Beste,Beste (Turkish music),https://en.wikipedia.org/wiki/Beste_(Turkish_music)
http://www.wikidata.org/entity/Q4875789,beach music,Beach music,https://en.wikipedia.org/wiki/Beach_music
http://www.wikidata.org/entity/Q4879372,Bedouin music,Bedouin music,https://en.wikipedia.org/wiki/Bedouin_music
http://www.wikidata.org/entity/Q4882148,gamelan beleganjur,Beleganjur,https://en.wikipedia.org/wiki/Beleganjur
http://www.wikidata.org/entity/Q4855518,Bango,Bango (music),https://en.wikipedia.org/wiki/Bango_(music)
http://www.wikidata.org/entity/Q4852449,Balochi music,Balochi music,https://en.wikipedia.org/wiki/Balochi_music
http://www.wikidata.org/entity/Q4852979,Baltimore club,Baltimore club,https://en.wikipedia.org/wiki/Baltimore_club
http://www.wikidata.org/entity/Q4888038,Beninese hip hop,Beninese hip-hop,https://en.wikipedia.org/wiki/Beninese_hip-hop
http://www.wikidata.org/entity/Q4889602,benna,Benna (genre),https://en.wikipedia.org/wiki/Benna_(genre)
http://www.wikidata.org/entity/Q4854353,Bandana thrash,Bandana thrash,https://en.wikipedia.org/wiki/Bandana_thrash
http://www.wikidata.org/entity/Q4855476,Bangladeshi hip hop,Bangladeshi hip-hop,https://en.wikipedia.org/wiki/Bangladeshi_hip-hop
http://www.wikidata.org/entity/Q4855483,Bangladeshi rock,Bangladeshi rock,https://en.wikipedia.org/wiki/Bangladeshi_rock
http://www.wikidata.org/entity/Q4857249,Bantowbol,Bantowbol,https://en.wikipedia.org/wiki/Bantowbol
http://www.wikidata.org/entity/Q4890645,Bentonia School,Bentonia School,https://en.wikipedia.org/wiki/Bentonia_School
http://www.wikidata.org/entity/Q4854619,bandish,Bandish,https://en.wikipedia.org/wiki/Bandish
http://www.wikidata.org/entity/Q4864776,music of São Tomé and Príncipe,Music of São Tomé and Príncipe,https://en.wikipedia.org/wiki/Music_of_S%C3%A3o_Tom%C3%A9_and_Pr%C3%ADncipe
http://www.wikidata.org/entity/Q4877851,beautiful music,Beautiful music,https://en.wikipedia.org/wiki/Beautiful_music
http://www.wikidata.org/entity/Q4869661,battaglia,Battaglia (music),https://en.wikipedia.org/wiki/Battaglia_(music)
http://www.wikidata.org/entity/Q4901016,bhangragga,Bhangragga,https://en.wikipedia.org/wiki/Bhangragga
http://www.wikidata.org/entity/Q4905606,Big Drum,Big Drum,https://en.wikipedia.org/wiki/Big_Drum
http://www.wikidata.org/entity/Q4873394,Batá-rumba,Batá-rumba,https://en.wikipedia.org/wiki/Bat%C3%A1-rumba
http://www.wikidata.org/entity/Q5226879,dastgah music,Dastgah music,https://en.wikipedia.org/wiki/Dastgah_music
http://www.wikidata.org/entity/Q5276393,Dihanaam,Dihanaam,https://en.wikipedia.org/wiki/Dihanaam
http://www.wikidata.org/entity/Q5276535,Dikir barat,Dikir barat,https://en.wikipedia.org/wiki/Dikir_barat
http://www.wikidata.org/entity/Q5269880,Dhun,Dhun,https://en.wikipedia.org/wiki/Dhun
http://www.wikidata.org/entity/Q1166321,darkstep,Darkstep,https://en.wikipedia.org/wiki/Darkstep
http://www.wikidata.org/entity/Q5281127,dirty blues,Dirty blues,https://en.wikipedia.org/wiki/Dirty_blues
http://www.wikidata.org/entity/Q5242609,Dawr,Dawr,https://en.wikipedia.org/wiki/Dawr
http://www.wikidata.org/entity/Q5244903,De dragoste,De dragoste,https://en.wikipedia.org/wiki/De_dragoste
http://www.wikidata.org/entity/Q5290881,Dominican rock,Dominican rock,https://en.wikipedia.org/wiki/Dominican_rock
http://www.wikidata.org/entity/Q5256877,Dene music,Dene music,https://en.wikipedia.org/wiki/Dene_music
http://www.wikidata.org/entity/Q5295546,Dondang Sayang,Dondang Sayang,https://en.wikipedia.org/wiki/Dondang_Sayang
http://www.wikidata.org/entity/Q5264196,Desi hip hop,Desi hip-hop,https://en.wikipedia.org/wiki/Desi_hip-hop
http://www.wikidata.org/entity/Q5266196,rough music,Rough music,https://en.wikipedia.org/wiki/Rough_music
http://www.wikidata.org/entity/Q5268810,Dhamail,Dhamail,https://en.wikipedia.org/wiki/Dhamail
http://www.wikidata.org/entity/Q5223519,dark industrial,Dark industrial,https://en.wikipedia.org/wiki/Dark_industrial
http://www.wikidata.org/entity/Q4982327,Bubu music,Bubu music,https://en.wikipedia.org/wiki/Bubu_music
http://www.wikidata.org/entity/Q10312897,Japanese metal,Japanese metal,https://en.wikipedia.org/wiki/Japanese_metal
http://www.wikidata.org/entity/Q4985524,Buenos Aires hardcore,Buenos Aires Hardcore,https://en.wikipedia.org/wiki/Buenos_Aires_Hardcore
http://www.wikidata.org/entity/Q10316114,lambadão cuiabano,Lambadão cuiabano,https://en.wikipedia.org/wiki/Lambad%C3%A3o_cuiabano
http://www.wikidata.org/entity/Q4971422,British pop,British pop music,https://en.wikipedia.org/wiki/British_pop_music
http://www.wikidata.org/entity/Q10334885,music of Benin,Music of Benin,https://en.wikipedia.org/wiki/Music_of_Benin
http://www.wikidata.org/entity/Q10334890,music of Mali,Music of Mali,https://en.wikipedia.org/wiki/Music_of_Mali
http://www.wikidata.org/entity/Q10334888,music of Burundi,Music of Burundi,https://en.wikipedia.org/wiki/Music_of_Burundi
http://www.wikidata.org/entity/Q4968631,Brisbane punk rock,Brisbane punk rock,https://en.wikipedia.org/wiki/Brisbane_punk_rock
http://www.wikidata.org/entity/Q4969182,Brit funk,Brit funk,https://en.wikipedia.org/wiki/Brit_funk
http://www.wikidata.org/entity/Q4971320,British dance band,British dance band,https://en.wikipedia.org/wiki/British_dance_band
http://www.wikidata.org/entity/Q4971384,British jazz,British jazz,https://en.wikipedia.org/wiki/British_jazz
http://www.wikidata.org/entity/Q4971442,British rhythm and blues,British rhythm and blues,https://en.wikipedia.org/wiki/British_rhythm_and_blues
http://www.wikidata.org/entity/Q4971443,British rock and roll,British rock and roll,https://en.wikipedia.org/wiki/British_rock_and_roll
http://www.wikidata.org/entity/Q4971454,British soul,British soul,https://en.wikipedia.org/wiki/British_soul
http://www.wikidata.org/entity/Q10292943,guitarrada,Guitarrada,https://en.wikipedia.org/wiki/Guitarrada
http://www.wikidata.org/entity/Q4975996,brown-eyed soul,Brown-eyed soul,https://en.wikipedia.org/wiki/Brown-eyed_soul
http://www.wikidata.org/entity/Q10295992,tanci,Tanci,https://en.wikipedia.org/wiki/Tanci
http://www.wikidata.org/entity/Q3853406,Mdundiko,Mdundiko,https://en.wikipedia.org/wiki/Mdundiko
http://www.wikidata.org/entity/Q3855113,merenhouse,Merenhouse,https://en.wikipedia.org/wiki/Merenhouse
http://www.wikidata.org/entity/Q3867028,rōkyoku,Rōkyoku,https://en.wikipedia.org/wiki/R%C5%8Dkyoku
http://www.wikidata.org/entity/Q3868594,music of Kenya,Music of Kenya,https://en.wikipedia.org/wiki/Music_of_Kenya
http://www.wikidata.org/entity/Q3868596,music of Rwanda,Music of Rwanda,https://en.wikipedia.org/wiki/Music_of_Rwanda
http://www.wikidata.org/entity/Q3868597,music of Uganda,Music of Uganda,https://en.wikipedia.org/wiki/Music_of_Uganda
http://www.wikidata.org/entity/Q3846957,Beiguan,Beiguan music,https://en.wikipedia.org/wiki/Beiguan_music
http://www.wikidata.org/entity/Q3843655,couplet,Couplets (cabaret),https://en.wikipedia.org/wiki/Couplets_(cabaret)
http://www.wikidata.org/entity/Q19879476,classic hip hop,Classic hip-hop,https://en.wikipedia.org/wiki/Classic_hip-hop
http://www.wikidata.org/entity/Q19885329,raglife,Raglife,https://en.wikipedia.org/wiki/Raglife
http://www.wikidata.org/entity/Q19899689,Rebita,Rebita,https://en.wikipedia.org/wiki/Rebita
http://www.wikidata.org/entity/Q19820570,ma'luf,Ma'luf,https://en.wikipedia.org/wiki/Ma%27luf
http://www.wikidata.org/entity/Q10265571,desgarrada,Desgarrada,https://en.wikipedia.org/wiki/Desgarrada
http://www.wikidata.org/entity/Q19901725,Ukrainian metal,Ukrainian metal,https://en.wikipedia.org/wiki/Ukrainian_metal
http://www.wikidata.org/entity/Q9190324,Lutheran chorale,Lutheran chorale,https://en.wikipedia.org/wiki/Lutheran_chorale
http://www.wikidata.org/entity/Q9364028,UK funky,UK funky,https://en.wikipedia.org/wiki/UK_funky
http://www.wikidata.org/entity/Q10286515,funk melody,Funk melody,https://en.wikipedia.org/wiki/Funk_melody
http://www.wikidata.org/entity/Q16610474,Contemporary Catholic liturgical music,Contemporary Catholic liturgical music,https://en.wikipedia.org/wiki/Contemporary_Catholic_liturgical_music
http://www.wikidata.org/entity/Q16733731,Kpanlogo,Kpanlogo,https://en.wikipedia.org/wiki/Kpanlogo
http://www.wikidata.org/entity/Q16615430,Palo de Mayo,Palo de Mayo,https://en.wikipedia.org/wiki/Palo_de_Mayo
http://www.wikidata.org/entity/Q16572889,liscio,Liscio,https://en.wikipedia.org/wiki/Liscio
http://www.wikidata.org/entity/Q7832297,traditional Japanese music,Traditional Japanese music,https://en.wikipedia.org/wiki/Traditional_Japanese_music
http://www.wikidata.org/entity/Q16562829,harsh noise,Harsh noise,https://en.wikipedia.org/wiki/Harsh_noise
http://www.wikidata.org/entity/Q16820420,American march music,American march music,https://en.wikipedia.org/wiki/American_march_music
http://www.wikidata.org/entity/Q16821210,Japanese jazz,Japanese jazz,https://en.wikipedia.org/wiki/Japanese_jazz
http://www.wikidata.org/entity/Q16681686,nomos,Nomos (music),https://en.wikipedia.org/wiki/Nomos_(music)
http://www.wikidata.org/entity/Q16669340,Kushtdepdi,Kushtdepdi,https://en.wikipedia.org/wiki/Kushtdepdi
http://www.wikidata.org/entity/Q16637770,tango rock,Tango-rock,https://en.wikipedia.org/wiki/Tango-rock
http://www.wikidata.org/entity/Q7832290,Gaelic folk music,Gaelic folk music,https://en.wikipedia.org/wiki/Gaelic_folk_music
http://www.wikidata.org/entity/Q7832302,traditional Nordic dance music,Traditional Nordic dance music,https://en.wikipedia.org/wiki/Traditional_Nordic_dance_music
http://www.wikidata.org/entity/Q7832321,traditional bluegrass,Traditional bluegrass,https://en.wikipedia.org/wiki/Traditional_bluegrass
http://www.wikidata.org/entity/Q1078010,martial industrial,Martial industrial,https://en.wikipedia.org/wiki/Martial_industrial
http://www.wikidata.org/entity/Q1079270,jig,Jig,https://en.wikipedia.org/wiki/Jig
http://www.wikidata.org/entity/Q1077172,instrumental hip-hop,Instrumental hip hop,https://en.wikipedia.org/wiki/Instrumental_hip_hop
http://www.wikidata.org/entity/Q1077388,sentimental ballad,Sentimental ballad,https://en.wikipedia.org/wiki/Sentimental_ballad
http://www.wikidata.org/entity/Q1091536,music of Madagascar,Music of Madagascar,https://en.wikipedia.org/wiki/Music_of_Madagascar
http://www.wikidata.org/entity/Q1092837,post-bop,Post-bop,https://en.wikipedia.org/wiki/Post-bop
http://www.wikidata.org/entity/Q1092553,Celtic fusion,Celtic fusion,https://en.wikipedia.org/wiki/Celtic_fusion
http://www.wikidata.org/entity/Q1092924,villotta,Villotta,https://en.wikipedia.org/wiki/Villotta
http://www.wikidata.org/entity/Q1100989,glitch,Glitch (music),https://en.wikipedia.org/wiki/Glitch_(music)
http://www.wikidata.org/entity/Q1091450,aggrotech,Aggrotech,https://en.wikipedia.org/wiki/Aggrotech
http://www.wikidata.org/entity/Q131481683,mall screamo,Pop screamo,https://en.wikipedia.org/wiki/Pop_screamo
http://www.wikidata.org/entity/Q131657701,Christian death metal,Christian death metal,https://en.wikipedia.org/wiki/Christian_death_metal
http://www.wikidata.org/entity/Q19708376,frat rap,Frat rap,https://en.wikipedia.org/wiki/Frat_rap
http://www.wikidata.org/entity/Q19708604,funk ousadia,Funk ousadia,https://en.wikipedia.org/wiki/Funk_ousadia
http://www.wikidata.org/entity/Q127326805,new wave of classic rock,New wave of classic rock,https://en.wikipedia.org/wiki/New_wave_of_classic_rock
http://www.wikidata.org/entity/Q131463506,Visayan pop,Visayan pop,https://en.wikipedia.org/wiki/Visayan_pop
http://www.wikidata.org/entity/Q132200384,Russian jazz,Russian jazz,https://en.wikipedia.org/wiki/Russian_jazz
http://www.wikidata.org/entity/Q131894329,Windmill scene,Windmill scene,https://en.wikipedia.org/wiki/Windmill_scene
http://www.wikidata.org/entity/Q126281483,cuddlecore,Cuddlecore,https://en.wikipedia.org/wiki/Cuddlecore
http://www.wikidata.org/entity/Q130711854,Dikir Barat Singapura,Dikir Barat Singapura,https://en.wikipedia.org/wiki/Dikir_Barat_Singapura
http://www.wikidata.org/entity/Q130283263,blaxploitation,Blaxploitation (music genre),https://en.wikipedia.org/wiki/Blaxploitation_(music_genre)
http://www.wikidata.org/entity/Q131535243,pigfuck,Pigfuck,https://en.wikipedia.org/wiki/Pigfuck
http://www.wikidata.org/entity/Q19815286,Japanese hardcore,Japanese hardcore,https://en.wikipedia.org/wiki/Japanese_hardcore
http://www.wikidata.org/entity/Q127471000,obscuro,Obscuro,https://en.wikipedia.org/wiki/Obscuro
http://www.wikidata.org/entity/Q126287874,Quickstep (march music),Quickstep (march music),https://en.wikipedia.org/wiki/Quickstep_(march_music)
http://www.wikidata.org/entity/Q125848864,Milwaukee hip hop,Milwaukee hip-hop,https://en.wikipedia.org/wiki/Milwaukee_hip-hop
http://www.wikidata.org/entity/Q125850367,cuplé,Cuplé,https://en.wikipedia.org/wiki/Cupl%C3%A9
http://www.wikidata.org/entity/Q130392790,Gothic pop,Gothic pop,https://en.wikipedia.org/wiki/Gothic_pop
http://www.wikidata.org/entity/Q131286017,tough guy hardcore,Tough guy hardcore,https://en.wikipedia.org/wiki/Tough_guy_hardcore
http://www.wikidata.org/entity/Q130306615,Hapa haole music,Hapa haole music,https://en.wikipedia.org/wiki/Hapa_haole_music
http://www.wikidata.org/entity/Q131504672,Banamba,Banamba (dance),https://en.wikipedia.org/wiki/Banamba_(dance)
http://www.wikidata.org/entity/Q132324210,bloghouse,Bloghouse,https://en.wikipedia.org/wiki/Bloghouse
http://www.wikidata.org/entity/Q19754215,cante alentejano,Cante Alentejano,https://en.wikipedia.org/wiki/Cante_Alentejano
http://www.wikidata.org/entity/Q126708888,gospel trap,Gospel trap,https://en.wikipedia.org/wiki/Gospel_trap
http://www.wikidata.org/entity/Q131529620,krushclub,Krushclub,https://en.wikipedia.org/wiki/Krushclub
http://www.wikidata.org/entity/Q131535007,Colombian hip-hop,Colombian hip hop,https://en.wikipedia.org/wiki/Colombian_hip_hop
http://www.wikidata.org/entity/Q19678100,nerd music,Nerd music,https://en.wikipedia.org/wiki/Nerd_music
http://www.wikidata.org/entity/Q130660185,New Partisans,New Partisans,https://en.wikipedia.org/wiki/New_Partisans
http://www.wikidata.org/entity/Q129312602,Toronto sound,Toronto sound (hip-hop),https://en.wikipedia.org/wiki/Toronto_sound_(hip-hop)
http://www.wikidata.org/entity/Q125687720,road rap,Road rap,https://en.wikipedia.org/wiki/Road_rap
http://www.wikidata.org/entity/Q5530446,Gelineau psalmody,Gelineau psalmody,https://en.wikipedia.org/wiki/Gelineau_psalmody
http://www.wikidata.org/entity/Q5529053,Gazel,Gazel,https://en.wikipedia.org/wiki/Gazel
http://www.wikidata.org/entity/Q5529320,Gbedu (drum),Gbedu,https://en.wikipedia.org/wiki/Gbedu
http://www.wikidata.org/entity/Q5581134,gombhira,Gombhira,https://en.wikipedia.org/wiki/Gombhira
http://www.wikidata.org/entity/Q5518471,Galerón,Galerón,https://en.wikipedia.org/wiki/Galer%C3%B3n
http://www.wikidata.org/entity/Q5519824,Game Boy music,Game Boy music,https://en.wikipedia.org/wiki/Game_Boy_music
http://www.wikidata.org/entity/Q5520007,gamelan siteran,Gamelan siteran,https://en.wikipedia.org/wiki/Gamelan_siteran
http://www.wikidata.org/entity/Q5520004,gamelan gadhon,Gamelan Gadhon,https://en.wikipedia.org/wiki/Gamelan_Gadhon
http://www.wikidata.org/entity/Q5520010,gamelan sekaten,Gamelan Sekaten,https://en.wikipedia.org/wiki/Gamelan_Sekaten
http://www.wikidata.org/entity/Q5520009,gamelan surakarta,Gamelan surakarta,https://en.wikipedia.org/wiki/Gamelan_surakarta
http://www.wikidata.org/entity/Q5520014,gamelan gender wayang,Gamelan gender wayang,https://en.wikipedia.org/wiki/Gamelan_gender_wayang
http://www.wikidata.org/entity/Q5520015,gamelan gong gede,Gamelan gong gede,https://en.wikipedia.org/wiki/Gamelan_gong_gede
http://www.wikidata.org/entity/Q5520012,gamelan bebonangan,Gamelan bebonangan,https://en.wikipedia.org/wiki/Gamelan_bebonangan
http://www.wikidata.org/entity/Q5520013,gamelan gambang,Gamelan gambang,https://en.wikipedia.org/wiki/Gamelan_gambang
http://www.wikidata.org/entity/Q5520018,gamelan salendro,Gamelan salendro,https://en.wikipedia.org/wiki/Gamelan_salendro
http://www.wikidata.org/entity/Q5520017,gamelan jegog,Gamelan jegog,https://en.wikipedia.org/wiki/Gamelan_jegog
http://www.wikidata.org/entity/Q5562953,ginans,Ginans,https://en.wikipedia.org/wiki/Ginans
http://www.wikidata.org/entity/Q5520022,gamelan semar pegulingan,Gamelan semar pegulingan,https://en.wikipedia.org/wiki/Gamelan_semar_pegulingan
http://www.wikidata.org/entity/Q5520020,gamelan degung,Gamelan degung,https://en.wikipedia.org/wiki/Gamelan_degung
http://www.wikidata.org/entity/Q5520021,Gamelan selunding,Gamelan selunding,https://en.wikipedia.org/wiki/Gamelan_selunding
http://www.wikidata.org/entity/Q5529931,Geet,Geet (song),https://en.wikipedia.org/wiki/Geet_(song)
http://www.wikidata.org/entity/Q5521262,Gangtai,Gangtai,https://en.wikipedia.org/wiki/Gangtai
http://www.wikidata.org/entity/Q5577402,Gogo,Gogo (Quebec music),https://en.wikipedia.org/wiki/Gogo_(Quebec_music)
http://www.wikidata.org/entity/Q5533135,genge,Genge,https://en.wikipedia.org/wiki/Genge
http://www.wikidata.org/entity/Q5551384,German electronic music,German electronic music,https://en.wikipedia.org/wiki/German_electronic_music
http://www.wikidata.org/entity/Q8059887,Yu-Mex,Yu-Mex,https://en.wikipedia.org/wiki/Yu-Mex
http://www.wikidata.org/entity/Q8074593,Zoti,Zoti,https://en.wikipedia.org/wiki/Zoti
http://www.wikidata.org/entity/Q4390945,rautalanka,Rautalanka,https://en.wikipedia.org/wiki/Rautalanka
http://www.wikidata.org/entity/Q8083433,Żurawiejka,Żurawiejka,https://en.wikipedia.org/wiki/%C5%BBurawiejka
http://www.wikidata.org/entity/Q8061059,Yuman music,Yuman music,https://en.wikipedia.org/wiki/Yuman_music
http://www.wikidata.org/entity/Q8062662,Yōkyoku,Yōkyoku,https://en.wikipedia.org/wiki/Y%C5%8Dkyoku
http://www.wikidata.org/entity/Q8251828,brega pop,Brega pop,https://en.wikipedia.org/wiki/Brega_pop
http://www.wikidata.org/entity/Q8210150,Avanzada Regia,Avanzada Regia,https://en.wikipedia.org/wiki/Avanzada_Regia
http://www.wikidata.org/entity/Q8197165,ambient black metal,Ambient black metal,https://en.wikipedia.org/wiki/Ambient_black_metal
http://www.wikidata.org/entity/Q8072085,Zimbabwean hip hop,Zimbabwean hip-hop,https://en.wikipedia.org/wiki/Zimbabwean_hip-hop
http://www.wikidata.org/entity/Q8072348,Zindalii,Zindalii,https://en.wikipedia.org/wiki/Zindalii
http://www.wikidata.org/entity/Q8074508,Zoroastrian music,Zoroastrian music,https://en.wikipedia.org/wiki/Zoroastrian_music
http://www.wikidata.org/entity/Q8074636,zouk-love,Zouk-love,https://en.wikipedia.org/wiki/Zouk-love
http://www.wikidata.org/entity/Q4381192,music of Paraguay,Music of Paraguay,https://en.wikipedia.org/wiki/Music_of_Paraguay
http://www.wikidata.org/entity/Q4381349,music of Equatorial Guinea,Music of Equatorial Guinea,https://en.wikipedia.org/wiki/Music_of_Equatorial_Guinea
http://www.wikidata.org/entity/Q4945110,Boria,Boria (theatre),https://en.wikipedia.org/wiki/Boria_(theatre)
http://www.wikidata.org/entity/Q4958927,Brazilian thrash metal,Brazilian thrash metal,https://en.wikipedia.org/wiki/Brazilian_thrash_metal
http://www.wikidata.org/entity/Q4943457,boomba music,Boomba music,https://en.wikipedia.org/wiki/Boomba_music
http://www.wikidata.org/entity/Q4945025,Borgeet,Borgeet,https://en.wikipedia.org/wiki/Borgeet
http://www.wikidata.org/entity/Q4958465,Bravura,Bravura,https://en.wikipedia.org/wiki/Bravura
http://www.wikidata.org/entity/Q4965901,Jersey club,Jersey club,https://en.wikipedia.org/wiki/Jersey_club
http://www.wikidata.org/entity/Q4947417,Bosnian and Herzegovinian hip hop,Bosnian and Herzegovinian hip-hop,https://en.wikipedia.org/wiki/Bosnian_and_Herzegovinian_hip-hop
http://www.wikidata.org/entity/Q4947422,Bosnian root music,Bosnian root music,https://en.wikipedia.org/wiki/Bosnian_root_music
http://www.wikidata.org/entity/Q4948714,bothy ballad,Bothy ballad,https://en.wikipedia.org/wiki/Bothy_ballad
http://www.wikidata.org/entity/Q4949812,bounce music,Bounce music,https://en.wikipedia.org/wiki/Bounce_music
http://www.wikidata.org/entity/Q4950495,Bouyon soca,Bouyon soca,https://en.wikipedia.org/wiki/Bouyon_soca
http://www.wikidata.org/entity/Q4950496,bouyon,Bouyon music,https://en.wikipedia.org/wiki/Bouyon_music
http://www.wikidata.org/entity/Q16928350,Mirabi,Mirabi (music),https://en.wikipedia.org/wiki/Mirabi_(music)
http://www.wikidata.org/entity/Q16937368,koliadka,Koliadka,https://en.wikipedia.org/wiki/Koliadka
http://www.wikidata.org/entity/Q16942605,nhạc dân tộc cải biên,Nhạc dân tộc cải biên,https://en.wikipedia.org/wiki/Nh%E1%BA%A1c_d%C3%A2n_t%E1%BB%99c_c%E1%BA%A3i_bi%C3%AAn
http://www.wikidata.org/entity/Q16947691,tropical fusion,Tropical fusion,https://en.wikipedia.org/wiki/Tropical_fusion
http://www.wikidata.org/entity/Q16951912,Birmingham sound,Birmingham sound,https://en.wikipedia.org/wiki/Birmingham_sound
http://www.wikidata.org/entity/Q16954055,bro-country,Bro-country,https://en.wikipedia.org/wiki/Bro-country
http://www.wikidata.org/entity/Q16954258,B-Town,B-Town,https://en.wikipedia.org/wiki/B-Town
http://www.wikidata.org/entity/Q1076092,technical death metal,Technical death metal,https://en.wikipedia.org/wiki/Technical_death_metal
http://www.wikidata.org/entity/Q1076539,choro,Choro,https://en.wikipedia.org/wiki/Choro
http://www.wikidata.org/entity/Q1075799,music of Albania,Music of Albania,https://en.wikipedia.org/wiki/Music_of_Albania
http://www.wikidata.org/entity/Q4851628,ballet,Ballet (music),https://en.wikipedia.org/wiki/Ballet_(music)
http://www.wikidata.org/entity/Q4848674,Baisha xiyue,Baisha xiyue,https://en.wikipedia.org/wiki/Baisha_xiyue
http://www.wikidata.org/entity/Q1089050,Latin alternative,Latin alternative,https://en.wikipedia.org/wiki/Latin_alternative
http://www.wikidata.org/entity/Q4848738,baithak gana,Baithak Gana,https://en.wikipedia.org/wiki/Baithak_Gana
http://www.wikidata.org/entity/Q4848983,Baka music,Baka music,https://en.wikipedia.org/wiki/Baka_music
http://www.wikidata.org/entity/Q4849865,Balakadri,Balakadri,https://en.wikipedia.org/wiki/Balakadri
http://www.wikidata.org/entity/Q4851096,Balkan jazz,Balkan jazz,https://en.wikipedia.org/wiki/Balkan_jazz
http://www.wikidata.org/entity/Q1090048,chutney music,Chutney music,https://en.wikipedia.org/wiki/Chutney_music
http://www.wikidata.org/entity/Q1091056,funktronica,Funktronica,https://en.wikipedia.org/wiki/Funktronica
http://www.wikidata.org/entity/Q1294481,passamezzo,Passamezzo,https://en.wikipedia.org/wiki/Passamezzo
http://www.wikidata.org/entity/Q1298412,music of Guatemala,Music of Guatemala,https://en.wikipedia.org/wiki/Music_of_Guatemala
http://www.wikidata.org/entity/Q1298934,synth-pop,Synth-pop,https://en.wikipedia.org/wiki/Synth-pop
http://www.wikidata.org/entity/Q1299260,roots reggae,Roots reggae,https://en.wikipedia.org/wiki/Roots_reggae
http://www.wikidata.org/entity/Q1113204,dub poetry,Dub poetry,https://en.wikipedia.org/wiki/Dub_poetry
http://www.wikidata.org/entity/Q1109497,Piedmont blues,Piedmont blues,https://en.wikipedia.org/wiki/Piedmont_blues
http://www.wikidata.org/entity/Q1102161,jungle,Jungle music,https://en.wikipedia.org/wiki/Jungle_music
http://www.wikidata.org/entity/Q1109947,ragga hip hop,Ragga hip hop,https://en.wikipedia.org/wiki/Ragga_hip_hop
http://www.wikidata.org/entity/Q1166726,grime,Grime music,https://en.wikipedia.org/wiki/Grime_music
http://www.wikidata.org/entity/Q1185390,disco polo,Disco polo,https://en.wikipedia.org/wiki/Disco_polo
http://www.wikidata.org/entity/Q1181308,death 'n' roll,Death 'n' roll,https://en.wikipedia.org/wiki/Death_%27n%27_roll
http://www.wikidata.org/entity/Q1182371,deep funk,Deep funk,https://en.wikipedia.org/wiki/Deep_funk
http://www.wikidata.org/entity/Q5413514,European free jazz,European free jazz,https://en.wikipedia.org/wiki/European_free_jazz
http://www.wikidata.org/entity/Q5413526,European hip-hop,European hip-hop,https://en.wikipedia.org/wiki/European_hip-hop
http://www.wikidata.org/entity/Q5369664,hyangak,Hyangak,https://en.wikipedia.org/wiki/Hyangak
http://www.wikidata.org/entity/Q5418947,Ewe music,Ewe music,https://en.wikipedia.org/wiki/Ewe_music
http://www.wikidata.org/entity/Q5421790,extempo,Extempo,https://en.wikipedia.org/wiki/Extempo
http://www.wikidata.org/entity/Q5377728,Luri music,Luri music,https://en.wikipedia.org/wiki/Luri_music
http://www.wikidata.org/entity/Q5378417,English art song,English art song,https://en.wikipedia.org/wiki/English_art_song
http://www.wikidata.org/entity/Q5378445,English country music,English country music,https://en.wikipedia.org/wiki/English_country_music
http://www.wikidata.org/entity/Q5431448,Fakanau,Fakanau,https://en.wikipedia.org/wiki/Fakanau
http://www.wikidata.org/entity/Q5431633,falak,Falak music,https://en.wikipedia.org/wiki/Falak_music
http://www.wikidata.org/entity/Q5384765,Er ren zhuan,Errenzhuan,https://en.wikipedia.org/wiki/Errenzhuan
http://www.wikidata.org/entity/Q5393053,filin,Filin (music),https://en.wikipedia.org/wiki/Filin_(music)
http://www.wikidata.org/entity/Q5347034,Eefing,Eefing,https://en.wikipedia.org/wiki/Eefing
http://www.wikidata.org/entity/Q5348475,Egyptian hip-hop,Egyptian hip-hop,https://en.wikipedia.org/wiki/Egyptian_hip-hop
http://www.wikidata.org/entity/Q5397405,Tamunangue,Tamunangue,https://en.wikipedia.org/wiki/Tamunangue
http://www.wikidata.org/entity/Q5398894,V-pop,V-pop,https://en.wikipedia.org/wiki/V-pop
http://www.wikidata.org/entity/Q5402470,hard NRG,Hard NRG,https://en.wikipedia.org/wiki/Hard_NRG
http://www.wikidata.org/entity/Q7697089,television news music,Television news music,https://en.wikipedia.org/wiki/Television_news_music
http://www.wikidata.org/entity/Q7679165,talempong,Talempong,https://en.wikipedia.org/wiki/Talempong
http://www.wikidata.org/entity/Q7681407,koothu,Koothu,https://en.wikipedia.org/wiki/Koothu
http://www.wikidata.org/entity/Q7681054,Tambor,Tambor (dance),https://en.wikipedia.org/wiki/Tambor_(dance)
http://www.wikidata.org/entity/Q7684171,Tanzanian hip hop,Tanzanian hip-hop,https://en.wikipedia.org/wiki/Tanzanian_hip-hop
http://www.wikidata.org/entity/Q7684951,taqtuqa,Taqtuqa,https://en.wikipedia.org/wiki/Taqtuqa
http://www.wikidata.org/entity/Q7687882,Tatar rock,Tatar rock,https://en.wikipedia.org/wiki/Tatar_rock
http://www.wikidata.org/entity/Q3868600,music of Tanzania,Music of Tanzania,https://en.wikipedia.org/wiki/Music_of_Tanzania
http://www.wikidata.org/entity/Q7690640,Tche music,Tche music,https://en.wikipedia.org/wiki/Tche_music
http://www.wikidata.org/entity/Q7672468,TV track,TV track,https://en.wikipedia.org/wiki/TV_track
http://www.wikidata.org/entity/Q7692752,tecnocumbia,Tecnocumbia,https://en.wikipedia.org/wiki/Tecnocumbia
http://www.wikidata.org/entity/Q7694469,teenage tragedy song,Teenage tragedy song,https://en.wikipedia.org/wiki/Teenage_tragedy_song
http://www.wikidata.org/entity/Q7675233,Tagh,Tagh,https://en.wikipedia.org/wiki/Tagh
http://www.wikidata.org/entity/Q7676613,Taiwanese hip hop,Taiwanese hip-hop,https://en.wikipedia.org/wiki/Taiwanese_hip-hop
http://www.wikidata.org/entity/Q7676623,Taiwanese rock,Taiwanese rock,https://en.wikipedia.org/wiki/Taiwanese_rock
http://www.wikidata.org/entity/Q7676784,tajaraste,Tajaraste,https://en.wikipedia.org/wiki/Tajaraste
http://www.wikidata.org/entity/Q7770873,bal-musette,Bal-musette,https://en.wikipedia.org/wiki/Bal-musette
http://www.wikidata.org/entity/Q7701003,Teochew string music,Teochew string music,https://en.wikipedia.org/wiki/Teochew_string_music
http://www.wikidata.org/entity/Q7774408,Madih nabawi,Madih nabawi,https://en.wikipedia.org/wiki/Madih_nabawi
http://www.wikidata.org/entity/Q7800608,desert blues,Desert blues,https://en.wikipedia.org/wiki/Desert_blues
http://www.wikidata.org/entity/Q7801106,Tierra Caliente music,Tierra Caliente music,https://en.wikipedia.org/wiki/Tierra_Caliente_music
http://www.wikidata.org/entity/Q7777494,theatre music,Theatre music,https://en.wikipedia.org/wiki/Theatre_music
http://www.wikidata.org/entity/Q7707946,Texas roadhouse music,Texas roadhouse music,https://en.wikipedia.org/wiki/Texas_roadhouse_music
http://www.wikidata.org/entity/Q7810544,tizita,Tizita,https://en.wikipedia.org/wiki/Tizita
http://www.wikidata.org/entity/Q124638948,ikorodo,Ikorodo,https://en.wikipedia.org/wiki/Ikorodo
http://www.wikidata.org/entity/Q125455905,Brazilian phonk,Brazilian phonk,https://en.wikipedia.org/wiki/Brazilian_phonk
http://www.wikidata.org/entity/Q124692508,jerk,Jerk (music genre),https://en.wikipedia.org/wiki/Jerk_(music_genre)
http://www.wikidata.org/entity/Q124739364,Dominican hip hop,Dominican hip-hop,https://en.wikipedia.org/wiki/Dominican_hip-hop
http://www.wikidata.org/entity/Q5464445,folk baroque,Folk baroque,https://en.wikipedia.org/wiki/Folk_baroque
http://www.wikidata.org/entity/Q5464464,folk jazz,Folk jazz,https://en.wikipedia.org/wiki/Folk_jazz
http://www.wikidata.org/entity/Q5464474,folk ragtime,Folk ragtime,https://en.wikipedia.org/wiki/Folk_ragtime
http://www.wikidata.org/entity/Q5433431,famo,Famo,https://en.wikipedia.org/wiki/Famo
http://www.wikidata.org/entity/Q5442427,Fell,Fell (music),https://en.wikipedia.org/wiki/Fell_(music)
http://www.wikidata.org/entity/Q5445668,festejo,Festejo,https://en.wikipedia.org/wiki/Festejo
http://www.wikidata.org/entity/Q5477103,Foxcore,Foxcore,https://en.wikipedia.org/wiki/Foxcore
http://www.wikidata.org/entity/Q5433911,Fann at-Tanbura,Fann at-Tanbura,https://en.wikipedia.org/wiki/Fann_at-Tanbura
http://www.wikidata.org/entity/Q5480212,palm-wine music,Palm-wine music,https://en.wikipedia.org/wiki/Palm-wine_music
http://www.wikidata.org/entity/Q5447390,fife and drum blues,Fife and drum blues,https://en.wikipedia.org/wiki/Fife_and_drum_blues
http://www.wikidata.org/entity/Q5448207,fijiri,Fijiri,https://en.wikipedia.org/wiki/Fijiri
http://www.wikidata.org/entity/Q5449121,Filmi-ghazal,Filmi-ghazal,https://en.wikipedia.org/wiki/Filmi-ghazal
http://www.wikidata.org/entity/Q5449126,Filmi qawwali,Filmi qawwali,https://en.wikipedia.org/wiki/Filmi_qawwali
http://www.wikidata.org/entity/Q5449125,filmi pop,Filmi pop,https://en.wikipedia.org/wiki/Filmi_pop
http://www.wikidata.org/entity/Q5466607,footwork,Footwork (genre),https://en.wikipedia.org/wiki/Footwork_(genre)
http://www.wikidata.org/entity/Q1309336,classic female blues,Classic female blues,https://en.wikipedia.org/wiki/Classic_female_blues
http://www.wikidata.org/entity/Q1317816,indie folk,Indie folk,https://en.wikipedia.org/wiki/Indie_folk
http://www.wikidata.org/entity/Q1314422,sacred concerto,Sacred concerto,https://en.wikipedia.org/wiki/Sacred_concerto
http://www.wikidata.org/entity/Q1303892,hokum,Hokum,https://en.wikipedia.org/wiki/Hokum
http://www.wikidata.org/entity/Q1323698,Indian classical music,Indian classical music,https://en.wikipedia.org/wiki/Indian_classical_music
http://www.wikidata.org/entity/Q10360435,rhythm & grime,Rhythm & grime,https://en.wikipedia.org/wiki/Rhythm_%26_grime
http://www.wikidata.org/entity/Q10363610,Bosnian and Herzegovinian rock,Rock music in Bosnia and Herzegovina,https://en.wikipedia.org/wiki/Rock_music_in_Bosnia_and_Herzegovina
http://www.wikidata.org/entity/Q10351563,ponto cantado,Ponto cantado,https://en.wikipedia.org/wiki/Ponto_cantado
http://www.wikidata.org/entity/Q10367217,samba-choro,Samba-choro,https://en.wikipedia.org/wiki/Samba-choro
http://www.wikidata.org/entity/Q10367222,samba-joia,Samba-joia,https://en.wikipedia.org/wiki/Samba-joia
http://www.wikidata.org/entity/Q10367221,samba-funk,Samba funk,https://en.wikipedia.org/wiki/Samba_funk
http://www.wikidata.org/entity/Q10367226,samba-sincopado,Samba-sincopado,https://en.wikipedia.org/wiki/Samba-sincopado
http://www.wikidata.org/entity/Q10367246,samba de breque,Samba de breque,https://en.wikipedia.org/wiki/Samba_de_breque
http://www.wikidata.org/entity/Q10367259,sambalanço,Sambalanço,https://en.wikipedia.org/wiki/Sambalan%C3%A7o
http://www.wikidata.org/entity/Q10370216,Seresta,Seresta (music),https://en.wikipedia.org/wiki/Seresta_(music)
http://www.wikidata.org/entity/Q10370558,sertanejo universitário,Sertanejo universitário,https://en.wikipedia.org/wiki/Sertanejo_universit%C3%A1rio
http://www.wikidata.org/entity/Q10334892,music of Cameroon,Music of Cameroon,https://en.wikipedia.org/wiki/Music_of_Cameroon
http://www.wikidata.org/entity/Q10354439,funk proibidão,Proibidão,https://en.wikipedia.org/wiki/Proibid%C3%A3o
http://www.wikidata.org/entity/Q9048261,urbano music,Urbano music,https://en.wikipedia.org/wiki/Urbano_music
http://www.wikidata.org/entity/Q9048265,Yoruba music,Yoruba music,https://en.wikipedia.org/wiki/Yoruba_music
http://www.wikidata.org/entity/Q9051042,new Chilean cumbia,New Chilean cumbia,https://en.wikipedia.org/wiki/New_Chilean_cumbia
http://www.wikidata.org/entity/Q4741152,ambasse bey,Ambasse bey,https://en.wikipedia.org/wiki/Ambasse_bey
http://www.wikidata.org/entity/Q4745427,American art song,American art song,https://en.wikipedia.org/wiki/American_art_song
http://www.wikidata.org/entity/Q4745455,American fiddle,American fiddle,https://en.wikipedia.org/wiki/American_fiddle
http://www.wikidata.org/entity/Q9035712,muliza,Muliza,https://en.wikipedia.org/wiki/Muliza
http://www.wikidata.org/entity/Q9011351,jazzstep,Jazzstep,https://en.wikipedia.org/wiki/Jazzstep
http://www.wikidata.org/entity/Q9067501,Nigerian reggae,Nigerian reggae,https://en.wikipedia.org/wiki/Nigerian_reggae
http://www.wikidata.org/entity/Q9067503,reggae punk,Reggae punk,https://en.wikipedia.org/wiki/Reggae_punk
http://www.wikidata.org/entity/Q8964779,Nigerian gospel,Nigerian gospel,https://en.wikipedia.org/wiki/Nigerian_gospel
http://www.wikidata.org/entity/Q9051097,Nueva ola,Nueva ola,https://en.wikipedia.org/wiki/Nueva_ola
http://www.wikidata.org/entity/Q9016350,choral concerto,Choral concerto,https://en.wikipedia.org/wiki/Choral_concerto
http://www.wikidata.org/entity/Q9016941,Kantu,Kantu,https://en.wikipedia.org/wiki/Kantu
http://www.wikidata.org/entity/Q5510816,future garage,Future garage,https://en.wikipedia.org/wiki/Future_garage
http://www.wikidata.org/entity/Q11332204,funkot,Funkot,https://en.wikipedia.org/wiki/Funkot
http://www.wikidata.org/entity/Q5509175,fungi,Fungi (music),https://en.wikipedia.org/wiki/Fungi_(music)
http://www.wikidata.org/entity/Q11307326,city pop,City pop,https://en.wikipedia.org/wiki/City_pop
http://www.wikidata.org/entity/Q5500244,free funk,Free funk,https://en.wikipedia.org/wiki/Free_funk
http://www.wikidata.org/entity/Q5501660,French-Canadian music,French-Canadian music,https://en.wikipedia.org/wiki/French-Canadian_music
http://www.wikidata.org/entity/Q5501840,French mandopop,French Mandopop,https://en.wikipedia.org/wiki/French_Mandopop
http://www.wikidata.org/entity/Q5502044,French classical music,French classical music,https://en.wikipedia.org/wiki/French_classical_music
http://www.wikidata.org/entity/Q5502126,French electronic music,French electronic music,https://en.wikipedia.org/wiki/French_electronic_music
http://www.wikidata.org/entity/Q5502277,French jazz,French jazz,https://en.wikipedia.org/wiki/French_jazz
http://www.wikidata.org/entity/Q11282754,Akishibu-kei,Akishibu-kei,https://en.wikipedia.org/wiki/Akishibu-kei
http://www.wikidata.org/entity/Q5507307,fuguing tune,Fuguing tune,https://en.wikipedia.org/wiki/Fuguing_tune
http://www.wikidata.org/entity/Q1162954,French pop,French pop music,https://en.wikipedia.org/wiki/French_pop_music
http://www.wikidata.org/entity/Q1157018,Dadra,Dadra,https://en.wikipedia.org/wiki/Dadra
http://www.wikidata.org/entity/Q1156957,music of Vietnam,Music of Vietnam,https://en.wikipedia.org/wiki/Music_of_Vietnam
http://www.wikidata.org/entity/Q1162475,nóta,Nóta,https://en.wikipedia.org/wiki/N%C3%B3ta
http://www.wikidata.org/entity/Q1159539,dangdut,Dangdut,https://en.wikipedia.org/wiki/Dangdut
http://www.wikidata.org/entity/Q1597549,kizomba,Kizomba,https://en.wikipedia.org/wiki/Kizomba
http://www.wikidata.org/entity/Q1606591,reggae fusion,Reggae fusion,https://en.wikipedia.org/wiki/Reggae_fusion
http://www.wikidata.org/entity/Q1585558,music of Tibet,Music of Tibet,https://en.wikipedia.org/wiki/Music_of_Tibet
http://www.wikidata.org/entity/Q1585075,breakbeat hardcore,Breakbeat hardcore,https://en.wikipedia.org/wiki/Breakbeat_hardcore
http://www.wikidata.org/entity/Q1431327,pub rock,Pub rock (United Kingdom),https://en.wikipedia.org/wiki/Pub_rock_(United_Kingdom)
http://www.wikidata.org/entity/Q1432201,elevator music,Elevator music,https://en.wikipedia.org/wiki/Elevator_music
http://www.wikidata.org/entity/Q1432540,trallalero,Trallalero,https://en.wikipedia.org/wiki/Trallalero
http://www.wikidata.org/entity/Q1432836,furiant,Furiant,https://en.wikipedia.org/wiki/Furiant
http://www.wikidata.org/entity/Q1432934,Paisley Underground,Paisley Underground,https://en.wikipedia.org/wiki/Paisley_Underground
http://www.wikidata.org/entity/Q1188882,Selichot,Selichot,https://en.wikipedia.org/wiki/Selichot
http://www.wikidata.org/entity/Q1190565,jangle pop,Jangle pop,https://en.wikipedia.org/wiki/Jangle_pop
http://www.wikidata.org/entity/Q1190485,post-disco,Post-disco,https://en.wikipedia.org/wiki/Post-disco
http://www.wikidata.org/entity/Q1187080,dengbêjî,Dengbêj,https://en.wikipedia.org/wiki/Dengb%C3%AAj
http://www.wikidata.org/entity/Q1196752,traditional pop,Traditional pop,https://en.wikipedia.org/wiki/Traditional_pop
http://www.wikidata.org/entity/Q5327674,East African urban music,East African urban music,https://en.wikipedia.org/wiki/East_African_urban_music
http://www.wikidata.org/entity/Q5330234,Joropo oriental,Eastern Joropo,https://en.wikipedia.org/wiki/Eastern_Joropo
http://www.wikidata.org/entity/Q5332963,eclecticism in music,Eclecticism in music,https://en.wikipedia.org/wiki/Eclecticism_in_music
http://www.wikidata.org/entity/Q5334415,Ecuadorian rock,Ecuadorian rock,https://en.wikipedia.org/wiki/Ecuadorian_rock
http://www.wikidata.org/entity/Q5341293,educational music,Educational music,https://en.wikipedia.org/wiki/Educational_music
http://www.wikidata.org/entity/Q5295946,dongjing,Dongjing (music),https://en.wikipedia.org/wiki/Dongjing_(music)
http://www.wikidata.org/entity/Q5303621,Downtown music,Downtown music,https://en.wikipedia.org/wiki/Downtown_music
http://www.wikidata.org/entity/Q1192110,C-pop,C-pop,https://en.wikipedia.org/wiki/C-pop
http://www.wikidata.org/entity/Q1193421,yukar,Yukar,https://en.wikipedia.org/wiki/Yukar
http://www.wikidata.org/entity/Q1191299,industrial hardcore,Industrial hardcore,https://en.wikipedia.org/wiki/Industrial_hardcore
http://www.wikidata.org/entity/Q1191544,kuduro,Kuduro,https://en.wikipedia.org/wiki/Kuduro
http://www.wikidata.org/entity/Q4780884,Appalachian music,Appalachian music,https://en.wikipedia.org/wiki/Appalachian_music
http://www.wikidata.org/entity/Q4789437,Argentine cumbia,Argentine cumbia,https://en.wikipedia.org/wiki/Argentine_cumbia
http://www.wikidata.org/entity/Q4794612,music of South Africa,Music of South Africa,https://en.wikipedia.org/wiki/Music_of_South_Africa
http://www.wikidata.org/entity/Q4797274,art song,Art song,https://en.wikipedia.org/wiki/Art_song
http://www.wikidata.org/entity/Q4797276,art song in Arabic,Art song in Arabic,https://en.wikipedia.org/wiki/Art_song_in_Arabic
http://www.wikidata.org/entity/Q4806789,Asian hip-hop,Asian hip-hop,https://en.wikipedia.org/wiki/Asian_hip-hop
http://www.wikidata.org/entity/Q4763551,Anglican chant,Anglican chant,https://en.wikipedia.org/wiki/Anglican_chant
http://www.wikidata.org/entity/Q4763552,Anglican church music,Anglican church music,https://en.wikipedia.org/wiki/Anglican_church_music
http://www.wikidata.org/entity/Q4763788,Angolan rock,Rock music in Angola,https://en.wikipedia.org/wiki/Rock_music_in_Angola
http://www.wikidata.org/entity/Q4771607,Canadian patriotic music,Canadian patriotic music,https://en.wikipedia.org/wiki/Canadian_patriotic_music
http://www.wikidata.org/entity/Q1210921,music of Indonesia,Music of Indonesia,https://en.wikipedia.org/wiki/Music_of_Indonesia
http://www.wikidata.org/entity/Q1202208,joropo,Joropo,https://en.wikipedia.org/wiki/Joropo
http://www.wikidata.org/entity/Q1207347,Shibuya-kei,Shibuya-kei,https://en.wikipedia.org/wiki/Shibuya-kei
http://www.wikidata.org/entity/Q1202801,écossaise,Écossaise,https://en.wikipedia.org/wiki/%C3%89cossaise
http://www.wikidata.org/entity/Q1208331,Gebrauchsmusik,Gebrauchsmusik,https://en.wikipedia.org/wiki/Gebrauchsmusik
http://www.wikidata.org/entity/Q11660484,denpa song,Denpa song,https://en.wikipedia.org/wiki/Denpa_song
http://www.wikidata.org/entity/Q11632191,kōshiki,Kōshiki,https://en.wikipedia.org/wiki/K%C5%8Dshiki
http://www.wikidata.org/entity/Q25001356,Canadian Latin music,Latin music in Canada,https://en.wikipedia.org/wiki/Latin_music_in_Canada
http://www.wikidata.org/entity/Q11565443,concert overture,Concert overture,https://en.wikipedia.org/wiki/Concert_overture
http://www.wikidata.org/entity/Q11459349,kouta,Kouta (music),https://en.wikipedia.org/wiki/Kouta_(music)
http://www.wikidata.org/entity/Q11499279,church cantata,Church cantata,https://en.wikipedia.org/wiki/Church_cantata
http://www.wikidata.org/entity/Q25040706,RnBass,RnBass,https://en.wikipedia.org/wiki/RnBass
http://www.wikidata.org/entity/Q11574321,jinku,Jinku,https://en.wikipedia.org/wiki/Jinku
http://www.wikidata.org/entity/Q11500122,shōka,Shōka (music),https://en.wikipedia.org/wiki/Sh%C5%8Dka_(music)
http://www.wikidata.org/entity/Q11400811,music of North Africa,Music of North Africa,https://en.wikipedia.org/wiki/Music_of_North_Africa
http://www.wikidata.org/entity/Q11481323,perpetuum mobile,Perpetuum mobile,https://en.wikipedia.org/wiki/Perpetuum_mobile
http://www.wikidata.org/entity/Q1262697,mento,Mento,https://en.wikipedia.org/wiki/Mento
http://www.wikidata.org/entity/Q1268283,Romani music,Romani music,https://en.wikipedia.org/wiki/Romani_music
http://www.wikidata.org/entity/Q1262781,dub techno,Dub techno,https://en.wikipedia.org/wiki/Dub_techno
http://www.wikidata.org/entity/Q1258366,tower music,Tower music,https://en.wikipedia.org/wiki/Tower_music
http://www.wikidata.org/entity/Q1259016,drill and bass,Drill 'n' bass,https://en.wikipedia.org/wiki/Drill_%27n%27_bass
http://www.wikidata.org/entity/Q1265067,Dumka,Dumka (musical genre),https://en.wikipedia.org/wiki/Dumka_(musical_genre)
http://www.wikidata.org/entity/Q132609906,recession pop,Recession pop,https://en.wikipedia.org/wiki/Recession_pop
http://www.wikidata.org/entity/Q133698907,nu deathcore,Nu deathcore,https://en.wikipedia.org/wiki/Nu_deathcore
http://www.wikidata.org/entity/Q133294481,Puerto Rican hip-hop,Puerto Rican hip-hop,https://en.wikipedia.org/wiki/Puerto_Rican_hip-hop
http://www.wikidata.org/entity/Q133189813,pop melankolis,Pop melankolis,https://en.wikipedia.org/wiki/Pop_melankolis
http://www.wikidata.org/entity/Q132337371,Hadhrami Music,Hadhrami music,https://en.wikipedia.org/wiki/Hadhrami_music
http://www.wikidata.org/entity/Q1583807,art music,Art music,https://en.wikipedia.org/wiki/Art_music
http://www.wikidata.org/entity/Q1574985,Vallenato,Vallenato,https://en.wikipedia.org/wiki/Vallenato
http://www.wikidata.org/entity/Q1585015,hard house,UK hard house,https://en.wikipedia.org/wiki/UK_hard_house
http://www.wikidata.org/entity/Q28401204,alternative folk,Alternative folk,https://en.wikipedia.org/wiki/Alternative_folk
http://www.wikidata.org/entity/Q28401124,yacht rock,Yacht rock,https://en.wikipedia.org/wiki/Yacht_rock
http://www.wikidata.org/entity/Q28490034,hipco,Hipco,https://en.wikipedia.org/wiki/Hipco
http://www.wikidata.org/entity/Q28223150,Rieldans,Rieldans,https://en.wikipedia.org/wiki/Rieldans
http://www.wikidata.org/entity/Q28494769,Breton hymn,Breton Hymns,https://en.wikipedia.org/wiki/Breton_Hymns
http://www.wikidata.org/entity/Q28453837,vernacular music,Vernacular music,https://en.wikipedia.org/wiki/Vernacular_music
http://www.wikidata.org/entity/Q28458027,hardbass,Hardbass,https://en.wikipedia.org/wiki/Hardbass
http://www.wikidata.org/entity/Q1546028,Philadelphia soul,Philadelphia soul,https://en.wikipedia.org/wiki/Philadelphia_soul
http://www.wikidata.org/entity/Q1547148,bugle call,Bugle call,https://en.wikipedia.org/wiki/Bugle_call
http://www.wikidata.org/entity/Q1547998,Rock identitaire français,Rock identitaire français,https://en.wikipedia.org/wiki/Rock_identitaire_fran%C3%A7ais
http://www.wikidata.org/entity/Q1548603,West Coast jazz,West Coast jazz,https://en.wikipedia.org/wiki/West_Coast_jazz
http://www.wikidata.org/entity/Q25204037,Paranda,Paranda (music),https://en.wikipedia.org/wiki/Paranda_(music)
http://www.wikidata.org/entity/Q25101770,Mexican jazz,Jazz in Mexico,https://en.wikipedia.org/wiki/Jazz_in_Mexico
http://www.wikidata.org/entity/Q25110142,Italian beat,Italian beat,https://en.wikipedia.org/wiki/Italian_beat
http://www.wikidata.org/entity/Q25110284,Croatian hip hop,Croatian hip-hop,https://en.wikipedia.org/wiki/Croatian_hip-hop
http://www.wikidata.org/entity/Q25113117,traditional bachata,Traditional bachata,https://en.wikipedia.org/wiki/Traditional_bachata
http://www.wikidata.org/entity/Q25389065,minimal psytrance,Minimal psytrance,https://en.wikipedia.org/wiki/Minimal_psytrance
http://www.wikidata.org/entity/Q25389262,progressive breaks,Progressive breaks,https://en.wikipedia.org/wiki/Progressive_breaks
http://www.wikidata.org/entity/Q25312759,Count singing,Count singing,https://en.wikipedia.org/wiki/Count_singing
http://www.wikidata.org/entity/Q25313225,Bosstown Sound,Bosstown Sound,https://en.wikipedia.org/wiki/Bosstown_Sound
http://www.wikidata.org/entity/Q25230739,mahraganat,Mahraganat,https://en.wikipedia.org/wiki/Mahraganat
http://www.wikidata.org/entity/Q25339674,harana,Harana (serenade),https://en.wikipedia.org/wiki/Harana_(serenade)
http://www.wikidata.org/entity/Q25345818,hypnagogic pop,Hypnagogic pop,https://en.wikipedia.org/wiki/Hypnagogic_pop
http://www.wikidata.org/entity/Q25339858,Afro,Afro (genre),https://en.wikipedia.org/wiki/Afro_(genre)
http://www.wikidata.org/entity/Q28102012,disco-pop,Disco-pop,https://en.wikipedia.org/wiki/Disco-pop
http://www.wikidata.org/entity/Q27961199,moombahsoul,Moombahsoul,https://en.wikipedia.org/wiki/Moombahsoul
http://www.wikidata.org/entity/Q27345019,bass house,Bass house (music),https://en.wikipedia.org/wiki/Bass_house_(music)
http://www.wikidata.org/entity/Q28206879,Brill Building,Brill Building (genre),https://en.wikipedia.org/wiki/Brill_Building_(genre)
http://www.wikidata.org/entity/Q28129954,music of Curaçao,Music of Curaçao,https://en.wikipedia.org/wiki/Music_of_Cura%C3%A7ao
http://www.wikidata.org/entity/Q28223137,South African heavy metal,South African heavy metal,https://en.wikipedia.org/wiki/South_African_heavy_metal
http://www.wikidata.org/entity/Q28134285,beatrhyming,Beatrhyming,https://en.wikipedia.org/wiki/Beatrhyming
http://www.wikidata.org/entity/Q28055053,Q-pop,Q-pop,https://en.wikipedia.org/wiki/Q-pop
http://www.wikidata.org/entity/Q28219760,descarga,Descarga,https://en.wikipedia.org/wiki/Descarga
http://www.wikidata.org/entity/Q28219803,tahona,Tahona,https://en.wikipedia.org/wiki/Tahona
http://www.wikidata.org/entity/Q28154356,Bigwala,Bigwala,https://en.wikipedia.org/wiki/Bigwala
http://www.wikidata.org/entity/Q28163991,Buddhist chant,Buddhist chant,https://en.wikipedia.org/wiki/Buddhist_chant
http://www.wikidata.org/entity/Q1715700,Jùjú music,Jùjú music,https://en.wikipedia.org/wiki/J%C3%B9j%C3%BA_music
http://www.wikidata.org/entity/Q1716019,Jewish music,Jewish music,https://en.wikipedia.org/wiki/Jewish_music
http://www.wikidata.org/entity/Q1702909,raga rock,Raga rock,https://en.wikipedia.org/wiki/Raga_rock
http://www.wikidata.org/entity/Q1692318,modinha,Modinha,https://en.wikipedia.org/wiki/Modinha
http://www.wikidata.org/entity/Q4936212,bocet,Bocet,https://en.wikipedia.org/wiki/Bocet
http://www.wikidata.org/entity/Q4936373,bodabil in the Philippines,Vaudeville in the Philippines,https://en.wikipedia.org/wiki/Vaudeville_in_the_Philippines
http://www.wikidata.org/entity/Q4936753,boduberu,Boduberu,https://en.wikipedia.org/wiki/Boduberu
http://www.wikidata.org/entity/Q4937089,boedra,Boedra,https://en.wikipedia.org/wiki/Boedra
http://www.wikidata.org/entity/Q4917174,BisRock,Bisrock,https://en.wikipedia.org/wiki/Bisrock
http://www.wikidata.org/entity/Q9149801,ambient techno,Ambient techno,https://en.wikipedia.org/wiki/Ambient_techno
http://www.wikidata.org/entity/Q9095433,waka music,Waka music,https://en.wikipedia.org/wiki/Waka_music
http://www.wikidata.org/entity/Q4925966,kantrum,Kantrum,https://en.wikipedia.org/wiki/Kantrum
http://www.wikidata.org/entity/Q9162904,avant-pop,Avant-pop,https://en.wikipedia.org/wiki/Avant-pop
http://www.wikidata.org/entity/Q4930356,bluegrass fiddle,Bluegrass fiddle,https://en.wikipedia.org/wiki/Bluegrass_fiddle
http://www.wikidata.org/entity/Q1567032,Southern soul,Southern soul,https://en.wikipedia.org/wiki/Southern_soul
http://www.wikidata.org/entity/Q1571388,Jácara,Jácara,https://en.wikipedia.org/wiki/J%C3%A1cara
http://www.wikidata.org/entity/Q1552806,guaracha,Guaracha,https://en.wikipedia.org/wiki/Guaracha
http://www.wikidata.org/entity/Q1550501,muiñeira,Muiñeira,https://en.wikipedia.org/wiki/Mui%C3%B1eira
http://www.wikidata.org/entity/Q1564657,Leise,Leise,https://en.wikipedia.org/wiki/Leise
http://www.wikidata.org/entity/Q1564596,taarab,Taarab,https://en.wikipedia.org/wiki/Taarab
http://www.wikidata.org/entity/Q1465419,music of Greece,Music of Greece,https://en.wikipedia.org/wiki/Music_of_Greece
http://www.wikidata.org/entity/Q1470503,semba,Semba,https://en.wikipedia.org/wiki/Semba
http://www.wikidata.org/entity/Q1468751,parody mass,Parody mass,https://en.wikipedia.org/wiki/Parody_mass
http://www.wikidata.org/entity/Q1460303,funkstep,Funkstep,https://en.wikipedia.org/wiki/Funkstep
http://www.wikidata.org/entity/Q1457753,pìobaireachd,Pibroch,https://en.wikipedia.org/wiki/Pibroch
http://www.wikidata.org/entity/Q1143752,cumbia villera,Cumbia villera,https://en.wikipedia.org/wiki/Cumbia_villera
http://www.wikidata.org/entity/Q1147692,goregrind,Goregrind,https://en.wikipedia.org/wiki/Goregrind
http://www.wikidata.org/entity/Q1141081,lounge music,Lounge music,https://en.wikipedia.org/wiki/Lounge_music
http://www.wikidata.org/entity/Q1141686,Galante music,Galant music,https://en.wikipedia.org/wiki/Galant_music
http://www.wikidata.org/entity/Q5639330,Haimen folk song,Haimen folk song,https://en.wikipedia.org/wiki/Haimen_folk_song
http://www.wikidata.org/entity/Q5639747,Haitian hip hop,Haitian hip-hop,https://en.wikipedia.org/wiki/Haitian_hip-hop
http://www.wikidata.org/entity/Q5639767,Haitian vodou drumming,Haitian Vodou drumming,https://en.wikipedia.org/wiki/Haitian_Vodou_drumming
http://www.wikidata.org/entity/Q5640528,Hakka hill song,Hakka hill song,https://en.wikipedia.org/wiki/Hakka_hill_song
http://www.wikidata.org/entity/Q5618849,Gunla Bajan,Gunla Bajan,https://en.wikipedia.org/wiki/Gunla_Bajan
http://www.wikidata.org/entity/Q5597175,graphical sound,Graphical sound,https://en.wikipedia.org/wiki/Graphical_sound
http://www.wikidata.org/entity/Q5619688,guoyue,Guoyue,https://en.wikipedia.org/wiki/Guoyue
http://www.wikidata.org/entity/Q5651338,Hanukkah music,Hanukkah music,https://en.wikipedia.org/wiki/Hanukkah_music
http://www.wikidata.org/entity/Q5625934,Gånglåt,Gånglåt,https://en.wikipedia.org/wiki/G%C3%A5ngl%C3%A5t
http://www.wikidata.org/entity/Q5640052,shout,Shout (Black gospel music),https://en.wikipedia.org/wiki/Shout_(Black_gospel_music)
http://www.wikidata.org/entity/Q5583956,goombay,Goombay,https://en.wikipedia.org/wiki/Goombay
http://www.wikidata.org/entity/Q5602044,Greek punk,Greek punk,https://en.wikipedia.org/wiki/Greek_punk
http://www.wikidata.org/entity/Q5654316,harawi,Harawi (genre),https://en.wikipedia.org/wiki/Harawi_(genre)
http://www.wikidata.org/entity/Q5618068,gumbé,Gumbe,https://en.wikipedia.org/wiki/Gumbe
http://www.wikidata.org/entity/Q5610389,groovy soca,Groovy soca,https://en.wikipedia.org/wiki/Groovy_soca
http://www.wikidata.org/entity/Q5587325,Gōshū Ondo,Gōshū ondo,https://en.wikipedia.org/wiki/G%C5%8Dsh%C5%AB_ondo
http://www.wikidata.org/entity/Q5612172,grupera,Grupera,https://en.wikipedia.org/wiki/Grupera
http://www.wikidata.org/entity/Q5614327,Guatemalan rock,Guatemalan rock,https://en.wikipedia.org/wiki/Guatemalan_rock
http://www.wikidata.org/entity/Q135412323,Cleveland punk,Cleveland punk,https://en.wikipedia.org/wiki/Cleveland_punk
http://www.wikidata.org/entity/Q19938910,synthwave,Synthwave,https://en.wikipedia.org/wiki/Synthwave
http://www.wikidata.org/entity/Q135089743,New Orleans hip-hop,New Orleans hip-hop,https://en.wikipedia.org/wiki/New_Orleans_hip-hop
http://www.wikidata.org/entity/Q135268470,zouk love,Zouk love (music style),https://en.wikipedia.org/wiki/Zouk_love_(music_style)
http://www.wikidata.org/entity/Q134318960,maidcore,Maidcore,https://en.wikipedia.org/wiki/Maidcore
http://www.wikidata.org/entity/Q133862566,toytown pop,Toytown pop,https://en.wikipedia.org/wiki/Toytown_pop
http://www.wikidata.org/entity/Q135192976,risecore,Risecore,https://en.wikipedia.org/wiki/Risecore
http://www.wikidata.org/entity/Q20021059,future house,Future house,https://en.wikipedia.org/wiki/Future_house
http://www.wikidata.org/entity/Q135437123,blog rock,Blog rock,https://en.wikipedia.org/wiki/Blog_rock
http://www.wikidata.org/entity/Q135397404,grungegaze,Grungegaze,https://en.wikipedia.org/wiki/Grungegaze
http://www.wikidata.org/entity/Q133837227,American classical guitar music,American classical guitar music,https://en.wikipedia.org/wiki/American_classical_guitar_music
http://www.wikidata.org/entity/Q135235711,Internet rap,Internet rap,https://en.wikipedia.org/wiki/Internet_rap
http://www.wikidata.org/entity/Q135239105,jerk rap,Jerk rap,https://en.wikipedia.org/wiki/Jerk_rap
http://www.wikidata.org/entity/Q20047305,Melbourne bounce,Melbourne bounce,https://en.wikipedia.org/wiki/Melbourne_bounce
http://www.wikidata.org/entity/Q134962237,senja,Senja (genre),https://en.wikipedia.org/wiki/Senja_(genre)
http://www.wikidata.org/entity/Q135107660,Lekompo,Lekompo,https://en.wikipedia.org/wiki/Lekompo
http://www.wikidata.org/entity/Q134587424,Caipira music,Caipira music,https://en.wikipedia.org/wiki/Caipira_music
http://www.wikidata.org/entity/Q135274887,kilalaky,Kilalaky (music genre),https://en.wikipedia.org/wiki/Kilalaky_(music_genre)
http://www.wikidata.org/entity/Q83330307,Gufeng music,Gufeng music,https://en.wikipedia.org/wiki/Gufeng_music
http://www.wikidata.org/entity/Q79054127,Kengë malsorqe,Kângë majekrahi,https://en.wikipedia.org/wiki/K%C3%A2ng%C3%AB_majekrahi
http://www.wikidata.org/entity/Q85741139,Amapiano,Amapiano,https://en.wikipedia.org/wiki/Amapiano
http://www.wikidata.org/entity/Q68926236,odi pop,Odi Pop,https://en.wikipedia.org/wiki/Odi_Pop
http://www.wikidata.org/entity/Q79784514,progressive electronic music,Progressive electronic music,https://en.wikipedia.org/wiki/Progressive_electronic_music
http://www.wikidata.org/entity/Q66364245,Ukrainian folk music,Ukrainian folk music,https://en.wikipedia.org/wiki/Ukrainian_folk_music
http://www.wikidata.org/entity/Q80724932,vaportrap,Vaportrap,https://en.wikipedia.org/wiki/Vaportrap
http://www.wikidata.org/entity/Q80725067,mallsoft,Mallsoft,https://en.wikipedia.org/wiki/Mallsoft
http://www.wikidata.org/entity/Q80725127,future funk,Future funk,https://en.wikipedia.org/wiki/Future_funk
http://www.wikidata.org/entity/Q85740017,Afroswing,Afroswing,https://en.wikipedia.org/wiki/Afroswing
http://www.wikidata.org/entity/Q70275981,Celempungan,Celempungan,https://en.wikipedia.org/wiki/Celempungan
http://www.wikidata.org/entity/Q85748774,Brazilian bass,Brazilian bass,https://en.wikipedia.org/wiki/Brazilian_bass
http://www.wikidata.org/entity/Q1646666,mambo,Mambo (music),https://en.wikipedia.org/wiki/Mambo_(music)
http://www.wikidata.org/entity/Q1643549,dance-punk,Dance-punk,https://en.wikipedia.org/wiki/Dance-punk
http://www.wikidata.org/entity/Q1650296,instrumental rock,Instrumental rock,https://en.wikipedia.org/wiki/Instrumental_rock
http://www.wikidata.org/entity/Q2425480,Kumina,Kumina,https://en.wikipedia.org/wiki/Kumina
http://www.wikidata.org/entity/Q2426383,crunkcore,Crunkcore,https://en.wikipedia.org/wiki/Crunkcore
http://www.wikidata.org/entity/Q2426218,modernism,Modernism (music),https://en.wikipedia.org/wiki/Modernism_(music)
http://www.wikidata.org/entity/Q2416307,outsider music,Outsider music,https://en.wikipedia.org/wiki/Outsider_music
http://www.wikidata.org/entity/Q2413836,Gar,Gar (music),https://en.wikipedia.org/wiki/Gar_(music)
http://www.wikidata.org/entity/Q2420447,trova,Trova,https://en.wikipedia.org/wiki/Trova
http://www.wikidata.org/entity/Q1615483,soul jazz,Soul jazz,https://en.wikipedia.org/wiki/Soul_jazz
http://www.wikidata.org/entity/Q1619932,hiplife,Hiplife,https://en.wikipedia.org/wiki/Hiplife
http://www.wikidata.org/entity/Q1620079,hipster hop,Hipster hop,https://en.wikipedia.org/wiki/Hipster_hop
http://www.wikidata.org/entity/Q1621467,symphonic black metal,Symphonic black metal,https://en.wikipedia.org/wiki/Symphonic_black_metal
http://www.wikidata.org/entity/Q1610196,French organ school,French organ school,https://en.wikipedia.org/wiki/French_organ_school
http://www.wikidata.org/entity/Q1455292,French house,French house,https://en.wikipedia.org/wiki/French_house
http://www.wikidata.org/entity/Q1455487,Frenchcore,Frenchcore,https://en.wikipedia.org/wiki/Frenchcore
http://www.wikidata.org/entity/Q1457545,pagan metal,Pagan metal,https://en.wikipedia.org/wiki/Pagan_metal
http://www.wikidata.org/entity/Q1455932,frevo,Frevo,https://en.wikipedia.org/wiki/Frevo
http://www.wikidata.org/entity/Q25093633,tsapiky,Tsapiky,https://en.wikipedia.org/wiki/Tsapiky
http://www.wikidata.org/entity/Q25094591,experimental pop,Experimental pop,https://en.wikipedia.org/wiki/Experimental_pop
http://www.wikidata.org/entity/Q25094849,art pop,Art pop,https://en.wikipedia.org/wiki/Art_pop
http://www.wikidata.org/entity/Q25099472,indigenous Nigerian music,Indigenous Nigerian music,https://en.wikipedia.org/wiki/Indigenous_Nigerian_music
http://www.wikidata.org/entity/Q25099691,neon pop-punk,Neon pop-punk,https://en.wikipedia.org/wiki/Neon_pop-punk
http://www.wikidata.org/entity/Q25040715,Mauritian hip hop,Mauritian hip hop,https://en.wikipedia.org/wiki/Mauritian_hip_hop
http://www.wikidata.org/entity/Q25040713,New York soul,New York soul,https://en.wikipedia.org/wiki/New_York_soul
http://www.wikidata.org/entity/Q25047660,Serbian folk music,Serbian folk music,https://en.wikipedia.org/wiki/Serbian_folk_music
http://www.wikidata.org/entity/Q25099840,Afrobeats,Afrobeats,https://en.wikipedia.org/wiki/Afrobeats
http://www.wikidata.org/entity/Q65943390,neo-rockabilly,Neo-rockabilly,https://en.wikipedia.org/wiki/Neo-rockabilly
http://www.wikidata.org/entity/Q65943778,traditional country music,Traditional country music,https://en.wikipedia.org/wiki/Traditional_country_music
http://www.wikidata.org/entity/Q65943851,UK drill,UK drill,https://en.wikipedia.org/wiki/UK_drill
http://www.wikidata.org/entity/Q65047322,modern pagan music,Modern pagan music,https://en.wikipedia.org/wiki/Modern_pagan_music
http://www.wikidata.org/entity/Q65052052,gothic country,Gothic country,https://en.wikipedia.org/wiki/Gothic_country
http://www.wikidata.org/entity/Q65065491,riddim,Riddim (genre),https://en.wikipedia.org/wiki/Riddim_(genre)
http://www.wikidata.org/entity/Q65063851,bolojo,Bolojo,https://en.wikipedia.org/wiki/Bolojo
http://www.wikidata.org/entity/Q65066576,Zaley,Zaley,https://en.wikipedia.org/wiki/Zaley
http://www.wikidata.org/entity/Q65067835,Gaelic psalm singing,Gaelic psalm singing,https://en.wikipedia.org/wiki/Gaelic_psalm_singing
http://www.wikidata.org/entity/Q65089976,progressive punk,Progressive punk,https://en.wikipedia.org/wiki/Progressive_punk
http://www.wikidata.org/entity/Q65330805,singeli,Singeli,https://en.wikipedia.org/wiki/Singeli
http://www.wikidata.org/entity/Q65427884,ayai,Ayai,https://en.wikipedia.org/wiki/Ayai
http://www.wikidata.org/entity/Q65335148,Zeckenrap,Zeckenrap,https://en.wikipedia.org/wiki/Zeckenrap
http://www.wikidata.org/entity/Q65448155,sebene,Sebene,https://en.wikipedia.org/wiki/Sebene
http://www.wikidata.org/entity/Q65089257,punk rap,Punk rap,https://en.wikipedia.org/wiki/Punk_rap
http://www.wikidata.org/entity/Q63293122,Bangladeshi heavy metal,Bangladeshi heavy metal,https://en.wikipedia.org/wiki/Bangladeshi_heavy_metal
http://www.wikidata.org/entity/Q65041781,Pungmul as Protest,Pungmul as protest,https://en.wikipedia.org/wiki/Pungmul_as_protest
http://www.wikidata.org/entity/Q65044348,Chinese stringed music,Stringed music in China,https://en.wikipedia.org/wiki/Stringed_music_in_China
http://www.wikidata.org/entity/Q65065396,holboo,Holboo,https://en.wikipedia.org/wiki/Holboo
http://www.wikidata.org/entity/Q25448883,pagode baiano,Pagode baiano,https://en.wikipedia.org/wiki/Pagode_baiano
http://www.wikidata.org/entity/Q11894761,Finnish folk music,Finnish folk music,https://en.wikipedia.org/wiki/Finnish_folk_music
http://www.wikidata.org/entity/Q25456501,pop melayu,Pop melayu,https://en.wikipedia.org/wiki/Pop_melayu
http://www.wikidata.org/entity/Q25683514,Qaraami,Qaraami,https://en.wikipedia.org/wiki/Qaraami
http://www.wikidata.org/entity/Q25483671,Bulgarian jazz,Bulgarian jazz,https://en.wikipedia.org/wiki/Bulgarian_jazz
http://www.wikidata.org/entity/Q26280189,Galician rumba,Galician rumba,https://en.wikipedia.org/wiki/Galician_rumba
http://www.wikidata.org/entity/Q25407483,stadium house,Stadium house,https://en.wikipedia.org/wiki/Stadium_house
http://www.wikidata.org/entity/Q25620807,Dohori,Dohori,https://en.wikipedia.org/wiki/Dohori
http://www.wikidata.org/entity/Q25624527,luddi,Luddi,https://en.wikipedia.org/wiki/Luddi
http://www.wikidata.org/entity/Q11821889,polka,Polka music,https://en.wikipedia.org/wiki/Polka_music
http://www.wikidata.org/entity/Q11787389,club/dance music,Club music,https://en.wikipedia.org/wiki/Club_music
http://www.wikidata.org/entity/Q11903204,Zouk chouv,Zouk chouv,https://en.wikipedia.org/wiki/Zouk_chouv
http://www.wikidata.org/entity/Q26234147,Afro trap,Afro trap,https://en.wikipedia.org/wiki/Afro_trap
http://www.wikidata.org/entity/Q25540245,Pashto music,Pashto music,https://en.wikipedia.org/wiki/Pashto_music
http://www.wikidata.org/entity/Q1433387,drone metal,Drone metal,https://en.wikipedia.org/wiki/Drone_metal
http://www.wikidata.org/entity/Q1435485,axé,Axé,https://en.wikipedia.org/wiki/Ax%C3%A9
http://www.wikidata.org/entity/Q1435509,folktronica,Folktronica,https://en.wikipedia.org/wiki/Folktronica
http://www.wikidata.org/entity/Q1436228,gwerz,Gwerz,https://en.wikipedia.org/wiki/Gwerz
http://www.wikidata.org/entity/Q5510857,Future soul,Future soul,https://en.wikipedia.org/wiki/Future_soul
http://www.wikidata.org/entity/Q5515214,gaana,Gaana,https://en.wikipedia.org/wiki/Gaana
http://www.wikidata.org/entity/Q1288193,cantilena,Cantilena,https://en.wikipedia.org/wiki/Cantilena
http://www.wikidata.org/entity/Q1269729,Chicago soul,Chicago soul,https://en.wikipedia.org/wiki/Chicago_soul
http://www.wikidata.org/entity/Q1271752,Texas blues,Texas blues,https://en.wikipedia.org/wiki/Texas_blues
http://www.wikidata.org/entity/Q1273641,punk pathetique,Punk pathetique,https://en.wikipedia.org/wiki/Punk_pathetique
http://www.wikidata.org/entity/Q1510942,vocalise,Vocalise,https://en.wikipedia.org/wiki/Vocalise
http://www.wikidata.org/entity/Q1503406,music of the Middle East,Middle Eastern music,https://en.wikipedia.org/wiki/Middle_Eastern_music
http://www.wikidata.org/entity/Q1507298,lo-fi music,Lo-fi music,https://en.wikipedia.org/wiki/Lo-fi_music
http://www.wikidata.org/entity/Q1784106,powerviolence,Powerviolence,https://en.wikipedia.org/wiki/Powerviolence
http://www.wikidata.org/entity/Q1784032,viking rock,Viking rock,https://en.wikipedia.org/wiki/Viking_rock
http://www.wikidata.org/entity/Q1785243,Long song,Long song,https://en.wikipedia.org/wiki/Long_song
http://www.wikidata.org/entity/Q1786724,marrabenta,Marrabenta,https://en.wikipedia.org/wiki/Marrabenta
http://www.wikidata.org/entity/Q1790876,Cuban hip hop,Cuban hip-hop,https://en.wikipedia.org/wiki/Cuban_hip-hop
http://www.wikidata.org/entity/Q1793004,Kurdish music,Kurdish music,https://en.wikipedia.org/wiki/Kurdish_music
http://www.wikidata.org/entity/Q1797650,son jarocho,Son jarocho,https://en.wikipedia.org/wiki/Son_jarocho
http://www.wikidata.org/entity/Q1801496,St. Louis blues,St. Louis blues (music),https://en.wikipedia.org/wiki/St._Louis_blues_(music)
http://www.wikidata.org/entity/Q1477428,M-Base,M-Base,https://en.wikipedia.org/wiki/M-Base
http://www.wikidata.org/entity/Q1472271,pastoral,Pastorale,https://en.wikipedia.org/wiki/Pastorale
http://www.wikidata.org/entity/Q1482325,Islamic music,Islamic music,https://en.wikipedia.org/wiki/Islamic_music
http://www.wikidata.org/entity/Q1474372,mugham,Mugham,https://en.wikipedia.org/wiki/Mugham
http://www.wikidata.org/entity/Q85785117,Mexican hip-hop,Mexican hip-hop,https://en.wikipedia.org/wiki/Mexican_hip-hop
http://www.wikidata.org/entity/Q85787413,música cebolla,Música cebolla,https://en.wikipedia.org/wiki/M%C3%BAsica_cebolla
http://www.wikidata.org/entity/Q85794311,Preaching Chords,Preaching chords,https://en.wikipedia.org/wiki/Preaching_chords
http://www.wikidata.org/entity/Q86726390,San'a,Sanaa (music),https://en.wikipedia.org/wiki/Sanaa_(music)
http://www.wikidata.org/entity/Q85809915,toi music,Toi music,https://en.wikipedia.org/wiki/Toi_music
http://www.wikidata.org/entity/Q89423271,noisecore,Noisecore,https://en.wikipedia.org/wiki/Noisecore
http://www.wikidata.org/entity/Q1326777,electroacoustic music,Electroacoustic music,https://en.wikipedia.org/wiki/Electroacoustic_music
http://www.wikidata.org/entity/Q85749252,brunette,Brunette (song form),https://en.wikipedia.org/wiki/Brunette_(song_form)
http://www.wikidata.org/entity/Q85755605,dancehall pop,Dancehall pop,https://en.wikipedia.org/wiki/Dancehall_pop
http://www.wikidata.org/entity/Q85846779,New wave of traditional heavy metal,New wave of traditional heavy metal,https://en.wikipedia.org/wiki/New_wave_of_traditional_heavy_metal
http://www.wikidata.org/entity/Q85765918,hauntology,Hauntology (music),https://en.wikipedia.org/wiki/Hauntology_(music)
http://www.wikidata.org/entity/Q85769955,Iranian alternative rock,Iranian alternative rock,https://en.wikipedia.org/wiki/Iranian_alternative_rock
http://www.wikidata.org/entity/Q89423571,contra dance music,Contra dance music,https://en.wikipedia.org/wiki/Contra_dance_music
http://www.wikidata.org/entity/Q85867089,cumbia rebajada,Cumbia rebajada,https://en.wikipedia.org/wiki/Cumbia_rebajada
http://www.wikidata.org/entity/Q85775929,Latin R&B,Latin R&B,https://en.wikipedia.org/wiki/Latin_R%26B
http://www.wikidata.org/entity/Q1156570,dabke,Dabke,https://en.wikipedia.org/wiki/Dabke
http://www.wikidata.org/entity/Q5100799,Chinese hip hop,Chinese hip-hop,https://en.wikipedia.org/wiki/Chinese_hip-hop
http://www.wikidata.org/entity/Q5100797,Chinese heavy metal,Chinese heavy metal,https://en.wikipedia.org/wiki/Chinese_heavy_metal
http://www.wikidata.org/entity/Q5104948,Chorale concerto,Chorale concerto,https://en.wikipedia.org/wiki/Chorale_concerto
http://www.wikidata.org/entity/Q5104953,Chorale motet,Chorale motet,https://en.wikipedia.org/wiki/Chorale_motet
http://www.wikidata.org/entity/Q5105480,Chouval bwa,Chouval bwa,https://en.wikipedia.org/wiki/Chouval_bwa
http://www.wikidata.org/entity/Q5105581,chowtal,Chowtal,https://en.wikipedia.org/wiki/Chowtal
http://www.wikidata.org/entity/Q5105648,Chrieng Brunh,Chrieng Brunh,https://en.wikipedia.org/wiki/Chrieng_Brunh
http://www.wikidata.org/entity/Q5110298,Christian alternative rock,Christian alternative rock,https://en.wikipedia.org/wiki/Christian_alternative_rock
http://www.wikidata.org/entity/Q5110296,Christian adult contemporary,Christian adult contemporary,https://en.wikipedia.org/wiki/Christian_adult_contemporary
http://www.wikidata.org/entity/Q1154911,carnavalito,Carnavalito,https://en.wikipedia.org/wiki/Carnavalito
http://www.wikidata.org/entity/Q1151663,novelty music,Novelty song,https://en.wikipedia.org/wiki/Novelty_song
http://www.wikidata.org/entity/Q63197384,saya afroboliviana,Saya (art form),https://en.wikipedia.org/wiki/Saya_(art_form)
http://www.wikidata.org/entity/Q1632601,nuevo tango,Nuevo tango,https://en.wikipedia.org/wiki/Nuevo_tango
http://www.wikidata.org/entity/Q1634085,tecno brega,Tecno brega,https://en.wikipedia.org/wiki/Tecno_brega
http://www.wikidata.org/entity/Q63247669,Christmas cantata,Christmas cantata,https://en.wikipedia.org/wiki/Christmas_cantata
http://www.wikidata.org/entity/Q1622261,Latin metal,Latin metal,https://en.wikipedia.org/wiki/Latin_metal
http://www.wikidata.org/entity/Q1636684,yé-yé,Yé-yé,https://en.wikipedia.org/wiki/Y%C3%A9-y%C3%A9
http://www.wikidata.org/entity/Q63229806,cowboy pop,Cowboy pop,https://en.wikipedia.org/wiki/Cowboy_pop
http://www.wikidata.org/entity/Q16909209,Ovi (music),Ovi (music),https://en.wikipedia.org/wiki/Ovi_(music)
http://www.wikidata.org/entity/Q16855754,blackgaze,Blackgaze,https://en.wikipedia.org/wiki/Blackgaze
http://www.wikidata.org/entity/Q16874159,tyrolienne,Tyrolienne,https://en.wikipedia.org/wiki/Tyrolienne
http://www.wikidata.org/entity/Q16875726,Ikinimba,Ikinimba,https://en.wikipedia.org/wiki/Ikinimba
http://www.wikidata.org/entity/Q16828236,Scottish court music,Court music in Scotland,https://en.wikipedia.org/wiki/Court_music_in_Scotland
http://www.wikidata.org/entity/Q16829781,cloud rap,Cloud rap,https://en.wikipedia.org/wiki/Cloud_rap
http://www.wikidata.org/entity/Q16837290,Balearic trance,Balearic trance,https://en.wikipedia.org/wiki/Balearic_trance
http://www.wikidata.org/entity/Q16837791,music of French Guiana,Music of French Guiana,https://en.wikipedia.org/wiki/Music_of_French_Guiana
http://www.wikidata.org/entity/Q16844015,toada de boi,Toada de boi,https://en.wikipedia.org/wiki/Toada_de_boi
http://www.wikidata.org/entity/Q16845069,Bothy band,Bothy band,https://en.wikipedia.org/wiki/Bothy_band
http://www.wikidata.org/entity/Q16894831,pols,Pols,https://en.wikipedia.org/wiki/Pols
http://www.wikidata.org/entity/Q1499262,yellow music,Yellow music,https://en.wikipedia.org/wiki/Yellow_music
http://www.wikidata.org/entity/Q1499839,lundu,Lundu (dance),https://en.wikipedia.org/wiki/Lundu_(dance)
http://www.wikidata.org/entity/Q1500364,psychedelic folk,Psychedelic folk,https://en.wikipedia.org/wiki/Psychedelic_folk
http://www.wikidata.org/entity/Q1490170,slowcore,Slowcore,https://en.wikipedia.org/wiki/Slowcore
http://www.wikidata.org/entity/Q1492977,Gambian hip hop,Gambian hip-hop,https://en.wikipedia.org/wiki/Gambian_hip-hop
http://www.wikidata.org/entity/Q1493069,gamelan gong kebyar,Gamelan gong kebyar,https://en.wikipedia.org/wiki/Gamelan_gong_kebyar
http://www.wikidata.org/entity/Q1232283,villancico,Villancico,https://en.wikipedia.org/wiki/Villancico
http://www.wikidata.org/entity/Q1217862,Die anderen Bands,Die anderen Bands,https://en.wikipedia.org/wiki/Die_anderen_Bands
http://www.wikidata.org/entity/Q1236108,epinikion,Epinikion,https://en.wikipedia.org/wiki/Epinikion
http://www.wikidata.org/entity/Q1236268,music of Croatia,Music of Croatia,https://en.wikipedia.org/wiki/Music_of_Croatia
http://www.wikidata.org/entity/Q1230604,divertissement,Divertissement,https://en.wikipedia.org/wiki/Divertissement
http://www.wikidata.org/entity/Q1233698,Harmonie,Harmonie,https://en.wikipedia.org/wiki/Harmonie
http://www.wikidata.org/entity/Q1658757,illbient,Illbient,https://en.wikipedia.org/wiki/Illbient
http://www.wikidata.org/entity/Q1672918,Irish rebel song,Irish rebel song,https://en.wikipedia.org/wiki/Irish_rebel_song
http://www.wikidata.org/entity/Q1662181,New Primitivism,New Primitivism,https://en.wikipedia.org/wiki/New_Primitivism
http://www.wikidata.org/entity/Q1666311,music of Zambia,Music of Zambia,https://en.wikipedia.org/wiki/Music_of_Zambia
http://www.wikidata.org/entity/Q1669802,kalindula,Kalindula,https://en.wikipedia.org/wiki/Kalindula
http://www.wikidata.org/entity/Q1672398,music of Iran,Music of Iran,https://en.wikipedia.org/wiki/Music_of_Iran
http://www.wikidata.org/entity/Q138544643,Palenquero music,Palenquero music,https://en.wikipedia.org/wiki/Palenquero_music
http://www.wikidata.org/entity/Q139505550,SoundCloud indie,SoundCloud indie,https://en.wikipedia.org/wiki/SoundCloud_indie
http://www.wikidata.org/entity/Q136908397,post-noise,Post-noise,https://en.wikipedia.org/wiki/Post-noise
http://www.wikidata.org/entity/Q138565422,Pinoy Jazz,Pinoy jazz,https://en.wikipedia.org/wiki/Pinoy_jazz
http://www.wikidata.org/entity/Q136537836,Nordic jazz,Nordic jazz,https://en.wikipedia.org/wiki/Nordic_jazz
http://www.wikidata.org/entity/Q1132929,music of Botswana,Music of Botswana,https://en.wikipedia.org/wiki/Music_of_Botswana
http://www.wikidata.org/entity/Q135437246,Landfill indie,Landfill indie,https://en.wikipedia.org/wiki/Landfill_indie
http://www.wikidata.org/entity/Q140323396,transcore,Transcore (music genre),https://en.wikipedia.org/wiki/Transcore_(music_genre)
http://www.wikidata.org/entity/Q135511131,music of South Sudan,Music of South Sudan,https://en.wikipedia.org/wiki/Music_of_South_Sudan
http://www.wikidata.org/entity/Q136206127,West Side sound,West Side Sound,https://en.wikipedia.org/wiki/West_Side_Sound
http://www.wikidata.org/entity/Q1133657,traditional heavy metal,Traditional heavy metal,https://en.wikipedia.org/wiki/Traditional_heavy_metal
http://www.wikidata.org/entity/Q138499637,Fiddle-singing,Fiddle-singing,https://en.wikipedia.org/wiki/Fiddle-singing
http://www.wikidata.org/entity/Q138591098,crank wave,Crank wave,https://en.wikipedia.org/wiki/Crank_wave
http://www.wikidata.org/entity/Q139571846,Chicano protest music,Chicano protest music,https://en.wikipedia.org/wiki/Chicano_protest_music
http://www.wikidata.org/entity/Q138261436,post-internet music,Post-Internet (music),https://en.wikipedia.org/wiki/Post-Internet_(music)
http://www.wikidata.org/entity/Q138683417,soft grunge,Soft grunge (music),https://en.wikipedia.org/wiki/Soft_grunge_(music)
http://www.wikidata.org/entity/Q137799958,sweet jazz,Sweet jazz,https://en.wikipedia.org/wiki/Sweet_jazz
http://www.wikidata.org/entity/Q1134562,coronation anthem,Coronation anthem,https://en.wikipedia.org/wiki/Coronation_anthem
http://www.wikidata.org/entity/Q138605895,zoomergaze,Zoomergaze,https://en.wikipedia.org/wiki/Zoomergaze
http://www.wikidata.org/entity/Q138611364,laptop twee,Laptop twee,https://en.wikipedia.org/wiki/Laptop_twee
http://www.wikidata.org/entity/Q138611369,internet music,Internet music,https://en.wikipedia.org/wiki/Internet_music
http://www.wikidata.org/entity/Q137299027,Pogi rock,Pogi rock,https://en.wikipedia.org/wiki/Pogi_rock
http://www.wikidata.org/entity/Q136908395,new musick,New musick,https://en.wikipedia.org/wiki/New_musick
http://www.wikidata.org/entity/Q135472492,Dangdut hip-hop,Hipdut,https://en.wikipedia.org/wiki/Hipdut
http://www.wikidata.org/entity/Q137673400,Malianteo,Malianteo,https://en.wikipedia.org/wiki/Malianteo
http://www.wikidata.org/entity/Q136890359,phaguwa,Phaguwa,https://en.wikipedia.org/wiki/Phaguwa
http://www.wikidata.org/entity/Q138081554,slowed & reverb,Slowed and reverb,https://en.wikipedia.org/wiki/Slowed_and_reverb
http://www.wikidata.org/entity/Q1139136,horrorcore,Horrorcore,https://en.wikipedia.org/wiki/Horrorcore
http://www.wikidata.org/entity/Q1139787,music of ancient Greece,Music of ancient Greece,https://en.wikipedia.org/wiki/Music_of_ancient_Greece
http://www.wikidata.org/entity/Q1137588,personal anthem,Personal anthem,https://en.wikipedia.org/wiki/Personal_anthem
http://www.wikidata.org/entity/Q11700058,folk-pop,Folk-pop,https://en.wikipedia.org/wiki/Folk-pop
http://www.wikidata.org/entity/Q11700065,pop soul,Pop soul,https://en.wikipedia.org/wiki/Pop_soul
http://www.wikidata.org/entity/Q5681688,pregón,Pregón,https://en.wikipedia.org/wiki/Preg%C3%B3n
http://www.wikidata.org/entity/Q5655695,hardbag,Hardbag,https://en.wikipedia.org/wiki/Hardbag
http://www.wikidata.org/entity/Q5683605,Maddahi,Maddahi,https://en.wikipedia.org/wiki/Maddahi
http://www.wikidata.org/entity/Q5684704,liwa,Liwa (music),https://en.wikipedia.org/wiki/Liwa_(music)
http://www.wikidata.org/entity/Q1737332,mainstream jazz,Mainstream jazz,https://en.wikipedia.org/wiki/Mainstream_jazz
http://www.wikidata.org/entity/Q1737691,Kecak,Kecak,https://en.wikipedia.org/wiki/Kecak
http://www.wikidata.org/entity/Q1735204,cassation,Cassation (music),https://en.wikipedia.org/wiki/Cassation_(music)
http://www.wikidata.org/entity/Q1736883,kwela,Kwela,https://en.wikipedia.org/wiki/Kwela
http://www.wikidata.org/entity/Q1730388,Western swing,Western swing,https://en.wikipedia.org/wiki/Western_swing
http://www.wikidata.org/entity/Q1428470,klapa,Klapa,https://en.wikipedia.org/wiki/Klapa
http://www.wikidata.org/entity/Q1428162,Ambrosian chant,Ambrosian chant,https://en.wikipedia.org/wiki/Ambrosian_chant
http://www.wikidata.org/entity/Q1428885,saibara,Saibara,https://en.wikipedia.org/wiki/Saibara
http://www.wikidata.org/entity/Q1430045,Florida death metal,Florida death metal,https://en.wikipedia.org/wiki/Florida_death_metal
http://www.wikidata.org/entity/Q1430587,minimal techno,Minimal techno,https://en.wikipedia.org/wiki/Minimal_techno
http://www.wikidata.org/entity/Q1430717,Hambo,Hambo,https://en.wikipedia.org/wiki/Hambo
http://www.wikidata.org/entity/Q1673922,isicathamiya,Isicathamiya,https://en.wikipedia.org/wiki/Isicathamiya
http://www.wikidata.org/entity/Q1674378,Polyphonic song of Epirus,Polyphonic song of Epirus,https://en.wikipedia.org/wiki/Polyphonic_song_of_Epirus
http://www.wikidata.org/entity/Q1677377,funeral march,Funeral march,https://en.wikipedia.org/wiki/Funeral_march
http://www.wikidata.org/entity/Q1682783,Turkish music style,Turkish music (style),https://en.wikipedia.org/wiki/Turkish_music_(style)
http://www.wikidata.org/entity/Q1683348,Japanese hip-hop,Japanese hip-hop,https://en.wikipedia.org/wiki/Japanese_hip-hop
http://www.wikidata.org/entity/Q1684441,jazz trombone,Jazz trombone,https://en.wikipedia.org/wiki/Jazz_trombone
http://www.wikidata.org/entity/Q1684520,jazz blues,Jazz blues,https://en.wikipedia.org/wiki/Jazz_blues
http://www.wikidata.org/entity/Q1684532,jazz guitar,Jazz guitar,https://en.wikipedia.org/wiki/Jazz_guitar
http://www.wikidata.org/entity/Q2447747,nhã nhạc,Nhã nhạc,https://en.wikipedia.org/wiki/Nh%C3%A3_nh%E1%BA%A1c
http://www.wikidata.org/entity/Q5121359,Circassian music,Circassian music,https://en.wikipedia.org/wiki/Circassian_music
http://www.wikidata.org/entity/Q5146983,collegiate a cappella,Collegiate a cappella,https://en.wikipedia.org/wiki/Collegiate_a_cappella
http://www.wikidata.org/entity/Q5147976,Colombian rock,Colombian rock,https://en.wikipedia.org/wiki/Colombian_rock
http://www.wikidata.org/entity/Q5149108,Colossal Baroque,Colossal Baroque,https://en.wikipedia.org/wiki/Colossal_Baroque
http://www.wikidata.org/entity/Q5150913,Combined rhythm,Combined rhythm,https://en.wikipedia.org/wiki/Combined_rhythm
http://www.wikidata.org/entity/Q5151495,comedy music,Comedy music,https://en.wikipedia.org/wiki/Comedy_music
http://www.wikidata.org/entity/Q5128236,classic country,Classic country,https://en.wikipedia.org/wiki/Classic_country
http://www.wikidata.org/entity/Q5128243,classic soul,Classic soul,https://en.wikipedia.org/wiki/Classic_soul
http://www.wikidata.org/entity/Q5110317,Christian country music,Christian country music,https://en.wikipedia.org/wiki/Christian_country_music
http://www.wikidata.org/entity/Q5113733,Chromatic fantasia,Chromatic fantasia,https://en.wikipedia.org/wiki/Chromatic_fantasia
http://www.wikidata.org/entity/Q5116077,chula,Chula (music),https://en.wikipedia.org/wiki/Chula_(music)
http://www.wikidata.org/entity/Q5116136,chumaichada,Chumaichada,https://en.wikipedia.org/wiki/Chumaichada
http://www.wikidata.org/entity/Q5116146,Chumba,Chumba,https://en.wikipedia.org/wiki/Chumba
http://www.wikidata.org/entity/Q5139519,cock rock,Cock rock,https://en.wikipedia.org/wiki/Cock_rock
http://www.wikidata.org/entity/Q5118358,Chutney parang,Chutney parang,https://en.wikipedia.org/wiki/Chutney_parang
http://www.wikidata.org/entity/Q5118383,chutney soca,Chutney soca,https://en.wikipedia.org/wiki/Chutney_soca
http://www.wikidata.org/entity/Q5119040,Chầu văn,Chầu văn,https://en.wikipedia.org/wiki/Ch%E1%BA%A7u_v%C4%83n
http://www.wikidata.org/entity/Q5119221,cibell,Cibell,https://en.wikipedia.org/wiki/Cibell
http://www.wikidata.org/entity/Q5141514,coimbra fado,Coimbra fado,https://en.wikipedia.org/wiki/Coimbra_fado
http://www.wikidata.org/entity/Q1751409,2-step garage,2-step garage,https://en.wikipedia.org/wiki/2-step_garage
http://www.wikidata.org/entity/Q1738175,Schaffel,Schaffel,https://en.wikipedia.org/wiki/Schaffel
http://www.wikidata.org/entity/Q1744327,sound art,Sound art,https://en.wikipedia.org/wiki/Sound_art
http://www.wikidata.org/entity/Q1744304,sound collage,Sound collage,https://en.wikipedia.org/wiki/Sound_collage
http://www.wikidata.org/entity/Q1744659,Cuban salsa,Cuban salsa,https://en.wikipedia.org/wiki/Cuban_salsa
http://www.wikidata.org/entity/Q1746023,piano quintet,Piano quintet,https://en.wikipedia.org/wiki/Piano_quintet
http://www.wikidata.org/entity/Q1452181,murga,Murga,https://en.wikipedia.org/wiki/Murga
http://www.wikidata.org/entity/Q1437709,canción,Canción,https://en.wikipedia.org/wiki/Canci%C3%B3n
http://www.wikidata.org/entity/Q1440196,ambient industrial,Ambient industrial,https://en.wikipedia.org/wiki/Ambient_industrial
http://www.wikidata.org/entity/Q1451799,Frauenlied,Frauenlied,https://en.wikipedia.org/wiki/Frauenlied
http://www.wikidata.org/entity/Q1452401,għana,Għana (folk music),https://en.wikipedia.org/wiki/G%C4%A7ana_(folk_music)
http://www.wikidata.org/entity/Q1443316,Christmas music,Christmas music,https://en.wikipedia.org/wiki/Christmas_music
http://www.wikidata.org/entity/Q1955000,music of the Gambia,Music of the Gambia,https://en.wikipedia.org/wiki/Music_of_the_Gambia
http://www.wikidata.org/entity/Q1955040,music of the Democratic Republic of the Congo,Music of the Democratic Republic of the Congo,https://en.wikipedia.org/wiki/Music_of_the_Democratic_Republic_of_the_Congo
http://www.wikidata.org/entity/Q1956166,Muwashshah,Muwashshah,https://en.wikipedia.org/wiki/Muwashshah
http://www.wikidata.org/entity/Q1958247,Brazilian gaucho music,Brazilian gaucho music,https://en.wikipedia.org/wiki/Brazilian_gaucho_music
http://www.wikidata.org/entity/Q1958273,sertanejo,Sertanejo music,https://en.wikipedia.org/wiki/Sertanejo_music
http://www.wikidata.org/entity/Q1947846,murder ballad,Murder ballad,https://en.wikipedia.org/wiki/Murder_ballad
http://www.wikidata.org/entity/Q1640319,experimental music,Experimental music,https://en.wikipedia.org/wiki/Experimental_music
http://www.wikidata.org/entity/Q1641839,experimental rock,Experimental rock,https://en.wikipedia.org/wiki/Experimental_rock
http://www.wikidata.org/entity/Q1640587,morenada,Morenada,https://en.wikipedia.org/wiki/Morenada
http://www.wikidata.org/entity/Q2028627,orchestral song,Orchestral song,https://en.wikipedia.org/wiki/Orchestral_song
http://www.wikidata.org/entity/Q2002705,nouvelle chanson,Nouvelle Chanson,https://en.wikipedia.org/wiki/Nouvelle_Chanson
http://www.wikidata.org/entity/Q2032053,music of Georgia,Music of Georgia (country),https://en.wikipedia.org/wiki/Music_of_Georgia_(country)
http://www.wikidata.org/entity/Q2035976,Nintendocore,Nintendocore,https://en.wikipedia.org/wiki/Nintendocore
http://www.wikidata.org/entity/Q2004156,industrial hip-hop,Industrial hip-hop,https://en.wikipedia.org/wiki/Industrial_hip-hop
http://www.wikidata.org/entity/Q2022163,Southern gospel,Southern gospel,https://en.wikipedia.org/wiki/Southern_gospel
http://www.wikidata.org/entity/Q1519864,sung poetry,Sung poetry,https://en.wikipedia.org/wiki/Sung_poetry
http://www.wikidata.org/entity/Q1521688,ghettotech,Ghettotech,https://en.wikipedia.org/wiki/Ghettotech
http://www.wikidata.org/entity/Q1515757,jump blues,Jump blues,https://en.wikipedia.org/wiki/Jump_blues
http://www.wikidata.org/entity/Q1518063,Ottoman classical music,Ottoman music,https://en.wikipedia.org/wiki/Ottoman_music
http://www.wikidata.org/entity/Q1136047,torch song,Torch song,https://en.wikipedia.org/wiki/Torch_song
http://www.wikidata.org/entity/Q1136331,nu jazz,Nu jazz,https://en.wikipedia.org/wiki/Nu_jazz
http://www.wikidata.org/entity/Q1136765,uplifting trance,Uplifting trance,https://en.wikipedia.org/wiki/Uplifting_trance
http://www.wikidata.org/entity/Q1136846,sinfonia concertante,Sinfonia concertante,https://en.wikipedia.org/wiki/Sinfonia_concertante
http://www.wikidata.org/entity/Q1136045,wonky,Wonky (genre),https://en.wikipedia.org/wiki/Wonky_(genre)
http://www.wikidata.org/entity/Q1338153,20th-century classical music,20th-century classical music,https://en.wikipedia.org/wiki/20th-century_classical_music
http://www.wikidata.org/entity/Q1339027,dream trance,Dream trance,https://en.wikipedia.org/wiki/Dream_trance
http://www.wikidata.org/entity/Q1339121,contemporary worship music,Contemporary worship music,https://en.wikipedia.org/wiki/Contemporary_worship_music
http://www.wikidata.org/entity/Q1337498,Kontakion,Kontakion,https://en.wikipedia.org/wiki/Kontakion
http://www.wikidata.org/entity/Q1337973,Swiss hip hop,Swiss hip-hop,https://en.wikipedia.org/wiki/Swiss_hip-hop
http://www.wikidata.org/entity/Q1335569,techstep,Techstep,https://en.wikipedia.org/wiki/Techstep
http://www.wikidata.org/entity/Q1328468,fauxbourdon,Fauxbourdon,https://en.wikipedia.org/wiki/Fauxbourdon
http://www.wikidata.org/entity/Q1328560,trallpunk,Trallpunk,https://en.wikipedia.org/wiki/Trallpunk
http://www.wikidata.org/entity/Q1866223,live electronic music,Live electronic music,https://en.wikipedia.org/wiki/Live_electronic_music
http://www.wikidata.org/entity/Q1884018,Garifuna music,Garifuna music,https://en.wikipedia.org/wiki/Garifuna_music
http://www.wikidata.org/entity/Q1884689,Indo pop,Indo pop,https://en.wikipedia.org/wiki/Indo_pop
http://www.wikidata.org/entity/Q1840167,witch house,Witch house,https://en.wikipedia.org/wiki/Witch_house
http://www.wikidata.org/entity/Q1871532,tambu music,Tambu (music),https://en.wikipedia.org/wiki/Tambu_(music)
http://www.wikidata.org/entity/Q1872505,lovers rock,Lovers rock,https://en.wikipedia.org/wiki/Lovers_rock
http://www.wikidata.org/entity/Q1878514,post-black metal,Post-black metal,https://en.wikipedia.org/wiki/Post-black_metal
http://www.wikidata.org/entity/Q1147752,incidental music,Incidental music,https://en.wikipedia.org/wiki/Incidental_music
http://www.wikidata.org/entity/Q1151260,D-beat,D-beat,https://en.wikipedia.org/wiki/D-beat
http://www.wikidata.org/entity/Q1151259,nueva canción,Nueva canción,https://en.wikipedia.org/wiki/Nueva_canci%C3%B3n
http://www.wikidata.org/entity/Q1751782,Nashville sound,Nashville sound,https://en.wikipedia.org/wiki/Nashville_sound
http://www.wikidata.org/entity/Q1752683,soukous,Soukous,https://en.wikipedia.org/wiki/Soukous
http://www.wikidata.org/entity/Q1752801,Rock in Opposition,Rock in Opposition,https://en.wikipedia.org/wiki/Rock_in_Opposition
http://www.wikidata.org/entity/Q1753071,maracatu,Maracatu,https://en.wikipedia.org/wiki/Maracatu
http://www.wikidata.org/entity/Q1403744,electro-industrial,Electro-industrial,https://en.wikipedia.org/wiki/Electro-industrial
http://www.wikidata.org/entity/Q1406136,Ahellil,Ahellil,https://en.wikipedia.org/wiki/Ahellil
http://www.wikidata.org/entity/Q1399566,Guggenmusik,Guggenmusik,https://en.wikipedia.org/wiki/Guggenmusik
http://www.wikidata.org/entity/Q1399695,Chicano rap,Chicano rap,https://en.wikipedia.org/wiki/Chicano_rap
http://www.wikidata.org/entity/Q1413061,tropicália,Tropicália,https://en.wikipedia.org/wiki/Tropic%C3%A1lia
http://www.wikidata.org/entity/Q1775316,progg,Progg,https://en.wikipedia.org/wiki/Progg
http://www.wikidata.org/entity/Q1775526,Contradanza,Contradanza,https://en.wikipedia.org/wiki/Contradanza
http://www.wikidata.org/entity/Q1777052,Cyclic mass,Cyclic mass,https://en.wikipedia.org/wiki/Cyclic_mass
http://www.wikidata.org/entity/Q1778129,San Francisco Sound,San Francisco sound,https://en.wikipedia.org/wiki/San_Francisco_sound
http://www.wikidata.org/entity/Q1779217,cantiga de escarnio e maldizer,Cantigas de escárnio e maldizer,https://en.wikipedia.org/wiki/Cantigas_de_esc%C3%A1rnio_e_maldizer
http://www.wikidata.org/entity/Q1779319,cantiga de amor,Cantiga de amor,https://en.wikipedia.org/wiki/Cantiga_de_amor
http://www.wikidata.org/entity/Q1779294,space age pop,Space age pop,https://en.wikipedia.org/wiki/Space_age_pop
http://www.wikidata.org/entity/Q1780056,norteño,Norteño (music),https://en.wikipedia.org/wiki/Norte%C3%B1o_(music)
http://www.wikidata.org/entity/Q1538765,gothabilly,Gothabilly,https://en.wikipedia.org/wiki/Gothabilly
http://www.wikidata.org/entity/Q1522794,music of Yugoslavia,Music of Yugoslavia,https://en.wikipedia.org/wiki/Music_of_Yugoslavia
http://www.wikidata.org/entity/Q1524033,free tekno,Free tekno,https://en.wikipedia.org/wiki/Free_tekno
http://www.wikidata.org/entity/Q1524296,Neue Volksmusik,Neue Volksmusik,https://en.wikipedia.org/wiki/Neue_Volksmusik
http://www.wikidata.org/entity/Q1534821,golden age hip-hop,Golden age hip-hop,https://en.wikipedia.org/wiki/Golden_age_hip-hop
http://www.wikidata.org/entity/Q1537056,light music,Light music,https://en.wikipedia.org/wiki/Light_music
http://www.wikidata.org/entity/Q1810546,Turkish folk music,Turkish folk music,https://en.wikipedia.org/wiki/Turkish_folk_music
http://www.wikidata.org/entity/Q1811682,New Weird America,New Weird America,https://en.wikipedia.org/wiki/New_Weird_America
http://www.wikidata.org/entity/Q1815364,makossa,Makossa,https://en.wikipedia.org/wiki/Makossa
http://www.wikidata.org/entity/Q1817297,Nangma,Nangma,https://en.wikipedia.org/wiki/Nangma
http://www.wikidata.org/entity/Q1808721,sound poetry,Sound poetry,https://en.wikipedia.org/wiki/Sound_poetry
http://www.wikidata.org/entity/Q1914924,mbaqanga,Mbaqanga,https://en.wikipedia.org/wiki/Mbaqanga
http://www.wikidata.org/entity/Q1928583,Northern soul,Northern soul,https://en.wikipedia.org/wiki/Northern_soul
http://www.wikidata.org/entity/Q1913888,power noise,Power noise,https://en.wikipedia.org/wiki/Power_noise
http://www.wikidata.org/entity/Q1929352,roots rock,Roots rock,https://en.wikipedia.org/wiki/Roots_rock
http://www.wikidata.org/entity/Q1413570,sardana,Sardana,https://en.wikipedia.org/wiki/Sardana
http://www.wikidata.org/entity/Q1417272,rondeau,Rondeau (forme fixe),https://en.wikipedia.org/wiki/Rondeau_(forme_fixe)
http://www.wikidata.org/entity/Q1414130,filk,Filk music,https://en.wikipedia.org/wiki/Filk_music
http://www.wikidata.org/entity/Q47074428,SoundCloud rap,SoundCloud rap,https://en.wikipedia.org/wiki/SoundCloud_rap
http://www.wikidata.org/entity/Q39052604,nu metalcore,Nu metalcore,https://en.wikipedia.org/wiki/Nu_metalcore
http://www.wikidata.org/entity/Q47781397,EDM trap music,EDM trap music,https://en.wikipedia.org/wiki/EDM_trap_music
http://www.wikidata.org/entity/Q42525933,Lutheran hymn,Lutheran hymn,https://en.wikipedia.org/wiki/Lutheran_hymn
http://www.wikidata.org/entity/Q40039114,Volkslied,Volkslied,https://en.wikipedia.org/wiki/Volkslied
http://www.wikidata.org/entity/Q1762761,Finnish tango,Finnish tango,https://en.wikipedia.org/wiki/Finnish_tango
http://www.wikidata.org/entity/Q1766836,Polska,Polska (dance),https://en.wikipedia.org/wiki/Polska_(dance)
http://www.wikidata.org/entity/Q1770695,Hindustani classical music,Hindustani classical music,https://en.wikipedia.org/wiki/Hindustani_classical_music
http://www.wikidata.org/entity/Q1771297,English folk music,English folk music,https://en.wikipedia.org/wiki/English_folk_music
http://www.wikidata.org/entity/Q1773654,country folk,Country folk,https://en.wikipedia.org/wiki/Country_folk
http://www.wikidata.org/entity/Q5185778,criolla,Criolla,https://en.wikipedia.org/wiki/Criolla
http://www.wikidata.org/entity/Q5187209,Croatian tamburica,Croatian tamburica,https://en.wikipedia.org/wiki/Croatian_tamburica
http://www.wikidata.org/entity/Q5192064,Cuban folk music,Cuban folk music,https://en.wikipedia.org/wiki/Cuban_folk_music
http://www.wikidata.org/entity/Q5192126,Cuban rock,Cuban rock,https://en.wikipedia.org/wiki/Cuban_rock
http://www.wikidata.org/entity/Q5194012,cumbia pegassera,Cumbia pegassera,https://en.wikipedia.org/wiki/Cumbia_pegassera
http://www.wikidata.org/entity/Q5201820,Czech bluegrass,Czech bluegrass,https://en.wikipedia.org/wiki/Czech_bluegrass
http://www.wikidata.org/entity/Q5201841,Czech tramping music,Czech tramping music,https://en.wikipedia.org/wiki/Czech_tramping_music
http://www.wikidata.org/entity/Q5202394,cântec batrânesc,Cântec batrânesc,https://en.wikipedia.org/wiki/C%C3%A2ntec_batr%C3%A2nesc
http://www.wikidata.org/entity/Q5156725,Composer tributes,Composer tributes (classical music),https://en.wikipedia.org/wiki/Composer_tributes_(classical_music)
http://www.wikidata.org/entity/Q5158398,concept musical,Concept musical,https://en.wikipedia.org/wiki/Concept_musical
http://www.wikidata.org/entity/Q5158512,concert aria,Concert aria,https://en.wikipedia.org/wiki/Concert_aria
http://www.wikidata.org/entity/Q5158522,Concert march,Concert march,https://en.wikipedia.org/wiki/Concert_march
http://www.wikidata.org/entity/Q5158538,Concerted madrigal,Concerted madrigal,https://en.wikipedia.org/wiki/Concerted_madrigal
http://www.wikidata.org/entity/Q5160756,congregational singing,Congregational singing,https://en.wikipedia.org/wiki/Congregational_singing
http://www.wikidata.org/entity/Q5165023,contemporary commercial music,Contemporary commercial music,https://en.wikipedia.org/wiki/Contemporary_commercial_music
http://www.wikidata.org/entity/Q5165334,Continental jazz,Continental jazz,https://en.wikipedia.org/wiki/Continental_jazz
http://www.wikidata.org/entity/Q5177472,country and Irish,Country and Irish,https://en.wikipedia.org/wiki/Country_and_Irish
http://www.wikidata.org/entity/Q5177517,country music in Atlanta,Country music in Atlanta,https://en.wikipedia.org/wiki/Country_music_in_Atlanta
http://www.wikidata.org/entity/Q5179572,cowboy poetry,Cowboy poetry,https://en.wikipedia.org/wiki/Cowboy_poetry
http://www.wikidata.org/entity/Q5184215,Creole music,Creole music,https://en.wikipedia.org/wiki/Creole_music
http://www.wikidata.org/entity/Q1353390,background music,Background music,https://en.wikipedia.org/wiki/Background_music
http://www.wikidata.org/entity/Q1361891,jōruri,Jōruri (music),https://en.wikipedia.org/wiki/J%C5%8Druri_(music)
http://www.wikidata.org/entity/Q1361883,Trecento Madrigal,Madrigal (Trecento),https://en.wikipedia.org/wiki/Madrigal_(Trecento)
http://www.wikidata.org/entity/Q1346068,Swang,Saang,https://en.wikipedia.org/wiki/Saang
http://www.wikidata.org/entity/Q1357775,Geisslerlieder,Geisslerlieder,https://en.wikipedia.org/wiki/Geisslerlieder
http://www.wikidata.org/entity/Q1348260,Kagura,Kagura,https://en.wikipedia.org/wiki/Kagura
http://www.wikidata.org/entity/Q2545135,noise pop,Noise pop,https://en.wikipedia.org/wiki/Noise_pop
http://www.wikidata.org/entity/Q2537800,Bozlak,Bozlak,https://en.wikipedia.org/wiki/Bozlak
http://www.wikidata.org/entity/Q2549052,ethnic electronica,Ethnic electronica,https://en.wikipedia.org/wiki/Ethnic_electronica
http://www.wikidata.org/entity/Q2551540,punk blues,Punk blues,https://en.wikipedia.org/wiki/Punk_blues
http://www.wikidata.org/entity/Q2558340,Dutch jazz,Dutch jazz,https://en.wikipedia.org/wiki/Dutch_jazz
http://www.wikidata.org/entity/Q2562237,music of Syria,Music of Syria,https://en.wikipedia.org/wiki/Music_of_Syria
http://www.wikidata.org/entity/Q2537356,Bay Area thrash metal,Bay Area thrash metal,https://en.wikipedia.org/wiki/Bay_Area_thrash_metal
http://www.wikidata.org/entity/Q2037128,Metal Mass,Metal Mass,https://en.wikipedia.org/wiki/Metal_Mass
http://www.wikidata.org/entity/Q2036172,pizzica,Pizzica,https://en.wikipedia.org/wiki/Pizzica
http://www.wikidata.org/entity/Q2043175,hyphy,Hyphy,https://en.wikipedia.org/wiki/Hyphy
http://www.wikidata.org/entity/Q2064394,worldbeat,Worldbeat,https://en.wikipedia.org/wiki/Worldbeat
http://www.wikidata.org/entity/Q2045168,jor,Jor (music),https://en.wikipedia.org/wiki/Jor_(music)
http://www.wikidata.org/entity/Q2045695,shock rock,Shock rock,https://en.wikipedia.org/wiki/Shock_rock
http://www.wikidata.org/entity/Q2047814,Palingsound,Palingsound,https://en.wikipedia.org/wiki/Palingsound
http://www.wikidata.org/entity/Q2603965,piano blues,Piano blues,https://en.wikipedia.org/wiki/Piano_blues
http://www.wikidata.org/entity/Q2604326,slip jig,Slip jig,https://en.wikipedia.org/wiki/Slip_jig
http://www.wikidata.org/entity/Q2607836,freakbeat,Freakbeat,https://en.wikipedia.org/wiki/Freakbeat
http://www.wikidata.org/entity/Q2608506,space disco,Space disco,https://en.wikipedia.org/wiki/Space_disco
http://www.wikidata.org/entity/Q2608710,muqam,Muqam,https://en.wikipedia.org/wiki/Muqam
http://www.wikidata.org/entity/Q2598050,Xi'an guyue,Xi'an guyue,https://en.wikipedia.org/wiki/Xi%27an_guyue
http://www.wikidata.org/entity/Q2599472,blackened death metal,Blackened death metal,https://en.wikipedia.org/wiki/Blackened_death_metal
http://www.wikidata.org/entity/Q2478478,dubtronica,Dubtronica,https://en.wikipedia.org/wiki/Dubtronica
http://www.wikidata.org/entity/Q2484587,onkyokei,Onkyokei,https://en.wikipedia.org/wiki/Onkyokei
http://www.wikidata.org/entity/Q2464314,brega,Brega (music),https://en.wikipedia.org/wiki/Brega_(music)
http://www.wikidata.org/entity/Q2486179,music of Venezuela,Music of Venezuela,https://en.wikipedia.org/wiki/Music_of_Venezuela
http://www.wikidata.org/entity/Q2465085,ambient house,Ambient house,https://en.wikipedia.org/wiki/Ambient_house
http://www.wikidata.org/entity/Q2464833,Turkish hip-hop,Turkish hip-hop,https://en.wikipedia.org/wiki/Turkish_hip-hop
http://www.wikidata.org/entity/Q2489759,football chant,Football chant,https://en.wikipedia.org/wiki/Football_chant
http://www.wikidata.org/entity/Q2473848,Belgian jazz,Belgian jazz,https://en.wikipedia.org/wiki/Belgian_jazz
http://www.wikidata.org/entity/Q2307786,huayno,Huayno,https://en.wikipedia.org/wiki/Huayno
http://www.wikidata.org/entity/Q2296521,Early Norwegian black metal scene,Early Norwegian black metal scene,https://en.wikipedia.org/wiki/Early_Norwegian_black_metal_scene
http://www.wikidata.org/entity/Q2296495,garage punk,Garage punk (fusion genre),https://en.wikipedia.org/wiki/Garage_punk_(fusion_genre)
http://www.wikidata.org/entity/Q2299060,vocalese,Vocalese,https://en.wikipedia.org/wiki/Vocalese
http://www.wikidata.org/entity/Q2302695,tech trance,Tech trance,https://en.wikipedia.org/wiki/Tech_trance
http://www.wikidata.org/entity/Q22909461,toytown techno,Toytown techno,https://en.wikipedia.org/wiki/Toytown_techno
http://www.wikidata.org/entity/Q22991878,chamber pop,Chamber pop,https://en.wikipedia.org/wiki/Chamber_pop
http://www.wikidata.org/entity/Q23301960,dark pop,Dark pop,https://en.wikipedia.org/wiki/Dark_pop
http://www.wikidata.org/entity/Q23019151,reggada,Reggada,https://en.wikipedia.org/wiki/Reggada
http://www.wikidata.org/entity/Q22948243,Arabic rock,Arabic rock,https://en.wikipedia.org/wiki/Arabic_rock
http://www.wikidata.org/entity/Q22949256,aita,Aita (Morocco),https://en.wikipedia.org/wiki/Aita_(Morocco)
http://www.wikidata.org/entity/Q22964975,black MIDI,Black MIDI,https://en.wikipedia.org/wiki/Black_MIDI
http://www.wikidata.org/entity/Q1973860,stotra,Stotra,https://en.wikipedia.org/wiki/Stotra
http://www.wikidata.org/entity/Q1973965,Dutch hip hop,Dutch hip-hop,https://en.wikipedia.org/wiki/Dutch_hip-hop
http://www.wikidata.org/entity/Q1976128,Asian Underground,Asian Underground,https://en.wikipedia.org/wiki/Asian_Underground
http://www.wikidata.org/entity/Q1980609,ballata,Ballata,https://en.wikipedia.org/wiki/Ballata
http://www.wikidata.org/entity/Q1973457,seguidilla,Seguidilla,https://en.wikipedia.org/wiki/Seguidilla
http://www.wikidata.org/entity/Q1982426,New Orleans jazz,New Orleans jazz,https://en.wikipedia.org/wiki/New_Orleans_jazz
http://www.wikidata.org/entity/Q1386554,Japanese ska,Japanese ska,https://en.wikipedia.org/wiki/Japanese_ska
http://www.wikidata.org/entity/Q1378776,music of Ireland,Music of Ireland,https://en.wikipedia.org/wiki/Music_of_Ireland
http://www.wikidata.org/entity/Q1391336,comedy rock,Comedy rock,https://en.wikipedia.org/wiki/Comedy_rock
http://www.wikidata.org/entity/Q1379958,contemporary Christian music,Contemporary Christian music,https://en.wikipedia.org/wiki/Contemporary_Christian_music
http://www.wikidata.org/entity/Q2281713,cantiga,Cantiga,https://en.wikipedia.org/wiki/Cantiga
http://www.wikidata.org/entity/Q2294872,music of Mozambique,Music of Mozambique,https://en.wikipedia.org/wiki/Music_of_Mozambique
http://www.wikidata.org/entity/Q2280497,country pop,Country pop,https://en.wikipedia.org/wiki/Country_pop
http://www.wikidata.org/entity/Q2281409,dance-rock,Dance-rock,https://en.wikipedia.org/wiki/Dance-rock
http://www.wikidata.org/entity/Q1754592,nerdcore,Nerdcore,https://en.wikipedia.org/wiki/Nerdcore
http://www.wikidata.org/entity/Q1760256,shōmyō,Shōmyō,https://en.wikipedia.org/wiki/Sh%C5%8Dmy%C5%8D
http://www.wikidata.org/entity/Q1753803,mor lam,Mor lam,https://en.wikipedia.org/wiki/Mor_lam
http://www.wikidata.org/entity/Q1755959,Sufi music,Sufi music,https://en.wikipedia.org/wiki/Sufi_music
http://www.wikidata.org/entity/Q1756101,nu skool breaks,Nu skool breaks,https://en.wikipedia.org/wiki/Nu_skool_breaks
http://www.wikidata.org/entity/Q1756680,songo music,Songo music,https://en.wikipedia.org/wiki/Songo_music
http://www.wikidata.org/entity/Q1759189,mangue bit,Mangue bit,https://en.wikipedia.org/wiki/Mangue_bit
http://www.wikidata.org/entity/Q2094385,postlude,Postlude,https://en.wikipedia.org/wiki/Postlude
http://www.wikidata.org/entity/Q2097664,Indorock,Indorock,https://en.wikipedia.org/wiki/Indorock
http://www.wikidata.org/entity/Q2101808,Dutch punk,Dutch Punk,https://en.wikipedia.org/wiki/Dutch_Punk
http://www.wikidata.org/entity/Q2102553,Polish hip hop,Polish hip-hop,https://en.wikipedia.org/wiki/Polish_hip-hop
http://www.wikidata.org/entity/Q2090712,music of Austria,Music of Austria,https://en.wikipedia.org/wiki/Music_of_Austria
http://www.wikidata.org/entity/Q2090950,Byzantine music,Byzantine music,https://en.wikipedia.org/wiki/Byzantine_music
http://www.wikidata.org/entity/Q1987105,grebo,Grebo (music),https://en.wikipedia.org/wiki/Grebo_(music)
http://www.wikidata.org/entity/Q1987980,breakstep,Breakstep,https://en.wikipedia.org/wiki/Breakstep
http://www.wikidata.org/entity/Q1989725,nigun,Nigun,https://en.wikipedia.org/wiki/Nigun
http://www.wikidata.org/entity/Q1990122,Celtic punk,Celtic punk,https://en.wikipedia.org/wiki/Celtic_punk
http://www.wikidata.org/entity/Q1982973,new wave of new wave,New wave of new wave,https://en.wikipedia.org/wiki/New_wave_of_new_wave
http://www.wikidata.org/entity/Q1983116,New York hardcore,New York hardcore,https://en.wikipedia.org/wiki/New_York_hardcore
http://www.wikidata.org/entity/Q1983750,mainstream hardcore,Mainstream hardcore,https://en.wikipedia.org/wiki/Mainstream_hardcore
http://www.wikidata.org/entity/Q2195355,futurism,Futurism (music),https://en.wikipedia.org/wiki/Futurism_(music)
http://www.wikidata.org/entity/Q2232258,slide,Slide (tune type),https://en.wikipedia.org/wiki/Slide_(tune_type)
http://www.wikidata.org/entity/Q2236597,sound sculpture,Sound sculpture,https://en.wikipedia.org/wiki/Sound_sculpture
http://www.wikidata.org/entity/Q2187392,alternative dance,Alternative dance,https://en.wikipedia.org/wiki/Alternative_dance
http://www.wikidata.org/entity/Q2238236,Christian hip-hop,Christian hip-hop,https://en.wikipedia.org/wiki/Christian_hip-hop
http://www.wikidata.org/entity/Q2225757,Christian hardcore,Christian hardcore,https://en.wikipedia.org/wiki/Christian_hardcore
http://www.wikidata.org/entity/Q2610186,al jeel,Al jeel,https://en.wikipedia.org/wiki/Al_jeel
http://www.wikidata.org/entity/Q2611957,Tintinnabuli,Tintinnabuli,https://en.wikipedia.org/wiki/Tintinnabuli
http://www.wikidata.org/entity/Q2612458,rigsar,Rigsar,https://en.wikipedia.org/wiki/Rigsar
http://www.wikidata.org/entity/Q2614533,British folk rock,British folk rock,https://en.wikipedia.org/wiki/British_folk_rock
http://www.wikidata.org/entity/Q2617447,music of Iceland,Music of Iceland,https://en.wikipedia.org/wiki/Music_of_Iceland
http://www.wikidata.org/entity/Q2621049,Afro-punk,Afro-punk,https://en.wikipedia.org/wiki/Afro-punk
http://www.wikidata.org/entity/Q2621235,spatial music,Spatial music,https://en.wikipedia.org/wiki/Spatial_music
http://www.wikidata.org/entity/Q48996475,Romanza,Romanza (Sephardic music),https://en.wikipedia.org/wiki/Romanza_(Sephardic_music)
http://www.wikidata.org/entity/Q53806314,éntekhno,Éntekhno,https://en.wikipedia.org/wiki/%C3%89ntekhno
http://www.wikidata.org/entity/Q1540495,puirt à beul,Puirt à beul,https://en.wikipedia.org/wiki/Puirt_%C3%A0_beul
http://www.wikidata.org/entity/Q1541229,American folk music,American folk music,https://en.wikipedia.org/wiki/American_folk_music
http://www.wikidata.org/entity/Q53724923,Patua Sangeet,Patua Sangeet,https://en.wikipedia.org/wiki/Patua_Sangeet
http://www.wikidata.org/entity/Q48999297,Rage aria,Rage aria,https://en.wikipedia.org/wiki/Rage_aria
http://www.wikidata.org/entity/Q49001554,Tamang Selo,Tamang Selo,https://en.wikipedia.org/wiki/Tamang_Selo
http://www.wikidata.org/entity/Q1544863,music of Cuba,Music of Cuba,https://en.wikipedia.org/wiki/Music_of_Cuba
http://www.wikidata.org/entity/Q51446080,Chinese traditional music,Chinese traditional music,https://en.wikipedia.org/wiki/Chinese_traditional_music
http://www.wikidata.org/entity/Q55104351,Indian hip hop,Indian hip-hop,https://en.wikipedia.org/wiki/Indian_hip-hop
http://www.wikidata.org/entity/Q55119881,Japanese flamenco,Flamenco in Japan,https://en.wikipedia.org/wiki/Flamenco_in_Japan
http://www.wikidata.org/entity/Q55296418,occult rock,Occult rock,https://en.wikipedia.org/wiki/Occult_rock
http://www.wikidata.org/entity/Q55593233,biraha,Biraha,https://en.wikipedia.org/wiki/Biraha
http://www.wikidata.org/entity/Q55604305,Asian American hip hop,Asian American hip-hop,https://en.wikipedia.org/wiki/Asian_American_hip-hop
http://www.wikidata.org/entity/Q55605210,beni,Beni (music),https://en.wikipedia.org/wiki/Beni_(music)
http://www.wikidata.org/entity/Q55608567,cringe pop,Cringe pop,https://en.wikipedia.org/wiki/Cringe_pop
http://www.wikidata.org/entity/Q55608822,Dadakuada,Dadakuada,https://en.wikipedia.org/wiki/Dadakuada
http://www.wikidata.org/entity/Q55612592,Gh hip hop,Gh hip-hop,https://en.wikipedia.org/wiki/Gh_hip-hop
http://www.wikidata.org/entity/Q55613761,Montenegrin hip hop,Hip hop in Montenegro,https://en.wikipedia.org/wiki/Hip_hop_in_Montenegro
http://www.wikidata.org/entity/Q55614428,indigenous metal music,Indigenous metal music,https://en.wikipedia.org/wiki/Indigenous_metal_music
http://www.wikidata.org/entity/Q54329757,Latin trap,Latin trap,https://en.wikipedia.org/wiki/Latin_trap
http://www.wikidata.org/entity/Q55622691,megamusical,Megamusical,https://en.wikipedia.org/wiki/Megamusical
http://www.wikidata.org/entity/Q55633758,Sri Lankan hip hop,Sri Lankan hip-hop,https://en.wikipedia.org/wiki/Sri_Lankan_hip-hop
http://www.wikidata.org/entity/Q54891495,Lithuanian folk music,Lithuanian folk music,https://en.wikipedia.org/wiki/Lithuanian_folk_music
http://www.wikidata.org/entity/Q55641646,Russ music,Russ music,https://en.wikipedia.org/wiki/Russ_music
http://www.wikidata.org/entity/Q55641735,shamstep,Shamstep,https://en.wikipedia.org/wiki/Shamstep
http://www.wikidata.org/entity/Q1370720,humoresque,Humoresque,https://en.wikipedia.org/wiki/Humoresque
http://www.wikidata.org/entity/Q1362878,Neue Deutsche Todeskunst,Neue Deutsche Todeskunst,https://en.wikipedia.org/wiki/Neue_Deutsche_Todeskunst
http://www.wikidata.org/entity/Q1365482,New Simplicity,New Simplicity,https://en.wikipedia.org/wiki/New_Simplicity
http://www.wikidata.org/entity/Q1368139,Esperanto music,Esperanto music,https://en.wikipedia.org/wiki/Esperanto_music
http://www.wikidata.org/entity/Q1369726,estampie,Estampie,https://en.wikipedia.org/wiki/Estampie
http://www.wikidata.org/entity/Q11223087,Persian traditional music,Persian traditional music,https://en.wikipedia.org/wiki/Persian_traditional_music
http://www.wikidata.org/entity/Q11180043,Guci,Guci,https://en.wikipedia.org/wiki/Guci
http://www.wikidata.org/entity/Q5202988,cải lương,Cải lương,https://en.wikipedia.org/wiki/C%E1%BA%A3i_l%C6%B0%C6%A1ng
http://www.wikidata.org/entity/Q10978770,Jewish religious music,Religious Jewish music,https://en.wikipedia.org/wiki/Religious_Jewish_music
http://www.wikidata.org/entity/Q11185609,Gambang kromong,Gambang kromong,https://en.wikipedia.org/wiki/Gambang_kromong
http://www.wikidata.org/entity/Q10874829,zhongguo feng,Zhongguo feng (music),https://en.wikipedia.org/wiki/Zhongguo_feng_(music)
http://www.wikidata.org/entity/Q11162353,jiuta,Jiuta,https://en.wikipedia.org/wiki/Jiuta
http://www.wikidata.org/entity/Q5215959,dangak,Dangak,https://en.wikipedia.org/wiki/Dangak
http://www.wikidata.org/entity/Q5216036,danger music,Danger music,https://en.wikipedia.org/wiki/Danger_music
http://www.wikidata.org/entity/Q5221793,dappankuthu,Dappankuthu,https://en.wikipedia.org/wiki/Dappankuthu
http://www.wikidata.org/entity/Q5208151,Daechwita,Daechwita,https://en.wikipedia.org/wiki/Daechwita
http://www.wikidata.org/entity/Q5219842,Danish jazz,Danish jazz,https://en.wikipedia.org/wiki/Danish_jazz
http://www.wikidata.org/entity/Q5219868,Danish folk music,Danish traditional music,https://en.wikipedia.org/wiki/Danish_traditional_music
http://www.wikidata.org/entity/Q5219995,Danmono,Danmono,https://en.wikipedia.org/wiki/Danmono
http://www.wikidata.org/entity/Q11058823,music of Martinique,Music of Martinique,https://en.wikipedia.org/wiki/Music_of_Martinique
http://www.wikidata.org/entity/Q2526653,mainstream rock,Mainstream rock,https://en.wikipedia.org/wiki/Mainstream_rock
http://www.wikidata.org/entity/Q2529400,urban contemporary,Urban contemporary music,https://en.wikipedia.org/wiki/Urban_contemporary_music
http://www.wikidata.org/entity/Q2532274,Volkstümliche Musik,Volkstümliche Musik,https://en.wikipedia.org/wiki/Volkst%C3%BCmliche_Musik
http://www.wikidata.org/entity/Q2532560,djent,Djent,https://en.wikipedia.org/wiki/Djent
http://www.wikidata.org/entity/Q2534837,votive mass,Votive Mass,https://en.wikipedia.org/wiki/Votive_Mass
http://www.wikidata.org/entity/Q2324411,geek rock,Geek rock,https://en.wikipedia.org/wiki/Geek_rock
http://www.wikidata.org/entity/Q2329445,Stambeli,Stambali,https://en.wikipedia.org/wiki/Stambali
http://www.wikidata.org/entity/Q2332751,avant-garde music,Avant-garde music,https://en.wikipedia.org/wiki/Avant-garde_music
http://www.wikidata.org/entity/Q2336819,operatic pop,Operatic pop,https://en.wikipedia.org/wiki/Operatic_pop
http://www.wikidata.org/entity/Q2340395,indigenous Australian music,Indigenous music of Australia,https://en.wikipedia.org/wiki/Indigenous_music_of_Australia
http://www.wikidata.org/entity/Q2342263,space music,Space music,https://en.wikipedia.org/wiki/Space_music
http://www.wikidata.org/entity/Q2343562,coldwave,Cold wave (music),https://en.wikipedia.org/wiki/Cold_wave_(music)
http://www.wikidata.org/entity/Q2344472,taqwacore,Taqwacore,https://en.wikipedia.org/wiki/Taqwacore
http://www.wikidata.org/entity/Q2337447,meditation music,Meditation music,https://en.wikipedia.org/wiki/Meditation_music
http://www.wikidata.org/entity/Q2338544,cante jondo,Cante jondo,https://en.wikipedia.org/wiki/Cante_jondo
http://www.wikidata.org/entity/Q29425426,holehole bushi,Holehole bushi,https://en.wikipedia.org/wiki/Holehole_bushi
http://www.wikidata.org/entity/Q30632442,agbadza,Agbadza,https://en.wikipedia.org/wiki/Agbadza
http://www.wikidata.org/entity/Q30324607,Ethiopian chant,Ethiopian chant,https://en.wikipedia.org/wiki/Ethiopian_chant
http://www.wikidata.org/entity/Q30638997,mumble rap,Mumble rap,https://en.wikipedia.org/wiki/Mumble_rap
http://www.wikidata.org/entity/Q30587620,rake-and-scrape,Rake-and-scrape,https://en.wikipedia.org/wiki/Rake-and-scrape
http://www.wikidata.org/entity/Q30587784,progressive metalcore,Progressive metalcore,https://en.wikipedia.org/wiki/Progressive_metalcore
http://www.wikidata.org/entity/Q30593639,avant-funk,Avant-funk,https://en.wikipedia.org/wiki/Avant-funk
http://www.wikidata.org/entity/Q30594541,hardvapour,Hardvapour,https://en.wikipedia.org/wiki/Hardvapour
http://www.wikidata.org/entity/Q29480448,industrial techno,Industrial techno,https://en.wikipedia.org/wiki/Industrial_techno
http://www.wikidata.org/entity/Q29973057,gqom,Gqom,https://en.wikipedia.org/wiki/Gqom
http://www.wikidata.org/entity/Q48723594,Vedic chant,Vedic chant,https://en.wikipedia.org/wiki/Vedic_chant
http://www.wikidata.org/entity/Q48971892,dungeon synth,Dungeon synth,https://en.wikipedia.org/wiki/Dungeon_synth
http://www.wikidata.org/entity/Q48767281,Irish hip hop,Irish hip-hop,https://en.wikipedia.org/wiki/Irish_hip-hop
http://www.wikidata.org/entity/Q48770362,Chilean electronic music,Chilean electronic music,https://en.wikipedia.org/wiki/Chilean_electronic_music
http://www.wikidata.org/entity/Q48770364,emo revival,Emo revival,https://en.wikipedia.org/wiki/Emo_revival
http://www.wikidata.org/entity/Q48297861,Welsh folk music,Welsh folk music,https://en.wikipedia.org/wiki/Welsh_folk_music
http://www.wikidata.org/entity/Q48783348,Borankana,Borankana,https://en.wikipedia.org/wiki/Borankana
http://www.wikidata.org/entity/Q48783464,Tsutsube,Tsutsube,https://en.wikipedia.org/wiki/Tsutsube
http://www.wikidata.org/entity/Q48792190,Britpop revival,Britpop revival,https://en.wikipedia.org/wiki/Britpop_revival
http://www.wikidata.org/entity/Q48834745,orchestral pop,Orchestral pop,https://en.wikipedia.org/wiki/Orchestral_pop
http://www.wikidata.org/entity/Q48810672,English Pastoral School,English Pastoral School,https://en.wikipedia.org/wiki/English_Pastoral_School
http://www.wikidata.org/entity/Q2249365,kawina,Kawina (music),https://en.wikipedia.org/wiki/Kawina_(music)
http://www.wikidata.org/entity/Q2256407,hip-hop soul,Hip-hop soul,https://en.wikipedia.org/wiki/Hip-hop_soul
http://www.wikidata.org/entity/Q2258450,Spanish hip-hop,Spanish hip hop,https://en.wikipedia.org/wiki/Spanish_hip_hop
http://www.wikidata.org/entity/Q2259405,Fescennine Verses,Fescennine Verses,https://en.wikipedia.org/wiki/Fescennine_Verses
http://www.wikidata.org/entity/Q2260696,progressive trance,Progressive trance,https://en.wikipedia.org/wiki/Progressive_trance
http://www.wikidata.org/entity/Q2265295,coon song,Coon song,https://en.wikipedia.org/wiki/Coon_song
http://www.wikidata.org/entity/Q2265866,brutal death metal,Brutal death metal,https://en.wikipedia.org/wiki/Brutal_death_metal
http://www.wikidata.org/entity/Q2266376,boogie rock,Boogie rock,https://en.wikipedia.org/wiki/Boogie_rock
http://www.wikidata.org/entity/Q2267754,Northwest hip hop,Northwestern hip-hop,https://en.wikipedia.org/wiki/Northwestern_hip-hop
http://www.wikidata.org/entity/Q2267955,music of the United States,Music of the United States,https://en.wikipedia.org/wiki/Music_of_the_United_States
http://www.wikidata.org/entity/Q2261628,chopped and screwed,Chopped and screwed,https://en.wikipedia.org/wiki/Chopped_and_screwed
http://www.wikidata.org/entity/Q28746819,bedroom pop,Bedroom pop,https://en.wikipedia.org/wiki/Bedroom_pop
http://www.wikidata.org/entity/Q28923934,Konkani liturgical music,Konkani liturgical music,https://en.wikipedia.org/wiki/Konkani_liturgical_music
http://www.wikidata.org/entity/Q29025044,psychedelic funk,Psychedelic funk,https://en.wikipedia.org/wiki/Psychedelic_funk
http://www.wikidata.org/entity/Q28949059,depressive black metal,Depressive suicidal black metal,https://en.wikipedia.org/wiki/Depressive_suicidal_black_metal
http://www.wikidata.org/entity/Q1425661,folk punk,Folk punk,https://en.wikipedia.org/wiki/Folk_punk
http://www.wikidata.org/entity/Q1426909,flamenco jazz,Flamenco jazz,https://en.wikipedia.org/wiki/Flamenco_jazz
http://www.wikidata.org/entity/Q1427690,daina,Daina (Latvia),https://en.wikipedia.org/wiki/Daina_(Latvia)
http://www.wikidata.org/entity/Q1931555,microhouse,Microhouse,https://en.wikipedia.org/wiki/Microhouse
http://www.wikidata.org/entity/Q1936659,Nederpop,Nederpop,https://en.wikipedia.org/wiki/Nederpop
http://www.wikidata.org/entity/Q1939197,türkü,Türkü,https://en.wikipedia.org/wiki/T%C3%BCrk%C3%BC
http://www.wikidata.org/entity/Q1930107,kroncong,Kroncong,https://en.wikipedia.org/wiki/Kroncong
http://www.wikidata.org/entity/Q1931130,funk carioca,Funk carioca,https://en.wikipedia.org/wiki/Funk_carioca
http://www.wikidata.org/entity/Q1899347,post-punk revival,Post-punk revival,https://en.wikipedia.org/wiki/Post-punk_revival
http://www.wikidata.org/entity/Q1889001,organ symphony,Organ symphony,https://en.wikipedia.org/wiki/Organ_symphony
http://www.wikidata.org/entity/Q1890098,new beat,New beat,https://en.wikipedia.org/wiki/New_beat
http://www.wikidata.org/entity/Q1891685,Russian chanson,Russian chanson,https://en.wikipedia.org/wiki/Russian_chanson
http://www.wikidata.org/entity/Q1892019,Māori music,Māori music,https://en.wikipedia.org/wiki/M%C4%81ori_music
http://www.wikidata.org/entity/Q2132478,music of Thrace,Music of Thrace,https://en.wikipedia.org/wiki/Music_of_Thrace
http://www.wikidata.org/entity/Q2111784,production music,Production music,https://en.wikipedia.org/wiki/Production_music
http://www.wikidata.org/entity/Q2121992,drumfunk,Drumfunk,https://en.wikipedia.org/wiki/Drumfunk
http://www.wikidata.org/entity/Q2118402,German punk,German punk,https://en.wikipedia.org/wiki/German_punk
http://www.wikidata.org/entity/Q2104067,jazz pop,Jazz pop,https://en.wikipedia.org/wiki/Jazz_pop
http://www.wikidata.org/entity/Q2109360,Danza,Danza,https://en.wikipedia.org/wiki/Danza
http://www.wikidata.org/entity/Q2137519,Australian reggae,Australian reggae,https://en.wikipedia.org/wiki/Australian_reggae
http://www.wikidata.org/entity/Q2105776,Posse mit Gesang,Posse mit Gesang,https://en.wikipedia.org/wiki/Posse_mit_Gesang
http://www.wikidata.org/entity/Q2138543,doina,Doina,https://en.wikipedia.org/wiki/Doina
http://www.wikidata.org/entity/Q2500734,meykhana,Meykhana,https://en.wikipedia.org/wiki/Meykhana
http://www.wikidata.org/entity/Q2503249,music of Latvia,Music of Latvia,https://en.wikipedia.org/wiki/Music_of_Latvia
http://www.wikidata.org/entity/Q2497323,suomisaundi,Suomisaundi,https://en.wikipedia.org/wiki/Suomisaundi
http://www.wikidata.org/entity/Q2498201,music of Russia,Music of Russia,https://en.wikipedia.org/wiki/Music_of_Russia
http://www.wikidata.org/entity/Q2494949,Gato,Gato (artform),https://en.wikipedia.org/wiki/Gato_(artform)
http://www.wikidata.org/entity/Q60742458,Ute music,Ute music,https://en.wikipedia.org/wiki/Ute_music
http://www.wikidata.org/entity/Q60742809,cinematic soul,Cinematic soul,https://en.wikipedia.org/wiki/Cinematic_soul
http://www.wikidata.org/entity/Q60743281,Korean indie,Korean indie,https://en.wikipedia.org/wiki/Korean_indie
http://www.wikidata.org/entity/Q60743608,Mahāgīta,Mahāgīta,https://en.wikipedia.org/wiki/Mah%C4%81g%C4%ABta
http://www.wikidata.org/entity/Q60745864,Cambodian rock,Cambodian rock (1960s–1970s),https://en.wikipedia.org/wiki/Cambodian_rock_(1960s%E2%80%931970s)
http://www.wikidata.org/entity/Q60973191,darksynth,Darksynth,https://en.wikipedia.org/wiki/Darksynth
http://www.wikidata.org/entity/Q60462608,biker metal,Biker metal,https://en.wikipedia.org/wiki/Biker_metal
http://www.wikidata.org/entity/Q60463676,dolewave,Dolewave,https://en.wikipedia.org/wiki/Dolewave
http://www.wikidata.org/entity/Q56342556,classical crossover,Classical crossover,https://en.wikipedia.org/wiki/Classical_crossover
http://www.wikidata.org/entity/Q60792489,Galician chant,Galician chant,https://en.wikipedia.org/wiki/Galician_chant
http://www.wikidata.org/entity/Q56364937,Achaemenid music,Achaemenid music,https://en.wikipedia.org/wiki/Achaemenid_music
http://www.wikidata.org/entity/Q60914635,Hacha'a,Hacha'a,https://en.wikipedia.org/wiki/Hacha%27a
http://www.wikidata.org/entity/Q60722009,Kasékò,Kasékò,https://en.wikipedia.org/wiki/Kas%C3%A9k%C3%B2
http://www.wikidata.org/entity/Q56276781,powwow-step,Powwow-step,https://en.wikipedia.org/wiki/Powwow-step
http://www.wikidata.org/entity/Q55642856,adhunik geet,Adhunik Geet,https://en.wikipedia.org/wiki/Adhunik_Geet
http://www.wikidata.org/entity/Q55644985,trap metal,Trap metal,https://en.wikipedia.org/wiki/Trap_metal
http://www.wikidata.org/entity/Q60729751,soulful house,Soulful house,https://en.wikipedia.org/wiki/Soulful_house
http://www.wikidata.org/entity/Q55648025,Korean ballad,Korean ballad,https://en.wikipedia.org/wiki/Korean_ballad
http://www.wikidata.org/entity/Q2089987,twelve-bar blues,Twelve-bar blues,https://en.wikipedia.org/wiki/Twelve-bar_blues
http://www.wikidata.org/entity/Q1417976,music of Finland,Music of Finland,https://en.wikipedia.org/wiki/Music_of_Finland
http://www.wikidata.org/entity/Q1418683,kayōkyoku,Kayōkyoku,https://en.wikipedia.org/wiki/Kay%C5%8Dkyoku
http://www.wikidata.org/entity/Q1420722,partido alto,Partido alto,https://en.wikipedia.org/wiki/Partido_alto
http://www.wikidata.org/entity/Q1423598,mapalé,Mapalé,https://en.wikipedia.org/wiki/Mapal%C3%A9
http://www.wikidata.org/entity/Q1425111,western music,Western music (North America),https://en.wikipedia.org/wiki/Western_music_(North_America)
http://www.wikidata.org/entity/Q1781796,sega,Sega (genre),https://en.wikipedia.org/wiki/Sega_(genre)
http://www.wikidata.org/entity/Q2448147,trailer music,Trailer music,https://en.wikipedia.org/wiki/Trailer_music
http://www.wikidata.org/entity/Q2461933,sunshine pop,Sunshine pop,https://en.wikipedia.org/wiki/Sunshine_pop
http://www.wikidata.org/entity/Q2447797,Cape Breton fiddling,Cape Breton fiddling,https://en.wikipedia.org/wiki/Cape_Breton_fiddling
http://www.wikidata.org/entity/Q2449418,music of Denmark,Music of Denmark,https://en.wikipedia.org/wiki/Music_of_Denmark
http://www.wikidata.org/entity/Q2456019,Japanoise,Japanoise,https://en.wikipedia.org/wiki/Japanoise
http://www.wikidata.org/entity/Q2370159,Ukrainian rock,Rock music in Ukraine,https://en.wikipedia.org/wiki/Rock_music_in_Ukraine
http://www.wikidata.org/entity/Q2374619,UK hardcore,UK hardcore,https://en.wikipedia.org/wiki/UK_hardcore
http://www.wikidata.org/entity/Q2378916,music of Corsica,Music of Corsica,https://en.wikipedia.org/wiki/Music_of_Corsica
http://www.wikidata.org/entity/Q2379556,Armenian chant,Armenian chant,https://en.wikipedia.org/wiki/Armenian_chant
http://www.wikidata.org/entity/Q2363645,music of Serbia,Music of Serbia,https://en.wikipedia.org/wiki/Music_of_Serbia
http://www.wikidata.org/entity/Q2381945,music of Slovakia,Music of Slovakia,https://en.wikipedia.org/wiki/Music_of_Slovakia
http://www.wikidata.org/entity/Q2369761,salon music,Salon music,https://en.wikipedia.org/wiki/Salon_music
http://www.wikidata.org/entity/Q2069651,Kolomyjka,Kolomyika,https://en.wikipedia.org/wiki/Kolomyika
http://www.wikidata.org/entity/Q2070102,Azerbaijani jazz,Azerbaijani jazz,https://en.wikipedia.org/wiki/Azerbaijani_jazz
http://www.wikidata.org/entity/Q2082510,music of Switzerland,Music of Switzerland,https://en.wikipedia.org/wiki/Music_of_Switzerland
http://www.wikidata.org/entity/Q2076779,bubblegum dance,Bubblegum dance,https://en.wikipedia.org/wiki/Bubblegum_dance
http://www.wikidata.org/entity/Q2082572,liquid drum and bass,Liquid drum and bass,https://en.wikipedia.org/wiki/Liquid_drum_and_bass
http://www.wikidata.org/entity/Q2078706,music of Luxembourg,Music of Luxembourg,https://en.wikipedia.org/wiki/Music_of_Luxembourg
http://www.wikidata.org/entity/Q2346484,music of Morocco,Music of Morocco,https://en.wikipedia.org/wiki/Music_of_Morocco
http://www.wikidata.org/entity/Q2346991,UK bass,UK bass,https://en.wikipedia.org/wiki/UK_bass
http://www.wikidata.org/entity/Q2347119,music of Belarus,Music of Belarus,https://en.wikipedia.org/wiki/Music_of_Belarus
http://www.wikidata.org/entity/Q2362669,kwassa kwassa,Kwassa kwassa,https://en.wikipedia.org/wiki/Kwassa_kwassa
http://www.wikidata.org/entity/Q2353203,straight-ahead jazz,Straight-ahead jazz,https://en.wikipedia.org/wiki/Straight-ahead_jazz
http://www.wikidata.org/entity/Q2360319,kujawiak,Kujawiak,https://en.wikipedia.org/wiki/Kujawiak
http://www.wikidata.org/entity/Q39046042,menzuma,Menzuma,https://en.wikipedia.org/wiki/Menzuma
http://www.wikidata.org/entity/Q39046859,harsh noise wall,Harsh noise wall,https://en.wikipedia.org/wiki/Harsh_noise_wall
http://www.wikidata.org/entity/Q39052425,Midwest emo,Midwest emo,https://en.wikipedia.org/wiki/Midwest_emo
http://www.wikidata.org/entity/Q31836693,jungle terror,Jungle terror,https://en.wikipedia.org/wiki/Jungle_terror
http://www.wikidata.org/entity/Q30639642,Maithili music,Maithili music,https://en.wikipedia.org/wiki/Maithili_music
http://www.wikidata.org/entity/Q31358818,Cool Cymru,Cool Cymru,https://en.wikipedia.org/wiki/Cool_Cymru
http://www.wikidata.org/entity/Q37681995,Sangita,Sangita,https://en.wikipedia.org/wiki/Sangita
http://www.wikidata.org/entity/Q33246019,big-beat (Eastern bloc),Big-beat (Eastern Bloc),https://en.wikipedia.org/wiki/Big-beat_(Eastern_Bloc)
http://www.wikidata.org/entity/Q31174954,koplo,Koplo,https://en.wikipedia.org/wiki/Koplo
http://www.wikidata.org/entity/Q30688859,Cachi Cachi music,Cachi Cachi music,https://en.wikipedia.org/wiki/Cachi_Cachi_music
http://www.wikidata.org/entity/Q30895273,Sovietwave,Sovietwave,https://en.wikipedia.org/wiki/Sovietwave
http://www.wikidata.org/entity/Q30692559,Weird Soundcloud,Weird SoundCloud,https://en.wikipedia.org/wiki/Weird_SoundCloud
http://www.wikidata.org/entity/Q33160145,ambient pop,Ambient pop,https://en.wikipedia.org/wiki/Ambient_pop
http://www.wikidata.org/entity/Q30917612,Eurohouse,Eurohouse,https://en.wikipedia.org/wiki/Eurohouse
http://www.wikidata.org/entity/Q2519962,youth crew,Youth crew,https://en.wikipedia.org/wiki/Youth_crew
http://www.wikidata.org/entity/Q2525544,Celtic metal,Celtic metal,https://en.wikipedia.org/wiki/Celtic_metal
http://www.wikidata.org/entity/Q2509521,Peruvian waltz,Peruvian waltz,https://en.wikipedia.org/wiki/Peruvian_waltz
http://www.wikidata.org/entity/Q2516031,sawt,Sawt (music),https://en.wikipedia.org/wiki/Sawt_(music)
http://www.wikidata.org/entity/Q2517263,Midwest hip-hop,Midwestern hip-hop,https://en.wikipedia.org/wiki/Midwestern_hip-hop
http://www.wikidata.org/entity/Q2521569,soul blues,Soul blues,https://en.wikipedia.org/wiki/Soul_blues
http://www.wikidata.org/entity/Q2140842,Venetian polychoral style,Venetian polychoral style,https://en.wikipedia.org/wiki/Venetian_polychoral_style
http://www.wikidata.org/entity/Q2142754,choral symphony,Choral symphony,https://en.wikipedia.org/wiki/Choral_symphony
http://www.wikidata.org/entity/Q2164565,holy minimalism,Holy minimalism,https://en.wikipedia.org/wiki/Holy_minimalism
http://www.wikidata.org/entity/Q2138639,Levenslied,Levenslied,https://en.wikipedia.org/wiki/Levenslied
http://www.wikidata.org/entity/Q2165184,drinking song,Drinking song,https://en.wikipedia.org/wiki/Drinking_song
http://www.wikidata.org/entity/Q2084353,electronicore,Electronicore,https://en.wikipedia.org/wiki/Electronicore
http://www.wikidata.org/entity/Q2087267,laïko,Laïko,https://en.wikipedia.org/wiki/La%C3%AFko
http://www.wikidata.org/entity/Q2089511,death-doom,Death-doom,https://en.wikipedia.org/wiki/Death-doom
http://www.wikidata.org/entity/Q2624785,Russian rock,Rock music in Russia,https://en.wikipedia.org/wiki/Rock_music_in_Russia
http://www.wikidata.org/entity/Q2626684,chillwave,Chillwave,https://en.wikipedia.org/wiki/Chillwave
http://www.wikidata.org/entity/Q2631396,Brazilian rock,Brazilian rock,https://en.wikipedia.org/wiki/Brazilian_rock
http://www.wikidata.org/entity/Q2572585,pop rap,Pop rap,https://en.wikipedia.org/wiki/Pop_rap
http://www.wikidata.org/entity/Q2574657,part song,Part song,https://en.wikipedia.org/wiki/Part_song
http://www.wikidata.org/entity/Q2566660,British rock,British rock music,https://en.wikipedia.org/wiki/British_rock_music
http://www.wikidata.org/entity/Q2568406,postmodern music,Postmodern music,https://en.wikipedia.org/wiki/Postmodern_music
http://www.wikidata.org/entity/Q1373485,underground music,Underground music,https://en.wikipedia.org/wiki/Underground_music
http://www.wikidata.org/entity/Q1374731,Eurodisco,Eurodisco,https://en.wikipedia.org/wiki/Eurodisco
http://www.wikidata.org/entity/Q1371364,ethno jazz,Ethno jazz,https://en.wikipedia.org/wiki/Ethno_jazz
http://www.wikidata.org/entity/Q2389651,children's music,Children's music,https://en.wikipedia.org/wiki/Children%27s_music
http://www.wikidata.org/entity/Q2391393,Armenian rock,Armenian rock,https://en.wikipedia.org/wiki/Armenian_rock
http://www.wikidata.org/entity/Q2404568,freak folk,Freak folk,https://en.wikipedia.org/wiki/Freak_folk
http://www.wikidata.org/entity/Q2396005,Iavnana,Iavnana,https://en.wikipedia.org/wiki/Iavnana
http://www.wikidata.org/entity/Q2396639,Florida breaks,Florida breaks,https://en.wikipedia.org/wiki/Florida_breaks
http://www.wikidata.org/entity/Q2385862,progressive psytrance,Progressive psytrance,https://en.wikipedia.org/wiki/Progressive_psytrance
http://www.wikidata.org/entity/Q2406633,broken beat,Broken beat,https://en.wikipedia.org/wiki/Broken_beat
http://www.wikidata.org/entity/Q2406900,twoubadou,Twoubadou,https://en.wikipedia.org/wiki/Twoubadou
http://www.wikidata.org/entity/Q2407589,Australian country music,Australian country music,https://en.wikipedia.org/wiki/Australian_country_music
http://www.wikidata.org/entity/Q2404891,music of Acadia,Acadian music,https://en.wikipedia.org/wiki/Acadian_music
http://www.wikidata.org/entity/Q2407862,Americana,Americana music,https://en.wikipedia.org/wiki/Americana_music
http://www.wikidata.org/entity/Q2000173,Gnawa music,Gnawa music,https://en.wikipedia.org/wiki/Gnawa_music
http://www.wikidata.org/entity/Q2000397,music of Moldova,Music of Moldova,https://en.wikipedia.org/wiki/Music_of_Moldova
http://www.wikidata.org/entity/Q1991450,New York blues,New York blues,https://en.wikipedia.org/wiki/New_York_blues
http://www.wikidata.org/entity/Q1995569,thrashcore,Thrashcore,https://en.wikipedia.org/wiki/Thrashcore
http://www.wikidata.org/entity/Q1995980,new rave,New rave,https://en.wikipedia.org/wiki/New_rave
http://www.wikidata.org/entity/Q24204889,Palo music,Palo music,https://en.wikipedia.org/wiki/Palo_music
http://www.wikidata.org/entity/Q24910123,Jewish rock,Jewish rock,https://en.wikipedia.org/wiki/Jewish_rock
http://www.wikidata.org/entity/Q23808076,Serbian pop,Serbian pop,https://en.wikipedia.org/wiki/Serbian_pop
http://www.wikidata.org/entity/Q23808313,temperance song,Temperance songs,https://en.wikipedia.org/wiki/Temperance_songs
http://www.wikidata.org/entity/Q24061928,St. Louis Bounce,St. Louis Bounce,https://en.wikipedia.org/wiki/St._Louis_Bounce
http://www.wikidata.org/entity/Q23925185,pilón,Pilón,https://en.wikipedia.org/wiki/Pil%C3%B3n
http://www.wikidata.org/entity/Q24943969,Jewish hip hop,Jewish hip-hop,https://en.wikipedia.org/wiki/Jewish_hip-hop
http://www.wikidata.org/entity/Q24077837,psydub,Psydub,https://en.wikipedia.org/wiki/Psydub
http://www.wikidata.org/entity/Q24887126,post-progressive,Post-progressive,https://en.wikipedia.org/wiki/Post-progressive
http://www.wikidata.org/entity/Q2273147,villanella,Villanella,https://en.wikipedia.org/wiki/Villanella
http://www.wikidata.org/entity/Q2268922,cowpunk,Cowpunk,https://en.wikipedia.org/wiki/Cowpunk
http://www.wikidata.org/entity/Q2271589,Sephardic music,Sephardic music,https://en.wikipedia.org/wiki/Sephardic_music
http://www.wikidata.org/entity/Q2278063,bomba,Bomba (Puerto Rico),https://en.wikipedia.org/wiki/Bomba_(Puerto_Rico)
http://www.wikidata.org/entity/Q2278881,shima-uta,Shima-uta,https://en.wikipedia.org/wiki/Shima-uta
http://www.wikidata.org/entity/Q2280273,mod revival,Mod revival,https://en.wikipedia.org/wiki/Mod_revival
http://www.wikidata.org/entity/Q63064412,Međimurska popevka,Međimurska popevka,https://en.wikipedia.org/wiki/Me%C4%91imurska_popevka
http://www.wikidata.org/entity/Q2579987,music of Portugal,Music of Portugal,https://en.wikipedia.org/wiki/Music_of_Portugal
http://www.wikidata.org/entity/Q2580279,Nagoya kei,Nagoya kei,https://en.wikipedia.org/wiki/Nagoya_kei
http://www.wikidata.org/entity/Q2583965,duma,Duma (epic),https://en.wikipedia.org/wiki/Duma_(epic)
http://www.wikidata.org/entity/Q2587471,music of Belgium,Music of Belgium,https://en.wikipedia.org/wiki/Music_of_Belgium
http://www.wikidata.org/entity/Q2596399,illustrated song,Illustrated song,https://en.wikipedia.org/wiki/Illustrated_song
