artist,artistLabel
Q135996479,
Q138667052,
Q139420555,
Q139461195,
Q6473310,
Q29358888,
Q4226350,
Q11596789,
Q16264461,
Q138514785,
Q19853830,
Q20597134,
Q138702067,
Q140085073,
Q139422631,
Q12625769,
Q4439447,
Q11681732,
Q12113611,
Q51668354,
Q134087152,
Q139423505,
Q107011573,
Q30972496,
Q105636891,
Q139423839,
Q25460588,
Q65298999,
Q139429887,
Q135719204,
Q139482536,
Q105705976,
Q135112289,
Q13021290,
Q139007716,
Q109414467,
Q139439859,
Q107710599,
Q135528223,
Q29530374,
Q79404596,
Q133962655,
Q136311517,
Q139446035,
Q70252519,
Q9456896,
Q16080647,
Q24010923,
Q139453831,
Q138679779,
Q25681012,
Q139476294,
Q124752139,
Q135726772,
Q21575570,
Q18786341,
Q16371283,
Q20533911,
Q15908223,
Q126974141,
Q15070810,
Q17682989,
Q139717965,
Q124755242,
Q112976922,
Q98873119,
Q136992415,
Q16168328,
Q137910183,
Q29359707,
Q112463486,
Q138822272,
Q135706543,
Q12873345,
Q20876882,
Q84551857,
Q139427172,
Q124755182,
Q97221318,
Q139434812,
Q139423504,
Q135732899,
Q135734885,
Q125346520,
Q23960296,
Q48964588,
Q55104414,
Q12124272,
Q12110570,
Q19349368,
Q112193941,
Q139019923,
Q139894011,
Q12151491,
Q105705746,
Q112022173,
Q133612073,
Q23996136,
Q65052920,
Q139443448,
Q133575125,
Q4451711,
Q30971841,
Q55106190,
Q139433176,
Q12154850,
Q17344805,
Q134308213,
Q139442048,
Q12976248,
Q136645751,
Q59678541,
Q124961619,
Q65031618,
Q17159304,
Q133287715,
Q139422358,
Q101242378,
Q9431601,
Q20423129,
Q55107573,
Q12275309,
Q139440009,
Q105776687,
Q12134840,
Q9041930,
Q124129138,
Q121120464,
Q135720577,
Q133599903,
Q104451313,
Q5941491,
Q47668753,
Q86003622,
Q119431995,
Q138337361,
Q105602814,
Q138412663,
Q107556916,
Q122841375,
Q133830669,
Q124389092,
Q15913171,
Q20069620,
Q6833884,
Q12618725,
Q108605275,
Q139448913,
Q136690340,
Q135706576,
Q135678273,
Q12165285,
Q21710211,
Q107460294,
Q124460050,
Q42318714,
Q136680178,
Q137836230,
Q139709703,
Q12625885,
Q117433272,
Q135811097,
Q133889589,
Q11308725,
Q20564382,
Q61115070,
Q131921386,
Q67931929,
Q112929837,
Q138793111,
Q135729969,
Q17044037,
Q136451695,
Q135734914,
Q139208416,
Q12286907,
Q1679611,
Q139432028,
Q107109604,
Q55535826,
Q4111947,
Q4492731,
Q30610447,
Q32751304,
Q111270000,
Q4368859,
Q123466010,
Q12153410,
Q135732892,
Q12610090,
Q131185035,
Q19000029,
Q134503221,
Q85866285,
Q16081736,
Q20562030,
Q4080858,
Q4052754,
Q139436000,
Q24855631,
Q9088827,
Q16720225,
Q138774132,
Q139483527,
Q66732564,
Q47453153,
Q20420930,
Q139468029,
Q135728804,
Q16165540,
Q139497677,
Q139467423,
Q12297031,
Q28409784,
Q48961878,
Q138335853,
Q135736875,
Q117237761,
Q16693972,
Q4269727,
Q112976924,
Q56375155,
Q112023350,
Q127513801,
Q20069445,
Q18277188,
Q135734873,
Q86003660,
Q4528156,
Q19205555,
Q16398068,
Q51885067,
Q111079975,
Q139432660,
Q4241411,
Q138751263,
Q85879708,
Q27951496,
Q115263479,
Q61944400,
Q137484865,
Q139427588,
Q56364934,
Q139426223,
Q139485786,
Q63871482,
Q107109662,
Q110979376,
Q127699793,
Q12605439,
Q16123468,
Q65234759,
Q134308112,
Q100109475,
Q97317370,
Q44056902,
Q16128176,
Q139443851,
Q139478808,
Q112136696,
Q55106367,
Q30961537,
Q139423285,
Q124755760,
Q134446281,
Q136483571,
Q135730332,
Q135719892,
Q13179742,
Q135735055,
Q123348994,
Q16906804,
Q25647094,
Q6571758,
Q109342676,
Q138106149,
Q135424556,
Q67499138,
Q135103464,
Q4494323,
Q10920127,
Q65144287,
Q4219300,
Q135686217,
Q19547822,
Q139569282,
Q139441408,
Q13021181,
Q24000180,
Q138532495,
Q139452528,
Q105706343,
Q124770140,
Q137880700,
Q109337721,
Q113490297,
Q139432858,
Q64729779,
Q139431262,
Q138300267,
Q140031050,
Q16173825,
Q17401279,
Q30005042,
Q48760912,
Q139441452,
Q16592196,
Q54569835,
Q138357156,
Q12246256,
Q16335669,
Q12172223,
Q130451732,
Q12408701,
Q55697567,
Q93115799,
Q116894466,
Q27940507,
Q4194849,
Q124752034,
Q136484060,
Q134384130,
Q48956488,
Q140085155,
Q135789074,
Q97227060,
Q4527139,
Q15924779,
Q123329293,
Q18685091,
Q139430160,
Q48956551,
Q138465317,
Q55980038,
Q139434054,
Q19717535,
Q135726835,
Q135694895,
Q12605693,
Q18397710,
Q139427325,
Q137668695,
Q135704025,
Q138356979,
Q12595338,
Q135728547,
Q27926183,
Q16180642,
Q135012970,
Q137859497,
Q87743897,
Q6607778,
Q138655492,
Q26695963,
Q139462510,
Q138398338,
Q61043466,
Q134274797,
Q60827277,
Q126684518,
Q139441710,
Q12151797,
Q12604000,
Q41468949,
Q61079635,
Q135183936,
Q135731925,
Q40665707,
Q139446153,
Q117202259,
Q12616848,
Q133886766,
Q12600798,
Q133808449,
Q139427184,
Q12154222,
Q20562959,
Q4319631,
Q12157128,
Q22998541,
Q137723190,
Q126362705,
Q135721601,
Q139476749,
Q16085322,
Q124351689,
Q21551497,
Q4098114,
Q15133626,
Q24856500,
Q30948100,
Q107553157,
Q12608938,
Q137641126,
Q110115063,
Q6816901,
Q47002213,
Q120268492,
Q11436192,
Q139484190,
Q140303627,
Q8998998,
Q105941561,
Q116946111,
Q4495490,
Q6577639,
Q25647178,
Q135419616,
Q108732565,
Q135968294,
Q17344818,
Q135734796,
Q30609452,
Q138717181,
Q12123245,
Q12588804,
Q138030324,
Q19854095,
Q19614033,
Q139476668,
Q138782270,
Q60831721,
Q28554005,
Q138258524,
Q98099419,
Q136868534,
Q112021524,
Q137399818,
Q139428915,
Q135735809,
Q16140727,
Q69697047,
Q12206510,
Q137846728,
Q4284899,
Q139432252,
Q138844288,
Q133969402,
Q6873736,
Q139413525,
Q139446243,
Q135728143,
Q112442539,
Q12848568,
Q16121191,
Q6774248,
Q18118157,
Q4141699,
Q65276999,
Q20610685,
Q55104879,
Q138341019,
Q132830728,
Q139461953,
Q139431435,
Q4278492,
Q68167773,
Q135730565,
Q137711654,
Q12577384,
Q139476324,
Q139421825,
Q129947728,
Q13204391,
Q12215913,
Q137849215,
Q133844391,
Q11305344,
Q112021091,
Q137755629,
Q55108472,
Q126683911,
Q55729493,
Q139426780,
Q20437400,
Q20605519,
Q12159936,
Q12293045,
Q5683998,
Q11178826,
Q12573975,
Q135712627,
Q19910011,
Q124454197,
Q135193317,
Q135922808,
Q139485097,
Q126454400,
Q123239766,
Q19813575,
Q13019182,
Q124414072,
Q12109381,
Q135736809,
Q16305437,
Q136343514,
Q139547221,
Q21199499,
Q4184251,
Q20026213,
Q139426110,
Q139440017,
Q16177503,
Q12597336,
Q134241803,
Q106935926,
Q115727437,
Q16141153,
Q139450104,
Q10768896,
Q18707976,
Q116270120,
Q65163014,
Q12083907,
Q97175261,
Q65215198,
Q139482132,
Q19916199,
Q139434128,
Q13142371,
Q112468143,
Q99475723,
Q139033655,
Q135706616,
Q17278335,
Q12756125,
Q16176299,
Q135034708,
Q12168199,
Q114711420,
Q12172577,
Q28700341,
Q139423367,
Q79402164,
Q20628598,
Q16127599,
Q139431046,
Q104817269,
Q135642880,
Q12114015,
Q136337921,
Q15077182,
Q116959884,
Q139419075,
Q20068214,
Q28371823,
Q105704908,
Q23659546,
Q30346138,
Q139447280,
Q25454937,
Q48928088,
Q124755378,
Q134932291,
Q139620784,
Q139432283,
Q12134883,
Q139446521,
Q58824993,
Q136506845,
Q85998610,
Q135706517,
Q117001387,
Q139444920,
Q12846972,
Q4247676,
Q17362672,
Q12206171,
Q9067157,
Q18733339,
Q84745845,
Q12596850,
Q139427776,
Q133880326,
Q65283008,
Q139434230,
Q16087822,
Q106584645,
Q16091020,
Q12616365,
Q139831534,
Q134548284,
Q140329843,
Q18279448,
Q4475286,
Q85975307,
Q134876908,
Q135714166,
Q135693905,
Q135693285,
Q16182288,
Q12085346,
Q16371119,
Q139451795,
Q137040759,
Q139468764,
Q139442237,
Q12608012,
Q15993241,
Q20070877,
Q8918534,
Q44057093,
Q95869739,
Q128799738,
Q12148632,
Q21127188,
Q15146230,
Q9045924,
Q12106387,
Q61972545,
Q25478621,
Q137863857,
Q8976502,
Q31177131,
Q12092890,
Q16707623,
Q139436084,
Q139250906,
Q136683566,
Q139817307,
Q12624325,
Q11412182,
Q138042807,
Q25646960,
Q16654059,
Q133818799,
Q59847415,
Q11558821,
Q117434679,
Q31179100,
Q133877658,
Q27907642,
Q97657584,
Q135719333,
Q4445424,
Q134564267,
Q16433785,
Q97171067,
Q133460300,
Q139440732,
Q139455787,
Q12135567,
Q25587002,
Q139467759,
Q5877722,
Q105705840,
Q20509098,
Q138000618,
Q138474391,
Q15926185,
Q28717456,
Q134707012,
Q6824529,
Q139444012,
Q97222812,
Q28074341,
Q139427268,
Q61972671,
Q16180594,
Q16127678,
Q20606862,
Q110113531,
Q12170556,
Q135728523,
Q27915690,
Q9191160,
Q12240460,
Q12550444,
Q135703892,
Q20688291,
Q19963016,
Q4351474,
Q18280584,
Q138328361,
Q42296439,
Q138634710,
Q138541820,
Q16168084,
Q139433972,
Q44055162,
Q138862398,
Q60198396,
Q16631350,
Q138661465,
Q50408681,
Q52084245,
Q12128724,
Q104635146,
Q12542208,
Q16140293,
Q12141196,
Q135224259,
Q139431773,
Q133832356,
Q139423581,
Q139430126,
Q12278462,
Q20403630,
Q16124752,
Q28923602,
Q12172047,
Q105706572,
Q112022414,
Q130971672,
Q130725345,
Q120266384,
Q12133366,
Q20607958,
Q39040469,
Q65322539,
Q137599721,
Q4281237,
Q12153342,
Q20558086,
Q135734978,
Q16139228,
Q17313604,
Q105705652,
Q134999884,
Q136515592,
Q61101829,
Q4221918,
Q9067756,
Q11562775,
Q10918733,
Q112020894,
Q139441444,
Q17211885,
Q18245734,
Q133822392,
Q139432265,
Q139422928,
Q4450357,
Q137515256,
Q139419582,
Q20047033,
Q81226794,
Q23659083,
Q140355146,
Q12610522,
Q21076600,
Q12576217,
Q12555461,
Q48894733,
Q131828405,
Q12586311,
Q130539143,
Q12227940,
Q12360898,
Q136092165,
Q139479232,
Q139430101,
Q16083966,
Q47489399,
Q135694955,
Q20039673,
Q139420315,
Q111736720,
Q12150622,
Q137039564,
Q92478551,
Q139423033,
Q69635631,
Q20853355,
Q4233588,
Q20604464,
Q9024622,
Q13019246,
Q12117388,
Q135686424,
Q12576047,
Q136386257,
Q12221548,
Q16168832,
Q12910998,
Q20435363,
Q127789287,
Q23658906,
Q16336196,
Q138682898,
Q139423502,
Q117133988,
Q28718135,
Q139422949,
Q15930464,
Q139468995,
Q108110492,
Q12612952,
Q135734963,
Q138599402,
Q73615929,
Q20621930,
Q16217819,
Q26255683,
Q4340721,
Q47489190,
Q11317233,
Q136505052,
Q4467632,
Q12131689,
Q126286147,
Q12172833,
Q42454036,
Q12171500,
Q12626122,
Q138822549,
Q16183074,
Q4392295,
Q30526838,
Q25464617,
Q136547956,
Q20608952,
Q135916141,
Q4429217,
Q9112304,
Q109338677,
Q139463807,
Q47507928,
Q19284059,
Q109337575,
Q139427114,
Q6823062,
Q61108462,
Q131783577,
Q137104900,
Q18246434,
Q20067477,
Q5955757,
Q22774416,
Q16090386,
Q48955973,
Q56368598,
Q137322387,
Q120259861,
Q11773993,
Q134514613,
Q12551784,
Q105704896,
Q137863783,
Q110113470,
Q140068784,
Q120277340,
Q139422850,
Q4143844,
Q139468028,
Q80552897,
Q16118813,
Q139917350,
Q135713830,
Q28790767,
Q123156760,
Q113490370,
Q7049844,
Q4534321,
Q136437362,
Q108442742,
Q20417692,
Q10488737,
Q135100727,
Q15940065,
Q11446749,
Q48954296,
Q11340446,
Q12247666,
Q109337009,
Q124314644,
Q4056968,
Q12611010,
Q139382948,
Q12749303,
Q8266388,
Q12097031,
Q85870684,
Q55108927,
Q16342394,
Q112976945,
Q130570201,
Q12094050,
Q122918109,
Q15982646,
Q108620271,
Q130539396,
Q140042086,
Q4448740,
Q9208231,
Q12619798,
Q134302307,
Q30947013,
Q136029889,
Q3918557,
Q97235483,
Q139425569,
Q12586613,
Q137754416,
Q135734952,
Q51886273,
Q17173635,
Q20586328,
Q20510981,
Q4337308,
Q112022881,
Q139784811,
Q54598148,
Q139446100,
Q18009138,
Q139444678,
Q131807695,
Q139427711,
Q42306613,
Q4161588,
Q134000578,
Q110121244,
Q12614534,
Q135439317,
Q112021540,
Q140320649,
Q6585672,
Q135706947,
Q118696147,
Q6742879,
Q31194770,
Q12589124,
Q20604551,
Q4429226,
Q139419228,
Q139038202,
Q4140811,
Q60578832,
Q79815282,
Q60837824,
Q24856678,
Q1806219,
Q139422817,
Q137757508,
Q12877952,
Q16048761,
Q130741939,
Q48757679,
Q139441714,
Q4134896,
Q60828888,
Q109370454,
Q12614546,
Q4351444,
Q137838144,
Q12974911,
Q30346008,
Q137053472,
Q19547862,
Q139426109,
Q107121436,
Q17043095,
Q136366314,
Q27915594,
Q140306096,
Q124691910,
Q137927305,
Q20611333,
Q134028870,
Q12240857,
Q12149404,
Q112023080,
Q12206146,
Q17371702,
Q135732916,
Q107109175,
Q20412902,
Q139445908,
Q139427453,
Q135706459,
Q114558294,
Q25442162,
Q16327677,
Q56646996,
Q20607763,
Q135583688,
Q110845223,
Q56255872,
Q139435939,
Q10885107,
Q22283653,
Q4296047,
Q16178260,
Q21644180,
Q25707026,
Q12750123,
Q65207513,
Q83680754,
Q97339433,
Q126363901,
Q139603515,
Q4216896,
Q4183695,
Q19794933,
Q31749767,
Q136764638,
Q135712549,
Q139468341,
Q60824960,
Q139431057,
Q109416940,
Q102868754,
Q20608014,
Q135704023,
Q4365913,
Q27949649,
Q139477193,
Q123010948,
Q138827630,
Q104879517,
Q64685366,
Q137753022,
Q138655409,
Q133673795,
Q125493656,
Q139432211,
Q25647098,
Q12153337,
Q15903330,
Q134404040,
Q126889973,
Q65195418,
Q139120402,
Q4154169,
Q4074964,
Q12083026,
Q134394482,
Q139478572,
Q134403576,
Q139468438,
Q135718935,
Q138818234,
Q55344565,
Q112021582,
Q106889942,
Q139425766,
Q135732917,
Q16160364,
Q16111374,
Q112214457,
Q22974480,
Q135508893,
Q25644741,
Q105811712,
Q13020249,
Q85983694,
Q112977007,
Q100269152,
Q11224628,
Q65172986,
Q15902908,
Q16140789,
Q20947055,
Q106612826,
Q12610194,
Q4406694,
Q28700508,
Q139422715,
Q139936141,
Q13023747,
Q139479231,
Q12165488,
Q135728634,
Q135734094,
Q124642389,
Q16118313,
Q111232159,
Q15938531,
Q60987755,
Q116236949,
Q139443266,
Q28736693,
Q16128211,
Q136349227,
Q28665037,
Q55121751,
Q139439978,
Q102530174,
Q55730841,
Q65252798,
Q54861341,
Q64796788,
Q105706744,
Q135961241,
Q138820222,
Q112490039,
Q39385693,
Q135189417,
Q120262975,
Q25593748,
Q13053404,
Q55699905,
Q112023078,
Q140077811,
Q13141791,
Q44055608,
Q139427653,
Q126974150,
Q56026429,
Q55655819,
Q76595354,
Q26205738,
Q139423834,
Q67933311,
Q12182705,
Q4538305,
Q135658925,
Q135728520,
Q97170458,
Q135728724,
Q19205312,
Q13141919,
Q139441442,
Q125545603,
Q139435819,
Q20437663,
Q135706542,
Q15915138,
Q136695608,
Q18243969,
Q23995046,
Q139432661,
Q20437279,
Q140164815,
Q139428022,
Q16373626,
Q12243323,
Q25630541,
Q11813977,
Q16120015,
Q11341784,
Q7033232,
Q139590476,
Q15064405,
Q135729618,
Q20564883,
Q116497692,
Q16716417,
Q55266807,
Q135704394,
Q139427465,
Q28684091,
Q4392364,
Q55107548,
Q15064170,
Q16139662,
Q130377760,
Q28699289,
Q138176200,
Q11138555,
Q115940800,
Q4466832,
Q34616978,
Q24841707,
Q18999095,
Q112842716,
Q113467663,
Q139377630,
Q139443413,
Q139483669,
Q136996083,
Q130288591,
Q136526484,
Q9157603,
Q139444870,
Q139425468,
Q139253323,
Q21142490,
Q4284573,
Q24287319,
Q140225271,
Q137541710,
Q17215258,
Q136513292,
Q21710420,
Q140254472,
Q4409979,
Q131872880,
Q134286242,
Q7944901,
Q137457791,
Q4311365,
Q12612815,
Q123329170,
Q12141845,
Q15925253,
Q139425377,
Q20604405,
Q139436488,
Q9119832,
Q109337994,
Q55102938,
Q139440805,
Q65195120,
Q139423900,
Q35370912,
Q124911336,
Q12554679,
Q136497920,
Q139455753,
Q62098589,
Q16119131,
Q135686487,
Q12252110,
Q15897239,
Q12621027,
Q137584519,
Q138255372,
Q16671872,
Q15688702,
Q20068810,
Q12199125,
Q139433989,
Q106518398,
Q118436015,
Q61972685,
Q59383945,
Q85981117,
Q97663175,
Q133843554,
Q135532023,
Q131338458,
Q31184933,
Q96459373,
Q139899212,
Q139426999,
Q56308355,
Q138840390,
Q12879089,
Q12612438,
Q25493984,
Q138507683,
Q139445830,
Q20401979,
Q67209714,
Q135735082,
Q105706201,
Q135729199,
Q135703818,
Q139433192,
Q136804226,
Q139434705,
Q127605649,
Q11334053,
Q16179953,
Q19916197,
Q20445073,
Q136417950,
Q139426090,
Q16092502,
Q25644730,
Q12584864,
Q12560988,
Q44059768,
Q16129999,
Q136690799,
Q5873962,
Q134484742,
Q10947745,
Q111487107,
Q16131350,
Q76552884,
Q121288149,
Q125178395,
Q18067316,
Q139069618,
Q24717931,
Q4424546,
Q60694928,
Q12529428,
Q110118696,
Q131746251,
Q117323795,
Q28357948,
Q13436306,
Q85998714,
Q135704043,
Q138750758,
Q4453610,
Q135728150,
Q139422750,
Q110113357,
Q65128281,
Q135189249,
Q35028248,
Q20098235,
Q31723421,
Q56347507,
Q113331542,
Q134593761,
Q81980086,
Q139554543,
Q139480103,
Q9080217,
Q85853131,
Q133691634,
Q140249024,
Q113250410,
Q139427471,
Q139820070,
Q24287112,
Q62128949,
Q136749466,
Q27928373,
Q135734854,
Q12573791,
Q61107014,
Q20560125,
Q28339487,
Q139444477,
Q13065085,
Q104557820,
Q16172143,
Q21099155,
Q31728282,
Q4496201,
Q6964467,
Q136101769,
Q45411814,
Q28701804,
Q9131637,
Q4370649,
Q138447837,
Q44058469,
Q16139437,
Q139440785,
Q139453969,
Q24009899,
Q4407393,
Q120279672,
Q130539390,
Q4131462,
Q60829815,
Q12905260,
Q139433940,
Q137822638,
Q12613121,
Q136140557,
Q47453778,
Q13174784,
Q135728440,
Q139427286,
Q15943439,
Q7020158,
Q12588491,
Q17362179,
Q111725379,
Q4284563,
Q139377556,
Q110514813,
Q133705306,
Q80099709,
Q4213072,
Q124616748,
Q16098031,
Q60973607,
Q12085481,
Q12702360,
Q12601003,
Q12595083,
Q55222846,
Q110118139,
Q117317215,
Q6702180,
Q12150008,
Q12240738,
Q55104264,
Q24000513,
Q136914210,
Q135315544,
Q12172051,
Q86003908,
Q4166599,
Q134054258,
Q134446075,
Q28701254,
Q16596695,
Q4037506,
Q139479402,
Q16640452,
Q54598761,
Q126970930,
Q139421434,
Q97699056,
Q139440911,
Q139427001,
Q19830661,
Q56345281,
Q12594608,
Q60831195,
Q29006310,
Q16183246,
Q60584176,
Q15910486,
Q135728480,
Q47545998,
Q123157070,
Q135732876,
Q19697836,
Q16083679,
Q21710419,
Q139436646,
Q25482939,
Q135728471,
Q139504151,
Q139440584,
Q109469592,
Q18999887,
Q22133591,
Q140158452,
Q4171348,
Q131828401,
Q21149029,
Q16139709,
Q4260598,
Q112023090,
Q124961750,
Q15065860,
Q4331090,
Q25460547,
Q10854140,
Q4103867,
Q12597164,
Q20607714,
Q109412463,
Q139482128,
Q12756220,
Q133554636,
Q20069513,
Q16174722,
Q12153954,
Q4157749,
Q4123611,
Q25519644,
Q25592812,
Q139591585,
Q139426205,
Q137116285,
Q55107526,
Q9000204,
Q20589552,
Q140069477,
Q12128328,
Q136128734,
Q12250397,
Q12594321,
Q16437263,
Q137910188,
Q135703919,
Q138793102,
Q135704124,
Q139661459,
Q30345039,
Q4305907,
Q135428164,
Q4348036,
Q16178382,
Q112303412,
Q136373038,
Q110107240,
Q5947108,
Q65280959,
Q12172938,
Q139426163,
Q4267687,
Q139083403,
Q16181188,
Q139421710,
Q139480665,
Q63016383,
Q31176755,
Q139446966,
Q4393276,
Q16707558,
Q63607753,
Q139429504,
Q137926163,
Q139425850,
Q139444152,
Q139430378,
Q140199823,
Q137706336,
Q16704024,
Q4446212,
Q139550612,
Q27890541,
Q136945585,
Q13024210,
Q16090679,
Q4391653,
Q48936473,
Q23655871,
Q4498155,
Q109337649,
Q107109714,
Q48889990,
Q4429241,
Q140073889,
Q135712172,
Q137570420,
Q117133935,
Q139440750,
Q139446405,
Q135232797,
Q20507769,
Q137821443,
Q4244774,
Q31178502,
Q44057107,
Q139479375,
Q11176459,
Q19000054,
Q133842803,
Q12150246,
Q17992790,
Q97196692,
Q97339902,
Q136745421,
Q12758135,
Q139480889,
Q137908988,
Q4369597,
Q12223406,
Q15908225,
Q12105585,
Q43088812,
Q56660172,
Q130774152,
Q110117644,
Q139427480,
Q18242160,
Q108133178,
Q55609628,
Q139485635,
Q16905157,
Q135704076,
Q19718100,
Q16627806,
Q135719340,
Q56255489,
Q16671165,
Q61108479,
Q6744652,
Q97350125,
Q108486662,
Q22974350,
Q123329289,
Q135728642,
Q139103100,
Q135704164,
Q135739494,
Q12625158,
Q140158367,
Q138497954,
Q65031613,
Q11096566,
Q27951824,
Q134456643,
Q4075493,
Q12114091,
Q105834747,
Q20445245,
Q139422984,
Q136334293,
Q107109824,
Q139451122,
Q139445778,
Q12130091,
Q13168925,
Q136452363,
Q136458655,
Q26769446,
Q137166773,
Q48751433,
Q16181019,
Q12231576,
Q134404849,
Q25450834,
Q54861601,
Q12113756,
Q12273760,
Q4064801,
Q16692767,
Q28058462,
Q105706242,
Q8981118,
Q106347822,
Q65213087,
Q109416896,
Q4496428,
Q135002040,
Q139423523,
Q11377426,
Q135684586,
Q117316880,
Q6989910,
Q60693835,
Q15909411,
Q20038408,
Q15712123,
Q12162023,
Q12111916,
Q135729703,
Q135686528,
Q139433838,
Q12750962,
Q20611313,
Q16329281,
Q22919382,
Q117434738,
Q137870481,
Q131147431,
Q22934473,
Q43111007,
Q4451498,
Q135619023,
Q139433174,
Q25646951,
Q134979765,
Q4070491,
Q136376906,
Q4214975,
Q139436489,
Q4508319,
Q16138666,
Q139436136,
Q4521950,
Q12579000,
Q135983270,
Q139958174,
Q12124150,
Q130297903,
Q54598313,
Q120279186,
Q139423510,
Q6766703,
Q139442730,
Q139447471,
Q139444836,
Q136733985,
Q4537731,
Q122830813,
Q139428168,
Q12531717,
Q139428167,
Q139435904,
Q116702236,
Q112513587,
Q135827296,
Q29944021,
Q135728733,
Q12123526,
Q139430551,
Q62601617,
Q20608125,
Q87744544,
Q135582977,
Q19911229,
Q27953502,
Q85851056,
Q136914190,
Q31194553,
Q134292966,
Q135693474,
Q47454039,
Q127788456,
Q60694702,
Q28665317,
Q55609648,
Q139427532,
Q139422633,
Q9336611,
Q4409976,
Q48041367,
Q12910185,
Q96305809,
Q135106347,
Q135175845,
Q137779956,
Q134688499,
Q4107376,
Q124759608,
Q59621746,
Q27954291,
Q135901752,
Q12619870,
Q4405333,
Q27559729,
Q133880352,
Q6537561,
Q123701968,
Q12115701,
Q4067517,
Q106523873,
Q12908414,
Q54874579,
Q16160347,
Q139435366,
Q136956408,
Q117157428,
Q140138410,
Q12555233,
Q55727111,
Q106883099,
Q12212953,
Q61749216,
Q135191397,
Q15064325,
Q139430211,
Q11064454,
Q138005500,
Q4253005,
Q113144642,
Q18634876,
Q79402507,
Q19819632,
Q136653912,
Q4172652,
Q135928232,
Q138504751,
Q30610802,
Q17371873,
Q139521047,
Q135706453,
Q135735071,
Q136865508,
Q7486728,
Q4497606,
Q137555414,
Q64681639,
Q135703903,
Q42296255,
Q16603603,
Q135735426,
Q43088925,
Q139448100,
Q139475626,
Q112462408,
Q16076111,
Q138841909,
Q18192202,
Q16657629,
Q45272805,
Q135439340,
Q4484853,
Q135735888,
Q139428890,
Q139443635,
Q135319993,
Q21710417,
Q139422906,
Q4085275,
Q18141885,
Q139429512,
Q139948645,
Q20623089,
Q16161323,
Q97233240,
Q135735007,
Q61973517,
Q135738354,
Q9002300,
Q63169642,
Q136535943,
Q137439754,
Q16708290,
Q16121710,
Q28665352,
Q60544980,
Q139485150,
Q135719268,
Q135915904,
Q16130455,
Q3718887,
Q16336188,
Q137753594,
Q20068348,
Q139801163,
Q57601211,
Q97266667,
Q16167843,
Q138768007,
Q136242875,
Q16704696,
Q4512662,
Q11348898,
Q12535615,
Q139426992,
Q139462514,
Q25419910,
Q30960517,
Q135720551,
Q139431882,
Q56259816,
Q139576268,
Q135732942,
Q110113376,
Q12136382,
Q16260752,
Q139427441,
Q139429037,
Q136545924,
Q20609893,
Q139430253,
Q12172498,
Q139441541,
Q110969392,
Q139447469,
Q135686426,
Q139427758,
Q115528262,
Q139892067,
Q135718731,
Q16330491,
Q12595910,
Q20071006,
Q4284097,
Q134597412,
Q16368043,
Q126898897,
Q60833614,
Q137511901,
Q48885546,
Q116040796,
Q112022797,
Q139422981,
Q137048792,
Q139792575,
Q12558887,
Q139488182,
Q136437146,
Q16122786,
Q51886280,
Q56285472,
Q4185594,
Q12588825,
Q25387928,
Q17501115,
Q139432379,
Q24573317,
Q135680741,
Q106564804,
Q16168845,
Q16084586,
Q97315904,
Q15905264,
Q16904306,
Q134619529,
Q135104624,
Q114891718,
Q134986957,
Q139435264,
Q135726818,
Q91767039,
Q112463168,
Q12612989,
Q135916143,
Q108910132,
Q12082963,
Q16074200,
Q12086145,
Q12607965,
Q133934889,
Q25433089,
Q19916706,
Q134988323,
Q112976908,
Q15920170,
Q4517626,
Q134926790,
Q115528190,
Q4134894,
Q55727452,
Q20068497,
Q30974275,
Q134881620,
Q134005223,
Q135719880,
Q17219801,
Q16139414,
Q16080816,
Q23654834,
Q24535687,
Q55105079,
Q12612962,
Q10884639,
Q135735000,
Q12587566,
Q12603547,
Q16694651,
Q140301502,
Q28699480,
Q4322617,
Q16169241,
Q105705955,
Q22918828,
Q133286559,
Q125353453,
Q44057417,
Q124076924,
Q43425002,
Q28500403,
Q97232149,
Q139446155,
Q47489567,
Q55108297,
Q4317465,
Q138748988,
Q135639708,
Q115951607,
Q12602469,
Q4054864,
Q112023419,
Q140198114,
Q140313294,
Q138747628,
Q123424170,
Q105705631,
Q73269148,
Q136806046,
Q120966249,
Q139435976,
Q20070396,
Q15809016,
Q97165952,
Q12288371,
Q109457224,
Q138538713,
Q28355504,
Q20609170,
Q56248137,
Q55730558,
Q61826577,
Q30947559,
Q4192462,
Q12208387,
Q20065708,
Q139430120,
Q125304868,
Q107109835,
Q12534633,
Q135422977,
Q16172295,
Q12114935,
Q116163466,
Q16133452,
Q85854734,
Q137780798,
Q65041016,
Q11176469,
Q135786179,
Q30942681,
Q5812413,
Q4527603,
Q135706572,
Q16120507,
Q139119496,
Q12111768,
Q139426813,
Q139429493,
Q139423474,
Q139443724,
Q12118292,
Q25647087,
Q133503751,
Q12621754,
Q61117679,
Q134308109,
Q137425997,
Q116641498,
Q135451572,
Q139423370,
Q135728714,
Q139620050,
Q11658374,
Q84720598,
Q135994804,
Q65952843,
Q29359743,
Q6767354,
Q12622549,
Q12179473,
Q21097030,
Q12113993,
Q16380109,
Q4459406,
Q135686592,
Q139430172,
Q19916435,
Q12110969,
Q125353529,
Q47453183,
Q16180217,
Q135694954,
Q16923800,
Q107218015,
Q8959534,
Q24856501,
Q4496672,
Q135067625,
Q137667779,
Q23642594,
Q130539622,
Q12231246,
Q24000758,
Q4327156,
Q139579385,
Q20513072,
Q139447615,
Q84721364,
Q12278673,
Q18549192,
Q131426871,
Q138787826,
Q131349629,
Q138603423,
Q139431679,
Q4082300,
Q139431539,
Q37439271,
Q123485643,
Q20608003,
Q137185613,
Q139426595,
Q11509616,
Q12578821,
Q126914643,
Q140148140,
Q12982118,
Q30961320,
Q133833430,
Q138357280,
Q16591381,
Q135712215,
Q113490330,
Q16080138,
Q30943191,
Q21098960,
Q107109128,
Q139424112,
Q12612727,
Q16092623,
Q60833615,
Q95722571,
Q110934091,
Q16647628,
Q101584465,
Q5757031,
Q12541754,
Q139444054,
Q24856682,
Q25647092,
Q112049548,
Q139445069,
Q4189310,
Q12096491,
Q123156647,
Q64769075,
Q85999379,
Q12596787,
Q11067128,
Q135713981,
Q139465192,
Q12107774,
Q139444233,
Q134497739,
Q134889300,
Q139419806,
Q4483342,
Q28802931,
Q16329258,
Q137732267,
Q135713761,
Q135733768,
Q12230680,
Q113490045,
Q139439856,
Q137427307,
Q136650111,
Q133729018,
Q61064401,
Q123157068,
Q4074923,
Q112977012,
Q4187868,
Q4054736,
Q25647074,
Q97232881,
Q61974448,
Q30957543,
Q137454763,
Q20070157,
Q20610496,
Q20605388,
Q85010348,
Q136639844,
Q16124003,
Q16122392,
Q20607271,
Q132151631,
Q135525672,
Q18404658,
Q4084739,
Q113490007,
Q133656806,
Q135415195,
Q39386064,
Q12622231,
Q139447609,
Q4142751,
Q139432086,
Q21825045,
Q135191149,
Q12097888,
Q99077526,
Q28715837,
Q139435777,
Q135680572,
Q12173166,
Q6490182,
Q104599876,
Q12615074,
Q12574054,
Q20611160,
Q4081410,
Q56604527,
Q4308248,
Q97236942,
Q134776202,
Q16435499,
Q17043465,
Q139426544,
Q55729521,
Q4134679,
Q12157781,
Q20557020,
Q15076558,
Q139427074,
Q12170338,
Q12615700,
Q12121789,
Q139427670,
Q28700327,
Q31179811,
Q16702034,
Q28703432,
Q12145264,
Q98081625,
Q139491328,
Q139460359,
Q32909995,
Q135728500,
Q10794017,
Q50379802,
Q4175327,
Q139440444,
Q89503543,
Q85999218,
Q135728140,
Q12231284,
Q139445952,
Q135693888,
Q136367033,
Q139426056,
Q135731281,
Q139335425,
Q12611137,
Q139426233,
Q12159559,
Q4079147,
Q16127378,
Q28923660,
Q16140178,
Q47453400,
Q135739586,
Q18399796,
Q60830735,
Q4438980,
Q25604693,
Q119431998,
Q21083427,
Q138752774,
Q139467950,
Q12633266,
Q139429261,
Q137947540,
Q112022790,
Q139429263,
Q9030292,
Q60989736,
Q11309427,
Q6681969,
Q15696127,
Q139440136,
Q96384743,
Q25586439,
Q18648043,
Q136940759,
Q12228216,
Q20918847,
Q12596792,
Q111045847,
Q139461304,
Q139431343,
Q55104583,
Q13050720,
Q134008978,
Q12993911,
Q12145828,
Q135703926,
Q20604473,
Q4060407,
Q136276696,
Q139427698,
Q12170042,
Q5752024,
Q31704647,
Q133798130,
Q28713593,
Q39389094,
Q117747435,
Q138414311,
Q139463529,
Q85858726,
Q12279443,
Q22928911,
Q131414350,
Q12619138,
Q105705885,
Q136996557,
Q12294946,
Q4518085,
Q112023256,
Q76009810,
Q136333504,
Q17061450,
Q105706016,
Q117355905,
Q12116166,
Q6971997,
Q12985018,
Q135736905,
Q138339673,
Q4369656,
Q113549556,
Q139442326,
Q109337744,
Q139480353,
Q138028045,
Q77850547,
Q4337493,
Q6516906,
Q9139621,
Q65314321,
Q16118870,
Q85993687,
Q135679162,
Q112488763,
Q16122114,
Q136092876,
Q133868058,
Q13026253,
Q137969355,
Q4444890,
Q139432214,
Q105705146,
Q17043989,
Q4516611,
Q107547163,
Q137218153,
Q44677801,
Q135179545,
Q138427298,
Q130343410,
Q136086804,
Q139436562,
Q111601651,
Q135208920,
Q130350651,
Q16125876,
Q20422651,
Q139439990,
Q54982696,
Q130539700,
Q139442972,
Q63930434,
Q13121397,
Q44058934,
Q110106374,
Q137997287,
Q16433125,
Q6818399,
Q21438226,
Q28356105,
Q97172642,
Q4054466,
Q139604712,
Q17362437,
Q134727596,
Q22001282,
Q138800669,
Q12587782,
Q125246006,
Q12568293,
Q60830925,
Q16173079,
Q79351011,
Q19853984,
Q81827328,
Q135706600,
Q16086681,
Q139915738,
Q135729744,
Q12749014,
Q12581625,
Q110116078,
Q138666369,
Q31178431,
Q64783022,
Q136459795,
Q139426877,
Q140068319,
Q4274532,
Q135002590,
Q56193283,
Q39386209,
Q12611924,
Q110972443,
Q28700227,
Q139419035,
Q20039993,
Q125549541,
Q133289218,
Q27952414,
Q117021649,
Q135728837,
Q25469173,
Q124753978,
Q12172094,
Q133697546,
Q135412081,
Q139432629,
Q139441774,
Q137857309,
Q4207277,
Q20570442,
Q12535921,
Q139443004,
Q4256403,
Q105706182,
Q135732958,
Q134609527,
Q139439996,
Q139429016,
Q139439905,
Q60826687,
Q139428796,
Q12587578,
Q65031616,
Q139445844,
Q139426902,
Q127595301,
Q13141951,
Q4367943,
Q21637775,
Q16140168,
Q133883078,
Q139441951,
Q139467763,
Q20423503,
Q5933522,
Q135704418,
Q21145057,
Q27188127,
Q107391531,
Q105201287,
Q130383678,
Q134737241,
Q103839878,
Q139432327,
Q139447241,
Q139431258,
Q139429241,
Q139440835,
Q139427035,
Q60830727,
Q4097191,
Q12597067,
Q4084886,
Q18111296,
Q105704916,
Q27919374,
Q139480891,
Q17346824,
Q136720543,
Q138497977,
Q140319900,
Q24865621,
Q137825214,
Q133885230,
Q138872662,
Q135437730,
Q138413932,
Q12617351,
Q16716740,
Q38276379,
Q12587163,
Q12534508,
Q131623149,
Q28664692,
Q139424726,
Q31802407,
Q139569271,
Q4232487,
Q21104568,
Q11350536,
Q41199648,
Q78116998,
Q12123656,
Q44156011,
Q136699217,
Q136448317,
Q110121700,
Q112976930,
Q20065995,
Q83680767,
Q67931424,
Q139454603,
Q4505899,
Q136169409,
Q16630790,
Q11307858,
Q20069317,
Q139752734,
Q4213835,
Q135732919,
Q135734910,
Q139422706,
Q12217100,
Q105771879,
Q12121535,
Q12609508,
Q134351528,
Q54999937,
Q16140230,
Q136342910,
Q44057980,
Q13204348,
Q8956270,
Q134424700,
Q17371845,
Q63248301,
Q10565546,
Q16638772,
Q116693870,
Q12571786,
Q11483241,
Q39613605,
Q139255642,
Q12573931,
Q139439865,
Q56886151,
Q47667071,
Q47489560,
Q9352295,
Q139426566,
Q12588324,
Q17388020,
Q61376336,
Q4396369,
Q20391563,
Q111995170,
Q4387091,
Q81029596,
Q12082970,
Q139425932,
Q65031939,
Q139446512,
Q136849190,
Q64224402,
Q16083452,
Q139443682,
Q117133981,
Q12552823,
Q26043150,
Q137188325,
Q16433146,
Q16903351,
Q15930535,
Q139297489,
Q13018474,
Q26255731,
Q135703874,
Q139428483,
Q137886350,
Q47668366,
Q12123649,
Q15908181,
Q139430417,
Q12612394,
Q139431156,
Q139436321,
Q16174238,
Q139449002,
Q60990192,
Q135465381,
Q135719199,
Q119479978,
Q140199015,
Q12586876,
Q4497429,
Q19603866,
Q17500048,
Q12750812,
Q135730564,
Q61972544,
Q16097424,
Q136849776,
Q9336878,
Q139036603,
Q20065669,
Q110121421,
Q25584973,
Q96758855,
Q12410050,
Q140298416,
Q79904662,
Q139427540,
Q6755742,
Q20068844,
Q135686607,
Q134397610,
Q138840178,
Q139478666,
Q124039279,
Q139422447,
Q105706492,
Q21059462,
Q10900048,
Q139623370,
Q123583685,
Q135728420,
Q4333582,
Q139088981,
Q139429636,
Q6463505,
Q124719878,
Q137541526,
Q125794423,
Q139480991,
Q24273486,
Q15909394,
Q16176295,
Q61973660,
Q12881083,
Q139436611,
Q13015176,
Q135713685,
Q135734729,
Q12161213,
Q117234039,
Q139459724,
Q16076987,
Q110405540,
Q138381207,
Q16690499,
Q12615035,
Q134621391,
Q61081431,
Q21060460,
Q135716041,
Q12119251,
Q139427339,
Q12096260,
Q98085079,
Q112506973,
Q32860968,
Q134002305,
Q12130972,
Q22974660,
Q16139978,
Q139460949,
Q22687506,
Q26243575,
Q4523280,
Q16307582,
Q51670531,
Q20068061,
Q139446102,
Q134776486,
Q6630992,
Q12748097,
Q130286984,
Q12157870,
Q20687812,
Q105706525,
Q25647008,
Q4084998,
Q89188888,
Q139422819,
Q134271669,
Q31822058,
Q16180155,
Q16180074,
Q15911158,
Q16182783,
Q55104480,
Q14917110,
Q61060708,
Q116180509,
Q138290382,
Q139447243,
Q19850434,
Q139436155,
Q139429018,
Q124660070,
Q109357358,
Q12288643,
Q22252464,
Q137780790,
Q13052223,
Q4171441,
Q65224561,
Q21040269,
Q137594778,
Q12178694,
Q20627282,
Q4526458,
Q12227550,
Q136697258,
Q106007082,
Q8998915,
Q13011999,
Q44058375,
Q108467404,
Q94574624,
Q4376501,
Q55727789,
Q21825398,
Q65282347,
Q28665166,
Q54875093,
Q107109679,
Q12094247,
Q135103376,
Q133825120,
Q27953551,
Q9042607,
Q139467754,
Q12552156,
Q55697699,
Q112189024,
Q24839311,
Q64152942,
Q65221235,
Q116936091,
Q16437584,
Q135734981,
Q12603192,
Q139422448,
Q139423516,
Q134620002,
Q135728563,
Q139416240,
Q16168925,
Q139423493,
Q23888303,
Q16171552,
Q79904196,
Q73133486,
Q139446970,
Q6261385,
Q12116171,
Q16431935,
Q109457632,
Q43111139,
Q135104414,
Q16180602,
Q4366016,
Q11677370,
Q136670425,
Q134972482,
Q139426106,
Q4360897,
Q15064134,
Q131824302,
Q55656593,
Q35370116,
Q138568696,
Q11280271,
Q61133413,
Q6744075,
Q139463411,
Q4424565,
Q138645858,
Q133825530,
Q47453472,
Q11068327,
Q65247648,
Q139432987,
Q21641227,
Q16273065,
Q125791266,
Q136084194,
Q134181432,
Q114729165,
Q9138909,
Q60578150,
Q97166609,
Q5948747,
Q23994841,
Q112976925,
Q139440098,
Q139429182,
Q107109024,
Q17431658,
Q139451149,
Q12564035,
Q133651503,
Q16090149,
Q12167422,
Q25581709,
Q4440832,
Q134710946,
Q139466029,
Q135704363,
Q135729013,
Q98095226,
Q137647227,
Q135704787,
Q135034015,
Q4243534,
Q133808360,
Q20615492,
Q19826034,
Q139444320,
Q139429379,
Q124752103,
Q58665921,
Q135898871,
Q4140596,
Q130142715,
Q133640480,
Q31176843,
Q47453133,
Q15065708,
Q109257788,
Q130343394,
Q20065762,
Q13014018,
Q139482535,
Q124684171,
Q140218192,
Q139711462,
Q135728623,
Q12080623,
Q52554331,
Q10294556,
Q11779077,
Q139426204,
Q135711461,
Q106122412,
Q12612683,
Q117133936,
Q136914033,
Q4073746,
Q12608945,
Q140169969,
Q11252262,
Q12115752,
Q139425988,
Q139441026,
Q113490068,
Q139444934,
Q4054554,
Q109412973,
Q105705635,
Q135734916,
Q21683681,
Q15904075,
Q30611111,
Q79904176,
Q122769119,
Q16139346,
Q136745431,
Q20610838,
Q135726763,
Q9392957,
Q135686558,
Q126868843,
Q32160329,
Q12146174,
Q139713414,
Q16721242,
Q16178445,
Q83207239,
Q4282787,
Q126095922,
Q16922952,
Q120686360,
Q21080732,
Q137273047,
Q133654914,
Q13024262,
Q110502350,
Q139485636,
Q110938461,
Q12613601,
Q56259811,
Q60317345,
Q4513771,
Q136382626,
Q126912706,
Q122537898,
Q16081860,
Q139425284,
Q126971057,
Q56188234,
Q139440498,
Q15065228,
Q139501764,
Q25442198,
Q136815474,
Q21127650,
Q139447629,
Q135728564,
Q97339113,
Q138158305,
Q138298458,
Q109298718,
Q111334487,
Q138827670,
Q123455779,
Q22932817,
Q139424215,
Q137754742,
Q121472930,
Q12411404,
Q98098115,
Q107395574,
Q12233994,
Q97229180,
Q139429501,
Q135525392,
Q61124578,
Q133669732,
Q107109288,
Q139422444,
Q16131751,
Q16138891,
Q60992942,
Q140322638,
Q25575089,
Q12609629,
Q139424194,
Q28939877,
Q135734864,
Q55103800,
Q139427173,
Q139720667,
Q12586321,
Q135734261,
Q4302957,
Q16181397,
Q50640654,
Q124039310,
Q112022884,
Q135714525,
Q8989042,
Q20579568,
Q16097318,
Q139423193,
Q8974668,
Q16365291,
Q134180377,
Q27951795,
Q112976919,
Q12539801,
Q139440778,
Q139433184,
Q127789246,
Q42302165,
Q139454456,
Q12206967,
Q21145282,
Q16719089,
Q12158749,
Q139440022,
Q135677962,
Q136446022,
Q15912418,
Q139710494,
Q139443852,
Q10948794,
Q112021224,
Q16632580,
Q139427672,
Q135686772,
Q85010223,
Q98556625,
Q25537433,
Q109567375,
Q4189420,
Q21641261,
Q137051583,
Q39040370,
Q13023383,
Q12546780,
Q109346305,
Q19971301,
Q139429822,
Q85988670,
Q139429070,
Q17043243,
Q108584576,
Q140159680,
Q31802381,
Q136907366,
Q55266745,
Q55104424,
Q16090681,
Q112976956,
Q139465562,
Q36633187,
Q138031308,
Q137947350,
Q28496205,
Q28499463,
Q139422445,
Q12614762,
Q43110933,
Q139103393,
Q12249585,
Q138052456,
Q28355225,
Q105706447,
Q139422630,
Q128799641,
Q139441453,
Q76284244,
Q10919947,
Q135684647,
Q30610790,
Q133973910,
Q16126296,
Q12121209,
Q139443261,
Q16297684,
Q4427287,
Q60831202,
Q139618196,
Q133863839,
Q85388812,
Q130266149,
Q12589890,
Q45276498,
Q79904613,
Q16124590,
Q12748542,
Q16297649,
Q112021410,
Q4526171,
Q135720436,
Q12118884,
Q139461736,
Q139429115,
Q136747012,
Q73368426,
Q130537346,
Q128399790,
Q4245715,
Q9069856,
Q137945066,
Q133850145,
Q12554767,
Q13169631,
Q85202333,
Q6761794,
Q126684276,
Q10920136,
Q17346814,
Q112442341,
Q78117004,
Q136534978,
Q4363882,
Q16050919,
Q131717284,
Q25551395,
Q108472566,
Q61421595,
Q139425294,
Q56026873,
Q17505289,
Q110557991,
Q139425112,
Q109493733,
Q135925694,
Q139414629,
Q11090572,
Q16307641,
Q140090208,
Q116695025,
Q12230325,
Q20608506,
Q139441731,
Q9333549,
Q18815570,
Q134445590,
Q12278544,
Q13174334,
Q139422322,
Q19917906,
Q139431909,
Q139256387,
Q75535909,
Q135728648,
Q25465214,
Q135184670,
Q31178393,
Q16172563,
Q139423174,
Q138456119,
Q12817093,
Q139480888,
Q12227790,
Q16694577,
Q139446923,
Q109469247,
Q59812791,
Q16091478,
Q12114900,
Q66364969,
Q136996393,
Q124755789,
Q139480895,
Q4409326,
Q85966539,
Q118373599,
Q139429236,
Q137240785,
Q12607689,
Q20066442,
Q4057472,
Q139432112,
Q4506295,
Q135734270,
Q4320185,
Q20611346,
Q16098804,
Q29359470,
Q139423512,
Q16702478,
Q12290780,
Q135714217,
Q133567329,
Q16316154,
Q107109174,
Q126684225,
Q134350017,
Q130252919,
Q117413528,
Q116973825,
Q127605721,
Q16182251,
Q55973239,
Q139436826,
Q138881077,
Q12612177,
Q139561307,
Q12547919,
Q26255542,
Q13621967,
Q109358876,
Q105706702,
Q12113471,
Q12615826,
Q139456347,
Q139444416,
Q19918344,
Q136700273,
Q139564750,
Q72955138,
Q106299296,
Q104722998,
Q18233483,
Q16081554,
Q12597808,
Q13018029,
Q139422016,
Q63451748,
Q139462930,
Q139426241,
Q135646632,
Q12409222,
Q45205349,
Q135735639,
Q12606479,
Q17372280,
Q135472852,
Q139431232,
Q17372428,
Q18110725,
Q18278511,
Q16710443,
Q139428341,
Q137645546,
Q106570710,
Q19916652,
Q13200997,
Q16432607,
Q135734966,
Q55104464,
Q4398478,
Q9394566,
Q62714804,
Q60693945,
Q18409875,
Q139482729,
Q63147201,
Q107224610,
Q16437818,
Q17043965,
Q12627116,
Q135734973,
Q139807886,
Q137795306,
Q139422955,
Q136718931,
Q4341936,
Q16138899,
Q97278318,
Q132550156,
Q11632937,
Q135767399,
Q20070753,
Q132431753,
Q28701612,
Q25424698,
Q16079850,
Q135728743,
Q17075042,
Q12580882,
Q12197725,
Q140128178,
Q28104847,
Q84724401,
Q140303234,
Q12606713,
Q111284183,
Q75535750,
Q18657999,
Q6846211,
Q12223631,
Q12096784,
Q135725933,
Q15942981,
Q12599627,
Q4298286,
Q12112710,
Q28529783,
Q5891619,
Q12614327,
Q135734984,
Q139436851,
Q134438569,
Q42707719,
Q135719201,
Q16903754,
Q12292553,
Q50888637,
Q16436875,
Q21057685,
Q25503288,
Q65149735,
Q139425578,
Q4265269,
Q20065686,
Q134708135,
Q16183634,
Q108806601,
Q4377299,
Q12157511,
Q140238029,
Q4148007,
Q110116233,
Q116973866,
Q139440745,
Q135209162,
Q112023457,
Q21088309,
Q99739914,
Q135734292,
Q135732702,
Q136522680,
Q17500495,
Q134769780,
Q139014592,
Q11310700,
Q13022918,
Q20509877,
Q139441954,
Q12572320,
Q136214772,
Q139429767,
Q12604735,
Q65333466,
Q105705706,
Q139422315,
Q25462047,
Q139462717,
Q118726899,
Q12910186,
Q109173873,
Q23009364,
Q139917157,
Q136914032,
Q137395831,
Q20415118,
Q17344721,
Q12594285,
Q137915280,
Q85136929,
Q29359589,
Q139436497,
Q43380613,
Q16125200,
Q30524121,
Q39040731,
Q126684485,
Q9121390,
Q12535131,
Q19692577,
Q133874540,
Q8968291,
Q61117662,
Q135703905,
Q48953216,
Q12845159,
Q119293525,
Q16183015,
Q113998308,
Q139427321,
Q4312107,
Q130551884,
Q136749450,
Q140085041,
Q139442710,
Q109337383,
Q65332971,
Q139695193,
Q4173602,
Q12088048,
Q17045088,
Q116754757,
Q139442764,
Q137863858,
Q12113599,
Q12107271,
Q7303515,
Q12596957,
Q8982642,
Q16140266,
Q137668736,
Q139425526,
Q137041125,
Q12998295,
Q27919159,
Q85201920,
Q139602584,
Q25551179,
Q19911293,
Q4133730,
Q10565510,
Q69594382,
Q112457794,
Q97194630,
Q17994669,
Q139449982,
Q28665422,
Q4475346,
Q107109020,
Q139419179,
Q27952497,
Q4295369,
Q115196530,
Q44057975,
Q135684596,
Q109339200,
Q85868857,
Q140229194,
Q8266757,
Q12149414,
Q16097344,
Q24007936,
Q11538602,
Q20644707,
Q28703137,
Q135735025,
Q55104568,
Q135522492,
Q135726827,
Q61140268,
Q20412732,
Q55108447,
Q56368390,
Q58037011,
Q139431227,
Q97279631,
Q123455852,
Q91476326,
Q105705852,
Q19852912,
Q139434131,
Q124961668,
Q55203095,
Q65319522,
Q12583111,
Q19851468,
Q21575566,
Q139425343,
Q134394114,
Q18050964,
Q16907169,
Q67932045,
Q42296407,
Q139427320,
Q139431348,
Q97200015,
Q4415053,
Q133809647,
Q117474786,
Q65198822,
Q16126647,
Q139439997,
Q135693534,
Q12618045,
Q4395583,
Q117133622,
Q65333194,
Q4529385,
Q7021560,
Q78084496,
Q12602761,
Q24846428,
Q16714517,
Q138546854,
Q139446505,
Q12174158,
Q107109151,
Q137475547,
Q12611589,
Q139468504,
Q139385865,
Q133972045,
Q79402179,
Q110130500,
Q115596167,
Q21060868,
Q23307764,
Q134579655,
Q85970374,
Q97274414,
Q138392039,
Q135419677,
Q12588328,
Q28358446,
Q20689101,
Q138389025,
Q12534634,
Q47504774,
Q12160987,
Q136001648,
Q20606387,
Q24702420,
Q137967859,
Q138496943,
Q4232634,
Q95133643,
Q19414867,
Q97347034,
Q20604048,
Q134605781,
Q131576637,
Q135109074,
Q61973064,
Q139421886,
Q97160161,
Q9076597,
Q12252148,
Q12597817,
Q31067402,
Q85970364,
Q137887276,
Q28702122,
Q136542134,
Q4156954,
Q96186193,
Q56308679,
Q28713351,
Q9076680,
Q139485091,
Q18086351,
Q12170962,
Q12611198,
Q7485563,
Q11181896,
Q8274446,
Q12278429,
Q139442671,
Q15911543,
Q134553272,
Q139440527,
Q139676823,
Q139443524,
Q116492995,
Q139440059,
Q9082181,
Q18111151,
Q9340248,
Q25489579,
Q31194562,
Q139934654,
Q5962001,
Q71678858,
Q128595746,
Q136555901,
Q139423558,
Q135643703,
Q124607484,
Q16052142,
Q20604898,
Q48956589,
Q100328195,
Q134124788,
Q138782705,
Q139444014,
Q16141547,
Q12611619,
Q4237537,
Q139447061,
Q139446249,
Q130680359,
Q134474737,
Q138472736,
Q135915524,
Q11968272,
Q22688297,
Q23907956,
Q21824802,
Q96439800,
Q139426541,
Q4428828,
Q6406114,
Q124372694,
Q105812122,
Q110262990,
Q59847565,
Q133652124,
Q10412272,
Q61117426,
Q105608124,
Q135494825,
Q31367779,
Q139493626,
Q13207186,
Q139427497,
Q4350803,
Q135736638,
Q139431770,
Q12403761,
Q12099337,
Q15910907,
Q135690951,
Q135711459,
Q139466918,
Q105580168,
Q6459229,
Q60709956,
Q54541093,
Q16180777,
Q135704778,
Q20408800,
Q135295779,
Q97275888,
Q105812248,
Q12608146,
Q23296699,
Q126472826,
Q136513278,
Q139426832,
Q13141708,
Q113489980,
Q16118468,
Q43295531,
Q18815702,
Q129275344,
Q35366669,
Q133689715,
Q6459540,
Q4425836,
Q135491142,
Q130569943,
Q16703071,
Q135068814,
Q65056105,
Q136721811,
Q88787804,
Q135738936,
Q24844704,
Q12615048,
Q4096261,
Q12210444,
Q126684360,
Q137784338,
Q138818596,
Q47504773,
Q139483314,
Q79404653,
Q12200523,
Q28700254,
Q56345162,
Q61108490,
Q16090323,
Q135693737,
Q139429244,
Q134982749,
Q12552411,
Q5948008,
Q139441939,
Q12228902,
Q19918244,
Q119433171,
Q136815810,
Q139432220,
Q12287326,
Q56307414,
Q12153893,
Q21575827,
Q139429168,
Q24863729,
Q135726839,
Q139451264,
Q12622379,
Q105811109,
Q12083513,
Q137739713,
Q137947319,
Q138319922,
Q83911226,
Q18815365,
Q4157455,
Q106577094,
Q139494677,
Q139497779,
Q114816282,
Q125874548,
Q98681570,
Q4159653,
Q135719300,
Q12113245,
Q65203999,
Q138095515,
Q11459683,
Q12173188,
Q16082029,
Q23908441,
Q69636389,
Q20066213,
Q138509308,
Q106542473,
Q65249918,
Q127730658,
Q135737570,
Q112022207,
Q112054172,
Q116927425,
Q47453715,
Q133826333,
Q12624901,
Q97657554,
Q26085467,
Q11531253,
Q139899321,
Q59791978,
Q139422013,
Q5945634,
Q138412547,
Q139807684,
Q139443442,
Q25609685,
Q20423549,
Q28379757,
Q112022233,
Q139892840,
Q16082993,
Q16700892,
Q136405638,
Q30606631,
Q12532828,
Q47672479,
Q139427894,
Q16631331,
Q21096554,
Q85883140,
Q28701700,
Q123055714,
Q135728515,
Q12907098,
Q139423156,
Q12619519,
Q12251315,
Q30960134,
Q12096217,
Q135720230,
Q20587091,
Q4112321,
Q138297232,
Q65153268,
Q130581567,
Q31175363,
Q20048743,
Q25691722,
Q135739067,
Q55728364,
Q12228756,
Q139427852,
Q120279650,
Q105812111,
Q6764386,
Q112022470,
Q55407046,
Q4303766,
Q139422965,
Q139441201,
Q131852124,
Q12584462,
Q130539568,
Q24837200,
Q4319737,
Q24229286,
Q112021937,
Q31751005,
Q122229066,
Q16092589,
Q17372065,
Q61972503,
Q112486059,
Q16051533,
Q21643554,
Q138823820,
Q13173396,
Q61781161,
Q48949236,
Q20594144,
Q112976944,
Q28162486,
Q139431697,
Q107505233,
Q28359984,
Q124771026,
Q136033295,
Q119777016,
Q4410801,
Q107109457,
Q16697421,
Q138632953,
Q16719114,
Q139431239,
Q110114567,
Q111271829,
Q12561036,
Q139426111,
Q97661516,
Q16081772,
Q20437414,
Q29865517,
Q126327608,
Q21059798,
Q108037453,
Q139444321,
Q12173941,
Q19000028,
Q138847745,
Q126373607,
Q139427659,
Q27701704,
Q139434215,
Q18246226,
Q28687024,
Q61100996,
Q12131495,
Q12624823,
Q110115984,
Q137570157,
Q10864967,
Q139423546,
Q135728495,
Q139426634,
Q4444066,
Q112976902,
Q30880097,
Q55200286,
Q21154215,
Q82706723,
Q132484115,
Q12168950,
Q55108255,
Q139433455,
Q139444327,
Q4289851,
Q139561949,
Q136539398,
Q139434843,
Q139551915,
Q112021246,
Q12218007,
Q18280436,
Q135718711,
Q139429517,
Q12104423,
Q44155341,
Q20611181,
Q139423403,
Q31179382,
Q16698256,
Q132774194,
Q31456746,
Q16118762,
Q20483708,
Q134567445,
Q138548650,
Q131410926,
Q135736310,
Q135732906,
Q133888237,
Q134741095,
Q4328146,
Q139434669,
Q135726792,
Q22133285,
Q4229091,
Q135729095,
Q12295970,
Q121759058,
Q61972134,
Q107107110,
Q135736249,
Q139468081,
Q27953284,
Q22100787,
Q12239808,
Q16080059,
Q30922973,
Q106291427,
Q18815694,
Q20607397,
Q9197930,
Q4233361,
Q31449927,
Q135715936,
Q139447354,
Q20066324,
Q16128210,
Q113587982,
Q50823843,
Q139429813,
Q139432229,
Q106685498,
Q23658661,
Q133832457,
Q139445956,
Q139440118,
Q48938045,
Q28058487,
Q105706835,
Q55978674,
Q12567580,
Q16082580,
Q65031916,
Q85950961,
Q12218948,
Q25462005,
Q139798929,
Q20067962,
Q139431864,
Q108219581,
Q4347091,
Q84806566,
Q137402298,
Q47307496,
Q27951472,
Q135713378,
Q8967671,
Q25494008,
Q16077283,
Q16704496,
Q96756216,
Q9128953,
Q12612109,
Q12172557,
Q117133501,
Q16261994,
Q135733666,
Q138672819,
Q97066493,
Q48956455,
Q139477803,
Q139440946,
Q28805867,
Q136551502,
Q55737419,
Q129943798,
Q139443924,
Q12157890,
Q107108976,
Q135675751,
Q133852445,
Q28042296,
Q139426380,
Q16139159,
Q139436401,
Q115174325,
Q12599826,
Q85879851,
Q137169887,
Q135729372,
Q48935897,
Q139423948,
Q12212841,
Q45272752,
Q139463931,
Q12130264,
Q138680683,
Q4247741,
Q20619164,
Q135733552,
Q136190611,
Q27975585,
Q105101538,
Q132778018,
Q12565339,
Q12588063,
Q16138736,
Q85986901,
Q139422776,
Q139449798,
Q139252290,
Q12612793,
Q138381609,
Q12605892,
Q25426191,
Q12879317,
Q18235464,
Q30038092,
Q135734369,
Q135271581,
Q109173867,
Q138817776,
Q16305991,
Q135734092,
Q8266916,
Q123335238,
Q135114529,
Q135718684,
Q135690432,
Q56376324,
Q16079889,
Q109411828,
Q127869268,
Q12625095,
Q111718467,
Q12562581,
Q136102722,
Q134518092,
Q30345965,
Q20568012,
Q133815715,
Q65157929,
Q44056402,
Q12615753,
Q25647076,
Q16047438,
Q16090218,
Q28713103,
Q52376735,
Q127602507,
Q134592119,
Q139445785,
Q137947187,
Q139428199,
Q136376557,
Q135693786,
Q139452720,
Q20604249,
Q85628689,
Q18930717,
Q135472474,
Q135706607,
Q25586622,
Q65158803,
Q64783960,
Q4250011,
Q110484681,
Q4184089,
Q58189434,
Q11467445,
Q31455699,
Q134722483,
Q139432353,
Q15908197,
Q28818933,
Q107109313,
Q134562590,
Q15074592,
Q98758231,
Q13022083,
Q124756235,
Q139423324,
Q47489340,
Q136408484,
Q139423543,
Q139427864,
Q56491438,
Q139477217,
Q138665986,
Q7015893,
Q139429629,
Q6786654,
Q140199189,
Q15911157,
Q4161522,
Q12087888,
Q55108601,
Q139429691,
Q12603198,
Q134876053,
Q20066765,
Q6578075,
Q16082261,
Q30971594,
Q139430024,
Q12239641,
Q137363524,
Q4535507,
Q139432678,
Q137603445,
Q104170874,
Q135245741,
Q43374166,
Q24856496,
Q65211918,
Q133698298,
Q4408071,
Q25644819,
Q79402532,
Q112472982,
Q24229226,
Q51886279,
Q106083357,
Q24000591,
Q112044602,
Q9075904,
Q117350294,
Q116909072,
Q137752673,
Q13053031,
Q12150255,
Q134083937,
Q16712310,
Q12212704,
Q104660205,
Q18120817,
Q139446850,
Q135981460,
Q135491241,
Q139266054,
Q81972977,
Q12078841,
Q122923137,
Q9137960,
Q62714134,
Q116779310,
Q112022200,
Q139441917,
Q12571010,
Q4167309,
Q4327161,
Q61972702,
Q139468475,
Q135737971,
Q16085280,
Q107109318,
Q138738736,
Q6642475,
Q112023501,
Q139478368,
Q130474109,
Q25647099,
Q104538851,
Q139422922,
Q111113653,
Q97006646,
Q139478349,
Q140184181,
Q10897275,
Q139465135,
Q20066236,
Q13027651,
Q105704794,
Q128799334,
Q12587093,
Q139440891,
Q19714780,
Q97176122,
Q16097755,
Q124684345,
Q139444809,
Q12134935,
Q55392353,
Q136764063,
Q12116917,
Q20559218,
Q135443486,
Q139564477,
Q61130585,
Q59809143,
Q19809480,
Q15934881,
Q136786735,
Q133826496,
Q135704416,
Q139427334,
Q50220844,
Q12622344,
Q12174145,
Q139433403,
Q138847575,
Q139425765,
Q55735250,
Q137459479,
Q139444269,
Q140128255,
Q139439747,
Q60826547,
Q139424274,
Q16179480,
Q116620522,
Q4177145,
Q107109621,
Q91916750,
Q91012934,
Q27951659,
Q12615034,
Q18815602,
Q135680555,
Q135917519,
Q135733059,
Q118946388,
Q139431788,
Q16126393,
Q139173502,
Q16339954,
Q139440901,
Q136030011,
Q12114647,
Q126079451,
Q61972561,
Q89189792,
Q139468557,
Q133824301,
Q94804647,
Q112022902,
Q10997058,
Q4532319,
Q12572350,
Q84316941,
Q13032507,
Q12605889,
Q63039868,
Q135719869,
Q135729328,
Q4164402,
Q139680097,
Q139446407,
Q12248504,
Q31726296,
Q19349835,
Q139423658,
Q16119730,
Q109581417,
Q17045151,
Q16332684,
Q43089072,
Q4226408,
Q21083958,
Q55104492,
Q16437243,
Q16603712,
Q4245709,
Q11347975,
Q139449562,
Q12145676,
Q135471861,
Q85982685,
Q139448922,
Q21534875,
Q135694871,
Q100980012,
Q139423465,
Q137362166,
Q12840263,
Q139444132,
Q136653901,
Q114289615,
Q9111729,
Q112462865,
Q4501568,
Q16093217,
Q19776602,
Q64681504,
Q65275772,
Q130303421,
Q139554656,
Q139504571,
Q47669264,
Q86004041,
Q28416491,
Q79403289,
Q139455750,
Q16177655,
Q139443002,
Q135738781,
Q25691757,
Q135694913,
Q16432632,
Q126684350,
Q130417172,
Q109358863,
Q112976923,
Q20609091,
Q139446852,
Q12118224,
Q12094985,
Q60831500,
Q139423566,
Q12906219,
Q61973608,
Q139440920,
Q83680634,
Q139446039,
Q139434024,
Q124769896,
Q139440938,
Q12557366,
Q31447815,
Q61079598,
Q134394303,
Q39614770,
Q55108730,
Q111162903,
Q131593533,
Q4329782,
Q16124995,
Q16327962,
Q136502892,
Q138082016,
Q61972650,
Q55734633,
Q139973882,
Q16098906,
Q31797090,
Q31194309,
Q136702322,
Q12606369,
Q24834491,
Q138658434,
Q8264903,
Q139410005,
Q87740713,
Q4493275,
Q12097872,
Q117133816,
Q9061876,
Q117433271,
Q4529770,
Q139468626,
Q11491173,
Q139916494,
Q61135028,
Q135314756,
Q135720021,
Q135732884,
Q135735002,
Q140301854,
Q16122893,
Q135694874,
Q25587054,
Q116884881,
Q112409666,
Q113490376,
Q81030386,
Q12756133,
Q16139181,
Q139917234,
Q4467763,
Q113626476,
Q4382201,
Q135694968,
Q130270313,
Q108425529,
Q20568294,
Q18216376,
Q55104524,
Q22919453,
Q140164482,
Q30015931,
Q139428108,
Q61972457,
Q138753217,
Q139443294,
Q137765880,
Q139444868,
Q136090521,
Q4106028,
Q134724362,
Q16745523,
Q138632877,
Q139445026,
Q13201277,
Q12592922,
Q16076188,
Q117434747,
Q15925033,
Q4265992,
Q16905956,
Q60830557,
Q20556790,
Q109411822,
Q25478134,
Q16434885,
Q136427575,
Q135186132,
Q12827833,
Q112022704,
Q139440937,
Q32855959,
Q112021391,
Q123096771,
Q136472159,
Q139429577,
Q5988176,
Q139789781,
Q5943490,
Q25425424,
Q12843329,
Q135592774,
Q133688816,
Q5963597,
Q112854393,
Q16120804,
Q9304335,
Q138028786,
Q16048864,
Q4317784,
Q85858177,
Q56026589,
Q139851684,
Q139430441,
Q24856499,
Q20389159,
Q140322796,
Q26240169,
Q16297577,
Q12116893,
Q136552110,
Q16272863,
Q18437498,
Q139737558,
Q133894592,
Q21710537,
Q11644958,
Q61973080,
Q19851431,
Q133756403,
Q139483803,
Q16273441,
Q139427451,
Q15911442,
Q4225369,
Q13022333,
Q13141952,
Q139433946,
Q135726815,
Q139428713,
Q139485424,
Q138880808,
Q137178941,
Q4271380,
Q15910077,
Q134836803,
Q135225679,
Q30610500,
Q139451378,
Q12158129,
Q16706277,
Q21467367,
Q7188819,
Q25647078,
Q139435301,
Q135732954,
Q12228807,
Q16379352,
Q22137631,
Q130650024,
Q20068938,
Q137997280,
Q114420682,
Q19603764,
Q139427721,
Q79843691,
Q139424165,
Q110260148,
Q61973768,
Q139430162,
Q112022204,
Q6788038,
Q11577445,
Q135919291,
Q28006519,
Q117824248,
Q16437567,
Q12872409,
Q12148455,
Q139447244,
Q139423889,
Q13014836,
Q12880035,
Q112976998,
Q139443825,
Q20068087,
Q47462242,
Q12615568,
Q12171403,
Q105201276,
Q139453447,
Q65209102,
Q140129440,
Q139190467,
Q12616380,
Q132531451,
Q12591038,
Q105706777,
Q123424060,
Q111794107,
Q136647670,
Q15910496,
Q108003050,
Q9052683,
Q19918200,
Q12220205,
Q31797369,
Q138934984,
Q135880984,
Q97623259,
Q137910171,
Q21575787,
Q139442309,
Q137442078,
Q113874837,
Q135732896,
Q139997151,
Q139423585,
Q23659101,
Q79404615,
Q16119411,
Q135718836,
Q12234298,
Q9630836,
Q12825865,
Q4101555,
Q60832183,
Q135236177,
Q110390505,
Q52018879,
Q117433179,
Q107391528,
Q30948022,
Q137342409,
Q138980248,
Q16127422,
Q55654151,
Q25431654,
Q12826904,
Q43358221,
Q133839380,
Q20410709,
Q28665846,
Q55524315,
Q76288701,
Q12150069,
Q139446676,
Q140128218,
Q16163315,
Q12282131,
Q63437551,
Q55697491,
Q109410287,
Q136933468,
Q29359267,
Q56259874,
Q139476284,
Q57511758,
Q139434336,
Q139484942,
Q135732901,
Q123999254,
Q137611179,
Q107412415,
Q12583065,
Q55107681,
Q112020789,
Q31179003,
Q16903407,
Q139473918,
Q105705383,
Q135113238,
Q137844953,
Q25647085,
Q139446219,
Q25634074,
Q4502412,
Q86004552,
Q136100419,
Q125178389,
Q137041163,
Q16080539,
Q29113445,
Q113666663,
Q139448925,
Q4164899,
Q12117324,
Q85586629,
Q29358792,
Q132776565,
Q135707126,
Q106231574,
Q28713221,
Q20622178,
Q16091964,
Q16169735,
Q4479540,
Q139425296,
Q136607950,
Q107600043,
Q97377055,
Q135977666,
Q30902396,
Q17432038,
Q12096857,
Q60260226,
Q60830806,
Q132777363,
Q4190501,
Q134889826,
Q105988702,
Q19940169,
Q134531933,
Q131547928,
Q137215896,
Q139440534,
Q12906485,
Q113489909,
Q16084939,
Q139447837,
Q4495193,
Q110114462,
Q140023622,
Q62714529,
Q15933019,
Q19853332,
Q44055022,
Q4102863,
Q15936525,
Q65208554,
Q135732180,
Q16166463,
Q135735058,
Q131675786,
Q24229333,
Q34643022,
Q139423813,
Q17388005,
Q97161186,
Q120280548,
Q6400204,
Q16336523,
Q134900658,
Q139421423,
Q16723034,
Q12288402,
Q16171613,
Q27952680,
Q24856142,
Q106264562,
Q133697152,
Q4420679,
Q5671601,
Q12759628,
Q16182679,
Q135206184,
Q139444908,
Q113144597,
Q12116832,
Q139425134,
Q4418038,
Q23658902,
Q135706888,
Q139432300,
Q139422196,
Q139427387,
Q135726774,
Q135726847,
Q136797107,
Q139474565,
Q12847382,
Q135728559,
Q12160915,
Q134572223,
Q139427579,
Q15617111,
Q25583751,
Q135639749,
Q16091720,
Q139441255,
Q12081916,
Q20411650,
Q17163804,
Q17008655,
Q132777527,
Q109187035,
Q136086756,
Q135728541,
Q107417562,
Q139432868,
Q4501392,
Q139431960,
Q16169529,
Q56373867,
Q20611128,
Q119431793,
Q133310234,
Q11512799,
Q19854505,
Q131450719,
Q138638446,
Q59551780,
Q112021718,
Q135732878,
Q138507762,
Q23658486,
Q4337289,
Q4511825,
Q28498034,
Q136438199,
Q11675064,
Q16272155,
Q12604381,
Q6800832,
Q61450291,
Q139483561,
Q20483734,
Q134099925,
Q139502751,
Q133258238,
Q139441569,
Q137917695,
Q16120729,
Q61972774,
Q12107537,
Q55108761,
Q110620469,
Q5957715,
Q27582520,
Q11340990,
Q12410236,
Q63128073,
Q97575718,
Q139440214,
Q12587413,
Q109356713,
Q12613082,
Q139439942,
Q135516641,
Q28665485,
Q131466246,
Q139917116,
Q85883703,
Q49141151,
Q12604260,
Q97420191,
Q16437227,
Q12110078,
Q120732691,
Q12119195,
Q56863474,
Q126684347,
Q27868005,
Q139434836,
Q60989233,
Q139425989,
Q81032638,
Q105705899,
Q139476836,
Q120959955,
Q12178691,
Q140191099,
Q5956730,
Q63203155,
Q61128873,
Q56259819,
Q113490351,
Q116753084,
Q124756285,
Q55730156,
Q63131309,
Q138505281,
Q16431577,
Q112023117,
Q4297253,
Q138840769,
Q15065223,
Q135704387,
Q12587844,
Q55707646,
Q135735006,
Q135728386,
Q16080717,
Q115174715,
Q120871221,
Q44057701,
Q12982290,
Q6839581,
Q16174543,
Q12108553,
Q97420844,
Q60065998,
Q47671919,
Q89190222,
Q139424188,
Q18427997,
Q15091160,
Q16392883,
Q130539788,
Q130426483,
Q42296423,
Q18120736,
Q4209021,
Q105811372,
Q133467559,
Q139436766,
Q122522183,
Q8945587,
Q105799126,
Q137573217,
Q4347764,
Q12247682,
Q28498180,
Q106478944,
Q124755474,
Q139423168,
Q136469335,
Q12537869,
Q135736061,
Q12140158,
Q139423117,
Q89585746,
Q136432651,
Q106371447,
Q67933374,
Q137733626,
Q44058843,
Q135321146,
Q16698237,
Q16078548,
Q24846395,
Q136135828,
Q20069537,
Q405453,
Q135736442,
Q12619565,
Q139440709,
Q112976999,
Q17994126,
Q137683240,
Q18540139,
Q135728474,
Q4475348,
Q4223804,
Q65041420,
Q19852530,
Q130477400,
Q31449770,
Q139422832,
Q85877648,
Q118464757,
Q139426614,
Q4223502,
Q13171725,
Q31822037,
Q135735086,
Q20608990,
Q130539689,
Q139440889,
Q139434373,
Q140191862,
Q20642744,
Q139439940,
Q137525108,
Q27953109,
Q67219622,
Q121367802,
Q136230871,
Q116447315,
Q133798274,
Q16438145,
Q137203870,
Q30346257,
Q104519493,
Q98397155,
Q31444382,
Q135734876,
Q134128010,
Q16172334,
Q30934001,
Q105718476,
Q140135941,
Q137992021,
Q139435464,
Q12618091,
Q6647391,
Q25593631,
Q16628692,
Q56587655,
Q6656214,
Q28811454,
Q133444456,
Q12149699,
Q133825671,
Q124961536,
Q11608130,
Q139427501,
Q10743253,
Q27967987,
Q112976981,
Q139434376,
Q12101985,
Q139468024,
Q127593897,
Q127788913,
Q139928443,
Q16304166,
Q16433866,
Q139439889,
Q139454984,
Q20063283,
Q136935523,
Q112022882,
Q65333431,
Q123273136,
Q116482100,
Q97312590,
Q135229649,
Q139484425,
Q135726830,
Q139442327,
Q122733195,
Q16182374,
Q134272813,
Q139440819,
Q4296931,
Q16366624,
Q120281256,
Q135713858,
Q55733240,
Q12620821,
Q12614614,
Q125604341,
Q16928166,
Q139431936,
Q57911736,
Q19850192,
Q12107963,
Q30527541,
Q4360670,
Q27903916,
Q12602129,
Q65128892,
Q22932805,
Q9299056,
Q17344737,
Q12603964,
Q4265266,
Q4428186,
Q16119603,
Q28691460,
Q135686477,
Q12240953,
Q135272728,
Q139478956,
Q44057083,
Q15912507,
Q4257912,
Q64921461,
Q4455641,
Q109356712,
Q12169308,
Q4464580,
Q123774511,
Q28413566,
Q139422079,
Q12106107,
Q20110081,
Q123887802,
Q124752081,
Q139422710,
Q4495257,
Q11098178,
Q139466876,
Q12619386,
Q139582270,
Q2852169,
Q131547840,
Q139436568,
Q16705380,
Q5715424,
Q4243195,
Q12208996,
Q110404916,
Q135112534,
Q137260335,
Q121031984,
Q139561975,
Q30930097,
Q135706994,
Q137698737,
Q139486240,
Q20066627,
Q139446743,
Q134892800,
Q132777476,
Q139423730,
Q139443040,
Q97166708,
Q65061880,
Q135719636,
Q135706548,
Q136745674,
Q112020782,
Q16172342,
Q13168872,
Q16140400,
Q137464313,
Q137589854,
Q60694190,
Q116937021,
Q139445957,
Q139439523,
Q138748888,
Q135704411,
Q139437906,
Q74415205,
Q70544626,
Q12625421,
Q21467374,
Q83732471,
Q38247782,
Q116425280,
Q139429289,
Q20405850,
Q136117996,
Q19918437,
Q25462810,
Q17487449,
Q112442400,
Q106899163,
Q97754548,
Q109469598,
Q41168140,
Q131593349,
Q16674131,
Q47158639,
Q74145692,
Q135734994,
Q16335485,
Q139515386,
Q136352171,
Q139422451,
Q15911964,
Q4274307,
Q20511039,
Q12875918,
Q136719369,
Q28717551,
Q10919046,
Q29359250,
Q84580895,
Q97233451,
Q110120505,
Q139440146,
Q139426236,
Q4133400,
Q139436783,
Q12554146,
Q139429150,
Q139427381,
Q134416066,
Q25647086,
Q107109246,
Q134966422,
Q12249210,
Q12542087,
Q12904554,
Q137208595,
Q74145652,
Q129783455,
Q18415695,
Q112022931,
Q24864017,
Q85010672,
Q133963376,
Q136530390,
Q25440935,
Q125353446,
Q17221838,
Q132778138,
Q134301737,
Q65200448,
Q138826024,
Q26001356,
Q15149016,
Q9320484,
Q12606315,
Q6979095,
Q13030670,
Q139440909,
Q139420179,
Q127161202,
Q135736801,
Q124769559,
Q35370208,
Q16139280,
Q9339913,
Q8975880,
Q109227256,
Q137461830,
Q139443856,
Q137921130,
Q21637787,
Q16127034,
Q135737583,
Q136592373,
Q17043847,
Q139430391,
Q20626667,
Q139484460,
Q20608630,
Q137908748,
Q11097640,
Q139436461,
Q140085108,
Q136914288,
Q13022046,
Q31182968,
Q139736793,
Q136379733,
Q137511582,
Q112976921,
Q138253902,
Q11105923,
Q9128505,
Q139440942,
Q12537337,
Q139442234,
Q139447249,
Q116760096,
Q42399911,
Q11413402,
Q105298015,
Q5945009,
Q65433998,
Q20565017,
Q139435512,
Q135640701,
Q13201585,
Q105706196,
Q135508905,
Q139442088,
Q13141187,
Q112976946,
Q138906522,
Q63964640,
Q79404624,
Q6585219,
Q139799096,
Q139423490,
Q136447451,
Q55104098,
Q18407169,
Q140192189,
Q16097126,
Q21710273,
Q74146644,
Q12410811,
Q18635142,
Q5938782,
Q60577873,
Q137926886,
Q101754640,
Q32361720,
Q133897098,
Q66716431,
Q109337462,
Q25417530,
Q115528102,
Q124755873,
Q139488188,
Q28497305,
Q139453777,
Q115201792,
Q4371924,
Q17624059,
Q55108228,
Q139440199,
Q135704018,
Q25585111,
Q135550328,
Q12133670,
Q15985306,
Q12149623,
Q18118170,
Q4175300,
Q136636794,
Q139440855,
Q12123721,
Q132777961,
Q4255492,
Q135734895,
Q15911695,
Q27952178,
Q112976977,
Q16119099,
Q6992612,
Q4184253,
Q136312310,
Q9308921,
Q139422616,
Q16120318,
Q133798321,
Q6555567,
Q79018804,
Q112023288,
Q133805718,
Q127668742,
Q12171551,
Q135086113,
Q120263254,
Q131842547,
Q139462424,
Q4485218,
Q20611484,
Q28355033,
Q16715061,
Q12093541,
Q15941752,
Q134523926,
Q4330067,
Q12240702,
Q44056586,
Q136558731,
Q13119656,
Q133595848,
Q11438118,
Q135732927,
Q139425384,
Q4506348,
Q132153988,
Q12136415,
Q107109544,
Q13056352,
Q79813307,
Q134431088,
Q12593978,
Q12097281,
Q139446138,
Q20604822,
Q133704241,
Q137659377,
Q5948915,
Q20391558,
Q12610341,
Q97177813,
Q47504726,
Q11096994,
Q139906501,
Q20068812,
Q65060135,
Q127789344,
Q139188396,
Q18510105,
Q139448354,
Q139443797,
Q20069613,
Q139428181,
Q12617354,
Q12113948,
Q135269650,
Q139484029,
Q69908348,
Q16769977,
Q21710535,
Q4310058,
Q135711451,
Q12082976,
Q16139773,
Q20068425,
Q16263863,
Q16138353,
Q16174472,
Q105705465,
Q123129001,
Q7041855,
Q139432864,
Q24000512,
Q139452721,
Q63252814,
Q139426224,
Q89188883,
Q31750862,
Q12157875,
Q15064275,
Q130286012,
Q19483808,
Q136747295,
Q133880401,
Q1736631,
Q12161699,
Q139479162,
Q16119331,
Q117856196,
Q17115855,
Q137298803,
Q16705307,
Q16172561,
Q139440528,
Q140301829,
Q139073570,
Q12532767,
Q135732260,
Q134607621,
Q139444143,
Q139453321,
Q15905265,
Q135925045,
Q19917933,
Q51914981,
Q112976906,
Q135690635,
Q15088555,
Q139419961,
Q12555882,
Q139446312,
Q131107167,
Q137385294,
Q139457947,
Q4089451,
Q4154081,
Q20399006,
Q93441226,
Q139428333,
Q135963282,
Q135693631,
Q47401788,
Q12149074,
Q16098259,
Q140224188,
Q25468910,
Q131630149,
Q21149226,
Q20568456,
Q10984676,
Q19918296,
Q60572746,
Q11458885,
Q128791288,
Q130539797,
Q139208368,
Q13142327,
Q137769711,
Q25597845,
Q139465191,
Q139431780,
Q16124502,
Q109413816,
Q12140287,
Q4137651,
Q18121744,
Q138538853,
Q97350329,
Q55735018,
Q38276896,
Q12095993,
Q16706006,
Q13028523,
Q137482918,
Q65031620,
Q135694970,
Q12842555,
Q61972783,
Q4122422,
Q113938640,
Q97164468,
Q137290779,
Q139444679,
Q12540839,
Q12613116,
Q135415387,
Q135272417,
Q136734039,
Q139453978,
Q25633491,
Q81226519,
Q16645266,
Q115936854,
Q130536034,
Q26255700,
Q139445070,
Q139440699,
Q139423617,
Q115528123,
Q28701697,
Q139426732,
Q110781321,
Q24938269,
Q134429029,
Q120604517,
Q12078350,
Q12161813,
Q139462247,
Q135739076,
Q16084830,
Q118271219,
Q139429121,
Q9077776,
Q135728146,
Q12110928,
Q131305815,
Q139441935,
Q11106956,
Q31178220,
Q12602128,
Q12601463,
Q21097718,
Q24833750,
Q12584087,
Q139451541,
Q48927880,
Q21154325,
Q4285963,
Q4418554,
Q139427911,
Q56250587,
Q138027484,
Q135719423,
Q110118087,
Q16434750,
Q61108430,
Q124961684,
Q139419647,
Q20068676,
Q137222304,
Q24865406,
Q20605375,
Q133289228,
Q139427439,
Q16050933,
Q136832309,
Q65648543,
Q135104647,
Q138302411,
Q58476875,
Q24838807,
Q139466019,
Q16118160,
Q20383415,
Q16376035,
Q55736550,
Q16692858,
Q133809762,
Q12162022,
Q11346061,
Q15204832,
Q138880591,
Q139556078,
Q26840620,
Q135855651,
Q105706390,
Q56283582,
Q85865104,
Q12597126,
Q133581409,
Q74861190,
Q31031061,
Q136559025,
Q139446933,
Q135737575,
Q19000040,
Q61130474,
Q62089156,
Q135690568,
Q55732206,
Q109487255,
Q25668286,
Q85935707,
Q113490028,
Q135712332,
Q135736497,
Q65059287,
Q136332922,
Q139442421,
Q139456203,
Q61972682,
Q12240309,
Q110823026,
Q21109454,
Q18648598,
Q12219016,
Q138313530,
Q15916565,
Q135966348,
Q105706375,
Q138543802,
Q139419547,
Q137900936,
Q17314660,
Q117355862,
Q106781900,
Q139440796,
Q139450894,
Q4248566,
Q137385335,
Q19910000,
Q87475134,
Q65194959,
Q63567693,
Q16097600,
Q139444006,
Q30610243,
Q130273507,
Q85201955,
Q4192381,
Q12207960,
Q44057672,
Q6741431,
Q124770436,
Q135728653,
Q135180946,
Q139426373,
Q61365226,
Q117317205,
Q21088836,
Q139483606,
Q28714714,
Q105706050,
Q4464127,
Q7444549,
Q134523764,
Q138654719,
Q137398903,
Q124526281,
Q138788119,
Q12147909,
Q123465986,
Q30961789,
Q139475097,
Q139434783,
Q139426403,
Q139427901,
Q135215839,
Q107109752,
Q139695151,
Q12274534,
Q12609931,
Q112523886,
Q136302981,
Q25484443,
Q24204449,
Q60828729,
Q112021102,
Q138336619,
Q139426324,
Q17431906,
Q136091472,
Q131547734,
Q12585550,
Q139451301,
Q139447490,
Q107109122,
Q139425244,
Q139207532,
Q56352168,
Q28099718,
Q55439893,
Q25438495,
Q139424163,
Q12240874,
Q135712607,
Q18238859,
Q134127356,
Q28701699,
Q22918640,
Q109349067,
Q111945988,
Q12559683,
Q136551784,
Q48316770,
Q135735034,
Q139454568,
Q25582640,
Q61081054,
Q124654920,
Q15921257,
Q139466986,
Q111340235,
Q6540838,
Q136865041,
Q6704620,
Q139422324,
Q15065440,
Q15907752,
Q16187401,
Q29512497,
Q139486164,
Q138567453,
Q140319316,
Q20022747,
Q72149647,
Q15698066,
Q134393566,
Q12165513,
Q16119323,
Q23658506,
Q12178926,
Q6853166,
Q12135106,
Q20639996,
Q107109138,
Q12908473,
Q118143463,
Q31177825,
Q4457572,
Q134496087,
Q27468579,
Q30166753,
Q139467949,
Q12553432,
Q10297005,
Q97010741,
Q4501918,
Q50317500,
Q12589302,
Q136764411,
Q26255612,
Q139427189,
Q96756218,
Q20066694,
Q12152748,
Q65032108,
Q127384992,
Q135735022,
Q16335404,
Q135736545,
Q139440496,
Q109416927,
Q55418380,
Q109570267,
Q139423597,
Q139444005,
Q15912979,
Q136031109,
Q137860106,
Q139478617,
Q44515086,
Q16087918,
Q12161180,
Q19061100,
Q130300087,
Q12122480,
Q10563242,
Q12773722,
Q139719115,
Q109469585,
Q139434936,
Q16181417,
Q135714039,
Q113489653,
Q139440065,
Q139422822,
Q23656106,
Q48749471,
Q22137928,
Q10335344,
Q137557064,
Q97212921,
Q139428899,
Q139429287,
Q139444075,
Q26832691,
Q12222983,
Q135919970,
Q85997480,
Q15068444,
Q12145477,
Q56307212,
Q49240217,
Q138828634,
Q139440945,
Q135686534,
Q12111880,
Q13027548,
Q39039734,
Q16178199,
Q136817669,
Q13025527,
Q112493138,
Q123583010,
Q4344698,
Q139433179,
Q128990431,
Q110115773,
Q130737235,
Q134698303,
Q137216602,
Q12119868,
Q137863154,
Q135719329,
Q135734220,
Q126485930,
Q20603993,
Q135728372,
Q135693586,
Q135732826,
Q135974852,
Q12161004,
Q16140247,
Q135234226,
Q136774478,
Q139432552,
Q25389141,
Q135694903,
Q139218316,
Q19614247,
Q22919418,
Q12594496,
Q135714281,
Q135239689,
Q27953108,
Q113675730,
Q19826077,
Q135471765,
Q28358195,
Q20069836,
Q139443637,
Q138840358,
Q137396849,
Q97339278,
Q134007395,
Q24857938,
Q11085317,
Q109548979,
Q12755573,
Q61122107,
Q139467752,
Q60994905,
Q12133216,
Q139831110,
Q4419118,
Q16177946,
Q135494774,
Q124961641,
Q138705698,
Q115136326,
Q29358610,
Q12624826,
Q139428337,
Q139468147,
Q139445240,
Q40015962,
Q12276364,
Q30973797,
Q57887993,
Q123286778,
Q47453985,
Q136676289,
Q18276188,
Q16170598,
Q57912336,
Q16438179,
Q17095009,
Q9134559,
Q139424550,
Q139435964,
Q135874144,
Q43853756,
Q138632952,
Q9367814,
Q131547830,
Q139444117,
Q5947864,
Q21040289,
Q140128451,
Q127690173,
Q139440439,
Q134067701,
Q47500273,
Q21088494,
Q118867760,
Q135719151,
Q12611146,
Q12904559,
Q138538929,
Q25588100,
Q28099367,
Q20559736,
Q139449816,
Q12588468,
Q120491816,
Q136443154,
Q12583084,
Q47402162,
Q139429448,
Q20065560,
Q4501185,
Q105811787,
Q139850607,
Q139440947,
Q135728608,
Q12098585,
Q140224310,
Q21287005,
Q112976952,
Q139456335,
Q12075852,
Q139440809,
Q12094246,
Q12154118,
Q8968790,
Q22099880,
Q136436722,
Q139436110,
Q28716518,
Q140353405,
Q136089412,
Q135736562,
Q136333523,
Q20444185,
Q116729862,
Q20068970,
Q138610618,
Q135736695,
Q137461823,
Q135728476,
Q135729246,
Q12908618,
Q139957754,
Q134881708,
Q110404094,
Q122902341,
Q139423693,
Q135728626,
Q140224259,
Q97185985,
Q136801104,
Q22046429,
Q139436949,
Q25686221,
Q21148756,
Q11037237,
Q61278517,
Q12074168,
Q39614115,
Q136083634,
Q4538339,
Q107341049,
Q134031354,
Q21209738,
Q25437610,
Q69697305,
Q135646368,
Q134817979,
Q104348024,
Q13141483,
Q17095040,
Q139964555,
Q133805949,
Q17388010,
Q19749597,
Q12245922,
Q16524062,
Q136237076,
Q97167818,
Q9187069,
Q130539792,
Q135225283,
Q139435727,
Q16177642,
Q12094363,
Q16047091,
Q130539673,
Q25637288,
Q123163719,
Q16112901,
Q18755251,
Q110262444,
Q127425318,
Q24025852,
Q19853877,
Q18999980,
Q124770426,
Q127353743,
Q135257454,
Q135230765,
Q139592807,
Q55340275,
Q20483534,
Q139474609,
Q139423282,
Q67194645,
Q12617018,
Q113490071,
Q113411719,
Q116870134,
Q139445655,
Q137900802,
Q65591674,
Q135737043,
Q8975889,
Q116702260,
Q140175273,
Q139442428,
Q28529776,
Q139429144,
Q21058080,
Q139145849,
Q139445287,
Q61050481,
Q22138043,
Q135730637,
Q16124241,
Q28413729,
Q4173505,
Q21825452,
Q17344762,
Q12688303,
Q16332906,
Q119856379,
Q18634505,
Q112987780,
Q12124067,
Q138842441,
Q139427818,
Q139422146,
Q18648200,
Q112022795,
Q120263330,
Q122804650,
Q3787403,
Q135718722,
Q112832098,
Q12596971,
Q136087174,
Q130736390,
Q139479093,
Q22933413,
Q9613024,
Q137768155,
Q79017773,
Q12556836,
Q137907514,
Q107109477,
Q51884745,
Q12168879,
Q136198090,
Q130140061,
Q136332607,
Q27863520,
Q4459247,
Q5936666,
Q61589220,
Q125807577,
Q139429503,
Q12098216,
Q21599547,
Q126392088,
Q139430022,
Q139427706,
Q61118054,
Q16388865,
Q21287081,
Q135053761,
Q12154119,
Q135704115,
Q134453587,
Q16700066,
Q106810942,
Q120634433,
Q130270340,
Q139429837,
Q135398910,
Q139436951,
Q139446036,
Q136524379,
Q135728640,
Q139422367,
Q5945517,
Q12619466,
Q12588050,
Q24856610,
Q12102940,
Q18634268,
Q12240844,
Q20570324,
Q25584132,
Q112403925,
Q16074918,
Q139432540,
Q139468485,
Q126327632,
Q135533955,
Q24862610,
Q135438201,
Q134623305,
Q135948602,
Q139431338,
Q135998392,
Q4422211,
Q16179522,
Q139477482,
Q12103274,
Q84466869,
Q12905793,
Q135180938,
Q61972548,
Q22773616,
Q139482856,
Q135703966,
Q139435936,
Q4268883,
Q97274399,
Q133826357,
Q12161195,
Q105773395,
Q12288264,
Q132130716,
Q4415866,
Q105706735,
Q108525742,
Q12227989,
Q123997482,
Q139442774,
Q139442583,
Q4458895,
Q117871541,
Q137969838,
Q139467948,
Q135732312,
Q20384337,
Q19754375,
Q63923920,
Q4429498,
Q137660486,
Q12720619,
Q124768934,
Q16141113,
Q139441394,
Q4142871,
Q25647006,
Q136388428,
Q21153757,
Q140291494,
Q61973562,
Q136850724,
Q136210491,
Q139074048,
Q137078093,
Q55733286,
Q21825044,
Q112022673,
Q136750386,
Q4055890,
Q16098743,
Q135437683,
Q28703235,
Q61041532,
Q105705945,
Q135670129,
Q16140827,
Q31178330,
Q12239743,
Q139423924,
Q139441381,
Q91476255,
Q62103840,
Q22917036,
Q131344062,
Q137849046,
Q139420076,
Q84082691,
Q139427464,
Q85981042,
Q16266934,
Q4524738,
Q12532971,
Q12098234,
Q11609053,
Q11270098,
Q85987444,
Q139423596,
Q138421101,
Q4149576,
Q12616644,
Q12168254,
Q139433035,
Q133798314,
Q138747323,
Q123002777,
Q139423556,
Q134308110,
Q21664099,
Q16335522,
Q105337386,
Q139431893,
Q139432990,
Q19915649,
Q20425547,
Q134947645,
Q16711489,
Q138412083,
Q6480217,
Q26255409,
Q27953699,
Q8936225,
Q138337305,
Q120190382,
Q134607533,
Q135258381,
Q20512191,
Q50640306,
Q12133571,
Q4294110,
Q11403912,
Q139423171,
Q113455608,
Q125631201,
Q16327117,
Q110115071,
Q139423111,
Q22690746,
Q139427021,
Q12588648,
Q12606361,
Q16328978,
Q112193973,
Q112442309,
Q13030229,
Q139428052,
Q18544467,
Q116660624,
Q16689686,
Q12555198,
Q97339810,
Q9080529,
Q17266185,
Q131308188,
Q9101312,
Q21636663,
Q15207030,
Q135973583,
Q139422352,
Q139906711,
Q85991239,
Q4333575,
Q15907363,
Q12171800,
Q136408626,
Q139469020,
Q55107864,
Q5946561,
Q20070139,
Q9634647,
Q138357272,
Q12162295,
Q21060207,
Q28702807,
Q139431247,
Q135732323,
Q24572895,
Q12615922,
Q16272855,
Q27953701,
Q12601812,
Q137735340,
Q85983963,
Q4232490,
Q139432350,
Q12534295,
Q106095761,
Q12141854,
Q4088455,
Q10922620,
Q135988606,
Q134988541,
Q24834013,
Q16178043,
Q20604319,
Q113396387,
Q12116005,
Q135719265,
Q139462546,
Q13141878,
Q12581528,
Q4160643,
Q4483469,
Q139423488,
Q79018799,
Q139622787,
Q135728544,
Q139505772,
Q9029691,
Q139446776,
Q19788354,
Q12586773,
Q12208736,
Q138836211,
Q31176162,
Q13020570,
Q12242424,
Q4063979,
Q135734008,
Q15909233,
Q83913931,
Q4274828,
Q112468750,
Q16720183,
Q111604749,
Q6823849,
Q56690844,
Q22812105,
Q56026861,
Q136089445,
Q16365166,
Q92973198,
Q105706402,
Q55736006,
Q132851972,
Q133809551,
Q139486507,
Q61135229,
Q139441870,
Q28355502,
Q43089315,
Q55107871,
Q16050518,
Q55694220,
Q18740925,
Q25437210,
Q11449938,
Q102853124,
Q112020901,
Q15070779,
Q27952043,
Q4452653,
Q139676536,
Q13024444,
Q17044878,
Q47670804,
Q136086962,
Q136303568,
Q131783461,
Q138514437,
Q139480990,
Q135712310,
Q138348773,
Q139442780,
Q139429104,
Q27951604,
Q4316943,
Q116925859,
Q104723291,
Q139480655,
Q12276577,
Q91423954,
Q112020870,
Q138008580,
Q139491341,
Q62116804,
Q79349059,
Q16641900,
Q139485248,
Q139976558,
Q139443740,
Q4137652,
Q112465801,
Q132643835,
Q139442288,
Q16704821,
Q137778787,
Q12105274,
Q16995578,
Q135734992,
Q54867698,
Q136128599,
Q138270103,
Q134468495,
Q139445486,
Q17043781,
Q25588148,
Q18736556,
Q12284024,
Q25646941,
Q137039290,
Q24000471,
Q4113317,
Q12140444,
Q25436038,
Q136705735,
Q4527717,
Q12527667,
Q28699027,
Q16140615,
Q108110213,
Q97231618,
Q139454910,
Q139426327,
Q11773470,
Q12236217,
Q133657399,
Q137338795,
Q25647018,
Q86002408,
Q100390717,
Q67934336,
Q12087253,
Q19826008,
Q139430313,
Q12158653,
Q24229215,
Q135707030,
Q60824972,
Q112419051,
Q138794149,
Q4364983,
Q16091916,
Q16121794,
Q16699135,
Q31447017,
Q139425196,
Q137771548,
Q97206936,
Q135736830,
Q55733533,
Q139440052,
Q140306140,
Q126684488,
Q25521058,
Q139434203,
Q137926160,
Q139436512,
Q12904593,
Q61115169,
Q135739470,
Q28061245,
Q139889330,
Q107109355,
Q12120239,
Q30094958,
Q57298943,
Q11645123,
Q110106470,
Q117133907,
Q139440670,
Q135009948,
Q112443961,
Q134888479,
Q124961549,
Q12101960,
Q37996518,
Q8835759,
Q136905418,
Q50414968,
Q4502519,
Q12611657,
Q12756944,
Q139440940,
Q6646350,
Q28686376,
Q65295997,
Q139423979,
Q55708509,
Q73136271,
Q117215539,
Q134308074,
Q136592848,
Q12172971,
Q56300325,
Q43374137,
Q16368789,
Q139188695,
Q12622001,
Q30947950,
Q58074325,
Q104485174,
Q124752183,
Q21640413,
Q12082083,
Q16124136,
Q4195609,
Q19614134,
Q124540515,
Q124539663,
Q139463370,
Q28357941,
Q139422748,
Q61973371,
Q134391056,
Q135267567,
Q135686580,
Q12550538,
Q16121751,
Q27048297,
Q139440931,
Q136638821,
Q7944956,
Q22696908,
Q135732932,
Q133651206,
Q135720403,
Q115380293,
Q135222470,
Q25541350,
Q65260689,
Q30973022,
Q12240442,
Q130640389,
Q135403850,
Q16120538,
Q9053271,
Q31067584,
Q109855288,
Q78116833,
Q16097478,
Q139439900,
Q12205870,
Q130246104,
Q16090154,
Q139446038,
Q138029457,
Q139432566,
Q136992605,
Q108404843,
Q4174680,
Q16923657,
Q47453181,
Q127788806,
Q139594811,
Q20041090,
Q139426395,
Q24263185,
Q135508417,
Q12228795,
Q133678808,
Q16719426,
Q39385730,
Q138713483,
Q116886679,
Q139433722,
Q10830169,
Q139455555,
Q16723591,
Q12208928,
Q138865662,
Q19162167,
Q139439764,
Q16594018,
Q18056957,
Q137816700,
Q12277613,
Q138381056,
Q138566464,
Q51669686,
Q135706559,
Q139485066,
Q139422316,
Q134081012,
Q135675742,
Q136459986,
Q137945223,
Q97273416,
Q12531655,
Q20569126,
Q16179680,
Q16723823,
Q139441520,
Q28416730,
Q139578397,
Q127887501,
Q140197901,
Q135704405,
Q24010751,
Q139468545,
Q139587809,
Q12102235,
Q5939931,
Q6551940,
Q116215920,
Q139425861,
Q16053041,
Q20437595,
Q30016512,
Q30962246,
Q5950972,
Q139422798,
Q117133882,
Q50347278,
Q4439576,
Q135726836,
Q126684239,
Q21576386,
Q124755888,
Q135881988,
Q136047775,
Q12231674,
Q64435207,
Q136428847,
Q139441136,
Q136941364,
Q32362483,
Q4111477,
Q109276296,
Q123157163,
Q11333734,
Q25449954,
Q139439793,
Q4529070,
Q117157220,
Q12984814,
Q139459785,
Q107550883,
Q56605010,
Q12093172,
Q12078247,
Q137078310,
Q133857441,
Q16176145,
Q2056599,
Q12588876,
Q19701152,
Q126684182,
Q21109051,
Q16698219,
Q17682978,
Q123572939,
Q4338041,
Q22981841,
Q21156104,
Q27951782,
Q116656015,
Q139466972,
Q136475752,
Q4167428,
Q16596662,
Q28702420,
Q11467463,
Q12619694,
Q21058792,
Q61131137,
Q130270318,
Q4161354,
Q140130449,
Q12208136,
Q139433200,
Q139468140,
Q60685826,
Q23658574,
Q12231245,
Q31795495,
Q135694868,
Q135104488,
Q4518361,
Q10978804,
Q135728615,
Q107109376,
Q139428322,
Q110118164,
Q137660452,
Q16715881,
Q18657516,
Q27910291,
Q139436841,
Q135674369,
Q16123968,
Q25585595,
Q139853875,
Q9292996,
Q20606373,
Q135196774,
Q115028981,
Q112022202,
Q4236642,
Q134619513,
Q109415987,
Q48644710,
Q137673910,
Q138501282,
Q12241110,
Q35401402,
Q4278350,
Q139426291,
Q16139233,
Q61123229,
Q12082069,
Q48954108,
Q16908020,
Q138562947,
Q136389839,
Q139426632,
Q139424082,
Q16906885,
Q139663564,
Q135703900,
Q135735011,
Q16120110,
Q20559252,
Q84725050,
Q110486207,
Q12210128,
Q110833626,
Q65163289,
Q112731206,
Q4208255,
Q109339065,
Q55107525,
Q134706811,
Q31178169,
Q108411174,
Q139425730,
Q12408010,
Q20605707,
Q123157360,
Q19852119,
Q139423540,
Q112976976,
Q110132460,
Q135920338,
Q139477401,
Q4236758,
Q135712225,
Q136767175,
Q84513947,
Q5950390,
Q12604429,
Q12158256,
Q20068517,
Q20436197,
Q116533371,
Q85883036,
Q139429445,
Q18915762,
Q139436556,
Q47668169,
Q129241249,
Q135728629,
Q11867957,
Q106478472,
Q97654551,
Q5873013,
Q139424005,
Q60825275,
Q139820672,
Q81785364,
Q59191915,
Q65163282,
Q4286245,
Q135525837,
Q139440586,
Q28702425,
Q137485771,
Q139442331,
Q134390518,
Q126000354,
Q25585541,
Q12828665,
Q112872458,
Q123555408,
Q5933550,
Q139421962,
Q135719195,
Q139763786,
Q21663763,
Q140184120,
Q139440960,
Q4075494,
Q12087337,
Q107109558,
Q4405071,
Q11345544,
Q51667951,
Q124289502,
Q16365792,
Q83732476,
Q135418341,
Q139431891,
Q12622049,
Q138859162,
Q135733733,
Q69697299,
Q135641558,
Q40048878,
Q11069117,
Q135734098,
Q12090260,
Q136551090,
Q136908716,
Q139431281,
Q139256216,
Q16168222,
Q16438167,
Q16176521,
Q25459438,
Q109385345,
Q16123779,
Q4331901,
Q136136111,
Q10923016,
Q21096903,
Q20651913,
Q107641071,
Q60831051,
Q60839067,
Q12144391,
Q135732303,
Q139443283,
Q130753880,
Q20065796,
Q4282095,
Q137486101,
Q139427537,
Q4371928,
Q60826797,
Q139384712,
Q135719941,
Q11175950,
Q16173772,
Q16471814,
Q16723937,
Q24350483,
Q85999536,
Q16141254,
Q11176861,
Q138010706,
Q16378212,
Q28698153,
Q16189137,
Q138509328,
Q131162352,
Q4223289,
Q137893266,
Q12586924,
Q105706833,
Q133522038,
Q127427817,
Q140030665,
Q139444317,
Q139427284,
Q55702598,
Q89189873,
Q115254264,
Q18404558,
Q139483984,
Q19162199,
Q61131788,
Q139423709,
Q135712161,
Q17314820,
Q135728434,
Q139485967,
Q4147102,
Q28339429,
Q12137281,
Q4469266,
Q103858580,
Q35174504,
Q12528985,
Q65049303,
Q134075201,
Q109469259,
Q16656713,
Q124961488,
Q139498899,
Q139426222,
Q43088790,
Q135677769,
Q56368387,
Q13028262,
Q31194552,
Q135529128,
Q134215262,
Q44057675,
Q16711160,
Q4329784,
Q139441459,
Q138508851,
Q135712616,
Q119431993,
Q135102425,
Q60827664,
Q135732902,
Q109410325,
Q139197125,
Q115680277,
Q113127946,
Q138835530,
Q52194816,
Q12081252,
Q6539586,
Q138821449,
Q12292373,
Q136694252,
Q136131496,
Q139480183,
Q9087405,
Q9184941,
Q22046378,
Q123099481,
Q16435377,
Q135728415,
Q24299180,
Q139442094,
Q55266794,
Q139498250,
Q13169807,
Q135104643,
Q12107732,
Q16097179,
Q17221218,
Q12081638,
Q61098711,
Q139442993,
Q61114268,
Q61973985,
Q130286486,
Q28702346,
Q30610468,
Q30346719,
Q12407810,
Q138497348,
Q138030271,
Q136126381,
Q10969855,
Q18613467,
Q27757625,
Q134396095,
Q139419287,
Q7423289,
Q139423714,
Q11298049,
Q10940363,
Q12608006,
Q15703078,
Q18415692,
Q15140126,
Q65032213,
Q12535618,
Q135706604,
Q26831389,
Q10091590,
Q16677405,
Q16181365,
Q139441959,
Q133824825,
Q139432863,
Q120281151,
Q17682965,
Q8999389,
Q16673262,
Q116702285,
Q56368788,
Q16657001,
Q137591665,
Q107632063,
Q109415410,
Q27928764,
Q104338520,
Q113489916,
Q12612576,
Q12216027,
Q21710284,
Q47670163,
Q4055428,
Q124752124,
Q65333022,
Q139465303,
Q12411782,
Q139452196,
Q39468420,
Q19547859,
Q136721205,
Q16084538,
Q11271445,
Q16139581,
Q4078510,
Q23954783,
Q12220204,
Q139431186,
Q12817128,
Q133463878,
Q126970495,
Q16173777,
Q15935093,
Q56366761,
Q85586089,
Q21288309,
Q137778825,
Q116875301,
Q12221482,
Q24835218,
Q65059614,
Q134608364,
Q138568287,
Q19349371,
Q51090390,
Q54541160,
Q4227595,
Q12228159,
Q55107701,
Q136172906,
Q134466351,
Q139423912,
Q12123232,
Q16702153,
Q139426102,
Q139427424,
Q12109313,
Q136708137,
Q16667673,
Q5665182,
Q16098022,
Q20627457,
Q139444935,
Q112976931,
Q135236219,
Q139493296,
Q4054493,
Q31180556,
Q12589557,
Q139446907,
Q19918078,
Q139434063,
Q109332375,
Q13165556,
Q135729577,
Q9352940,
Q112554411,
Q130293287,
Q139483590,
Q13024403,
Q137534611,
Q136799193,
Q140321436,
Q2904031,
Q12195734,
Q12612549,
Q12613131,
Q55103065,
Q16710140,
Q5938629,
Q6571210,
Q20569631,
Q4249278,
Q18226791,
Q12578955,
Q135734942,
Q135733604,
Q20606786,
Q112023280,
Q31757850,
Q112021856,
Q139422870,
Q120107852,
Q15063333,
Q16435563,
Q112976972,
Q137395764,
Q139447357,
Q139442823,
Q136804150,
Q76283297,
Q139419844,
Q139423500,
Q111367512,
Q139440083,
Q16697968,
Q16370873,
Q61079624,
Q4444265,
Q12596094,
Q138006585,
Q136092863,
Q134498519,
Q139486141,
Q11178812,
Q20070204,
Q17993917,
Q18244777,
Q21105800,
Q16377182,
Q135915676,
Q116702105,
Q137196031,
Q139439736,
Q5691542,
Q12577040,
Q11169316,
Q139420433,
Q12117384,
Q135726807,
Q135686551,
Q124755008,
Q135417961,
Q112977003,
Q139434014,
Q135730315,
Q139784907,
Q110567736,
Q9121526,
Q6586923,
Q25540232,
Q130539782,
Q140361067,
Q44056897,
Q86000015,
Q12151451,
Q109258450,
Q12596990,
Q133775872,
Q11888347,
Q139442575,
Q139446972,
Q140084942,
Q139423646,
Q16329353,
Q12618762,
Q139425376,
Q139425314,
Q139428376,
Q130279754,
Q74146809,
Q20070533,
Q12145131,
Q139431933,
Q24175782,
Q134479232,
Q135704763,
Q12535063,
Q31444434,
Q54861267,
Q25927569,
Q22046118,
Q136418206,
Q4228543,
Q134561718,
Q133666292,
Q136767155,
Q136324830,
Q139431139,
Q84027070,
Q139425350,
Q135730062,
Q59594726,
Q135694887,
Q60989363,
Q139434789,
Q112463929,
Q31176481,
Q12531835,
Q6891519,
Q12597551,
Q134308072,
Q60826466,
Q15912415,
Q89190304,
Q135294775,
Q20482678,
Q134269824,
Q13019321,
Q18120864,
Q22973918,
Q107109382,
Q55107597,
Q136799259,
Q139434034,
Q47453001,
Q112976943,
Q134728787,
Q135734961,
Q16123222,
Q60824837,
Q132795061,
Q137110891,
Q105705963,
Q136716118,
Q12077682,
Q139098578,
Q85586209,
Q60733505,
Q12096468,
Q22137855,
Q65333616,
Q137585468,
Q136089719,
Q16713531,
Q4150376,
Q135735033,
Q131293810,
Q10565516,
Q16138919,
Q124770730,
Q138503680,
Q98598301,
Q135728501,
Q55584126,
Q139481129,
Q12093921,
Q135672464,
Q136868383,
Q20779760,
Q12152395,
Q56346631,
Q105717557,
Q110106635,
Q139796655,
Q20604306,
Q47453032,
Q116214815,
Q131305806,
Q61125469,
Q12562106,
Q13143711,
Q4387835,
Q6039381,
Q135733940,
Q139430165,
Q137829731,
Q139446068,
Q24845597,
Q101214979,
Q12149930,
Q112913723,
Q6598085,
Q21710292,
Q139440140,
Q65332825,
Q124373153,
Q140317815,
Q131547799,
Q139423100,
Q135391994,
Q37531260,
Q43110996,
Q61973063,
Q139440761,
Q51669792,
Q4232795,
Q24857111,
Q117133651,
Q12873611,
Q55978642,
Q131706742,
Q112337856,
Q25584765,
Q61125963,
Q139421702,
Q135711495,
Q15068386,
Q101001237,
Q136117724,
Q20608756,
Q139425935,
Q139440080,
Q4189313,
Q4168942,
Q16139193,
Q17043449,
Q131443959,
Q55108608,
Q135712380,
Q7551939,
Q12274793,
Q139440739,
Q131286878,
Q107108943,
Q65304944,
Q112487370,
Q4445244,
Q135010841,
Q12208132,
Q58222919,
Q73337195,
Q23992560,
Q139431184,
Q116823237,
Q16082238,
Q65197801,
Q138030239,
Q55103886,
Q139474537,
Q139427898,
Q4130389,
Q15924346,
Q105705551,
Q111382989,
Q16433598,
Q21575959,
Q2642876,
Q139917155,
Q17143202,
Q139426097,
Q5910194,
Q47453185,
Q18279144,
Q24898029,
Q56353262,
Q9765632,
Q79904323,
Q12173276,
Q16084297,
Q135728729,
Q135804152,
Q136275152,
Q12597209,
Q139430114,
Q4147229,
Q20434959,
Q128589921,
Q139445847,
Q139448125,
Q48760328,
Q11271772,
Q12173185,
Q16091523,
Q43111210,
Q139432253,
Q133654155,
Q13432200,
Q138803624,
Q13014735,
Q135728571,
Q16261910,
Q136466663,
Q135690149,
Q56570187,
Q112071974,
Q136454513,
Q4507042,
Q128553261,
Q54569872,
Q135728152,
Q109257789,
Q16123476,
Q10514204,
Q110113338,
Q139443282,
Q9218839,
Q112541669,
Q16120940,
Q139429148,
Q31873613,
Q4440838,
Q139453181,
Q135694543,
Q139430324,
Q136789909,
Q140325222,
Q138031167,
Q54869314,
Q134382342,
Q139741245,
Q11106789,
Q139445971,
Q140230904,
Q20607584,
Q16183002,
Q27689506,
Q139441025,
Q133825984,
Q139444243,
Q31820946,
Q114315380,
Q135237650,
Q20434691,
Q137988764,
Q134484598,
Q63148111,
Q30346287,
Q20607456,
Q137791537,
Q106646522,
Q139427444,
Q134083232,
Q136908573,
Q139784447,
Q12075611,
Q140085095,
Q135728807,
Q112976929,
Q5957559,
Q138749250,
Q4130373,
Q139440900,
Q139440416,
Q16332738,
Q12166584,
Q20604192,
Q139555813,
Q21666913,
Q69697308,
Q139424008,
Q61115093,
Q136033355,
Q118368975,
Q139464693,
Q136540151,
Q139443814,
Q95881059,
Q5771779,
Q112976973,
Q20628388,
Q12907107,
Q18246249,
Q112022908,
Q4519121,
Q56310430,
Q51670791,
Q139468172,
Q135734266,
Q134860360,
Q134459391,
Q20064073,
Q134533648,
Q17346082,
Q136437783,
Q100165794,
Q135728483,
Q112023284,
Q135686621,
Q12136712,
Q135602825,
Q3538639,
Q65190596,
Q139427163,
Q112022731,
Q139784807,
Q139473810,
Q13025884,
Q37385675,
Q125493006,
Q12613904,
Q138752796,
Q16140616,
Q12223301,
Q138413558,
Q139446193,
Q4214260,
Q139441455,
Q8972199,
Q61116749,
Q11318273,
Q44056964,
Q13023878,
Q4098584,
Q12227948,
Q135703786,
Q113954626,
Q25644828,
Q136029435,
Q12240531,
Q139446903,
Q12547670,
Q16262603,
Q55108795,
Q12615904,
Q105705495,
Q6731938,
Q12593058,
Q109460372,
Q139427750,
Q113490043,
Q135984032,
Q135733603,
Q136647059,
Q12086410,
Q5952284,
Q6779838,
Q112021373,
Q140158570,
Q139429903,
Q135092546,
Q4111188,
Q139458079,
Q97217208,
Q12587063,
Q139478781,
Q136747181,
Q135734109,
Q11443891,
Q136825421,
Q25438978,
Q9066161,
Q25584127,
Q126684098,
Q124623539,
Q51668202,
Q134147364,
Q61100544,
Q2066247,
Q135415167,
Q106881429,
Q65052091,
Q97346145,
Q16180564,
Q136816649,
Q46450430,
Q132184203,
Q15066196,
Q139425528,
Q16134413,
Q12220057,
Q31802382,
Q22247009,
Q110248199,
Q136789967,
Q16695055,
Q9113121,
Q20611084,
Q12243313,
Q135478266,
Q62008256,
Q17304800,
Q85885035,
Q137940229,
Q5996044,
Q4360911,
Q135617408,
Q21777263,
Q135736407,
Q12229248,
Q12611504,
Q139737997,
Q106479199,
Q137845063,
Q139480894,
Q12411136,
Q16366385,
Q137394471,
Q21641020,
Q21059813,
Q16706964,
Q16119532,
Q136033610,
Q12112316,
Q112021498,
Q139432535,
Q16139434,
Q139455311,
Q140183916,
Q12596692,
Q9216669,
Q19915508,
Q12172619,
Q100964950,
Q105706312,
Q17238157,
Q139477367,
Q13028315,
Q20630037,
Q139436004,
Q140222749,
Q20065782,
Q25580209,
Q107109748,
Q6859032,
Q16261188,
Q18663375,
Q139427611,
Q21683355,
Q4492792,
Q137515372,
Q85854715,
Q11561349,
Q139448341,
Q28699491,
Q139448328,
Q124770315,
Q11320652,
Q139445623,
Q97223637,
Q139737956,
Q135686597,
Q12751143,
Q63253727,
Q27951781,
Q4085969,
Q137285940,
Q137847664,
Q135729690,
Q57887732,
Q139436910,
Q48866048,
Q12087691,
Q138747967,
Q16173319,
Q107044050,
Q16260885,
Q29865352,
Q116492865,
Q65059640,
Q20533335,
Q138501595,
Q115349820,
Q120109248,
Q10461183,
Q16172884,
Q109459679,
Q16712970,
Q6620260,
Q4532586,
Q48897340,
Q16052958,
Q12246798,
Q19850101,
Q55104325,
Q20110136,
Q28413255,
Q4341937,
Q135704759,
Q9118356,
Q139435297,
Q81433908,
Q127618441,
Q4289191,
Q109428245,
Q17059685,
Q16092426,
Q139478611,
Q12221486,
Q119431821,
Q133256133,
Q137724343,
Q135915396,
Q139439980,
Q139764080,
Q136674874,
Q110117836,
Q139446257,
Q18634321,
Q108536052,
Q137537899,
Q139251359,
Q4224091,
Q139476798,
Q4269397,
Q12846213,
Q10853897,
Q138822243,
Q112455113,
Q139853721,
Q74146804,
Q16119643,
Q140069065,
Q61973448,
Q12159656,
Q14475934,
Q105961822,
Q140035118,
Q139423326,
Q139429283,
Q55524501,
Q135712114,
Q65190557,
Q17993225,
Q136358476,
Q85844050,
Q138579289,
Q18733781,
Q16905213,
Q97061477,
Q139858898,
Q124655208,
Q139431792,
Q31822022,
Q134711358,
Q4223803,
Q21709879,
Q140191563,
Q139415668,
Q12222605,
Q4140818,
Q4055115,
Q4524940,
Q27952183,
Q12094242,
Q16716022,
Q139433210,
Q139444383,
Q135718707,
Q4485015,
Q135712359,
Q137398518,
Q28712880,
Q16703090,
Q19826076,
Q18120765,
Q12172792,
Q12846541,
Q135928697,
Q140003854,
Q19850014,
Q125398520,
Q139424088,
Q4109938,
Q135704087,
Q135732609,
Q135693263,
Q138154326,
Q16128224,
Q15075293,
Q16711519,
Q139426744,
Q139447232,
Q134061740,
Q4284025,
Q120281728,
Q139446687,
Q12163019,
Q12608948,
Q48956613,
Q47818222,
Q139428786,
Q131542334,
Q12134742,
Q12555973,
Q63607931,
Q120280990,
Q19853634,
Q28414362,
Q11501564,
Q110115608,
Q4338007,
Q12216671,
Q25647001,
Q12171082,
Q139443999,
Q135734601,
Q112023699,
Q135326118,
Q139429276,
Q16088458,
Q24859392,
Q131359376,
Q134691096,
Q20613788,
Q138642133,
Q8977233,
Q12123544,
Q108307878,
Q17498941,
Q127433105,
Q16704515,
Q60830719,
Q133820340,
Q4344084,
Q136469347,
Q15149815,
Q134506197,
Q135718729,
Q16086764,
Q139428018,
Q20603948,
Q135244157,
Q138603184,
Q139422330,
Q139435671,
Q25424822,
Q55653786,
Q114864018,
Q131547764,
Q86991060,
Q140158215,
Q135737566,
Q25475187,
Q127789337,
Q137823732,
Q4242264,
Q20589053,
Q39040242,
Q12566503,
Q25584781,
Q136957030,
Q6891585,
Q136307083,
Q138026967,
Q29514395,
Q25647022,
Q24000251,
Q55106477,
Q25597927,
Q112154151,
Q47489351,
Q16088570,
Q61973513,
Q136303812,
Q16173056,
Q121412148,
Q11310963,
Q64744322,
Q134481079,
Q135510061,
Q5904544,
Q137886651,
Q5956185,
Q139424171,
Q17232086,
Q13142211,
Q16097625,
Q86201055,
Q15148311,
Q133866418,
Q43111284,
Q6813366,
Q48954243,
Q131547769,
Q16432830,
Q123216530,
Q20603961,
Q139432757,
Q12626097,
Q139432996,
Q138853439,
Q139444003,
Q13016769,
Q79815751,
Q79402565,
Q20512354,
Q135726766,
Q12213947,
Q16635236,
Q136914302,
Q139459105,
Q136007381,
Q10887061,
Q101700687,
Q15072199,
Q136996295,
Q139439759,
Q24000309,
Q139444078,
Q12169536,
Q135729515,
Q17346840,
Q136053054,
Q134972294,
Q18998441,
Q13031674,
Q12113348,
Q124207747,
Q112976979,
Q120264597,
Q92516979,
Q104176949,
Q17345949,
Q12904727,
Q138675101,
Q88389335,
Q84697161,
Q139423291,
Q97177760,
Q16125027,
Q28698450,
Q115528332,
Q16048159,
Q4066845,
Q110114860,
Q5948834,
Q5944570,
Q21825207,
Q64786118,
Q23659328,
Q28713583,
Q135922861,
Q12073845,
Q16180574,
Q125794383,
Q19851841,
Q139424879,
Q4161642,
Q138457854,
Q139307924,
Q15640462,
Q61079625,
Q11376294,
Q115522015,
Q117385077,
Q29865360,
Q117317213,
Q12202512,
Q16698979,
Q25442182,
Q96046373,
Q135719437,
Q4287345,
Q105946748,
Q61973940,
Q139374348,
Q4397714,
Q139426215,
Q133276519,
Q136957990,
Q79402504,
Q139440923,
Q119033064,
Q96098357,
Q136472149,
Q107306430,
Q139442578,
Q110206117,
Q3971937,
Q137194612,
Q16331103,
Q137945279,
Q131783586,
Q26884007,
Q16128221,
Q139445083,
Q112021399,
Q137903507,
Q134986880,
Q12565371,
Q16171770,
Q139443441,
Q10124591,
Q138081369,
Q139473920,
Q135730478,
Q138381134,
Q4361656,
Q4459790,
Q134132448,
Q131547614,
Q16702074,
Q135704069,
Q4250332,
Q21710005,
Q134991707,
Q59393582,
Q28702398,
Q134431928,
Q139436802,
Q113490158,
Q27951444,
Q97314359,
Q133706778,
Q123424017,
Q12119247,
Q55983740,
Q119997002,
Q17505320,
Q20394396,
Q136929809,
Q126970970,
Q135728485,
Q20578055,
Q138679703,
Q112977022,
Q109537196,
Q139468141,
Q12590889,
Q135511154,
Q5936201,
Q18536092,
Q139426930,
Q9449887,
Q139446493,
Q135271205,
Q139425365,
Q21060277,
Q61080598,
Q133863619,
Q8996409,
Q54598450,
Q6821545,
Q108494251,
Q139422876,
Q17174000,
Q16076993,
Q135706555,
Q135706724,
Q29864841,
Q134463760,
Q135694938,
Q16312183,
Q11147371,
Q134932606,
Q65277885,
Q86004118,
Q135111901,
Q31181712,
Q135737584,
Q20165457,
Q19483740,
Q139468026,
Q12170888,
Q139102242,
Q138745233,
Q108307909,
Q139428478,
Q137468713,
Q63436631,
Q139427632,
Q16433634,
Q134347226,
Q12601876,
Q137830405,
Q12145193,
Q16171710,
Q135694926,
Q138337477,
Q2767813,
Q139435306,
Q13210489,
Q140044398,
Q126683829,
Q60577329,
Q109411236,
Q108828107,
Q59050185,
Q15908623,
Q117133963,
Q15915651,
Q112021588,
Q136892491,
Q138312784,
Q12149200,
Q18118205,
Q28703066,
Q135728407,
Q54967186,
Q13026644,
Q28714060,
Q17320679,
Q133826407,
Q21034294,
Q139446742,
Q20067094,
Q16710008,
Q139442496,
Q113490308,
Q12614430,
Q16603567,
Q137261506,
Q109338072,
Q139425245,
Q11105970,
Q61091913,
Q16692387,
Q139441565,
Q139433712,
Q132278461,
Q136558726,
Q25460870,
Q133459014,
Q97577377,
Q12116666,
Q139432246,
Q89584058,
Q4401868,
Q16090303,
Q20609020,
Q136276521,
Q51669692,
Q140313273,
Q124770204,
Q111387913,
Q135718681,
Q137682328,
Q50385068,
Q108742921,
Q23656514,
Q56690824,
Q135704085,
Q55696632,
Q12616915,
Q28068196,
Q24025720,
Q135424612,
Q12075806,
Q138013796,
Q21154264,
Q21706476,
Q111048998,
Q139440754,
Q12610366,
Q6463077,
Q20512305,
Q12240798,
Q12240237,
Q139432517,
Q12562171,
Q9387809,
Q13166094,
Q57515897,
Q137901782,
Q139330230,
Q60829752,
Q138140456,
Q137823801,
Q135395397,
Q12625487,
Q16704409,
Q113852406,
Q139442302,
Q12161365,
Q139431342,
Q133504649,
Q30606611,
Q16182750,
Q136750304,
Q135728506,
Q12150447,
Q137606872,
Q139465969,
Q81226546,
Q139423162,
Q137700621,
Q139464875,
Q139681581,
Q139444322,
Q4513777,
Q5867849,
Q97222536,
Q135686407,
Q15913770,
Q123500515,
Q12121439,
Q45418030,
Q85996464,
Q16132020,
Q115528320,
Q84082175,
Q138529625,
Q136687357,
Q12084118,
Q12580883,
Q97097315,
Q139443606,
Q12416566,
Q4492930,
Q12223361,
Q31182044,
Q136556655,
Q31749778,
Q12150857,
Q139443925,
Q60991895,
Q31178691,
Q4460290,
Q16702227,
Q4346915,
Q135018248,
Q4253509,
Q4223713,
Q22973135,
Q139431322,
Q139429514,
Q12147804,
Q139422939,
Q31305276,
Q92431011,
Q12840489,
Q61135781,
Q110018523,
Q139427350,
Q4131532,
Q20607386,
Q139425762,
Q15911520,
Q79402501,
Q107168950,
Q21074520,
Q11316565,
Q131169509,
Q135728528,
Q135729907,
Q140247014,
Q21824822,
Q12087790,
Q135923018,
Q25417285,
Q61894138,
Q79402560,
Q11305335,
Q136707953,
Q109280419,
Q139426874,
Q131389095,
Q133835239,
Q5713394,
Q12170831,
Q12133315,
Q4461412,
Q97419486,
Q27825652,
Q106889449,
Q139931448,
Q135719795,
Q135972982,
Q85010079,
Q11670521,
Q28412229,
Q11529585,
Q12198554,
Q16436694,
Q139485787,
Q132197230,
Q16077455,
Q133640108,
Q12539615,
Q4428185,
Q134984257,
Q21644288,
Q139477058,
Q135935213,
Q12149374,
Q4208977,
Q123123881,
Q28700836,
Q21710516,
Q23994826,
Q9353892,
Q12910376,
Q139433224,
Q112021401,
Q139440518,
Q20070739,
Q18815560,
Q134005842,
Q137668947,
Q135704080,
Q119286419,
Q134319464,
Q139436521,
Q18280304,
Q139425131,
Q20624808,
Q135713765,
Q4524130,
Q113490326,
Q13056961,
Q13028241,
Q139446934,
Q135410019,
Q135703810,
Q112027742,
Q114340930,
Q117133503,
Q14663889,
Q139731906,
Q139421364,
Q30945078,
Q12611440,
Q132777730,
Q65333934,
Q135652808,
Q21106114,
Q21057605,
Q4521001,
Q136334398,
Q17525129,
Q86972819,
Q136118021,
Q139442767,
Q124755646,
Q97164102,
Q123129168,
Q137324301,
Q54912231,
Q139083296,
Q20411987,
Q115528049,
Q139549634,
Q4330878,
Q25686010,
Q139429590,
Q25390882,
Q4129484,
Q20603941,
Q97575550,
Q119710511,
Q135657405,
Q136307719,
Q139446797,
Q16437770,
Q48042926,
Q139441709,
Q13019366,
Q6821505,
Q12087961,
Q4136081,
Q30942734,
Q117316889,
Q139427521,
Q113527395,
Q4458659,
Q110064792,
Q22773559,
Q112453942,
Q51668552,
Q112021037,
Q139426257,
Q25680717,
Q30605532,
Q139422814,
Q139447347,
Q61973729,
Q139428017,
Q85975625,
Q43088843,
Q94511823,
Q60729344,
Q139467956,
Q13200911,
Q126812165,
Q139429039,
Q28700356,
Q4397182,
Q5703162,
Q12110077,
Q135704823,
Q55108365,
Q16190313,
Q137900277,
Q97963171,
Q13022616,
Q135335523,
Q16636894,
Q73005608,
Q140004988,
Q40043047,
Q31446992,
Q140158969,
Q139426053,
Q134561715,
Q124654214,
Q4492671,
Q110280582,
Q112869588,
Q137947580,
Q17028776,
Q134181635,
Q107216514,
Q16654077,
Q139431785,
Q139430097,
Q28415726,
Q12094327,
Q136959424,
Q48956042,
Q139596783,
Q20606684,
Q131593378,
Q17314311,
Q134332113,
Q139444204,
Q15707204,
Q56415015,
Q25486514,
Q139439906,
Q12553247,
Q139441159,
Q21211777,
Q20857506,
Q96474747,
Q125054825,
Q4482197,
Q139622266,
Q133520515,
Q85986009,
Q139442388,
Q4159876,
Q139429180,
Q18340493,
Q12147174,
Q5944235,
Q20569240,
Q112976974,
Q85863267,
Q4321123,
Q16092292,
Q65180741,
Q139504863,
Q16307201,
Q140085161,
Q131920734,
Q139432295,
Q139440506,
Q12576181,
Q30972602,
Q16910724,
Q106618965,
Q16687098,
Q109469591,
Q25463728,
Q139423172,
Q139197965,
Q139474805,
Q140167721,
Q25464435,
Q98073061,
Q105706487,
Q107109012,
Q112021941,
Q9070606,
Q31456696,
Q139426362,
Q102349023,
Q4219549,
Q139427586,
Q16690335,
Q139427036,
Q11560803,
Q8927806,
Q139457212,
Q9061720,
Q16141697,
Q56558487,
Q115528329,
Q12123734,
Q28354729,
Q136229744,
Q133866689,
Q136408637,
Q95652504,
Q127095296,
Q139432632,
Q140076834,
Q12612608,
Q97276476,
Q139439959,
Q137486093,
Q139425303,
Q136790010,
Q12172199,
Q4514407,
Q45911870,
Q16668555,
Q105705528,
Q64681594,
Q14523671,
Q4306740,
Q21664105,
Q126005235,
Q48510067,
Q9082294,
Q104836462,
Q139105550,
Q4289913,
Q112976959,
Q4528722,
Q90812944,
Q18246483,
Q60694325,
Q139429146,
Q139324054,
Q20437633,
Q12154553,
Q12584293,
Q4061967,
Q97031642,
Q48928831,
Q112022877,
Q60455368,
Q133732236,
Q138858754,
Q114605251,
Q111476927,
Q139719874,
Q24025855,
Q19692826,
Q139436555,
Q21843796,
Q107718832,
Q4213076,
Q131547918,
Q134308073,
Q136431155,
Q4150126,
Q16176373,
Q139448962,
Q12761287,
Q9276116,
Q8975684,
Q139675957,
Q20497679,
Q107297608,
Q136104959,
Q98758404,
Q4303328,
Q139430169,
Q138277569,
Q4396420,
Q12111876,
Q136651477,
Q139446944,
Q135718709,
Q135726857,
Q139429710,
Q136849316,
Q116278226,
Q6524571,
Q111932819,
Q12624234,
Q110404957,
Q102113974,
Q16903222,
Q12752272,
Q137900886,
Q139442850,
Q20066274,
Q12122634,
Q98734329,
Q12407762,
Q29045090,
Q135711454,
Q97352051,
Q139446813,
Q28104800,
Q66820375,
Q137042863,
Q138413928,
Q112976963,
Q4133177,
Q135703932,
Q12153083,
Q137294677,
Q132776911,
Q24835876,
Q16082200,
Q12168948,
Q20604858,
Q31194768,
Q4212990,
Q7198704,
Q20626833,
Q135880988,
Q138473355,
Q135694076,
Q44054969,
Q139908251,
Q115528303,
Q139449758,
Q112977018,
Q4370988,
Q137735775,
Q135025282,
Q19918306,
Q133826543,
Q134382403,
Q20068123,
Q139429491,
Q21576410,
Q112021140,
Q65170633,
Q19916239,
Q137734233,
Q16706715,
Q124961671,
Q15889211,
Q139422957,
Q21153590,
Q139434850,
Q48781036,
Q25463173,
Q139475258,
Q16904449,
Q12277557,
Q12139026,
Q135706536,
Q135728138,
Q27942574,
Q107109301,
Q136385414,
Q21706145,
Q139503814,
Q136747814,
Q18030384,
Q16119022,
Q12298385,
Q12544995,
Q16172110,
Q12619459,
Q107109717,
Q130362527,
Q134619531,
Q15906000,
Q136140614,
Q106527431,
Q20606965,
Q16713631,
Q85979374,
Q21663793,
Q11676084,
Q48909665,
Q139425269,
Q139443414,
Q139449548,
Q12209918,
Q4168299,
Q134562464,
Q13209756,
Q136472180,
Q139423781,
Q16084077,
Q55655738,
Q12215949,
Q16122608,
Q135474666,
Q135038918,
Q139423288,
Q105946754,
Q16272200,
Q12247850,
Q139421425,
Q139444032,
Q139441726,
Q139431220,
Q139457029,
Q135730178,
Q135738929,
Q4156354,
Q15087086,
Q136688956,
Q139485095,
Q115058555,
Q81031903,
Q135720623,
Q138803913,
Q12612776,
Q12153881,
Q30969353,
Q22125444,
Q25386967,
Q10566550,
Q136416194,
Q12616367,
Q20561778,
Q97203808,
Q135704055,
Q123232647,
Q109454306,
Q44057965,
Q4528910,
Q136789947,
Q137524102,
Q4442411,
Q12837574,
Q133826349,
Q139435699,
Q139432192,
Q13019256,
Q15121703,
Q9104905,
Q139423125,
Q135719868,
Q21060109,
Q11532917,
Q28358342,
Q55107543,
Q24856141,
Q135711452,
Q9291245,
Q16084057,
Q4403864,
Q19819646,
Q98239800,
Q139439733,
Q139429920,
Q135684609,
Q111611081,
Q134427706,
Q139440903,
Q12605717,
Q12528135,
Q96748690,
Q55735341,
Q139431793,
Q27921920,
Q16668667,
Q55808421,
Q131624280,
Q111372425,
Q65208742,
Q12119714,
Q136445997,
Q55734260,
Q25424530,
Q12228137,
Q106994665,
Q135719193,
Q41186854,
Q12148283,
Q135972557,
Q104783030,
Q112455047,
Q131830920,
Q16096947,
Q135704603,
Q132817870,
Q61135976,
Q12168812,
Q137900978,
Q126870232,
Q117133818,
Q15062037,
Q4293855,
Q4167003,
Q114721628,
Q139423587,
Q139057316,
Q56367955,
Q136326087,
Q137753742,
Q12133529,
Q139784723,
Q139447614,
Q12606917,
Q47012097,
Q131872882,
Q140085045,
Q134342133,
Q27689538,
Q137856249,
Q139431100,
Q114421702,
Q12121208,
Q139454830,
Q135733915,
Q139429461,
Q19672724,
Q105358188,
Q12588562,
Q99196791,
Q137394752,
Q25454809,
Q55107554,
Q12251665,
Q11349438,
Q35368890,
Q20512161,
Q12115922,
Q97369568,
Q136278757,
Q16365354,
Q31449904,
Q139429930,
Q16172975,
Q139429274,
Q108756555,
Q60578792,
Q14949106,
Q13021368,
Q16084843,
Q85858553,
Q112660925,
Q139421919,
Q132291246,
Q31728566,
Q6853648,
Q112020784,
Q20069672,
Q112976962,
Q4217974,
Q16173761,
Q139481133,
Q139554084,
Q137944974,
Q133601786,
Q30308959,
Q139935833,
Q135733631,
Q133383572,
Q109469260,
Q13204443,
Q135729529,
Q16084961,
Q112020822,
Q139433807,
Q139425340,
Q20607530,
Q98094111,
Q135734902,
Q78123627,
Q135077827,
Q10899408,
Q12910191,
Q139422752,
Q28356223,
Q131426185,
Q139481047,
Q12172268,
Q4077983,
Q135617425,
Q105706378,
Q25423874,
Q113514999,
Q125493682,
Q12148237,
Q55523233,
Q16650864,
Q136464148,
Q112022197,
Q136276635,
Q125917730,
Q135439776,
Q139844853,
Q135989252,
Q17401428,
Q14562502,
Q9342026,
Q138546424,
Q132760231,
Q139459029,
Q140043006,
Q140174089,
Q18277522,
Q135680565,
Q65031673,
Q19349692,
Q137767161,
Q4041850,
Q139427575,
Q16094340,
Q50413503,
Q42533829,
Q137599054,
Q11330290,
Q112022235,
Q107109419,
Q115528171,
Q136864985,
Q4451906,
Q20628394,
Q18381282,
Q138640915,
Q44055896,
Q4209519,
Q6752842,
Q26255826,
Q139444674,
Q97230916,
Q137935430,
Q139424002,
Q112022955,
Q139441878,
Q12756138,
Q139941970,
Q4455398,
Q130760128,
Q140134896,
Q12118706,
Q9302638,
Q16121378,
Q137838130,
Q135734852,
Q55266831,
Q136745344,
Q118143466,
Q15080756,
Q139439907,
Q85998143,
Q135233850,
Q138589225,
Q136543355,
Q137427926,
Q20444965,
Q136173239,
Q139423290,
Q137119483,
Q134562319,
Q139428096,
Q139440449,
Q139900060,
Q112020956,
Q11285751,
Q139423157,
Q20607171,
Q4230546,
Q135719874,
Q140245345,
Q5943003,
Q61114782,
Q16692220,
Q13202277,
Q112023258,
Q20423369,
Q136794440,
Q24025862,
Q106618970,
Q30158914,
Q139442717,
Q109416894,
Q9106398,
Q16713897,
Q136515514,
Q12123254,
Q139380247,
Q139918994,
Q16047581,
Q16306594,
Q110118538,
Q117133576,
Q138632871,
Q12124319,
Q139432351,
Q12758098,
Q11459677,
Q47504762,
Q12420844,
Q139426586,
Q16182068,
Q112022680,
Q135216297,
Q21146883,
Q27951767,
Q110260178,
Q5888447,
Q85881065,
Q133844093,
Q137945002,
Q139442214,
Q11670863,
Q139424173,
Q8931424,
Q12605564,
Q139447352,
Q135855417,
Q12106912,
Q55540756,
Q132781198,
Q22129316,
Q61973535,
Q136303784,
Q56250548,
Q138649343,
Q13168889,
Q139429895,
Q130364087,
Q93937947,
Q124961678,
Q113490054,
Q4475049,
Q135735037,
Q11401632,
Q79404281,
Q136769271,
Q6911564,
Q4192629,
Q116894430,
Q27924071,
Q5944051,
Q136314787,
Q31455697,
Q135690059,
Q134581681,
Q136393678,
Q135455276,
Q20386818,
Q135694924,
Q20604352,
Q16437332,
Q16182814,
Q112454540,
Q109413613,
Q139445065,
Q139427692,
Q28417250,
Q16118308,
Q4064449,
Q42296157,
Q16929374,
Q61972759,
Q16432384,
Q135728553,
Q66432205,
Q31175250,
Q64681503,
Q97228780,
Q12593998,
Q4396643,
Q12618895,
Q138588706,
Q120263951,
Q20483542,
Q23683306,
Q30925120,
Q134878540,
Q16138413,
Q18397724,
Q16719340,
Q112021674,
Q6905142,
Q137945369,
Q55466559,
Q16128388,
Q12153425,
Q68638634,
Q5931667,
Q30957964,
Q133640682,
Q12839912,
Q55108149,
Q11536988,
Q139440151,
Q20604901,
Q136749431,
Q3739520,
Q20510908,
Q139427569,
Q12273497,
Q8266419,
Q84312728,
Q12759682,
Q3244985,
Q16139769,
Q138326799,
Q29358704,
Q139446316,
Q93492248,
Q135915835,
Q112477174,
Q139410908,
Q55609554,
Q138001727,
Q24287366,
Q135001429,
Q135257714,
Q12528489,
Q4134152,
Q130539791,
Q136816928,
Q136351881,
Q139465156,
Q22099487,
Q25646935,
Q21111272,
Q12590481,
Q54869323,
Q105705372,
Q135493618,
Q139425362,
Q133826487,
Q124080365,
Q112976954,
Q20607879,
Q138027755,
Q16305518,
Q88764512,
Q47453440,
Q4167019,
Q117824241,
Q20483520,
Q131721959,
Q12611859,
Q16635258,
Q112021338,
Q4524945,
Q16049170,
Q139425312,
Q16086810,
Q28715416,
Q110252178,
Q20418760,
Q63148150,
Q110967803,
Q12589768,
Q139456995,
Q12591894,
Q16139892,
Q6608897,
Q139432573,
Q139604520,
Q106402482,
Q29359512,
Q35585603,
Q19907948,
Q133460034,
Q135554852,
Q139428154,
Q23658827,
Q133888937,
Q97750065,
Q4242925,
Q4513793,
Q20070268,
Q106342384,
Q4441800,
Q139429702,
Q130539798,
Q8266326,
Q109173876,
Q16655353,
Q139473919,
Q5908065,
Q106301336,
Q17094417,
Q56357959,
Q112023278,
Q12150040,
Q135718716,
Q11114134,
Q138963171,
Q97200574,
Q139445024,
Q135735076,
Q139744295,
Q139436842,
Q79904342,
Q140044977,
Q12588207,
Q138758401,
Q107383506,
Q20570580,
Q136108697,
Q133892008,
Q139458337,
Q12275149,
Q135726844,
Q113489944,
Q137364209,
Q138030636,
Q12909522,
Q139444899,
Q22688780,
Q106847173,
Q58224125,
Q107109351,
Q136030330,
Q23658758,
Q25608233,
Q4211324,
Q55086180,
Q5480017,
Q18070570,
Q117355861,
Q12589767,
Q12615454,
Q139435930,
Q109414224,
Q76505814,
Q4148162,
Q16177819,
Q137969818,
Q63016856,
Q12121159,
Q9301595,
Q139479557,
Q135400547,
Q21683417,
Q139440440,
Q139426174,
Q139451641,
Q62757681,
Q12108723,
Q135691054,
Q139442400,
Q120403813,
Q15901655,
Q16174891,
Q18669514,
Q20067641,
Q12551752,
Q139714396,
Q139428492,
Q12616925,
Q12529155,
Q135732911,
Q16179555,
Q116688962,
Q16363650,
Q28414737,
Q4236756,
Q12214523,
Q26295045,
Q16719964,
Q24700208,
Q139440441,
Q12608068,
Q119521002,
Q139440442,
Q8992197,
Q139423991,
Q55728902,
Q19918247,
Q7171682,
Q51884610,
Q134547663,
Q12074155,
Q139432530,
Q139427789,
Q6530206,
Q108208229,
Q19795116,
Q136375501,
Q39614887,
Q139423554,
Q20611616,
Q28500736,
Q139425286,
Q139427513,
Q105706280,
Q137947294,
Q21393783,
Q16101960,
Q15928444,
Q11290957,
Q113952161,
Q140033846,
Q135690627,
Q46782380,
Q17220043,
Q10918379,
Q65249716,
Q135730473,
Q135736814,
Q55527272,
Q67210972,
Q16071034,
Q61972550,
Q20611814,
Q47067567,
Q139447248,
Q17426704,
Q135690376,
Q140199861,
Q109455596,
Q15064466,
Q12610982,
Q15898821,
Q97205270,
Q135693444,
Q139434217,
Q125501420,
Q6878184,
Q18276440,
Q6489037,
Q16091147,
Q16260552,
Q12084859,
Q139430353,
Q106536148,
Q4271258,
Q139443770,
Q138406247,
Q105705531,
Q20414783,
Q27908031,
Q24352884,
Q10987028,
Q140293713,
Q22975012,
Q60828818,
Q106265397,
Q28357950,
Q112463926,
Q12118211,
Q22124835,
Q55286082,
Q139441544,
Q135719269,
Q105706625,
Q105704770,
Q12144811,
Q131943053,
Q44056798,
Q107766045,
Q4397350,
Q16332513,
Q136447311,
Q131547925,
Q11344741,
Q16398713,
Q138601560,
Q16084097,
Q28357724,
Q15930492,
Q16139779,
Q65062147,
Q139416741,
Q140248198,
Q12555160,
Q11200671,
Q4138608,
Q139432196,
Q139466030,
Q135734997,
Q134888478,
Q19284166,
Q12578404,
Q112475802,
Q20608527,
Q137705953,
Q12885335,
Q4535196,
Q135686370,
Q130223800,
Q28714648,
Q136419457,
Q39040742,
Q135219632,
Q16130015,
Q109418150,
Q117007331,
Q21103031,
Q4077057,
Q16173370,
Q30609450,
Q18659301,
Q17094843,
Q138862994,
Q134413161,
Q85993972,
Q27150736,
Q31183105,
Q137400162,
Q12596495,
Q85854569,
Q139431174,
Q139426051,
Q139422771,
Q137398900,
Q15204921,
Q139440437,
Q136498039,
Q135427827,
Q135526317,
Q139429863,
Q5946158,
Q4234565,
Q109469278,
Q139436536,
Q139441504,
Q4280974,
Q109356743,
Q16722689,
Q138753218,
Q139429591,
Q107109379,
Q130926005,
Q9361434,
Q28354581,
Q138414365,
Q12535953,
Q16139066,
Q4287810,
Q24837677,
Q132992929,
Q12534795,
Q16656518,
Q134537812,
Q112976990,
Q139425270,
Q6768483,
Q118947763,
Q130286469,
Q12096269,
Q12567595,
Q12100228,
Q13026526,
Q109310275,
Q97243910,
Q60825597,
Q139436940,
Q127414394,
Q26776702,
Q135230725,
Q20354401,
Q38221637,
Q12118166,
Q136905185,
Q136734759,
Q137375565,
Q139454039,
Q48954576,
Q19916705,
Q63121447,
Q132891499,
Q139431314,
Q12131502,
Q139423579,
Q135739371,
Q13028390,
Q114255218,
Q107109759,
Q12534819,
Q12615347,
Q28418696,
Q44057265,
Q38247796,
Q139445768,
Q140320801,
Q2813957,
Q135704101,
Q11069165,
Q12246803,
Q13037957,
Q134447690,
Q3018612,
Q18118695,
Q131547505,
Q12081639,
Q11178458,
Q139430083,
Q139344083,
Q109299823,
Q133656888,
Q132179898,
Q12140484,
Q24845266,
Q4282797,
Q136759568,
Q139462597,
Q12279378,
Q19284232,
Q12113886,
Q16307864,
Q31180592,
Q109483563,
Q135735040,
Q97610605,
Q20608157,
Q4371414,
Q112020830,
Q138030204,
Q57194249,
Q115587266,
Q21092986,
Q55108570,
Q117316875,
Q16120622,
Q20066174,
Q31750960,
Q63249237,
Q106370180,
Q105705563,
Q139442763,
Q15951295,
Q56344726,
Q139458594,
Q135732929,
Q136758139,
Q12133182,
Q4224320,
Q25680846,
Q61115795,
Q20561054,
Q85010081,
Q136311761,
Q114805186,
Q139440930,
Q47669553,
Q102144028,
Q139433080,
Q4089403,
Q17043072,
Q4528907,
Q6766021,
Q139434103,
Q139425372,
Q24856497,
Q31349445,
Q55715911,
Q65172222,
Q139446209,
Q139002518,
Q4405746,
Q139468682,
Q17431606,
Q135728574,
Q60825868,
Q51668829,
Q135736824,
Q131409596,
Q55730887,
Q4254533,
Q139440983,
Q135728412,
Q139431700,
Q132187727,
Q28715091,
Q133825485,
Q48935545,
Q112022594,
Q140018883,
Q131547685,
Q139444876,
Q5954956,
Q131305560,
Q4172448,
Q139819837,
Q63124747,
Q136206546,
Q12114073,
Q55733857,
Q139443764,
Q26790429,
Q60986137,
Q134486954,
Q138164149,
Q21088832,
Q136127062,
Q112976971,
Q16131345,
Q135712621,
Q6644010,
Q4272835,
Q25686076,
Q11583857,
Q124039332,
Q123173913,
Q138752835,
Q6513035,
Q134053472,
Q12157608,
Q12599387,
Q135729509,
Q135706617,
Q140329216,
Q21096530,
Q111501034,
Q135733556,
Q28716759,
Q109469606,
Q20604173,
Q21211403,
Q12611577,
Q116059487,
Q137101993,
Q62096481,
Q123473974,
Q4152454,
Q139426871,
Q31175676,
Q131180807,
Q131937863,
Q12906154,
Q20604000,
Q5943393,
Q18242843,
Q54541058,
Q112848970,
Q139423915,
Q139420309,
Q51668800,
Q135728592,
Q21104412,
Q139430159,
Q109414469,
Q115528031,
Q139440463,
Q106071343,
Q139442397,
Q85010349,
Q11054000,
Q139427499,
Q37007269,
Q16177387,
Q136707874,
Q61972552,
Q9351819,
Q136866848,
Q136522676,
Q139427048,
Q112022587,
Q15944724,
Q61466245,
Q12605695,
Q136736462,
Q131308184,
Q137844943,
Q4203444,
Q18415835,
Q139427158,
Q128802110,
Q12207995,
Q97657545,
Q12188729,
Q12204171,
Q61105726,
Q133822118,
Q136722715,
Q12133269,
Q18057062,
Q16628241,
Q135732298,
Q114358172,
Q139423310,
Q139784289,
Q133697470,
Q20069007,
Q47671371,
Q40841378,
Q139448721,
Q13056157,
Q135704408,
Q20069650,
Q11324429,
Q112976950,
Q97319092,
Q138774964,
Q16435717,
Q12142369,
Q28703343,
Q61108458,
Q133852839,
Q116215004,
Q12579171,
Q13020562,
Q85988031,
Q139430484,
Q73352559,
Q112976900,
Q137427837,
Q15920036,
Q139422148,
Q12604299,
Q139436836,
Q15956115,
Q16175443,
Q68167905,
Q12080556,
Q135734661,
Q19161985,
Q18383887,
Q135728450,
Q139431799,
Q113711426,
Q138006958,
Q20470675,
Q133826396,
Q139439933,
Q25442144,
Q139431050,
Q4250186,
Q72255629,
Q16139991,
Q135484406,
Q10878454,
Q127038531,
Q120281415,
Q66133361,
Q25842515,
Q139439774,
Q10993195,
Q15066516,
Q58327407,
Q12562257,
Q12103116,
Q139882292,
Q130539416,
Q10779570,
Q6795156,
Q65170552,
Q12080946,
Q19820245,
Q115631614,
Q12174109,
Q29011502,
Q138828604,
Q12597731,
Q55103481,
Q86002396,
Q48928025,
Q113088936,
Q138535331,
Q6837137,
Q139483288,
Q84207367,
Q16782135,
Q61972446,
Q135735045,
Q135735019,
Q139422933,
Q135738949,
Q137885097,
Q115173981,
Q139442359,
Q133286292,
Q12109982,
Q137997940,
Q108533993,
Q12910023,
Q27953696,
Q48956030,
Q135728131,
Q11277679,
Q136401722,
Q15913801,
Q135720489,
Q139482623,
Q12153048,
Q12614377,
Q13203847,
Q22973940,
Q135264035,
Q5964575,
Q133809233,
Q137705444,
Q112023714,
Q138412094,
Q107108996,
Q97210416,
Q139444351,
Q139427134,
Q136763205,
Q5879894,
Q12173491,
Q132889159,
Q21092802,
Q139423195,
Q21107672,
Q112484693,
Q134966082,
Q22973352,
Q79811284,
Q20423769,
Q134488748,
Q139440681,
Q123312420,
Q133253360,
Q9366314,
Q133271609,
Q7055407,
Q18109613,
Q134879262,
Q17502250,
Q139446849,
Q57888122,
Q101557794,
Q100258158,
Q19939291,
Q20609319,
Q28412377,
Q112976980,
Q28090790,
Q11594303,
Q139442217,
Q55727434,
Q138413345,
Q139446965,
Q62070548,
Q4480940,
Q13204223,
Q59211821,
Q133416102,
Q12097965,
Q140173404,
Q139435830,
Q139466515,
Q135729329,
Q31450021,
Q139428851,
Q16175034,
Q12624197,
Q134391636,
Q20445344,
Q109689694,
Q139427713,
Q106085385,
Q16116652,
Q19692172,
Q139430092,
Q65031623,
Q32178647,
Q135734862,
Q130286501,
Q16297635,
Q12595275,
Q139425331,
Q17047638,
Q12587833,
Q93366823,
Q65226843,
Q139478955,
Q139423569,
Q138794300,
Q139429624,
Q56377090,
Q43380624,
Q109339127,
Q139670634,
Q139429239,
Q4131588,
Q139431264,
Q10347638,
Q4360470,
Q12119852,
Q24856493,
Q9093782,
Q20627492,
Q4415864,
Q97064028,
Q12107938,
Q20409241,
Q139820213,
Q11107113,
Q139429769,
Q24010343,
Q12247655,
Q51884697,
Q21683422,
Q4248028,
Q31818704,
Q12593789,
Q112021450,
Q135677747,
Q115661143,
Q12213909,
Q124039220,
Q136686816,
Q12560555,
Q55235077,
Q4279492,
Q64744694,
Q139427149,
Q138048706,
Q139428949,
Q20069659,
Q135643311,
Q139439867,
Q16121246,
Q135224929,
Q126075052,
Q139457543,
Q27928096,
Q27919156,
Q12618828,
Q22138088,
Q139427506,
Q112462827,
Q24856264,
Q135704241,
Q136084177,
Q135734971,
Q12534422,
Q12142304,
Q139444000,
Q135693540,
Q135694809,
Q140298317,
Q17025144,
Q133833191,
Q13022495,
Q116707250,
Q139735955,
Q136156990,
Q139427019,
Q107109858,
Q139450425,
Q20607430,
Q96276479,
Q12611074,
Q134723082,
Q139442085,
Q138944866,
Q137271859,
Q112976911,
Q139440119,
Q109414496,
Q15921541,
Q12142819,
Q139436138,
Q11411267,
Q109337580,
Q139441274,
Q135728633,
Q139443439,
Q124752069,
Q135736779,
Q120269021,
Q139422773,
Q12911520,
Q122841138,
Q18733406,
Q12610976,
Q139427182,
Q139429782,
Q139424175,
Q112977013,
Q107109176,
Q139429977,
Q139446103,
Q139442727,
Q57082153,
Q135111496,
Q28701324,
Q139429905,
Q139718502,
Q22100621,
Q107108933,
Q137041587,
Q32172487,
Q139440828,
Q136215048,
Q12227928,
Q18818653,
Q25555457,
Q47669077,
Q133817918,
Q137388740,
Q16087656,
Q139452303,
Q139428332,
Q31825920,
Q17314399,
Q139431060,
Q12571950,
Q16273070,
Q139427435,
Q4193014,
Q138298732,
Q139481582,
Q4331008,
Q106310785,
Q4280057,
Q135712609,
Q135728404,
Q137852537,
Q135276271,
Q133730628,
Q139860014,
Q16117983,
Q20395804,
Q13210659,
Q48927645,
Q135733873,
Q9297806,
Q66497720,
Q139422840,
Q16305608,
Q139431012,
Q135728803,
Q139445829,
Q32169630,
Q8987331,
Q137048793,
Q135728527,
Q22124980,
Q5867398,
Q12603073,
Q16182052,
Q15939801,
Q6542387,
Q21825467,
Q60829235,
Q62020948,
Q135670678,
Q123367437,
Q139445460,
Q135693317,
Q135718673,
Q126415571,
Q139433002,
Q139443007,
Q124253849,
Q16178605,
Q22973118,
Q113621078,
Q39391114,
Q133798206,
Q137656022,
Q120184139,
Q140135727,
Q139426985,
Q12223865,
Q132856875,
Q15909209,
Q16635521,
Q139440093,
Q139431803,
Q12105342,
Q108252065,
Q64995540,
Q12153221,
Q12086007,
Q12216365,
Q139423728,
Q21080839,
Q107557353,
Q122389867,
Q139440084,
Q12139215,
Q139439775,
Q65046690,
Q12252071,
Q56368819,
Q134276406,
Q136765164,
Q139063069,
Q139433065,
Q4344838,
Q139328813,
Q102180392,
Q55655688,
Q139433185,
Q133459754,
Q135737788,
Q139444900,
Q134088873,
Q137686336,
Q135704011,
Q4428268,
Q65298459,
Q139427775,
Q12114746,
Q18572382,
Q24856604,
Q139444821,
Q55108141,
Q55392400,
Q137380947,
Q87276645,
Q139496046,
Q47453209,
Q71008232,
Q16903377,
Q59381130,
Q20564043,
Q136676474,
Q139430045,
Q12111589,
Q138086942,
Q51749710,
Q137863886,
Q139446160,
Q116375450,
Q139450083,
Q39387107,
Q135734844,
Q135409577,
Q139446046,
Q135714473,
Q105981982,
Q136678789,
Q112027723,
Q21001790,
Q136845403,
Q16074723,
Q16119726,
Q55609736,
Q137361750,
Q16140356,
Q61972279,
Q139441792,
Q134585452,
Q136304520,
Q20628640,
Q139436045,
Q43358412,
Q140197530,
Q135690993,
Q48762884,
Q12224513,
Q12608951,
Q20502018,
Q122234250,
Q139440147,
Q139801796,
Q7027242,
Q4136970,
Q57027600,
Q11066935,
Q25431695,
Q23994902,
Q140134406,
Q123110367,
Q22137565,
Q28665665,
Q139420008,
Q63242024,
Q139434577,
Q132560612,
Q137915649,
Q139426473,
Q13114304,
Q12131581,
Q113490141,
Q25586246,
Q134294987,
Q6473243,
Q112089827,
Q139456909,
Q12116923,
Q12111646,
Q19852554,
Q25685999,
Q138654856,
Q28701690,
Q56113663,
Q125324167,
Q28357509,
Q135735021,
Q139431377,
Q135730090,
Q55102206,
Q61973974,
Q139441266,
Q23659110,
Q138794395,
Q28700644,
Q16714034,
Q39614641,
Q112021084,
Q12618110,
Q138575007,
Q135686456,
Q24642051,
Q137515276,
Q117467896,
Q139444306,
Q12976586,
Q48213970,
Q16723218,
Q24867507,
Q139423582,
Q124756033,
Q139444120,
Q120359138,
Q56377110,
Q61972556,
Q135432418,
Q114356386,
Q134403555,
Q12142784,
Q139478320,
Q48956435,
Q101152868,
Q139432230,
Q135693542,
Q20652869,
Q139301075,
Q12117980,
Q17012486,
Q18176077,
Q19614050,
Q135706603,
Q135719281,
Q112023286,
Q20610047,
Q16640610,
Q139431076,
Q4272751,
Q137160470,
Q107017207,
Q139011825,
Q138147002,
Q12570475,
Q139431862,
Q112022747,
Q16534354,
Q137823878,
Q139441949,
Q10897286,
Q133675763,
Q12251272,
Q137886814,
Q85999367,
Q135267577,
Q20066490,
Q20563862,
Q139565693,
Q11069821,
Q140146268,
Q138822046,
Q135733555,
Q12083580,
Q4199447,
Q12286921,
Q108303687,
Q17304805,
Q48751456,
Q123157042,
Q23995045,
Q25260091,
Q55104616,
Q139444033,
Q139444664,
Q139440772,
Q139782980,
Q134737201,
Q109774817,
Q140164593,
Q4170353,
Q12615196,
Q12278357,
Q119132021,
Q28665854,
Q79404627,
Q139440707,
Q139419008,
Q4428284,
Q12615235,
Q138842848,
Q12271487,
Q139432225,
Q136135748,
Q85852613,
Q10564533,
Q135713789,
Q124721173,
Q20068042,
Q139422139,
Q135728399,
Q12618531,
Q138972144,
Q16262325,
Q139435962,
Q60837708,
Q134270679,
Q20962836,
Q139441421,
Q139424312,
Q15077650,
Q136419954,
Q20110060,
Q28497676,
Q59690897,
Q139439982,
Q15929328,
Q137830526,
Q135704371,
Q135693314,
Q11265452,
Q30961539,
Q107483735,
Q66977609,
Q12152575,
Q113490129,
Q139429166,
Q17501005,
Q135730081,
Q134707047,
Q12105143,
Q139421456,
Q31822051,
Q4396574,
Q63755703,
Q137385463,
Q135720306,
Q19161904,
Q12118720,
Q12142053,
Q105888970,
Q47541816,
Q20068677,
Q19619020,
Q4453917,
Q131861666,
Q107109507,
Q106921041,
Q132958218,
Q13172121,
Q9187095,
Q19941486,
Q18235201,
Q114162693,
Q99461142,
Q135728594,
Q55108129,
Q21576427,
Q60825523,
Q4384679,
Q4233189,
Q65271529,
Q139424176,
Q138845061,
Q135690532,
Q25497019,
Q139553629,
Q139421822,
Q83913033,
Q65333928,
Q85998357,
Q133646964,
Q55107886,
Q30346170,
Q17992681,
Q4236995,
Q117038160,
Q12625247,
Q138412058,
Q20069186,
Q15080589,
Q12590745,
Q11109092,
Q139440882,
Q55103771,
Q79075964,
Q126683878,
Q4250187,
Q60833224,
Q20608678,
Q138685141,
Q139464274,
Q105979021,
Q4081353,
Q16635713,
Q21710501,
Q139448912,
Q24210276,
Q21664200,
Q25585651,
Q21660681,
Q12239642,
Q51668040,
Q12295254,
Q33395301,
Q12123233,
Q6891875,
Q26255984,
Q16710229,
Q4390971,
Q7007125,
Q12546389,
Q11292899,
Q139421956,
Q12245907,
Q15930496,
Q16124772,
Q18052668,
Q10806941,
Q139483591,
Q136568024,
Q111474005,
Q4514184,
Q139443431,
Q139425476,
Q139429928,
Q135728489,
Q135734290,
Q139784524,
Q107109703,
Q133503094,
Q136654896,
Q13018034,
Q136653917,
Q31179280,
Q12584026,
Q135116304,
Q25464178,
Q133539324,
Q60572735,
Q13144203,
Q139456154,
Q138002451,
Q97238590,
Q22099125,
Q135732959,
Q60826445,
Q15919558,
Q16180819,
Q30609804,
Q13134388,
Q63253728,
Q16328806,
Q15927559,
Q112442520,
Q33112550,
Q5662800,
Q137166114,
Q139445182,
Q138498999,
Q107109488,
Q106480172,
Q12910737,
Q105299420,
Q5949343,
Q17498851,
Q135726834,
Q139431014,
Q72050700,
Q4496848,
Q64684209,
Q16399911,
Q17346803,
Q97211827,
Q112022824,
Q139429158,
Q139015167,
Q20437110,
Q5783532,
Q126369117,
Q139423330,
Q25686182,
Q139428826,
Q115174694,
Q55104474,
Q20041380,
Q124052242,
Q44055902,
Q12242356,
Q24931177,
Q139428019,
Q135104611,
Q133864198,
Q11333564,
Q120143289,
Q24237223,
Q136214760,
Q136757373,
Q112989647,
Q12157908,
Q123053874,
Q136487904,
Q60694913,
Q132777946,
Q20562980,
Q123837988,
Q11454624,
Q139423993,
Q135734969,
Q18235566,
Q112869056,
Q136824492,
Q125450451,
Q22117843,
Q11298860,
Q135278587,
Q97230639,
Q98758443,
Q138508784,
Q12619725,
Q6840154,
Q60833185,
Q12588018,
Q139446968,
Q18652152,
Q139888050,
Q139820393,
Q139422820,
Q65450198,
Q137385200,
Q44057637,
Q29359421,
Q15549577,
Q4529845,
Q129571952,
Q4459277,
Q137345964,
Q104422766,
Q16176644,
Q139426161,
Q139444007,
Q135396042,
Q28713346,
Q135477727,
Q139442839,
Q139445955,
Q4141630,
Q135706611,
Q30933035,
Q16047133,
Q127691263,
Q11268867,
Q65156416,
Q755572,
Q65031641,
Q12154631,
Q24856307,
Q137324844,
Q5687092,
Q135706592,
Q139426535,
Q47489372,
Q139446406,
Q139419819,
Q111974575,
Q123455778,
Q135719504,
Q105706594,
Q133806731,
Q139430178,
Q135726852,
Q139588589,
Q12141952,
Q30961155,
Q138218327,
Q139425375,
Q138330042,
Q124255099,
Q124755797,
Q140361123,
Q140299689,
Q139443288,
Q8981704,
Q4505731,
Q4410657,
Q139433726,
Q135735641,
Q103846946,
Q11394762,
Q138312581,
Q135934861,
Q12107380,
Q138566516,
Q4074784,
Q12241196,
Q117747293,
Q56311861,
Q47010408,
Q12153279,
Q118115184,
Q55707796,
Q4076677,
Q105811299,
Q22974705,
Q139433944,
Q4532068,
Q136443112,
Q11119546,
Q55734646,
Q134691269,
Q134456296,
Q12142927,
Q135171998,
Q13054011,
Q18381260,
Q115267067,
Q16160592,
Q138842923,
Q133674787,
Q109492749,
Q125849627,
Q25582119,
Q139446906,
Q12611975,
Q103829726,
Q16341964,
Q15065139,
Q106718427,
Q55266855,
Q49240095,
Q135686892,
Q135733698,
Q12116969,
Q61973956,
Q61972979,
Q20391485,
Q112976938,
Q12102259,
Q65232859,
Q18756200,
Q19794566,
Q134378968,
Q139429578,
Q134486387,
Q109460190,
Q136713772,
Q110395358,
Q139443747,
Q134577660,
Q139434220,
Q55654422,
Q20945804,
Q4252138,
Q12600610,
Q20620504,
Q12170497,
Q12146591,
Q117074631,
Q135438812,
Q55103052,
Q6598441,
Q97657572,
Q112470946,
Q135718697,
Q106000352,
Q61134755,
Q107012766,
Q97180611,
Q12077660,
Q139441594,
Q139965087,
Q56248133,
Q137294248,
Q25617095,
Q28699091,
Q133980424,
Q139434822,
Q138491891,
Q11828883,
Q105946743,
Q135537945,
Q4402329,
Q79404626,
Q138413662,
Q107109206,
Q113489850,
Q135396527,
Q24430972,
Q137856829,
Q131905092,
Q12115967,
Q12528930,
Q61098101,
Q12609798,
Q16090216,
Q65288414,
Q107109531,
Q16141597,
Q139435254,
Q16129208,
Q136816859,
Q140159320,
Q20604588,
Q16591369,
Q12605049,
Q20652085,
Q12589345,
Q137710113,
Q55346719,
Q11294570,
Q106466756,
Q15140378,
Q12271260,
Q20111085,
Q27854121,
Q139455383,
Q16716024,
Q139427824,
Q60830960,
Q135103077,
Q51667965,
Q12611775,
Q139432581,
Q139488513,
Q135227073,
Q55735025,
Q139441675,
Q139466962,
Q133813143,
Q4154084,
Q99757180,
Q16087550,
Q138654764,
Q139564973,
Q112827452,
Q133152436,
Q15617423,
Q55102427,
Q9368359,
Q11109278,
Q65197777,
Q109416983,
Q97262375,
Q133806020,
Q112022363,
Q135678138,
Q139446520,
Q135693479,
Q135706676,
Q135706595,
Q15923616,
Q109337291,
Q4298420,
Q12182677,
Q25391130,
Q60578281,
Q4282471,
Q12873688,
Q107109144,
Q136676672,
Q137290875,
Q124755357,
Q12106613,
Q113671574,
Q130539510,
Q16121237,
Q139189817,
Q135691095,
Q20422336,
Q47670823,
Q12166791,
Q139446969,
Q20566875,
Q11773464,
Q27926067,
Q135441207,
Q9288300,
Q133500138,
Q20609993,
Q134408311,
Q109469264,
Q85974376,
Q4401581,
Q4074143,
Q18118179,
Q20561992,
Q137426335,
Q12073857,
Q12621395,
Q106917038,
Q136891560,
Q126684274,
Q139425272,
Q115090453,
Q4073772,
Q137737881,
Q136789979,
Q21141613,
Q12139160,
Q134267584,
Q135728370,
Q139422441,
Q135728659,
Q139484780,
Q132450946,
Q8989392,
Q134539011,
Q12087307,
Q24833327,
Q60827435,
Q75721567,
Q124429651,
Q138129316,
Q135733463,
Q25644743,
Q12101535,
Q135704133,
Q31177741,
Q106736148,
Q139464880,
Q85867996,
Q138566471,
Q12158903,
Q105705845,
Q139441538,
Q4065956,
Q136259697,
Q4179545,
Q108647771,
Q12622442,
Q54598501,
Q5691782,
Q65050976,
Q139434166,
Q29957659,
Q138638919,
Q12093203,
Q13141981,
Q65059681,
Q96308403,
Q135067452,
Q139446971,
Q140306137,
Q139843868,
Q135690486,
Q12752059,
Q4519251,
Q139108323,
Q65269314,
Q32361953,
Q133697733,
Q25439033,
Q29359364,
Q138752849,
Q30950989,
Q55737192,
Q139444097,
Q110983565,
Q68025982,
Q21060257,
Q123423998,
Q126679209,
Q16046456,
Q138655260,
Q139462377,
Q13058707,
Q15065668,
Q12553914,
Q126371532,
Q134467916,
Q123490631,
Q32178633,
Q139457411,
Q51885009,
Q139432849,
Q55102212,
Q124752092,
Q134885787,
Q139479233,
Q15912144,
Q60834330,
Q12081140,
Q12224991,
Q112976927,
Q139450771,
Q139420970,
Q60578761,
Q136815363,
Q135735003,
Q17043345,
Q25451482,
Q20564091,
Q139443632,
Q137731421,
Q138640430,
Q20010119,
Q114457815,
Q112192122,
Q4522581,
Q21110474,
Q20067694,
Q130532533,
Q19940839,
Q139446913,
Q139421700,
Q137515280,
Q12094032,
Q139429877,
Q112473611,
Q110567721,
Q109817319,
Q16120487,
Q139432289,
Q124752046,
Q110536496,
Q6890935,
Q16158564,
Q22099021,
Q12161764,
Q55715785,
Q16713924,
Q4474871,
Q15924871,
Q12113598,
Q5391032,
Q130286522,
Q20607994,
Q42293151,
Q133853936,
Q22919320,
Q23659377,
Q16703670,
Q139569406,
Q13173900,
Q20607685,
Q27953106,
Q43133101,
Q113517689,
Q6772973,
Q97373426,
Q133648634,
Q105970496,
Q11348708,
Q22688231,
Q4391237,
Q12587737,
Q104622200,
Q139155127,
Q133091572,
Q140202018,
Q47672882,
Q12606709,
Q21857243,
Q133458475,
Q22099904,
Q135617020,
Q61133451,
Q138573118,
Q139441133,
Q139447647,
Q25646952,
Q135732305,
Q139461203,
Q20607465,
Q135327030,
Q67936626,
Q135730397,
Q93288767,
Q139422803,
Q12169676,
Q28055216,
Q55734708,
Q47689971,
Q5938574,
Q16591354,
Q139432110,
Q25490629,
Q6549593,
Q16156522,
Q44155003,
Q4264590,
Q65032008,
Q63001202,
Q115136960,
Q85809391,
Q131409456,
Q97193333,
Q139436034,
Q16388207,
Q23072368,
Q139433667,
Q16371067,
Q6589346,
Q139426210,
Q139440516,
Q135689860,
Q137646391,
Q13958598,
Q65548311,
Q139423528,
Q139429786,
Q139432270,
Q4403926,
Q105811783,
Q139477853,
Q135733971,
Q139467443,
Q134008198,
Q115797289,
Q11063263,
Q7054906,
Q16098589,
Q15931297,
Q18634953,
Q16175968,
Q134280231,
Q25646953,
Q117072250,
Q134290489,
Q139436784,
Q20618022,
Q51884692,
Q139432021,
Q16173653,
Q4133686,
Q135442146,
Q83732421,
Q139737276,
Q111960408,
Q112976953,
Q20068322,
Q21403426,
Q139431778,
Q56026838,
Q97329227,
Q136802998,
Q4159664,
Q134954452,
Q22914843,
Q16670081,
Q9062357,
Q138574986,
Q139434834,
Q139441460,
Q139447355,
Q137857093,
Q29512813,
Q19915716,
Q135691113,
Q139440580,
Q139432534,
Q112312209,
Q12113419,
Q51002845,
Q112022783,
Q20067904,
Q20556767,
Q12622691,
Q135729331,
Q12221469,
Q4521702,
Q16179757,
Q47452983,
Q30961567,
Q111084123,
Q12613004,
Q12179578,
Q136413247,
Q60732244,
Q83206177,
Q12163443,
Q131176245,
Q112976961,
Q139420161,
Q135539734,
Q61079645,
Q65055433,
Q133494372,
Q139663674,
Q127788791,
Q138387640,
Q12110316,
Q139446218,
Q16440001,
Q139462591,
Q138337276,
Q55108495,
Q134838529,
Q108673868,
Q71313731,
Q21825183,
Q79904724,
Q65299975,
Q136193121,
Q31194747,
Q60824812,
Q139423615,
Q84162753,
Q120913171,
Q105706085,
Q139434776,
Q135712302,
Q136513308,
Q13033116,
Q12848212,
Q139425721,
Q83207415,
Q135694862,
Q56676430,
Q123566627,
Q4362916,
Q112977026,
Q138632886,
Q135082136,
Q127387396,
Q135183712,
Q139422743,
Q110129018,
Q65265810,
Q137886514,
Q136365746,
Q126971041,
Q17107133,
Q135104516,
Q134054317,
Q4198553,
Q139433664,
Q137969086,
Q16049849,
Q30879899,
Q113711497,
Q18175211,
Q4102575,
Q135735063,
Q139427502,
Q12587904,
Q135686186,
Q139917137,
Q9352479,
Q139443722,
Q112021244,
Q5962660,
Q139440550,
Q139423785,
Q12624121,
Q131625507,
Q109413797,
Q133889532,
Q110260598,
Q100453529,
Q27919215,
Q110816314,
Q25591553,
Q12574876,
Q28359213,
Q12404311,
Q139442218,
Q20409258,
Q113572990,
Q134083012,
Q135183875,
Q18604919,
Q137428172,
Q12249089,
Q18111365,
Q60990011,
Q135274653,
Q31178317,
Q139434104,
Q16082983,
Q61121932,
Q139423656,
Q26244362,
Q104151571,
Q15077049,
Q15069106,
Q16184439,
Q12230889,
Q20447663,
Q20608502,
Q6549392,
Q16342403,
Q18683555,
Q20069555,
Q47668761,
Q46829701,
Q139425042,
Q139424991,
Q106285179,
Q12619633,
Q15071618,
Q112976910,
Q30961202,
Q12086167,
Q20512784,
Q135733787,
Q112001462,
Q25582917,
Q139711128,
Q47665938,
Q61973248,
Q136789931,
Q131783630,
Q139424795,
Q12597202,
Q107109785,
Q31796665,
Q135719020,
Q139456558,
Q47667036,
Q139443005,
Q136093151,
Q12242378,
Q139422852,
Q16121172,
Q20605198,
Q134723146,
Q21575822,
Q112632182,
Q6603525,
Q6812111,
Q4096149,
Q4233047,
Q137180748,
Q17231930,
Q21058607,
Q118293212,
Q110118402,
Q136719015,
Q21710070,
Q136645208,
Q137644925,
Q12213103,
Q134607254,
Q60992062,
Q112449319,
Q19483813,
Q11382742,
Q139478549,
Q22685917,
Q16129924,
Q87186978,
Q136805815,
Q138601929,
Q13200827,
Q21101396,
Q11264507,
Q64532943,
Q137970731,
Q139591443,
Q30116938,
Q134563193,
Q12571001,
Q126683853,
Q4269189,
Q139443802,
Q98278540,
Q135713815,
Q139441566,
Q86686218,
Q34191695,
Q136236388,
Q126364905,
Q139485571,
Q4539507,
Q12760128,
Q20109638,
Q139423648,
Q57912229,
Q135879129,
Q47669717,
Q139429688,
Q135720068,
Q117822132,
Q7068840,
Q133443900,
Q25586595,
Q34615896,
Q47453121,
Q60621817,
Q65227501,
Q4235260,
Q12606819,
Q8925162,
Q55733553,
Q134285101,
Q109491096,
Q15910539,
Q135714084,
Q16652936,
Q20070645,
Q30605679,
Q12547111,
Q12611018,
Q55653107,
Q44474089,
Q138497578,
Q28356525,
Q44057399,
Q134301813,
Q4500666,
Q112976932,
Q47489568,
Q20610680,
Q20625433,
Q56690825,
Q85853614,
Q106727195,
Q12612968,
Q139447350,
Q108652169,
Q12115118,
Q69697284,
Q21639971,
Q139480204,
Q136454794,
Q137721142,
Q16118628,
Q139431379,
Q83680899,
Q124539662,
Q16904180,
Q139431768,
Q25680906,
Q109458245,
Q116980534,
Q16141264,
Q135706582,
Q135694933,
Q19855979,
Q139427457,
Q139427903,
Q20391469,
Q5719206,
Q4405036,
Q105832607,
Q139422915,
Q4100495,
Q139432698,
Q97305812,
Q16120148,
Q112977000,
Q12756951,
Q31194706,
Q9299491,
Q109337694,
Q20751219,
Q11470420,
Q39391027,
Q138588792,
Q136352168,
Q16091930,
Q133862353,
Q137683424,
Q12140995,
Q139429246,
Q22919214,
Q139429271,
Q135934117,
Q84581251,
Q137824431,
Q115528144,
Q16331244,
Q134082969,
Q4397201,
Q12164509,
Q108757866,
Q55107683,
Q139482668,
Q12583104,
Q139426115,
Q112022582,
Q139442726,
Q5945912,
Q140299687,
Q138967534,
Q137767080,
Q12216862,
Q139846991,
Q42431240,
Q135730641,
Q66828431,
Q27951908,
Q136663978,
Q55108805,
Q134435245,
Q112976935,
Q47397400,
Q16170268,
Q111152311,
Q134569949,
Q139442244,
Q116389829,
Q27952605,
Q135285608,
Q115697152,
Q26255554,
Q12198401,
Q30607147,
Q120278601,
Q107341726,
Q139443000,
Q140132544,
Q64153251,
Q23658644,
Q97225586,
Q20483111,
Q12147013,
Q139430396,
Q12090089,
Q22099410,
Q4183801,
Q15917098,
Q112021231,
Q135736969,
Q6767217,
Q12166527,
Q47668801,
Q134547772,
Q117133899,
Q106890713,
Q135284714,
Q12587800,
Q139443247,
Q139431351,
Q139432716,
Q19896528,
Q63778055,
Q124752161,
Q18741406,
Q22696741,
Q12547596,
Q130339082,
Q127529018,
Q15075030,
Q130540228,
Q138030169,
Q139426346,
Q139423311,
Q61121582,
Q12612389,
Q134942826,
Q74146959,
Q10886576,
Q101001234,
Q138572769,
Q135719352,
Q135726826,
Q135728548,
Q135733592,
Q136306435,
Q137486099,
Q25681045,
Q135738856,
Q65150351,
Q135719926,
Q132199804,
Q139442454,
Q97253471,
Q56255868,
Q24856034,
Q45107925,
Q139436781,
Q4191901,
Q138266055,
Q133826335,
Q133575821,
Q139969882,
Q133591498,
Q16139539,
Q6670374,
Q16172516,
Q43088918,
Q132194461,
Q110884677,
Q16120686,
Q137699162,
Q131417384,
Q12619689,
Q139428083,
Q8977678,
Q135267873,
Q26848984,
Q139427313,
Q116689897,
Q16183579,
Q135719878,
Q18191915,
Q136125878,
Q139439763,
Q116226461,
Q135712137,
Q85870267,
Q139429499,
Q24642360,
Q65031619,
Q55656424,
Q139594792,
Q135693916,
Q12130284,
Q98923418,
Q62973200,
Q135678583,
Q139426104,
Q4536649,
Q135718799,
Q140001377,
Q16090369,
Q21576926,
Q134953771,
Q133641360,
Q139426112,
Q78122445,
Q139429375,
Q12910880,
Q134385313,
Q6812422,
Q115864626,
Q85585284,
Q105706658,
Q134394113,
Q4272074,
Q133449059,
Q20606592,
Q27665639,
Q137683572,
Q16903742,
Q139458049,
Q139793854,
Q15900101,
Q12605722,
Q4508332,
Q60239359,
Q133826436,
Q139819983,
Q16715166,
Q31181963,
Q111723775,
Q11781780,
Q136706173,
Q137293839,
Q16173528,
Q31295454,
Q4482516,
Q47453131,
Q113490153,
Q139446311,
Q20962668,
Q137638511,
Q135713276,
Q135475225,
Q12527653,
Q17499664,
Q111674219,
Q16075601,
Q113371894,
Q16090162,
Q138821176,
Q112023275,
Q135720509,
Q139485279,
Q135734868,
Q25461365,
Q13026456,
Q20605579,
Q107106864,
Q4327593,
Q137863809,
Q139430763,
Q28713155,
Q16707705,
Q56026880,
Q15077097,
Q4271332,
Q135472862,
Q61100471,
Q112462449,
Q4180007,
Q139440873,
Q15916430,
Q26769527,
Q139442564,
Q12096059,
Q139446304,
Q137668889,
Q24037084,
Q115528316,
Q139431191,
Q131244023,
Q116763450,
Q6517011,
Q112022559,
Q9636460,
Q136269081,
Q136817474,
Q98633720,
Q9078727,
Q4401180,
Q16046580,
Q139440019,
Q136458797,
Q136383902,
Q16182618,
Q12094245,
Q12598228,
Q139899335,
Q31757767,
Q39386809,
Q18241887,
Q20396339,
Q12172286,
Q11616458,
Q140267886,
Q12555336,
Q9207390,
Q17344778,
Q16182298,
Q135226616,
Q134252312,
Q139449048,
Q4464189,
Q12218181,
Q139482041,
Q135735047,
Q116486247,
Q111726586,
Q10334455,
Q116272392,
Q20567414,
Q11358609,
Q137041324,
Q138965852,
Q139434067,
Q136941819,
Q139431249,
Q136719795,
Q137970758,
Q16641367,
Q20497319,
Q30961078,
Q25442184,
Q16052100,
Q9138793,
Q17159486,
Q138924387,
Q109358819,
Q109570275,
Q12160012,
Q16919937,
Q28665902,
Q19855266,
Q25388851,
Q12249061,
Q85974944,
Q112021387,
Q47453049,
Q139676939,
Q134071791,
Q5959403,
Q138496355,
Q135257461,
Q16121018,
Q5961743,
Q137939753,
Q12121091,
Q4166332,
Q15647454,
Q97210968,
Q55973324,
Q16073989,
Q12881744,
Q57315559,
Q112254468,
Q136469191,
Q16273480,
Q139433893,
Q138421171,
Q15926299,
Q4530002,
Q113490075,
Q20111272,
Q137701940,
Q139453845,
Q18221686,
Q16432074,
Q140184359,
Q135686215,
Q8998116,
Q120268363,
Q105706305,
Q138035261,
Q65200214,
Q12596521,
Q16708281,
Q140265815,
Q60834570,
Q135191144,
Q16097309,
Q139433126,
Q110260332,
Q137395704,
Q24000503,
Q43998497,
Q25647206,
Q139426245,
Q15942067,
Q23658575,
Q135430462,
Q4369288,
Q124849575,
Q139422086,
Q12593804,
Q114721455,
Q72077570,
Q30959207,
Q28358353,
Q138717321,
Q11463176,
Q28713859,
Q85854054,
Q138635003,
Q139440641,
Q31444505,
Q4514848,
Q139452998,
Q4526644,
Q97174870,
Q16724162,
Q16171462,
Q111812590,
Q12589280,
Q138299792,
Q83193306,
Q139173645,
Q127469697,
Q12613912,
Q135735024,
Q16090332,
Q139464741,
Q135728557,
Q85878748,
Q135726856,
Q12555356,
Q139440564,
Q135712404,
Q13053425,
Q16172551,
Q28699291,
Q21534223,
Q24000460,
Q137210072,
Q136431806,
Q139968995,
Q140158074,
Q133733412,
Q10948957,
Q139442413,
Q139440966,
Q139421490,
Q112023532,
Q17159282,
Q139427380,
Q4258896,
Q139468387,
Q13025512,
Q109257790,
Q135732952,
Q139434904,
Q137925473,
Q139429064,
Q97371576,
Q16308282,
Q30081102,
Q63225901,
Q12587641,
Q16435052,
Q16124930,
Q35831204,
Q24000709,
Q20606890,
Q12223149,
Q112467820,
Q5951425,
Q44155750,
Q12134421,
Q135730082,
Q4239807,
Q56260479,
Q15912073,
Q131356258,
Q96077287,
Q139445622,
Q135734896,
Q138505126,
Q135951259,
Q16090668,
Q81030954,
Q5141212,
Q85994741,
Q22774433,
Q133728798,
Q4289460,
Q16220087,
Q134436241,
Q140085205,
Q19959623,
Q24025861,
Q12215648,
Q4389592,
Q12555259,
Q16090577,
Q12560635,
Q39040733,
Q97316759,
Q84803648,
Q138030984,
Q85862396,
Q137556818,
Q137049226,
Q12083770,
Q30607294,
Q16083199,
Q135739249,
Q12604091,
Q30957533,
Q139188513,
Q137825336,
Q140043996,
Q116732823,
Q7224890,
Q18408912,
Q16128372,
Q140198263,
Q12597302,
Q109410807,
Q20482702,
Q25644651,
Q4074855,
Q16086741,
Q12574393,
Q135000809,
Q139436532,
Q139601292,
Q139444682,
Q16437292,
Q139436174,
Q12596680,
Q135730113,
Q139942196,
Q9455642,
Q9183743,
Q12613952,
Q9068007,
Q13026009,
Q114564397,
Q139454076,
Q12118430,
Q4377430,
Q12098032,
Q114853393,
Q4397011,
Q139433647,
Q133649849,
Q134078656,
Q97231307,
Q111032202,
Q137103712,
Q29358672,
Q10499702,
Q11086894,
Q4139806,
Q139423130,
Q16718468,
Q139423410,
Q55107912,
Q18652189,
Q112469706,
Q6579949,
Q139446214,
Q107109511,
Q131386684,
Q25645227,
Q139429024,
Q139467041,
Q28110442,
Q135712698,
Q18233647,
Q121603024,
Q16640450,
Q139428950,
Q131722649,
Q139451796,
Q9030083,
Q139432348,
Q140339437,
Q139426450,
Q116266839,
Q139483200,
Q13040686,
Q12083616,
Q4522763,
Q16126923,
Q139501430,
Q61906679,
Q135411378,
Q12541419,
Q21857171,
Q24833478,
Q16714988,
Q18634191,
Q16718580,
Q139430697,
Q115528377,
Q12543134,
Q15067399,
Q4467229,
Q134988207,
Q139440813,
Q139435358,
Q12148383,
Q61122415,
Q139485728,
Q139442384,
Q136745808,
Q28357569,
Q139467742,
Q107412422,
Q12167446,
Q135703873,
Q70254141,
Q12228135,
Q12115023,
Q10356820,
Q135704129,
Q4267061,
Q4071436,
Q12578537,
Q17371760,
Q47689565,
Q132034002,
Q12608171,
Q134459003,
Q4111585,
Q137597849,
Q4235702,
Q124791820,
Q12817977,
Q21857259,
Q37004795,
Q10498872,
Q16052177,
Q112023209,
Q139555867,
Q11522058,
Q19854639,
Q30892537,
Q112020946,
Q139480605,
Q135737581,
Q12150326,
Q48955934,
Q136289193,
Q107315251,
Q60572547,
Q61057953,
Q23659299,
Q4341354,
Q4053364,
Q12115608,
Q12207805,
Q139426987,
Q28354918,
Q23995049,
Q135054600,
Q61974023,
Q85995054,
Q139457017,
Q138938936,
Q12168762,
Q20630027,
Q26236996,
Q12154002,
Q106289332,
Q105811525,
Q25491959,
Q4528829,
Q16723777,
Q23659409,
Q138024631,
Q9340153,
Q139468401,
Q16125252,
Q9294543,
Q30345677,
Q12097730,
Q137106371,
Q139447595,
Q139571633,
Q67101577,
Q113490407,
Q114457930,
Q5722551,
Q8983833,
Q12579561,
Q16177297,
Q117133556,
Q140043051,
Q138819850,
Q139429353,
Q139440544,
Q139456286,
Q6813226,
Q135180970,
Q16141575,
Q48956510,
Q139427037,
Q138801677,
Q139426323,
Q133371832,
Q136373110,
Q139444927,
Q6554575,
Q27953875,
Q107404192,
Q12088084,
Q17177208,
Q23303852,
Q139419173,
Q12122182,
Q65153541,
Q134469306,
Q136352170,
Q8266317,
Q105705356,
Q133843560,
Q112021626,
Q47672498,
Q9354656,
Q12080390,
Q12612867,
Q120280172,
Q137822807,
Q139443930,
Q12403841,
Q16117902,
Q97275636,
Q112023273,
Q61913594,
Q12615578,
Q113490133,
Q28699522,
Q112406167,
Q136357517,
Q137375573,
Q137768550,
Q16307730,
Q28700798,
Q55266832,
Q16167238,
Q24877051,
Q11558127,
Q139504779,
Q109416938,
Q137811062,
Q139432060,
Q136868527,
Q4528634,
Q22129943,
Q24855848,
Q139427529,
Q120280679,
Q16164154,
Q135688640,
Q70253504,
Q7398878,
Q136357147,
Q138027615,
Q133615842,
Q139431881,
Q28499087,
Q136670694,
Q46737351,
Q135706596,
Q85865160,
Q135734913,
Q135738633,
Q4252921,
Q4524272,
Q60577330,
Q75078680,
Q116697685,
Q136699764,
Q139123951,
Q84465990,
Q13071148,
Q19632058,
Q107109585,
Q140158200,
Q136352169,
Q2643938,
Q12165895,
Q112976949,
Q139423777,
Q11648479,
Q139429640,
Q136515565,
Q30309066,
Q137189917,
Q12153855,
Q12242504,
Q12597296,
Q13210191,
Q25508646,
Q4219089,
Q19909788,
Q117385286,
Q139444208,
Q139485781,
Q10855144,
Q137555694,
Q27301402,
Q126684206,
Q15066822,
Q134481178,
Q61101003,
Q139446065,
Q16696998,
Q30945166,
Q115174075,
Q12106112,
Q16721821,
Q139423988,
Q16096939,
Q4083911,
Q16437659,
Q55197385,
Q140183617,
Q140314043,
Q107109350,
Q4254000,
Q6571177,
Q139430111,
Q139454488,
Q56061102,
Q12174010,
Q81034406,
Q12088712,
Q139426203,
Q135711993,
Q18815511,
Q139429242,
Q109558299,
Q76603817,
Q60578361,
Q17162315,
Q20482799,
Q31176721,
Q5973339,
Q138793810,
Q117133700,
Q139469348,
Q124453597,
Q20608070,
Q8266559,
Q30084239,
Q134562368,
Q4296375,
Q138358681,
Q4235191,
Q137924748,
Q140324828,
Q135703924,
Q4427283,
Q12121948,
Q16097632,
Q139445117,
Q133330078,
Q12587120,
Q109459165,
Q4468787,
Q60575699,
Q135918914,
Q23658854,
Q136667083,
Q119433076,
Q139443920,
Q109681800,
Q4058467,
Q8273109,
Q134485960,
Q12606057,
Q9358713,
Q136292476,
Q12216461,
Q31823524,
Q134462889,
Q135508974,
Q134513294,
Q134979007,
Q12604077,
Q12097580,
Q139427646,
Q139486435,
Q139479936,
Q139434047,
Q119293779,
Q135686579,
Q17345950,
Q139429237,
Q107109451,
Q65558076,
Q12529427,
Q135714297,
Q65620071,
Q135908063,
Q139423821,
Q108307792,
Q61135154,
Q137757962,
Q4082920,
Q139443255,
Q12752976,
Q97229561,
Q8266522,
Q139449162,
Q136307734,
Q116462386,
Q13030971,
Q21438212,
Q109414493,
Q16076640,
Q124462859,
Q27918161,
Q4261545,
Q136117771,
Q16139956,
Q124755932,
Q12078657,
Q4265333,
Q125884342,
Q139442238,
Q16178503,
Q9059425,
Q105705847,
Q16644983,
Q107109591,
Q131821793,
Q133799536,
Q137171435,
Q131549012,
Q106977153,
Q4320895,
Q139483815,
Q4054659,
Q139427743,
Q135686699,
Q139432981,
Q12142406,
Q23656064,
Q138807600,
Q109469605,
Q139764624,
Q139422964,
Q4295602,
Q9115016,
Q139425324,
Q139444947,
Q16118846,
Q98688439,
Q139442090,
Q16099264,
Q18668981,
Q65275867,
Q24229281,
Q109457675,
Q135728730,
Q97231238,
Q139446967,
Q15900506,
Q137882909,
Q137863957,
Q12097210,
Q136789923,
Q139540430,
Q25586985,
Q4242606,
Q139165258,
Q21092035,
Q4362622,
Q30081253,
Q135735138,
Q16140577,
Q135522044,
Q136773902,
Q12612761,
Q139427323,
Q16174240,
Q139481735,
Q17991930,
Q139432215,
Q139457555,
Q139619668,
Q97244060,
Q126325887,
Q134475537,
Q139429525,
Q19000346,
Q90862233,
Q12589039,
Q137065973,
Q22077690,
Q135712632,
Q112022675,
Q28699294,
Q20607194,
Q133454912,
Q97440786,
Q107109855,
Q13205980,
Q109258997,
Q5860071,
Q139423407,
Q84464941,
Q137756861,
Q9012261,
Q56308441,
Q15207029,
Q130085930,
Q133956925,
Q109338830,
Q20609931,
Q29708588,
Q42771130,
Q93006568,
Q63111245,
Q116195835,
Q12597072,
Q85976178,
Q121409353,
Q20387496,
Q97939399,
Q139816993,
Q13022030,
Q139442653,
Q96123755,
Q12879686,
Q60580550,
Q137776848,
Q84689376,
Q112977017,
Q9386833,
Q28700513,
Q140169869,
Q12597769,
Q79404353,
Q10266451,
Q138205629,
Q16080126,
Q136485085,
Q69697304,
Q136817310,
Q20070934,
Q137293273,
Q133791627,
Q12123820,
Q139429606,
Q111780218,
Q16075932,
Q12111049,
Q61133273,
Q23303749,
Q139424729,
Q135841429,
Q60996788,
Q139446135,
Q16433122,
Q12533521,
Q40467027,
Q29864850,
Q107363391,
Q15953006,
Q138672828,
Q135693530,
Q105704914,
Q43111022,
Q24025884,
Q16166390,
Q139486498,
Q112977016,
Q139431120,
Q139431268,
Q16170771,
Q78970176,
Q137014992,
Q139444076,
Q109257781,
Q119433055,
Q136486889,
Q139452770,
Q20510685,
Q139444447,
Q18327763,
Q138542324,
Q124771806,
Q118118094,
Q20608144,
Q15065760,
Q20388341,
Q20603955,
Q123329062,
Q139464792,
Q137852504,
Q139431761,
Q105705373,
Q135711955,
Q61119940,
Q134075951,
Q135737577,
Q20611444,
Q25454002,
Q139428801,
Q133730814,
Q25579968,
Q55108424,
Q28215125,
Q113490082,
Q16339413,
Q20577453,
Q139429785,
Q25452818,
Q12611988,
Q25644778,
Q139434494,
Q65261865,
Q139719106,
Q15919790,
Q140018944,
Q12228472,
Q12136308,
Q60565255,
Q4371931,
Q135735623,
Q138417938,
Q139443592,
Q19909122,
Q4311669,
Q139440969,
Q16173167,
Q12208232,
Q55731870,
Q138413597,
Q135737845,
Q17346822,
Q60836937,
Q16127366,
Q135713146,
Q12086009,
Q135693501,
Q135726787,
Q55683060,
Q25586670,
Q139473821,
Q39614480,
Q16436814,
Q135516422,
Q138341276,
Q20065940,
Q27963721,
Q8969173,
Q65054113,
Q4428176,
Q140285368,
Q127598466,
Q139589703,
Q127686764,
Q106291998,
Q117466847,
Q139462818,
Q9356771,
Q5874355,
Q135680522,
Q12228021,
Q21200846,
Q104782367,
Q20395515,
Q134312256,
Q135703885,
Q2764969,
Q135734998,
Q111539035,
Q136428275,
Q137661212,
Q138945232,
Q12842876,
Q112610538,
Q61108464,
Q140031355,
Q133626243,
Q9143050,
Q55105046,
Q24938066,
Q139798696,
Q12562675,
Q55406999,
Q75398979,
Q112551434,
Q136513016,
Q51669636,
Q133842224,
Q5839536,
Q139428479,
Q11289345,
Q135728155,
Q12616153,
Q21134126,
Q115528087,
Q112022195,
Q112977001,
Q12079545,
Q4059057,
Q31184188,
Q4063391,
Q11340632,
Q140310466,
Q4406162,
Q60826299,
Q12539724,
Q16705823,
Q139422830,
Q12582951,
Q139432538,
Q12537216,
Q12621407,
Q123020985,
Q28701775,
Q86012427,
Q139428790,
Q21141736,
Q138845168,
Q9039914,
Q136136153,
Q6760066,
Q42296274,
Q20068840,
Q131547543,
Q140085187,
Q118179460,
Q19701980,
Q105706067,
Q12113771,
Q139479383,
Q112976901,
Q16085666,
Q12759618,
Q4494840,
Q12096714,
Q110118070,
Q139424083,
Q135220109,
Q12206878,
Q31833078,
Q139422334,
Q55684052,
Q55104328,
Q134984442,
Q61132187,
Q140085230,
Q19939959,
Q20414090,
Q105978420,
Q51670193,
Q138779072,
Q135711837,
Q115912618,
Q134583097,
Q139419702,
Q63744003,
Q135189077,
Q109336871,
Q66744034,
Q136745462,
Q16088828,
Q5685098,
Q4225329,
Q117133797,
Q109414236,
Q139432043,
Q4290036,
Q22975110,
Q65333302,
Q135734935,
Q139449444,
Q20607270,
Q20482611,
Q139425890,
Q135720079,
Q19204681,
Q137326823,
Q15065391,
Q124039302,
Q9353130,
Q12095879,
Q28701896,
Q112976913,
Q139424895,
Q137124027,
Q135712799,
Q12162094,
Q105706185,
Q139432519,
Q131547676,
Q12561787,
Q84802185,
Q23655105,
Q28683256,
Q9374983,
Q61125752,
Q22918495,
Q112976975,
Q12216356,
Q139442711,
Q139744220,
Q135418155,
Q134493840,
Q139820636,
Q135686505,
Q133826442,
Q28699290,
Q108003156,
Q22918578,
Q139426338,
Q136535525,
Q6487316,
Q16174123,
Q139445323,
Q12173862,
Q139433809,
Q134440003,
Q10899200,
Q139483316,
Q139474356,
Q124957430,
Q97661907,
Q94736149,
Q139436151,
Q4412660,
Q79404657,
Q20069399,
Q4274951,
Q135540955,
Q136428834,
Q139446902,
Q117133533,
Q64514840,
Q136670558,
Q44058807,
Q122202805,
Q130539329,
Q6601105,
Q12115491,
Q12166595,
Q20594847,
Q135703922,
Q139493350,
Q16724123,
Q4285394,
Q110116216,
Q135718905,
Q135728437,
Q28701746,
Q135728533,
Q16177195,
Q6765770,
Q16180094,
Q9366068,
Q139427018,
Q44056563,
Q30327549,
Q4149894,
Q65203305,
Q85993550,
Q15938096,
Q44059661,
Q124755352,
Q65304147,
Q63779192,
Q52722485,
Q12121881,
Q138443829,
Q139440417,
Q12558235,
Q20066288,
Q19851921,
Q21575806,
Q139794295,
Q85997784,
Q12086421,
Q61099694,
Q139427602,
Q130216422,
Q16704597,
Q19917064,
Q20948647,
Q16091347,
Q11359392,
Q4536232,
Q110921160,
Q15914049,
Q12151493,
Q139421105,
Q139861411,
Q12073163,
Q12116398,
Q16644189,
Q135196863,
Q117746139,
Q139441105,
Q97242714,
Q116536655,
Q12587157,
Q12617851,
Q29359546,
Q12150933,
Q25498137,
Q28068746,
Q17372379,
Q136849469,
Q55102140,
Q18277832,
Q60831341,
Q140230418,
Q20068330,
Q137780415,
Q106479653,
Q138567966,
Q139421712,
Q137787170,
Q139426364,
Q135719323,
Q139857587,
Q86198836,
Q16706584,
Q139447912,
Q140053132,
Q105705330,
Q139427975,
Q16377988,
Q12605524,
Q12613114,
Q123674055,
Q60155325,
Q137843398,
Q139475153,
Q112021727,
Q139422361,
Q135732951,
Q16141358,
Q134776104,
Q139466917,
Q60694422,
Q61972954,
Q12885969,
Q85995111,
Q65277487,
Q12112705,
Q12599373,
Q12143985,
Q139443746,
Q20483293,
Q16120433,
Q79904669,
Q134606993,
Q139478620,
Q18116695,
Q98067992,
Q135561031,
Q68072911,
Q12102472,
Q131306164,
Q27062809,
Q47453157,
Q12075500,
Q136243476,
Q110863325,
Q139427227,
Q133521789,
Q120267822,
Q139468577,
Q134173199,
Q139429883,
Q4393567,
Q25424512,
Q137738006,
Q140263637,
Q139440666,
Q110128835,
Q130408370,
Q4442508,
Q134887442,
Q139422892,
Q16699556,
Q28469902,
Q44056520,
Q16312170,
Q24874668,
Q12529200,
Q56359578,
Q16175757,
Q12204079,
Q4208980,
Q4086996,
Q21040288,
Q11340744,
Q125501413,
Q139440490,
Q139423470,
Q25929821,
Q4462674,
Q139485625,
Q4391242,
Q139431245,
Q111077443,
Q20393907,
Q65206831,
Q20065930,
Q15910256,
Q139440795,
Q61112645,
Q135730544,
Q139427635,
Q23803500,
Q12613117,
Q7497448,
Q55104219,
Q42296209,
Q109412830,
Q35368893,
Q139466848,
Q15929990,
Q13021295,
Q60830933,
Q20482719,
Q112874414,
Q55291894,
Q112917821,
Q20434709,
Q16139999,
Q25464270,
Q117133567,
Q130286149,
Q124421818,
Q18119839,
Q12149994,
Q135694916,
Q79904168,
Q13024645,
Q16305602,
Q79815673,
Q107126447,
Q134997511,
Q139465602,
Q24936655,
Q134435317,
Q4088626,
Q139447281,
Q138388878,
Q135735064,
Q110113605,
Q30947966,
Q123550967,
Q136260197,
Q137718569,
Q110120294,
Q110965283,
Q139463543,
Q139473882,
Q55104811,
Q139429901,
Q67221104,
Q16097008,
Q20578105,
Q82259377,
Q139440510,
Q16701143,
Q123464588,
Q133817968,
Q93727477,
Q136719722,
Q139442382,
Q124424152,
Q139455157,
Q22988769,
Q27160778,
Q139431772,
Q137910186,
Q12078368,
Q22973190,
Q97168807,
Q2643998,
Q21534664,
Q20606824,
Q137325580,
Q12249039,
Q137535492,
Q113566944,
Q4476282,
Q139442312,
Q135686587,
Q10415572,
Q24936241,
Q12273751,
Q12603968,
Q20608270,
Q4169975,
Q112022206,
Q4456544,
Q12615262,
Q20110997,
Q112976933,
Q135686610,
Q4523836,
Q139901358,
Q136454911,
Q12140437,
Q20609150,
Q135694978,
Q16431785,
Q139425334,
Q105805753,
Q135735013,
Q16084214,
Q134067531,
Q134111750,
Q139444271,
Q11388333,
Q131409236,
Q55729445,
Q31449791,
Q135746020,
Q12160356,
Q20936604,
Q140342754,
Q22919209,
Q139440943,
Q24855660,
Q20444361,
Q120268337,
Q56272274,
Q135735051,
Q12138624,
Q4521836,
Q22696856,
Q139439890,
Q4084926,
Q17431772,
Q123419218,
Q84464464,
Q16082499,
Q12760140,
Q136352674,
Q45819397,
Q135230851,
Q139423192,
Q139484575,
Q21710471,
Q12209925,
Q12596469,
Q16697038,
Q7050951,
Q139424733,
Q12073495,
Q118196518,
Q133282628,
Q12181627,
Q135704301,
Q124756215,
Q12839135,
Q12984884,
Q13004261,
Q85992785,
Q139427131,
Q139461258,
Q23658618,
Q15915293,
Q25842478,
Q134181160,
Q12083507,
Q16119197,
Q17346819,
Q18653732,
Q139427057,
Q139442243,
Q16083601,
Q15141222,
Q12275177,
Q138029209,
Q19692760,
Q35369196,
Q123207786,
Q61973563,
Q139454447,
Q119575058,
Q98470631,
Q12619933,
Q13021426,
Q61973637,
Q4073766,
Q139478297,
Q133826526,
Q135734890,
Q135739686,
Q136259722,
Q16436623,
Q139445951,
Q12567156,
Q12542453,
Q139440546,
Q134946397,
Q11576115,
Q20067642,
Q135719042,
Q127762350,
Q139426340,
Q10918685,
Q16191982,
Q105705786,
Q12624277,
Q30345927,
Q58928263,
Q139892760,
Q85970617,
Q109461451,
Q56356695,
Q139422918,
Q9120834,
Q12299583,
Q135694859,
Q10900226,
Q56283380,
Q16629054,
Q17344705,
Q25452927,
Q6588206,
Q25436454,
Q136724456,
Q136661162,
Q135720409,
Q60825968,
Q15074557,
Q4520824,
Q61069908,
Q137291495,
Q138649572,
Q140085055,
Q12563955,
Q127513104,
Q114187671,
Q132888869,
Q22921212,
Q116386291,
Q139442414,
Q12096016,
Q135728722,
Q16716348,
Q112443391,
Q25451795,
Q25583480,
Q134577265,
Q139429896,
Q139482299,
Q139439526,
Q136095348,
Q84462210,
Q136679878,
Q4146232,
Q48911182,
Q139426646,
Q105706611,
Q137556560,
Q140312041,
Q135729952,
Q135680621,
Q12553287,
Q136813988,
Q139885840,
Q25644825,
Q139431884,
Q105746465,
Q31067006,
Q4062731,
Q21575785,
Q133826389,
Q60831153,
Q97265714,
Q12909509,
Q21984503,
Q18409524,
Q135730591,
Q97185693,
Q133503581,
Q139439983,
Q139441403,
Q138857485,
Q12559671,
Q136831278,
Q12586896,
Q32790011,
Q12570428,
Q137969001,
Q139425191,
Q139853823,
Q4444877,
Q139484871,
Q139483198,
Q22919583,
Q4232649,
Q138795459,
Q18652104,
Q111974670,
Q16164358,
Q22099661,
Q24025668,
Q13172856,
Q16666502,
Q124961276,
Q135713363,
Q131705810,
Q136406893,
Q117133954,
Q26243592,
Q17487103,
Q112976964,
Q139424071,
Q106618941,
Q21088860,
Q6728212,
Q51669711,
Q12600883,
Q31194769,
Q118464948,
Q136452458,
Q134055945,
Q139425356,
Q133825401,
Q12098145,
Q135085006,
Q135711563,
Q136464736,
Q139265391,
Q133566815,
Q16128324,
Q12172626,
Q109469266,
Q61121356,
Q124961763,
Q129508518,
Q115528130,
Q77866978,
Q139424161,
Q17095059,
Q139422166,
Q15953857,
Q108002983,
Q138028777,
Q12613862,
Q65130476,
Q16369982,
Q123455775,
Q4392451,
Q117057446,
Q136034723,
Q139423515,
Q137945085,
Q139427446,
Q18684865,
Q139446744,
Q106001460,
Q13021271,
Q139427518,
Q65046281,
Q137788820,
Q116264086,
Q136300055,
Q134821361,
Q6561070,
Q16081610,
Q135113161,
Q21825486,
Q12409613,
Q122507988,
Q124039208,
Q139016767,
Q139434345,
Q139431861,
Q138515529,
Q48963205,
Q12619702,
Q61139932,
Q55663674,
Q131648951,
Q19850115,
Q139425870,
Q16119366,
Q139431297,
Q15915075,
Q139434413,
Q33038049,
Q135713025,
Q116215136,
Q25424172,
Q25438480,
Q123463694,
Q116479125,
Q5680884,
Q139424770,
Q112021612,
Q24856309,
Q135718702,
Q48955909,
Q62691935,
Q12615220,
Q139421401,
Q21182380,
Q56365982,
Q136774418,
Q139440887,
Q134620136,
Q60990060,
Q105811418,
Q20611585,
Q136914260,
Q12102339,
Q21664151,
Q21059816,
Q119294165,
Q138508853,
Q16720059,
Q5865853,
Q134394587,
Q139422873,
Q137368282,
Q55695525,
Q10858182,
Q4096185,
Q11312241,
Q104777375,
Q66658298,
Q110134805,
Q4522861,
Q134693063,
Q139422383,
Q135690339,
Q137972070,
Q115907546,
Q126899021,
Q4362446,
Q12170931,
Q12171001,
Q139439898,
Q16090156,
Q12572343,
Q9319835,
Q24855925,
Q139439929,
Q24857820,
Q12617160,
Q136703560,
Q25555472,
Q24832899,
Q21667636,
Q139439794,
Q8938962,
Q13210790,
Q139480652,
Q136463915,
Q12133270,
Q47667537,
Q140164426,
Q139431808,
Q11647981,
Q136892339,
Q140239904,
Q86919279,
Q137971411,
Q118533323,
Q112020750,
Q16311469,
Q136528203,
Q31295449,
Q19850194,
Q109469253,
Q2604485,
Q16046782,
Q16693714,
Q85852860,
Q106296530,
Q11147240,
Q139429783,
Q139451797,
Q139420090,
Q12910064,
Q84847703,
Q18746001,
Q20422589,
Q135686600,
Q112444681,
Q139451335,
Q139429035,
Q139012545,
Q55102054,
Q16674212,
Q96190619,
Q139156498,
Q24009663,
Q136460407,
Q139455559,
Q12608048,
Q96283700,
Q17162091,
Q126733338,
Q109337352,
Q12122005,
Q10478807,
Q135691160,
Q139430760,
Q139446216,
Q12215851,
Q139428157,
Q135485882,
Q21083822,
Q12102270,
Q139466590,
Q139461919,
Q61780364,
Q139435482,
Q139522643,
Q122531267,
Q28498992,
Q133893649,
Q104817970,
Q64021964,
Q61973070,
Q135733625,
Q12755409,
Q139555835,
Q65336233,
Q15070388,
Q21643711,
Q12157129,
Q139428166,
Q135437436,
Q5959895,
Q136275673,
Q25492701,
Q135732873,
Q139717632,
Q131389622,
Q135679494,
Q61466693,
Q6657416,
Q139426190,
Q4335419,
Q20040220,
Q80099541,
Q9433927,
Q31361879,
Q139434714,
Q25646917,
Q117811432,
Q111812567,
Q135704653,
Q9377547,
Q131775719,
Q12602754,
Q4232868,
Q112511883,
Q12756137,
Q6612262,
Q78116940,
Q139430317,
Q55735655,
Q19547875,
Q11347205,
Q136218940,
Q18539379,
Q135720587,
Q44057167,
Q133279522,
Q140069136,
Q135735922,
Q140299255,
Q6853312,
Q135102748,
Q4408022,
Q12607669,
Q16638219,
Q139440890,
Q20110288,
Q117049614,
Q139419814,
Q139476768,
Q140306056,
Q16375350,
Q61116134,
Q65031634,
Q107301376,
Q139889279,
Q139443246,
Q117434715,
Q139426074,
Q13201805,
Q16121845,
Q133466479,
Q138823003,
Q12616045,
Q8945886,
Q19852350,
Q138001009,
Q133462744,
Q30606463,
Q51667615,
Q16717884,
Q137920377,
Q139443422,
Q5940121,
Q9310979,
Q106670808,
Q135728577,
Q135733487,
Q123677702,
Q28924485,
Q135726769,
Q139480656,
Q140289523,
Q20607106,
Q139309129,
Q65054478,
Q136324424,
Q135707173,
Q58211960,
Q19161942,
Q16177794,
Q27898366,
Q105704990,
Q139428928,
Q133832410,
Q4519423,
Q111840914,
Q112022959,
Q4396192,
Q85997337,
Q61116804,
Q109546179,
Q12140116,
Q135730258,
Q139655139,
Q4267768,
Q85860039,
Q139436740,
Q6462713,
Q67210053,
Q4155087,
Q60988306,
Q139422887,
Q135719163,
Q140085005,
Q60990427,
Q136914236,
Q23673942,
Q117133948,
Q134254047,
Q135191072,
Q134499349,
Q12612949,
Q4250269,
Q135715841,
Q127513544,
Q132175613,
Q133759654,
Q134777006,
Q84217343,
Q27953513,
Q9114803,
Q6539603,
Q106522151,
Q55104584,
Q126286165,
Q16119261,
Q139432099,
Q20947171,
Q15916715,
Q20411853,
Q51884839,
Q15938207,
Q8267014,
Q49967360,
Q111599783,
Q134366947,
Q12590781,
Q100401184,
Q113440962,
Q125200548,
Q139440095,
Q138752243,
Q12626091,
Q79808205,
Q139423654,
Q12231255,
Q16183295,
Q139484587,
Q139423996,
Q139442324,
Q112302387,
Q139444460,
Q12120234,
Q139444318,
Q30606742,
Q6462164,
Q125375151,
Q139595341,
Q104771832,
Q139435300,
Q25475351,
Q139444118,
Q55266767,
Q131823768,
Q133871062,
Q20625985,
Q108461863,
Q123995933,
Q6792018,
Q19909478,
Q4374131,
Q15081609,
Q78123125,
Q136229076,
Q16700736,
Q12171128,
Q106881884,
Q138654917,
Q135728651,
Q65160389,
Q15965106,
Q11084633,
Q139429924,
Q107050443,
Q15902897,
Q139442453,
Q97660479,
Q117133605,
Q11341795,
Q139434314,
Q58476446,
Q138018459,
Q135693293,
Q16178088,
Q12586668,
Q25647129,
Q55102957,
Q31178346,
Q85864923,
Q30887841,
Q61972832,
Q105706583,
Q137449593,
Q16090774,
Q105705076,
Q6829791,
Q136956339,
Q4498141,
Q105706074,
Q139436346,
Q139424793,
Q55460298,
Q16125258,
Q12749367,
Q25424342,
Q60565226,
Q105706385,
Q133697865,
Q42296425,
Q4492545,
Q139435722,
Q138840431,
Q107109493,
Q17431643,
Q15907104,
Q16086296,
Q137732277,
Q28057426,
Q16178118,
Q61135816,
Q61124990,
Q16162403,
Q114456884,
Q12884667,
Q61116630,
Q27919155,
Q139442581,
Q13027604,
Q12097765,
Q135535987,
Q13014074,
Q6553298,
Q137353784,
Q109832499,
Q139423132,
Q12598099,
Q4418977,
Q139484712,
Q60986376,
Q4166361,
Q13201344,
Q114132614,
Q139074324,
Q139763978,
Q131151766,
Q12625775,
Q135161489,
Q137803653,
Q139997593,
Q139423564,
Q139442777,
Q139432244,
Q30935884,
Q69696665,
Q12830851,
Q12198391,
Q12098232,
Q22690752,
Q135473470,
Q55108357,
Q135272965,
Q139428011,
Q10346625,
Q16438224,
Q12290419,
Q138219415,
Q10801124,
Q139928383,
Q12602956,
Q138298090,
Q112907055,
Q139429520,
Q138632894,
Q20559410,
Q99199343,
Q4205217,
Q13000835,
Q55732775,
Q48956028,
Q138335529,
Q107109160,
Q20042237,
Q16172474,
Q6542272,
Q124961367,
Q55108131,
Q31822036,
Q105705719,
Q133648318,
Q139447353,
Q19917974,
Q21182852,
Q119432694,
Q12112360,
Q135738797,
Q139427096,
Q134699676,
Q135525830,
Q105705338,
Q15089465,
Q134993965,
Q16331468,
Q132157741,
Q20622050,
Q139443997,
Q55105164,
Q139459935,
Q122507927,
Q112976991,
Q59844130,
Q137846375,
Q20110666,
Q139429020,
Q15063916,
Q106212181,
Q133644598,
Q12079382,
Q139435849,
Q138568816,
Q12079234,
Q112976969,
Q140353801,
Q4297439,
Q136412079,
Q12149949,
Q140159498,
Q20483610,
Q138645995,
Q22137499,
Q15915596,
Q12556805,
Q107109504,
Q21089239,
Q139458706,
Q12223291,
Q43089028,
Q19617833,
Q67499366,
Q12165274,
Q139443736,
Q8984429,
Q31177174,
Q16260884,
Q76288248,
Q9315865,
Q56359013,
Q4513624,
Q135720488,
Q125127318,
Q28700293,
Q67936378,
Q139731944,
Q20069670,
Q5860434,
Q10513773,
Q139434742,
Q138412572,
Q114457838,
Q139425300,
Q12537412,
Q22773900,
Q31751192,
Q31802385,
Q18118159,
Q55104720,
Q18999044,
Q124961660,
Q4159083,
Q115919948,
Q137731153,
Q139430164,
Q57194142,
Q138307592,
Q130426973,
Q12228002,
Q136816911,
Q12148329,
Q138528100,
Q29358994,
Q61108914,
Q139436947,
Q137754462,
Q139425882,
Q21210208,
Q24038395,
Q4413686,
Q17386297,
Q139439754,
Q12170778,
Q18110634,
Q4234413,
Q12984977,
Q107109871,
Q15918985,
Q132173031,
Q139446244,
Q139443820,
Q17278259,
Q135694855,
Q4364644,
Q139451624,
Q25423444,
Q12589044,
Q22099626,
Q12597672,
Q97162042,
Q134697621,
Q139620341,
Q19162008,
Q139463541,
Q139449765,
Q12584398,
Q24856680,
Q139430274,
Q16365419,
Q97233045,
Q4156690,
Q9619457,
Q61133349,
Q124660074,
Q61057544,
Q134445579,
Q109356678,
Q139796626,
Q136913248,
Q126463779,
Q4336729,
Q12615228,
Q21211431,
Q139424731,
Q6609112,
Q65264915,
Q139436096,
Q44057431,
Q139486292,
Q135729672,
Q112831354,
Q16166521,
Q20606336,
Q21060267,
Q16139828,
Q139440117,
Q135706778,
Q139452156,
Q12111346,
Q139444599,
Q123583640,
Q135728170,
Q12174091,
Q12609351,
Q113489934,
Q19851460,
Q136752670,
Q39644519,
Q140100927,
Q134385561,
Q24000459,
Q139427392,
Q12222465,
Q19910530,
Q139422952,
Q138787182,
Q12572717,
Q139436935,
Q61052657,
Q139455384,
Q30345020,
Q139477389,
Q136352166,
Q24229283,
Q23656151,
Q138929272,
Q56311275,
Q20056759,
Q5885083,
Q12135972,
Q65170573,
Q12117312,
Q135704036,
Q24835159,
Q97039015,
Q16656260,
Q28058519,
Q124752086,
Q12083864,
Q12222395,
Q131167895,
Q112895804,
Q138745491,
Q139444043,
Q135706598,
Q139429987,
Q55656553,
Q9354741,
Q106190334,
Q137754874,
Q27806646,
Q28699261,
Q139441648,
Q139436552,
Q136789788,
Q67931429,
Q136556743,
Q139432575,
Q20065744,
Q137718191,
Q61135424,
Q12082817,
Q16721947,
Q120280450,
Q16380788,
Q133868138,
Q4537055,
Q8980100,
Q109854964,
Q12103442,
Q131084644,
Q117133652,
Q18051005,
Q139441251,
Q108937199,
Q134240584,
Q112976904,
Q55727422,
Q137856657,
Q129264133,
Q139429611,
Q37922697,
Q28702985,
Q121716180,
Q4101635,
Q16591344,
Q16435907,
Q97190374,
Q73111943,
Q139446496,
Q139479528,
Q60826535,
Q109457854,
Q9024108,
Q113490103,
Q4363450,
Q139428996,
Q4502252,
Q3788587,
Q56826961,
Q132798486,
Q20067051,
Q124255110,
Q12152248,
Q137738722,
Q13022213,
Q97171370,
Q9349172,
Q11098405,
Q61434686,
Q125178468,
Q67936845,
Q138081224,
Q139440579,
Q55708810,
Q4206572,
Q135691103,
Q124769966,
Q20067091,
Q135728367,
Q139427544,
Q4149464,
Q139420249,
Q20687980,
Q134539444,
Q138588796,
Q139427352,
Q105706470,
Q124293336,
Q109551676,
Q136206570,
Q114421262,
Q28409832,
Q134177682,
Q137756228,
Q135693471,
Q26416206,
Q4374896,
Q1785159,
Q139031736,
Q139436775,
Q137827460,
Q135735595,
Q133861836,
Q16378524,
Q21092801,
Q12614065,
Q12542032,
Q12537410,
Q19918120,
Q139441024,
Q138940400,
Q4400072,
Q136460098,
Q6812780,
Q9364402,
Q134959537,
Q6539744,
Q12172615,
Q97238460,
Q135448885,
Q119433730,
Q116491821,
Q139480445,
Q139446847,
Q4093699,
Q112469306,
Q31351323,
Q12178542,
Q4622380,
Q106425702,
Q139447356,
Q135720438,
Q104218194,
Q16603309,
Q126501042,
Q5815195,
Q134619525,
Q134881934,
Q136847540,
Q135735452,
Q79404572,
Q135617360,
Q12075864,
Q98000321,
Q139458863,
Q139468787,
Q139485557,
Q20512263,
Q55203912,
Q19853757,
Q118976845,
Q12749692,
Q137856587,
Q139479230,
Q99673860,
Q19547806,
Q85873271,
Q139484937,
Q1601731,
Q139465780,
Q139442766,
Q20944641,
Q12906642,
Q25533144,
Q125304862,
Q12081853,
Q12618511,
Q9359256,
Q12145299,
Q115164506,
Q139427834,
Q139917390,
Q16180335,
Q12166451,
Q110117907,
Q136774464,
Q19657514,
Q6534906,
Q139433968,
Q12231970,
Q49364255,
Q4522327,
Q13033142,
Q12623950,
Q133810186,
Q65124866,
Q65240773,
Q12162457,
Q136225945,
Q135728390,
Q135737571,
Q135686223,
Q139425373,
Q118528069,
Q12589110,
Q16131034,
Q21059751,
Q13233436,
Q65226150,
Q138659973,
Q130303361,
Q134959935,
Q139432526,
Q56374507,
Q139478632,
Q118696536,
Q133856149,
Q140301563,
Q30610879,
Q97242106,
Q139441561,
Q27888777,
Q55107861,
Q3456467,
Q13070431,
Q112976968,
Q12625816,
Q22918625,
Q55103958,
Q108336221,
Q137946062,
Q19939993,
Q97181258,
Q12251515,
Q48881045,
Q4085237,
Q110421555,
Q139738002,
Q12910464,
Q97279354,
Q135735069,
Q4154102,
Q139797959,
Q119294240,
Q15136248,
Q68184990,
Q115529507,
Q11084927,
Q139449646,
Q16088733,
Q56309244,
Q6582391,
Q108186046,
Q18669005,
Q139441021,
Q25647110,
Q55553719,
Q16119121,
Q139789808,
Q135732136,
Q15436283,
Q135712133,
Q12609790,
Q70544527,
Q12151438,
Q61134154,
Q112311937,
Q12534523,
Q6994547,
Q4334209,
Q21709889,
Q4402422,
Q112671470,
Q136502884,
Q18380573,
Q110661871,
Q4430908,
Q109228648,
Q20533294,
Q4377775,
Q4336258,
Q24857131,
Q12588596,
Q12602458,
Q131139996,
Q105705905,
Q138752879,
Q4388873,
Q20066630,
Q4451903,
Q139427673,
Q138655231,
Q134690967,
Q27811414,
Q139445190,
Q4072182,
Q139440576,
Q135719885,
Q25519638,
Q4066885,
Q130268734,
Q10565569,
Q133641285,
Q139452122,
Q4263496,
Q135706316,
Q96460393,
Q120022133,
Q21041601,
Q24856224,
Q85868109,
Q137374422,
Q18384129,
Q12121968,
Q106926239,
Q60833621,
Q54491286,
Q16080224,
Q112023748,
Q4235206,
Q11105470,
Q12222093,
Q13018256,
Q20482957,
Q108671495,
Q21134481,
Q20607442,
Q139427347,
Q20604083,
Q9094202,
Q131449519,
Q4260726,
Q135726802,
Q12151977,
Q16978909,
Q139439941,
Q12752058,
Q138007316,
Q12207804,
Q84271806,
Q138700750,
Q20425320,
Q120279205,
Q16119166,
Q139434787,
Q138619461,
Q139431131,
Q131742903,
Q15819917,
Q139443436,
Q9288844,
Q18653976,
Q4416416,
Q139441712,
Q136750682,
Q109536928,
Q112023329,
Q139430834,
Q136658457,
Q111471446,
Q139431241,
Q66499241,
Q69697124,
Q110617067,
Q110118394,
Q130362757,
Q133862507,
Q21156309,
Q140321156,
Q25584968,
Q140011326,
Q139446245,
Q20557612,
Q26244332,
Q10565816,
Q12604881,
Q8266698,
Q133500022,
Q28057342,
Q31196688,
Q139459157,
Q11067216,
Q12905796,
Q20608453,
Q12296513,
Q105706754,
Q139439746,
Q138003884,
Q18544464,
Q135720471,
Q135686614,
Q12604933,
Q13023715,
Q134740161,
Q135678581,
Q117496516,
Q27867979,
Q9070800,
Q104871751,
Q4232059,
Q16140188,
Q20650244,
Q133286597,
Q112022691,
Q20445450,
Q24263654,
Q5880010,
Q140042982,
Q137910530,
Q106042278,
Q22919253,
Q12587804,
Q116960195,
Q139425186,
Q28379755,
Q131370150,
Q13142314,
Q12247664,
Q107240434,
Q135734831,
Q139429580,
Q12134428,
Q139427676,
Q139422157,
Q97225861,
Q139445085,
Q20611201,
Q139423951,
Q7463432,
Q139430629,
Q30949140,
Q130400698,
Q134984893,
Q139426565,
Q12986799,
Q4268752,
Q6879986,
Q4152047,
Q135706588,
Q16685987,
Q29359289,
Q109120498,
Q12223005,
Q106107126,
Q139447794,
Q96747564,
Q26201794,
Q139443744,
Q139502210,
Q139430209,
Q139427748,
Q16090691,
Q139434604,
Q17043198,
Q65252199,
Q12104289,
Q65156298,
Q65059636,
Q139436743,
Q135704354,
Q139440099,
Q138849750,
Q136736030,
Q15068314,
Q137716578,
Q12173583,
Q12552355,
Q138311050,
Q138588786,
Q117746556,
Q137294638,
Q134512886,
Q138603352,
Q4272909,
Q67498476,
Q4402579,
Q48645384,
Q139426409,
Q4257564,
Q139990546,
Q139423698,
Q16663305,
Q37799985,
Q31797093,
Q12222669,
Q15985309,
Q118278660,
Q25542683,
Q25647002,
Q76283477,
Q47667086,
Q10937919,
Q12241156,
Q132124174,
Q12210707,
Q5724904,
Q139419813,
Q138546290,
Q18692127,
Q140244759,
Q55695610,
Q140089913,
Q135691730,
Q5705278,
Q109356525,
Q21057713,
Q56026882,
Q20437231,
Q30037256,
Q61063098,
Q139441414,
Q139434828,
Q130539787,
Q139422795,
Q12172824,
Q29358585,
Q30081065,
Q63151291,
Q110868128,
Q20651639,
Q139427005,
Q124770304,
Q12094186,
Q28409208,
Q13026453,
Q136417817,
Q119432092,
Q139578539,
Q15081891,
Q135151234,
Q135729290,
Q79904081,
Q110406757,
Q6462158,
Q12086906,
Q85865972,
Q139433718,
Q4216354,
Q47486453,
Q94856920,
Q12174107,
Q139553243,
Q12590479,
Q134611941,
Q112302616,
Q15897018,
Q139431795,
Q60231002,
Q135682802,
Q139443624,
Q16658481,
Q110135633,
Q15909466,
Q55652680,
Q137298822,
Q12540726,
Q52152376,
Q61135495,
Q135104665,
Q139429686,
Q61117809,
Q12153270,
Q120265488,
Q16399915,
Q19718289,
Q12099429,
Q136815740,
Q20606401,
Q55731489,
Q139497299,
Q16297709,
Q113489838,
Q4226353,
Q19939554,
Q136932830,
Q136915469,
Q135704739,
Q43488555,
Q4444051,
Q139427515,
Q112021343,
Q135274301,
Q139480378,
Q139423308,
Q139440139,
Q47127540,
Q121484867,
Q30958508,
Q4274264,
Q134697885,
Q9470576,
Q21029213,
Q9475032,
Q9080412,
Q12286909,
Q11410230,
Q135334664,
Q139440820,
Q136170584,
Q110106019,
Q136647069,
Q134511513,
Q140169775,
Q139418988,
Q105706257,
Q12197680,
Q19918445,
Q16329462,
Q21060124,
Q135728551,
Q61895473,
Q12223786,
Q139431115,
Q133643861,
Q139577409,
Q9369036,
Q4460664,
Q7038605,
Q12119821,
Q135703916,
Q85873193,
Q97206117,
Q25541048,
Q112023628,
Q105771518,
Q137856563,
Q139425567,
Q16082492,
Q112020744,
Q11064298,
Q16189101,
Q24054873,
Q116861123,
Q30346497,
Q112539375,
Q60826014,
Q108669248,
Q137910184,
Q139423190,
Q20068295,
Q20610464,
Q4505725,
Q139442020,
Q107109227,
