group,groupLabel
Q18690293,
Q131559306,
Q12689507,
Q124453664,
Q12256465,
Q3693818,
Q125810553,
Q85882645,
Q106114503,
Q105364082,
Q18228489,
Q15715405,
Q16487021,
Q11505320,
Q105437405,
Q9168158,
Q12384094,
Q119411237,
Q9359057,
Q104531560,
Q12690967,
Q124819916,
Q12690755,
Q16495050,
Q29110500,
Q109604002,
Q109599658,
Q104908204,
Q124423497,
Q4039503,
Q99805577,
Q55649844,
Q17218137,
Q120187122,
Q106238854,
Q94376478,
Q113669910,
Q109363245,
Q10395430,
Q125446757,
Q97218935,
Q10876636,
Q85866312,
Q9192041,
Q104775736,
Q4086179,
Q13019032,
Q907573,
Q20448457,
Q113027158,
Q85993486,
Q125886995,
Q113668644,
Q120335563,
Q117435260,
Q124656066,
Q4065248,
Q123414515,
Q11423730,
Q28685551,
Q111019633,
Q21051328,
Q134231209,
Q12906573,
Q124400046,
Q11309901,
Q117435226,
Q4048386,
Q13013224,
Q124482946,
Q133796835,
Q95612299,
Q56299739,
Q2839580,
Q1028617,
Q56309129,
Q2791181,
Q121546513,
Q11598266,
Q104887484,
Q3693856,
Q119382769,
Q23668259,
Q133687142,
Q30934814,
Q65224214,
Q16412806,
Q16630036,
Q97211288,
Q55522885,
Q7368735,
Q120335615,
Q106543542,
Q97195718,
Q105435744,
Q56405509,
Q12154944,
Q20453156,
Q25668407,
Q117396105,
Q115663017,
Q16138600,
Q134467816,
Q113530521,
Q20068514,
Q28689459,
Q106779296,
Q4518330,
Q109362188,
Q122460005,
Q2479779,
Q11313742,
Q12113848,
Q50219498,
Q105687813,
Q111817394,
Q131402391,
Q136994545,
Q11278552,
Q119559561,
Q104555210,
Q138464612,
Q97925363,
Q116742236,
Q3943461,
Q71300704,
Q110052868,
Q38279107,
Q117435155,
Q131406404,
Q55521542,
Q130466494,
Q104879552,
Q117435017,
Q4114118,
Q105200115,
Q12071976,
Q106699480,
Q98536169,
Q124535643,
Q2873129,
Q17772906,
Q123615562,
Q12120167,
Q125120997,
Q56345783,
Q20467883,
Q14773683,
Q97371932,
Q113698323,
Q3614103,
Q124662758,
Q137824062,
Q18690124,
Q97658729,
Q7368692,
Q104640115,
Q11930513,
Q12603627,
Q30930068,
Q99741417,
Q124482785,
Q3693306,
Q13013897,
Q55378433,
Q11965515,
Q17991376,
Q48700770,
Q25632902,
Q85369474,
Q57594188,
Q60823401,
Q1834891,
Q88102866,
Q65247384,
Q16261507,
Q117435399,
Q97672322,
Q114839459,
Q65240109,
Q798036,
Q65254748,
Q121262890,
Q65129779,
Q48878185,
Q11644619,
Q122924568,
Q98437708,
Q109458983,
Q4327995,
Q19383317,
Q16097768,
Q124750666,
Q21874648,
Q134130852,
Q20467621,
Q12644474,
Q2225007,
Q98399551,
Q117826124,
Q1650636,
Q10372716,
Q71375266,
Q131275546,
Q11990394,
Q20467911,
Q12114105,
Q110118002,
Q117162413,
Q2666910,
Q55650160,
Q56347869,
Q6996607,
Q94561701,
Q110069364,
Q106941957,
Q10924537,
Q15100873,
Q119382822,
Q97311208,
Q6129152,
Q21117122,
Q23816310,
Q110687782,
Q3355360,
Q24876830,
Q109040439,
Q136694459,
Q110779815,
Q20724325,
Q131275202,
Q88207220,
Q13027878,
Q65254805,
Q104661772,
Q119382795,
Q63208499,
Q119686403,
Q104829495,
Q120335514,
Q105064069,
Q12685673,
Q13137731,
Q11664125,
Q104822225,
Q20104085,
Q96181235,
Q123378241,
Q30924888,
Q108527457,
Q20434702,
Q12690820,
Q4036471,
Q2754336,
Q65292766,
Q11309903,
Q85966387,
Q12273097,
Q81130800,
Q10385137,
Q97186971,
Q55833225,
Q65255678,
Q131275548,
Q11346980,
Q21003047,
Q125810576,
Q56346132,
Q124164966,
Q11573313,
Q1713358,
Q12151317,
Q124482805,
Q24836379,
Q110069580,
Q131412823,
Q11179276,
Q124800118,
Q25436907,
Q120335870,
Q20467894,
Q132781196,
Q105488216,
Q116068492,
Q80823561,
Q117435038,
Q105477648,
Q10323443,
Q18690137,
Q98431928,
Q113272831,
Q56353872,
Q11308942,
Q124987858,
Q112977054,
Q61390337,
Q2137794,
Q2397765,
Q114565654,
Q3054887,
Q20513133,
Q17227813,
Q124482927,
Q56407136,
Q56353072,
Q20467782,
Q28705860,
Q12630526,
Q61069849,
Q18815803,
Q97162173,
Q56365391,
Q125187779,
Q107919993,
Q61101423,
Q134028473,
Q1713353,
Q106483528,
Q11289645,
Q17025320,
Q63208487,
Q116688475,
Q69290546,
Q3696094,
Q60848201,
Q136819580,
Q12688861,
Q106312514,
Q25640620,
Q20042300,
Q48752491,
Q4036682,
Q16410698,
Q112977976,
Q104777352,
Q18690045,
Q90732097,
Q12152768,
Q85996640,
Q13026198,
Q138328409,
Q109043388,
Q120335609,
Q61403513,
Q137485480,
Q86744671,
Q28036081,
Q7326096,
Q104450587,
Q97196960,
Q106547607,
Q109600428,
Q20021261,
Q15919971,
Q11347220,
Q25675736,
Q12297702,
Q48812807,
Q11312608,
Q96053282,
Q11369860,
Q110301282,
Q11381379,
Q140146829,
Q137187804,
Q97199354,
Q131451798,
Q61116156,
Q19852692,
Q111738901,
Q124540053,
Q24901325,
Q7384115,
Q13016137,
Q105620811,
Q12292961,
Q85999510,
Q30941569,
Q25531055,
Q124615383,
Q21490645,
Q38278166,
Q4036536,
Q51929850,
Q104641993,
Q12322066,
Q124482949,
Q104601253,
Q20467790,
Q11370876,
Q20467492,
Q136384249,
Q137585124,
Q1571562,
Q111046705,
Q65275081,
Q16351360,
Q1999012,
Q48702315,
Q4048339,
Q4463131,
Q98456607,
Q16327959,
Q125960707,
Q120335877,
Q8197406,
Q12716155,
Q22128659,
Q48702596,
Q106547084,
Q124482796,
Q107253310,
Q11954326,
Q27654299,
Q115446159,
Q116690750,
Q12690699,
Q137585127,
Q138665176,
Q17192362,
Q3697134,
Q18690230,
Q65255232,
Q85966054,
Q119167557,
Q110047898,
Q25513685,
Q15854187,
Q2101784,
Q11507249,
Q20467771,
Q104623045,
Q109348626,
Q111610710,
Q134506355,
Q131725197,
Q13024976,
Q9390623,
Q85866096,
Q25712872,
Q11371373,
Q104093201,
Q20421900,
Q16446823,
Q13137193,
Q99321427,
Q84324947,
Q65255533,
Q107325773,
Q18689880,
Q49967649,
Q2755004,
Q132887930,
Q11347376,
Q124740858,
Q11367539,
Q12592882,
Q11362505,
Q85982517,
Q11438815,
Q121357049,
Q117435311,
Q2392447,
Q85878657,
Q56400414,
Q125895539,
Q96775484,
Q49316837,
Q12710170,
Q11880262,
Q131350183,
Q65149821,
Q133873450,
Q105089616,
Q11431330,
Q10467402,
Q134468065,
Q11304440,
Q96185193,
Q137585136,
Q98446513,
Q119382860,
Q65175134,
Q20467629,
Q25437786,
Q104971837,
Q124423293,
Q105391464,
Q19401928,
Q112186128,
Q6751264,
Q110069561,
Q126367512,
Q110590391,
Q133962945,
Q3777402,
Q49974417,
Q111365729,
Q117435324,
Q11275968,
Q61109059,
Q61063987,
Q61062534,
Q11684484,
Q18689894,
Q104545622,
Q12691019,
Q56356132,
Q131639634,
Q120335571,
Q109469429,
Q107359440,
Q20467695,
Q12005741,
Q63208522,
Q4169525,
Q61117355,
Q85966049,
Q17213747,
Q136694451,
Q4492035,
Q20088651,
Q97203817,
Q11315725,
Q11349825,
Q101980178,
Q117435405,
Q115555267,
Q87819334,
Q109441571,
Q139770391,
Q117435329,
Q30922922,
Q11869516,
Q136551177,
Q11831675,
Q137585133,
Q107727193,
Q11890189,
Q11597406,
Q65210051,
Q107358585,
Q65264446,
Q12690971,
Q4218547,
Q12603733,
Q16697781,
Q119694254,
Q125562229,
Q120335528,
Q131275117,
Q4064632,
Q12701274,
Q12141275,
Q28584422,
Q8777719,
Q30879908,
Q12690696,
Q138943159,
Q3633905,
Q4291525,
Q16128758,
Q11605309,
Q12372865,
Q16097987,
Q127856637,
Q10716950,
Q89428485,
Q12005825,
Q11280951,
Q76520095,
Q125810578,
Q127270760,
Q55526587,
Q11319236,
Q3716834,
Q117435048,
Q1509495,
Q11357418,
Q63208511,
Q105554462,
Q11346422,
Q125810522,
Q31200771,
Q109358523,
Q110737990,
Q134506352,
Q117435380,
Q124497048,
Q22123950,
Q12095909,
Q48352124,
Q125582862,
Q136694464,
Q63208507,
Q136525427,
Q13016128,
Q13157867,
Q2138068,
Q10543934,
Q121409507,
Q4146741,
Q17220762,
Q2488780,
Q131406896,
Q131451993,
Q20467729,
Q122911461,
Q124482973,
Q108445344,
Q64438349,
Q1679280,
Q17230167,
Q24839164,
Q10448215,
Q12690891,
Q140041783,
Q91020370,
Q65254880,
Q116202205,
Q85980535,
Q109456959,
Q60823199,
Q48762763,
Q84590413,
Q11583464,
Q12807140,
Q122854799,
Q12622320,
Q12688496,
Q12608344,
Q11392357,
Q4041318,
Q13102962,
Q109363430,
Q124896806,
Q4316923,
Q135903097,
Q105264120,
Q29861444,
Q20467563,
Q11323146,
Q20452766,
Q117435021,
Q6623029,
Q85992264,
Q132990532,
Q124497066,
Q112977050,
Q113136526,
Q1585680,
Q109469895,
Q136819561,
Q56392192,
Q13025024,
Q16701577,
Q18477829,
Q4476787,
Q56299576,
Q11690479,
Q63208524,
Q11962079,
Q106394671,
Q1158355,
Q25449208,
Q11570452,
Q97213824,
Q4159338,
Q5788177,
Q24864225,
Q134506358,
Q11335782,
Q133808364,
Q134506625,
Q17192258,
Q13571772,
Q1783668,
Q131294427,
Q6136029,
Q89428027,
Q12690701,
Q104794048,
Q136546103,
Q13021302,
Q117847931,
Q12698201,
Q3972474,
Q18690176,
Q20105588,
Q30934467,
Q12078519,
Q85991549,
Q61235231,
Q13654760,
Q106459403,
Q1180329,
Q63206973,
Q11286570,
Q13014593,
Q1957331,
Q8347842,
Q106374195,
Q31273532,
Q9192026,
Q20529953,
Q85969852,
Q11451748,
Q13146784,
Q3685179,
Q12602628,
Q11182236,
Q110572190,
Q133332481,
Q90881985,
Q12334544,
Q11375002,
Q136511031,
Q4483738,
Q117435290,
Q7368525,
Q31188057,
Q97341967,
Q117435106,
Q11449403,
Q11313804,
Q105688604,
Q119382820,
Q85972165,
Q1936655,
Q104887526,
Q11310946,
Q125810599,
Q56377729,
Q11501289,
Q133803660,
Q123263168,
Q6053348,
Q138781893,
Q9192015,
Q20851518,
Q10403949,
Q11351542,
Q123974188,
Q78905898,
Q56319121,
Q12690681,
Q133873703,
Q104780585,
Q107015342,
Q90123488,
Q116940743,
Q48780615,
Q63208488,
Q61362490,
Q120335754,
Q110228171,
Q9191998,
Q134622885,
Q16138713,
Q1936377,
Q110069457,
Q110069458,
Q110069317,
Q16084254,
Q20107981,
Q15637042,
Q12690917,
Q16140806,
Q135747092,
Q131842461,
Q67247916,
Q11352211,
Q12391750,
Q30899574,
Q106483463,
Q117435308,
Q3413676,
Q124819717,
Q65242482,
Q9035070,
Q103085211,
Q24864900,
Q20101393,
Q108444340,
Q123264102,
Q13025022,
Q56407883,
Q64739510,
Q120335756,
Q16098007,
Q120993922,
Q12690719,
Q12690940,
Q13027626,
Q76392027,
Q17749097,
Q48700726,
Q65271381,
Q16058632,
Q104979364,
Q104886985,
Q97180373,
Q61125768,
Q6141544,
Q18430362,
Q121541784,
Q22100331,
Q65235126,
Q12690767,
Q11950010,
Q130266386,
Q12690863,
Q61394253,
Q16639023,
Q85305719,
Q11914378,
Q84714658,
Q133894913,
Q12690880,
Q16427652,
Q12133497,
Q114733014,
Q11605306,
Q109357894,
Q61060275,
Q5788686,
Q139801632,
Q97311792,
Q120335544,
Q63208467,
Q4388687,
Q116805600,
Q133854306,
Q11436839,
Q122429816,
Q4103229,
Q104439615,
Q18430369,
Q20467587,
Q120335551,
Q113530729,
Q89189405,
Q113675263,
Q60988513,
Q65211255,
Q11885520,
Q119839575,
Q16139109,
Q119382766,
Q112623555,
Q125800007,
Q17158220,
Q20467510,
Q11514503,
Q2111246,
Q114772239,
Q56407033,
Q10342331,
Q28531428,
Q134582837,
Q2064192,
Q16096996,
Q125458338,
Q5730642,
Q138847456,
Q140134948,
Q11799199,
Q29973051,
Q56400569,
Q11995887,
Q136327935,
Q127041615,
Q12011621,
Q18481506,
Q124217830,
Q25420797,
Q20569511,
Q3567035,
Q110173657,
Q96375073,
Q18689920,
Q20467603,
Q140192613,
Q138036302,
Q12377181,
Q65233006,
Q124548010,
Q117435022,
Q124460036,
Q136408802,
Q97940799,
Q117435230,
Q131145225,
Q97321340,
Q10593543,
Q48744913,
Q61107895,
Q124482769,
Q125810540,
Q25516784,
Q114316100,
Q11323841,
Q3232574,
Q11303236,
Q131275114,
Q106376764,
Q136694475,
Q10953450,
Q28691095,
Q15444405,
Q4050072,
Q12662267,
Q125187693,
Q20467688,
Q11282626,
Q109357830,
Q126031353,
Q108564849,
Q9360588,
Q106288370,
Q113175075,
Q135905961,
Q16524562,
Q10368900,
Q50219265,
Q126093942,
Q11407277,
Q11270713,
Q111609082,
Q53032468,
Q61063704,
Q16188391,
Q28927408,
Q117435126,
Q86743469,
Q10282180,
Q18660878,
Q4172396,
Q81916932,
Q12384079,
Q117435134,
Q3693841,
Q124639944,
Q126939100,
Q63208516,
Q1411021,
Q61107454,
Q85982701,
Q15938986,
Q20653331,
Q138706207,
Q25394509,
Q99568424,
Q117206650,
Q110114992,
Q2858486,
Q12608278,
Q109546508,
Q96573436,
Q139852970,
Q65154388,
Q12690698,
Q97279993,
Q124896769,
Q104906191,
Q131275131,
Q11337532,
Q12029864,
Q11290862,
Q4197900,
Q56353756,
Q109469220,
Q1783665,
Q122832579,
Q132398857,
Q91090815,
Q104817386,
Q42851221,
Q97220002,
Q106612424,
Q16141212,
Q28683700,
Q11412427,
Q11499212,
Q60839937,
Q82728130,
Q61957115,
Q22127892,
Q88362879,
Q24841092,
Q74101086,
Q130218788,
Q11323848,
Q135616904,
Q122107842,
Q10603818,
Q16370011,
Q113411472,
Q124536054,
Q135011319,
Q31188432,
Q120273560,
Q105069177,
Q119002370,
Q4336494,
Q11308684,
Q4267136,
Q105064386,
Q82535053,
Q136159803,
Q48755087,
Q12172350,
Q12690788,
Q11301131,
Q137375102,
Q136432814,
Q11276841,
Q24877117,
Q20467753,
Q107611276,
Q85884077,
Q19850196,
Q133211984,
Q11400200,
Q112175307,
Q116186412,
Q28690008,
Q31273877,
Q57606628,
Q125343097,
Q16307429,
Q117435064,
Q12702132,
Q118780268,
Q117434968,
Q124944773,
Q10341707,
Q11274309,
Q135934909,
Q55519823,
Q28665798,
Q85968805,
Q4463515,
Q11316118,
Q20467514,
Q114928710,
Q13026619,
Q20107982,
Q24874085,
Q124663322,
Q17190807,
Q104794409,
Q13018662,
Q11432682,
Q131010268,
Q11546388,
Q28057177,
Q131820446,
Q16189836,
Q13148520,
Q117435325,
Q107407619,
Q133874963,
Q65237736,
Q137212383,
Q124497086,
Q109598810,
Q125017758,
Q98412849,
Q4332492,
Q20511275,
Q105553134,
Q134580159,
Q10277598,
Q84037870,
Q2091847,
Q125338463,
Q29042663,
Q3693302,
Q137294376,
Q87407262,
Q104698713,
Q126927282,
Q2133563,
Q12690762,
Q9199834,
Q53155380,
Q138036287,
Q106289121,
Q11524347,
Q116564758,
Q133286147,
Q10498619,
Q11613938,
Q113553671,
Q21857065,
Q114572710,
Q61107927,
Q25487259,
Q113583221,
Q121506337,
Q137585138,
Q123078065,
Q98456455,
Q6047980,
Q133043280,
Q16477238,
Q97342003,
Q10915852,
Q126369586,
Q3693813,
Q24867955,
Q106283797,
Q105296112,
Q90490138,
Q16445943,
Q130486583,
Q124352983,
Q125810542,
Q12594531,
Q131406954,
Q11381137,
Q10341749,
Q109460482,
Q20467806,
Q10590688,
Q119382765,
Q5493170,
Q97496310,
Q109362368,
Q140078653,
Q133730110,
Q131754824,
Q122706783,
Q4227238,
Q83191177,
Q4336492,
Q1920884,
Q109370365,
Q12062434,
Q20103254,
Q104623833,
Q120335620,
Q2304302,
Q110133570,
Q6528061,
Q71797900,
Q107976589,
Q2288973,
Q56366270,
Q109317256,
Q10401420,
Q30766022,
Q117843549,
Q98082882,
Q60999943,
Q11972180,
Q56359629,
Q1558044,
Q104575921,
Q104918422,
Q132563132,
Q121096975,
Q65295008,
Q18690274,
Q11306650,
Q136819583,
Q56294564,
Q109364338,
Q20042201,
Q138330188,
Q19385988,
Q120335626,
Q65255460,
Q28668130,
Q119382874,
Q12104995,
Q1475737,
Q16668536,
Q109469897,
Q104804564,
Q17217598,
Q131010424,
Q61116298,
Q104038128,
Q24870010,
Q10846843,
Q12270776,
Q117435100,
Q125960632,
Q136377569,
Q12599483,
Q16481514,
Q11282468,
Q904700,
Q3946533,
Q20873745,
Q98369355,
Q11660385,
Q1669172,
Q16159207,
Q109410362,
Q98456466,
Q133873446,
Q127856627,
Q61388784,
Q73312029,
Q17310842,
Q132672332,
Q13136912,
Q110235543,
Q105758017,
Q55831487,
Q60987421,
Q120335663,
Q48808564,
Q136100454,
Q133538376,
Q56400561,
Q16417561,
Q18690072,
Q105492198,
Q106860868,
Q110069398,
Q82557883,
Q11387602,
Q109413623,
Q123989322,
Q97222333,
Q104531565,
Q20437658,
Q124482819,
Q96090757,
Q5653385,
Q134519563,
Q23668164,
Q3755788,
Q127856746,
Q65291578,
Q110069273,
Q49966827,
Q124423008,
Q111036656,
Q20467547,
Q318332,
Q97376150,
Q4038942,
Q13745023,
Q124482774,
Q9192034,
Q127856796,
Q11349372,
Q94141999,
Q4109931,
Q106212109,
Q55530626,
Q123588426,
Q117435054,
Q131990759,
Q61110072,
Q12682356,
Q10383214,
Q19931197,
Q124788514,
Q134028706,
Q30948472,
Q11992416,
Q18500678,
Q60986079,
Q13048448,
Q2530618,
Q20032322,
Q131841954,
Q97185764,
Q137205634,
Q124497091,
Q13654873,
Q20455115,
Q97658102,
Q12376421,
Q109392531,
Q65254883,
Q12690944,
Q19393718,
Q116695243,
Q55658193,
Q110069534,
Q11322481,
Q139692223,
Q55730519,
Q109357888,
Q97172992,
Q124482943,
Q115927519,
Q2313047,
Q89429612,
Q120335897,
Q115638821,
Q29034305,
Q102077008,
Q56356566,
Q139781196,
Q55529451,
Q17211515,
Q60831935,
Q98055570,
Q110972450,
Q105550843,
Q30915726,
Q124750482,
Q55597839,
Q4223628,
Q11792792,
Q106317572,
Q131275549,
Q139665350,
Q86365589,
Q104817347,
Q109603922,
Q96152246,
Q16327027,
Q117435087,
Q127856753,
Q65235994,
Q17175315,
Q105640485,
Q16142627,
Q135261478,
Q110069436,
Q63208531,
Q56406357,
Q119382767,
Q11976635,
Q117435240,
Q61393902,
Q11312469,
Q20467678,
Q117435019,
Q85875615,
Q20467600,
Q125524121,
Q105888391,
Q25632264,
Q110069560,
Q97189382,
Q134888289,
Q128768660,
Q20028563,
Q20467849,
Q85987315,
Q134487066,
Q105098647,
Q138806537,
Q20467566,
Q137686601,
Q25681470,
Q121053563,
Q7449400,
Q136432761,
Q123180152,
Q56408290,
Q125810552,
Q97219203,
Q11347090,
Q97119132,
Q130353140,
Q4408802,
Q117435062,
Q115923259,
Q19309940,
Q10448213,
Q9601487,
Q11869513,
Q124760575,
Q109365313,
Q106483519,
Q24839221,
Q21825340,
Q13654863,
Q110471968,
Q12484447,
Q48945186,
Q20065653,
Q9192030,
Q12170436,
Q20450489,
Q11306299,
Q56348985,
Q4241223,
Q16489459,
Q13023783,
Q136819585,
Q85293788,
Q11863790,
Q120335741,
Q2745852,
Q127856683,
Q11446793,
Q131589128,
Q127856668,
Q105541194,
Q124670712,
Q12110141,
Q10269304,
Q139494288,
Q120335751,
Q12403265,
Q120335536,
Q12690983,
Q125399765,
Q20549138,
Q9645873,
Q136048003,
Q105622409,
Q134065429,
Q139270704,
Q135692795,
Q85863038,
Q110069634,
Q12516415,
Q134592053,
Q55522511,
Q4500022,
Q124345074,
Q1970926,
Q30942532,
Q109496865,
Q78927020,
Q119361848,
Q16469901,
Q136694463,
Q6149023,
Q12406993,
Q43033243,
Q10381654,
Q97658760,
Q131275137,
Q110118049,
Q4373582,
Q138499161,
Q65249149,
Q113560483,
Q12751379,
Q105411603,
Q107735698,
Q20607620,
Q134713207,
Q798105,
Q11286675,
Q109414511,
Q109602210,
Q13050606,
Q10282175,
Q97201303,
Q98413007,
Q25223750,
Q11688909,
Q10501220,
Q11892770,
Q110044191,
Q85880365,
Q109361234,
Q20529399,
Q106203434,
Q109596555,
Q91888144,
Q18236575,
Q85983826,
Q9191976,
Q140351853,
Q63208466,
Q11924742,
Q134383036,
Q105086710,
Q89430511,
Q118711215,
Q16096838,
Q115915231,
Q63208519,
Q11619767,
Q137465730,
Q105517308,
Q27861184,
Q61063982,
Q6130296,
Q9192002,
Q20068416,
Q16486891,
Q126325084,
Q131275206,
Q117435323,
Q12956617,
Q11434934,
Q48780092,
Q139770365,
Q97273523,
Q139576739,
Q11371213,
Q4976647,
Q124856631,
Q12072966,
Q11321934,
Q12650876,
Q11277476,
Q106453634,
Q17760977,
Q22101347,
Q111678231,
Q96053285,
Q124482793,
Q109362804,
Q124670696,
Q25516645,
Q120335517,
Q139942231,
Q97009770,
Q85861332,
Q11515854,
Q22975237,
Q24861978,
Q125823551,
Q131395562,
Q16669635,
Q4493076,
Q114928635,
Q124661482,
Q107448237,
Q113647994,
Q12376432,
Q11344315,
Q130467515,
Q133868388,
Q138666236,
Q124482930,
Q55520458,
Q1744668,
Q139820639,
Q17192247,
Q107594914,
Q119382602,
Q2528567,
Q11914384,
Q11375637,
Q14779007,
Q9346324,
Q113112348,
Q12169808,
Q12690911,
Q11605557,
Q20039724,
Q65239460,
Q5980287,
Q92950962,
Q12648501,
Q117435229,
Q104787791,
Q60525022,
Q110115362,
Q136102004,
Q107407319,
Q2173264,
Q7050161,
Q125635314,
Q12690928,
Q106744023,
Q112091504,
Q12691018,
Q113156095,
Q104791608,
Q17775280,
Q55730339,
Q16141277,
Q41805924,
Q124639903,
Q105508397,
Q127881748,
Q124761998,
Q98446516,
Q12690909,
Q105665370,
Q24940890,
Q11310845,
Q105661602,
Q11799198,
Q117435210,
Q13027567,
Q16139474,
Q131426845,
Q116737877,
Q134591229,
Q15913430,
Q20623121,
Q110114801,
Q100786659,
Q4040954,
Q59159600,
Q11292949,
Q11302411,
Q125200751,
Q11285930,
Q121290013,
Q11306494,
Q3980600,
Q104891083,
Q85965575,
Q22975427,
Q4066802,
Q12691015,
Q110069395,
Q105061265,
Q71846979,
Q20467580,
Q31188098,
Q12690828,
Q107596246,
Q11082328,
Q118482291,
Q109368720,
Q12691007,
Q109459049,
Q11343738,
Q123336238,
Q106622424,
Q2775898,
Q4419931,
Q26133439,
Q124628184,
Q12599499,
Q12132142,
Q56388574,
Q22127958,
Q4038660,
Q106288123,
Q28416148,
Q85884179,
Q3638976,
Q20467831,
Q4037115,
Q130416926,
Q11345034,
Q124423092,
Q133499266,
Q110114128,
Q11296552,
Q16458927,
Q131281584,
Q10341758,
Q134778261,
Q121916988,
Q139494404,
Q6719694,
Q98032261,
Q109652229,
Q65226116,
Q109363308,
Q11350014,
Q11271580,
Q104717816,
Q11502562,
Q104162189,
Q19377465,
Q109361827,
Q5391732,
Q25489899,
Q7048767,
Q63208462,
Q137351970,
Q97275653,
Q20109524,
Q60999880,
Q90039695,
Q119167566,
Q12691023,
Q91659214,
Q20454356,
Q16187874,
Q105480522,
Q16611200,
Q4169921,
Q11484438,
Q83964435,
Q10681113,
Q96988344,
Q5693804,
Q117435094,
Q1907579,
Q50404951,
Q135670952,
Q96075186,
Q12690727,
Q9192053,
Q61126341,
Q112208318,
Q117289440,
Q127699973,
Q120335614,
Q115691403,
Q90827504,
Q18396153,
Q106463353,
Q125550248,
Q1799941,
Q20467604,
Q97610449,
Q110820498,
Q117402746,
Q125625631,
Q11437824,
Q139087954,
Q111316928,
Q56346377,
Q3693316,
Q13048463,
Q124669353,
Q113414526,
Q16140092,
Q28682313,
Q11465612,
Q111098583,
Q60983618,
Q59570825,
Q107148323,
Q111510515,
Q104879730,
Q10710209,
Q10517062,
Q84854378,
Q140224044,
Q50214707,
Q20467819,
Q127778312,
Q12690853,
Q12606752,
Q60988995,
Q133634006,
Q104643334,
Q131275092,
Q104967639,
Q123024195,
Q58464272,
Q17233045,
Q13014647,
Q127856535,
Q4480684,
Q48873372,
Q117435220,
Q85791524,
Q126855183,
Q20467553,
Q28668133,
Q124482967,
Q110117984,
Q11271879,
Q135222787,
Q3147878,
Q29023802,
Q109364875,
Q133846462,
Q97353083,
Q104782099,
Q124373315,
Q11291625,
Q125810556,
Q4427506,
Q119382635,
Q104814120,
Q110065417,
Q6080351,
Q20916203,
Q140068020,
Q109260197,
Q17996348,
Q16614327,
Q135934780,
Q65212070,
Q117824598,
Q104531139,
Q127007896,
Q116557949,
Q4103072,
Q28976152,
Q116875959,
Q102157852,
Q131152609,
Q110069354,
Q24898374,
Q138336877,
Q111722510,
Q3355329,
Q134028094,
Q56411799,
Q123989183,
Q107359597,
Q111591445,
Q16096617,
Q117435127,
Q78729224,
Q104824235,
Q4066913,
Q22128370,
Q120335591,
Q70898263,
Q74179139,
Q38279396,
Q24867779,
Q60991022,
Q123923693,
Q6100699,
Q106483530,
Q17500464,
Q11305375,
Q110205035,
Q2213048,
Q21185502,
Q131376580,
Q4032256,
Q74695333,
Q109602228,
Q106375383,
Q99519552,
Q12296334,
Q1457933,
Q105405856,
Q11892869,
Q11752388,
Q55831644,
Q124497069,
Q124497036,
Q6074542,
Q104976083,
Q4195519,
Q98969730,
Q98285334,
Q89884249,
Q136819604,
Q11180443,
Q109365878,
Q7026561,
Q87492908,
Q65229516,
Q65154091,
Q3998532,
Q138661685,
Q110831677,
Q110115860,
Q109469210,
Q119043207,
Q11994258,
Q20038263,
Q104904476,
Q139852973,
Q104904692,
Q134307397,
Q131275545,
Q93117187,
Q124695167,
Q125170247,
Q119999962,
Q132778131,
Q11292105,
Q117435035,
Q48765582,
Q55286111,
Q138506847,
Q139860455,
Q136486566,
Q4359761,
Q1374843,
Q35853351,
Q48807714,
Q17215266,
Q12690747,
Q136694881,
Q106542759,
Q111589602,
Q4340023,
Q83657795,
Q123485250,
Q120335582,
Q15825120,
Q18690289,
Q115093123,
Q65228273,
Q137731306,
Q16404908,
Q12690758,
Q25450109,
Q120335755,
Q20945636,
Q109416899,
Q11225318,
Q100281350,
Q56356292,
Q98446482,
Q12624603,
Q20467498,
Q109353089,
Q85866844,
Q11301683,
Q10590671,
Q137360757,
Q105296165,
Q96271332,
Q105300430,
Q65160682,
Q11314079,
Q104627904,
Q106547060,
Q18689947,
Q65255363,
Q13866647,
Q123377445,
Q24000457,
Q20467814,
Q12748936,
Q121278342,
Q97009663,
Q30972053,
Q106382335,
Q102115178,
Q75046139,
Q135678280,
Q120336398,
Q117435235,
Q11339161,
Q115215490,
Q11660979,
Q106293041,
Q19729230,
Q121357157,
Q12406872,
Q18290058,
Q11785656,
Q48758925,
Q128868167,
Q10293706,
Q4053046,
Q123414425,
Q13026686,
Q104778930,
Q105553146,
Q104795087,
Q12293586,
Q97352974,
Q104791963,
Q106467206,
Q110465363,
Q2730975,
Q11327139,
Q117414980,
Q113411030,
Q125810574,
Q12170619,
Q120922691,
Q124615116,
Q110069363,
Q12685332,
Q137585153,
Q133809820,
Q97200711,
Q11342776,
Q12296847,
Q97232565,
Q120335597,
Q2794828,
Q113989955,
Q115691401,
Q131275200,
Q12082054,
Q107331567,
Q81840395,
Q136545915,
Q11492473,
Q137209958,
Q15937863,
Q12690951,
Q140299384,
Q118780568,
Q97674160,
Q20068759,
Q12273483,
Q11999086,
Q17154529,
Q49474318,
Q25509794,
Q10539518,
Q19382540,
Q104590797,
Q118131523,
Q115220137,
Q16712702,
Q12583470,
Q126423159,
Q116215490,
Q136101801,
Q4146745,
Q98215290,
Q106546778,
Q1682483,
Q106281150,
Q105492402,
Q17210531,
Q11991202,
Q106474281,
Q12009631,
Q7368477,
Q12080228,
Q11394068,
Q124482957,
Q11342001,
Q65247643,
Q6045745,
Q134271908,
Q124296005,
Q91463164,
Q135693531,
Q97226646,
Q109311570,
Q137004258,
Q71806788,
Q140039683,
Q116732313,
Q121166419,
Q140066450,
Q13018372,
Q97219093,
Q65255686,
Q11313219,
Q10892029,
Q18456419,
Q109411787,
Q11278598,
Q11241835,
Q137175801,
Q9192012,
Q131844081,
Q12384086,
Q12370133,
Q116621560,
Q15824739,
Q65255341,
Q139494658,
Q2687107,
Q25508042,
Q132330401,
Q107606270,
Q104640169,
Q112977060,
Q130266020,
Q117434986,
Q18648492,
Q10688433,
Q127856772,
Q19386179,
Q121028122,
Q129577205,
Q61114178,
Q12277125,
Q130485356,
Q124497020,
Q97177949,
Q12132121,
Q119382566,
Q2631976,
Q116557965,
Q48948423,
Q97163776,
Q11345099,
Q122841888,
Q12341439,
Q18668522,
Q28408689,
Q117231310,
Q109357113,
Q3873031,
Q10560811,
Q2588103,
Q117435298,
Q18690249,
Q117831269,
Q110115350,
Q16486689,
Q137585148,
Q130384441,
Q105759868,
Q3129882,
Q97311828,
Q120335737,
Q98437679,
Q11308150,
Q85857915,
Q108619148,
Q22017731,
Q65291688,
Q106603866,
Q55285763,
Q105805514,
Q11588478,
Q104824777,
Q130266345,
Q61738451,
Q65281494,
Q79433160,
Q133861690,
Q56349999,
Q17773983,
Q109018652,
Q120335616,
Q25452760,
Q2338504,
Q23045552,
Q11547156,
Q22689030,
Q12684057,
Q105449828,
Q106009210,
Q110069496,
Q24938751,
Q119382854,
Q97348482,
Q99284196,
Q16584383,
Q16097454,
Q16474378,
Q113630433,
Q55526905,
Q85883524,
Q130528062,
Q117435258,
Q116833411,
Q109596660,
Q11987032,
Q11876047,
Q11281563,
Q20012512,
Q1925773,
Q124541440,
Q104531066,
Q105502622,
Q120335678,
Q21704436,
Q126895855,
Q3416597,
Q96179491,
Q105281110,
Q93737328,
Q131948865,
Q131406660,
Q106161714,
Q11999098,
Q11235140,
Q110117975,
Q97495844,
Q28685520,
Q55523060,
Q12622275,
Q105556323,
Q124661525,
Q109416918,
Q7368571,
Q2500040,
Q20105443,
Q93439339,
Q24283372,
Q28411522,
Q11280488,
Q120335675,
Q97214006,
Q7005300,
Q28028003,
Q16683210,
Q2529764,
Q119050288,
Q12690752,
Q124662857,
Q9368913,
Q61107742,
Q17500953,
Q138034670,
Q124520021,
Q107010583,
Q12690959,
Q21651830,
Q17224916,
Q118868205,
Q20448656,
Q131389452,
Q12299197,
Q13021274,
Q39042957,
Q109717781,
Q20467930,
Q130455997,
Q123174831,
Q110069378,
Q9192064,
Q96335484,
Q125921367,
Q136694443,
Q12690776,
Q4032677,
Q136694488,
Q136841360,
Q104783206,
Q14510919,
Q111360044,
Q11324442,
Q109363975,
Q125404788,
Q13018249,
Q19388934,
Q134973274,
Q119230190,
Q11850518,
Q12391402,
Q16489265,
Q110103864,
Q3069825,
Q24874696,
Q25092470,
Q123174749,
Q125885410,
Q11529429,
Q11269861,
Q106483527,
Q96482633,
Q130224579,
Q114616520,
Q132012250,
Q12306948,
Q125964730,
Q104629996,
Q94993196,
Q117435382,
Q11418729,
Q124497013,
Q50001801,
Q20467946,
Q4275714,
Q122212323,
Q130792102,
Q133967803,
Q6549488,
Q107486549,
Q25461876,
Q124363042,
Q137705018,
Q12762148,
Q124482801,
Q65213464,
Q109359831,
Q113015196,
Q131304103,
Q13016988,
Q30907083,
Q106685943,
Q81969593,
Q107311329,
Q12676194,
Q120313617,
Q21654291,
Q55521606,
Q56669299,
Q105394538,
Q115198578,
Q11311450,
Q133172523,
Q123786718,
Q12690972,
Q101094339,
Q116552390,
Q61082523,
Q11541564,
Q10341609,
Q20070340,
Q104918629,
Q105613090,
Q65238220,
Q106479950,
Q1383259,
Q11972197,
Q13138185,
Q86046254,
Q11288307,
Q131275154,
Q97961745,
Q131275126,
Q105267168,
Q124482947,
Q134077326,
Q82762019,
Q97189974,
Q6138756,
Q17769376,
Q112567291,
Q130693305,
Q12690748,
Q117435082,
Q105477174,
Q1089682,
Q131565153,
Q63208483,
Q3503767,
Q17990760,
Q89689870,
Q104530534,
Q12270535,
Q102248114,
Q118534178,
Q28686061,
Q63208473,
Q12701536,
Q56409740,
Q20467775,
Q109599884,
Q104600126,
Q104975049,
Q123054068,
Q28682778,
Q18745961,
Q136734607,
Q16534510,
Q128212097,
Q60988015,
Q11347120,
Q17213070,
Q11318055,
Q110552623,
Q31186467,
Q133873453,
Q106493816,
Q105450735,
Q126722018,
Q4313410,
Q125343609,
Q12650619,
Q124988499,
Q65224865,
Q124067164,
Q139799658,
Q16366994,
Q15938489,
Q65215663,
Q116962668,
Q134506348,
Q130218632,
Q124934669,
Q6072631,
Q24566185,
Q3350225,
Q10260658,
Q3423756,
Q111668144,
Q10727495,
Q122442883,
Q10459866,
Q110069369,
Q11172319,
Q119518121,
Q11335308,
Q104381884,
Q12690730,
Q105638430,
Q105979891,
Q17219988,
Q99504270,
Q97207996,
Q123171841,
Q136694449,
Q3047012,
Q65174646,
Q113954804,
Q15854191,
Q120987048,
Q12690979,
Q119382556,
Q109358497,
Q17219991,
Q12589671,
Q16269169,
Q124628020,
Q109359171,
Q104223843,
Q4064685,
Q11298070,
Q2094688,
Q17095122,
Q133873445,
Q97189623,
Q61782317,
Q124482945,
Q11289950,
Q20467686,
Q124820705,
Q13745088,
Q104887206,
Q65254926,
Q18430367,
Q16531211,
Q4052815,
Q1930988,
Q115222031,
Q4296463,
Q11655997,
Q105550859,
Q17778355,
Q25436294,
Q131742048,
Q127116600,
Q115946613,
Q120335601,
Q11966134,
Q136663987,
Q133538892,
Q97211386,
Q133278213,
Q61139885,
Q12682837,
Q134273396,
Q20504927,
Q121140139,
Q89470984,
Q65255288,
Q113332237,
Q109362230,
Q117821436,
Q110114862,
Q119382570,
Q109599471,
Q56301498,
Q125341731,
Q109410327,
Q138034665,
Q4146849,
Q1344274,
Q96310193,
Q11442884,
Q5393985,
Q48897758,
Q3768527,
Q11325124,
Q12392585,
Q12396376,
Q110069292,
Q12279347,
Q48764240,
Q10341714,
Q94700745,
Q12084512,
Q19391045,
Q11327567,
Q11252088,
Q30929831,
Q137104520,
Q72908660,
Q98399878,
Q16352260,
Q120335602,
Q9192067,
Q125448527,
Q2941542,
Q124528760,
Q20101545,
Q11263656,
Q120335655,
Q110115675,
Q16718679,
Q10611086,
Q97365944,
Q105106285,
Q19391528,
Q65235596,
Q130386345,
Q25434116,
Q20559740,
Q4044045,
Q109469929,
Q104554906,
Q17192056,
Q2026978,
Q120335648,
Q109603888,
Q120335889,
Q136653107,
Q19384806,
Q88383293,
Q124579993,
Q11597611,
Q116680062,
Q105201701,
Q48890489,
Q120335576,
Q130936907,
Q123554879,
Q119382592,
Q124741116,
Q109333205,
Q120335695,
Q28689203,
Q105744604,
Q98431931,
Q16698163,
Q11323424,
Q96770309,
Q63208502,
Q110420376,
Q97363700,
Q24897486,
Q110069450,
Q104627341,
Q106505079,
Q4086430,
Q20530164,
Q126900862,
Q10549236,
Q1846688,
Q19483762,
Q109410296,
Q127856584,
Q24866078,
Q4034950,
Q1758646,
Q20065515,
Q124896791,
Q17215075,
Q135551575,
Q97220039,
Q111686466,
Q8579418,
Q95231828,
Q119217749,
Q18689881,
Q16349153,
Q134506327,
Q131275086,
Q18406413,
Q55525799,
Q120335583,
Q125810524,
Q45910620,
Q22128164,
Q1929820,
Q133802882,
Q6061256,
Q1723138,
Q38277912,
Q13054714,
Q20523746,
Q109361753,
Q124497077,
Q20456146,
Q12255138,
Q112225230,
Q20467597,
Q92560630,
Q115015052,
Q116869793,
Q1490216,
Q85978980,
Q127699278,
Q18690375,
Q65146876,
Q125810532,
Q32775866,
Q112567117,
Q11999524,
Q105426977,
Q56364900,
Q97211470,
Q11857728,
Q12758454,
Q11255965,
Q9357679,
Q30891973,
Q109417849,
Q4036231,
Q121357158,
Q11728678,
Q21855247,
Q85965568,
Q110270655,
Q11330814,
Q110069324,
Q139589252,
Q15855216,
Q107640305,
Q12594140,
Q115868975,
Q3355267,
Q109361219,
Q104576612,
Q13146783,
Q97171094,
Q117435327,
Q65254820,
Q115537057,
Q20105224,
Q94728838,
Q11315092,
Q30945695,
Q16677445,
Q13027672,
Q11964029,
Q73176019,
Q11334696,
Q4410546,
Q6458257,
Q97187465,
Q25668550,
Q105335211,
Q15877528,
Q110069374,
Q105063272,
Q90400096,
Q1776808,
Q18625934,
Q15843683,
Q65255005,
Q124654742,
Q138003752,
Q110069584,
Q11915583,
Q105798456,
Q134734360,
Q109455431,
Q55529062,
Q138665198,
Q104906226,
Q20612326,
Q12407543,
Q2459216,
Q4419928,
Q131350468,
Q97199082,
Q9398031,
Q6588954,
Q48750387,
Q106406470,
Q105006548,
Q11618514,
Q11799220,
Q106261220,
Q4171263,
Q20467526,
Q120587367,
Q131919108,
Q50182519,
Q85863147,
Q9098525,
Q18423827,
Q111210408,
Q4417222,
Q3693872,
Q21040741,
Q2315397,
Q107589013,
Q28683611,
Q108862149,
Q109362062,
Q117435313,
Q126180717,
Q124369128,
Q55536290,
Q116453553,
Q109601882,
Q80448523,
Q28687413,
Q124079493,
Q12082529,
Q18395536,
Q106507284,
Q106367781,
Q117435086,
Q125876573,
Q134879159,
Q25437053,
Q113136757,
Q38806316,
Q124614967,
Q121850301,
Q17778541,
Q11888514,
Q104657145,
Q11323181,
Q125810596,
Q17225994,
Q24867401,
Q83190935,
Q136334615,
Q106241499,
Q2711777,
Q61107925,
Q25487436,
Q2695618,
Q16141119,
Q124740041,
Q22131229,
Q118313711,
Q12472610,
Q19398317,
Q38278411,
Q11342627,
Q136694438,
Q112977047,
Q131275161,
Q20467502,
Q12690973,
Q11677904,
Q4464029,
Q124482787,
Q134434753,
Q18048369,
Q104641804,
Q31074744,
Q12410854,
Q117435139,
Q131275103,
Q11506792,
Q109411229,
Q134692662,
Q12164294,
Q106483508,
Q85870968,
Q11590387,
Q27942024,
Q6393046,
Q111381190,
Q20111582,
Q12329960,
Q18682947,
Q109455225,
Q4076917,
Q11516856,
Q28701869,
Q136694478,
Q117435271,
Q109361721,
Q22974782,
Q139502894,
Q11799218,
Q24899694,
Q109362497,
Q9570929,
Q30887601,
Q120335593,
Q104887037,
Q11349758,
Q116477034,
Q7003384,
Q16716077,
Q133730886,
Q3838114,
Q124695221,
Q11267713,
Q5412475,
Q18659852,
Q134506360,
Q114956668,
Q124749468,
Q28690663,
Q13053742,
Q35227957,
Q117435152,
Q20467544,
Q10385447,
Q20467937,
Q11972555,
Q2103746,
Q118192554,
Q87407257,
Q16714958,
Q4037525,
Q106574462,
Q4315535,
Q97539097,
Q85987525,
Q117435046,
Q12685337,
Q117435398,
Q65246667,
Q11205185,
Q90130672,
Q11189731,
Q110465368,
Q19941635,
Q11912190,
Q11872697,
Q131275094,
Q4126418,
Q104814073,
Q118124868,
Q61057343,
Q65264673,
Q56295917,
Q63266840,
Q98437649,
Q11347225,
Q4159324,
Q22129947,
Q20067209,
Q30006891,
Q4203164,
Q12691027,
Q55731287,
Q20467737,
Q16677277,
Q19855110,
Q55525249,
Q134531152,
Q61059027,
Q136088824,
Q17223992,
Q20467673,
Q12377192,
Q11287726,
Q17208889,
Q127856503,
Q17025243,
Q119044314,
Q25526461,
Q139980122,
Q11998817,
Q117857855,
Q4461570,
Q106515302,
Q105356901,
Q16076669,
Q31272421,
Q134953723,
Q12404104,
Q28682815,
Q125810602,
Q107110374,
Q25459435,
Q24935982,
Q24278917,
Q86659857,
Q89989370,
Q104972936,
Q85872379,
Q105087262,
Q124547340,
Q122948166,
Q31360217,
Q11608015,
Q85985092,
Q11282685,
Q110115848,
Q126936269,
Q137672910,
Q13026271,
Q94993223,
Q22126026,
Q115529774,
Q124661544,
Q10260651,
Q114397808,
Q4166783,
Q4393177,
Q7486393,
Q72935339,
Q11344378,
Q56346494,
Q50285640,
Q11264876,
Q11381384,
Q16689982,
Q11323933,
Q117435265,
Q16364122,
Q93606781,
Q16356550,
Q61121983,
Q117153580,
Q124423625,
Q20467936,
Q117435241,
Q25516773,
Q123138779,
Q48702633,
Q20467694,
Q22130784,
Q25390703,
Q48945120,
Q12690838,
Q125078649,
Q18285830,
Q20467879,
Q3338804,
Q16700879,
Q20467888,
Q137259677,
Q11296776,
Q133263344,
Q12118965,
Q15927617,
Q56402464,
Q118780584,
Q109364594,
Q22129039,
Q51881968,
Q106493815,
Q100261161,
Q120335559,
Q9390278,
Q12690810,
Q124423686,
Q12695874,
Q109595552,
Q65051728,
Q11168053,
Q63208485,
Q11301068,
Q119382869,
Q111509744,
Q61404587,
Q135726738,
Q115612124,
Q123780752,
Q12690796,
Q4425390,
Q110069386,
Q126982607,
Q55532576,
Q106947471,
Q60998953,
Q35546690,
Q101231404,
Q11326043,
Q124466511,
Q136102646,
Q63078486,
Q102046568,
Q1316426,
Q129392749,
Q11272924,
Q124554622,
Q125200752,
Q1229042,
Q136464280,
Q12291347,
Q116874128,
Q65255721,
Q9192050,
Q10401419,
Q128868083,
Q136696635,
Q117435322,
Q105335386,
Q4525637,
Q3693853,
Q134547726,
Q2562814,
Q11726697,
Q111231169,
Q11316301,
Q137796108,
Q136694466,
Q84710536,
Q24836161,
Q9184458,
Q10851894,
Q60967900,
Q109597270,
Q124482954,
Q17231298,
Q30879898,
Q106367994,
Q17001972,
Q20467608,
Q5665873,
Q135338812,
Q19602097,
Q139494336,
Q12605106,
Q130634893,
Q85280258,
Q112878517,
Q30928350,
Q97342064,
Q110402532,
Q104903993,
Q109602315,
Q134931232,
Q98636196,
Q48752773,
Q31192164,
Q19278510,
Q118780278,
Q20467488,
Q106289413,
Q61099398,
Q10456945,
Q11762984,
Q105768631,
Q97162283,
Q135111225,
Q30891113,
Q133825385,
Q122424303,
Q17214649,
Q115869378,
Q20467840,
Q131681764,
Q11636095,
Q11303949,
Q21577077,
Q104712658,
Q24873310,
Q25686183,
Q135992060,
Q20040895,
Q25640441,
Q12071458,
Q125200740,
Q10282137,
Q133795968,
Q65255088,
Q1828892,
Q105199293,
Q113876392,
Q97339330,
Q105742551,
Q11994204,
Q11994326,
Q98456462,
Q11346679,
Q124364842,
Q16173246,
Q110114423,
Q110206161,
Q18435451,
Q105264961,
Q13037995,
Q22124468,
Q114660257,
Q124497101,
Q18511997,
Q63245853,
Q139575687,
Q3039522,
Q105105872,
Q124642813,
Q97179155,
Q20433316,
Q107537699,
Q11309729,
Q11986633,
Q109364946,
Q12308499,
Q120335535,
Q21040731,
Q10672623,
Q117434984,
Q130266029,
Q50405262,
Q109363525,
Q20551593,
Q131343416,
Q1238467,
Q15921413,
Q12690824,
Q115691394,
Q108681309,
Q130373574,
Q20511964,
Q127856763,
Q130195223,
Q110069303,
Q11311001,
Q16712051,
Q108912475,
Q109469209,
Q28720603,
Q115869386,
Q124482963,
Q65217292,
Q140085049,
Q110118218,
Q112977035,
Q115618705,
Q11302082,
Q61107736,
Q2620630,
Q65255682,
Q116185176,
Q7368509,
Q117815961,
Q124423447,
Q120491189,
Q140088723,
Q56317106,
Q65127245,
Q109595540,
Q98075741,
Q107417259,
Q17232706,
Q60832585,
Q20042193,
Q117435132,
Q106594069,
Q117435388,
Q85876830,
Q110114030,
Q137465888,
Q61058170,
Q105761116,
Q16408717,
Q12690729,
Q110069494,
Q2040262,
Q9576771,
Q117435244,
Q13132490,
Q12690685,
Q119382702,
Q120498369,
Q20467581,
Q128868178,
Q117435307,
Q119382549,
Q116257765,
Q50213193,
Q4481113,
Q11292812,
Q120335585,
Q124482815,
Q20529407,
Q109464242,
Q61108043,
Q4400345,
Q6061259,
Q97186864,
Q10341619,
Q133308392,
Q1380266,
Q25432871,
Q127856515,
Q25438529,
Q4253126,
Q124621803,
Q139417045,
Q21057528,
Q798094,
Q6689424,
Q11295478,
Q12308317,
Q12362398,
Q108273482,
Q17997769,
Q11278545,
Q52515874,
Q3693844,
Q2950133,
Q11336144,
Q65255479,
Q120064801,
Q9192057,
Q120335893,
Q112074885,
Q7368228,
Q19398840,
Q124432582,
Q48702465,
Q4300625,
Q109333505,
Q97186860,
Q100410251,
Q129943525,
Q11578847,
Q1776807,
Q131681769,
Q65255198,
Q12100319,
Q105319335,
Q1375985,
Q105480689,
Q12621870,
Q19383982,
Q110644575,
Q17189690,
Q1911468,
Q97375848,
Q125810544,
Q60986643,
Q109469926,
Q17748185,
Q13027863,
Q31192166,
Q31197666,
Q61063852,
Q105081221,
Q134506366,
Q12218540,
Q12690840,
Q11286411,
Q110311626,
Q134873845,
Q123741460,
Q3071079,
Q16097899,
Q26236171,
Q61107913,
Q18657418,
Q4041074,
Q127856496,
Q55521925,
Q1610398,
Q11914379,
Q3461048,
Q56750677,
Q96707759,
Q9362972,
Q105389858,
Q12403754,
Q117394005,
Q114269967,
Q124482814,
Q97186884,
Q10484253,
Q127856689,
Q9191950,
Q105319483,
Q130719614,
Q109368468,
Q60986583,
Q124435072,
Q97223785,
Q11330232,
Q104627921,
Q28497862,
Q120335527,
Q134028594,
Q11311005,
Q110969020,
Q124423628,
Q116733381,
Q12257270,
Q109359400,
Q108474137,
Q11287576,
Q2818315,
Q85872924,
Q62070988,
Q65302478,
Q122853344,
Q125810559,
Q16097337,
Q117283063,
Q117435359,
Q109359595,
Q106466021,
Q108543009,
Q2510479,
Q126708958,
Q124896771,
Q11261898,
Q3925387,
Q117435120,
Q112080273,
Q18658951,
Q11324648,
Q117074583,
Q11996787,
Q117771959,
Q12361004,
Q58808558,
Q48701351,
Q110069314,
Q3693875,
Q117435130,
Q125187512,
Q11697244,
Q115691387,
Q105702796,
Q124287640,
Q25483616,
Q94532008,
Q1690283,
Q12150357,
Q12690994,
Q115691391,
Q110196449,
Q60990995,
Q139554251,
Q12871925,
Q85853445,
Q48749259,
Q21857766,
Q124662944,
Q2258041,
Q117435146,
Q119167176,
Q120766519,
Q125190651,
Q124482955,
Q117435051,
Q13157720,
Q109453191,
Q20978693,
Q11342614,
Q124896763,
Q31172790,
Q132255041,
Q116201097,
Q131604630,
Q48811574,
Q117435274,
Q124482788,
Q30893363,
Q124813251,
Q65146809,
Q97311947,
Q11563288,
Q98437623,
Q117435392,
Q11341213,
Q85369529,
Q11313743,
Q66970995,
Q48746503,
Q138005600,
Q104666619,
Q20467542,
Q12353208,
Q105083104,
Q16306987,
Q117435142,
Q105122652,
Q109363769,
Q117434969,
Q97317344,
Q61062531,
Q98106449,
Q111678772,
Q48750851,
Q136694437,
Q89429609,
Q11277579,
Q12001996,
Q12701557,
Q65166010,
Q84082202,
Q110097027,
Q131143909,
Q24870890,
Q10658589,
Q109455606,
Q106604632,
Q106014615,
Q125517420,
Q138659155,
Q11285686,
Q97352788,
Q108710931,
Q29023721,
Q105098404,
Q56346012,
Q119559558,
Q4045454,
Q120335552,
Q109357151,
Q129765224,
Q6071981,
Q4310506,
Q104904749,
Q110069355,
Q134705407,
Q10608166,
Q56348214,
Q136749350,
Q21474011,
Q13026694,
Q28913248,
Q28683576,
Q110437764,
Q17500639,
Q106079849,
Q127856639,
Q16332358,
Q136825612,
Q20521426,
Q109363891,
Q136502939,
Q85987740,
Q2402628,
Q124819874,
Q137805244,
Q2992688,
Q110115836,
Q11991819,
Q102171690,
Q132858679,
Q16139621,
Q21057609,
Q106133802,
Q11533606,
Q12334542,
Q29551593,
Q134707506,
Q108493937,
Q11320995,
Q127856540,
Q95468303,
Q56351958,
Q12072069,
Q120335694,
Q104530982,
Q105502450,
Q16527459,
Q65230674,
Q11242269,
Q2500509,
Q110069299,
Q11975863,
Q12477861,
Q138313316,
Q28684097,
Q11524158,
Q11267746,
Q65248578,
Q12599357,
Q105318402,
Q125359170,
Q3225163,
Q12099917,
Q61116299,
Q136100770,
Q19372196,
Q6052436,
Q11307095,
Q106313639,
Q4521181,
Q16488829,
Q12000076,
Q97379132,
Q4042303,
Q15941586,
Q11334897,
Q65130341,
Q14852093,
Q29152633,
Q109600126,
Q4529421,
Q105119718,
Q118868612,
Q11968220,
Q12709301,
Q11332218,
Q136945770,
Q4230865,
Q11673171,
Q97370241,
Q38278421,
Q97196929,
Q16524032,
Q4395388,
Q119983076,
Q11524466,
Q67179689,
Q13024140,
Q12871984,
Q124497076,
Q136307778,
Q111279871,
Q68935082,
Q125856382,
Q9192032,
Q99853450,
Q132858676,
Q12621864,
Q120204753,
Q13053797,
Q17764676,
Q116346249,
Q4453430,
Q107907484,
Q2122267,
Q18690311,
Q56401078,
Q12384102,
Q124102066,
Q2660735,
Q48833751,
Q131454976,
Q11454066,
Q20251880,
Q20467652,
Q117435373,
Q97205072,
Q7486684,
Q95219684,
Q138640386,
Q130638300,
Q12367902,
Q119382741,
Q17233062,
Q20103220,
Q6620929,
Q3859697,
Q12603663,
Q113258087,
Q11981676,
Q12606065,
Q20100442,
Q124497088,
Q17212533,
Q97658116,
Q10260459,
Q98446206,
Q134506347,
Q135943649,
Q124896775,
Q97667361,
Q4139535,
Q11326029,
Q97369469,
Q12873713,
Q60988886,
Q85966557,
Q75010341,
Q137585152,
Q20467841,
Q5661476,
Q50137536,
Q132197451,
Q85979066,
Q56027873,
Q10520545,
Q110115784,
Q113332241,
Q133308174,
Q109358561,
Q125564207,
Q7368681,
Q7030742,
Q139100076,
Q17638544,
Q102176346,
Q12300394,
Q85867269,
Q112977048,
Q10590692,
Q109348998,
Q20467791,
Q104959189,
Q124497055,
Q132214571,
Q136767607,
Q138330183,
Q113331686,
Q134520074,
Q11335289,
Q116314237,
Q11270750,
Q109365270,
Q28913246,
Q20513159,
Q131406638,
Q122736821,
Q106574908,
Q25435734,
Q120335554,
Q1815972,
Q85865482,
Q1177781,
Q38277540,
Q25628951,
Q30925034,
Q69069608,
Q109367533,
Q107611970,
Q16216204,
Q10432293,
Q12654683,
Q11077645,
Q65238681,
Q124497105,
Q138752730,
Q100989234,
Q106366493,
Q120335531,
Q12514125,
Q16657874,
Q65238538,
Q120329221,
Q4317720,
Q4196596,
Q4166697,
Q61103643,
Q56373864,
Q11334055,
Q11464622,
Q12755047,
Q12653605,
Q13137070,
Q104825422,
Q12162676,
Q13146786,
Q60838734,
Q4052716,
Q12688147,
Q107596142,
Q20108419,
Q102227234,
Q11528059,
Q108707143,
Q20467527,
Q28692052,
Q112662874,
Q11956348,
Q22127416,
Q117435136,
Q24834167,
Q12110135,
Q12613339,
Q17233071,
Q24871406,
Q117435141,
Q1219992,
Q124695192,
Q105530379,
Q104821982,
Q108543825,
Q123943409,
Q9373565,
Q61065333,
Q4106963,
Q124813276,
Q113192151,
Q131827507,
Q124662800,
Q19721845,
Q133873440,
Q124423067,
Q99290115,
Q2135812,
Q3054832,
Q106280708,
Q97221556,
Q3693303,
Q55699236,
Q137210403,
Q4306948,
Q11558023,
Q125810523,
Q111629055,
Q136542567,
Q92624493,
Q70203310,
Q16143759,
Q10282176,
Q85883170,
Q60987056,
Q56400556,
Q6144491,
Q1807769,
Q5812218,
Q63208533,
Q12263248,
Q11344400,
Q113816290,
Q105763913,
Q16323847,
Q22125766,
Q104804855,
Q105047278,
Q65158099,
Q24836876,
Q126722274,
Q124750581,
Q113502221,
Q4508019,
Q21659233,
Q117434974,
Q85865365,
Q124240271,
Q124661601,
Q4107355,
Q136694445,
Q124683626,
Q93344019,
Q4306631,
Q127856571,
Q17210910,
Q12585775,
Q104185040,
Q109359256,
Q104529663,
Q86002656,
Q98082686,
Q20467735,
Q12072103,
Q104623799,
Q100811459,
Q31079496,
Q125149284,
Q132197489,
Q22131696,
Q121840422,
Q133260076,
Q109469431,
Q11605026,
Q85998163,
Q137391652,
Q97219967,
Q11301993,
Q111597187,
Q110739932,
Q105071221,
Q97274005,
Q109595319,
Q101416882,
Q65255284,
Q133294398,
Q121139956,
Q110069435,
Q124614676,
Q4037128,
Q76153958,
Q18690386,
Q60851182,
Q85982040,
Q65215635,
Q106313133,
Q85978787,
Q112579709,
Q113687540,
Q18690132,
Q13654856,
Q11304436,
Q109358558,
Q55530644,
Q1844157,
Q85879725,
Q50285897,
Q120335668,
Q65295383,
Q124812464,
Q115618697,
Q11325067,
Q138657702,
Q131275204,
Q97456336,
Q29573574,
Q118212897,
Q63208458,
Q48701634,
Q28000981,
Q65255074,
Q33120614,
Q18521521,
Q16035287,
Q2900665,
Q20467536,
Q20467615,
Q17217703,
Q110320167,
Q12581293,
Q11300048,
Q138652124,
Q66977497,
Q61064439,
Q20467631,
Q11327465,
Q140275372,
Q136085544,
Q81713047,
Q105307388,
Q101417062,
Q109594572,
Q12096368,
Q11236190,
Q102355246,
Q10858048,
Q16650702,
Q116913712,
Q16141335,
Q16139067,
Q109363163,
Q61107898,
Q20563027,
Q94383864,
Q130738445,
Q102068892,
Q18690140,
Q12690697,
Q124497035,
Q11918965,
Q56406670,
Q4035465,
Q56322580,
Q11252411,
Q16087456,
Q121031059,
Q16096710,
Q11311305,
Q106299550,
Q129352675,
Q3413685,
Q96142941,
Q4039759,
Q11347377,
Q12690678,
Q1076634,
Q60823037,
Q972725,
Q11626706,
Q55608229,
Q97199128,
Q127856761,
Q126909891,
Q133284509,
Q63208471,
Q138306876,
Q110659110,
Q12690885,
Q108577063,
Q96095849,
Q16140922,
Q16379119,
Q25446054,
Q105405110,
Q104661570,
Q113967633,
Q128868159,
Q7368366,
Q109369539,
Q12308316,
Q12292913,
Q18396130,
Q60835961,
Q20467864,
Q134697933,
Q20042273,
Q6168016,
Q63413628,
Q86000653,
Q18701111,
Q113553670,
Q130360987,
Q20106325,
Q1564191,
Q4036985,
Q12260009,
Q10660328,
Q139902624,
Q25463026,
Q12181148,
Q137212473,
Q84977886,
Q97170684,
Q12117643,
Q19383255,
Q120335704,
Q117435076,
Q9182589,
Q124253399,
Q11268819,
Q16700500,
Q10372797,
Q12071463,
Q120335869,
Q12167999,
Q12122264,
Q11314184,
Q60989816,
Q12690686,
Q2144549,
Q20467480,
Q6039508,
Q109601272,
Q126721949,
Q2553155,
Q125810547,
Q9192019,
Q160452,
Q19388779,
Q12620712,
Q15903318,
Q12071327,
Q65213860,
Q3693829,
Q135790573,
Q65272280,
Q31734777,
Q139586413,
Q55522711,
Q64541582,
Q12115158,
Q16097685,
Q15803763,
Q25466477,
Q11511485,
Q30926139,
Q28609273,
Q120759115,
Q124631189,
Q11556598,
Q50001931,
Q20059901,
Q120335651,
Q11268937,
Q85870480,
Q61389242,
Q135228599,
Q12005278,
Q63759140,
Q4470501,
Q65255011,
Q113324677,
Q108584472,
Q3907306,
Q4507448,
Q61083141,
Q64225462,
Q1713413,
Q131275550,
Q18700543,
Q11333948,
Q106436717,
Q127856607,
Q55073853,
Q85966851,
Q109362236,
Q124497039,
Q121037561,
Q106034974,
Q25469331,
Q104695738,
Q11327994,
Q9634475,
Q116679934,
Q60986045,
Q4050738,
Q109412999,
Q125076105,
Q10419801,
Q119382669,
Q120335740,
Q12656543,
Q20044408,
Q86496022,
Q13381353,
Q12113161,
Q127856611,
Q127856558,
Q105989011,
Q13146833,
Q16097872,
Q2920829,
Q116771472,
Q55523614,
Q18279178,
Q11799211,
Q121551868,
Q61108012,
Q61000629,
Q19852580,
Q91982631,
Q138034632,
Q110008199,
Q127856655,
Q124483342,
Q10851628,
Q22101183,
Q115691392,
Q105839884,
Q106214370,
Q17592298,
Q115486830,
Q117716366,
Q117435316,
Q2716013,
Q124621261,
Q85290913,
Q11914377,
Q133521698,
Q85880590,
Q62886165,
Q65254903,
Q5011603,
Q131701783,
Q20467523,
Q12130817,
Q126925414,
Q76824313,
Q3143061,
Q4304036,
Q15866931,
Q11504580,
Q11350680,
Q12572976,
Q20067368,
Q20063938,
Q119980219,
Q120753902,
Q20041421,
Q104819422,
Q22123763,
Q106598812,
Q16421481,
Q22974631,
Q31174836,
Q48700617,
Q104003990,
Q118732588,
Q32361221,
Q4153349,
Q124483346,
Q119382866,
Q20467469,
Q63208521,
Q11256838,
Q4052554,
Q131406738,
Q117435067,
Q124750748,
Q15926765,
Q1780868,
Q65254787,
Q104704323,
Q11195777,
Q98398774,
Q124482798,
Q16097712,
Q131275155,
Q65238571,
Q111508225,
Q110069312,
Q56354197,
Q20945505,
Q97174242,
Q55662813,
Q16429349,
Q12011637,
Q16096926,
Q12690941,
Q120269059,
Q110986396,
Q17220665,
Q132188846,
Q20070550,
Q1952203,
Q61082778,
Q113270617,
Q798097,
Q2392524,
Q16143162,
Q98446208,
Q16691172,
Q60823180,
Q96755879,
Q19854495,
Q90128620,
Q97209461,
Q116753903,
Q115161411,
Q11270632,
Q134347902,
Q12690744,
Q10909759,
Q124657472,
Q98165114,
Q20257579,
Q130703650,
Q110069320,
Q125499897,
Q113623634,
Q11287166,
Q109887949,
Q3186682,
Q12096423,
Q133860869,
Q18690209,
Q2026103,
Q48702541,
Q11464642,
Q18485851,
Q11293555,
Q107894067,
Q24933730,
Q140317314,
Q24865531,
Q92174186,
Q120335632,
Q132827359,
Q31075261,
Q56353995,
Q106483513,
Q13031118,
Q2465075,
Q12617755,
Q127107467,
Q104527661,
Q133962421,
Q105477299,
Q109469931,
Q12603686,
Q17191846,
Q20511229,
Q60823030,
Q112180814,
Q120335553,
Q104724020,
Q16144920,
Q110117945,
Q13026350,
Q126364981,
Q48750681,
Q109596564,
Q131893296,
Q61107919,
Q16159275,
Q106289040,
Q93523406,
Q16526735,
Q100341885,
Q85987441,
Q105460237,
Q11690467,
Q6458203,
Q109362653,
Q11690484,
Q25483949,
Q15916857,
Q77418475,
Q20499490,
Q101194474,
Q16097092,
Q30895322,
Q19744391,
Q55524019,
Q17211465,
Q106374059,
Q117435001,
Q65196632,
Q104530394,
Q127856525,
Q113115853,
Q127856569,
Q126066906,
Q24868618,
Q11307724,
Q124662774,
Q4492037,
Q17776411,
Q65255047,
Q124528793,
Q11974823,
Q11950012,
Q25435905,
Q16140763,
Q107606058,
Q6830004,
Q31187004,
Q4037064,
Q124856404,
Q120335506,
Q115776467,
Q96575332,
Q105687838,
Q10680589,
Q16164446,
Q56407940,
Q105081422,
Q88331458,
Q12620584,
Q12384076,
Q115783755,
Q12171070,
Q97816789,
Q55974035,
Q12153415,
Q11977012,
Q1137571,
Q97172988,
Q19804101,
Q52316937,
Q109279515,
Q115610418,
Q118780369,
Q126694435,
Q136914604,
Q124750765,
Q122204823,
Q120335546,
Q110069382,
Q110788595,
Q120335866,
Q113324734,
Q117435091,
Q2208126,
Q16114643,
Q125706589,
Q11264161,
Q105073115,
Q136683398,
Q126049471,
Q65255313,
Q104713838,
Q20467778,
Q123184670,
Q131244117,
Q131275140,
Q117435013,
Q11269512,
Q10863745,
Q107595904,
Q77896883,
Q56400553,
Q4096038,
Q139780679,
Q25840445,
Q13014607,
Q4160322,
Q12690794,
Q28684094,
Q120335749,
Q97279176,
Q28704237,
Q11350631,
Q126924596,
Q109460481,
Q134028639,
Q20040277,
Q3693864,
Q11260965,
Q109414485,
Q28667988,
Q115157035,
Q18990100,
Q122194615,
Q17229234,
Q21640490,
Q139502855,
Q137606352,
Q124640255,
Q105620027,
Q3664778,
Q131477528,
Q20040174,
Q13134185,
Q24886180,
Q120335539,
Q12690982,
Q63208528,
Q113876487,
Q140267343,
Q109599507,
Q89474689,
Q117434996,
Q98140879,
Q85863552,
Q18236204,
Q12275316,
Q138561818,
Q11265784,
Q4280483,
Q85884402,
Q127856489,
Q20159280,
Q138036274,
Q26790716,
Q101579722,
Q10662195,
Q25463904,
Q125634984,
Q38278570,
Q99673318,
Q124424755,
Q10846790,
Q98456449,
Q65255183,
Q83680243,
Q12673564,
Q23301646,
Q56300777,
Q65254778,
Q104777300,
Q125187297,
Q12272738,
Q105637068,
Q12690896,
Q11524079,
Q31197576,
Q65255442,
Q112106543,
Q4241866,
Q50484878,
Q48702504,
Q131378881,
Q18689960,
Q24834355,
Q124422927,
Q87738606,
Q122241268,
Q114928969,
Q18567372,
Q38806629,
Q20467795,
Q12275901,
Q60847537,
Q18690326,
Q119848596,
Q30880155,
Q56400568,
Q136464256,
Q97311719,
Q97321211,
Q85874843,
Q12279218,
Q113332387,
Q131672873,
Q12690952,
Q117434967,
Q85864057,
Q11431246,
Q105271655,
Q11264105,
Q11989889,
Q4517117,
Q137466715,
Q97216685,
Q98456458,
Q38945072,
Q4130674,
Q12090809,
Q106448716,
Q20039298,
Q106516593,
Q4384422,
Q11299510,
Q104638932,
Q10666516,
Q138457297,
Q11569560,
Q10472432,
Q11258559,
Q123862120,
Q85978124,
Q111285940,
Q38277415,
Q11339236,
Q120335650,
Q31197407,
Q1110174,
Q109361096,
Q22964196,
Q98431934,
Q16140134,
Q111963215,
Q136669268,
Q10907122,
Q117435394,
Q19935255,
Q11677665,
Q98088155,
Q122891676,
Q62554411,
Q12690825,
Q124788653,
Q11299216,
Q4390004,
Q97211144,
Q28720606,
Q120335569,
Q88331549,
Q6166607,
Q128868157,
Q123940823,
Q12616283,
Q131406990,
Q124671402,
Q136376548,
Q12006491,
Q121387778,
Q6850478,
Q63523161,
Q11493045,
Q11386691,
Q136694479,
Q12269100,
Q48803411,
Q96310188,
Q134179000,
Q25448141,
Q5913826,
Q112626126,
Q97277097,
Q108384922,
Q116258850,
Q20467475,
Q10689260,
Q12119344,
Q83215390,
Q133730619,
Q92988428,
Q25616632,
Q20467582,
Q134345393,
Q11414914,
Q18337057,
Q102233430,
Q4045012,
Q12259213,
Q26712617,
Q109652740,
Q11417248,
Q11410841,
Q104804854,
Q117857274,
Q86673618,
Q140138097,
Q134506373,
Q6806198,
Q15877527,
Q106493010,
Q4036515,
Q12256775,
Q110069606,
Q63982921,
Q85879763,
Q130756065,
Q97177283,
Q7063977,
Q127330333,
Q127699016,
Q110701657,
Q2126403,
Q115676133,
Q124335297,
Q105761334,
Q60986741,
Q11344337,
Q10493875,
Q137294941,
Q111590251,
Q10393776,
Q133799720,
Q2193818,
Q55532791,
Q16644063,
Q117402987,
Q124497098,
Q131132660,
Q61087431,
Q138456512,
Q104906210,
Q60835629,
Q115974419,
Q109290969,
Q124483337,
Q11319436,
Q12690743,
Q110069331,
Q125341715,
Q107166055,
Q3398695,
Q48213255,
Q120335881,
Q17216845,
Q132781257,
Q12310801,
Q136819554,
Q113746846,
Q1871991,
Q124819175,
Q25407138,
Q3792635,
Q2052443,
Q105906705,
Q56406183,
Q109456934,
Q18424031,
Q93352776,
Q6114673,
Q124619242,
Q12720726,
Q11515750,
Q12375636,
Q12098637,
Q16725738,
Q16132023,
Q124497031,
Q16138234,
Q11268810,
Q11799197,
Q124615938,
Q96152184,
Q50304235,
Q115714941,
Q119382882,
Q48755378,
Q20726150,
Q20467750,
Q4046483,
Q16163558,
Q122903933,
Q6060285,
Q109596048,
Q4403028,
Q135754525,
Q96745529,
Q106140950,
Q115793045,
Q137924005,
Q97502284,
Q85985278,
Q107596367,
Q130269811,
Q85966372,
Q70386870,
Q136205505,
Q103805365,
Q12102268,
Q4336487,
Q111209560,
Q12723364,
Q11339714,
Q61083133,
Q11332696,
Q1796337,
Q4392152,
Q90510945,
Q24863326,
Q3693825,
Q97162979,
Q106494851,
Q117435045,
Q65255572,
Q4333645,
Q135551939,
Q116810292,
Q12386473,
Q105202111,
Q119382636,
Q85977106,
Q110021833,
Q9369043,
Q18457764,
Q22123502,
Q117435377,
Q14520186,
Q15805847,
Q110637796,
Q4057969,
Q2864910,
Q105467049,
Q108369143,
Q17322169,
Q115051649,
Q9191984,
Q135882941,
Q10341748,
Q9324363,
Q125778008,
Q117714888,
Q104713250,
Q57040218,
Q104404375,
Q124541758,
Q11296594,
Q12071275,
Q7368799,
Q131701003,
Q1689874,
Q12084469,
Q110295399,
Q128868147,
Q12690866,
Q4150665,
Q12690939,
Q11837085,
Q119382630,
Q128790063,
Q130368029,
Q117435281,
Q112567214,
Q111651624,
Q105661167,
Q69901204,
Q125019825,
Q131919078,
Q106376593,
Q122233482,
Q94579664,
Q127856672,
Q11323930,
Q106140815,
Q111411365,
Q125338448,
Q23786801,
Q18225540,
Q43779396,
Q16488999,
Q117435016,
Q56374673,
Q131275123,
Q117435125,
Q65254967,
Q12690689,
Q12162709,
Q103884470,
Q85870145,
Q104590867,
Q56295020,
Q1931455,
Q102227162,
Q11333486,
Q18690290,
Q11351377,
Q19254282,
Q117435237,
Q12212241,
Q109603444,
Q105104501,
Q85092160,
Q14284221,
Q65232523,
Q128868094,
Q12286484,
Q1582021,
Q11274377,
Q112431933,
Q19835281,
Q119983043,
Q116745980,
Q10267465,
Q118496114,
Q105171922,
Q109596194,
Q19392224,
Q12690879,
Q12690753,
Q109460488,
Q9075915,
Q77362927,
Q119445172,
Q117435116,
Q11341480,
Q20033152,
Q11317345,
Q104664951,
Q124482928,
Q98437738,
Q2874677,
Q91945106,
Q132261149,
Q108554950,
Q97605915,
Q12058845,
Q97207007,
Q5404337,
Q135517120,
Q136334322,
Q106231964,
Q19794694,
Q112073406,
Q11328617,
Q11308209,
Q123216608,
Q22125938,
Q139742374,
Q49098231,
Q4070323,
Q1713407,
Q16943101,
Q12690781,
Q133844571,
Q19703013,
Q117475615,
Q20473634,
Q3812921,
Q10701733,
Q18690382,
Q131275083,
Q12396375,
Q94668311,
Q59222795,
Q12298032,
Q10680677,
Q131869889,
Q131449894,
Q117435390,
Q131278102,
Q113463205,
Q12072147,
Q139852971,
Q61182006,
Q12762625,
Q2637196,
Q3888711,
Q16681412,
Q30957941,
Q65235160,
Q125810529,
Q105721594,
Q137384883,
Q105742418,
Q4127713,
Q9360584,
Q50185069,
Q120335878,
Q48750667,
Q120335662,
Q84097786,
Q10896026,
Q138509285,
Q105757995,
Q114345720,
Q97179381,
Q4483737,
Q99541270,
Q17217324,
Q12690916,
Q16496596,
Q117287144,
Q27961334,
Q12062619,
Q12690997,
Q13027564,
Q97184415,
Q134879160,
Q113650679,
Q119382771,
Q12690757,
Q12512670,
Q110069538,
Q104666751,
Q97097271,
Q85983822,
Q109469215,
Q109313575,
Q124423789,
Q31841719,
Q91945416,
Q106505072,
Q4146810,
Q20467554,
Q96249533,
Q110114881,
Q11678830,
Q4365838,
Q11516298,
Q96440207,
Q24865029,
Q11542487,
Q104829473,
Q111629412,
Q10372750,
Q131689220,
Q30942412,
Q16607114,
Q116477068,
Q139794914,
Q15833321,
Q105757964,
Q105582736,
Q109365189,
Q20467922,
Q20467625,
Q4274041,
Q23501860,
Q138464611,
Q124423657,
Q131410510,
Q106465123,
Q18690020,
Q22129672,
Q101210422,
Q134776290,
Q65133073,
Q124896782,
Q4034887,
Q6628962,
Q109367800,
Q126326709,
Q60448052,
Q13026103,
Q131399126,
Q11318298,
Q12688309,
Q124483350,
Q12387421,
Q12709307,
Q63365318,
Q105721547,
Q11327194,
Q6160493,
Q9191999,
Q13654748,
Q106640296,
Q13041109,
Q4053213,
Q11585664,
Q17711824,
Q135997426,
Q16156737,
Q106576374,
Q20549131,
Q65231680,
Q16097509,
Q4109957,
Q104666715,
Q105702576,
Q16446103,
Q63208496,
Q12690890,
Q29023805,
Q104603640,
Q20039327,
Q11305662,
Q109358483,
Q124761418,
Q110050102,
Q98117472,
Q132471427,
Q12702271,
Q10385453,
Q134298739,
Q111629411,
Q89884258,
Q19725676,
Q11831674,
Q10610450,
Q12136459,
Q65244636,
Q109416900,
Q120335652,
Q124483343,
Q97186368,
Q124217157,
Q56300316,
Q98431956,
Q133873457,
Q12361353,
Q110401146,
Q112844020,
Q110270968,
Q4161778,
Q20039868,
Q18423825,
Q85865480,
Q116804527,
Q112579780,
Q20066820,
Q63208478,
Q12760051,
Q136562431,
Q9027427,
Q2207810,
Q105722920,
Q2296214,
Q117857289,
Q131275088,
Q12681964,
Q4303525,
Q20568292,
Q12071580,
Q106473065,
Q10915849,
Q20499937,
Q60852067,
Q136694450,
Q3988908,
Q15901732,
Q104695944,
Q107611417,
Q66977844,
Q23008375,
Q11330981,
Q137210057,
Q115618740,
Q56403208,
Q105098345,
Q17192423,
Q16912867,
Q31176740,
Q110069276,
Q110901171,
Q28913360,
Q7368722,
Q109597634,
Q25477278,
Q110069562,
Q11316523,
Q6053334,
Q122183195,
Q69071265,
Q106375179,
Q136528024,
Q134403400,
Q106614742,
Q124387331,
Q11919787,
Q104830929,
Q24932977,
Q131275146,
Q11409569,
Q20467654,
Q13021005,
Q116147555,
Q12687428,
Q106211657,
Q4045430,
Q25438749,
Q116460072,
Q113275446,
Q3232244,
Q12584567,
Q85291178,
Q18022152,
Q118558740,
Q12689703,
Q104718112,
Q127439937,
Q56390376,
Q20105225,
Q11351565,
Q66382914,
Q113779470,
Q56349676,
Q56357774,
Q121892768,
Q56356101,
Q131275160,
Q17221183,
Q109358466,
Q56072221,
Q4037033,
Q9143123,
Q30219116,
Q14806851,
Q60174440,
Q55608203,
Q4453499,
Q136242653,
Q100552421,
Q115281005,
Q97180346,
Q11659664,
Q117435123,
Q97200923,
Q106436202,
Q106368445,
Q117435151,
Q105759708,
Q55521557,
Q109359273,
Q112977062,
Q107752170,
Q12063127,
Q16408789,
Q1741326,
Q30935672,
Q3380698,
Q105672744,
Q12661125,
Q11523973,
Q9386265,
Q9191955,
Q105475053,
Q11298027,
Q38278676,
Q131708728,
Q126726651,
Q20467903,
Q10520030,
Q65200468,
Q113249256,
Q111436772,
Q11291205,
Q113244683,
Q56300765,
Q12681836,
Q109985677,
Q109469212,
Q4430455,
Q12384082,
Q4048328,
Q1872305,
Q105688934,
Q106472403,
Q60997643,
Q5788705,
Q114962606,
Q97196365,
Q11645857,
Q12784057,
Q65295380,
Q11314665,
Q120335894,
Q11276658,
Q77035545,
Q117847989,
Q85852869,
Q139860443,
Q98437035,
Q19853782,
Q108845532,
Q117405741,
Q1983742,
Q11676524,
Q133872916,
Q105396725,
Q10544407,
Q131275090,
Q2177964,
Q11418488,
Q65256123,
Q116496643,
Q11266301,
Q109455219,
Q83757321,
Q11306144,
Q30937580,
Q109601632,
Q13018339,
Q109415420,
Q102043124,
Q134982633,
Q16366981,
Q139494649,
Q27070685,
Q48700668,
Q4124541,
Q120175142,
Q111449338,
Q2727309,
Q3693891,
Q72966068,
Q11319314,
Q98684577,
Q81175835,
Q65296110,
Q131275157,
Q11306564,
Q123255229,
Q123175203,
Q7368642,
Q122890076,
Q123856103,
Q109594588,
Q12590842,
Q12727435,
Q109410328,
Q4336495,
Q12521335,
Q65264168,
Q11305304,
Q20560396,
Q110396178,
Q11333037,
Q140263727,
Q124497071,
Q4410770,
Q65127243,
Q135971800,
Q134239640,
Q97312294,
Q117317775,
Q10850900,
Q123022971,
Q65240735,
Q119382561,
Q63208486,
Q39292380,
Q2134356,
Q61138283,
Q122184695,
Q62669047,
Q11524476,
Q12712281,
Q137786741,
Q115486368,
Q124409699,
Q110421281,
Q110118110,
Q85681728,
Q11690489,
Q134506350,
Q111225599,
Q20457731,
Q104623030,
Q4053264,
Q122212806,
Q6073748,
Q20465737,
Q4463059,
Q4107215,
Q16138927,
Q109356889,
Q85122898,
Q19818900,
Q121540545,
Q124061106,
Q106728333,
Q105396913,
Q63208506,
Q11784356,
Q28693448,
Q15855907,
Q25487273,
Q24874594,
Q124149562,
Q104876125,
Q117435044,
Q60963512,
Q118182358,
Q113146099,
Q111687907,
Q123859830,
Q15876162,
Q1802268,
Q111460253,
Q48752943,
Q4385836,
Q20467739,
Q85993134,
Q132075438,
Q11313791,
Q12599534,
Q124476979,
Q20688426,
Q61123241,
Q120335750,
Q124079470,
Q123030062,
Q11252891,
Q20467711,
Q104531220,
Q4240980,
Q133885540,
Q12690984,
Q120534488,
Q128868112,
Q124423865,
Q98431929,
Q134359507,
Q106516591,
Q50182516,
Q112120508,
Q104825361,
Q120483906,
Q97166561,
Q12690782,
Q117435077,
Q16496582,
Q97170559,
Q2510257,
Q105512204,
Q127163541,
Q7368236,
Q139884745,
Q12384080,
Q10973995,
Q1985222,
Q104718635,
Q10680522,
Q11446765,
Q12259980,
Q134501142,
Q16269220,
Q3555774,
Q20467700,
Q10385456,
Q117435300,
Q12690801,
Q11598906,
Q2743916,
Q4309841,
Q17765337,
Q12072593,
Q89910121,
Q124641886,
Q4261129,
Q109456152,
Q119382870,
Q131275208,
Q134598005,
Q108554913,
Q4525484,
Q12690893,
Q56402566,
Q19616730,
Q134506346,
Q91112109,
Q11324032,
Q124376668,
Q18225876,
Q130705462,
Q119382886,
Q31192672,
Q1673487,
Q5834063,
Q10612034,
Q12368304,
Q74178314,
Q109331395,
Q4402983,
Q111810155,
Q97190747,
Q107928688,
Q17711737,
Q10900684,
Q135660802,
Q1636676,
Q61079643,
Q111907442,
Q4147846,
Q18119214,
Q123485181,
Q61108019,
Q55654022,
Q102248142,
Q126708282,
Q2834631,
Q13025458,
Q16421997,
Q85979326,
Q12483076,
Q135910778,
Q4218553,
Q109469205,
Q139742120,
Q114747032,
Q9274724,
Q110118315,
Q12663410,
Q30908754,
Q103860997,
Q18540254,
Q11594411,
Q16097906,
Q110069281,
Q97196208,
Q133459515,
Q117435052,
Q10291803,
Q3516712,
Q118115145,
Q56064930,
Q110069396,
Q2129525,
Q56027846,
Q11334643,
Q10293188,
Q16716706,
Q1076558,
Q11868466,
Q4030640,
Q125588750,
Q76153974,
Q139860440,
Q130638273,
Q16089091,
Q118645471,
Q20467555,
Q11306704,
Q16175309,
Q115311419,
Q116458563,
Q94535115,
Q61356874,
Q12266123,
Q106924193,
Q28502533,
Q104778629,
Q19392291,
Q110132676,
Q12289928,
Q97219213,
Q109364202,
Q139890243,
Q11666807,
Q89022827,
Q124819906,
Q99752047,
Q20745854,
Q61114181,
Q10502430,
Q105754568,
Q108810089,
Q54820876,
Q132796518,
Q61064766,
Q135651269,
Q124528699,
Q136819564,
Q55534887,
Q20467672,
Q139858099,
Q125343544,
Q9362812,
Q109596147,
Q117435111,
Q18661021,
Q31186595,
Q117435069,
Q124642571,
Q134506345,
Q119382546,
Q6074998,
Q9346325,
Q60986936,
Q11416221,
Q7368806,
Q119382716,
Q12411743,
Q18432326,
Q56301097,
Q6587746,
Q12346635,
Q12594157,
Q136706748,
Q20467612,
Q4392050,
Q2591058,
Q16706657,
Q120335654,
Q18479928,
Q118780667,
Q16423577,
Q61100905,
Q63725621,
Q65255216,
Q65332156,
Q28668673,
Q124627997,
Q124531503,
Q136694439,
Q17711726,
Q10476403,
Q15847653,
Q110069495,
Q12690966,
Q2114467,
Q134028720,
Q16567083,
Q94948232,
Q38807094,
Q11281217,
Q12690975,
Q127856642,
Q63670450,
Q1945706,
Q132201381,
Q1776803,
Q109357853,
Q106211525,
Q91888148,
Q10341735,
Q26235943,
Q129282030,
Q16426607,
Q48750225,
Q106713494,
Q118380400,
Q131336102,
Q139583248,
Q5736870,
Q11568658,
Q63208491,
Q106238941,
Q16295573,
Q7368514,
Q107599853,
Q109041547,
Q3726183,
Q6094520,
Q130483055,
Q115638304,
Q116911079,
Q6048044,
Q55526723,
Q110117904,
Q24863732,
Q131275132,
Q10468615,
Q65174694,
Q127259964,
Q135407590,
Q11353216,
Q135419235,
Q126909778,
Q107470508,
Q55658240,
Q50181086,
Q109652244,
Q65235961,
Q116843526,
Q140287014,
Q12384096,
Q105306419,
Q125542621,
Q139604567,
Q109357085,
Q29601214,
Q3020735,
Q11286830,
Q11950008,
Q4037114,
Q12605387,
Q55737480,
Q7050975,
Q117435251,
Q111627793,
Q11524878,
Q135778086,
Q4419938,
Q4469344,
Q19377624,
Q104905344,
Q11504160,
Q113414533,
Q29867180,
Q136694448,
Q136374821,
Q12297485,
Q12690999,
Q57274096,
Q28683327,
Q122459656,
Q25392817,
Q124423562,
Q11320339,
Q120335872,
Q138736730,
Q117435088,
Q11354588,
Q65128994,
Q17233075,
Q86439934,
Q130356469,
Q11308016,
Q2800845,
Q48701432,
Q120335732,
Q114033324,
Q4231904,
Q2356334,
Q136375216,
Q2032078,
Q107075854,
Q68947046,
Q104919033,
Q20467494,
Q55831185,
Q12119075,
Q25622315,
Q20467707,
Q20467595,
Q119382768,
Q102248072,
Q25480564,
Q27959386,
Q17779773,
Q11950011,
Q124482808,
Q4448762,
Q10800997,
Q2713421,
Q11287253,
Q11339234,
Q107703444,
Q11348198,
Q30922523,
Q137585137,
Q12275624,
Q107596298,
Q48352333,
Q117220182,
Q10403858,
Q117314910,
Q4371288,
Q132135171,
Q24901903,
Q16168259,
Q97163435,
Q11233320,
Q98399874,
Q11331639,
Q11238424,
Q138505275,
Q1920316,
Q120335640,
Q130259840,
Q20467832,
Q124497059,
Q61755286,
Q4159489,
Q112566887,
Q133097753,
Q12620732,
Q133803472,
Q6145234,
Q108741800,
Q61081104,
Q5994965,
Q107588670,
Q97170795,
Q139822959,
Q12690725,
Q135985222,
Q124663192,
Q3521872,
Q56374508,
Q99291369,
Q4050827,
Q94676948,
Q16687216,
Q24865451,
Q117435393,
Q104623007,
Q120335507,
Q116779469,
Q131023093,
Q117035941,
Q11328817,
Q97310469,
Q84570195,
Q117435253,
Q28720610,
Q56357929,
Q120756982,
Q133308206,
Q127856579,
Q109594404,
Q109456928,
Q1546298,
Q6090626,
Q13052577,
Q3922014,
Q11274228,
Q65254973,
Q60832239,
Q11334061,
Q131410427,
Q136694490,
Q130497073,
Q4073640,
Q105103074,
Q12392586,
Q20467687,
Q110069298,
Q12617391,
Q10708722,
Q4334501,
Q109358537,
Q106215263,
Q7449360,
Q23888551,
Q12230603,
Q113137325,
Q137845884,
Q17767142,
Q81042372,
Q126173051,
Q31884534,
Q61088374,
Q103056170,
Q97441553,
Q24941731,
Q12690942,
Q120335679,
Q21704438,
Q20467741,
Q96602465,
Q4080388,
Q98456464,
Q104985724,
Q18226751,
Q1965546,
Q18625776,
Q11283852,
Q105967288,
Q4441203,
Q22127227,
Q105756757,
Q113536107,
Q10851551,
Q28724016,
Q109469207,
Q12124256,
Q65228464,
Q55532277,
Q16096987,
Q11973695,
Q20431124,
Q28702054,
Q7368632,
Q107529619,
Q111359821,
Q124672105,
Q105076812,
Q61356783,
Q120335762,
Q124541218,
Q116974472,
Q105623543,
Q85869479,
Q11315081,
Q15943723,
Q30923593,
Q24870218,
Q136767799,
Q11361355,
Q5980346,
Q19729208,
Q112211160,
Q12148611,
Q108030522,
Q63073593,
Q110115464,
Q15788515,
Q137436546,
Q106939468,
Q9191961,
Q9051109,
Q13014895,
Q123989185,
Q56254034,
Q25529238,
Q12383869,
Q13107171,
Q109469910,
Q124613501,
Q47488538,
Q4051611,
Q135216930,
Q20467690,
Q104381847,
Q93736791,
Q12749397,
Q18631699,
Q61064776,
Q124669751,
Q31360605,
Q20467719,
Q61063183,
Q55531975,
Q110116023,
Q28683317,
Q112433651,
Q63208526,
Q117458740,
Q138296406,
Q97219804,
Q121488816,
Q139854784,
Q111589862,
Q5962116,
Q20113125,
Q28684505,
Q64822696,
Q12078518,
Q60988035,
Q6587211,
Q11980355,
Q118975659,
Q2855012,
Q63208534,
Q9303251,
Q134304986,
Q18460041,
Q112156803,
Q12697468,
Q132473167,
Q26868380,
Q19907453,
Q11350935,
Q109597499,
Q131143940,
Q113513112,
Q63208452,
Q16006214,
Q2850892,
Q130348102,
Q127856703,
Q117223121,
Q11545106,
Q4051455,
Q3952165,
Q61138236,
Q50303669,
Q97162150,
Q25391976,
Q124733737,
Q106214601,
Q11958623,
Q30943422,
Q4277696,
Q12257318,
Q12336603,
Q111628990,
Q128868115,
Q120335625,
Q12776517,
Q104576258,
Q114372422,
Q11315540,
Q12603937,
Q135653431,
Q116838344,
Q74148995,
Q86047228,
Q64786135,
Q133873454,
Q128868118,
Q4160382,
Q3885021,
Q125018219,
Q13019733,
Q116918872,
Q12162879,
Q18662635,
Q12690826,
Q135961131,
Q19378237,
Q10372756,
Q124515557,
Q120335572,
Q22954021,
Q20467758,
Q114905367,
Q9097652,
Q12760906,
Q139890018,
Q65225862,
Q10590272,
Q12384083,
Q12685754,
Q84314266,
Q128868092,
Q18019454,
Q110069307,
Q137325533,
Q11331286,
Q98825775,
Q111745913,
Q15876317,
Q55662797,
Q66689101,
Q105443628,
Q106595240,
Q16714784,
Q10341621,
Q106095569,
Q61869891,
Q55735427,
Q131275129,
Q11410940,
Q11328711,
Q14718171,
Q56345846,
Q107603730,
Q12690985,
Q4082274,
Q11975734,
Q106253965,
Q18620295,
Q12165253,
Q110114848,
Q1951802,
Q6983257,
Q28704294,
Q20467610,
Q106155215,
Q30924608,
Q137585130,
Q110363257,
Q128868101,
Q13018136,
Q2030750,
Q139584407,
Q11984030,
Q11318365,
Q96196394,
Q109599742,
Q65240922,
Q112977033,
Q107843431,
Q65255422,
Q117435137,
Q18002971,
Q3929366,
Q20562104,
Q12899466,
Q31191133,
Q97208656,
Q55532675,
Q97940422,
Q61107439,
Q28701998,
Q61404174,
Q16471818,
Q2392009,
Q1140673,
Q117434992,
Q25380662,
Q121816970,
Q120804415,
Q12112263,
Q30925702,
Q138605612,
Q25652634,
Q117435221,
Q11827223,
Q116057578,
Q124654338,
Q11352208,
Q117857963,
Q120499134,
Q11257069,
Q115581530,
Q113331842,
Q131418768,
Q48700563,
Q120335521,
Q11321194,
Q111687569,
Q130381451,
Q19731119,
Q107797802,
Q12279209,
Q11874361,
Q106574573,
Q20448668,
Q61104652,
Q125824851,
Q16162400,
Q11306495,
Q66777786,
Q12690682,
Q117543375,
Q120335752,
Q124070338,
Q61375100,
Q132781261,
Q122758854,
Q135320778,
Q12408419,
Q133849655,
Q19916660,
Q109411760,
Q119382848,
Q12282282,
Q108855254,
Q117435266,
Q11326343,
Q21038157,
Q97010481,
Q117348314,
Q6762479,
Q116859575,
Q29110175,
Q85313732,
Q11265007,
Q5718247,
Q125112469,
Q86494903,
Q109039043,
Q56306721,
Q138042851,
Q102386345,
Q61107937,
Q104906524,
Q112567253,
Q10358899,
Q125810518,
Q124788660,
Q64167570,
Q97180910,
Q97312568,
Q85966502,
Q61117508,
Q105532180,
Q19390933,
Q9192008,
Q13133592,
Q11282228,
Q30080220,
Q11327246,
Q131535266,
Q105587917,
Q85980739,
Q16139498,
Q30880891,
Q131395835,
Q11320811,
Q120335882,
Q120335534,
Q124815774,
Q42907514,
Q60850219,
Q107576152,
Q80954100,
Q136375246,
Q90169702,
Q92624462,
Q109527858,
Q99440292,
Q66898451,
Q50795395,
Q10532786,
Q25668538,
Q124532240,
Q2094255,
Q60851194,
Q105692675,
Q9397452,
Q124802094,
Q82091360,
Q116206890,
Q2138783,
Q97007420,
Q117435336,
Q109416932,
Q124368228,
Q4396791,
Q71818808,
Q11370561,
Q107175752,
Q109332958,
Q106483465,
Q2467162,
Q119009949,
Q55730540,
Q110069464,
Q63208520,
Q12697748,
Q11314896,
Q114081316,
Q11292108,
Q118290776,
Q17221800,
Q12281386,
Q72966005,
Q136229725,
Q124972636,
Q105529173,
Q6816827,
Q104290479,
Q11280240,
Q109362647,
Q11281015,
Q85883034,
Q131275147,
Q117005846,
Q30956339,
Q19714747,
Q28682296,
Q25464390,
Q125019722,
Q11854767,
Q12000040,
Q13014640,
Q19393125,
Q12690721,
Q5473665,
Q6790581,
Q109366160,
Q25513695,
Q95692052,
Q12690931,
Q22956307,
Q12690764,
Q85966541,
Q82349074,
Q18480283,
Q125810577,
Q130647299,
Q120336401,
Q113489532,
Q11325008,
Q12685121,
Q11413747,
Q4405478,
Q139414790,
Q11563469,
Q4251542,
Q11740293,
Q12685606,
Q55529536,
Q56308216,
Q139890527,
Q3230644,
Q105394914,
Q18689940,
Q25490136,
Q104905490,
Q136035918,
Q25640468,
Q109362407,
Q60999938,
Q65240649,
Q11355093,
Q20467850,
Q12071910,
Q81047552,
Q85978658,
Q97214905,
Q12509241,
Q136694465,
Q20467565,
Q20059471,
Q76193854,
Q48877974,
Q121616319,
Q19610628,
Q127856590,
Q120041551,
Q85874959,
Q118955911,
Q137398336,
Q124423389,
Q12136127,
Q10613090,
Q106351972,
Q61108463,
Q55529114,
Q4425721,
Q24290056,
Q98522476,
Q110115377,
Q105560260,
Q11337063,
Q113879449,
Q12298000,
Q61057271,
Q111423766,
Q3314703,
Q100271526,
Q106214018,
Q139784889,
Q12698909,
Q4041837,
Q108857022,
Q115052268,
Q76510879,
Q11306665,
Q140164692,
Q48780830,
Q18629760,
Q110069636,
Q61403193,
Q20057756,
Q124423486,
Q105067182,
Q138330325,
Q18907766,
Q11192456,
Q18626324,
Q25493855,
Q110617256,
Q1711404,
Q120786545,
Q3472668,
Q12078520,
Q11331088,
Q110069465,
Q12483162,
Q109925380,
Q13132733,
Q16097584,
Q11605675,
Q10856021,
Q24837721,
Q122053814,
Q133825894,
Q28693480,
Q12218864,
Q20454146,
Q85869113,
Q50286212,
Q124021306,
Q90567390,
Q65245426,
Q12279791,
Q16763785,
Q12871942,
Q11597526,
Q11331649,
Q11721347,
Q133040957,
Q139329222,
Q13024572,
Q124423458,
Q120335748,
Q120335700,
Q11373882,
Q3693814,
Q24871876,
Q109359481,
Q30933967,
Q16161789,
Q1585624,
Q120335723,
Q119382804,
Q16141644,
Q1865870,
Q112943788,
Q11295290,
Q22098608,
Q126098473,
Q15920926,
Q15909797,
Q105613269,
Q135779171,
Q97226602,
Q17228871,
Q65391813,
Q7368472,
Q22667916,
Q12690708,
Q127698794,
Q11418001,
Q127856697,
Q3693908,
Q28689938,
Q11557751,
Q12270564,
Q117435140,
Q11965732,
Q110114975,
Q98431921,
Q16139629,
Q105744640,
Q27645734,
Q6483537,
Q119382665,
Q120335896,
Q30931561,
Q136768148,
Q4045818,
Q65229258,
Q97187906,
Q11597587,
Q102151204,
Q117435031,
Q136521930,
Q106508707,
Q1474941,
Q134506362,
Q105318874,
Q89431145,
Q135230827,
Q25426220,
Q85966614,
Q131406715,
Q65255586,
Q125246538,
Q28720676,
Q85872308,
Q97163539,
Q124624904,
Q115691396,
Q124788502,
Q12713829,
Q109411763,
Q16295469,
Q124896767,
Q136694486,
Q124423336,
Q12484464,
Q11340797,
Q104719762,
Q110115731,
Q17221920,
Q136819609,
Q106486441,
Q87211933,
Q48956679,
Q12154548,
Q133873448,
Q3902627,
Q105199922,
Q11322127,
Q12760904,
Q18661651,
Q124497068,
Q12682001,
Q117857660,
Q4083174,
Q105519070,
Q117435138,
Q104661427,
Q117435149,
Q48865408,
Q108325073,
Q98412127,
Q104545098,
Q124301326,
Q113612136,
Q140090287,
Q3345130,
Q80125762,
Q105294752,
Q115618709,
Q56374687,
Q125810543,
Q1390982,
Q22126139,
Q2017579,
Q113731032,
Q126855011,
Q12400496,
Q19728871,
Q124541461,
Q117530437,
Q66977243,
Q137273429,
Q131275112,
Q50286578,
Q131275121,
Q125585038,
Q105666082,
Q17769334,
Q3693909,
Q110129256,
Q136694457,
Q97662397,
Q110164326,
Q124478958,
Q122734545,
Q107630584,
Q2022731,
Q5399702,
Q117435301,
Q3914579,
Q107664756,
Q124751259,
Q12690929,
Q109469433,
Q13014591,
Q65255226,
Q24835334,
Q20041241,
Q126280662,
Q80511091,
Q29639368,
Q120335736,
Q11271857,
Q20467535,
Q131275449,
Q137909744,
Q112044183,
Q8241451,
Q9143114,
Q20021335,
Q3331837,
Q117435096,
Q135934322,
Q48941591,
Q23878199,
Q56347595,
Q12275234,
Q112977036,
Q4195523,
Q42790470,
Q109520800,
Q25449608,
Q30947407,
Q128003585,
Q107485717,
Q109416946,
Q48955901,
Q17711784,
Q124612949,
Q124423904,
Q10448218,
Q10260458,
Q56300776,
Q110623778,
Q124423808,
Q11270398,
Q28665977,
Q65249786,
Q119382865,
Q24936597,
Q10323039,
Q2626172,
Q85870565,
Q1909677,
Q123180652,
Q133873463,
Q25633149,
Q2239715,
Q30937615,
Q11605752,
Q109596683,
Q11572056,
Q4035528,
Q11430555,
Q100231157,
Q112741127,
Q115691402,
Q12690674,
Q59799254,
Q134837636,
Q98550879,
Q13053530,
Q10708947,
Q85995655,
Q136799881,
Q12170532,
Q120335660,
Q11306150,
Q24875497,
Q114346034,
Q115438208,
Q106152742,
Q65200583,
Q128600417,
Q48351994,
Q20105837,
Q73865981,
Q12794111,
Q106322143,
Q97198707,
Q131275111,
Q121864197,
Q110115378,
Q131446607,
Q11980301,
Q11515855,
Q11914374,
Q20467914,
Q18383573,
Q12118070,
Q64664811,
Q11326852,
Q135580629,
Q55527104,
Q24894170,
Q97926252,
Q109460480,
Q11690481,
Q20502213,
Q55525786,
Q11292025,
Q65152338,
Q98962184,
Q111765709,
Q106604803,
Q109358614,
Q124482781,
Q126066849,
Q86736588,
Q139584021,
Q11984094,
Q72966022,
Q15088288,
Q124497080,
Q11512315,
Q12063090,
Q105692409,
Q48700905,
Q134839335,
Q124423781,
Q4518520,
Q4230758,
Q135509549,
Q5779397,
Q123058274,
Q18690314,
Q20467824,
Q11501792,
Q117435090,
Q127856485,
Q20467722,
Q117435007,
Q6643539,
Q124483348,
Q135914036,
Q20467847,
Q73307762,
Q12751572,
Q109629135,
Q134539123,
Q25438949,
Q21575869,
Q11289003,
Q85852579,
Q11871226,
Q120861391,
Q29023811,
Q20467947,
Q105220452,
Q4070142,
Q11665075,
Q12620460,
Q95226381,
Q6605315,
Q11354344,
Q55655572,
Q48897019,
Q20467712,
Q11405473,
Q104975749,
Q124422926,
Q107595166,
Q125251182,
Q97194014,
Q128868126,
Q11277105,
Q10443190,
Q65201844,
Q124547995,
Q61121587,
Q61106034,
Q120335567,
Q117435071,
Q52215790,
Q4274037,
Q16597614,
Q3943602,
Q110115126,
Q11799203,
Q12690913,
Q9192047,
Q56407031,
Q113552057,
Q11678833,
Q3783880,
Q117843559,
Q116613197,
Q97460547,
Q4287528,
Q13025635,
Q116053182,
Q11351436,
Q48780356,
Q124477804,
Q111293894,
Q109364385,
Q1580407,
Q63341290,
Q65254963,
Q3234745,
Q11660417,
Q4259176,
Q12370090,
Q2527156,
Q4146961,
Q10566867,
Q13022201,
Q1378869,
Q1713325,
Q13212725,
Q18191683,
Q120335753,
Q25510007,
Q106298168,
Q28682297,
Q85883886,
Q104623404,
Q18732139,
Q136559789,
Q1109271,
Q55523673,
Q1028623,
Q91752048,
Q124482816,
Q120335710,
Q2554302,
Q3660397,
Q138036252,
Q123206347,
Q11302087,
Q112022474,
Q10342045,
Q11664181,
Q98000629,
Q6781570,
Q97194723,
Q12683014,
Q11089559,
Q85966261,
Q105532475,
Q97312022,
Q4052771,
Q11858791,
Q72409021,
Q124639920,
Q61114153,
Q12711208,
Q135826653,
Q123282143,
Q2276989,
Q126918701,
Q17877537,
Q104622969,
Q120335861,
Q11605677,
Q119382858,
Q2224245,
Q114609361,
Q86664597,
Q20032321,
Q1955195,
Q3693873,
Q105364085,
Q12230612,
Q113360708,
Q139884714,
Q9635030,
Q12809054,
Q10282178,
Q63208475,
Q17232600,
Q17211242,
Q17231218,
Q11371947,
Q97179206,
Q112977064,
Q7368648,
Q100251386,
Q55521615,
Q89429603,
Q2639509,
Q136702877,
Q136819584,
Q10460251,
Q108599392,
Q104783367,
Q110988645,
Q94677058,
Q136694436,
Q11608728,
Q119686167,
Q136087725,
Q28665741,
Q3010478,
Q30943233,
Q138036276,
Q126689800,
Q106581268,
Q65255733,
Q94733798,
Q120335708,
Q131704500,
Q97171187,
Q11285054,
Q123565513,
Q136674517,
Q12690827,
Q106367747,
Q104918201,
Q11523988,
Q83640717,
Q109358937,
Q100727133,
Q17192522,
Q11318998,
Q117435147,
Q11409344,
Q56231183,
Q2644142,
Q116142053,
Q3212838,
Q11292454,
Q105480293,
Q115941115,
Q20467757,
Q139393963,
Q118951960,
Q109362541,
Q111366226,
Q1152938,
Q1911422,
Q89779147,
Q97180674,
Q11306708,
Q138611095,
Q104144237,
Q104985963,
Q20467537,
Q124422934,
Q11497181,
Q128395128,
Q104901355,
Q22126856,
Q109411200,
Q12690773,
Q61108024,
Q124856608,
Q61116165,
Q110125114,
Q131275197,
Q126140087,
Q122278351,
Q11265553,
Q16138500,
Q12690937,
Q11660194,
Q11569429,
Q77805009,
Q20467760,
Q117434960,
Q19378759,
Q1297790,
Q25490918,
Q2353946,
Q50378841,
Q134050078,
Q61059152,
Q4095069,
Q22689037,
Q120335682,
Q105550893,
Q4356843,
Q11854639,
Q31723168,
Q124613556,
Q120278298,
Q106077339,
Q12138616,
Q6574091,
Q97477706,
Q50182518,
Q61065339,
Q112579753,
Q137910037,
Q18915575,
Q106375651,
Q119724567,
Q136037085,
Q2743331,
Q16097815,
Q109469899,
Q12103318,
Q11343187,
Q3355293,
Q12690877,
Q130543564,
Q19388781,
Q16097527,
Q110069404,
Q13137719,
Q111365328,
Q132778105,
Q127856685,
Q64438392,
Q124497023,
Q86058205,
Q3480952,
Q22128522,
Q123435214,
Q20467902,
Q13131921,
Q12299128,
Q131275141,
Q5979833,
Q12114799,
Q137398376,
Q9191995,
Q2480848,
Q126262993,
Q128103909,
Q131918785,
Q104555603,
Q117843568,
Q119727815,
Q120335537,
Q87671287,
Q124130289,
Q117435224,
Q12603719,
Q56295744,
Q125399785,
Q1294666,
Q139860445,
Q72966156,
Q12071594,
Q109943179,
Q25463034,
Q124669842,
Q16098057,
Q11930571,
Q56323518,
Q110880230,
Q124737785,
Q19939805,
Q117435028,
Q85987411,
Q38278820,
Q110069293,
Q85864487,
Q85970853,
Q54820104,
Q63284666,
Q11248645,
Q117435023,
Q6599796,
Q110197918,
Q18246370,
Q132778132,
Q12616382,
Q11350913,
Q20498168,
Q11950007,
Q13027645,
Q12075646,
Q28683673,
Q135262095,
Q55526887,
Q115941136,
Q136694487,
Q11543316,
Q85965455,
Q20451461,
Q109458261,
Q105956142,
Q17228389,
Q109599714,
Q12719087,
Q16097225,
Q4043805,
Q11981687,
Q11991344,
Q135669945,
Q131275115,
Q4391742,
Q19378239,
Q131494782,
Q3717831,
Q97229387,
Q11799216,
Q28502597,
Q85884260,
Q4492033,
Q11443896,
Q127856645,
Q28682669,
Q113586065,
Q65235636,
Q21655148,
Q12691009,
Q16942795,
Q113332043,
Q113470183,
Q11788053,
Q110991208,
Q56347071,
Q11733965,
Q104781719,
Q131147490,
Q19390349,
Q4130657,
Q116681357,
Q110114792,
Q65229536,
Q4345366,
Q110118096,
Q96942526,
Q20467820,
Q16692319,
Q117435024,
Q12293725,
Q65196697,
Q117434981,
Q138036258,
Q21710031,
Q11296710,
Q96053283,
Q12690961,
Q112118061,
Q124528518,
Q97189891,
Q125613160,
Q11788056,
Q12690852,
Q4042382,
Q11344142,
Q131724810,
Q11723561,
Q12759286,
Q16172058,
Q17192089,
Q2601283,
Q31284427,
Q130239938,
Q125810568,
Q16140605,
Q120323737,
Q85982620,
Q108063922,
Q4463128,
Q120335871,
Q42091485,
Q19296827,
Q104461593,
Q105529145,
Q12071632,
Q118152068,
Q13085202,
Q11528750,
Q136694456,
Q19308128,
Q109361378,
Q11270170,
Q110069583,
Q10385691,
Q12622342,
Q124751158,
Q11321927,
Q84570232,
Q131948339,
Q133808186,
Q25503833,
Q98536161,
Q10680510,
Q12725885,
Q117435378,
Q12099657,
Q114311642,
Q109364376,
Q30943513,
Q73677479,
Q120335545,
Q24874472,
Q131314868,
Q11294801,
Q105695298,
Q17023504,
Q126036650,
Q16363227,
Q11855260,
Q120336396,
Q20743692,
Q30892077,
Q90415951,
Q127856621,
Q19382055,
Q110381807,
Q85965812,
Q124751282,
Q104978935,
Q113481891,
Q129169377,
Q89485937,
Q113331860,
Q11996215,
Q106728334,
Q52709567,
Q61106031,
Q11989802,
Q112632084,
Q120335707,
Q120869773,
Q48808117,
Q136819606,
Q105335289,
Q128931844,
Q55525307,
Q2568941,
Q128799320,
Q120335588,
Q11290002,
Q12002772,
Q137770196,
Q128810342,
Q134028897,
Q12003320,
Q10611087,
Q1240304,
Q107663363,
Q61081109,
Q16523702,
Q117517582,
Q112977051,
Q97276661,
Q124074103,
Q95164889,
Q17761076,
Q48701687,
Q12909498,
Q110114738,
Q117435144,
Q11634323,
Q117843562,
Q28692166,
Q11477474,
Q11788054,
Q97191506,
Q16141181,
Q11340867,
Q18661144,
Q28690702,
Q112580974,
Q119382582,
Q109366427,
Q120004285,
Q124972618,
Q85308269,
Q10865226,
Q12690948,
Q6825934,
Q125399741,
Q131275164,
Q11342846,
Q28688369,
Q104523247,
Q124521883,
Q11340328,
Q124497073,
Q131449863,
Q11319819,
Q106312705,
Q117435135,
Q16407771,
Q30924218,
Q105741067,
Q7368744,
Q15842236,
Q63208525,
Q109461941,
Q140078821,
Q18689871,
Q106474213,
Q31188479,
Q65212505,
Q114414272,
Q12272811,
Q19753175,
Q20467873,
Q109368470,
Q12745202,
Q11664369,
Q60848169,
Q105356559,
Q65255595,
Q130321415,
Q106376128,
Q29222440,
Q28701905,
Q133567774,
Q138297104,
Q11838626,
Q105081243,
Q11319835,
Q60617288,
Q20467589,
Q51287964,
Q12265718,
Q65239683,
Q62399697,
Q60823159,
Q11185232,
Q125187343,
Q105518838,
Q11303562,
Q11598990,
Q12271035,
Q130638427,
Q49967415,
Q106452418,
Q104777374,
Q104889692,
Q124988038,
Q61079634,
Q65220070,
Q11305099,
Q109361500,
Q120335566,
Q55656998,
Q124497078,
Q131275087,
Q10372713,
Q11306828,
Q56300437,
Q119382829,
Q20042318,
Q16745967,
Q24520438,
Q137527003,
Q104776610,
Q130266188,
Q10551038,
Q65257383,
Q101130448,
Q125554140,
Q120335639,
Q112977065,
Q55522180,
Q104914937,
Q126172283,
Q131275098,
Q136308922,
Q11271371,
Q13740866,
Q86816915,
Q106292596,
Q9395547,
Q56367886,
Q120335712,
Q11340795,
Q105424039,
Q135274264,
Q12690886,
Q9073795,
Q127856518,
Q124497097,
Q117434995,
Q9192045,
Q124497096,
Q12589563,
Q93738479,
Q60988509,
Q136825185,
Q97211430,
Q113535872,
Q20467614,
Q1591553,
Q124535626,
Q124423138,
Q121557449,
Q136694467,
Q106261260,
Q61064538,
Q124482804,
Q10341782,
Q4043648,
Q4066911,
Q20467890,
Q109456941,
Q99565505,
Q120335667,
Q61075943,
Q1848499,
Q109411765,
Q85996764,
Q119002843,
Q17711724,
Q92894643,
Q1783671,
Q120335513,
Q104602621,
Q18225391,
Q113934796,
Q116186026,
Q4512729,
Q105460521,
Q4045957,
Q113126151,
Q112876692,
Q88481870,
Q109361485,
Q12001719,
Q117435366,
Q11281790,
Q136031553,
Q61133261,
Q24874005,
Q13016290,
Q25432962,
Q124970086,
Q17158148,
Q65236775,
Q60825271,
Q1802260,
Q56412028,
Q768453,
Q31181423,
Q124661578,
Q30933570,
Q137947224,
Q11258217,
Q21518130,
Q139894287,
Q48746489,
Q20467506,
Q117858309,
Q30928574,
Q98082643,
Q61397320,
Q48747891,
Q11580566,
Q13016010,
Q95627808,
Q12103191,
Q1924938,
Q4066915,
Q105761603,
Q85965903,
Q111736751,
Q104783312,
Q104555926,
Q96152036,
Q11304039,
Q85880191,
Q11690465,
Q11342371,
Q121609491,
Q93759225,
Q6728791,
Q105276047,
Q120335860,
Q124628261,
Q107596428,
Q15808448,
Q106472168,
Q17310312,
Q138436675,
Q105426003,
Q4042022,
Q127856546,
Q10851573,
Q20467800,
Q11376254,
Q11303420,
Q104517926,
Q20467772,
Q104657356,
Q85868602,
Q136536672,
Q3693848,
Q12370977,
Q20467823,
Q116847584,
Q106304157,
Q18088829,
Q61404593,
Q11318672,
Q11346444,
Q11225401,
Q55658059,
Q115104282,
Q25483676,
Q7368518,
Q11625542,
Q9390022,
Q109363291,
Q20070068,
Q11868274,
Q106200620,
Q16083026,
Q11481831,
Q18648412,
Q10585077,
Q133308221,
Q11880949,
Q106926295,
Q11260492,
Q123179899,
Q124788546,
Q1610881,
Q117435036,
Q108210481,
Q106267193,
Q120335511,
Q60713196,
Q11939488,
Q107599447,
Q107679216,
Q106292533,
Q104664774,
Q10512446,
Q11677368,
Q128694826,
Q12790290,
Q20467706,
Q19776527,
Q5967820,
Q109601646,
Q65170605,
Q120647675,
Q20467891,
Q11280081,
Q12690792,
Q105884270,
Q107324784,
Q41802408,
Q131463476,
Q1837260,
Q132360413,
Q24861726,
Q131919099,
Q20467646,
Q117435084,
Q109366424,
Q132781265,
Q96180440,
Q117435387,
Q20530611,
Q48893046,
Q4295262,
Q112106314,
Q11788055,
Q123989321,
Q10495112,
Q11900162,
Q65235381,
Q139894221,
Q108855256,
Q124896789,
Q3234743,
Q65254775,
Q12784058,
Q1309491,
Q48769376,
Q108124383,
Q25437493,
Q136101800,
Q65234162,
Q131450530,
Q110069304,
Q11326416,
Q31073398,
Q12131171,
Q45272856,
Q131403708,
Q65331831,
Q109316611,
Q24899443,
Q20103738,
Q4224465,
Q12698638,
Q119382575,
Q25484441,
Q119382761,
Q135677898,
Q127856576,
Q85980406,
Q16130329,
Q63208518,
Q11309237,
Q19614182,
Q124055493,
Q110069503,
Q109364234,
Q81967657,
Q12759937,
Q23784207,
Q18682218,
Q11295926,
Q85854862,
Q87399929,
Q115294808,
Q124787146,
Q11333819,
Q130348870,
Q131275196,
Q115592300,
Q138297096,
Q30948726,
Q19359820,
Q4059197,
Q124423270,
Q22130259,
Q28091320,
Q20467822,
Q125187639,
Q15812772,
Q137645053,
Q12603608,
Q131681389,
Q23530854,
Q11834403,
Q16693568,
Q117435004,
Q1427454,
Q9137123,
Q17231330,
Q31277614,
Q11625759,
Q85501739,
Q109469534,
Q139860452,
Q120335622,
Q65271019,
Q114571148,
Q120335603,
Q65129112,
Q10260649,
Q65291711,
Q105106203,
Q12077307,
Q120335666,
Q42900740,
Q24861980,
Q69336419,
Q120335520,
Q122350673,
Q50214391,
Q12690691,
Q12699215,
Q20437771,
Q126981356,
Q135997447,
Q71870237,
Q92311505,
Q139413534,
Q3061789,
Q11950002,
Q10604756,
Q4179808,
Q13146752,
Q20467660,
Q20467863,
Q97177539,
Q61107745,
Q11979562,
Q13021591,
Q6147040,
Q108599737,
Q126858310,
Q109595499,
Q12073705,
Q117434972,
Q81311812,
Q124478826,
Q81994355,
Q7368530,
Q131935356,
Q117435384,
Q21575836,
Q61064772,
Q98531099,
Q106916465,
Q116788933,
Q11258375,
Q12663379,
Q2282779,
Q130000428,
Q104542108,
Q136694442,
Q28682959,
Q64739126,
Q11343629,
Q12029924,
Q97181204,
Q12484469,
Q6587856,
Q6522754,
Q119382726,
Q11990265,
Q122890065,
Q105839939,
Q1409340,
Q16141696,
Q117710019,
Q131275547,
Q124497084,
Q140313482,
Q129743195,
Q109589740,
Q11999157,
Q13018379,
Q1853765,
Q136039422,
Q48352232,
Q120335761,
Q85427041,
Q137680911,
Q89427894,
Q85979512,
Q124423445,
Q105525534,
Q20467484,
Q56401737,
Q2994684,
Q19375392,
Q133292035,
Q117435243,
Q120335529,
Q123348940,
Q10583834,
Q20529726,
Q10319216,
Q106203347,
Q104642293,
Q104832583,
Q80798321,
Q105507391,
Q124423180,
Q117435207,
Q124896773,
Q117435040,
Q136309859,
Q12690694,
Q136889069,
Q137585123,
Q2058564,
Q106483529,
Q15931646,
Q9171329,
Q12098540,
Q3821114,
Q3777342,
Q105755992,
Q105357010,
Q120280260,
Q117434988,
Q105533038,
Q85985162,
Q136477286,
Q25842520,
Q46718591,
Q16140800,
Q138514922,
Q11330549,
Q16141274,
Q120914500,
Q1604648,
Q11990061,
Q134580416,
Q3234982,
Q125810545,
Q65266309,
Q10621605,
Q106546850,
Q63523467,
Q136035830,
Q113680576,
Q138528132,
Q125343802,
Q110118024,
Q22130372,
Q11255746,
Q100306621,
Q65448174,
Q109363626,
Q16682243,
Q106373847,
Q10688435,
Q132151250,
Q11272112,
Q138645866,
Q11236935,
Q120335658,
Q56245593,
Q377365,
Q128868188,
Q13020500,
Q11962738,
Q11298319,
Q135660447,
Q125392370,
Q120335644,
Q124805601,
Q109460487,
Q12606509,
Q133873449,
Q11226580,
Q6065455,
Q6705655,
Q12321549,
Q24865420,
Q133276824,
Q97317366,
Q17210387,
Q109123289,
Q11306700,
Q91089377,
Q133873443,
Q134394824,
Q16364154,
Q119382830,
Q120280564,
Q118680491,
Q40695157,
Q118383640,
Q22248827,
Q125845817,
Q1739778,
Q12002777,
Q133454883,
Q85413731,
Q136694491,
Q133809509,
Q22126166,
Q12272370,
Q11678797,
Q28688903,
Q9360582,
Q130101716,
Q16472881,
Q24943836,
Q105389547,
Q124662960,
Q13146758,
Q109416898,
Q10341833,
Q131100202,
Q124671184,
Q127856624,
Q139780773,
Q131741776,
Q129917423,
Q4146816,
Q12384088,
Q11370097,
Q22974418,
Q12960265,
Q18280938,
Q30928485,
Q2841235,
Q109360418,
Q81047793,
Q120335888,
Q11325215,
Q11963077,
Q21234691,
Q115618701,
Q25493259,
Q12001709,
Q125379294,
Q84359688,
Q131450451,
Q4396796,
Q63208492,
Q4389323,
Q138007871,
Q137794517,
Q20467562,
Q108146298,
Q124613416,
Q10451470,
Q32361772,
Q60581613,
Q22129190,
Q17213780,
Q28668034,
Q124751142,
Q128868099,
Q12271172,
Q2150509,
Q109593178,
Q4169383,
Q133873452,
Q119727839,
Q65129431,
Q17193520,
Q17301695,
Q13014546,
Q12690780,
Q11339705,
Q117435386,
Q3077174,
Q25506783,
Q105780434,
Q3280965,
Q109370481,
Q10268562,
Q12594054,
Q127856542,
Q106595188,
Q127856604,
Q1076642,
Q20112941,
Q106826928,
Q11301017,
Q106292026,
Q131736474,
Q105098487,
Q12690791,
Q2435606,
Q119382683,
Q124953749,
Q19397945,
Q12690943,
Q65227698,
Q123171913,
Q21559113,
Q25432632,
Q110460812,
Q16408695,
Q121196570,
Q7368676,
Q4520109,
Q3491535,
Q30937069,
Q136694452,
Q84705175,
Q19385572,
Q25468984,
Q129676647,
Q25680662,
Q2286999,
Q115687366,
Q138414187,
Q104093203,
Q97168396,
Q105605011,
Q105081681,
Q122866411,
Q134876900,
Q9192075,
Q18279162,
Q4315530,
Q124819754,
Q1226997,
Q12690974,
Q11581148,
Q11306792,
Q48701929,
Q109454726,
Q6635007,
Q4033568,
Q12107334,
Q124497104,
Q109600981,
Q4050976,
Q20736896,
Q11882036,
Q11286472,
Q87657385,
Q136431980,
Q109357906,
Q140292005,
Q19968029,
Q2346514,
Q124541432,
Q120335579,
Q102230004,
Q119382684,
Q125199950,
Q65233496,
Q120335532,
Q11690482,
Q140227936,
Q12690735,
Q113911733,
Q112712105,
Q113480747,
Q109469900,
Q122747502,
Q110118224,
Q117435041,
Q11347666,
Q13053476,
Q123171907,
Q11658835,
Q117434976,
Q15854188,
Q98446209,
Q105702838,
Q134176529,
Q105333958,
Q140073502,
Q139601196,
Q118780274,
Q105527785,
Q20467620,
Q11417306,
Q12691020,
Q3693817,
Q60823245,
Q106189020,
Q7368780,
Q13025023,
Q113481646,
Q11971788,
Q10825041,
Q116608547,
Q7368421,
Q3790934,
Q17192285,
Q113558943,
Q20529916,
Q60964158,
Q12384093,
Q99752046,
Q117434973,
Q61135819,
Q24839286,
Q16097819,
Q106699808,
Q30938477,
Q20467918,
Q11273172,
Q113458732,
Q105660781,
Q101946263,
Q6962073,
Q76823640,
Q11318401,
Q2435501,
Q124497074,
Q2100374,
Q4041375,
Q12106428,
Q133823443,
Q110837485,
Q11439451,
Q2247353,
Q22130763,
Q20066756,
Q22129241,
Q125945410,
Q90045661,
Q11690476,
Q124497083,
Q127868479,
Q127856744,
Q121766197,
Q3845749,
Q124483351,
Q106623294,
Q19602005,
Q123476755,
Q111200560,
Q50273152,
Q140197744,
Q131275085,
Q18430365,
Q114093006,
Q4051145,
Q104791719,
Q109363045,
Q12621527,
Q127984421,
Q109977733,
Q17761087,
Q10505363,
Q11583465,
Q65230763,
Q12710182,
Q116444633,
Q52316904,
Q130338188,
Q131406849,
Q28414442,
Q136428838,
Q104699034,
Q125343577,
Q19752198,
Q60841768,
Q134521496,
Q131144598,
Q16687414,
Q66969014,
Q124621821,
Q11988286,
Q907788,
Q136529487,
Q48744622,
Q117435005,
Q11889687,
Q136694474,
Q109360013,
Q109599598,
Q12384084,
Q16169500,
Q109076394,
Q25471308,
Q124300982,
Q12595063,
Q102174250,
Q11690494,
Q123582629,
Q11260353,
Q20573407,
Q11416055,
Q117435360,
Q12296665,
Q12690718,
Q4523448,
Q105761887,
Q4069252,
Q11412530,
Q109461756,
Q11313313,
Q14525533,
Q124713999,
Q20467938,
Q96026689,
Q16438819,
Q12307870,
Q12690775,
Q113141688,
Q113553887,
Q106109934,
Q12690683,
Q97352032,
Q5718275,
Q109596127,
Q17576818,
Q76833766,
Q3782475,
Q5788692,
Q2125710,
Q97214275,
Q138831974,
Q123669786,
Q11252226,
Q20068266,
Q20467692,
Q59072947,
Q25530284,
Q25509871,
Q125200738,
Q11339181,
Q117435115,
Q17936920,
Q97218626,
Q108200493,
Q110069420,
Q90405670,
Q109366415,
Q106578143,
Q133825118,
Q106619775,
Q122460531,
Q48352431,
Q2137342,
Q20612017,
Q11984049,
Q119382597,
Q20101764,
Q28913265,
Q97183333,
Q11997631,
Q105294227,
Q124528136,
Q11737361,
Q106485194,
Q11043665,
Q136261927,
Q105280306,
Q25443692,
Q30935534,
Q3657512,
Q131011100,
Q117435362,
Q115686464,
Q4218538,
Q11322073,
Q104776597,
Q12384089,
Q9192000,
Q107124752,
Q62754522,
Q133896927,
Q120263642,
Q19935206,
Q11302229,
Q11539088,
Q12270828,
Q28503130,
Q104901335,
Q120335739,
Q97171594,
Q138317547,
Q4139972,
Q124661709,
Q109043241,
Q130382115,
Q85854390,
Q60827209,
Q134516846,
Q130327961,
Q11286759,
Q25778344,
Q4217098,
Q117051346,
Q2736045,
Q124662932,
Q105761113,
Q20467495,
Q28715736,
Q11690464,
Q131275450,
Q135693284,
Q120335624,
Q125338658,
Q120335669,
Q120495845,
Q65203747,
Q125423834,
Q56299270,
Q12691016,
Q12520185,
Q4547012,
Q72965790,
Q110069372,
Q130731163,
Q12690963,
Q11690462,
Q29152646,
Q16408632,
Q104980792,
Q11915590,
Q97181186,
Q2312158,
Q20467868,
Q106631508,
Q117435379,
Q2816681,
Q13654810,
Q4463129,
Q124497051,
Q4394408,
Q10796184,
Q136694447,
Q11306531,
Q12168258,
Q115052075,
Q119382808,
Q65132899,
Q56327748,
Q13654846,
Q20511243,
Q109357785,
Q11301603,
Q11282691,
Q97168835,
Q97189672,
Q131275105,
Q138505808,
Q115727378,
Q118630657,
Q12681752,
Q28667768,
Q110114846,
Q105518993,
Q125296824,
Q4532256,
Q105201992,
Q116182306,
Q65255028,
Q12167966,
Q12682910,
Q20876174,
Q12133940,
Q136819581,
Q106899336,
Q124683697,
Q11888652,
Q119382839,
Q11296378,
Q120336400,
Q31273876,
Q11285241,
Q11310369,
Q107599491,
Q2023659,
Q20606806,
Q20461171,
Q61389901,
Q6458143,
Q117435223,
Q11291195,
Q105435838,
Q10381145,
Q117435104,
Q136515577,
Q60988507,
Q105450683,
Q119382697,
Q117435065,
Q12010037,
Q6011475,
Q12805141,
Q63208464,
Q12646674,
Q110065285,
Q17750037,
Q114033713,
Q124639970,
Q15869961,
Q85870590,
Q139860448,
Q65255397,
Q31180415,
Q20062467,
Q109279138,
Q110589411,
Q114930412,
Q85994712,
Q4284246,
Q15825121,
Q1931982,
Q116450084,
Q63208505,
Q2374757,
Q60969404,
Q61091396,
Q110069498,
Q137735660,
Q16096932,
Q85871056,
Q65254868,
Q77007337,
Q105721672,
Q11303793,
Q104792205,
Q137460641,
Q127856699,
Q124636774,
Q109459737,
Q127856798,
Q65255117,
Q24051640,
Q11993881,
Q135840274,
Q105528888,
Q124896776,
Q109456932,
Q109599888,
Q17094355,
Q117435063,
Q110069321,
Q6086599,
Q109414231,
Q12124263,
Q50378918,
Q136908829,
Q4037546,
Q19382547,
Q2368363,
Q138547784,
Q120335584,
Q85871890,
Q1692889,
Q4130789,
Q104008918,
Q65217991,
Q11294812,
Q50182203,
Q131100206,
Q51955146,
Q3952161,
Q109455694,
Q130260454,
Q139665645,
Q123227270,
Q45286815,
Q97342311,
Q110116094,
Q123361719,
Q48746905,
Q65160357,
Q3325148,
Q109461348,
Q108429665,
Q28469835,
Q104919328,
Q124812453,
Q20467574,
Q11260643,
Q7055850,
Q105554490,
Q137260086,
Q4259353,
Q21640684,
Q16097040,
Q62023041,
Q85866651,
Q83920688,
Q106747128,
Q109456929,
Q117847924,
Q25386915,
Q12268946,
Q107263563,
Q137585134,
Q4524160,
Q24899219,
Q85313509,
Q20467769,
Q134436038,
Q30527301,
Q3059083,
Q10372722,
Q11524421,
Q107596452,
Q86662808,
Q124482966,
Q47334920,
Q57312995,
Q12167101,
Q133296427,
Q12507437,
Q4454692,
Q117435002,
Q117435150,
Q17991517,
Q4450736,
Q97218363,
Q120335875,
Q19908698,
Q99655547,
Q12476172,
Q110069432,
Q11491648,
Q4049036,
Q11626272,
Q122080535,
Q96111507,
Q105695118,
Q120335703,
Q106369977,
Q60975183,
Q1374310,
Q99651775,
Q105081285,
Q60985385,
Q28701859,
Q109367099,
Q115199142,
Q106603460,
Q1242822,
Q18118379,
Q124812483,
Q12682048,
Q12711199,
Q30958916,
Q138457965,
Q131406529,
Q113324936,
Q19974075,
Q11340982,
Q107386254,
Q131275118,
Q26253528,
Q124497030,
Q131275134,
Q102398597,
Q11980617,
Q106322084,
Q4218537,
Q12377190,
Q124482975,
Q2259867,
Q131343410,
Q131275207,
Q12690977,
Q120335670,
Q135962991,
Q133861757,
Q10542227,
Q17373417,
Q139470828,
Q139781267,
Q101231403,
Q65224840,
Q64089554,
Q12173323,
Q127856708,
Q11339041,
Q119382660,
Q122454232,
Q5915470,
Q85733162,
Q85874702,
Q48701779,
Q121914246,
Q137585126,
Q11571941,
Q124535753,
Q138036298,
Q98194898,
Q110985592,
Q124482790,
Q111323043,
Q124423761,
Q120335512,
Q41204591,
Q24866138,
Q97224061,
Q120335746,
Q138750418,
Q113461788,
Q139813243,
Q12690680,
Q127856566,
Q20467508,
Q125810600,
Q3790353,
Q16159455,
Q110115750,
Q17192121,
Q131847141,
Q50218246,
Q20467702,
Q61065255,
Q65966653,
Q16688903,
Q17517407,
Q4070291,
Q55523173,
Q133873455,
Q12716208,
Q4257743,
Q105529201,
Q49279549,
Q106646479,
Q56392605,
Q136296450,
Q48749441,
Q117318961,
Q118780344,
Q16158432,
Q106483461,
Q85979002,
Q12747112,
Q124625058,
Q15926444,
Q133873461,
Q105280567,
Q117435297,
Q39042617,
Q2028611,
Q109652789,
Q11526303,
Q12758776,
Q12487921,
Q96090759,
Q105839960,
Q2220744,
Q14360693,
Q1614016,
Q109359790,
Q12690761,
Q13055681,
Q18448763,
Q12107447,
Q107782352,
Q127856549,
Q107619661,
Q11308036,
Q12618274,
Q11341850,
Q124790459,
Q120335745,
Q28689063,
Q12691021,
Q11320968,
Q109553452,
Q109469432,
Q131275104,
Q12256113,
Q137845760,
Q20476792,
Q12690739,
Q20530406,
Q105080752,
Q98536164,
Q4102694,
Q11333795,
Q131314186,
Q4208269,
Q12690964,
Q110069639,
Q20467934,
Q9027444,
Q110739866,
Q24836377,
Q1283498,
Q110069319,
Q62070583,
Q131701167,
Q25581614,
Q2347795,
Q120335873,
Q56356018,
Q110713921,
Q9332997,
Q13015356,
Q12620607,
Q1711225,
Q120335757,
Q10381334,
Q98398775,
Q107894098,
Q89996616,
Q110069529,
Q131393912,
Q48941122,
Q120335540,
Q113925789,
Q97378380,
Q6458778,
Q105405029,
Q12134576,
Q136222928,
Q17212832,
Q109358539,
Q20040706,
Q117435374,
Q16661351,
Q130382017,
Q126095199,
Q60986568,
Q131531085,
Q113124158,
Q20400304,
Q85867693,
Q65239260,
Q11637479,
Q120335575,
Q12690807,
Q11262609,
Q124661569,
Q117434998,
Q109416913,
Q12690954,
Q11991590,
Q4088878,
Q99359807,
Q19612819,
Q98082662,
Q63208527,
Q104661391,
Q2878948,
Q16496584,
Q119382778,
Q109769723,
Q11283869,
Q28677620,
Q105064182,
Q12265411,
Q92459468,
Q131199300,
Q10372714,
Q11472112,
Q25422556,
Q20467718,
Q2978924,
Q58740000,
Q11639491,
Q120335883,
Q105169240,
Q11226802,
Q96276776,
Q134731708,
Q60823628,
Q19383068,
Q2595787,
Q55521646,
Q11269735,
Q1802266,
Q28686966,
Q10850924,
Q76054480,
Q124813161,
Q107909679,
Q109597607,
Q138095415,
Q120335677,
Q104740229,
Q11292495,
Q11608351,
Q124482775,
Q12613431,
Q116954239,
Q119382687,
Q106180859,
Q13654793,
Q30924844,
Q125399797,
Q12557867,
Q28682185,
Q2467358,
Q117435264,
Q85966968,
Q105721310,
Q28716804,
Q104616855,
Q101003699,
Q1726169,
Q17230958,
Q11859729,
Q20467720,
Q11678276,
Q105245755,
Q16438870,
Q111085910,
Q117434963,
Q61062654,
Q104720380,
Q109042285,
Q132127229,
Q11991350,
Q112567087,
Q116888024,
Q11300161,
Q12635095,
Q11291477,
Q124482795,
Q9664008,
Q3332087,
Q133825566,
Q110401132,
Q12511658,
Q124820631,
Q106472413,
Q132193476,
Q13632875,
Q118780336,
Q16422609,
Q30302519,
Q94653078,
Q38277754,
Q10365146,
Q104541777,
Q6825210,
Q122144343,
Q128868176,
Q22098685,
Q139970073,
Q11981233,
Q107225580,
Q124813259,
Q16488326,
Q123054787,
Q106474024,
Q85867889,
Q12071382,
Q2459169,
Q11994209,
Q9276461,
Q131275113,
Q19397941,
Q104666971,
Q136371292,
Q105069232,
Q20461002,
Q10700340,
Q30765855,
Q107400569,
Q48758891,
Q116795141,
Q132860011,
Q104541821,
Q138509039,
Q1312943,
Q96291335,
Q104531267,
Q91982630,
Q12690787,
Q132406599,
Q10688248,
Q7367826,
Q138330184,
Q28690753,
Q11338909,
Q11297276,
Q97226942,
Q118175642,
Q106213577,
Q13014656,
Q1136697,
Q10383825,
Q11589931,
Q116236421,
Q125343509,
Q123969444,
Q131275119,
Q13018124,
Q97900942,
Q48878050,
Q5718329,
Q111721358,
Q104741311,
Q111785283,
Q60847697,
Q31185697,
Q111472385,
Q11437692,
Q11317231,
Q111549346,
Q120335659,
Q16352543,
Q65162812,
Q13632876,
Q11316845,
Q11306760,
Q10901566,
Q105502550,
Q136229473,
Q13025577,
Q20467601,
Q123438341,
Q2205515,
Q16097560,
Q115946623,
Q9395010,
Q112106619,
Q125343062,
Q109461815,
Q17221296,
Q126350978,
Q104780851,
Q123906957,
Q118136902,
Q24868254,
Q20067837,
Q3651312,
Q105120223,
Q11540057,
Q120263786,
Q13026819,
Q112226531,
Q12793933,
Q10362648,
Q11519069,
Q9192071,
Q65173291,
Q21643904,
Q126192586,
Q117191283,
Q85311506,
Q105488076,
Q128868154,
Q130416123,
Q124482779,
Q28667723,
Q128123201,
Q11315082,
Q61116767,
Q12690778,
Q108142658,
Q134304277,
Q130080662,
Q134191599,
Q23668260,
Q4224400,
Q65254784,
Q134127562,
Q17190586,
Q117435121,
Q3355354,
Q56345781,
Q16687484,
Q65238119,
Q56405871,
Q117848963,
Q108674686,
Q12294017,
Q48749303,
Q97367215,
Q117352455,
Q11325517,
Q11280778,
Q131531562,
Q11339184,
Q25463592,
Q18430274,
Q20467727,
Q106604716,
Q11306506,
Q136437205,
Q84432241,
Q120335722,
Q72965918,
Q18998792,
Q110739588,
Q12005961,
Q124788601,
Q1277381,
Q119043703,
Q20467913,
Q104695889,
Q139659433,
Q10372301,
Q11311329,
Q109357583,
Q134313373,
Q128868134,
Q85876087,
Q4036976,
Q134332326,
Q11524406,
Q137394713,
Q11463515,
Q11263573,
Q88010654,
Q136694460,
Q128868182,
Q101511485,
Q13495691,
Q89125945,
Q28415397,
Q65167398,
Q133540721,
Q12620489,
Q1366138,
Q102395006,
Q16501250,
Q60823168,
Q110521602,
Q138036153,
Q2007071,
Q136706797,
Q22129294,
Q63208509,
Q1060789,
Q13054611,
Q119382711,
Q18399299,
Q20254284,
Q31188246,
Q10695679,
Q76153962,
Q65255457,
Q96655523,
Q20467534,
Q65263339,
Q123516253,
Q10341760,
Q2308535,
Q61117239,
Q65406719,
Q110069391,
Q2329461,
Q55698108,
Q85853808,
Q16631823,
Q116859578,
Q19380539,
Q1954963,
Q61121599,
Q4053263,
Q97217922,
Q12599797,
Q120335524,
Q48855616,
Q12090641,
Q133848831,
Q109594608,
Q11297158,
Q12957996,
Q12308390,
Q138017835,
Q110375628,
Q122148511,
Q13019231,
Q110268867,
Q109364312,
Q20467944,
Q16138389,
Q18700506,
Q110271027,
Q120335592,
Q124482799,
Q131913858,
Q2541046,
Q106483515,
Q124628034,
Q115220033,
Q112567044,
Q16486888,
Q6812084,
Q24480992,
Q4377057,
Q12605278,
Q131704163,
Q138773000,
Q28927409,
Q125847196,
Q12690970,
Q120335631,
Q13146753,
Q17748543,
Q28682321,
Q110453576,
Q12367443,
Q3083190,
Q56357694,
Q131406415,
Q6052373,
Q58808660,
Q117435333,
Q29152612,
Q106604537,
Q114290379,
Q127856538,
Q13175467,
Q99291151,
Q124423274,
Q97144626,
Q62269196,
Q12090033,
Q110620140,
Q131758411,
Q98456609,
Q109596911,
Q109370195,
Q28687506,
Q11312737,
Q117479209,
Q105528683,
Q2289017,
Q106153694,
Q30937932,
Q65255067,
Q12690926,
Q12603745,
Q31186310,
Q31178285,
Q11537063,
Q17217137,
Q120335672,
Q104901404,
Q13654772,
Q117435212,
Q117435312,
Q126388963,
Q131252940,
Q135190531,
Q94275043,
Q65264534,
Q110280903,
Q124497034,
Q134692551,
Q85983209,
Q93737503,
Q17218789,
Q17750285,
Q11315051,
Q4048223,
Q22124082,
Q64267740,
Q23009869,
Q133037119,
Q25424840,
Q106420093,
Q110448465,
Q131275451,
Q16129769,
Q48700880,
Q120753875,
Q131408665,
Q85977773,
Q61103265,
Q120335867,
Q16403851,
Q133262123,
Q9360586,
Q97217628,
Q16096784,
Q104590581,
Q63208514,
Q98099691,
Q105086745,
Q85858172,
Q124663224,
Q45109072,
Q124684403,
Q83737094,
Q3976055,
Q85594005,
Q10341408,
Q25450173,
Q3054828,
Q106460896,
Q13053032,
Q92681844,
Q125810601,
Q30937249,
Q11018385,
Q97186741,
Q105518632,
Q12690950,
Q110069232,
Q60997310,
Q65255020,
Q116246499,
Q28678265,
Q124482962,
Q4387471,
Q3391517,
Q18485783,
Q5734728,
Q123989167,
Q124482778,
Q124820293,
Q3790460,
Q120335564,
Q104906414,
Q116203571,
Q11306749,
Q133746869,
Q61061956,
Q12690803,
Q124363453,
Q20072507,
Q105853776,
Q131275109,
Q104623474,
Q85878448,
Q131275190,
Q117188054,
Q112977041,
Q109017868,
Q7368594,
Q136646351,
Q4302088,
Q11981684,
Q9170558,
Q24200085,
Q1111246,
Q11984027,
Q17711781,
Q16704208,
Q48764883,
Q124669854,
Q11331650,
Q111362997,
Q105009335,
Q104986836,
Q127856552,
Q22127515,
Q12384098,
Q138736745,
Q105346223,
Q11690492,
Q124448448,
Q124713411,
Q12781664,
Q117470492,
Q119382814,
Q134540716,
Q20467500,
Q104824737,
Q104213448,
Q85874400,
Q11304367,
Q28667542,
Q16306201,
Q118998427,
Q127856533,
Q12690768,
Q116717653,
Q136819607,
Q136403287,
Q113165276,
Q137909727,
Q3693904,
Q2666454,
Q109296736,
Q10398206,
Q25489496,
Q124970016,
Q85965434,
Q124482813,
Q85871357,
Q11690490,
Q106367919,
Q115921642,
Q28668619,
Q1664882,
Q11478391,
Q110444764,
Q104666874,
Q1269015,
Q60986561,
Q12038267,
Q114609428,
Q120335580,
Q56300770,
Q64160611,
Q137010042,
Q11524340,
Q56388474,
Q11798138,
Q96317008,
Q106699456,
Q12690900,
Q105452488,
Q120335683,
Q123048881,
Q116814870,
Q11261015,
Q4468123,
Q5399332,
Q110845907,
Q2894997,
Q140248581,
Q12690759,
Q109469916,
Q119856337,
Q97310597,
Q109370483,
Q11346507,
Q124535840,
Q124760587,
Q85966635,
Q12690875,
Q110117959,
Q12396374,
Q102854906,
Q137192321,
Q65219918,
Q6639197,
Q109469932,
Q131990643,
Q124531243,
Q61099652,
Q74444743,
Q85865361,
Q105294356,
Q126370156,
Q122832521,
Q56401432,
Q111912068,
Q12609780,
Q2527019,
Q104544532,
Q51887547,
Q18651121,
Q65407941,
Q134622929,
Q65255724,
Q117435011,
Q134553594,
Q61068929,
Q105433855,
Q12648452,
Q131275166,
Q12594864,
Q11972112,
Q65196639,
Q12600608,
Q99286194,
Q97392267,
Q105076760,
Q120335573,
Q1827170,
Q9192060,
Q118638965,
Q26710199,
Q85881773,
Q11381041,
Q10576144,
Q110069318,
Q112977042,
Q120336404,
Q2028617,
Q120335738,
Q2753441,
Q12690793,
Q12749002,
Q61064000,
Q53643710,
Q96942489,
Q10854395,
Q118591449,
Q119382879,
Q117435285,
Q114595775,
Q132778068,
Q139622662,
Q117435250,
Q26001148,
Q124482770,
Q130155649,
Q11578987,
Q20513168,
Q65243183,
Q124657442,
Q5737114,
Q124476937,
Q11305242,
Q127825917,
Q2085565,
Q56434402,
Q107302948,
Q86002956,
Q76859785,
Q130664206,
Q2605349,
Q113656561,
Q2529776,
Q117121897,
Q124621845,
Q123175072,
Q12690734,
Q63208501,
Q113463252,
Q9615242,
Q85873273,
Q20461073,
Q11277441,
Q55737210,
Q12230601,
Q98456452,
Q120335543,
Q117844314,
Q65211012,
Q110069400,
Q109597398,
Q13202800,
Q85857904,
Q136908396,
Q65255402,
Q24862167,
Q11271918,
Q12690868,
Q2540551,
Q136694462,
Q3693862,
Q105441873,
Q24877086,
Q12072767,
Q107605879,
Q20898672,
Q24865580,
Q12000938,
Q2556524,
Q12071661,
Q11781566,
Q11478553,
Q133449906,
Q11341011,
Q20467858,
Q6457873,
Q137645147,
Q105511425,
Q113331820,
Q78352831,
Q136563322,
Q98085251,
Q12607042,
Q28869513,
Q84935621,
Q13571329,
Q110271129,
Q2530616,
Q85857886,
Q136452158,
Q135196747,
Q19388780,
Q19372208,
Q85979400,
Q13021992,
Q98145592,
Q9397623,
Q105089763,
Q106436229,
Q113457285,
Q2676705,
Q12690707,
Q49101904,
Q106699486,
Q11316800,
Q105105278,
Q2200201,
Q16141209,
Q88555312,
Q135729414,
Q125961681,
Q124482784,
Q28711260,
Q124423202,
Q20467491,
Q135902481,
Q131759593,
Q16533345,
Q124423418,
Q105702602,
Q2752085,
Q76465064,
Q104622922,
Q125190753,
Q30928066,
Q4426723,
Q116918615,
Q12690851,
Q12078439,
Q124316464,
Q106282861,
Q16139927,
Q109366138,
Q4280738,
Q63057955,
Q20549117,
Q110291276,
Q113324532,
Q110710357,
Q2024759,
Q61059852,
Q134739139,
Q131400526,
Q105396069,
Q96250812,
Q12690815,
Q11263967,
Q24033744,
Q91470185,
Q106483532,
Q12080990,
Q119527620,
Q138436603,
Q12711495,
Q125810551,
Q113635845,
Q12376384,
Q16138386,
Q102088990,
Q20407796,
Q16420381,
Q16097665,
Q109361588,
Q104986358,
Q116140441,
Q125307958,
Q123377444,
Q85873382,
Q4502244,
Q12373502,
Q136649747,
Q16140585,
Q85869853,
Q3693311,
Q41792071,
Q133799688,
Q12507511,
Q4342460,
Q133873442,
Q25541257,
Q12690850,
Q119085754,
Q11351530,
Q6644079,
Q11335158,
Q48752639,
Q25452154,
Q117435081,
Q117435269,
Q22131193,
Q6556818,
Q12478342,
Q96139715,
Q110048948,
Q115637823,
Q61081258,
Q108061085,
Q97278286,
Q109417848,
Q109411222,
Q124683491,
Q96351284,
Q85872651,
Q123353261,
Q105759822,
Q11613152,
Q126112557,
Q12690923,
Q11502445,
Q109469925,
Q18408023,
Q20543882,
Q16082093,
Q109602368,
Q12281345,
Q133818367,
Q20467926,
Q2643809,
Q13654798,
Q107611240,
Q31277611,
Q102179936,
Q127856717,
Q124896780,
Q125810593,
Q25483379,
Q12875574,
Q113489332,
Q3054847,
Q122705943,
Q137910202,
Q11961575,
Q136008747,
Q125657110,
Q139393965,
Q120071199,
Q137886605,
Q12363471,
Q104723918,
Q12062416,
Q16451635,
Q31192902,
Q61082001,
Q109469526,
Q113629565,
Q135432138,
Q61107980,
Q134083647,
Q11340714,
Q85591957,
Q19710594,
Q22098792,
Q11221496,
Q17238745,
Q48755141,
Q16006245,
Q114839724,
Q48881258,
Q17227103,
Q117435383,
Q63536550,
Q131826496,
Q105199578,
Q11296559,
Q134596178,
Q123584316,
Q61107948,
Q11306625,
Q2870263,
Q16486777,
Q97220659,
Q30973906,
Q125810594,
Q4508624,
Q138678582,
Q85953503,
Q117435099,
Q109599174,
Q55532206,
Q85875368,
Q131863247,
Q97189821,
Q6753863,
Q137673656,
Q138773251,
Q124424490,
Q126890364,
Q12376440,
Q115862806,
Q113051661,
Q112007381,
Q112977040,
Q28682843,
Q109313744,
Q109361057,
Q6628459,
Q117434999,
Q11329272,
Q123410031,
Q95468370,
Q61109060,
Q10372720,
Q11265556,
Q9645860,
Q138799060,
Q60841389,
Q124497062,
Q123047916,
Q2455931,
Q120335661,
Q124482789,
Q20511386,
Q135193111,
Q120335587,
Q13013892,
Q11349938,
Q11407909,
Q135556524,
Q109416933,
Q17209165,
Q11994250,
Q97310366,
Q97585492,
Q119382731,
Q117906212,
Q12690978,
Q109599837,
Q11289132,
Q97335150,
Q15859384,
Q11313361,
Q135721594,
Q1370991,
Q110069438,
Q11950006,
Q16674450,
Q10688591,
Q134380027,
Q3850793,
Q2290598,
Q133873462,
Q109416915,
Q110069271,
Q56325085,
Q48702233,
Q119382875,
Q97577541,
Q20467716,
Q4038036,
Q24953318,
Q106469915,
Q125810561,
Q6840002,
Q11244211,
Q20101845,
Q105460101,
Q106917714,
Q97597703,
Q125343175,
Q124497056,
Q60988882,
Q139852969,
Q16112152,
Q109363493,
Q16138934,
Q4206323,
Q117435098,
Q139891159,
Q120335568,
Q106654479,
Q6579806,
Q107291049,
Q4050443,
Q100873608,
Q106506564,
Q109416889,
Q23007326,
Q124482811,
Q131275152,
Q11257405,
Q109359198,
Q11122024,
Q16536575,
Q16141343,
Q11257706,
Q124812324,
Q18660486,
Q56402484,
Q125212717,
Q116976470,
Q110069282,
Q98099216,
Q11297639,
Q137585147,
Q110585899,
Q124482802,
Q61121598,
Q29023806,
Q136734815,
Q85883769,
Q85874405,
Q11491658,
Q56367407,
Q20467676,
Q110115229,
Q93294016,
Q61747623,
Q118625935,
Q28686693,
Q13016336,
Q55172554,
Q120335503,
Q125470999,
Q12690960,
Q10678209,
Q18682840,
Q120335898,
Q128482668,
Q120335727,
Q118744991,
Q108266039,
Q85871745,
Q109356844,
Q120759251,
Q107686874,
Q109321833,
Q136694472,
Q116045580,
Q12603661,
Q4146757,
Q117435331,
Q133873460,
Q100165500,
Q65254826,
Q124330934,
Q97289315,
Q101003760,
Q10437063,
Q9191989,
Q10448219,
Q17484546,
Q16140472,
Q81719974,
Q124615423,
Q104891172,
Q116215321,
Q13024309,
Q12625301,
Q15805704,
Q124753656,
Q122924725,
Q60670323,
Q15854190,
Q12684113,
Q109362310,
Q11799223,
Q109458545,
Q19692953,
Q3869174,
Q107697142,
Q61115097,
Q12164158,
Q55595321,
Q10451471,
Q4369582,
Q12470374,
Q20614372,
Q117006055,
Q12690751,
Q11443580,
Q109411808,
Q120335684,
Q65241654,
Q134028503,
Q105342146,
Q20466337,
Q12690716,
Q85877170,
Q131531184,
Q124788798,
Q104623491,
Q117435395,
Q11347112,
Q125525542,
Q124422916,
Q109358951,
Q124622571,
Q55526221,
Q108088139,
Q65170813,
Q97225886,
Q2222916,
Q125417749,
Q109597871,
Q105395784,
Q12005255,
Q65197891,
Q124497029,
Q86423526,
Q64515933,
Q140358615,
Q12412003,
Q20467881,
Q134028553,
Q61088706,
Q120483274,
Q11497596,
Q126932817,
Q118956002,
Q4077209,
Q13023764,
Q12274069,
Q120335696,
Q4402971,
Q12709747,
Q16424692,
Q123823145,
Q63526788,
Q13018351,
Q2917427,
Q61063711,
Q55649404,
Q134355847,
Q120491352,
Q117803477,
Q19373124,
Q104723940,
Q4427866,
Q25615739,
Q17161037,
Q111979085,
Q12759577,
Q119382774,
Q131675408,
Q1795423,
Q11350738,
Q13014792,
Q88331539,
Q100147499,
Q11659263,
Q136694484,
Q110888805,
Q55659626,
Q2041366,
Q16424509,
Q119382756,
Q133872854,
Q7036349,
Q11333602,
Q85980175,
Q24875086,
Q135678408,
Q11443083,
Q12282617,
Q10499053,
Q25565499,
Q101521189,
Q106313871,
Q108133981,
Q130655762,
Q31187497,
Q50223058,
Q11854577,
Q55528625,
Q110115376,
Q18054767,
Q85983466,
Q63208495,
Q136819566,
Q12690813,
Q42907826,
Q124662766,
Q106452764,
Q20467754,
Q118985543,
Q117435280,
Q104535456,
Q24862205,
Q10852382,
Q87738969,
Q124327901,
Q120335735,
Q4337315,
Q84705073,
Q12690874,
Q4071509,
Q105426940,
Q109357907,
Q4160984,
Q28684287,
Q4494908,
Q65268147,
Q9390622,
Q12961048,
Q53833341,
Q84284235,
Q132473253,
Q25628954,
Q134528419,
Q131275203,
Q99693586,
Q63208449,
Q110069644,
Q20105221,
Q124423457,
Q131451793,
Q105884153,
Q109358745,
Q127856781,
Q10907965,
Q19196859,
Q99752044,
Q20106475,
Q1381453,
Q12078923,
Q1872321,
Q128711945,
Q61057932,
Q16138318,
Q50182380,
Q12701519,
Q30890578,
Q85869449,
Q97278983,
Q133945520,
Q104814439,
Q106452568,
Q25475729,
Q105979796,
Q18406013,
Q112977046,
Q109331797,
Q55731535,
Q109362151,
Q104986525,
Q112977063,
Q11439959,
Q13020483,
Q105710728,
Q2627418,
Q6960861,
Q3305323,
Q106453167,
Q116187192,
Q16164498,
Q104153041,
Q105410942,
Q104603381,
Q124482939,
Q128868132,
Q112183170,
Q25469124,
Q11275178,
Q55735470,
Q14749711,
Q131275448,
Q105677786,
Q124423013,
Q1218363,
Q11964116,
Q1295721,
Q12019209,
Q64041003,
Q12620598,
Q16666556,
Q97376760,
Q96355306,
Q109456930,
Q44120649,
Q61116841,
Q11541106,
Q106467075,
Q55662898,
Q12820924,
Q19379336,
Q118868219,
Q12522366,
Q117816324,
Q16720647,
Q12601390,
Q139860450,
Q12275623,
Q136393588,
Q20105835,
Q98414655,
Q110069514,
Q6067408,
Q11249482,
Q4172457,
Q140191246,
Q97196825,
Q132257559,
Q125588755,
Q20467901,
Q123999190,
Q134271983,
Q109598360,
Q131275122,
Q55523980,
Q4045132,
Q13025645,
Q114033388,
Q120335862,
Q47007871,
Q10846549,
Q105755993,
Q15891021,
Q85871791,
Q105492999,
Q113332023,
Q12299236,
Q16374319,
Q17154749,
Q124482942,
Q96482624,
Q116172879,
Q120335526,
Q110069447,
Q120335594,
Q113700245,
Q42908009,
Q105064108,
Q30960641,
Q110118349,
Q114876077,
Q16387867,
Q133295512,
Q130336957,
Q58241457,
Q28414553,
Q116972624,
Q4340099,
Q20467637,
Q124357942,
Q124536118,
Q124364975,
Q13027910,
Q96614544,
Q104980388,
Q110069328,
Q4305899,
Q125937266,
Q63206798,
Q138375743,
Q9143118,
Q139794888,
Q111145155,
Q11291800,
Q12098635,
Q137585143,
Q123115290,
Q3939320,
Q21658850,
Q137940633,
Q4335737,
Q116598852,
Q85979591,
Q110728958,
Q11301917,
Q61065397,
Q109552590,
Q136819608,
Q115625862,
Q530198,
Q31182923,
Q4247715,
Q11484679,
Q116690489,
Q138036142,
Q125810564,
Q4133091,
Q12081581,
Q104530443,
Q135728191,
Q18690299,
Q97376864,
Q12116461,
Q120765627,
Q120335617,
Q12005212,
Q1257848,
Q1815564,
Q135997147,
Q18457200,
Q107165751,
Q131275102,
Q111995624,
Q124423338,
Q48955864,
Q117434997,
Q107214963,
Q131275096,
Q96279243,
Q137375834,
Q17228800,
Q130386993,
Q132328530,
Q65304953,
Q11764330,
Q134879667,
Q107599961,
Q104640145,
Q19393737,
Q85861448,
Q3726174,
Q10898544,
Q106497570,
Q81527357,
Q13195377,
Q65204814,
Q29152627,
Q25667981,
Q114646103,
Q4215005,
Q16430434,
Q20053420,
Q12072281,
Q108101795,
Q109311278,
Q99290721,
Q10542236,
Q10341406,
Q108445816,
Q108815413,
Q12008081,
Q126100851,
Q112977044,
Q12293011,
Q18689929,
Q124819939,
Q124482965,
Q119382628,
Q124812116,
Q23304589,
Q99731202,
Q9192005,
Q3539393,
Q137585129,
Q109469930,
Q4534725,
Q133873466,
Q110069402,
Q85864385,
Q50183920,
Q11312721,
Q4875117,
Q6607531,
Q12768286,
Q12384081,
Q3693314,
Q116863647,
Q65233761,
Q113547888,
Q110388887,
Q15780725,
Q12334649,
Q22128972,
Q105730950,
Q137504675,
Q16097996,
Q131275128,
Q12520080,
Q85973837,
Q6604995,
Q91012787,
Q54991724,
Q131350556,
Q10638084,
Q108430103,
Q127607607,
Q133729027,
Q95692090,
Q125310906,
Q124749460,
Q10709155,
Q6819935,
Q12621389,
Q114350007,
Q20467499,
Q106182051,
Q11264678,
Q110394001,
Q48955915,
Q117435365,
Q110280604,
Q133883795,
Q10942871,
Q24936326,
Q105530513,
Q97177517,
Q125810548,
Q136698933,
Q97204385,
Q135909077,
Q124423423,
Q124482776,
Q125751167,
Q807814,
Q136230375,
Q16631791,
Q124969151,
Q17225669,
Q11301557,
Q85884438,
Q9191964,
Q106959734,
Q11854797,
Q109595407,
Q120335717,
Q11674865,
Q11815648,
Q106313722,
Q30925465,
Q119382626,
Q31841769,
Q120776805,
Q12384097,
Q12295915,
Q10552351,
Q24940897,
Q110114822,
Q16138511,
Q97216674,
Q139379890,
Q127856650,
Q15789820,
Q120492385,
Q11347183,
Q16097088,
Q131940301,
Q20040556,
Q107696446,
Q104723901,
Q61116556,
Q4151662,
Q60836908,
Q65242512,
Q4371833,
Q117435227,
Q97275968,
Q22130201,
Q12508802,
Q124482940,
Q104969015,
Q12002768,
Q12690865,
Q119382751,
Q62587680,
Q6785823,
Q136696296,
Q115703158,
Q109456926,
Q65255487,
Q61063874,
Q106683808,
Q31187577,
Q6880803,
Q65235393,
Q111832076,
Q12702249,
Q66969007,
Q109359593,
Q110072252,
Q11294728,
Q113360969,
Q12690955,
Q106986014,
Q19398014,
Q16083680,
Q65241269,
Q10519265,
Q138036197,
Q109455608,
Q109652628,
Q22693342,
Q124614777,
Q29152618,
Q109360623,
Q12144938,
Q109594375,
Q3230995,
Q28689873,
Q4513645,
Q65255615,
Q12136444,
Q112711801,
Q130085314,
Q124422938,
Q85877253,
Q48856530,
Q6835281,
Q120335724,
Q65255344,
Q3693884,
Q12384091,
Q111133332,
Q10372711,
Q12285924,
Q11939570,
Q109321922,
Q131275130,
Q113009252,
Q97218353,
Q97194746,
Q98505575,
Q28703661,
Q20467808,
Q110115365,
Q20622391,
Q11190754,
Q20688334,
Q124535497,
Q114791291,
Q120335715,
Q110069564,
Q121144691,
Q11189037,
Q57016126,
Q25452891,
Q130641038,
Q1573049,
Q4393595,
Q120335565,
Q109362495,
Q109368590,
Q5735437,
Q77950989,
Q61139316,
Q20467634,
Q11988002,
Q10322971,
Q116600562,
Q107646876,
Q126171311,
Q110872911,
Q88295075,
Q11999436,
Q109985874,
Q61108028,
Q11350716,
Q12117267,
Q106372693,
Q50290534,
Q30924897,
Q56356207,
Q4041862,
Q124423700,
Q55712087,
Q117435108,
Q112179799,
Q112977032,
Q124740279,
Q20549124,
Q110447129,
Q119382721,
Q9184457,
Q38277315,
Q61400771,
Q48750977,
Q131275156,
Q12620508,
Q13014639,
Q3698729,
Q136694476,
Q11272700,
Q12690901,
Q28913456,
Q28669211,
Q11328454,
Q124896784,
Q65255651,
Q25616648,
Q117435092,
Q28412906,
Q18626780,
Q24866252,
Q105695163,
Q16132855,
Q29034303,
Q11330262,
Q137590493,
Q10341771,
Q6497402,
Q120335562,
Q85985995,
Q17989814,
Q113815861,
Q117435284,
Q25484624,
Q134350417,
Q106488223,
Q80672955,
Q20066998,
Q19743887,
Q61101740,
Q112156833,
Q12266382,
Q124669367,
Q137735659,
Q11777660,
Q25492612,
Q125019315,
Q136996463,
Q97206085,
Q11690486,
Q12682357,
Q17221179,
Q105613071,
Q12638663,
Q11229873,
Q11321104,
Q97658633,
Q12345728,
Q100351694,
Q125810560,
Q124255990,
Q65158126,
Q16486773,
Q112674487,
Q1711280,
Q109596671,
Q9015016,
Q11294906,
Q2028609,
Q30921188,
Q16097052,
Q11257701,
Q65254844,
Q85898143,
Q107482340,
Q71246387,
Q55526535,
Q110069592,
Q28686790,
Q10353190,
Q134697932,
Q15439533,
Q20040379,
Q117435292,
Q12002803,
Q10505185,
Q16494628,
Q28687966,
Q114298530,
Q114311404,
Q104903378,
Q6815858,
Q110768781,
Q3124742,
Q5916930,
Q12284452,
Q105069153,
Q137669685,
Q11316847,
Q85966347,
Q65255187,
Q124497072,
Q11506952,
Q122981768,
Q17209431,
Q11799207,
Q11298048,
Q13026025,
Q48749051,
Q17211953,
Q85864303,
Q138912355,
Q16655518,
Q87191253,
Q104556121,
Q112977043,
Q12875397,
Q137515185,
Q117435272,
Q105853216,
Q114608832,
Q11424474,
Q3054852,
Q134724339,
Q12691024,
Q85853405,
Q11291203,
Q96358960,
Q106571537,
Q2205845,
Q136524847,
Q97664007,
Q104740548,
Q136202472,
Q119382883,
Q135796375,
Q107681729,
Q113332238,
Q11501054,
Q18055015,
Q113609472,
Q2595117,
Q135397925,
Q131401311,
Q136523234,
Q5779700,
Q109599708,
Q122926599,
Q11972237,
Q104216688,
Q104664557,
Q106376174,
Q63208529,
Q137927347,
Q136085101,
Q139832112,
Q105113998,
Q108783887,
Q97197672,
Q125399520,
Q11305854,
Q121094387,
Q28685011,
Q18233217,
Q10512916,
Q114453176,
Q16141283,
Q101417879,
Q130979318,
Q104793511,
Q30938917,
Q3657004,
Q124969030,
Q50378867,
Q18689824,
Q11914381,
Q48075001,
Q106288078,
Q12620839,
Q12158731,
Q80419002,
Q112980281,
Q135415128,
Q10341670,
Q28698309,
Q66969023,
Q131275144,
Q55608244,
Q136302459,
Q103796075,
Q119382799,
Q61065343,
Q91158223,
Q104528038,
Q110394012,
Q109314479,
Q106901336,
Q16139347,
Q13012608,
Q124547749,
Q117430060,
Q133528786,
Q65952703,
Q12690898,
Q116169622,
Q31273874,
Q125399774,
Q55662804,
Q17216018,
Q11309146,
Q109556846,
Q120335647,
Q65255380,
Q20467557,
Q114147450,
Q13024966,
Q122890050,
Q16830621,
Q48942071,
Q12603727,
Q12690935,
Q2325289,
Q25386942,
Q19398953,
Q4070255,
Q61392393,
Q65240926,
Q65255037,
Q50214245,
Q21655175,
Q124785554,
Q109414481,
Q115682127,
Q97186983,
Q12088161,
Q5893446,
Q125666223,
Q132166255,
Q65299755,
Q18423829,
Q97173909,
Q61826702,
Q120335874,
Q107405630,
Q7449341,
Q12104248,
Q1988636,
Q114677581,
Q13632873,
Q105104526,
Q110115138,
Q70432545,
Q105694745,
Q134734372,
Q2821627,
Q17209256,
Q10709176,
Q109596823,
Q10939276,
Q65237204,
Q3790333,
Q134876917,
Q120335504,
Q4035032,
Q2798566,
Q49974134,
Q105587956,
Q136893172,
Q65279378,
Q117434990,
Q20065536,
Q25440527,
Q120335676,
Q25431581,
Q55656334,
Q4041638,
Q2327049,
Q124301328,
Q17232558,
Q110069403,
Q106622599,
Q97217647,
Q28685339,
Q135925719,
Q125081268,
Q126851218,
Q10282177,
Q11350377,
Q109456939,
Q30922476,
Q121741960,
Q11492922,
Q10291716,
Q95162101,
Q20104365,
Q109360151,
Q120335901,
Q11599710,
Q1149966,
Q105316623,
Q117435279,
Q136683005,
Q15840382,
Q16405416,
Q20467723,
Q17223023,
Q65146871,
Q110291170,
Q124661532,
Q3853794,
Q11484072,
Q124740866,
Q106840594,
Q11643878,
Q12085520,
Q56349005,
Q17215278,
Q123763702,
Q3572336,
Q3054835,
Q16486833,
Q97195041,
Q124982469,
Q131275125,
Q11644685,
Q124472691,
Q132158023,
Q85880451,
Q128868170,
Q134134408,
Q11870981,
Q12690848,
Q60840937,
Q11258956,
Q28678432,
Q131459690,
Q6571793,
Q81045810,
Q15914829,
Q105237927,
Q74101096,
Q12165103,
Q110114999,
Q2028616,
Q98431938,
Q48746910,
Q135976139,
Q108459672,
Q48877718,
Q88391896,
Q10474630,
Q104641918,
Q110395925,
Q109461641,
Q74522023,
Q118780284,
Q13027936,
Q137552407,
Q12305022,
Q24876132,
Q112073996,
Q61101101,
Q24933924,
Q19399167,
Q62059957,
Q12325448,
Q109362011,
Q133251362,
Q109603312,
Q20499381,
Q12361264,
Q127856732,
Q25667864,
Q104190356,
Q38807369,
Q105711838,
Q120204744,
Q16140624,
Q120335900,
Q98535063,
Q109357919,
Q61070232,
Q104903361,
Q123027220,
Q140316064,
Q11884271,
Q104906681,
Q1362262,
Q65133112,
Q4273356,
Q11684723,
Q11524378,
Q12836438,
Q104782319,
Q60986540,
Q93294032,
Q30931605,
Q30527009,
Q4036965,
Q28945610,
Q113564541,
Q124461402,
Q110246176,
Q104529688,
Q122640183,
Q65254938,
Q97317335,
Q66969018,
Q134582842,
Q12190941,
Q126857927,
Q2529768,
Q115683411,
Q48700821,
Q126959360,
Q11197953,
Q126963193,
Q85977595,
Q30887714,
Q21012023,
Q105061543,
Q20545005,
Q113646609,
Q65238663,
Q61056838,
Q22128740,
Q15114211,
Q56392248,
Q3657734,
Q120630013,
Q11914376,
Q27055971,
Q97210032,
Q11292126,
Q84716408,
Q12709490,
Q1956783,
Q134209741,
Q11997564,
Q140183645,
Q22127889,
Q133799702,
Q4037194,
Q65952732,
Q10314193,
Q85987380,
Q106312582,
Q11346032,
Q31182451,
Q12314145,
Q16097587,
Q106407819,
Q12690878,
Q4200327,
Q65408444,
Q119382402,
Q104656649,
Q139265440,
Q61061264,
Q61122837,
Q11959335,
Q115626749,
Q20070273,
Q136956840,
Q11658056,
Q11875729,
Q11859542,
Q124482935,
Q66777789,
Q97578671,
Q80916422,
Q105064139,
Q67081705,
Q138036150,
Q11309611,
Q12690724,
Q117847955,
Q110116004,
Q11722521,
Q124482932,
Q4292421,
Q25480189,
Q16422192,
Q120281557,
Q131345469,
Q71869435,
Q85979411,
Q106200355,
Q136511022,
Q110387491,
Q117434991,
Q4254780,
Q105426857,
Q20467746,
Q12621390,
Q125810537,
Q104979910,
Q11303095,
Q28692046,
Q131752535,
Q97286376,
Q11283907,
Q135195688,
Q79017574,
Q104600847,
Q13024286,
Q124250948,
Q56300775,
Q132362226,
Q1865683,
Q25431243,
Q139622114,
Q117435368,
Q109359067,
Q131451813,
Q114659050,
Q5886289,
Q106484497,
Q2780797,
Q117435009,
Q20467932,
Q106382153,
Q9593735,
Q17045058,
Q31176017,
Q48757909,
Q3693839,
Q111593382,
Q11312497,
Q136694461,
Q137849238,
Q3918102,
Q110114736,
Q93629337,
Q125399780,
Q6731983,
Q18690276,
Q124052554,
Q119382872,
Q93955204,
Q124423058,
Q113164896,
Q12690741,
Q12716148,
Q12581871,
Q12682534,
Q131935058,
Q18690128,
Q124742716,
Q104574080,
Q12672513,
Q108691470,
Q114427514,
Q85984511,
Q124849293,
Q17750649,
Q120335725,
Q12690709,
Q118270981,
Q73537390,
Q105371434,
Q11479742,
Q65254793,
Q115943536,
Q11967683,
Q11524600,
Q12685294,
Q124628319,
Q11969718,
Q5988803,
Q121592852,
Q11282332,
Q61747773,
Q65254829,
Q2792648,
Q130075354,
Q12690888,
Q105530707,
Q12582449,
Q109416953,
Q103841042,
Q11349882,
Q109594838,
Q4132526,
Q106703135,
Q110872894,
Q57408853,
Q136102055,
Q65146858,
Q56402241,
Q135671067,
Q16097049,
Q12137059,
Q85977445,
Q117435014,
Q137302190,
Q1257142,
Q108170720,
Q137021910,
Q130525606,
Q79052972,
Q120335581,
Q137260897,
Q13026281,
Q26868405,
Q56402029,
Q139737256,
Q57312511,
Q20038338,
Q55727494,
Q131480748,
Q125810569,
Q106472002,
Q48702284,
Q11355724,
Q109537351,
Q97163895,
Q102188835,
Q48866482,
Q11336767,
Q2238257,
Q12472497,
Q15938127,
Q104600960,
Q111795437,
Q127856775,
Q112574994,
Q124663236,
Q29336458,
Q10316632,
Q11283542,
Q9576674,
Q109469921,
Q57240861,
Q10341610,
Q107445933,
Q56392228,
Q104739997,
Q10602856,
Q11242176,
Q120336402,
Q117435027,
Q12690684,
Q25554301,
Q79347052,
Q18236734,
Q13026217,
Q11337151,
Q105742652,
Q48700516,
Q4499845,
Q12284517,
Q16132995,
Q65254944,
Q115939936,
Q85379934,
Q13026317,
Q2245406,
Q9676222,
Q124256448,
Q109597483,
Q136912573,
Q11077356,
Q98917613,
Q11275823,
Q113411479,
Q16695815,
Q138664449,
Q97173891,
Q97274222,
Q85865075,
Q108700735,
Q13745055,
Q117434966,
Q134344434,
Q20467532,
Q109319736,
Q11325749,
Q2627612,
Q97201360,
Q25450899,
Q99438394,
Q12690932,
Q13104807,
Q56340062,
Q121756184,
Q10298783,
Q131275195,
Q93105485,
Q11446685,
Q134516524,
Q116736532,
Q117435089,
Q11103419,
Q63208494,
Q6983896,
Q118780653,
Q12690986,
Q19730843,
Q125810579,
Q106313179,
Q136532340,
Q116830555,
Q110115509,
Q17231130,
Q110069311,
Q69812070,
Q136146683,
Q28913247,
Q31182468,
Q56355925,
Q8350885,
Q97228147,
Q85857950,
Q12690902,
Q118331042,
Q85992787,
Q10316745,
Q4038988,
Q104968493,
Q109460486,
Q10901787,
Q85857948,
Q12690693,
Q18055018,
Q11113136,
Q56400347,
Q124423848,
Q3927122,
Q50286317,
Q12803025,
Q109469427,
Q79246271,
Q11339736,
Q12690252,
Q110834605,
Q110551796,
Q12756560,
Q105119893,
Q109360383,
Q124482958,
Q12683479,
Q85966664,
Q97193607,
Q7368457,
Q136048309,
Q16722743,
Q137209878,
Q2302549,
Q65255663,
Q48945077,
Q104603310,
Q117435072,
Q97452389,
Q48746848,
Q11258386,
Q97273025,
Q125957669,
Q22127302,
Q119382580,
Q27861633,
Q134303158,
Q12592734,
Q83560628,
Q137398330,
Q25579255,
Q4308718,
Q134506349,
Q140235715,
Q17212138,
Q61104045,
Q65255031,
Q132631744,
Q107770060,
Q85122838,
Q104771302,
Q11978475,
Q9583642,
Q118954622,
Q65255612,
Q65255133,
Q11578998,
Q15837083,
Q16096992,
Q110114107,
Q12501488,
Q98212957,
Q104590993,
Q137585128,
Q124497033,
Q109366371,
Q65209783,
Q130416962,
Q11656326,
Q11529330,
Q18239084,
Q125810563,
Q107594987,
Q112977037,
Q11553601,
Q124625138,
Q104093202,
Q137383104,
Q20608435,
Q131275095,
Q20467664,
Q56322983,
Q124482786,
Q129819355,
Q97805237,
Q119382631,
Q2197351,
Q10395740,
Q4383092,
Q31186261,
Q20467592,
Q109594560,
Q19390936,
Q109456936,
Q70876546,
Q106153695,
Q12297455,
Q97215413,
Q107021755,
Q11252186,
Q16524011,
Q11078437,
Q20467539,
Q13054541,
Q3355328,
Q3760063,
Q97178232,
Q20530202,
Q61132384,
Q115154405,
Q63208477,
Q126888363,
Q2439818,
Q7487073,
Q104904016,
Q105263553,
Q137210247,
Q11334973,
Q12411735,
Q124258153,
Q4218539,
Q20467789,
Q65230832,
Q1333819,
Q129188811,
Q6637569,
Q1824665,
Q104890215,
Q48769208,
Q11638558,
Q97180699,
Q131451971,
Q124282682,
Q11961686,
Q12592736,
Q16422810,
Q109364728,
Q109594861,
Q11317899,
Q1872895,
Q12691017,
Q97097014,
Q98456460,
Q65254835,
Q136036557,
Q117435257,
Q16189832,
Q120335711,
Q124613479,
Q106200558,
Q20467641,
Q95500236,
Q5195554,
Q85877917,
Q3987515,
Q15906037,
Q11603108,
Q120335890,
Q17209555,
Q11799206,
Q1493896,
Q10648422,
Q115715675,
Q4042396,
Q97203031,
Q61000059,
Q1673733,
Q136118227,
Q109601820,
Q2011318,
Q137189658,
Q65127272,
Q2418587,
Q127856751,
Q55529619,
Q123964517,
Q11324201,
Q11304845,
Q110397139,
Q5829302,
Q15650725,
Q109357513,
Q124497038,
Q134540774,
Q12274395,
Q124751219,
Q28687914,
Q106205471,
Q109359304,
Q44731770,
Q12384095,
Q19915437,
Q85877591,
Q86744323,
Q12690742,
Q104814783,
Q12117769,
Q97311713,
Q65254929,
Q112668032,
Q107175751,
Q117435145,
Q48701737,
Q12246871,
Q11370095,
Q12621715,
Q16410785,
Q132176362,
Q106961902,
Q123197588,
Q120498413,
Q91020348,
Q87456352,
Q109360638,
Q134424277,
Q122911925,
Q110589615,
Q12294070,
Q124969287,
Q13025044,
Q56356113,
Q11972369,
Q89098385,
Q137397406,
Q112977038,
Q6391554,
Q12682603,
Q12384077,
Q11631373,
Q19382056,
Q13024983,
Q117435318,
Q98431924,
Q105516759,
Q85966631,
Q124347700,
Q61065245,
Q113470659,
Q124497040,
Q125097821,
Q107267896,
Q20444738,
Q12361464,
Q20182841,
Q120335886,
Q65254979,
Q124483349,
Q4483446,
Q11573636,
Q85975078,
Q109461944,
Q138716644,
Q31277617,
Q11961170,
Q16131846,
Q11301208,
Q123149600,
Q97695664,
Q12690677,
Q65254947,
Q22773819,
Q118587593,
Q61403354,
Q9390318,
Q15932968,
Q60823268,
Q48744721,
Q9192069,
Q1753206,
Q106367732,
Q105120566,
Q19310955,
Q12682680,
Q105694597,
Q112035734,
Q11462456,
Q116758195,
Q38277776,
Q12690958,
Q12157709,
Q117435273,
Q12690695,
Q109460783,
Q24837622,
Q12844961,
Q20467683,
Q105452126,
Q28687286,
Q42166424,
Q4242843,
Q65408018,
Q117435248,
Q11270963,
Q20467636,
Q20467730,
Q21532506,
Q12230624,
Q4781504,
Q31191982,
Q85871548,
Q11298031,
Q17195138,
Q2547977,
Q12010830,
Q96240746,
Q11289731,
Q11598388,
Q65255544,
Q12701806,
Q2972156,
Q17212536,
Q136231390,
Q105761114,
Q125200748,
Q124364449,
Q120335876,
Q6527114,
Q20467540,
Q111611113,
Q130266210,
Q85866840,
Q12230618,
Q12690925,
Q10403948,
Q96742318,
Q109328003,
Q97207866,
Q20435191,
Q12690833,
Q124497081,
Q63208448,
Q124639998,
Q11277768,
Q130484436,
Q10543158,
Q13021024,
Q110623145,
Q139804550,
Q135650837,
Q122884424,
Q109357544,
Q116339282,
Q1974547,
Q12084607,
Q65239054,
Q9093194,
Q133730613,
Q121208575,
Q20467875,
Q133873451,
Q22127655,
Q50182252,
Q113536082,
Q20102771,
Q105171920,
Q85874718,
Q20436115,
Q10480806,
Q137914875,
Q127604926,
Q14437951,
Q117435254,
Q20467472,
Q16132433,
Q11594810,
Q22129777,
Q60851623,
Q124486121,
Q96652070,
Q18477288,
Q132127465,
Q68453743,
Q12168209,
Q16052162,
Q75596948,
Q107249065,
Q24838188,
Q4047765,
Q117375729,
Q19365306,
Q106314326,
Q115922990,
Q11276460,
Q9674917,
Q117476940,
Q16698366,
Q115800202,
Q120335709,
Q4156542,
Q106493106,
Q85873691,
Q12361263,
Q11735031,
Q97576847,
Q29842065,
Q136565326,
Q56349536,
Q4317219,
Q106042332,
Q20467708,
Q65260726,
Q10380210,
Q119382819,
Q105008633,
Q16130286,
Q125217705,
Q60133473,
Q98099397,
Q98590293,
Q13147369,
Q124482794,
Q133819442,
Q12653234,
Q120335690,
Q11340117,
Q109312717,
Q96240428,
Q124528254,
Q2957870,
Q124662717,
Q11291310,
Q131604810,
Q13052580,
Q11297942,
Q85853697,
Q110069446,
Q109450463,
Q38276386,
Q124547704,
Q23777473,
Q120556893,
Q105515986,
Q137585142,
Q95692289,
Q125219935,
Q8843705,
Q128868128,
Q115800034,
Q63208530,
Q97664471,
Q11340628,
Q98961667,
Q10699922,
Q1076279,
Q63208470,
Q124497054,
Q135022343,
Q10543835,
Q132801496,
Q12071955,
Q11677510,
Q31273872,
Q97441552,
Q61081105,
Q104657645,
Q131275163,
Q29810604,
Q72581949,
Q137682398,
Q11308960,
Q3962514,
Q9191986,
Q60825508,
Q97277463,
Q109556869,
Q16097107,
Q125253323,
Q124497019,
Q120335557,
Q119382656,
Q5083878,
Q104975576,
Q28678638,
Q130214893,
Q20467619,
Q109362665,
Q109596042,
Q61385478,
Q56345918,
Q11431619,
Q112977055,
Q11464669,
Q12007803,
Q97310773,
Q17192519,
Q19277721,
Q137516213,
Q25424887,
Q125810555,
Q12701267,
Q105986357,
Q137585145,
Q110113934,
Q11991969,
Q110888250,
Q10397752,
Q109601858,
Q130457147,
Q24950509,
Q85980402,
Q124672087,
Q126847422,
Q4289674,
Q104904734,
Q116790653,
Q14623958,
Q109357815,
Q110559893,
Q48942034,
Q50809907,
Q28692575,
Q12525478,
Q122460004,
Q25393853,
Q11343628,
Q125961678,
Q4038765,
Q11573120,
Q2997859,
Q109597914,
Q11372453,
Q105688386,
Q111747319,
Q11306555,
Q106469119,
Q124423646,
Q20467674,
Q4391554,
Q28410287,
Q125200750,
Q117435026,
Q105666505,
Q110270967,
Q65160573,
Q126722223,
Q136717073,
Q121788145,
Q106484471,
Q138609097,
Q110050382,
Q63967254,
Q105433605,
Q13739710,
Q104889383,
Q12594250,
Q3296216,
Q17211829,
Q124528554,
Q65158329,
Q120335523,
Q12141927,
Q124661557,
Q85965898,
Q107336526,
Q11856332,
Q61403113,
Q120335656,
Q116994792,
Q124624867,
Q110069341,
Q11314653,
Q124896794,
Q139494739,
Q20072496,
Q4022900,
Q23787797,
Q120968461,
Q130266501,
Q105839969,
Q109456910,
Q140085143,
Q38705513,
Q12008851,
Q130384442,
Q46083457,
Q17314336,
Q109460479,
Q25392760,
Q116476904,
Q16353599,
Q120335713,
Q132290587,
Q130335693,
Q111721594,
Q98399549,
Q11246018,
Q120280119,
Q9192072,
Q6053429,
Q110453106,
Q25558318,
Q60990546,
Q127856701,
Q11888655,
Q23542784,
Q110114943,
Q11962501,
Q11254833,
Q133286313,
Q87277853,
Q129676657,
Q11230732,
Q106203607,
Q139827124,
Q124896785,
Q16438864,
Q10518147,
Q124896803,
Q18199539,
Q12630042,
Q99519545,
Q131406807,
Q19378837,
Q65264910,
Q113652962,
Q108571673,
Q18234716,
Q65254733,
Q65209837,
Q113531212,
Q12353094,
Q17770933,
Q17499841,
Q16409055,
Q131588657,
Q109411775,
Q104816265,
Q97277669,
Q10869218,
Q98124083,
Q61361110,
Q96309276,
Q50187494,
Q11608620,
Q97363688,
Q106014613,
Q65255655,
Q124482951,
Q134694918,
Q11306662,
Q55534863,
Q118780299,
Q136677049,
Q138667399,
Q106459511,
Q12230609,
Q12498796,
Q139494663,
Q56400684,
Q11312781,
Q12592746,
Q12124432,
Q98456447,
Q119382831,
Q19384857,
Q12737081,
Q12102353,
Q132579265,
Q3726178,
Q104914839,
Q110069605,
Q131178429,
Q138266759,
Q11557216,
Q138781896,
Q107611360,
Q4043268,
Q118921049,
Q11272769,
Q85877656,
Q96621836,
Q65124770,
Q8015228,
Q11994242,
Q4128478,
Q11990453,
Q126118932,
Q117434993,
Q12384085,
Q1636048,
Q135616236,
Q124813090,
Q124312445,
Q21044802,
Q125810608,
Q48780728,
Q65255494,
Q139393964,
Q139907166,
Q11053532,
Q16687614,
Q136334786,
Q16161131,
Q11104661,
Q20106406,
Q20651833,
Q12691008,
Q104819366,
Q19381221,
Q131275551,
Q124896799,
Q12690774,
Q72843260,
Q133799777,
Q4059431,
Q17764295,
Q31358923,
Q109557100,
Q130265503,
Q138455356,
Q12711307,
Q105405805,
Q85280660,
Q16642331,
Q101405525,
Q12614883,
Q104976193,
Q105515367,
Q109357295,
Q11256212,
Q31359667,
Q137439711,
Q12154372,
Q16543375,
Q20105437,
Q123013663,
Q106298078,
Q123259263,
Q25383712,
Q86100815,
Q107407398,
Q131275153,
Q11972655,
Q81044876,
Q2452995,
Q109594712,
Q60988352,
Q109597658,
Q120335586,
Q85864551,
Q136819552,
Q139857700,
Q20467877,
Q24450585,
Q11276100,
Q64691506,
Q110069384,
Q127543117,
Q11660234,
Q3265917,
Q125399839,
Q130641511,
Q13025831,
Q116927508,
Q140237151,
Q60987159,
Q6822253,
Q105673165,
Q12690883,
Q11419486,
Q134778264,
Q110257579,
Q121536337,
Q136296556,
Q120335697,
Q65255529,
Q10269983,
Q106141247,
Q104767216,
Q10520347,
Q65255330,
Q110536361,
Q97818917,
Q18456165,
Q107599413,
Q127856520,
Q21936897,
Q4133028,
Q17190734,
Q121856644,
Q9192038,
Q110300354,
Q125810607,
Q10688804,
Q61115976,
Q2310973,
Q28409074,
Q105710555,
Q11948182,
Q4393716,
Q71322004,
Q124787725,
Q116486377,
Q98194884,
Q19378974,
Q24899856,
Q106576073,
Q65255121,
Q56378490,
Q105064422,
Q2692222,
Q30890216,
Q61750404,
Q97310218,
Q105478943,
Q116918868,
Q11342181,
Q120335556,
Q124639892,
Q109469426,
Q124497065,
Q110069362,
Q102319459,
Q2368764,
Q109554403,
Q115926209,
Q20467531,
Q17227116,
Q11433691,
Q19384810,
Q105452605,
Q56406698,
Q116483877,
Q13025920,
Q110459901,
Q117435310,
Q109357530,
Q18400735,
Q12285526,
Q122956859,
Q114595666,
Q24887937,
Q31185622,
Q12042851,
Q11631674,
Q55504257,
Q4059254,
Q7367832,
Q46960336,
Q124669287,
Q5718323,
Q135249150,
Q127271513,
Q105086836,
Q61139893,
Q17502252,
Q115473492,
Q109596791,
Q6458766,
Q85979954,
Q28686086,
Q128707000,
Q115795205,
Q95078303,
Q18816991,
Q4047023,
Q61065237,
Q4153505,
Q132858680,
Q12690962,
Q102397995,
Q103783510,
Q12501541,
Q21809316,
Q9143141,
Q102157764,
Q12287321,
Q12092808,
Q117847962,
Q1675352,
Q25427595,
Q48701492,
Q12072075,
Q11894071,
Q106543341,
Q61397366,
Q12107103,
Q13026738,
Q85871249,
Q4218543,
Q133287893,
Q17772779,
Q20521434,
Q30239167,
Q107605295,
Q11788092,
Q108839357,
Q85985792,
Q15849427,
Q109415983,
Q116483689,
Q127856778,
Q16329405,
Q99662097,
Q2273716,
Q6699268,
Q20467876,
Q138341795,
Q124497026,
Q3235570,
Q119382821,
Q124423330,
Q86665480,
Q133873439,
Q112173911,
Q19937298,
Q3790396,
Q63523441,
Q85987587,
Q122616107,
Q131859213,
Q28665753,
Q56357620,
Q28685964,
Q133818779,
Q12690754,
Q87362679,
Q111249704,
Q11037499,
Q137585125,
Q56301089,
Q116982124,
Q120335760,
Q104630072,
Q105080790,
Q20467745,
Q120335541,
Q134301295,
Q21639705,
Q123417618,
Q138824561,
Q110069291,
Q106042333,
Q11269065,
Q4053265,
Q136694470,
Q97216690,
Q135478860,
Q11987314,
Q4316010,
Q108790284,
Q11300060,
Q114799821,
Q122235401,
Q11960651,
Q15825100,
Q111363582,
Q16428416,
Q18535520,
Q131621700,
Q11559546,
Q10341777,
Q18689875,
Q122969764,
Q89409338,
Q64004275,
Q6153521,
Q6724709,
Q136030158,
Q124423014,
Q117435263,
Q19277011,
Q105064228,
Q138780181,
Q138036169,
Q112567170,
Q11255953,
Q137160383,
Q10341774,
Q31191524,
Q6459977,
Q12376255,
Q12298123,
Q124497102,
Q122890034,
Q110069509,
Q98438108,
Q12270830,
Q140067223,
Q20467520,
Q110389803,
Q124423697,
Q65235088,
Q19940327,
Q139676834,
Q20070878,
Q124423337,
Q25471283,
Q109413858,
Q136215383,
Q20497072,
Q21576314,
Q16141530,
Q25483939,
Q97173449,
Q61090693,
Q85331337,
Q65255690,
Q97314704,
Q20052735,
Q19740575,
Q120335577,
Q89235119,
Q19382954,
Q12757950,
Q117435219,
Q98431945,
Q16723147,
Q20467524,
Q85967309,
Q11664374,
Q29023844,
Q91232066,
Q120335664,
Q3234531,
Q15943294,
Q11690472,
Q133873464,
Q111604594,
Q131706497,
Q20463696,
Q7368686,
Q115799497,
Q131659691,
Q140044403,
Q124359280,
Q70841369,
Q124477936,
Q109365492,
Q104817370,
Q119382881,
Q120335645,
Q4326930,
Q23708548,
Q137401310,
Q60269711,
Q135244019,
Q19964534,
Q11273617,
Q94087537,
Q113332086,
Q56300466,
Q12690858,
Q124497015,
Q17211599,
Q136100769,
Q131542810,
Q65133777,
Q109321848,
Q139852974,
Q104630104,
Q18377285,
Q1974174,
Q131449880,
Q131703778,
Q136881335,
Q99279724,
Q20467677,
Q112875591,
Q24832199,
Q125810554,
Q124685280,
Q73782675,
Q124423817,
Q12270551,
Q55528521,
Q14411731,
Q117188845,
Q17231272,
Q11283725,
Q138333625,
Q20606337,
Q13026276,
Q11291995,
Q12002098,
Q19376115,
Q109357470,
Q124528373,
Q121411551,
Q65255702,
Q123558443,
Q65229034,
Q119443160,
Q105695278,
Q104967838,
Q85981047,
Q3484540,
Q5071339,
Q72807353,
Q11272860,
Q12595024,
Q12357890,
Q109232499,
Q25460412,
Q11981048,
Q122335310,
Q106155058,
Q138603958,
Q19384620,
Q83875284,
Q54847554,
Q115379940,
Q2860699,
Q11313249,
Q12376176,
Q126095445,
Q3092112,
Q60970843,
Q132778046,
Q2654389,
Q105672850,
Q20074201,
Q117599765,
Q129485036,
Q85967296,
Q120335680,
Q11959337,
Q65255253,
Q85869257,
Q12294994,
Q115116334,
Q25434364,
Q115714624,
Q61107852,
Q4281940,
Q20068313,
Q21704426,
Q12272742,
Q12079257,
Q20467545,
Q11446521,
Q20065722,
Q12873867,
Q110069371,
Q1814282,
Q55736983,
Q48744135,
Q117435003,
Q11692583,
Q24877108,
Q120264223,
Q50844215,
Q11238542,
Q136165246,
Q74667362,
Q97311142,
Q84570455,
Q99889233,
Q106382091,
Q22125420,
Q20450326,
Q135476905,
Q4262168,
Q59397122,
Q116291366,
Q7368558,
Q80635893,
Q65255405,
Q104597553,
Q108405035,
Q126328083,
Q114572336,
Q124751037,
Q60987951,
Q137585131,
Q12690746,
Q12057791,
Q16567080,
Q16139580,
Q24928520,
Q80123178,
Q11888398,
Q61750479,
Q13632869,
Q10341772,
Q138028053,
Q12582824,
Q20467669,
Q4050837,
Q120335596,
Q111721436,
Q11323262,
Q105460857,
Q19297595,
Q20513014,
Q19725728,
Q10853195,
Q124482809,
Q6584368,
Q110069439,
Q16097840,
Q124416444,
Q100453237,
Q104656852,
Q6092516,
Q65273692,
Q1942319,
Q55736997,
Q102157829,
Q16097117,
Q116638597,
Q98082707,
Q97180764,
Q12690713,
Q117440443,
Q136646357,
Q3377493,
Q106472144,
Q11360543,
Q60987770,
Q4218549,
Q124544624,
Q3790082,
Q56347246,
Q12107929,
Q124969266,
Q20467852,
Q131275142,
Q18235095,
Q12298124,
Q2375776,
Q22126797,
Q27973015,
Q85969614,
Q119382675,
Q14942747,
Q25491754,
Q97273423,
Q16351358,
Q85313390,
Q11904325,
Q126948495,
Q12264893,
Q14075336,
Q116166300,
Q11297628,
Q24871415,
Q12690956,
Q124535787,
Q134385333,
Q6657569,
Q10372749,
Q124423717,
Q51784871,
Q123615961,
Q94999896,
Q65232354,
Q138515140,
Q109599510,
Q11352210,
Q136819562,
Q12170318,
Q6537939,
Q11556734,
Q118780261,
Q19393563,
Q111832528,
Q120264679,
Q123703965,
Q85882828,
Q138795281,
Q6852100,
Q121304701,
Q110069240,
Q110069593,
Q137585151,
Q12105726,
Q28683510,
Q11307143,
Q10688388,
Q30936610,
Q70301786,
Q110069610,
Q23837006,
Q5495457,
Q104640267,
Q124423834,
Q96000179,
Q16709763,
Q12690847,
Q106292468,
Q119382867,
Q61367457,
Q109733570,
Q27952048,
Q24058711,
Q11290007,
Q60986722,
Q19392235,
Q18221881,
Q20618063,
Q105451572,
Q72409316,
Q139738015,
Q9397544,
Q104777323,
Q124482960,
Q137585144,
Q38276138,
Q109040507,
Q131275089,
Q13018348,
Q65254905,
Q5735247,
Q136694485,
Q56648481,
Q3791407,
Q124423830,
Q110605283,
Q136694492,
Q137739102,
Q107369822,
Q124097893,
Q117435303,
Q66429698,
Q137775347,
Q86008229,
Q56448766,
Q109358112,
Q12647080,
Q135419224,
Q12345808,
Q132528013,
Q4042538,
Q11690473,
Q84322237,
Q96761113,
Q105754570,
Q125218015,
Q4305900,
Q109459149,
Q108602754,
Q12296768,
Q19842417,
Q11341547,
Q84264456,
Q16139492,
Q11317535,
Q13745064,
Q12690818,
Q131904977,
Q105426929,
Q13025025,
Q134506364,
Q111436777,
Q11190102,
Q117435256,
Q136281959,
Q136799549,
Q39024412,
Q65241679,
Q106289126,
Q30913757,
Q63208489,
Q30081397,
Q124530286,
Q89585963,
Q11373868,
Q96823244,
Q20467477,
Q3355344,
Q16671843,
Q19383042,
Q97213515,
Q120335570,
Q12690839,
Q12009486,
Q109362683,
Q11869641,
Q12690906,
Q109360224,
Q119382792,
Q97197682,
Q1589933,
Q11532261,
Q22123016,
Q124497045,
Q100154095,
Q117857283,
Q135849868,
Q84571333,
Q120335590,
Q1802264,
Q17218429,
Q109423107,
Q24873381,
Q121516029,
Q4055442,
Q50349846,
Q124497041,
Q6828826,
Q115376805,
Q124662782,
Q35076613,
Q128716352,
Q12599340,
Q12691003,
Q63523359,
Q112977056,
Q85966640,
Q11329874,
Q13398705,
Q134988326,
Q105710659,
Q64739410,
Q113252625,
Q41093567,
Q4044656,
Q10865221,
Q1989405,
Q128542930,
Q122761278,
Q61403127,
Q137177073,
Q12071694,
Q18626116,
Q124482936,
Q127513847,
Q131148683,
Q137585158,
Q111089613,
Q6776283,
Q123138846,
Q55285991,
Q11684730,
Q4426350,
Q126878006,
Q10315082,
Q39380439,
Q65255099,
Q109359091,
Q139413505,
Q85871484,
Q122389222,
Q4403238,
Q131275139,
Q12394037,
Q105364080,
Q96745528,
Q883357,
Q12620816,
Q110537630,
Q4303703,
Q12102351,
Q20530530,
Q2497113,
Q105026091,
Q86673202,
Q109367127,
Q1483725,
Q2593315,
Q3228885,
Q97184175,
Q20467698,
Q47080123,
Q11483402,
Q124013956,
Q4403406,
Q111647607,
Q105114481,
Q11449303,
Q18493375,
Q12690706,
Q110245218,
Q12127695,
Q65233240,
Q106916836,
Q131868568,
Q123284465,
Q111043800,
Q11304641,
Q16427497,
Q60825107,
Q2521069,
Q4045219,
Q12407721,
Q48754693,
Q4315774,
Q104531126,
Q136905083,
Q15854842,
Q72203750,
Q5831882,
Q131672934,
Q4370223,
Q110116040,
Q97444789,
Q39043501,
Q119382835,
Q4037454,
Q130550833,
Q11283709,
Q1456758,
Q124741391,
Q138351263,
Q136491197,
Q11430854,
Q28549421,
Q124482950,
Q25490068,
Q9192018,
Q16625165,
Q19729850,
Q11335810,
Q104787744,
Q85965941,
Q102425710,
Q12079057,
Q104575706,
Q65218895,
Q85988873,
Q97216260,
Q11316504,
Q121167545,
Q139780587,
Q4208184,
Q130242565,
Q85224310,
Q96186292,
Q31075325,
Q89429677,
Q117435095,
Q12607845,
Q109549500,
Q6643967,
Q28688467,
Q12796911,
Q131300293,
Q11312694,
Q11222770,
Q10341409,
Q113291860,
Q132822725,
Q12384092,
Q125921583,
Q4099486,
Q135234094,
Q104603352,
Q16710033,
Q12147580,
Q12690897,
Q109445414,
Q16680404,
Q11293942,
Q105754304,
Q122746134,
Q105698284,
Q137166796,
Q97311714,
Q105761389,
Q107245536,
Q4050858,
Q96584305,
Q19384805,
Q4335139,
Q107599522,
Q131481038,
Q12880415,
Q1424169,
Q107347889,
Q13433131,
Q120335646,
Q4037467,
Q56347890,
Q11690483,
Q113324032,
Q48950647,
Q55729373,
Q3600089,
Q123859831,
Q61126291,
Q2580500,
Q60986378,
Q105590281,
Q12690720,
Q11349547,
Q96142744,
Q16643333,
Q98534807,
Q97374253,
Q105459845,
Q56300738,
Q12599837,
Q4342309,
Q2378448,
Q24875459,
Q3231626,
Q138035113,
Q125910766,
Q123186084,
Q13048762,
Q60986509,
Q12590764,
Q106506671,
Q22684972,
Q108274331,
Q48780595,
Q20039338,
Q104640362,
Q106775709,
Q10291715,
Q2240325,
Q107588769,
Q13016227,
Q98431952,
Q124957383,
Q132966849,
Q125810571,
Q48856622,
Q121328056,
Q125171154,
Q101584169,
Q117435131,
Q97303609,
Q107568795,
Q12690945,
Q117303630,
Q20467766,
Q15805804,
Q25380869,
Q128868173,
Q21481734,
Q117435381,
Q12246413,
Q125217703,
Q63208459,
Q106303179,
Q11288990,
Q135220108,
Q11231779,
Q105637036,
Q55662698,
Q20575634,
Q90673932,
Q114563043,
Q109358393,
Q1802257,
Q11498112,
Q12690908,
Q6841652,
Q11327977,
Q12263675,
Q131752560,
Q12572831,
Q124482934,
Q111530409,
Q11356424,
Q115311115,
Q17213996,
Q106092936,
Q4335069,
Q109364847,
Q16129194,
Q122382557,
Q11294245,
Q135682859,
Q104600165,
Q65264123,
Q63078444,
Q120335730,
Q4059187,
Q10308030,
Q118498486,
Q13571405,
Q11960469,
Q11272158,
Q134344651,
Q125810521,
Q61065239,
Q3049821,
Q11020580,
Q133285076,
Q2963043,
Q105532313,
Q84357672,
Q108524481,
Q105742419,
Q96990730,
Q119382624,
Q130681770,
Q9052969,
Q11345061,
Q138980990,
Q20467855,
Q136705985,
Q11482217,
Q137272171,
Q104918807,
Q96192957,
Q104603332,
Q16358362,
Q10269066,
Q124628211,
Q12846558,
Q105492568,
Q114565644,
Q2769570,
Q18535486,
Q13055548,
Q74240077,
Q109601887,
Q12071739,
Q61063936,
Q55528973,
Q19361101,
Q125018292,
Q139974852,
Q16087304,
Q125810566,
Q136350557,
Q55701004,
Q123338763,
Q105502370,
Q13013873,
Q123358868,
Q30879023,
Q18690079,
Q131406600,
Q55504260,
Q110115649,
Q85866936,
Q60840298,
Q96249535,
Q4042047,
Q48750221,
Q65255070,
Q18408682,
Q117435216,
Q135193795,
Q111709680,
Q4081650,
Q11335198,
Q110069557,
Q131350164,
Q20467783,
Q11342780,
Q20467681,
Q11306419,
Q65229734,
Q110865697,
Q61065544,
Q65255060,
Q4036245,
Q137927312,
Q134511369,
Q20467596,
Q2352713,
Q104779064,
Q11523994,
Q109604484,
Q117007087,
Q2358282,
Q22126297,
Q105721729,
Q13024148,
Q99193036,
Q120237866,
Q61403124,
Q3744936,
Q6567928,
Q24865099,
Q31185669,
Q12698614,
Q109362033,
Q97228895,
Q10882957,
Q111709911,
Q31186969,
Q125200747,
Q79798668,
Q106382940,
Q124094142,
Q12690843,
Q30924289,
Q63208497,
Q109598406,
Q3258065,
Q11341250,
Q18915654,
Q110536386,
Q25445067,
Q97216666,
Q11561832,
Q89580375,
Q19392809,
Q115570926,
Q131144717,
Q115362689,
Q55531693,
Q139964629,
Q22124880,
Q136768042,
Q105659508,
Q10341411,
Q31304218,
Q9060035,
Q127018677,
Q117459950,
Q138391362,
Q30922755,
Q84703445,
Q63208536,
Q10695769,
Q11306289,
Q4422113,
Q114311886,
Q2216436,
Q131154679,
Q104904075,
Q124671994,
Q7348380,
Q16912129,
Q30889143,
Q9143119,
Q124423448,
Q136374882,
Q20480774,
Q71691941,
Q97640784,
Q106188977,
Q17213440,
Q55832343,
Q13654823,
Q85865172,
Q11247407,
Q28701654,
Q135650309,
Q124423778,
Q17220710,
Q22928623,
Q120636137,
Q114409619,
Q105391094,
Q106625701,
Q125448194,
Q4047392,
Q114372388,
Q4049945,
Q12690497,
Q131275198,
Q124482810,
Q11307067,
Q5660082,
Q85985815,
Q12690733,
Q96694538,
Q124497037,
Q104819344,
Q105723990,
Q96694496,
Q110069383,
Q13146825,
Q8207104,
Q109546054,
Q2080758,
Q28683336,
Q78476732,
Q105531028,
Q130142820,
Q13018334,
Q56327362,
Q113272234,
Q4036854,
Q1242058,
Q87191210,
Q16140940,
Q104886332,
Q12273923,
Q28146729,
Q21427719,
Q120335726,
Q65255432,
Q124352368,
Q122966277,
Q16377134,
Q11649200,
Q28057195,
Q16098073,
Q124552974,
Q106578567,
Q109315884,
Q85966011,
Q20467892,
Q105620809,
Q97206901,
Q137541482,
Q16097024,
Q133799661,
Q110069390,
Q110114388,
Q12337822,
Q120335747,
Q3045692,
Q30924862,
Q11415180,
Q107615899,
Q111902526,
Q127856648,
Q134031071,
Q96969090,
Q136431984,
Q112334169,
Q12684055,
Q134506353,
Q2256642,
Q124250950,
Q109546368,
Q12718803,
Q11387155,
Q39544979,
Q56374333,
Q19380145,
Q4028111,
Q11349939,
Q17209479,
Q11340915,
Q10851701,
Q137210063,
Q130726100,
Q4050483,
Q6024747,
Q18043240,
Q12376506,
Q6990487,
Q134954246,
Q122196227,
Q107700541,
Q124414568,
Q85882257,
Q11316074,
Q119382827,
Q111209003,
Q11311781,
Q65173587,
Q97376170,
Q132753112,
Q12167085,
Q11312182,
Q4205359,
Q15825122,
Q29789851,
Q31273870,
Q12277996,
Q11622368,
Q11444731,
Q20614929,
Q12167601,
Q117435247,
Q109311467,
Q133873459,
Q109365177,
Q16129143,
Q117858289,
Q110069566,
Q16422120,
Q63208537,
Q13406972,
Q124423680,
Q107595806,
Q121506808,
Q120335721,
Q3324764,
Q97206308,
Q139781893,
Q48866557,
Q23888537,
Q10372723,
Q21559471,
Q86744382,
Q20467529,
Q74241368,
Q66777792,
Q19383976,
Q123385787,
Q115625468,
Q61069741,
Q11578081,
Q11723737,
Q65254935,
Q109838215,
Q20467617,
Q97222982,
Q115923389,
Q12368953,
Q12123726,
Q12691005,
Q16530771,
Q12717252,
Q65246669,
Q135403562,
Q124482938,
Q12008502,
Q131443845,
Q109602216,
Q120335689,
Q134028737,
Q55525196,
Q20467785,
Q20101843,
Q11772532,
Q105686931,
Q11631379,
Q138208315,
Q6611932,
Q25558272,
Q109363819,
Q110069631,
Q11331656,
Q11890795,
Q27890680,
Q118391035,
Q139852972,
Q4211513,
Q115858809,
Q11284433,
Q124482959,
Q4428249,
Q124482929,
Q4843508,
Q2323277,
Q117435314,
Q4033513,
Q110069643,
Q136088047,
Q18564448,
Q131275143,
Q1816300,
Q68917026,
Q124423356,
Q15839827,
Q133852806,
Q11381697,
Q13015359,
Q65202558,
Q117435080,
Q17213067,
Q124070333,
Q11276399,
Q12384090,
Q11866395,
Q3952162,
Q4322423,
Q140077981,
Q117435267,
Q138848739,
Q117435050,
Q123195427,
Q131423758,
Q135228473,
Q22084478,
Q65241463,
Q11334118,
Q127856695,
Q20467826,
Q135284431,
Q122329554,
Q104531497,
Q37578412,
Q24864587,
Q96271331,
Q10958848,
Q106545677,
Q117562606,
Q105488159,
Q1469257,
Q11295906,
Q20944322,
Q97316583,
Q98398776,
Q63798506,
Q106448596,
Q11306655,
Q1125972,
Q124640210,
Q11230912,
Q60987199,
Q91019903,
Q11578156,
Q105076681,
Q131275150,
Q110069607,
Q124812302,
Q48839107,
Q11924744,
Q96610957,
Q134993326,
Q65295176,
Q11346369,
Q4423013,
Q133730020,
Q61000442,
Q110115868,
Q1711365,
Q61061073,
Q137585150,
Q11799219,
Q104739022,
Q11690460,
Q104778762,
Q12376434,
Q11466940,
Q3981266,
Q12690673,
Q109601760,
Q20042162,
Q85874231,
Q17750180,
Q127594624,
Q93117195,
Q11269062,
Q61136226,
Q106757473,
Q136557365,
Q110069301,
Q12029926,
Q131681765,
Q97365226,
Q61397691,
Q11904329,
Q20513214,
Q5788740,
Q16400291,
Q123437828,
Q10385623,
Q56352676,
Q17225592,
Q110394020,
Q11317507,
Q123754559,
Q117435295,
Q12683646,
Q55599673,
Q117531824,
Q63208465,
Q1718899,
Q65251944,
Q56358889,
Q12690671,
Q12690938,
Q11251325,
Q16711362,
Q12351180,
Q117435020,
Q109361811,
Q12742558,
Q65252049,
Q4536583,
Q1988744,
Q124671640,
Q16162355,
Q9674722,
Q56300430,
Q22100642,
Q126722123,
Q61113684,
Q122732488,
Q110262857,
Q131406831,
Q110294997,
Q65132944,
Q112764605,
Q61059688,
Q10341652,
Q7368581,
Q97312547,
Q16352176,
Q73137203,
Q60830653,
Q104879255,
Q117338213,
Q125212031,
Q109601716,
Q17192186,
Q136458199,
Q97342179,
Q2353366,
Q112861899,
Q105637058,
Q11976939,
Q107599802,
Q2760656,
Q4159839,
Q126120210,
Q4412518,
Q30092906,
Q4042669,
Q136468735,
Q3478467,
Q65132889,
Q4419923,
Q56407032,
Q27917111,
Q17761125,
Q105335788,
Q13020270,
Q139267379,
Q27953287,
Q139682305,
Q110069359,
Q105673097,
Q109313870,
Q12685333,
Q85880319,
Q111304035,
Q85869045,
Q105542398,
Q57207356,
Q61107940,
Q130324330,
Q12483051,
Q18690195,
Q11271511,
Q4059638,
Q9192009,
Q11567572,
Q122181951,
Q20916354,
Q119382864,
Q107103203,
Q16386341,
Q139087159,
Q85880142,
Q11288645,
Q30086575,
Q20467734,
Q110118009,
Q65255064,
Q11342037,
Q56354188,
Q107615454,
Q69366401,
Q15808967,
Q130572252,
Q11325385,
Q106546575,
Q10663748,
Q85951559,
Q115322797,
Q11413175,
Q126911870,
Q12384087,
Q135089769,
Q120335880,
Q97179644,
Q105672810,
Q4334573,
Q20082117,
Q4047901,
Q61064487,
Q4373699,
Q116540678,
Q15847655,
Q101064605,
Q28026387,
Q2325115,
Q4218903,
Q4126921,
Q139891677,
Q125944839,
Q4053576,
Q3693307,
Q12349873,
Q117435043,
Q61390345,
Q126336076,
Q63208482,
Q12521268,
Q16691991,
Q125187387,
Q28677697,
Q1999316,
Q20467517,
Q12074518,
Q4370283,
Q117435068,
Q17216947,
Q110069330,
Q12160350,
Q11712102,
Q3074448,
Q10372715,
Q12682050,
Q125810538,
Q120279257,
Q97959362,
Q48702369,
Q95612329,
Q137465740,
Q136802293,
Q1205951,
Q20467793,
Q11327233,
Q12600890,
Q125200749,
Q11524358,
Q25480186,
Q4408354,
Q21019499,
Q105114251,
Q69072887,
Q112183168,
Q65408027,
Q108460566,
Q106574527,
Q137655923,
Q134688811,
Q12605347,
Q136694455,
Q12332362,
Q12042777,
Q12690870,
Q63208538,
Q6835536,
Q110069586,
Q109361687,
Q11965380,
Q15976221,
Q9336591,
Q124482941,
Q7368705,
Q4517755,
Q13053541,
Q107611213,
Q113651477,
Q4083671,
Q12107468,
Q97754473,
Q4424332,
Q130246241,
Q124678754,
Q104551096,
Q28691364,
Q3693905,
Q110463213,
Q109456931,
Q113972060,
Q138795858,
Q20467503,
Q12605473,
Q13103838,
Q12690783,
Q4043457,
Q1233621,
Q15854189,
Q20048679,
Q53866592,
Q136694471,
Q10612974,
Q117435262,
Q99464905,
Q19888861,
Q97311965,
Q115153038,
Q16139447,
Q5984482,
Q115864858,
Q56405553,
Q124444559,
Q109369255,
Q113553669,
Q124790473,
Q109364640,
Q11678811,
Q124641094,
Q66969006,
Q138943586,
Q10658833,
Q25668086,
Q107750636,
Q123165783,
Q110772331,
Q107580222,
Q17750644,
Q124647149,
Q3693834,
Q105199550,
Q137806606,
Q138642078,
Q124483340,
Q105845599,
Q22677576,
Q135992003,
Q91467192,
Q125361382,
Q123186092,
Q43903969,
Q124740819,
Q12745992,
Q100757389,
Q12271278,
Q117456093,
Q109469917,
Q109369491,
Q12681193,
Q106467082,
Q11460063,
Q16097151,
Q11665569,
Q92472713,
Q85979404,
Q20467704,
Q106545661,
Q124968970,
Q97230022,
Q118224824,
Q104538920,
Q20979835,
Q86687083,
Q137315052,
Q47069751,
Q12408488,
Q105037894,
Q9390295,
Q109806963,
Q12690976,
Q105672760,
Q11259514,
Q110115541,
Q11831673,
Q98437601,
Q12506278,
Q124613449,
Q16693773,
Q19390998,
Q29152665,
Q104783328,
Q124253642,
Q11301843,
Q108756879,
Q97353060,
Q11625634,
Q12690965,
Q85866821,
Q127856614,
Q106994170,
Q11326605,
Q4132929,
Q124726035,
Q134345148,
Q23869916,
Q106545340,
Q11322245,
Q2972173,
Q28688457,
Q61063632,
Q48809590,
Q111210154,
Q131406988,
Q137041802,
Q30924242,
Q109365778,
Q97575677,
Q30975189,
Q11479754,
Q9346166,
Q124497021,
Q15803892,
Q20467487,
Q18088368,
Q6052380,
Q136841082,
Q109045155,
Q11968459,
Q12690882,
Q119382772,
Q131275106,
Q72966089,
Q115470766,
Q120335555,
Q12690723,
Q125808740,
Q61107917,
Q3641149,
Q11253001,
Q18689870,
Q4053955,
Q12108360,
Q1711329,
Q135541688,
Q11630381,
Q104624079,
Q61750387,
Q117847957,
Q107615684,
Q110069279,
Q19376605,
Q106543863,
Q78055448,
Q125937396,
Q110115522,
Q117088468,
Q85864046,
Q11312152,
Q128868194,
Q23668258,
Q121914174,
Q133822196,
Q131648951,
Q10659368,
Q131608475,
Q85869625,
Q132131698,
Q109460961,
Q138818320,
Q13026056,
Q130737828,
Q11324969,
Q49967019,
Q1711405,
Q25379394,
Q16061598,
Q117434971,
Q3490328,
Q16687388,
Q107636275,
Q11799212,
Q86743708,
Q4043865,
Q124641832,
Q106840437,
Q96026687,
Q5890875,
Q2530623,
Q125018251,
Q61059089,
Q25436695,
Q128868104,
Q28683988,
Q138034659,
Q20082460,
Q112156888,
Q17217518,
Q131275116,
Q124531017,
Q28003660,
Q10661250,
Q133853186,
Q124615731,
Q106728332,
Q96969205,
Q1362165,
Q120335887,
Q13018342,
Q56353869,
Q16097166,
Q137585140,
Q2464818,
Q11121317,
Q4191544,
Q105554412,
Q22340349,
Q135677365,
Q20529704,
Q64739803,
Q131275455,
Q18235582,
Q12127639,
Q97376271,
Q97197581,
Q116937196,
Q124957756,
Q12239140,
Q19384584,
Q85967254,
Q1199539,
Q11476969,
Q96942497,
Q51882970,
Q16486749,
Q136324219,
Q12690687,
Q11347675,
Q135877128,
Q113277423,
Q95962322,
Q4051306,
Q65150746,
Q138515098,
Q119443097,
Q2062933,
Q121322389,
Q107245229,
Q12592765,
Q123989320,
Q56294814,
Q106322050,
Q119382639,
Q104542794,
Q11345633,
Q61063848,
Q107411020,
Q137294926,
Q100751451,
Q12874055,
Q10710238,
Q105516047,
Q124444633,
Q24873875,
Q12711516,
Q131275100,
Q11721348,
Q85883645,
Q65238426,
Q120335560,
Q4279713,
Q127856705,
Q113989746,
Q124740775,
Q12683324,
Q126972624,
Q118641088,
Q18701198,
Q11269921,
Q85984574,
Q85866105,
Q12104269,
Q109362712,
Q74146941,
Q99801411,
Q46640506,
Q125744638,
Q12697905,
Q97311443,
Q20444716,
Q115639519,
Q4049211,
Q109469924,
Q131363875,
Q19392586,
Q118235642,
Q139545434,
Q11304173,
Q11572005,
Q65408467,
Q105009508,
Q12606787,
Q1802258,
Q30935799,
Q132057828,
Q117051347,
Q126453700,
Q136893051,
Q93514067,
Q43081587,
Q124425483,
Q11663783,
Q61982511,
Q136694446,
Q117482172,
Q11350777,
Q11304608,
Q97182791,
Q2217612,
Q17233085,
Q97342243,
Q11507867,
Q56062637,
Q105390115,
Q97310792,
Q38279104,
Q2123776,
Q11296649,
Q20467872,
Q13632871,
Q139401115,
Q125794330,
Q4315159,
Q118287269,
Q65228785,
Q76288332,
Q10320190,
Q15437377,
Q10680541,
Q97103972,
Q116460071,
Q117189126,
Q118985576,
Q6535622,
Q1728163,
Q108569945,
Q11471318,
Q9192027,
Q7368700,
Q78858200,
Q13024441,
Q24940971,
Q21019477,
Q127432709,
Q12624679,
Q104603370,
Q11508637,
Q119382643,
Q120335729,
Q3623996,
Q11231107,
Q11309494,
Q117435288,
Q124150702,
Q11346568,
Q85988426,
Q96652637,
Q4364780,
Q12595251,
Q20053763,
Q135926719,
Q894337,
Q21193065,
Q133803116,
Q70328494,
Q106491344,
Q111685968,
Q85880109,
Q111039304,
Q109357189,
Q12003393,
Q137264702,
Q113471386,
Q20467593,
Q73296010,
Q110069454,
Q15957050,
Q4271295,
Q105529418,
Q3424737,
Q63136405,
Q767760,
Q16420373,
Q125810562,
Q128868085,
Q117359875,
Q124483525,
Q22127296,
Q2917072,
Q127856691,
Q11539087,
Q16632216,
Q98641246,
Q5978887,
Q110069332,
Q18624249,
Q24341698,
Q11291236,
Q11373309,
Q25409619,
Q106545981,
Q11306797,
Q20113133,
Q107599903,
Q110896288,
Q21825346,
Q61388993,
Q55526251,
Q56357760,
Q10681304,
Q125810558,
Q10394892,
Q63208510,
Q24960122,
Q121291806,
Q109357826,
Q125200739,
Q16171179,
Q104914748,
Q124482812,
Q85874184,
Q134506363,
Q20104088,
Q136202537,
Q11664202,
Q15818493,
Q109365172,
Q96966998,
Q136221858,
Q109456935,
Q127795014,
Q1711332,
Q73383443,
Q4279985,
Q48941476,
Q18603781,
Q116758216,
Q105530413,
Q131654911,
Q97206561,
Q111703599,
Q30127665,
Q138036159,
Q10688431,
Q13025720,
Q20070954,
Q116970070,
Q114206988,
Q12690822,
Q85987687,
Q16143918,
Q137384994,
Q1867157,
Q12691025,
Q104667000,
Q11313627,
Q130381936,
Q110069501,
Q124640189,
Q117435309,
Q31273873,
Q16487949,
Q63208541,
Q120335589,
Q109043304,
Q61107955,
Q13027546,
Q110413505,
Q127856527,
Q127856522,
Q120335610,
Q25446106,
Q11505395,
Q17176874,
Q106604021,
Q10922190,
Q109469903,
Q12277970,
Q6621648,
Q118780617,
Q11492915,
Q11345560,
Q1217275,
Q65254874,
Q131275194,
Q6745904,
Q4526100,
Q4344978,
Q12690844,
Q136514090,
Q135285192,
Q12690856,
Q11272455,
Q30526976,
Q13016392,
Q139806284,
Q12882132,
Q107596336,
Q107640718,
Q56353011,
Q12080884,
Q11747930,
Q118947729,
Q119382653,
Q19398433,
Q105037876,
Q124482944,
Q124653640,
Q120600930,
Q117615741,
Q97206389,
Q117434979,
Q25565906,
Q65391810,
Q21662228,
Q124324504,
Q12682435,
Q4252645,
Q108134681,
Q118109106,
Q10371028,
Q107611389,
Q12072306,
Q25509450,
Q11629741,
Q124740926,
Q12690957,
Q11305928,
Q2783765,
Q13188618,
Q109649949,
Q5871966,
Q55726658,
Q3726179,
Q12295117,
Q128868152,
Q20467748,
Q5990459,
Q19712882,
Q11446539,
Q117024920,
Q124896796,
Q20077392,
Q16161965,
Q11331468,
Q109970763,
Q12690816,
Q12521197,
Q63208512,
Q109362970,
Q104603341,
Q117231311,
Q20614254,
Q65966664,
Q107596190,
Q12292155,
Q118416144,
Q113332152,
Q91088722,
Q11607257,
Q137369678,
Q2007067,
Q117435305,
Q22128559,
Q106298751,
Q3157597,
Q20467743,
Q118849314,
Q112845220,
Q50214529,
Q65132957,
Q9646015,
Q20467839,
Q118291160,
Q137885603,
Q127856494,
Q120335702,
Q124968949,
Q3011523,
Q26358315,
Q135902482,
Q87769150,
Q11991341,
Q4053590,
Q105672906,
Q12655516,
Q20066931,
Q2655659,
Q22131800,
Q4139923,
Q106333906,
Q65163893,
Q124483451,
Q12263929,
Q3486353,
Q12010008,
Q65237666,
Q138509968,
Q135403808,
Q28719343,
Q136945773,
Q116778789,
Q109682741,
Q84358850,
Q65143553,
Q131449917,
Q124663251,
Q2593388,
Q4113674,
Q19382509,
Q115611209,
Q2380370,
Q135037756,
Q135451003,
Q117435047,
Q12690717,
Q116209595,
Q121033855,
Q20467584,
Q107003415,
Q12271317,
Q120335895,
Q117434962,
Q107133615,
Q104978620,
Q113589105,
Q16654286,
Q20467684,
Q11474439,
Q16517176,
Q128868087,
Q112945230,
Q43968592,
Q4042648,
Q97013572,
Q125018669,
Q99541267,
Q138034634,
Q70874567,
Q110638125,
Q5852955,
Q85868798,
Q110069579,
Q20551691,
Q21644418,
Q137709270,
Q13055551,
Q122925339,
Q95692093,
Q94246962,
Q13053540,
Q22124233,
Q105426828,
Q11269459,
Q131935323,
Q24836887,
Q22131787,
Q105541243,
Q136296495,
Q56313354,
Q56300429,
Q98446211,
Q106869756,
Q9284886,
Q12230626,
Q106376084,
Q107691523,
Q131781625,
Q131275162,
Q131275133,
Q12690688,
Q124641510,
Q3820950,
Q12688040,
Q16097332,
Q127856723,
Q124626014,
Q104787731,
Q20467752,
Q11400325,
Q115940209,
Q17459693,
Q109365974,
Q138571558,
Q12085241,
Q81437648,
Q11862123,
Q18663130,
Q11690491,
Q111051215,
Q65268669,
Q28667592,
Q120335892,
Q6171930,
Q136747591,
Q126002280,
Q97212702,
Q105980453,
Q111518106,
Q3640764,
Q61089046,
Q117435371,
Q20043041,
Q106598374,
Q12690914,
Q65405179,
Q116621565,
Q124683566,
Q9184455,
Q17164551,
Q4053611,
Q7368546,
Q105037936,
Q107603422,
Q107435296,
Q9018595,
Q114804962,
Q127856652,
Q19392280,
Q104986112,
Q3231242,
Q56300513,
Q97160193,
Q13014899,
Q11971358,
Q60985449,
Q124497099,
Q111629462,
Q99541268,
Q120335657,
Q134506361,
Q137180948,
Q11309902,
Q11331601,
Q63208450,
Q6171951,
Q106766055,
Q61107930,
Q124813131,
Q12683250,
Q128412762,
Q9360587,
Q11310313,
Q17032268,
Q18549813,
Q117435337,
Q106069502,
Q128868138,
Q12835956,
Q104119057,
Q117435073,
Q122675934,
Q120335508,
Q116453565,
Q61062924,
Q112687836,
Q12690704,
Q38277112,
Q97184179,
Q56426126,
Q12270940,
Q12690808,
Q30922477,
Q819876,
Q1957337,
Q109652204,
Q11854903,
Q134028398,
Q12690771,
Q136202521,
Q12778493,
Q16188901,
Q61070668,
Q109469434,
Q124482978,
Q97194596,
Q104530814,
Q137946045,
Q11816986,
Q120335720,
Q9160312,
Q124423165,
Q139393966,
Q12625207,
Q65295332,
Q22129411,
Q127856492,
Q11497133,
Q20103882,
Q1911826,
Q2795072,
Q25489171,
Q65181361,
Q119382863,
Q109597759,
Q120986991,
Q18694428,
Q124497070,
Q124662698,
Q133053664,
Q28684538,
Q116481371,
Q133249764,
Q1963986,
Q109360530,
Q18336680,
Q4026820,
Q20105220,
Q31188075,
Q104597420,
Q105237217,
Q97613595,
Q85985921,
Q11446787,
Q106917805,
Q12600805,
Q124662720,
Q63208498,
Q4308016,
Q120335731,
Q78811528,
Q110069448,
Q124497085,
Q109414484,
Q124528651,
Q12080867,
Q85114045,
Q65254817,
Q16430528,
Q45910616,
Q119382618,
Q10548028,
Q84432238,
Q11437249,
Q125298904,
Q24192102,
Q85871738,
Q4187016,
Q20461027,
Q10547588,
Q17230860,
Q11958611,
Q65237936,
Q12607693,
Q11301234,
Q119084075,
Q12638361,
Q13918308,
Q65210772,
Q124476853,
Q4033597,
Q90871840,
Q12075491,
Q4038413,
Q109361268,
Q50396944,
Q104816254,
Q112895007,
Q12682717,
Q18426407,
Q16140575,
Q124969468,
Q20165417,
Q91223339,
Q10372709,
Q81970404,
Q12690831,
Q117435010,
Q104804856,
Q133286143,
Q12690987,
Q97925346,
Q124896787,
Q56378415,
Q18041758,
Q123579373,
Q124338985,
Q110402272,
Q22121617,
Q124472975,
Q12690797,
Q13035662,
Q117735874,
Q125810605,
Q96180438,
Q139943336,
Q107370665,
Q66004742,
Q104299447,
Q97311797,
Q28668991,
Q15938540,
Q136694480,
Q109597709,
Q11431631,
Q106328847,
Q61107905,
Q12690823,
Q20467815,
Q120599498,
Q111975764,
Q12239115,
Q9099079,
Q124625015,
Q16695819,
Q137385750,
Q4059194,
Q120335548,
Q65264194,
Q105089866,
Q4109516,
Q106546817,
Q1044130,
Q115957163,
Q136705597,
Q2459800,
Q123348158,
Q105433289,
Q15714523,
Q108689295,
Q105488112,
Q139595910,
Q11313690,
Q137394335,
Q20467570,
Q97216076,
Q116967269,
Q11362058,
Q11597395,
Q98400263,
Q18648267,
Q110069441,
Q10429627,
Q120335515,
Q12690800,
Q136352148,
Q11342503,
Q12351144,
Q12690869,
Q109364802,
Q85873406,
Q136514146,
Q11278610,
Q4227892,
Q14752122,
Q12142958,
Q110069260,
Q97175721,
Q118780272,
Q120527379,
Q122205454,
Q20501122,
Q110820533,
Q24868635,
Q110662386,
Q127856791,
Q86689634,
Q109361358,
Q98431954,
Q138659247,
Q12376431,
Q18336681,
Q13026685,
Q127020957,
Q11325577,
Q117685585,
Q56305544,
Q4053108,
Q12169599,
Q63208455,
Q42378462,
Q130556929,
Q24863074,
Q11306467,
Q12470996,
Q55522003,
Q120335634,
Q11342011,
Q28147019,
Q12304634,
Q119382613,
Q11285296,
Q85971920,
Q124662909,
Q108687217,
Q109603923,
Q134506356,
Q65242686,
Q113550502,
Q87416642,
Q117847640,
Q11397817,
Q97289309,
Q139860457,
Q107589190,
Q12302782,
Q120335718,
Q4292431,
Q63208535,
Q109117355,
Q105424106,
Q121085929,
Q12690871,
Q12688154,
Q125341701,
Q132656177,
Q114670785,
Q134521391,
Q97311511,
Q56353725,
Q11351257,
Q100378947,
Q136721701,
Q11369894,
Q15729993,
Q119999969,
Q12151399,
Q13866623,
Q131275189,
Q61375127,
Q48750180,
Q11591207,
Q9071216,
Q62998912,
Q104829458,
Q12074503,
Q103834007,
Q20053304,
Q98082751,
Q124971222,
Q136694473,
Q20606287,
Q5747777,
Q114397659,
Q126164373,
Q16536685,
Q97209882,
Q11337991,
Q124640554,
Q124482800,
Q13105035,
Q25464552,
Q110739795,
Q131676249,
Q4206594,
Q106746959,
Q127856741,
Q97274191,
Q85857905,
Q84347447,
Q65171027,
Q131275191,
Q19381214,
Q63523819,
Q5171007,
Q117435363,
Q9632513,
Q139718717,
Q91020216,
Q12396372,
Q11612236,
Q131758220,
Q106419781,
Q104879462,
Q60996303,
Q20551571,
Q25430180,
Q20066076,
Q78927669,
Q61363836,
Q64334558,
Q11504492,
Q123179739,
Q1802261,
Q11666664,
Q1957180,
Q114608908,
Q22127088,
Q12690992,
Q24294839,
Q105047427,
Q117435110,
Q12690679,
Q98446510,
Q132892058,
Q4700868,
Q20467867,
Q5804268,
Q110069590,
Q16097883,
Q11915588,
Q11350747,
Q105200071,
Q136533009,
Q12595461,
Q104829483,
Q124685289,
Q125364863,
Q134720371,
Q30926136,
Q25436316,
Q114151865,
Q136349378,
Q138736700,
Q110115035,
Q63208504,
Q121917696,
Q12354328,
Q3355257,
Q117435124,
Q120478308,
Q5700408,
Q10331304,
Q16413211,
Q48702573,
Q15635240,
Q11442431,
Q110069267,
Q106983719,
Q136747548,
Q12685925,
Q9191972,
Q12497347,
Q18238463,
Q123415100,
Q61126654,
Q133874331,
Q104829594,
Q11523982,
Q106463343,
Q107734469,
Q12621136,
Q17215396,
Q100410248,
Q12593735,
Q20467928,
Q12582426,
Q56300760,
Q88996619,
Q13212304,
Q127856563,
Q12690969,
Q24175544,
Q4217682,
Q65260310,
Q11549983,
Q104597486,
Q105395936,
Q137757657,
Q11250603,
Q4018760,
Q112171829,
Q65255204,
Q61747665,
Q25464253,
Q892699,
Q65241991,
Q65250824,
Q63456539,
Q12071925,
Q140319769,
Q116052913,
Q90716611,
Q136956763,
Q97363894,
Q21655217,
Q109040574,
Q1905999,
Q1500712,
Q131275149,
Q85318394,
Q65254736,
Q20467467,
Q17191093,
Q97341841,
Q138035324,
Q84362331,
Q61389073,
Q123759254,
Q4418277,
Q124482806,
Q1116200,
Q12699213,
Q123413715,
Q11297133,
Q108675049,
Q138747942,
Q134506374,
Q111630912,
Q12690903,
Q85864836,
Q124641227,
Q17994277,
Q109414502,
Q9664610,
Q113173696,
Q110069451,
Q65166128,
Q136389778,
Q11489445,
Q124497049,
Q12681823,
Q97006909,
Q63208517,
Q4042639,
Q16139490,
Q117435372,
Q139470810,
Q121298076,
Q109456925,
Q30927807,
Q11331532,
Q2617311,
Q61065290,
Q124795889,
Q9195427,
Q48858601,
Q125810546,
Q97198241,
Q22127966,
Q28686353,
Q104620929,
Q7368567,
Q4441581,
Q2744171,
Q97366181,
Q4086210,
Q28678626,
Q126724895,
Q2545729,
Q4030595,
Q124482792,
Q124411932,
Q3693907,
Q124482972,
Q16721605,
Q24574407,
Q11543480,
Q11306554,
Q24867255,
Q105547617,
Q61081108,
Q9184499,
Q106468796,
Q65233088,
Q9601481,
Q117435375,
Q107593597,
Q4164239,
Q12072054,
Q122903609,
Q104811012,
Q25385494,
Q65255670,
Q113623434,
Q112109892,
Q19826062,
Q1711282,
Q100621714,
Q12621465,
Q140356503,
Q16169230,
Q120403408,
Q1881607,
Q11346973,
Q3520470,
Q2030307,
Q19391730,
Q24229282,
Q11266863,
Q120335744,
Q104699134,
Q106522276,
Q117435287,
Q65260006,
Q120335643,
Q22100830,
Q85978744,
Q117288446,
Q11640344,
Q7368730,
Q11501077,
Q117435066,
Q12690763,
Q117435049,
Q11349269,
Q11495134,
Q105728658,
Q91112084,
Q9191994,
Q122682199,
Q117434965,
Q21641449,
Q12683011,
Q131760276,
Q12690770,
Q110739718,
Q111037587,
Q112574272,
Q25431538,
Q110069327,
Q133799791,
Q97954033,
Q11282327,
Q17625109,
Q9593432,
Q105528839,
Q11444652,
Q48702044,
Q20106422,
Q11302786,
Q10476990,
Q11328659,
Q11635821,
Q97171098,
Q3693824,
Q104889187,
Q2918704,
Q1711401,
Q120335629,
Q11302199,
Q63208513,
Q130266073,
Q85881602,
Q20008289,
Q114716586,
Q119382692,
Q136532352,
Q11333804,
Q20480850,
Q12411053,
Q6672083,
Q110069527,
Q19612755,
Q4054841,
Q139498969,
Q106376812,
Q115037446,
Q11563405,
Q3290181,
Q4412981,
Q12593890,
Q11492716,
Q6080249,
Q134484510,
Q85999924,
Q3400421,
Q120335618,
Q98446219,
Q16614080,
Q135849869,
Q15925479,
Q120335599,
Q27972338,
Q135314992,
Q70876297,
Q3896115,
Q124663213,
Q136694441,
Q59566538,
Q122920477,
Q101094338,
Q12063008,
Q20070573,
Q105953500,
Q65289100,
Q131411252,
Q134505167,
Q125187873,
Q24862474,
Q11872852,
Q11799209,
Q124661622,
Q112567325,
Q97201231,
Q116452890,
Q3693850,
Q11337036,
Q134604160,
Q65250520,
Q11284237,
Q110051825,
Q117858304,
Q125343269,
Q132022063,
Q83640728,
Q117353235,
Q17233051,
Q105171923,
Q109540349,
Q105550814,
Q114959338,
Q103056661,
Q133502168,
Q12087746,
Q124530579,
Q20063213,
Q124377678,
Q16177190,
Q136331900,
Q105552250,
Q136140402,
Q54820307,
Q21082023,
Q11282412,
Q60986303,
Q7367839,
Q131275097,
Q10846512,
Q12343263,
Q12009536,
Q61055783,
Q124423430,
Q20042515,
Q28678403,
Q79981815,
Q11306654,
Q110069373,
Q16405413,
Q116687614,
Q12355419,
Q61404583,
Q24897875,
Q11540426,
Q15836003,
Q20467624,
Q100944814,
Q124669401,
Q114760144,
Q11261741,
Q124482782,
Q48759704,
Q124477910,
Q131275193,
Q111685905,
Q6498713,
Q20107287,
Q12690802,
Q117435112,
Q119382855,
Q105840000,
Q104642834,
Q25468796,
Q89409326,
Q25438589,
Q20736892,
Q16438858,
Q131275127,
Q111555092,
Q760553,
Q11376721,
Q124497064,
Q11548570,
Q109599685,
Q4439536,
Q11297342,
Q109357278,
Q117857277,
Q93967880,
Q6130943,
Q110072317,
Q3657729,
Q92174158,
Q98535588,
Q12104295,
Q10441045,
Q65392685,
Q138358772,
Q117435083,
Q11334265,
Q105450778,
Q55522104,
Q2201411,
Q97699753,
Q4329391,
Q110069443,
Q10393644,
Q135274605,
Q137585139,
Q6604523,
Q56409228,
Q12290985,
Q124639979,
Q2691321,
Q4344660,
Q113481623,
Q4236550,
Q124552788,
Q60050186,
Q117435053,
Q16720120,
Q20467559,
Q12289321,
Q112176327,
Q18460386,
Q12372618,
Q4245887,
Q56356128,
Q60452088,
Q108701762,
Q105672955,
Q74240649,
Q134376287,
Q47109525,
Q121616420,
Q131840131,
Q19387407,
Q106483531,
Q127856736,
Q104642090,
Q110204981,
Q124423488,
Q109390363,
Q17175309,
Q12711797,
Q105658295,
Q12599336,
Q97311542,
Q11314055,
Q139586671,
Q136912544,
Q65284079,
Q116961450,
Q12382616,
Q131406832,
Q5697049,
Q94961399,
Q105099880,
Q125375175,
Q11331681,
Q107556054,
Q109469933,
Q11899308,
Q136160271,
Q4504058,
Q122871761,
Q97159792,
Q20467776,
Q12590249,
Q30932306,
Q97210721,
Q55529498,
Q119382608,
Q11331064,
Q114355591,
Q13137327,
Q12410849,
Q12716727,
Q28668749,
Q104215406,
Q2007037,
Q16480352,
Q12690988,
Q107710739,
Q109363360,
Q136773046,
Q24886642,
Q4192514,
Q30927074,
Q105692619,
Q133799756,
Q18689988,
Q1626961,
Q4153350,
Q127856530,
Q10851303,
Q11331641,
Q12286494,
Q124653634,
Q11342244,
Q124482807,
Q65275798,
Q104968664,
Q120335574,
Q11514733,
Q115898655,
Q113487016,
Q124661727,
Q4315569,
Q25438665,
Q20467924,
Q12079114,
Q11982669,
Q61378585,
Q103982599,
Q84469688,
Q109553460,
Q17761518,
Q97381506,
Q4039008,
Q11381933,
Q78848881,
Q17750267,
Q126540898,
Q11303595,
Q63208484,
Q20449871,
Q13027519,
Q4147181,
Q109356851,
Q4217500,
Q138667398,
Q12590663,
Q30931589,
Q117333902,
Q16423903,
Q117306756,
Q20481903,
Q136694444,
Q97159374,
Q117314770,
Q61107929,
Q10510796,
Q22123961,
Q130544282,
Q10710242,
Q4326592,
Q124423780,
Q2093046,
Q106104736,
Q11272658,
Q136084933,
Q20107011,
Q128868196,
Q18991400,
Q106483523,
Q10371894,
Q11273412,
Q16307940,
Q24254196,
Q47389000,
Q89686391,
Q25457902,
Q123494900,
Q124482783,
Q4081458,
Q120335606,
Q134425080,
Q18815704,
Q85865907,
Q56301432,
Q12275904,
Q36768466,
Q96207555,
Q117848058,
Q11330458,
Q116474873,
Q11425499,
Q12690712,
Q38276064,
Q18690339,
Q20105223,
Q5890950,
Q25429694,
Q2800987,
Q137585154,
Q97144627,
Q1101093,
Q9192017,
Q110069609,
Q4027890,
Q132778103,
Q125810539,
Q61108018,
Q97613594,
Q6053473,
Q61113746,
Q105546684,
Q110069366,
Q6646123,
Q23710025,
Q109362549,
Q131580743,
Q133875221,
Q20105441,
Q117435217,
Q13014576,
Q91624282,
Q97186215,
Q31277621,
Q85874767,
Q126066883,
Q137585156,
Q139913551,
Q137460669,
Q4218540,
Q17209342,
Q116482142,
Q20467504,
Q4495826,
Q65971438,
Q23785409,
Q4498414,
Q135184550,
Q89409626,
Q28703786,
Q24863429,
Q65272757,
Q4757533,
Q133873447,
Q24937113,
Q28668715,
Q106091924,
Q510616,
Q31280315,
Q21040735,
Q29023793,
Q3003548,
Q30879971,
Q16410296,
Q4419922,
Q1802259,
Q25409902,
Q131275453,
Q108309925,
Q16688499,
Q123670297,
Q136694440,
Q130266256,
Q138659231,
Q104730203,
Q65262496,
Q135752627,
Q20467551,
Q109603908,
Q115911598,
Q131688888,
Q115691389,
Q133819779,
Q18383015,
Q4223519,
Q131376501,
Q117435148,
Q124751104,
Q56324846,
Q4042641,
Q20500854,
Q124989735,
Q124482777,
Q56310986,
Q120335734,
Q136694468,
Q133886552,
Q104637383,
Q56347580,
Q12371033,
Q5890961,
Q11314330,
Q30880418,
Q85875976,
Q115020701,
Q17209969,
Q124100389,
Q12690936,
Q12690857,
Q20467779,
Q135921416,
Q65238040,
Q123974321,
Q4096032,
Q104630031,
Q139792557,
Q20467642,
Q115497521,
Q125810575,
Q16635675,
Q50223422,
Q12316625,
Q17564319,
Q140067857,
Q120335613,
Q4051496,
Q97206167,
Q99486944,
Q107416173,
Q12690947,
Q109356925,
Q119382632,
Q110069394,
Q12274011,
Q16519214,
Q24067738,
Q11625459,
Q56337714,
Q131950093,
Q104838745,
Q31180028,
Q119518429,
Q17216744,
Q11889689,
Q118133783,
Q85909411,
Q15877824,
Q85979159,
Q104873309,
Q105450376,
Q133308178,
Q20066833,
Q63208479,
Q85865159,
Q11595992,
Q129776995,
Q12376805,
Q127514910,
Q109469217,
Q116215713,
Q39292121,
Q112960885,
Q131275110,
Q96761262,
Q16294890,
Q138949747,
Q16873272,
Q20070321,
Q104776167,
Q21679189,
Q24941283,
Q109352400,
Q124750553,
Q124739964,
Q4340823,
Q126918575,
Q136694469,
Q2799533,
Q21712546,
Q138787975,
Q21059576,
Q105991745,
Q11374261,
Q105282325,
Q127856574,
Q100699849,
Q85865103,
Q7368712,
Q102156201,
Q134734383,
Q12048147,
Q30007783,
Q2210790,
Q117719927,
Q5643012,
Q120335611,
Q19387682,
Q1800504,
Q109356903,
Q134570624,
Q105064329,
Q1990343,
Q55525309,
Q124497100,
Q124423858,
Q20530838,
Q97375327,
Q4419350,
Q11606741,
Q20105812,
Q29521975,
Q109363280,
Q105688185,
Q105765663,
Q139379919,
Q99853449,
Q56300784,
Q133715165,
Q16393240,
Q65171873,
Q125723224,
Q6146253,
Q11638559,
Q16096928,
Q105697503,
Q12690862,
Q18660126,
Q42911800,
Q16647519,
Q12104687,
Q130347958,
Q126911159,
Q110100908,
Q28688792,
Q56374409,
Q28703835,
Q16356346,
Q16331447,
Q4313399,
Q130044783,
Q20467567,
Q138642318,
Q41812008,
Q121907157,
Q107708189,
Q114363188,
Q115975366,
Q105089903,
Q11637191,
Q127183709,
Q98080373,
Q123165581,
Q22124198,
Q16097791,
Q11382989,
Q120777182,
Q119382876,
Q121864416,
Q130266141,
Q131675391,
Q97619224,
Q136694477,
Q55831019,
Q109460484,
Q107038156,
Q86683129,
Q12090546,
Q105488132,
Q30934852,
Q100705390,
Q125344356,
Q127164339,
Q85882793,
Q109601768,
Q20467512,
Q132901249,
Q131275084,
Q140209421,
Q5716857,
Q119382762,
Q116973471,
Q127856555,
Q135841229,
Q134346205,
Q12690996,
Q124401851,
Q48744903,
Q106962515,
Q11983182,
Q125810541,
Q16140738,
Q11659524,
Q11389520,
Q96106936,
Q109358139,
Q11524794,
Q110069294,
Q25430850,
Q104531585,
Q120335635,
Q65217615,
Q116202157,
Q65255333,
Q21635139,
Q111507649,
Q11321013,
Q17214435,
Q7368550,
Q12001777,
Q106617747,
Q48702651,
Q134462807,
Q124856682,
Q125810572,
Q85881656,
Q12100895,
Q127868490,
Q97098348,
Q117857358,
Q101545890,
Q4132212,
Q133828461,
Q85728294,
Q110069275,
Q97100844,
Q20467470,
Q117435330,
Q12358468,
Q110552624,
Q28966920,
Q55378397,
Q117435000,
Q11268529,
Q135616139,
Q117435154,
Q85873864,
Q2903717,
Q128868121,
Q56400655,
Q128868185,
Q120726149,
Q4339508,
Q28684913,
Q109469914,
Q48702437,
Q11342843,
Q10552361,
Q12345309,
Q135987400,
Q128868191,
Q107566907,
Q115533066,
Q20041362,
Q140324769,
Q109356967,
Q125018349,
Q12685334,
Q13632874,
Q4068228,
Q20528573,
Q18690180,
Q124497028,
Q22100045,
Q104666789,
Q132551254,
Q56393460,
Q113785285,
Q28667942,
Q12682388,
Q11280489,
Q135412000,
Q48749277,
Q120599813,
Q134296411,
Q20016118,
Q11992126,
Q97633039,
Q65128157,
Q60985813,
Q11733319,
Q18277707,
Q65166935,
Q110117756,
Q11996060,
Q16422595,
Q21598504,
Q113141172,
Q20467569,
Q124896801,
Q85966086,
Q139414756,
Q138330187,
Q105067192,
Q65292663,
Q111046360,
Q111133286,
Q13023780,
Q4066916,
Q112567061,
Q131857979,
Q125810606,
Q16139520,
Q3020982,
Q105839990,
Q109359873,
Q20106944,
Q117435018,
Q113494283,
Q83547243,
Q85988669,
Q12677597,
Q131406781,
Q12114160,
Q135754418,
Q118779835,
Q110110848,
Q130772818,
Q11690477,
Q108400031,
Q9143186,
Q124482964,
Q12726255,
Q20467929,
Q9346323,
Q134732272,
Q11538242,
Q120335733,
Q131275135,
Q130266023,
Q114055959,
Q65255426,
Q103482288,
Q97217743,
Q17301340,
Q61107936,
Q38805663,
Q48700919,
Q63208523,
Q138584055,
Q97169396,
Q65236060,
Q61107946,
Q110532136,
Q101584165,
Q137799099,
Q12500984,
Q88830592,
Q120597746,
Q121248244,
Q71808284,
Q120266273,
Q106314327,
Q65228638,
Q11274870,
Q65124239,
Q11316624,
Q20523610,
Q48700952,
Q4644479,
Q136694458,
Q110069535,
Q4304419,
Q1875944,
Q11349784,
Q20040635,
Q16698589,
Q109364877,
Q97177260,
Q127856759,
Q25484635,
Q113613760,
Q120335868,
Q105702568,
Q7368659,
Q120335899,
Q11312876,
Q1042910,
Q56356696,
Q137466871,
Q96678465,
Q16188904,
Q10503553,
Q124969009,
Q117435105,
Q12751935,
Q137384738,
Q11306694,
Q54804236,
Q124750510,
Q116987251,
Q20467496,
Q11665608,
Q12690703,
Q109352571,
Q1506324,
Q55726614,
Q19910869,
Q65255521,
Q109414505,
Q24576395,
Q128868200,
Q20112063,
Q123922923,
Q123350121,
Q131746431,
Q131522432,
Q61085204,
Q85985125,
Q110966631,
Q119983837,
Q124624782,
Q119382851,
Q99859468,
Q4122877,
Q115489986,
Q10695892,
Q106069065,
Q12328599,
Q10260451,
Q97377705,
Q11420108,
Q31273875,
Q120335879,
Q99035598,
Q85987356,
Q92891627,
Q108170565,
Q65407895,
Q120335542,
Q11636348,
Q12690934,
Q4391539,
Q19289019,
Q125936537,
Q12297701,
Q20065840,
Q4155192,
Q138309754,
Q1710753,
Q12847113,
Q12621907,
Q11994011,
Q120335649,
Q124482931,
Q11273363,
Q11687694,
Q20105060,
Q91158397,
Q131275108,
Q4412207,
Q61950066,
Q122609575,
Q10279560,
Q124070335,
Q70144247,
Q117435034,
Q11395428,
Q20465186,
Q120335627,
Q117435259,
Q124663023,
Q109358305,
Q108903207,
Q106093288,
Q130266382,
Q67604499,
Q56392243,
Q11563330,
Q31292359,
Q11349217,
Q127856596,
Q140011703,
Q109597603,
Q41341579,
Q26982057,
Q124750601,
Q9371192,
Q125810525,
Q113865963,
Q11287951,
Q12285752,
Q126722292,
Q124960455,
Q139567816,
Q4156482,
Q127157839,
Q106906676,
Q122010350,
Q5788165,
Q71713302,
Q136296432,
Q108340504,
Q121307707,
Q112777086,
Q117435102,
Q47006583,
Q55657260,
Q13429951,
Q96467927,
Q105426904,
Q21857767,
Q12681731,
Q124535889,
Q4257627,
Q99638994,
Q20467828,
Q4371248,
Q6102172,
Q121222484,
Q1983145,
Q11316276,
Q105275781,
Q12607606,
Q101056953,
Q110391606,
Q114956539,
Q55833319,
Q131350224,
Q125748248,
Q125027862,
Q117088743,
Q12885239,
Q17213055,
Q12292999,
Q22128329,
Q123860516,
Q4253300,
Q4051332,
Q11310323,
Q11477092,
Q28678634,
Q821758,
Q20467549,
Q24902101,
Q20467740,
Q9377880,
Q104781442,
Q24863914,
Q3047243,
Q106211924,
Q4239715,
Q4300814,
Q7368717,
Q87040417,
Q123856961,
Q117435101,
Q131275138,
Q24860554,
Q30923894,
Q132561533,
Q137735330,
Q13132514,
Q31178766,
Q110069230,
Q4359746,
Q25495316,
Q4488593,
Q11263628,
Q135926727,
Q105105784,
Q39042460,
Q94992487,
Q101556927,
Q24033718,
Q85866602,
Q11333933,
Q96577684,
Q111628662,
Q124896810,
Q4481130,
Q16427015,
Q135678139,
Q115691397,
Q5480637,
Q127856728,
Q119382861,
Q25506334,
Q24874644,
Q105721843,
Q76153967,
Q12299384,
Q17059802,
Q18648260,
Q110627296,
Q104889719,
Q2148062,
Q116057076,
Q101210423,
Q134506351,
Q114121503,
Q18659235,
Q135918506,
Q102256230,
Q17220601,
Q124970277,
Q39128875,
Q61107935,
Q135677929,
Q124528280,
Q97674158,
Q25451215,
Q12779296,
Q28689305,
Q61081527,
Q12085650,
Q12258153,
Q65255464,
Q12373030,
Q12643513,
Q121076440,
Q16295411,
Q90685402,
Q124799710,
Q25484763,
Q11339183,
Q65252018,
Q110738599,
Q133849112,
Q119168300,
Q105424363,
Q124760564,
Q119938190,
Q11548243,
Q139780979,
Q67084559,
Q99308631,
Q4335840,
Q105086785,
Q11524104,
Q104529564,
Q25494245,
Q13054729,
Q12690859,
Q11524473,
Q11799204,
Q137372779,
Q120888722,
Q105758215,
Q104531021,
Q113324606,
Q17420619,
Q110069264,
Q116959204,
Q11223382,
Q109364572,
Q110443700,
Q4502229,
Q11780204,
Q25468154,
Q66969008,
Q2221290,
Q10602835,
Q11334225,
Q16305570,
Q10670594,
Q12340315,
Q48702116,
Q11073673,
Q137261507,
Q16497209,
Q117435078,
Q97342309,
Q137516161,
Q19389387,
Q55520574,
Q104778242,
Q97217177,
Q110114831,
Q12690968,
Q10398918,
Q133806893,
Q11423957,
Q124628011,
Q113660607,
Q112620144,
Q134233803,
Q21652571,
Q28698311,
Q964951,
Q7036063,
Q124740529,
Q65272929,
Q16164121,
Q84428684,
Q109368284,
Q55608232,
Q31179118,
Q65255213,
Q120335509,
Q61140942,
Q117434983,
Q138036282,
Q9888905,
Q120335891,
Q65202668,
Q17194622,
Q117435278,
Q6568849,
Q138528131,
Q105268730,
Q18054727,
Q80357190,
Q97196040,
Q1514967,
Q21082021,
Q12794937,
Q118998534,
Q127856793,
Q113249087,
Q6551606,
Q131010437,
Q117857658,
Q21518099,
Q110459844,
Q128868124,
Q11395212,
Q130140067,
Q21211370,
Q12621396,
Q107063333,
Q4052448,
Q13654835,
Q106544836,
Q104223842,
Q65234099,
Q11299636,
Q111133289,
Q2101320,
Q139548990,
Q48751505,
Q85979060,
Q124290940,
Q10846723,
Q117437393,
Q109362743,
Q135683594,
Q61107973,
Q135544175,
Q12711209,
Q20506821,
Q50139258,
Q106375890,
Q12136353,
Q4037336,
Q124482937,
Q3881050,
Q3541045,
Q120335595,
Q24000878,
Q106383060,
Q1879999,
Q11994013,
Q120335628,
Q120277913,
Q13135722,
Q125741506,
Q8193263,
Q120336399,
Q105638589,
Q105435907,
Q31277620,
Q17779771,
Q17226840,
Q120694265,
Q2289187,
Q124483344,
Q83617205,
Q131808907,
Q124528220,
Q97178688,
Q15914645,
Q106960867,
Q131275192,
Q3828370,
Q21018793,
Q11892751,
Q85965476,
Q110818457,
Q12063219,
Q16131206,
Q128868149,
Q20984717,
Q11306465,
Q127416776,
Q12690798,
Q60834380,
Q125258314,
Q12690690,
Q85867908,
Q112875451,
Q124760463,
Q12690842,
Q113553672,
Q11350548,
Q65297436,
Q97342241,
Q15621608,
Q100980727,
Q110270733,
Q131784388,
Q18690240,
Q31842086,
Q9076569,
Q12652360,
Q137585157,
Q7368673,
Q3657732,
Q10680673,
Q16143886,
Q117435032,
Q11257327,
Q21652382,
Q104695304,
Q6458026,
Q55649443,
Q11962126,
Q1695741,
Q12373672,
Q17177135,
Q2228219,
Q20549147,
Q56352672,
Q16438887,
Q16453919,
Q3644230,
Q124337493,
Q48749250,
Q17773063,
Q48937980,
Q19943840,
Q65128599,
Q3693869,
Q56299323,
Q17219191,
Q10879976,
Q16704511,
Q3078536,
Q110253410,
Q105780268,
Q109356861,
Q120335621,
Q12386410,
Q3657733,
Q120987049,
Q71808242,
Q23306970,
Q10050466,
Q28758583,
Q123572134,
Q11258889,
Q108226757,
Q118780248,
Q3422830,
Q117435396,
Q120335598,
Q16097709,
Q136694489,
Q20065522,
Q6052376,
Q4459645,
Q11747877,
Q12599289,
Q12599345,
Q119382634,
Q137684731,
Q133772677,
Q84608929,
Q7454459,
Q110069392,
Q4218533,
Q22973727,
Q85882026,
Q129169236,
Q99294421,
Q11975862,
Q10543159,
Q4037607,
Q20456336,
Q62399491,
Q11298164,
Q11312891,
Q113221872,
Q104640334,
Q61106032,
Q12605205,
Q105008957,
Q124855952,
Q12690726,
Q108136948,
Q105756334,
Q85864684,
Q115526729,
Q96031993,
Q7368428,
Q124971526,
Q16479996,
Q28683860,
Q123186083,
Q20467657,
Q16097529,
Q12132896,
Q127220661,
Q65240583,
Q120335681,
Q109042066,
Q11939567,
Q12042852,
Q104638998,
Q139568224,
Q56349528,
Q137260898,
Q104124265,
Q12011502,
Q105009127,
Q97261546,
Q110620637,
Q11348205,
Q2657126,
Q110117674,
Q74101061,
Q85877050,
Q20467787,
Q13014902,
Q17191407,
Q25414261,
Q56300472,
Q48745069,
Q13025043,
Q12690993,
Q10718568,
Q134506375,
Q10567939,
Q9184459,
Q117435114,
Q60855366,
Q28913455,
Q119359926,
Q138034414,
Q130978031,
Q106436232,
Q4371246,
Q115774947,
Q2537471,
Q106040792,
Q119382584,
Q61115158,
Q105839925,
Q124482933,
Q105531446,
Q31172877,
Q112173681,
Q1974406,
Q65149349,
Q107028112,
Q10552339,
Q91020381,
Q28699178,
Q11168920,
Q85880881,
Q122236044,
Q12617264,
Q2028320,
Q25487271,
Q30932335,
Q109936938,
Q81467926,
Q3054845,
Q61132904,
Q56351845,
Q20106169,
Q28415332,
Q11330156,
Q2477448,
Q12112724,
Q110372011,
Q119382880,
Q117434982,
Q85979628,
Q135198275,
Q119175131,
Q12595448,
Q135114603,
Q4051161,
Q12289322,
Q126526013,
Q17232377,
Q140189197,
Q3919867,
Q124639933,
Q119382623,
Q100140243,
Q13014876,
Q3054856,
Q105821383,
Q28913244,
Q109611638,
Q65230463,
Q11302256,
Q124788622,
Q75732291,
Q104885213,
Q108547508,
Q13015587,
Q105946835,
Q12131874,
Q19745413,
Q109366403,
Q116702026,
Q124154952,
Q16130469,
Q2538132,
Q48893938,
Q48861530,
Q124482817,
Q123603498,
Q127856506,
Q2466164,
Q28688916,
Q51884476,
Q127856676,
Q22126931,
Q127856487,
Q20467561,
Q97341970,
Q2670649,
Q990806,
Q56359626,
Q12472154,
Q20499751,
Q120335510,
Q109364581,
Q118780303,
Q13014805,
Q28698822,
Q20467908,
Q104825369,
Q123022983,
Q124741578,
Q106043674,
Q11314447,
Q124971260,
Q31186064,
Q106632461,
Q17989501,
Q19729644,
Q65132114,
Q111342283,
Q65194619,
Q106600344,
Q136694483,
Q110069540,
Q136694481,
Q24897506,
Q12663303,
Q110115706,
Q16171203,
Q97012500,
Q104600213,
Q125747763,
Q133500195,
Q12281800,
Q120335673,
Q138007386,
Q107146845,
Q97231696,
Q108463267,
Q25558048,
Q76524708,
Q11545597,
Q136008998,
Q136675829,
Q2191459,
Q68717972,
Q12404710,
Q11347314,
Q105433357,
Q10332891,
Q9184491,
Q891582,
Q30348063,
Q85877669,
Q122643216,
Q97208817,
Q19375239,
Q38278504,
Q124669800,
Q122809630,
Q117435128,
Q106042331,
Q24936839,
Q109469430,
Q11664755,
Q4036085,
Q124482979,
Q132778001,
Q132127043,
Q107349572,
Q113331788,
Q125847633,
Q48800607,
Q119842004,
Q137585149,
Q115618703,
Q97435586,
Q103820459,
Q28913429,
Q1989788,
Q124536416,
Q2030930,
Q28688472,
Q111434694,
Q124751274,
Q20105440,
Q9191969,
Q3205792,
Q134312072,
Q128868107,
Q17769717,
Q107626125,
Q11419989,
Q137707272,
