group,groupLabel
Q65015375,Oliver Berney Eric Gigante Quintet
Q21558039,Victor Orchestra
Q28468126,Rudess/Morgenstein Project
Q16959845,Las Acevedo
Q29336458,
Q120335581,
Q65230668,D.R.E.A.M.G.I.R.L.S
Q106928925,Children of paradise
Q109286450,Fanchon and Marco
Q100589852,Planetoids
Q11188398,8bit Project
Q11312891,
Q99640610,Marimba Orquesta De Ernesto Dominguez
Q105984437,Les Marquis De Maison Mere
Q60208519,Drittmaskin
Q12307126,Dance with Dirt
Q55522498,EINSHTEIN & 言×THE ANSWER
Q30944626,No Party for Cao Dong
Q15869961,
Q24263529,The Vinchucas
Q172218,Pushkin State Academic Opera and Ballet Theatre
Q18698658,Tha Shudras
Q11302786,
Q30672715,Tuomo & Markus
Q12643884,Trio Delinski
Q5470644,Staff Band of the Norwegian Armed Forces
Q2164283,Adolf Filter
Q30590040,The Linemen
Q16931808,Remember Remember
Q6593357,VIA Talas
Q10520347,
Q66443592,The Aryan Aquarians
Q18545334,Frații Petreuș
Q11130756,QUEENDOM
Q7771660,The Unlimiters
Q65255070,
Q130376766,Johnny and the Dicks
Q99485137,People Club
Q5581530,Gone
Q6942470,Musica Fiata
Q11350911,Ensemble instrumental de Lausanne
Q23017156,Los Microwaves
Q97217628,
Q7900068,Urban Tribe
Q3709181,Dirotta su Cuba
Q99539269,Cryptonight
Q6902865,Monsterbot
Q19376829,Kammerkoret NOVA
Q10660099,Sagor & Swing
Q56347595,
Q6422559,Knightshade
Q7721563,The Cast of Cheers
Q111678231,
Q2933525,Calambuco
Q11999395,Sandefjord ungdomskorps
Q12873887,Aprosarmostoi
Q16350661,BiCalko
Q4335504,Optimalniy Variant
Q124504767,Equal Local
Q11233162,Mic Jack Production
Q11991499,Faraon
Q10469651,Dervisjebi
Q6416958,Kiss Madiam
Q96373763,Bolonium
Q106483532,
Q21403193,Hauk og due
Q54213082,The Manhattan Project
Q11743180,Kontrola W.
Q7937468,Viva Knievel
Q122927012,Ajate
Q136349500,Stockholm Sinfonietta
Q124448803,Startrax
Q11184841,Polska
Q3135316,Hierosonic
Q7108016,Osumare
Q16131846,
Q97186884,
Q20012920,The Western Sizzlers
Q12257329,Eten
Q52083960,ensemble Links
Q5976521,Limmie Funk Limited
Q3285507,Mandingo
Q104127779,Heigh Chief
Q28950339,Folly Tree
Q59149209,grayera
Q15053062,Tigermilk (musical project)
Q12267932,The Dirties
Q96378557,French Vanilla
Q13571405,
Q11198922,FATMAN BROTHERS
Q798040,Bach-Chor an der Kaiser-Wilhelm-Gedächtniskirche
Q107596428,
Q136487897,Soft Location
Q132496922,Vymazáno z archivu
Q24928520,
Q39058313,The Obsessives
Q1117751,Balanescu Quartet
Q3054832,
Q1584726,Save Our Souls
Q25565906,
Q6168655,Je Suis Animal
Q2250020,Téada
Q62018151,Satanstornade
Q55457873,Ahumada-Bonano
Q115515261,Midnight Grand Orchestra
Q3154636,Írafár
Q85591957,
Q117831269,
Q16385624,The Esgaroth Three
Q9292143,High Definition Quartet
Q7750632,The Masticators
Q30933570,
Q5464368,Foliba trio
Q15052884,The Stanfields
Q138036150,
Q9348003,Sulfuric Acid
Q136174835,Osaka Collegium Musicum
Q10484399,Ensemble 1700
Q97097459,Bananagun
Q15938127,
Q31889963,The Stray Birds
Q11750589,Księżyc
Q7920268,Vento Chiaro
Q116142053,
Q24948426,Kapela Hanki Wójciak
Q11227818,KGM
Q97367215,
Q11192992,CANTA
Q3838114,
Q13026317,
Q5391312,Oulun Fröökynät
Q17071106,Manoj Gyan
Q4441581,
Q48779141,La Familia André
Q5275479,Dig Circus
Q16875198,The Rugrats
Q113076474,Manu!MäNü – Männerchor Nürnberg
Q5452176,Firqa
Q12396372,
Q51336920,Terry and Barbi Franklin
Q10621723,Patrask
Q11240078,Puppy's
Q97662397,
Q9363830,Tęcza
Q118713525,Academia trio
Q1711401,
Q9259543,Subcarpathian Philharmonic
Q12709587,Soul Dinero
Q2637456,Orchestre Symphonique de Québec
Q31192166,
Q57830579,The Rarities
Q13135059,Crazy Brains
Q7495602,Sheryo
Q30590488,Recycled Orchestra of Cateura
Q108199456,Zombi Pujol
Q4041837,
Q135206069,Bush Hawg
Q7730307,The Discocks
Q7347297,Robert Malcolm Memorial Pipe Band
Q65250520,
Q821467,Berliner Cappella
Q134053352,Flags
Q10465494,DR KoncertKoret
Q132778105,
Q4049552,Sirius Isness
Q17505229,Lebenslaute
Q115800202,
Q31187983,Moonlight taldea
Q559315,Végh Quartet
Q108436277,Vodershow
Q98431956,
Q106604537,
Q132645289,Stan
Q116918643,Angelica X
Q48702116,
Q139762566,Gananoque Silver Cornet Band
Q109469206,Zatochka
Q12258707,Governors
Q126364831,Socjetá Filarmonika La Stella Gudja
Q135842162,Winemom
Q48700298,MellowHigh
Q10612974,
Q16886524,The Wet Spots
Q4132929,
Q7760304,The Rest
Q106488712,Omni
Q6018202,Mızıka-yı Hümayun
Q113817392,Les Monocytes
Q18244755,Norrlands nations salongsorkester
Q85763827,Godsticks
Q134967017,Gotham
Q97363590,Quiritatio
Q72966005,
Q12002809,Stavangerensemblet
Q126288635,Għaqda Mużikali Marija Assunta Gudja
Q110069392,
Q2618014,Tiq Maya
Q10704941,Trondheim Symphony Orchestra
Q7558543,Solomon
Q2902286,Big Mama
Q85812632,Vadé
Q4518818,Tcherniy Lukitch
Q5425807,FILharmoniKA
Q104368625,De Vrolijke Jeugd
Q28752828,DETACH
Q114350926,The Medium
Q25516784,
Q48758745,SUNNY CAR WASH
Q10541030,Jubelkvartetten
Q12338985,The Bucketheads
Q104879332,Jones Family Singers
Q4934953,Blackstrap
Q105396725,
Q2486542,Moon Safari
Q18021283,Jonathan & Laurent
Q56812290,Kala Hari
Q135399700,Les Sirènes
Q9660320,Boi Bumbá Campineiro
Q124004702,Banda Elemental
Q110485652,The Demencials
Q13445068,Brassband Gelderland
Q129349299,Tøyen Holding
Q127509987,Soċjetà Mużikali Santa Marija
Q10341646,Minas Gerais Philharmonic Orchestra
Q3153191,Interlope
Q1879999,
Q10341758,
Q113154239,chorale Saint-Irénée
Q56400553,
Q3638634,Bermuda Acoustic Trio
Q135552472,Jerusalem Vocal Consort
Q14510919,
Q140044868,Fenton Community Orchestra
Q17195016,Robin og Bugge
Q105488132,
Q15821613,Johnny Liebling
Q132201381,
Q1924938,
Q11180443,
Q135089721,UAU
Q67289815,A/T/O/S
Q61364331,Puto Amoak Matematiketan
Q24944868,Lilly Hates Roses
Q113411030,
Q64994819,Ivo Antognini Jazz Project
Q11196375,DRUMKAN
Q18423256,Audioshock
Q4048536,Rosa Alba
Q15452771,Theater Plauen-Zwickau
Q4127713,
Q26265931,Zangryus
Q4407225,Dear Jane
Q115123183,Baretta
Q12620057,Chuncheon Philharmonic Orchestra
Q3980772,Tancut Alimasi Orchestra
Q135332944,Vox Feminista
Q1290868,Splash
Q12590663,
Q12170532,
Q2807505,12°5
Q5428672,Fact
Q3656147,Gontyna Kry
Q2224245,
Q4274041,
Q118416144,
Q3110733,Goodshirt
Q13571180,De Bende
Q6487289,Lano and Woodley
Q48876873,Diego & Victor Hugo
Q106868994,De La Tour Regional Opera Trust
Q64495198,Pihalni orkester Ljubljana
Q106639630,Superego
Q115923388,King Alexander
Q22032229,De Magia Veterum
Q105741020,Ottawa Children's Choir
Q85847792,The Zimmermen
Q60744472,Mt Joy
Q131309122,Guatemala National Symphony Orchestra
Q3557119,Stavento
Q56353916,GLARE SOUNDS PROJECTION
Q20529595,European Choir of Estonians
Q21569074,Orquestra Àrab de Barcelona
Q6465209,La Secta AllStar
Q11996859,Radiofantomene
Q3335024,Cæciliaforeningen
Q7743423,The Johnstons
Q16188904,
Q7248280,Profili Profili
Q116843526,
Q7731419,The Earlybirds
Q2821889,Abranis
Q3036182,McCarthy
Q116044907,Rev Rev Rev
Q111203294,ensemble Slava
Q66731370,The Charm Park
Q4113674,
Q6971113,National Boys Choir
Q28700389,ZEST-Z
Q16873212,The #1s
Q111018370,Airbus
Q11433691,
Q9210549,Dr. Hackenbush
Q4669711,Absent Kid
Q135421878,Protean Collective
Q138723088,Orpheus Odyssey
Q20826905,Helping Haiti
Q2353622,The Elgar Sisters
Q16828360,The Crazymen
Q7732972,The Fab Faux
Q2937570,Capriccio Stravagante
Q4030595,
Q104864623,Ward 13
Q5069506,Chamber Made
Q28736793,Muyayos de Raiz
Q1842010,Schola Cantorum Cantate Domino
Q67201617,Selangor Philharmonic Orchestra
Q104109600,Wright and Dietrich
Q10674164,South Ambulance
Q24940971,
Q10631562,Piero & The Musicstars
Q17214655,Numb
Q110916397,Nguzunguzu
Q85802629,Spitfire Kings
Q130534943,Shybits
Q125147903,2nd District
Q61362731,Humus
Q24943836,
Q11306708,
Q9371175,Warsaw Chamber Opera
Q6928564,Mr. Death
Q1925773,
Q124483350,
Q81300957,Durnaya Krov
Q12268192,Trigger Travis
Q64940409,Sisyphos
Q1383259,
Q10688351,Sågskära
Q2455381,Trondheym
Q6739519,Makiling
Q16097141,Mokpo Symphony Orchestra
Q104730203,
Q9335873,Shadow Reichenstein
Q136458199,
Q28724016,
Q3569935,Working for a Nuclear Free City
Q18244369,Million Dollar Trio
Q15891004,Arno & Andreas
Q17349937,Kotonoha
Q4692087,Agent X
Q9338588,Smagalaz
Q4684862,Adrian Belew Power Trio
Q12646370,Žznić Crew
Q31191484,DREG STARZ
Q139762637,Standbridge Cornet Band
Q1147598,Schweriner Philharmonie
Q12363282,HaleBopp Singers
Q56356132,
Q3291437,Vapnet
Q11252678,Visit Venus
Q1060789,
Q17209391,OVUM
Q10621758,Pats
Q65211686,Drumblek
Q122926977,June
Q55633175,Sifting
Q1430050,Florida Inc.
Q56300472,
Q139757238,St. John's Brass Band
Q9645860,
Q11786430,Mszanianka
Q69104818,The Stablemates
Q48699966,Gidge
Q3187195,Joy Disaster
Q5026140,Camerata Klaipėda
Q12297701,
Q12181060,Amman Symphony Orchestra
Q99477039,Von Zamla
Q5378203,English Chamber Choir
Q95468303,
Q123691906,El Haru Kuroi
Q61677039,Bastiaan Quartet
Q11352165,Verbier Festival Orchestra
Q8978056,Ken
Q109597759,
Q124053903,Opus Kink
Q16966954,We Banjo 3
Q106522234,Running with Scissors
Q65227926,Cachet
Q138058344,Bassvictim
Q85788273,Nervus
Q17238745,
Q2189572,Helsinki Symphony Orchestra
Q47380579,Brunzit
Q105688934,
Q12274395,
Q65260006,
Q138386078,BUTTOBI!PANDEMIC
Q140248581,
Q126172735,REVLUV
Q1703249,Pattaya City Marching Band
Q11370095,
Q12634545,Klanje ljudi
Q121361077,Tunisian Stombeli Musicians
Q105798456,
Q11395212,
Q65082253,United States Army Europe Band and Chorus
Q10299554,I Leoni
Q16141201,T-Skirt
Q6359174,Kampen Janitsjarorkester
Q2928970,Butter Bullets
Q16422192,
Q65146809,
Q119359002,Uruk
Q1330761,Elita 5
Q108660462,Kagaku Tokusoutai
Q56642120,The ReAktion
Q7198412,Pissed Happy Children
Q31886825,Idiotteatern
Q12005117,Talisman Group
Q821620,Berliner Liedertafel
Q110089529,Pijar
Q3181359,John Doe
Q136696296,
Q30927146,Uchuu Nekoko
Q111784874,Jimmy Mosher Quintet
Q1931455,
Q25412530,Mięśnie
Q63208483,
Q27817027,Ykiki Beat
Q10385447,
Q132128098,New Day in August
Q63966933,Litomysl Symphony Orchestra
Q124372670,Finn brothers
Q104873309,
Q136297367,Saturday Saints
Q3560408,Lionsheart
Q129730790,Zoo Gazer
Q106289040,
Q22098608,
Q127785157,Coro I.C.A.M.
Q118459494,Singapore Lyric Opera
Q7722002,The Chakras
Q2659735,De Vaganten
Q133980684,Nectar
Q10901787,
Q109151573,M-Base Collective
Q4882641,Belgrade Jazz Trio
Q6907086,Mood Ruff
Q113076451,Andersrum und immerschief
Q85747071,Big Eyes Family Players
Q28453579,Diners
Q106928986,Zuzu's Petals
Q10682446,Sture Lindströms orkester
Q65255020,
Q4049580,Skogyr
Q12072107,Postsense
Q4102071,Va-Ta-Ga
Q113954046,Saaligrama Mela
Q17141566,Talking System
Q7739527,The HiMiG Gospel Singers
Q131275202,
Q12152769,Symphony Orchestra of the National Philharmonic of Ukraine
Q19906723,Atra Hora
Q25437786,
Q137426388,Agape Gospel Band
Q104530982,
Q139376658,Sudbury Chamber Singers
Q109535689,Produce Pandas
Q113331842,
Q11227764,Bonifantes
Q28667542,
Q140132329,Resurrection of Screamin' Jay Hawkins Band
Q1688927,Tryad
Q25456228,The Best Bad Trip
Q5532643,Generator X
Q4660394,A Vacant Affair
Q17153639,Wired band
Q1518085,Geschwister Hofmann (1950er Jahre)
Q23808308,UnTeachers
Q97358194,Ensemble Signal
Q130313319,The Voices Four
Q12511658,
Q4114118,
Q3259746,Los Koyas
Q65408018,
Q30909933,Art of Illusion
Q16141119,
Q4036255,Clann Lir
Q136408934,Liquid Meat
Q3696409,Craaft
Q2374757,
Q31181607,The Petting Blues Band
Q61060275,
Q10271670,Elektriktus
Q7063977,
Q11524480,Tokyo Vivaldi Ensemble
Q18411487,Ekklesia Sisters
Q18379452,White Sabers Drum and Bugle Corps
Q85759689,Eternal Gosh!
Q5304844,Dragan Dautovski Quartet
Q10695597,The Horror The Horror
Q65128157,
Q18431530,Xxanaxx
Q123077039,Project Adorno
Q13632876,
Q110485845,Scales Empire
Q7712139,The Abrams Brothers
Q28412906,
Q12293011,
Q136440079,XO
Q108524116,Terne Čhave
Q16822185,Axivil
Q134053392,The Districts
Q51576441,Contemplate
Q4427866,
Q136048133,Pan Symphony Orchestra
Q97609974,Iron Lung Corp
Q106670638,Gun Outfit
Q11301659,Gendou Missile
Q11521679,Suginami Junior Chorus
Q4636656,3rd Avenue
Q112751696,Dev-b
Q10672713,Snowstorm
Q1711405,
Q16353224,Sus Dungo
Q7500053,Shoes and Socks Off
Q12377190,
Q28450838,"Oh, Flamingo!"
Q5229307,Dave Matthews and Tim Reynolds
Q755518,Athesinus Consort Berlin
Q7246105,Private Jets
Q10358982,Reino Fungi
Q7518805,Simon Fraser University Pipe Band
Q88331539,
Q135649107,Sicksense
Q64995006,Co Streiff Sextett
Q63208486,
Q130314419,Mango Jump
Q39046807,Wellesley College Tupelos
Q106289126,
Q7336630,Ritam Nereda
Q115681441,Fourteen Feet
Q123534032,Duhovni kutak
Q123022135,Three Brown Sisters
Q11981462,Kolokol
Q432697,YU grupa
Q9094300,Violet UK
Q132758124,Mwg Drwg
Q139800901,Osaka Academic Choir
Q3491973,Sourya
Q11892869,
Q117458740,
Q97381506,
Q105199922,
Q134501955,Dielo
Q7748406,The Loose Salute
Q130545652,Circle the Drain
Q63208451,Les Abeilles bergeracoises
Q55597839,
Q96373702,Blo
Q6046521,Intergalactic Touring Band
Q1718680,La Cetra Barockorchester Basel
Q1290471,Sound Height 69
Q10338266,Nuno e Henrique
Q16423484,Orghestar
Q139762630,White Vale Brass Band
Q10460558,Cosmos Cowboys
Q9191994,
Q3054849,Ensemble Matheus
Q7718803,The Blue Moon Boys
Q140014890,Adrian Symphony Orchestra
Q127604312,Bottle Next
Q122840128,Tigirlily Gold
Q4049945,
Q2099943,Plückhahn und Vogel
Q11784556,Modrzewiacy
Q105104501,
Q1585605,Harmonic Brass
Q3304949,Melatonine
Q6052913,Original Creole Orchestra
Q123295904,Perma
Q101417062,
Q136477279,Alice in WonderBand
Q124423067,
Q4047003,Pitmen
Q1109742,Tragedy Begins
Q28691562,NAMBA69
Q12396376,
Q129820633,MSPAINT
Q11811154,Paraliż Band
Q97584408,New York String Trio
Q106928625,Last Stand
Q24837588,Rocoberry
Q39053695,The Maddigans
Q111131100,V.W.P
Q109254689,Franc Moody
Q116167726,Monikino Kino
Q18689960,
Q122920230,Gasparini family
Q12762148,
Q9348185,Super Duo
Q109356933,THE BINARY
Q10396990,+1
Q61101740,
Q28673871,T/Aboret
Q5437292,Fatal Fear
Q6890383,Mofus
Q7317823,Revelation Rock-Gospel Choirs
Q135447541,been & honey
Q12253621,Anti Sozial
Q5379947,Ensemble Cordial
Q3355277,Chamber Orchestra of Mexico
Q7679503,Taliesin Orchestra
Q7994554,White City
Q5853967,The Little Flames
Q125525542,
Q31888538,Göteborgs musikkvartett
Q30593955,Grandpa’s Ghost
Q11540426,
Q17750142,Bent Sølves orkester
Q116921106,Blackbraid
Q107606058,
Q16353061,Blitze
Q113637077,Fax Gang
Q9369340,Grupa WIEM
Q6366079,Kaohsiung Symphony Orchestra
Q1816907,Tasty Snax
Q11990453,
Q12268400,Txixaparrazta
Q138943586,
Q31841319,Forkolor Saxophone Quartet
Q20606806,
Q122927016,Les Accents
Q113505128,Shelta
Q25406693,Grupo Malagata
Q5382953,Epikouri
Q2591951,Trainspotters
Q9310370,Riddimzz Team
Q7732957,The F.C.C.
Q127444610,...music video?
Q2947162,Orchestre Symphonique de Paris
Q12185185,Músicos maestros de Jajouka
Q2695618,
Q71206769,I Corps Band
Q12737262,Orion
Q137945841,Ibrahim Collection
Q16828833,Dan Michaelson and The Coastguards
Q97456336,
Q11690494,
Q139780768,FINALLY
Q2414068,The Scandals
Q136522433,National Arab Orchestra
Q22079808,3LOGY
Q61138236,
Q16623480,Put3ska
Q66429493,Electric Sewer Age
Q6544213,Liepāja Symphony Orchestra
Q108331544,Grupo Toppaz
Q84939476,Buddy Guy Blues Band
Q113076505,Sotto Voce
Q12620765,Clover
Q105474466,Husky Loops
Q55622875,Mesner
Q56280990,Lucky Diaz and the Family Jam Band
Q2411055,The Electrics
Q28719343,
Q5457506,Flash Brothers
Q108259001,Morano
Q114353194,Buitraker
Q123180652,
Q11227477,KAM
Q1243926,R-GO
Q11230415,"Love, Dream & Happiness"
Q24915688,Final Surrender
Q2141498,Reinhold-Quartett
Q29973051,
Q116955718,Gospel of Death
Q3486139,Skara Brae
Q110069304,
Q104975749,
Q808960,Barroco na Bahia
Q10383825,
Q134700526,156/Silence
Q7580235,Spraydog
Q5203253,D-Efeitos
Q17638544,
Q85814934,Welsh Camerata
Q106104736,
Q1027370,Calmus Ensemble
Q15100873,
Q4959048,Braća Left
Q139570898,Hybryd Band
Q4279713,
Q7315789,Resource
Q18202351,Oscars ungdomskör
Q85808007,The Night Café
Q139602776,Queen City Brass Band
Q1589608,Paderborner Domchor
Q65965840,Latin Vox Machine
Q4952594,Boyracer
Q139762618,Malvern Brass Band
Q10613090,
Q5026142,Camerata de' Bardi
Q4146755,Moscow Operetta State Academic Theatre
Q111661508,Irohanihohetto AyaFubuMi
Q18632276,The Chicks
Q93738479,
Q11999353,Sanct Johannes-Guttene
Q2903717,
Q57240861,
Q7443334,Second Hand Band
Q1269754,Zagreb Soloists
Q10501610,Försvarsmusikcentrum
Q25502666,Dinar
Q4045315,Newtone
Q136327655,Hanoi Philharmonic Orchestra
Q17232430,The United
Q7736255,The Ghost
Q4240559,Khreschatyk Choir
Q55607513,Chorusgirl
Q85790292,Of Wondrous Legends
Q53643710,
Q12774653,Profil
Q10600236,New Bondage
Q25506783,
Q2748745,National Arts Centre Orchestra
Q12165103,
Q139385591,TOMORA
Q106122694,Tokio Promenade Orchestra
Q24963797,Spektral Quartet
Q111509744,
Q85800673,Shanti
Q15053479,Vienna Girls' Choir
Q1711370,Havixbeck Youth Orchestra
Q12410854,
Q60785056,Maxim Ludwig
Q27862651,Kako Band
Q106611133,The Nude Party
Q55605583,Blackthorn
Q139762598,Independent Cornet Band
Q22907622,D'Cuckoo
Q3359485,P.U.S.H.
Q1868989,Morthem Vlade Art
Q134168450,Khochu v Krym
Q317540,Women's Orchestra of Auschwitz
Q12303340,Beta Satan
Q16866698,Mamajuana
Q7632029,Subsonic Factor
Q132679199,The Damn Truth
Q10344773,Pardinho & Pardal
Q78056840,Evil Moisture
Q5184305,Crescendo
Q17232600,
Q12361464,
Q6737404,Majai
Q12008426,Ung Symfoni
Q112208318,
Q7099092,Opus
Q4037287,Diabolique
Q105666082,
Q24869194,Infumiaikumiai
Q7677028,Takahashi Gumi
Q63343836,Zang en Vriendschap
Q12634548,Klapa Nostalgija
Q131275112,
Q31840351,Mat.Joe
Q56374687,
Q43377089,Maburi
Q123179739,
Q2878923,Bagad Elven
Q3355269,Orchestre de Pau Pays de Béarn
Q3777457,Gruppo vocale Cantemus
Q20607620,
Q6144840,The Ly-Dells
Q105692675,
Q16639023,
Q16676932,Sinner DC
Q3388762,Pinknruby
Q54196418,Orquestra Sinfônica Carlos Gomes
Q23899502,Třírychlostní Pepíček
Q11887886,Philomela
Q31174236,Twilite Orchestra
Q85811903,Uncle Sinner
Q125916727,Bayer Philharmoniker
Q12747046,TAJJ gudački kvartet
Q12376434,
Q64664811,
Q7756971,The Phoenix Foundation
Q7740072,The Home Team
Q132328530,
Q4641155,5 Star Grave
Q136472303,Zinc
Q135717621,Tango5
Q20658439,Snape
Q6512961,Lee Andrews & the Hearts
Q9361279,Transsexdisco
Q24872047,Metalmouse
Q9174316,Blenders
Q105638774,hololive English -Myth-
Q10707852,Tysta Mari
Q85308509,kinderkoor de Karekieten
Q112228197,Choir of King's College London
Q38706274,Bagad Les Sonneurs du Lion
Q7366678,Rootvälta
Q55521825,NEURO TOKYO
Q5149641,Columbia Chorale
Q16530771,
Q113947132,Altered Five Blues Band
Q20822106,Uhuru
Q111765709,
Q104465204,Dear Mother
Q5069519,Chamber Orchestra of South Africa
Q5223348,Dark Orange
Q13018334,
Q3989133,The Saw Doctors
Q11292025,
Q50182516,
Q10608166,
Q6845709,Mikanic
Q4058463,Az
Q65548767,Melodic Art-Tet
Q65016398,Misty Blue
Q111908624,The Waeve
Q105009127,
Q65028410,Natur Pur
Q124673706,Beryl Booker Trio
Q131108613,Brutus VIII
Q12642923,Subotička filharmonija
Q138299603,Bita and the Botflies
Q9192057,
Q63213112,Dial M For Moguai
Q107633570,Diabolus in Musica
Q140115499,L&Co
Q133752375,Plead the Widow's Cause
Q17500953,
Q13091032,Zona Isključenja
Q111060278,Instra:mental
Q9582188,Adalberto & Adriano
Q124661046,The Grogans
Q11233627,Moonbug
Q120335552,
Q3193138,Kargol's
Q5559712,Gidi Gidi Maji Maji
Q12475470,Be3
Q104666874,
Q5087324,Chasing Pandora
Q7314339,Reptile
Q120764162,Horse Planet Police Department
Q4034753,Baal Zebuth
Q9212303,Drumlersi
Q7575659,Speedway
Q123583502,Flipturn
Q65006916,Vera Kappeler Trio
Q19947992,Khantoria
Q16848119,International Observer
Q4477438,Urfin Juice
Q12107334,
Q139375485,RenRiot
Q85794477,Pride of Niner Nation Marching Band
Q138750554,Meiyodensetsu
Q3063405,FRER 200
Q11248433,TEAM 44 BLOX
Q63208465,
Q4208184,
Q799093,Badische Philharmonie Pforzheim
Q5286636,Doble Filo
Q10663748,
Q44506233,Diealright
Q15812772,
Q7634851,Sugar Jones
Q30325722,Fanxy Red
Q89485937,
Q113685868,Blood from the Soul
Q3074448,
Q29023776,Dylan A Neil
Q3003707,Cromwell
Q6172637,Álex & Christina
Q52709567,
Q6747284,Manchester Boys Choir
Q10648077,Queen tour
Q11792594,No Limits
Q12256507,Egan
Q110895144,Kanata Symphony Orchestra
Q31188314,Lauroba
Q13016290,
Q107599833,Shinobu
Q16709763,
Q10341659,Singapore Indian Orchestra and Choir
Q3054834,Ensemble Court-circuit
Q9200384,DDT
Q107222475,L.A. Rats
Q106483465,
Q4218549,
Q90162823,Greymatter
Q124372698,Nud
Q57830639,Lustre
Q110448313,Ars Ludi
Q56356101,
Q9360588,
Q3001977,Cradle Orchestra
Q55621313,Los Wálters
Q11991344,
Q9667239,Brooklyn Tabernacle Choir
Q6533353,Lethian Dreams
Q2928969,Butter Beans
Q56064930,
Q5399332,
Q120833604,Punkt.Vrt.Plastik
Q5420439,Exitstance
Q122889060,New York City Police Glee Club
Q11888839,Primo Scala and His Accordion Band
Q6822597,Metal Duck
Q12033736,Lišáci
Q121070218,Trendroid
Q139780587,
Q11299388,Clitoris Girls
Q28498235,Art
Q60988231,PARIS on the City!
Q138948677,Bruecken
Q1635209,Laubacher Kantorei
Q121302784,Saltcoats
Q13022201,
Q1647356,"Tenores di Bitti ""Mialinu Pira"""
Q110895212,White Rock City Orchestra
Q25401364,Altocamet
Q9192008,
Q1049550,Shanghai Chinese Orchestra
Q12957860,Kataklizma zvuka
Q12253983,Arkada Social
Q138720309,Ya Ya Choral
Q18960286,Razormaze
Q7375820,Rubber Soul Project
Q61375127,
Q24259699,Mission Zero
Q112183168,
Q11885520,
Q140190457,Brown Wimpenny
Q110737990,
Q9191964,
Q703392,Dong Cheng Wei
Q14752122,
Q109602210,
Q11547156,
Q7722659,The Choristers
Q66023238,Traktorkestar
Q7841768,Trigon
Q16614321,Orquesta de Cámara de Bellas Artes
Q107675721,Idiot Grins
Q5765346,Himinbjorg
Q61107895,
Q61403129,Tuljak
Q11255866,ZOO→JSB→EXILE
Q25652634,
Q3150468,Indigo
Q3011579,Dabatcha'zz
Q7712817,The Aftermath
Q120686201,Abadeli
Q16351663,Apvedceļš
Q63343529,Stadtsänger Winterthur
Q24959833,Reggie 'n' Bollie
Q12498796,
Q9266664,Gedeon Jerubbaal
Q22123950,
Q124790707,AC/DÇU
Q5393264,Cantinovum
Q63208498,
Q3622046,Wonderland
Q16426784,Sniglabandið
Q905073,175R
Q61654663,The Three Courgettes
Q4850132,Balatonizer
Q11306289,
Q131522460,Nerija
Q16608968,Są Gorsi
Q10334932,N.A.D.M.A.
Q8193263,
Q11198317,encounter+
Q3327370,Muckrackers
Q16912286,Third Party
Q139762537,Sussex Cornet Band
Q65272884,Popseslish
Q10709397,Underjordiska Lyxorkestern
Q17936920,
Q28404052,Trouze
Q20310143,Ika
Q135855856,Midget Handjob
Q19386123,Raggabalder Riddim Rebels
Q7720140,The Brilliant Things
Q4201903,Instruktsiya po Vyzhivaniyu
Q31182923,
Q28405165,Joe Hertler & The Rainbow Seekers
Q15735014,Elderoth
Q116976470,
Q57416646,Hagiphonic
Q139762669,Moosomin Cornet Band
Q3408139,Proton Burst
Q10720058,Wild Rover
Q56275699,Irish Defence Forces School of Music
Q11231917,MONTIEN
Q12316625,
Q137360634,Las Robertas
Q131275546,
Q12003889,Subgud
Q131275113,
Q12727435,
Q124604965,The Summer Rebellion
Q106928590,La Peste
Q135206041,Hey June!
Q136679957,Iwate Kenmin Orchestra
Q3812921,
Q123053232,Gurye Hyangje Julpungnyu
Q2906404,Blessed Soul
Q76834120,Snowdonia
Q15055556,The Smile Shop
Q140287014,
Q136979366,MTJ
Q3147799,Idem
Q63992669,Round Hills
Q4042396,
Q124423207,Engraved
Q124513984,Axis
Q16681307,King Baudoin's Troubadours
Q11751535,Kwadrat
Q16486833,
Q10568089,Livelihood
Q7107014,Oslo Camerata
Q4834923,BBC Radio Orchestra
Q118697932,5G
Q16114051,Croatian Radiotelevision Choir
Q16082299,L2K
Q688202,Camerata Bern
Q6942485,Musica a Palazzo
Q96379602,Gloo
Q61364432,Irazi
Q63208501,
Q135192099,Les Éclipses de Longueuil
Q11991812,Nordic Voices
Q6994583,Nepathaya
Q16873320,Powerhouse
Q12122264,
Q10505566,Globes
Q735662,Włochaty
Q84432241,
Q17007537,Dembo Konte and Kausu Kuyateh
Q4456442,Imperial Tiger Orchestra
Q16111827,Magneti
Q5553668,Gestalt et Jive
Q1270678,Sakʻartʻvelos saxelmcipʻo simebiani kvarteti
Q20684074,Evvol
Q20426336,5 Srigala
Q31188112,Mandoilek
Q3129882,
Q10559807,Let Them Eat Cakes Tour
Q12327995,My Name Is Legion
Q4022900,
Q60746438,CB30
Q105122145,Wind Orchestra of the Conservatory - Professional School of the Arts of Madeira Engineer Luiz Peter Clode
Q7755421,The Orobians
Q127601363,Shagg Carpet
Q7977660,We Love Danger!
Q4493076,
Q63208467,
Q31365484,Prorocks
Q97178410,Military Jane
Q111982317,Richardson Symphony Orchestra
Q134580159,
Q110103864,
Q85501739,
Q16847853,Swamptrash
Q11690472,
Q5285425,Dlamini King Brothers
Q7438718,Scrambled Eggs
Q125505721,Shaker Quartette
Q3106392,Pastora
Q12403028,Zyklus
Q109597483,
Q114878628,Rajendra-Vinay
Q9179347,Brighter Death Now
Q11869513,
Q7428434,Savoy Havana Band
Q112415814,Ame to Kanmuri
Q20471542,Kara Cephe
Q12093132,Military Music Center of the Ukrainian Ground Forces
Q12634552,Klapa Petrada
Q85792583,Peaer
Q10260458,
Q3148381,Ikabaren
Q25427595,
Q31188088,Elaudi
Q25454343,Magyar Dudazenekar
Q55316750,L.A.R.S.
Q693782,Wideboys
Q60990995,
Q136312461,Toke D Keda
Q101093845,The Criterion Quartet
Q3345656,Noyau Dur
Q25407291,KnockOut
Q24450585,
Q5492457,Frantic Jack
Q65273692,
Q3511388,"Sérénade pour flûte, alto, contrebasse, clavecin et percussion"
Q10496807,Flincka Fingrar
Q4065095,Angel NeBes
Q137426696,The Family Music Tz
Q127268635,Saskatoon Opera
Q106164317,Frontm3n
Q18245157,Popterror
Q11222998,Hale no sola sita〜LA YELLOW SAMBA〜
Q7734294,The Five Stars
Q135207113,The Velvet Sundown
Q7751560,The Miniatures
Q12033593,Lipka Pardubice
Q4647079,A.C. Temple
Q7857451,Tweak
Q10648422,
Q6297191,Joy Machine
Q18002971,
Q117715336,Lies
Q17591665,Salzburger Festspiele und Theater Kinderchor
Q110820533,
Q11788053,
Q12267280,Seiurte
Q16111751,Soul Fingers
Q7933282,Violet Tears
Q131100202,
Q116980614,The Lumpen
Q134613747,Dexter and the Moonrocks
Q30766022,
Q17711824,
Q28057195,
Q9390278,
Q11697633,Falarek Band
Q25000437,The Ballantynes
Q109285843,Charm of Finches
Q25056817,Pinkwash
Q15632104,Lief Java
Q1699382,Limburger Domsingknaben
Q4548310,123 Marseille
Q4460947,Torama
Q117857358,
Q3355273,Orchestre de Picardie
Q1817099,Lemongrass
Q31188353,Oso Fan
Q10647962,Q-tones
Q11728678,
Q16534510,
Q105720573,Solemn They Await
Q48942071,
Q21083051,Les Batinses
Q7171545,Pet Lamb
Q15964506,OTC
Q9368074,Vabank
Q96741422,Mixed Up Everything
Q96351284,
Q54869870,Holyoke Caledonian Pipe Band
Q3502965,Suedama Ensemble
Q5280517,Director
Q12056320,Diamonds Are Forever
Q65391935,Frysk Jeugd Fanfare Orkest
Q4039790,H.U.V.A. Network
Q23021805,Chorale Elisabeth Brasseur
Q104906414,
Q110296274,Petty Theft
Q132746232,Voluntary Mortification
Q7859247,Two Spot Gobi
Q139556850,Flor Et
Q1245743,Rambling Blues Trio
Q6924352,Mount Vernon Arts Lab
Q106394671,
Q5516026,Gabrieli Quartet
Q5088846,Cheap Freaks
Q17513751,Instruments
Q1028618,Camerata Zurich
Q10718082,Västerås Sinfonietta
Q3498758,Stereotypical Working Class
Q5593689,Grammatics
Q57909447,Mission Valley
Q7117030,P.K. 14
Q12118070,
Q107540306,Mannskoret Ultralyd
Q5046322,Carried Away
Q61362240,John Berkhout
Q20053304,
Q726878,European Union Baroque Orchestra
Q6901683,Monolith
Q123053828,Gypsy's Kiss
Q7673653,Tabú Tek
Q7507575,Sick Mother Fakers
Q10281736,Festa Mobile
Q113380017,Istanpitta
Q139757343,Surrey Cornet Band
Q106665016,Future Funk Squad
Q104603370,
Q12077307,
Q28927409,
Q5610278,Groop Dogdrill
Q16873272,
Q55642278,The Fake Leather Blues Band
Q110252138,The Heatwave
Q10262117,Cuidado que Mancha
Q1967382,The Bluetones
Q113647994,
Q134053356,Hezekiah Jones
Q137585150,
Q11248182,TATE & MARKIE
Q139943336,
Q20811307,New York Harp Ensemble
Q3780433,HDK
Q5336256,Eddie Lund and His Tahitians
Q85792593,Peaness
Q12773390,Para
Q10520324,Hell or Highwater
Q3307388,Metisolea
Q107133143,Yam Haus
Q111181748,Anxious
Q138011307,Bob Tilton
Q99228262,Danny and Alex
Q48893046,
Q134540774,
Q109771903,Suomalainen Ooppera
Q1713405,Junges Kammerorchester Reinickendorf
Q13026056,
Q3522992,The Third Memory
Q10437063,
Q13175773,Koma Wetan
Q9593432,
Q65211272,La Banda Balca
Q11193039,Catsuomaticdeath
Q96475248,Don't Ask Smingus
Q30891113,
Q127508536,Għaqda Soċjo-Mużikali Aniċi
Q18226751,
Q2529776,
Q15854188,
Q4778579,Aobozu
Q28698309,
Q113452196,Taipan
Q61361965,FMA Trio
Q122926889,MmMmM
Q122772980,Blue Screw
Q27817989,The Marquees
Q106610982,The Rattlesnakes
Q9248759,DzieńDobry
Q5915269,House of Prince
Q9276517,Grojcowianie
Q131275547,
Q4427506,
Q61943408,Runar Kristinsson
Q20965617,The Superfine Dandelion
Q20059955,Os 3 do Nordeste
Q10401416,Adolf Fredrik's Girls' Choir
Q1905474,Saens
Q30598067,PANGS
Q48719865,Pretty Brown
Q115440199,The Edgar Winter Group
Q1292270,I Solisti Veneti
Q13020251,Rookie BB
Q132758714,Newbridge Celynen Brass Band
Q124631189,
Q18391808,SXL
Q3542189,Tunnels
Q1298259,Saar Chamber Orchestra
Q128403440,Għaqda Mużikali Madonna tad-Duttrina
Q111207307,Ar Bard
Q104185040,
Q110895122,Calgary Youth Orchestra
Q5149048,Colorfinger
Q534302,Brathanki
Q10851185,Jevice
Q115955454,NZTrio
Q9373908,Sunday Girls
Q5182411,Crashcarburn
Q4919026,Sao Sao Sao
Q7036349,
Q25452760,
Q124618105,Airedales
Q85966631,
Q9143141,
Q120335662,
Q2914921,Monte-Carlo Philharmonic Orchestra
Q12147580,
Q7765816,The Spelling Mistakes
Q73537390,
Q23500597,Pulpopop
Q139762591,Metcalfe Brass Band
Q131443121,Sophisticated Boom Boom
Q124423270,
Q5092051,Chernihiv kobzars
Q3490328,
Q7757511,The Plot
Q3393170,Poetic Lover
Q118954622,
Q12320537,Juncker
Q25513685,
Q136680006,Iwaki Symphony Orchestra
Q55395443,Cimbálová muzika Milana Broučka
Q11229001,LGYankees
Q3025814,Diabologum
Q136756551,VIA Kaskad
Q10336558,New Winds
Q109411229,
Q12040407,Narvan
Q3413668,Béla Quartet
Q2085972,Philhomoniker
Q110069331,
Q7409662,Sammath
Q12151399,
Q124004689,Jesus Ojeda y sus Parientes
Q5063201,Century Steel Band
Q3049189,Egidius Kwartet
Q15304697,Zokela
Q12127695,
Q20038263,
Q3315505,Minitel Rose
Q60028646,Los Chimberos
Q13409244,Bomb Factory
Q65061632,Hong Kong Youth Symphonic Orchestra
Q28701859,
Q52226514,"Koninklijke ""Sint-Martinusfanfare"", Halle"
Q104858443,The Steelers
Q11221989,Gutevolk
Q136696286,Kagawa Junior Philharmonic Orchestra
Q99689183,University of Northern Colorado Big Band
Q19692953,
Q2384462,Bio Ritmo
Q111715563,Przyjaciele Karpia
Q7256569,Psykosonik
Q10498362,Four Ever
Q3693884,
Q7660091,Sydney Philharmonia Choirs
Q28410217,Shanghai Rainbow Chamber Singers
Q12307999,Delta Cross Band
Q105710728,
Q11989862,Mongo Ninja
Q65042983,The Maximum Definitive
Q28406341,Almighty Dreadnaughtz
Q7753089,The Narcs
Q111492156,The Antilles
Q106043674,
Q65302478,
Q7738808,The Happy Ending Music and Reading Series
Q5612165,Grupa I
Q117029064,FE:VERSE
Q133799415,The Amazing Devil
Q6375879,Kate and Gin
Q107061479,Qwabe Twins
Q12343201,Tina Talks
Q3079917,Foumagnac
Q116982440,Overmono
Q2816908,48 Cameras
Q7547319,Snapper
Q136410818,Kunming Nie Er Symphony Orchestra
Q3866875,Unhasu Orchestra
Q116152122,International Youth Philharmonic Orchestra
Q13637110,Héritage des Celtes
Q123939015,Araldyca
Q5172927,Corrick Family Entertainers
Q4344077,Panki Po Pyanke
Q3325939,Moun Karayib
Q43080179,House Guru Gang
Q21088026,Fruktы
Q6621648,
Q136688487,Jhon & Demian
Q19725792,Gamma1
Q11247371,Studio Apartment
Q2031508,Orpheus Kammerchor München
Q30646028,Bacao Rhythm & Steel Band
Q97187906,
Q133757042,Choir of the Théâtre du Châtelet
Q85864303,
Q124497045,
Q122925984,Muhlenberg College Chamber Choir
Q84607030,Only the Family
Q105554484,For I Am King
Q12745788,Lude Krawe
Q11832961,R.M.I.
Q136039752,Gadan
Q60985764,SPガールズ
Q22312963,Purcell Quartet
Q5475207,Four Golden Princess
Q107111861,The Suede Crocodiles
Q20103126,Cobla Baix Empordà
Q23786649,Die Blömcher
Q12016739,Folklórní soubor Úsměv
Q131384748,American Patchwork Quartet
Q13053032,
Q68538800,Jambalaya Jazz
Q20017126,Los Tachos
Q12711495,
Q10502430,
Q6842761,Midnight Ramblers
Q7765716,The Spats
Q50182518,
Q3409804,Sanatorium
Q5450009,Findo Gask
Q106578143,
Q122926864,Glasgow
Q105840234,Yukiga Futte Uresii
Q134286559,Los Cantantes de Manila
Q18274720,Västerås kammarkör
Q1980180,Neuer Knabenchor Hamburg
Q10480833,El-kvartetten
Q16847249,Southern
Q9144519,Albion
Q130339504,Cortijo y su Combo
Q7280501,Radicales51
Q17231982,The Hoodies
Q123259263,
Q109413623,
Q17070365,Shamss Ensemble
Q11320995,
Q3873031,
Q10466679,Dansen inställd pga krogshow
Q29023843,Noughts and Crosses
Q6697022,Lucien
Q127296121,Soċjetà Filarmonika G.M. Fra Antoine de Paule Banda Kristu Re
Q139762579,Woodville Brass Band
Q109973556,Maimoa
Q105443628,
Q105364085,
Q33836811,Supergenius
Q7113526,Over the Wall
Q3007606,Curandero
Q7633051,Suck
Q118590840,Chœur de l'Orchestre de Paris
Q10406716,Alpha Safari
Q11787655,Mystic Diversions
Q117803319,Symphonic Band of the Spanish Royal Guard
Q4048378,RockerJoker
Q10511223,Guttersnipe
Q17177232,HELLO JAP
Q3124583,Gülcher
Q7256283,Psychick Warriors ov Gaia
Q97210721,
Q13433131,
Q11973348,Gunslingers
Q110322998,Flaškinet
Q61365506,Larregi
Q121290013,
Q4039613,Goresleeps
Q131314868,
Q9286708,Hassan I Sabbah
Q61103265,
Q96417741,Band of Talabene
Q122209498,Maniac
Q97366181,
Q140133619,Anasarca
Q133799661,
Q3194281,Katé-Mé
Q134487707,Michigan Rattlers
Q99486944,
Q8047420,Yale Schola Cantorum
Q66084713,Heat Academy
Q11752236,L-4
Q100987730,Kaachi
Q834039,Collegium Aureum
Q1097909,Claudia und Alexx
Q3607847,Moral Code X
Q324482,Cappella Coloniensis
Q61918778,BOO BOO
Q9057160,Pay TV
Q61362921,Haustura
Q55469285,Típica Sans Souci
Q15052770,The Parking 5
Q8059450,Ypogeia Revmata
Q7618204,Stockton's Wing
Q74101061,
Q65032413,Lottchen
Q4403028,
Q108837921,Klapa Lučica
Q82045819,Sandy's
Q131926824,Dixie-Sound
Q6714917,MCJ and Cool G
Q16607616,Songhai
Q3490456,Sonic Area
Q7750605,The Master Scratch Band
Q31187954,Skakeitan
Q4335139,
Q5223587,Darkend
Q120534240,Viano Quartet
Q106622424,
Q65030305,Free State
Q12335207,SigMitNavn
Q11330959,Beauty Pair
Q136593743,Your Arms Are My Cocoon
Q31191982,
Q17313780,Bulssazo
Q5469116,Forest Stream
Q105460101,
Q16847901,Intense Method
Q10325387,Marcos & Belutti
Q6875311,Mise
Q24935315,Ottavo Richter
Q7507335,Sibyl Vane
Q97155842,Just John x Dom Dias
Q6649819,Little Doses
Q15912886,Formosa Singers
Q3232574,
Q3477451,Section Fu
Q91945106,
Q7596730,Stafrænn Hákon
Q4958740,Brazilian Guitar Quartet
Q47879375,Liberale Fanfare Sint-Cecilia
Q137170364,Opera Popular de Barcelona
Q85866261,MIX MARKET
Q110510282,Wildliw
Q3098210,Le Poème Harmonique
Q9250088,Easy Band All Stars
Q140189009,The Hearts
Q5508669,Fun Master
Q18424031,
Q4045957,
Q12058394,Tatroska
Q101195583,Theatrum Instrumentorum
Q14979090,Plush
Q6191849,Jiant
Q10547622,Konkurs
Q120279257,
Q16117335,VIS O’Hara
Q7727216,The Complex
Q28151618,Blue Hippo
Q30594681,Las Vegas Symphony Orchestra
Q248524,Zürcher Sängerknaben
Q6747480,Manchester Pipe Band
Q131546926,Camerata Cassovia
Q4993067,Kungliga Hovkapellet
Q16657874,
Q3493093,Burka Band
Q16590749,Poznański Chór Katedralny
Q6781570,
Q56359626,
Q9206760,DiM
Q25435782,Foa-Hoka
Q104636006,Beecake
Q7885372,Union Avenue Opera
Q27817387,The Cap-Tans
Q748807,StrommoussHeld
Q11455365,IE-NO-URA-DE-MANNBOU-GA-SHINNDERU-P
Q2344344,Janez Detd.
Q133307810,House of Protection
Q63358289,Sachet–Parampara
Q11229290,L.L.Brothers
Q12634550,Klapa Luka Ploče
Q139762660,Hafford Brass Band
Q114797013,Røyken Brass
Q31187768,Sama Siku
Q12632542,Hrvatski Band Aid
Q16409055,
Q1623005,Hofer Symphoniker
Q107599413,
Q7617993,Stockholm Academic Male Chorus
Q12006576,Toini & the Tomcats
Q5204338,DAT Politics
Q86100815,
Q65049487,Swamp Baby
Q97203817,
Q50290534,
Q4929595,Blue Orchids
Q7738414,The Grumbleweeds
Q139991124,INSCT
Q81228351,Smokin Beats
Q7841221,Tricky Woo
Q2538555,Wacken Firefighters
Q55458195,Cuarteto Típico Catenacho
Q5263542,Des Peres
Q136308938,Djangu Gandhal
Q6186763,Jesse Quin & The Mets
Q6742899,Maldoror
Q7096672,Operahouse
Q134051529,Harlem Philharmonic Orchestra
Q130373574,
Q12601390,
Q131363843,Stockholm Chamber Brass
Q124499474,girl jail
Q96412646,United States Air Force Academy Drum and Bugle Corps
Q48744903,
Q28746072,Dear John
Q24075475,The Washboard Union
Q11502470,Shinsei Japan Symphony Orchestra
Q5411194,Eureka Machines
Q432687,Električni Orgazam
Q1868205,Koninklijke Harmonie van Maastricht 1825
Q132675136,The Angelettes
Q4051727,Trek
Q65172086,Promyshlennaya Arkhitektura
Q31187497,
Q111419870,Hightime Rebellion
Q11777692,"Meth, Ghost & Rae"
Q4206665,Kabinet
Q2500784,Vlaamse Opera
Q61361826,Aneika Ara
Q124353343,La Manouche
Q55608525,Crash The Calm
Q7620995,Straight Clean & Simple
Q10576158,Malmö motettkör
Q1213315,Die Hegl
Q104215406,
Q138330187,
Q4714685,Alejandro Toledo and the Magic Tombolinos
Q18689994,Mieskuoro Laulun Ystävät
Q2138783,
Q106764138,Münchener Bach-Orchester
Q107734469,
Q16495448,100nka
Q12271278,
Q3235084,Les Rats
Q97178688,
Q2656558,Auryn Quartet
Q7940015,Volcania
Q60786363,The Grehan Sisters
Q2137512,Reger-Chor
Q10353190,
Q11284237,
Q138652124,
Q4313410,
Q123560600,Spencer the Gardener
Q25516645,
Q6412037,King Shaolin
Q48780356,
Q16494320,A.j.k.s.
Q79052274,Yusupha Ngum and the Affia Band
Q114020463,Spinnaker Shanty
Q120751518,Future Collective
Q11772532,
Q109414511,
Q4059638,
Q131379172,Cantica nova
Q61364971,Txost!
Q137455993,Wabienation
Q139602612,Metropolitan Silver Band
Q20523746,
Q4327017,Nogu Svelo!
Q25211996,Causa Sui
Q118874623,Light Conductor
Q56412454,Fasang family
Q2232036,Obernkirchen Children's Choir
Q1957167,Mädchenchor Wernigerode
Q1750794,Sojah
Q109360530,
Q7743922,The Kabeedies
Q7106883,Osjan
Q56275380,Blair Quartet
Q113332237,
Q96418953,Milk Money
Q6826693,Mezquita
Q2933639,Calc
Q2251928,Schuppanzigh Quartet
Q104859587,Drama
Q136764767,Ishikawa Philharmonic Orchestra
Q7759253,The Raftsmen
Q60988391,Age Factory
Q20164474,Heyrocco
Q25223180,Daikaiju
Q7738339,The Groove Kings
Q79053449,Il Gusto Barocco
Q122866411,
Q12812029,TNK
Q135742114,Não Ao Futebol Moderno
Q6381357,Kazna Za Uši
Q107165751,
Q105069153,
Q12303036,Casper Holm
Q105658295,
Q15124021,I Like You Hysteric
Q5019637,Calgary Boys' Choir
Q24039058,BlackByrd
Q12010827,X-Queen of the Astronauts
Q7262018,Pustra/Vile-een's Vaudeville
Q6937659,Murder Inc.
Q21724015,Vojni orkestar Ljubljana
Q2800845,
Q19730843,
Q22080385,Eurotix
Q7396631,Sacconi Quartet
Q11963077,
Q135525645,The Heavy Heavy
Q4803801,Ascend
Q116056404,CU Buffoons
Q1320638,Fatal Shore
Q5136568,Clue J & His Blues Blasters
Q2940369,Carré Rouge
Q10680510,
Q11915581,Cor Lieder Càmera
Q98431945,
Q12343036,The Glimmers
Q5718329,
Q114876381,Danmarks Radios Drengekor
Q11790845,New Cactus Band
Q123376546,Strictly Ballroom
Q10677422,Stalins War
Q4192514,
Q28147873,Birmingham Symphony Orchestra
Q116621565,
Q118113323,Cherub Tree
Q9285744,Hambawenah
Q61361682,Deus Ez
Q9390301,Zespół Pieśni i Tańca “Lublin” im. Wandy Kaniorowej
Q79844422,Mugi the Cat
Q2598931,Les Talens Lyriques
Q126325019,ČaroTaj
Q134053400,The Wrong'uns
Q5265903,Detroit Diesel
Q136695965,Saga Symphony Orchestra
Q125821540,Eddy and the Soul Band
Q56651627,Filarmonica Giacomo Puccini di Pomarance
Q4038210,Escala
Q2003943,Deepside Deejays
Q131850531,Alleviate
Q85857915,
Q117843568,
Q139762671,Qu'Appelle Industrial School Brass Band
Q11689234,Będzie Dobrze
Q5326186,Earl and Dallas
Q7096604,Opera Memphis
Q23891902,Frýdek-Místek Symphony Orchestra
Q28602352,äänijännite
Q137591504,The Haggertys
Q3693862,
Q2839580,
Q3177811,Jetsex
Q338809,Accentus (choir)
Q124497023,
Q17094355,
Q1278322,I.F.O.
Q20103738,
Q64876647,Cartel Madras
Q7545277,Smith Quartet
Q2980018,August and Telma
Q124624017,B & G Rhythm
Q13081832,Emir & Frozen Camels
Q11361355,
Q2082994,Turku Philharmonic Orchestra
Q20072507,
Q6109108,JT Playaz
Q3702748,Darkel
Q136505243,Eli Vesper
Q16704511,
Q123013663,
Q65035574,Francis Burger Trio
Q113332241,
Q914203,The Swell Season
Q12098540,
Q20159280,
Q22080514,Lorong Boys
Q65255655,
Q131275096,
Q7575834,Spell
Q10484393,Ensamma Hjärtan
Q116796576,ARTBEAT
Q6066801,Haramiler
Q3212838,
Q110072252,
Q106635758,Magic Mountain High
Q20038334,SAMURIZE from EXILE TRIBE
Q60762626,Ghost-Note
Q130734538,Getdown Services
Q3024369,Desert Rebel
Q10699841,Tondöv Terror
Q135907119,Folksmilch
Q120483166,La Vieille Gascogne
Q1266366,Duo Stump-Linshalm
Q139762551,Londonderry Miners Band
Q20685100,PAWS
Q2173783,Fatal Bazooka
Q136326175,VariOrchestra
Q31094940,Holo
Q106631139,Aswekeepsearching
Q5025898,Camelia and Delgado
Q85862947,Mziuri
Q13632871,
Q124329395,Jakata
Q10600725,Nike Gurra
Q20685682,Stormy Atmosphere
Q63078444,
Q61364269,Madarikatuak
Q1607888,Herb and Kay Adams
Q3541854,Tue-Loup
Q8207312,Assalt 43
Q96398379,Parachute Band
Q5288155,Dog Almighty
Q61363654,Herabe
Q105518993,
Q132151250,
Q115957163,
Q4167402,Daughter of Monroe and Kennedy
Q29597375,Aargauer Kammerorchester
Q98550879,
Q579283,Concerto delle donne
Q116971332,Marti
Q6694046,Lowgold
Q12253374,Amonal
Q17219429,ShAbo
Q105839806,International Newport Band
Q105335386,
Q5281671,Disconvenience
Q24870010,
Q11233604,Monokuro
Q96097113,Floyd George
Q30716381,OWEL
Q90633601,Canadian National Brass Project
Q16570907,Gédéon
Q139737256,
Q7073246,O Fracas
Q48699948,Lo Moon
Q7712065,The APF Brigade
Q117029046,Orchestra of the Twentieth Century
Q11968459,
Q60791516,Autorickshaw
Q10550103,Kummelby Choir
Q84418395,DAYO
Q13026548,Hammer
Q3576101,Zorg
Q6856396,Raanana Symphonette Orchestra
Q12259169,Hiru Truku
Q3563279,Vöx Pöpüli
Q2963407,Chico & Roberta
Q11515750,
Q18149407,Connecticut Hurricanes Drum and Bugle Corps
Q124338185,The Sufis
Q97219041,Verto
Q4353634,Musicians of the King's Road
Q6157047,Torrevieja Musical Union
Q31358743,Iona & Andy
Q4344778,Para normalnykh
Q109806914,Xerinola
Q3125262,Habana Abierta
Q20028889,Ganja Mafia
Q1559831,Göttinger Symphonie-Orchester
Q2028616,
Q1122481,Computerjockeys
Q111181110,Lucia & The Best Boys
Q12296768,
Q3979124,Synaulia
Q25056063,Gungor
Q4930456,Blues Creation
Q48942034,
Q6979529,National Youth Strings Academy
Q139757289,Tuxis Boys' Brass Band
Q19977262,Stockholm Voices
Q85795405,RC & The Gritz
Q1224862,Open Stage
Q132531775,Heroes In The Snow
Q139762600,Owen Sound Brass Band
Q5520856,Ganesh and Kumaresh
Q5968897,Korean People's Army State Merited Chorus and Symphony Orchestra
Q11198116,Each of the Days
Q6072864,51 Promil
Q31093137,Pedrofon
Q6794504,MaxNormal.TV
Q96743107,Irandek
Q125251182,
Q130486583,
Q3998928,Trio di Trieste
Q11762984,
Q24872954,LOKA
Q4703781,Al Ekhwa
Q15854187,
Q99568424,
Q22126942,New Japan BGM Philharmonic Orchestra
Q16295469,
Q97610444,Baker Family
Q11926302,Ia & Batiste
Q106288078,
Q122832579,
Q4039720,Gromm
Q18662425,Tuira Chamber Choir
Q16954927,The Luka State
Q122926868,Je rigole
Q7618383,Stoichkov
Q5083878,
Q4866998,Basic Radio
Q2004841,Troissoeur
Q127445674,A Little Orchestra
Q123018096,Puzangalan Children's Choir
Q117857963,
Q65007841,Help
Q5270052,Di Naye Kapelye
Q18290829,Höganäs musikkår
Q130288447,A-Bombs
Q5358838,Element Quartet
Q6842837,Midnight Youth
Q12162676,
Q112623555,
Q12583529,Gyeonggi Philharmonic Orchestra
Q16679356,Nadezhda
Q15304090,Monsieur Doumani
Q65255397,
Q113107334,Sonny and the Sunsets
Q5671200,Altus Mortem
Q131002657,Tension Co.
Q104852820,Pleasure
Q3350285,Chandrabindoo
Q31188092,Bidebat
Q122414295,Hellscore
Q4065248,
Q3520018,The Black Noodle Project
Q1957337,
Q7773178,The Wades
Q61122837,
Q28405205,Carmada
Q111715578,Przyjaciele Karpia
Q118674744,Sonatori de la Gioiosa Marca
Q8078999,Örebro Chamber Orchestra
Q4047335,Preternatural
Q123475288,Abandon Hope
Q48697861,The People The Poet
Q19876602,Sunken Seas
Q97186368,
Q30589795,Bad Seed Rising
Q111715577,Przyjaciele Karpia
Q4782730,Aquarello
Q5189071,Crow Black Sky
Q5379967,Ensemble for Intuitive Music Weimar
Q122926989,Twenty88
Q19977037,Monarken
Q25414947,Extazy
Q132658855,Alcolirykoz
Q7647169,Survival
Q139757243,York Region Brass Band
Q140184823,Prague Metropolitan Orchestra
Q7728575,The DC3
Q24950887,Karatechno
Q12012466,"Big, Black & Beautiful"
Q2795072,
Q16886255,Ultrabeat
Q93294032,
Q7734356,The Flaming Idiots
Q66386516,Young Bombs
Q11524406,
Q138036274,
Q137456060,Kwaya Ya Uinjilisti KKKT Makorora Tanga
Q17388837,Thus Owls
Q15041025,Neo
Q11347453,Ramona
Q1106388,Anticappella
Q4050483,
Q136696018,MBC Youth Orchestra
Q23808088,Animae Gospel Choir
Q12256775,
Q65233020,UTOPIE
Q18332119,Radiotjänsts Kabaretorkester
Q6691689,Love and Sas
Q97186215,
Q104623474,
Q4794357,Army of the Universe
Q607507,Electrafixion
Q55099231,Too Many T's
Q90400096,
Q19867910,Portland Baroque Orchestra
Q10689240,Sörns
Q3907306,
Q61362490,
Q1043788,Kammerchor Carmina Mundi
Q2822354,Académie du Palais royal
Q67934438,GoodBand
Q4048155,Rekevin
Q113589105,
Q9604232,All My Faith Lost
Q12619275,Cheongju Philharmonic Orchestra
Q1744668,
Q1489837,Hans und Ellen Kollmannsberger
Q139762662,Kolin Cornet Band
Q51029830,Zentrum für Literatur und Künste
Q12305037,Cage & Aviary
Q56648481,
Q48700302,Jawbreakers
Q126924438,"Għaqda Karmelitana, Banda ‘Queen Victoria’"
Q3349907,Ohtar
Q10520564,Helsingborg Symphony Orchestra
Q136956438,Gianni Coscia Quintet
Q7295483,Ratas Del Vaticano
Q61125708,Shir & Tim
Q4362535,Pik Klakson
Q5113958,Chronic Xorn
Q1951802,
Q51029038,Ensemble Neue Horizonte Bern
Q3147090,I Fratelli
Q134053396,The Long Wait
Q130583362,BBU
Q137821097,Category:Shintrun Taiwanese Opera Troupe
Q23831073,Ensemble Proton Bern
Q11939488,
Q61361518,Bi Bala
Q137940633,
Q117414980,
Q300716,Aachener Domchor
Q31188919,Incansables
Q6784998,Master Chorale of Washington
Q131198649,Manchester Collective
Q6906354,Montreal Women's Symphony Orchestra
Q2830404,Griller Quartet
Q15044626,Lightspeed Heat
Q136696148,Ehime Symphony Orchestra
Q31189053,Gu ta Gutarrak
Q48700563,
Q28678403,
Q48905009,Taipei Male Choir
Q63208449,
Q11191425,BLUE BOY
Q24204304,The Blades of Grass
Q18237807,Blåkulla
Q65072661,New Jersey State Youth Orchestra
Q12743925,X-plod
Q123488324,After Hours
Q11321915,The Trampolines
Q106128013,Stepney Sisters
Q11893450,Sikfuk
Q5012260,CJ Crew
Q132776452,DJ MNS vs. E-Maxx
Q24865776,Unlimited tone
Q24946288,Oxford Drama
Q7104022,Orquesta Filarmónica del Estado de Querétaro
Q61069984,Fugato Orchestra
Q4918890,Biting Tongues
Q12128918,Kyiv Symphony Orchestra
Q16886253,Ukrainian Navy Orchestra
Q55586123,Soul Train Choir
Q56275792,Pylon Reenactment Society
Q12654687,GTČ
Q105335113,Sociedade Euterpe Alhandrense
Q124004682,Los Jilgueros del Pico Real
Q2841231,Amarillis
Q25056330,V8
Q20521434,
Q3054843,Ensemble PhilidOr
Q132141516,Elevation Rhythm
Q121832797,Grouptherapy
Q134053369,Moosmusic
Q16200972,Nizami Bandhu
Q3481580,Maus
Q139762522,Winnipeg Brass Band
Q12336679,Spirit Catcher
Q12011502,
Q98456455,
Q20684949,Near Ruin
Q13031118,
Q9559215,A Turmalina
Q12294994,
Q4037129,Decoder
Q136437160,Warren Symphony Orchestra
Q96278834,Calvet Quartet
Q115956511,Shagwüf
Q4326592,
Q4419940,Orquesta Sinfónica del Estado de México
Q84939538,Jim McHarg's Metro Stompers
Q105067192,
Q126953607,Għaqda Filarmonika Mnarja
Q133308392,
Q85742998,Armenian Jazz Sextet
Q101836989,Cheney Family Singers
Q127418474,James Supercave
Q139742374,
Q7579969,Sportsguitar
Q12644288,VIS Bezimeni
Q9337743,Skazani Na Sukcezz
Q11191894,BURGER NUDS
Q11261898,
Q1441837,Gerhart-Hauptmann-Theater Görlitz-Zittau
Q12390346,HYPE
Q123558529,Brussels Sinfonietta
Q96380393,Hastings Sinfonia
Q65028545,The Gardener The Tree
Q61377630,Harlem Youth Orchestra
Q12308070,Den Jyske Opera
Q56373864,
Q65052910,Pavel
Q5464684,Follow-the-leader
Q59682461,.moontalk
Q11723561,
Q10429236,Bhonus
Q5990420,Malacates Trébol Shop
Q3054835,
Q5511071,Fuzzy Control
Q10543934,
Q1802259,
Q85964892,Bambara Drum and Dance Ensemble
Q25339846,Rodolfo y su Tipica RA7
Q120335580,
Q16020948,Alexx & Mooonshiners
Q109539988,Toronto Concert Band
Q3232469,Les Escrocs
Q6400712,Kharkov Klezmer Band
Q7634887,Sugar Plant
Q131604810,
Q18289479,Gaël
Q139571994,Dream This Air
Q22313501,The Vultures
Q47773310,"Fanfare ""Sint-Cecilia"""
Q139800908,The Song Company
Q28450788,Ardenza Trio
Q3693853,
Q25429700,Coral Paulistano Mário de Andrade
Q27817251,Escape the Day
Q2878953,Bagad Roñsed-Mor
Q16130286,
Q134445150,Tønsberg Janitsjarkorps
Q137687383,Bohuslav Martinů Chamber Orchestra
Q12622563,Heart to Heart Orchestra
Q11240660,REBEL BLUE
Q6804483,Mechanical Cabaret
Q10708874,"Ulrika Eleonora Kyrkokör, London"
Q4663210,Abaddon
Q16821207,Akademische Orchestervereinigung Göttingen
Q12058806,The.Switch
Q108570078,Izzy True
Q1419779,Hagen Orchestra of Westphalia
Q130810607,A Lazarus Soul
Q11252910,Veil
Q3071521,Fieldwork
Q22127302,
Q39128875,
Q5208471,Dagda
Q131275103,
Q18540613,Grup '74
Q3818817,Valencian Community Orchestra
Q55639374,Brownout
Q16657029,Kazma-Kazma
Q1242872,Pécsi „Hárfa” Dal- és Zeneegylet
Q115578320,Bromley Guitar Society
Q9357211,Tercet Egzotyczny
Q20561217,Green Novice
Q18749574,The Colgate Thirteen
Q108566571,Forever Falling
Q48697954,Dawg Yawp
Q108121852,Order of the Faro
Q97164393,N.A.A.F.I
Q131531562,
Q116019245,Dualite
Q66777792,
Q3413692,Philharmonia Quartet
Q3764267,Rajan-Nagendra
Q11291310,
Q568931,Oper Frankfurt
Q19933550,Fantje s Praprotna
Q28664637,StimfoniYA
Q11821720,Poligon nr. 4
Q20312544,Ambassadors of Shalom
Q1290111,Württembergischer Kammerchor
Q10674432,Spark!
Q7572424,Space Monkeys
Q11665075,
Q8023788,Winchester College Chapel Choir
Q63208477,
Q102248114,
Q2568950,Wiener Kammerphilharmonie
Q17209789,Kafuka
Q133827560,Bill Hutto & His Playboys
Q105452488,
Q10269207,Dytikes Synoikies
Q16428884,The Telepathetics
Q7129534,PanKe Shava
Q105267168,
Q133289412,Landesjugendchor Mecklenburg-Vorpommern
Q63208525,
Q106215263,
Q18816520,Flygvapnets musikkår i Stockholm
Q29935102,Capriccio Barockorchester
Q31182409,Mars Venus
Q12277924,Detska Kitka Choir
Q2670649,
Q27816961,The Ska Vengers
Q1875944,
Q60848201,
Q686634,Rosé Quartet
Q119727815,
Q5449433,Final Selection
Q65199098,National Iranian Radio and Television Chamber Orchestra
Q4854456,Bandari
Q11229881,Laマーズ
Q114912309,Tsodnis Mplobelebi
Q9049741,New Loud Rockets
Q18337790,Nelson Can
Q134376015,The Teazers
Q3323790,Morceaux de machines
Q17212270,W-NAO
Q11912190,
Q20065538,Tarantinos
Q10876636,
Q139301013,"ok, cuddle"
Q117261659,Pure Garbage
Q3427463,Reptiles at Dawn
Q19952967,Baden Baden
Q7730450,The Dixies
Q139757323,Kitimat Silver Band
Q6423052,Knot Feeder
Q1816992,Relative Degree
Q15804063,Cryssis
Q1412860,RIAS-Tanzorchester Berlin
Q107175752,
Q65553396,Jazz Contemporaries
Q16959908,Odawas
Q5718323,
Q3026549,Dicidens
Q65254938,
Q12267752,Surfin Kaos
Q120335521,
Q12041470,Noční optika
Q843412,Athena & Robikerottsu
Q12760051,
Q65028440,Walter Jauslin Quintett
Q7137149,Raining Pleasure
Q105335289,
Q28221149,Nothing Left
Q135093585,Thalea String Quartet
Q5131368,Clement Marfo & The Frontline
Q18674969,Oulainen Youth Choir
Q28418093,G.U.T.S
Q124647116,Les Î
Q113660607,
Q10435553,Brigad Wotan
Q6808039,MegaCity Chorus
Q80706005,Cór Chúil Aodha
Q11250997,Thee Out Mods
Q48955864,
Q7126930,Palavrantiga
Q11771896,Max i Kelner
Q2177964,
Q123358330,Sunfruits
Q52635196,Cruz del Sur
Q11774296,Dark Gamballe
Q21296342,Smejko a Tanculienka
Q16523702,
Q134053397,The Mountaineering Club
Q56357774,
Q12726255,
Q10658848,Röda Ropet
Q4044294,Mind:state
Q4038036,
Q7256510,Psychotic Youth
Q140244276,Dogwood
Q118189090,Remscheid Symphony Orchestra
Q900578,Muzsikás
Q10712659,Vanity BLVD
Q12289322,
Q1214783,Die Meistersinger
Q2753995,De Kikvorschen
Q109597270,
Q64267740,
Q45307553,Motettkör
Q5567331,Glaxo Babies
Q137822441,Rush Graphics
Q5448093,Figurines
Q119443097,
Q10517911,Happy Vibes
Q3477231,Secret Shine
Q4984061,Budapest Quartet
Q16835868,EuroRhythms
Q9172254,Bisquit (band)
Q47760541,Harmonie L'Union
Q125161036,School of Zuversicht
Q105677119,Country Mice
Q57830560,Cracker Jills
Q105008957,
Q2378125,Cappella Breda
Q3355309,Lille national orchestra
Q10704554,Trippel Ett
Q55832343,
Q65028439,Brodbeck's Playground
Q110728958,
Q102316731,Quartetto Accademia
Q27817189,The Most Secret Method
Q105688604,
Q7002780,Neurovisceral Exhumation
Q85816270,World of Pain
Q25352085,Vita Bergen
Q10695459,The Chuck Norris Experiment
Q4360334,Petlja Nesterova
Q38277415,
Q5047394,Cartonnage
Q104723918,
Q12690724,
Q119519128,Weimar State Orchestra
Q26310370,Maido project
Q123367493,Wombo
Q9168158,
Q100621714,
Q124896776,
Q10517263,Hanna och Lina
Q54720110,Amalgamated Sons of Rest
Q30609771,Tancred
Q18287916,Banda di Avola
Q11282691,
Q85815730,William Penn Fyve
Q128793948,Fountain Of Youth
Q136704458,Duplex
Q2647003,Alicia se tiró por el parabrisas
Q774513,Mediate Souls
Q12124432,
Q139762524,Winnipeg Foresters' Brass Band
Q13138058,Strange Onions
Q65255088,
Q107595806,
Q105986357,
Q126120210,
Q131724810,
Q25446106,
Q136338589,Singapore Youth Chinese Orchestra
Q582002,Café Zimmermann
Q120335631,
Q3051466,Elli et Jacno
Q2375776,
Q63248385,Uncle Nef
Q7100236,Orchestra Ensemble Kanazawa
Q3067516,George Enescu Philharmonic Orchestra
Q140343820,Stadtmusik Grenchen
Q105120223,
Q3273352,MXD
Q139071533,Novagang
Q1287569,Sheffield Jumpers
Q7831178,Tracer AMC
Q76823640,
Q6092516,
Q136343595,All Japan Philharmonic
Q17314336,
Q105080752,
Q7711836,The 222s
Q19901967,Bohemian Symphony Orchestra Prague
Q7920585,Venus Fly Trap
Q48748088,SCOTLAND GIRL
Q136457614,LEMY
Q27645734,
Q10669226,Sju Sjungande Systrar
Q122926877,Les Grandes Bouches
Q30731371,Animo
Q108330198,Ekwon Band
Q16825668,Carmine Quartet
Q19393125,
Q123498058,La Gran Scena Opera Co.
Q4982656,Bucharest Symphony Orchestra
Q19951815,Confrérie des Bastians
Q106617747,
Q30238370,Usher's Island
Q124735117,Across 7 Street
Q1824578,Collegium Instrumentale Brugense
Q10658279,Ryno Rockers
Q124004715,Los Hijos de Hernandez
Q106304157,
Q24033718,
Q5281059,Dirty North
Q7737055,The Golden Horde
Q136343391,Tōhō Philharmonic Orchestra
Q113834445,Charlotte Fever
Q9398031,
Q2520806,Comedy of errors
Q130801665,The Martians
Q29446335,Heavens Connection
Q5463817,Foamy Ed
Q4336494,
Q63208471,
Q9353702,TGD
Q31189062,Gabezia
Q9395325,Ścigani
Q65254844,
Q3355340,Orchestre Symphonique de Lévis
Q85812610,VO5
Q105080790,
Q85769522,Insiders
Q11740023,Klepaczanki
Q25222017,Harriet
Q10511078,Gustaf Sjökvist kammarkör
Q10581510,Memento Mori
Q138336877,
Q19828457,Devushka Shkolnika
Q1954488,Hednoize
Q5642879,Hallelujah Picassos
Q104666789,
Q11723560,Jazz Carriers
Q5612240,Grupo Pegasso
Q6825966,Mexican Pets
Q55658193,
Q2781176,Gooisch Fanfare Orkest
Q5467556,Orkest Zonder Naam
Q128659756,Imugi
Q115555350,D/troit
Q10846843,
Q5307105,Drev
Q18426407,
Q110895202,Timmins Symphony Orchestra
Q60987038,Bamboo Flute Orchestra
Q11690481,
Q118632440,Skolekorps
Q9191984,
Q4037545,Dos Buratinos
Q7959763,Waheed and Naveed Chishti
Q5567177,Glassmen Drum and Bugle Corps
Q15909922,Evo Nine
Q301257,argovia philharmonic
Q96217030,Hank Green and the Perfect Strangers
Q13577205,Knesiyat Hasechel
Q3545638,University of the Philippines Madrigal Singers
Q56290780,Timōrātus
Q11637191,
Q6880803,
Q1475587,Future Breeze
Q28685551,
Q107209457,Corale Giuseppe Verdi
Q138036169,
Q28155448,Altai Kai
Q113110428,Binari - Korean-American Cultural Troupe
Q73307762,
Q24951357,Quatuor Sine Nomine
Q139594087,Kid Claws
Q9358264,The Thieves
Q129941567,Glo
Q20499185,Turbo
Q11957428,Alice & the Mountain
Q22100045,
Q97220039,
Q139762674,Regina Cornet Band
Q3128744,Hawaiian6
Q3139994,Honegumi from AKB48
Q16661351,
Q20623052,Oane en Skelte
Q4922357,Thailand Philharmonic Orchestra
Q20530406,
Q57829827,The Johnson Sisters
Q84939503,Eric & Martha Nagler
Q4171263,
Q16524562,
Q3515747,Tarmac
Q4037081,Dazzle Dreams
Q3007941,Cutie Mommy
Q18434325,Snakebite band
Q10372748,Sociedade Musical Banda Lanhelense
Q5509295,Funky Junction
Q106928733,The Darlings
Q20100442,
Q25509450,
Q11053532,
Q4877862,Beauty4
Q16961567,Methodemic
Q12000040,
Q124004626,Los Incomparables de Tijuana
Q1497054,Gebirgsmusikkorps
Q130218594,The John Dank Show
Q113076515,Vermischter Chor
Q61362287,Hexen
Q10512813,Göteborg Boys' Choir
Q16361238,State Choir Latvija
Q2984359,Color Humano
Q16421562,Bootlegs
Q9047550,Mynta
Q18217072,Milly y los Vecinos
Q55526552,4siz
Q7261003,Purdue Varsity Glee Club
Q53951928,Hex
Q104590993,
Q6053450,Orquesta Típica de la Ciudad de México
Q3490287,Sonblue
Q106419781,
Q10718967,W.E.T
Q16828786,The Dallas Boys
Q116779469,
Q20068416,
Q97352788,
Q104979364,
Q1738341,Kelpie
Q127694240,Soċjetà San Pawl Banda Konti Ruġġieru
Q105119718,
Q114311886,
Q11301917,
Q13137157,Mucifer
Q16081746,Deep Purple Asian & African Tour
Q111715579,Przyjaciele Karpia
Q11862897,Dún an Doras
Q10717465,Väringarna
Q7628287,Studio orchestra
Q115941136,
Q2429528,Thrice Mice
Q106313340,The :Egocentrics
Q11660417,
Q9358070,The Kodan Armada
Q4295262,
Q10568093,Liverpool
Q139762670,Seibel Brothers Brass Band
Q16048171,Tehran Opera Orchestra
Q4527852,Noises of Russia
Q119932553,ChoCo1
Q5371172,Emil Beaulieau
Q31888304,Art Nation
Q136230375,
Q106516593,
Q65255099,
Q31900253,Sveriges cultband
Q60825508,
Q6031863,Hazerfan
Q4325489,Novosibirsk Youth Symphony Orchestra
Q5616814,Guitar Vader
Q19414373,The Love Connection
Q98641288,Redds & The Boys
Q7367272,Rosalita
Q1348120,Keller Quartet
Q65254944,
Q48835305,Mind-A-Stray
Q61363911,Urzapal bat
Q11342614,
Q90732097,
Q125856066,Big Noize
Q28750402,Napravi mi dete
Q12011040,Young Neils
Q16827251,The Cocksure Lads
Q25555516,Philharmonic Jazz Orchestra of the Republic of Tatarstan
Q12641220,Riječki komorni orkestar
Q16305536,Taxi
Q3967495,SSHE Retina Stimulants
Q110233838,Liederkranz Amberg
Q6426346,Koishii & Hush
Q139762556,St. David's Brass Band
Q61362684,Gaur ez
Q12064308,Gouache
Q20685365,Rublood
Q18989433,EXILE TRIBE PERFECT YEAR LIVE TOUR TOWER OF WISH 2014 〜THE REVOLUTION〜
Q10851303,
Q106376084,
Q9256619,Ewa Braun
Q55458677,"Bianco-Bachicha,"
Q20851632,Towarzystwo Śpiewacze im. Jana Trepczyka z Wejherowa
Q9010343,J-88
Q51310861,"Koninklijk Koor en Orkest Zanglust, Tielt"
Q65233744,Die Klute
Q11260353,
Q134053348,Drumtracks
Q110460812,
Q4151778,Glavnoe upravlenie ispravitelʹno-trudovykh lagereĭ OGPU
Q85757249,Doch Chkae
Q10496734,Flexx
Q7775459,The Womack Family Band
Q6437047,Kriminella Gitarrer
Q56348985,
Q26408916,nowisee
Q47166042,Incompetencia
Q4817295,Atomic Mass
Q97209882,
Q110168075,De Oranjevaan
Q112985343,Musica Sacra Chamber Chorale
Q63208448,
Q3498753,Stereoscope
Q63214215,Shoes This High
Q11250722,The Canadian Club
Q11879289,Učedníci
Q21936897,
Q55099181,Soho Roses
Q109313575,
Q7737787,The Great Guitars
Q43082258,Of Good Nature
Q85965434,
Q4218552,Komitas Quartet
Q50304235,
Q7890789,United States Naval Academy Band
Q120484193,Gordon Webster Band
Q2131257,Sensitive to Light
Q11820778,Podwórkowi Chuligani
Q65683954,Oni-Adil
Q4044594,Mournful Gust
Q4661779,Aaron & Amanda Crabb
Q83976207,Hong Kong Dong
Q131926858,Alfalfa
Q11506564,Japan Century Symphony Orchestra
Q5209460,Daimonion
Q139760902,IngaRose
Q7049386,Girafot
Q13027863,
Q63873558,Disney Studio Chorus
Q107057896,Session Victim
Q61107946,
Q24962729,Ring Around Quartet
Q11251427,Trio The Clock
Q690867,Bern Symphony Orchestra
Q61116298,
Q18415362,Skeduz
Q4513645,
Q19376722,K
Q9253879,Endefis
Q25021702,Harley Poe
Q105019695,Egzekwie
Q12269069,Xau
Q118793130,The Bennie Maupin Quartet
Q11694312,Dixon37
Q2907078,Blossom Child
Q19384584,
Q3064486,Fail-Safe
Q96482624,
Q135466718,Loudoun Symphony Orchestra
Q3011107,DARG TeaM
Q126616568,Retsepti
Q12019209,
Q25449109,Sargento Pimenta
Q31892189,Zamba
Q135616904,
Q16531221,SynSUN
Q7752612,The Mules
Q1887108,Malediva
Q3820950,
Q25390703,
Q25680662,
Q58240029,Rod
Q12663083,Mergaičių choras Liepaitės
Q104666715,
Q127503225,.gif
Q10551038,
Q55467329,Quinteto Negro La Boca
Q9191955,
Q56301097,
Q101416882,
Q9381366,Wędrowiec
Q1970918,Troum
Q5994965,
Q10942871,
Q12269058,Xalbador eta Ihidoi
Q11605026,
Q110413505,
Q104629996,
Q65200468,
Q16668234,Orchestre lyrique de Région Avignon Provence
Q86002956,
Q12256292,Disorders
Q10667073,Sherlock Brothers
Q99542582,Youth Orchestra of Greater Columbus
Q130475627,TOZ
Q31181279,Popečitelji
Q4291525,
Q7280173,Radha Jayalakshmi
Q6374970,Kat Men
Q4051148,The Krolls
Q24893678,Sinsaenum
Q12257270,
Q10458787,Contact
Q92636649,Sexpod
Q5771302,Hiroshima Symphony Orchestra
Q12376506,
Q134028553,
Q1256118,Royal Harmonie Sainte Cécile Eijsden
Q7977300,We Are Heroes
Q7042140,Nizami Bandhu
Q7269348,Quartet de Barcelona
Q20683857,Auckland Youth Symphonic Band
Q124623548,Allspice
Q29023792,Y Dyniadon Ynfyd Hirfelyn Tesog
Q12408610,Lehakat Heyl Hayam
Q16486749,
Q1736827,Nordharzer Städtebundtheater
Q129518814,High Rule
Q20685050,Overcome
Q131836798,Artificial Brain
Q5035268,Capellen Choir
Q5308153,Droban-Apherna
Q689976,Basel Sinfonietta
Q3319640,Molodoï
Q7100283,Orchid Ensemble
Q83190935,
Q139119897,OWIS
Q10620417,Parisorkestern
Q4387094,Rada & Ternovnik
Q98446219,
Q7659245,Swoop
Q65012923,Veronique Piller Trio
Q121914246,
Q16521075,Juventus Koncert Fúvószenekar Sopron
Q7733554,The Fatima Mansions
Q7196713,Pioneer Jazz
Q20109524,
Q1576282,Hannoversche Hofkapelle
Q120335680,
Q10315048,La Kuracistoj
Q30646779,Victorian Halls
Q10678210,Stella Rocket
Q13081260,Aprilke
Q48744913,
Q49580499,Zangmaetschappij Moed en Eendragt Sint-Amandsberg
Q6152994,Jane from Occupied Europe
Q113581337,Under a Dying Sun
Q3482584,Klassart
Q19872466,Archis
Q25509871,
Q12317914,IGNUG
Q23708548,
Q4586463,Langsomt Mot Nord
Q20523980,Slovenski komorni zbor
Q11261741,
Q25352111,Backtrack
Q138748584,Under the Rug
Q28181030,The Bluestars
Q11309901,
Q1802267,Landesjugendorchester Baden-Württemberg
Q140014930,Opera Grand Rapids
Q5051740,Catchers
Q13025920,
Q124004705,Los Mayitos de Sinaloa
Q79283438,X Lovers
Q821294,Berlin International Opera
Q3194610,Keedz
Q10856808,Wolfram
Q136956775,Shallowater
Q65756509,Canning Volunteer Fire Brigade Band
Q2882119,Banda Pachuco
Q105554462,
Q97195552,Brahms Trio
Q136008998,
Q53184,Poznań Nightingales
Q30927807,
Q16452661,Ides of Space
Q65087717,Black Wail
Q11998817,
Q7731156,The Duggans
Q2676966,The Prayer Boat
Q5524170,Garry Lee and the Showdown
Q65254935,
Q179804,Melos Quartet
Q49077454,AVT
Q16295411,
Q60766855,Zero Fatigue
Q4064632,
Q11250926,The Band Apart
Q1059530,BanYa
Q97179155,
Q5041649,Carlos & Alejandra
Q19709019,Goiano e Paranaense
Q12811865,Sirannon
Q125448527,
Q18538469,Taraful lui Bârcă
Q15982481,Nazia and Zoheb
Q116771573,Cruel Angels
Q111209560,
Q30526522,Nichoach
Q1747995,Phonoroid
Q4040547,Hellraiser
Q3705510,Denovo
Q131826117,Smartbomb
Q11173784,Feng-Shan Senior High School Alumni Wind Band
Q42291181,Simvol Very
Q775785,Aurelius Sängerknaben Calw
Q7026561,
Q137019583,Isaac Wood
Q111703529,Dicht & Ergreifend
Q23016671,Bob & Sheri
Q137456068,East Melody
Q6375085,Katamine
Q7845522,Tronus Abyss
Q33837003,Waar is Ken?
Q2863569,Arrakeen
Q31886811,Trio CMB
Q6515937,Tyskarna från Lund
Q11991345,Nidarosdom's oratory choir
Q20521496,VOXON
Q139753060,Adanac Brass Band
Q7993721,Whipped Cream
Q21401893,The Jist
Q85979728,PR Troopers
Q121208575,
Q10695510,The Drowners
Q9248928,Dzioło
Q15743210,The New Clear Heads
Q61842706,Standing on the Corner
Q11350315,Roger Wagner Chorale
Q16840837,Halleluwah
Q12114160,
Q123670297,
Q3546647,6cyclemind
Q64006291,Newbury String Players
Q2923959,Brassen's Not Dead
Q115662206,Ten Pound Snail
Q12601270,Seoul Metropolitan Youth Orchestra
Q72966068,
Q952013,Triptykon
Q63208536,
Q42816072,Aaron Sisters
Q124363453,
Q7911941,Vallenbrosa
Q4048125,Reeperbahn
Q11222635,HINTO
Q48698683,Kashmir - The Band
Q16953921,Mshengu White Mambazo
Q7353461,Robotronic Squad
Q16912329,Qulinez
Q4419938,
Q7722504,The Children of Vallenato
Q108088139,
Q22079871,Hail The Ghost
Q85808419,The Seven
Q4746129,Amici Cantus
Q10695825,The Spokes
Q4049067,Sarcoma Inc.
Q5201301,Cytgan
Q5914767,House of Brothers
Q7131210,Panixphere
Q5310914,Dublin Guitar Quartet
Q111225795,Guardia Civil
Q7765337,The Sorry Kisses
Q139757341,Sechelt Mission Brass Band
Q2972151,Chœur_Gospel_Célébration
Q11248925,THE LOWBROWS
Q124160567,Comtron
Q15877656,Labore et Constantia
Q110816517,Finnvox
Q38806316,
Q130363401,Éric et Simon Beaudry
Q57830563,The Yankee Misses
Q85802175,Soundhunters
Q7864604,UGA Accidentals
Q124329434,Le Club
Q3195837,Kevrenn An Arvorig
Q139380856,Streetcar9
Q11246456,sleepy.ab
Q10499733,Fröknarna Klack
Q65028460,Marco Santilli Che Roba
Q29867180,
Q11233231,Mighty Jam Rock
Q106707355,MPD Ltd
Q7180927,Phase II Pan Groove
Q30598428,16 Bit
Q59072947,
Q113076523,Club Nachtigall
Q120681427,King Kora
Q1636048,
Q56276026,Grapetooth
Q12002274,Spetakkel
Q9148024,AliKeN
Q11813375,Docuku
Q65255175,Laulik
Q6983619,Naše Věc
Q3089395,Frère animal
Q55635454,The Peace
Q136384899,Kendall Square Orchestra
Q97207007,
Q12046956,Prague Madrigalists
Q7165896,People Like Us
Q10273118,Entes Queridos
Q6267484,Johnny Possums Good Time Hootin Band
Q4764726,Animacionerite
Q138317547,
Q63208531,
Q10915849,
Q120024587,The Ninth Wave
Q2527521,White Soxx
Q61140708,Sinfonietta Vidin
Q15044938,Tiger Please
Q61362167,Ttun Ttun Brigade
Q20021261,
Q110955659,Happy As Hell
Q10290759,Governo
Q10549883,Kullabygdens Symfoniorkester
Q39073978,Abaddon
Q7826533,Toronto Symphony Youth Orchestra
Q118581371,The Answer Lies in the Black Void
Q3315178,ministère Magouille
Q3539065,Tricot Machine
Q113411473,Quarkspace
Q98080373,
Q6773928,Marshmallow
Q11300161,
Q136650996,Eroica Quartet
Q124705033,Kaja
Q118152068,
Q122421936,606 Group
Q2569442,Sint Andries MC’s
Q7314495,Republic of Loose
Q16140472,
Q3999174,Trix
Q7542388,Slutterhouse
Q56400404,Lorien
Q108282137,Corvus Stone
Q7577081,Spiders
Q10710209,
Q16423802,Fighting Shit
Q6912459,Morjac
Q4036985,
Q7655257,Sweet Connection
Q12585971,Gunsan Philharmonic Orchestra
Q98398775,
Q127384588,Koh-I-Noor Saxophone Quartet
Q23301477,Hanwell Band
Q123888701,Creator Universe
Q510616,
Q18217181,Plantashun Boiz
Q20014469,Shana Falana
Q4041373,Inexist
Q106114503,
Q7970795,Warrior and Peter One
Q70876546,
Q7070467,Nutmeg
Q112977063,
Q10260451,
Q3425319,Renegados
Q17298922,Fer2et 3a Nota
Q132759379,Omega
Q104834941,Wood & Wire
Q1254620,Theater Orchester Biel Solothurn
Q620802,Two Steps from Hell
Q2916790,Opera Australia
Q2667822,Hortus Musicus Religiosus
Q4306631,
Q30728977,Moongaï
Q12255277,Bisai
Q20978984,Afrikän Protoköl
Q61403513,
Q139757307,Crows' Nest Pass Colliery Band
Q107556732,OTOSATA
Q1947215,Moravanka
Q7750304,The Margarets
Q65255333,
Q104791719,
Q61107917,
Q3315418,ministère des affaires populaires
Q7748347,The Longshadows
Q16113347,Maršal
Q109469209,
Q127071242,Astrolabe Musik Theatre
Q104879506,Autumn
Q31360217,
Q121856644,
Q15899694,Bear Babes
Q1461420,Vádló Bitófák
Q8179955,A.R.M.I.Y.A.
Q4053590,
Q18477288,
Q11747683,Kr'shna Brothers
Q18413376,Chocolate puma
Q10604857,Nynningen
Q2682196,Fading Colours
Q11696927,Orquestra de Cambra d'Acordions de Barcelona
Q17228275,Cathy lost one's apricot yesterday
Q114746963,John McLaughlin & the 4th Dimension
Q133871011,Ripped to Shreds
Q65228647,Hedgehog Maries
Q89430511,
Q6474963,Ветах
Q114839669,Philips Philharmonic Choir
Q120335614,
Q5182348,Crash Course in Science
Q26253528,
Q15261138,National Negro Opera Company
Q113679766,Flash Pig
Q17004670,Deformer
Q1950212,Patientia Vincit Omnia
Q55316175,Tina & Her Pony
Q10542317,Kabaréorkestern
Q2111423,Pro Brass
Q2240325,
Q24952274,Samved
Q64137109,Checcoro
Q108635284,University of Illinois Symphony Orchestra
Q30595504,New Birth Brass Band
Q12631995,HGD Zrinski
Q1546339,Orchestra of the Eighteenth Century
Q16187559,Cikada strykekvartett
Q3515216,Tankt
Q9274724,
Q19632167,Amores Tangos
Q10650079,Rebuke
Q56345625,Daejeon Philharmonic Orchestra
Q10720251,Windcorp Brass Band
Q119445172,
Q11684723,
Q85865075,
Q110448465,
Q97009770,
Q16671843,
Q13437019,Beginish
Q7731709,The Electric Confectionaires
Q61841669,The Slocan Ramblers
Q12332712,Radar
Q11192750,But by Fall
Q105009335,
Q19963017,Zwoastoa
Q1616762,Kölner Männer-Gesang-Verein
Q11299639,Clench & Blistah
Q11960012,Bajazz Bigband
Q28494366,Quatuor Ellipsos
Q20683888,The Bo Street Runners
Q11950002,
Q28451209,Brothers
Q6739325,Makethisrelate
Q10685543,Svenska nationaltruppen
Q3486140,Skarekrows
Q65270684,36km/h
Q106612424,
Q10341214,Opus Ensemble
Q4940583,Bombay Rockers
Q19961835,Kular Røtur
Q53213295,Robert-Schumann-Philharmonie
Q104641918,
Q13027738,Triumphs Kingdom
Q61069741,
Q5223178,Dark Covenant
Q7104025,Orquesta Hermanos Palau
Q16518414,Chameleon Jazz Band
Q136718208,Astrocolor
Q10451471,
Q124308679,The Nasty Habits
Q16349153,
Q97768326,Namibian National Symphony Orchestra
Q85788150,Nefesh Mountain
Q94153197,Papar'Òc
Q25408200,Lien y Rey
Q10710215,Uppsala Chamber Orchestra
Q10622391,Pelle Almgren & Wow Liksom
Q131654911,
Q130128874,Quartet Amabile
Q130737828,
Q5055452,Cayuga's Waiters
Q16994642,Gutterth
Q24864367,SigN
Q3539560,Triptik
Q18244189,M40
Q97353083,
Q28402642,Hemmelig tempo
Q118897998,Sanguisugabogg
Q11303095,
Q28403947,Minnesota State University Marching Band
Q106811452,Coup Sauvage and the Snips
Q107267464,Miranda Chartrand and Adam Nichols
Q136101800,
Q12032671,Laik
Q10719410,Wax
Q4868346,Bastion
Q3483770,Sikh
Q47459045,The Lemon Lovers
Q13137731,
Q5533987,Geodesium
Q10548034,Korallreven
Q7777177,The wild mercury sound
Q60791849,Okavango African Orchestra
Q97198405,Talistrio
Q55974070,Celina & Reutilio
Q6816284,Men of North Country
Q11558678,Japan Coast Guard Band
Q3206309,UNiCA
Q7660201,Sydney University Musical Society
Q24944512,WhiskeyDick
Q7645195,Sur-Choc
Q7273238,R'n'G
Q121426373,Marlboro Festival Orchestra
Q10717680,Värmlandspojkarna
Q109363308,
Q136786031,Mr M & Revelation
Q3234854,Les Poubelles Boys
Q12666549,New Ideas Chamber Orchestra
Q110069509,
Q6383941,Keith & Tex
Q4045012,
Q12055374,Soubor lidových písní a tanců Hukvaldy
Q123267548,Boxer Rebellion
Q89335396,Alfabeats Nu Jazz
Q4202210,Infinity
Q15855907,
Q12005741,
Q1817732,Radio Filharmonisch Orkest
Q11230897,Mahodō
Q137669812,Hairball
Q65200583,
Q107325563,São José do Rio Preto Symphony Orchestra
Q20032747,Nocne Szczury
Q11690467,
Q61108019,
Q3196674,Kiltir
Q4059173,Nikolay Nekrasov Academic Orchestra of Russian Folk Instruments
Q113076464,Homophon
Q6965120,Nappy Boy All Stars
Q106622599,
Q16610458,The Domino's
Q136375216,
Q97172324,Cindy Lee
Q12644126,Ukrainia
Q3039455,Dring Toy
Q48702465,
Q82211233,Kukangendai
Q3092112,
Q46960336,
Q18062076,AD Boyz
Q3306545,Merlin
Q16862763,Mono Town
Q12132893,National Academic Symphonic Band of Ukraine
Q5441237,Feeding Like Butterflies
Q4819919,Audionom
Q131008156,National Symphony Orchestra
Q133749035,Music Travel Love
Q20109481,Cool Jerks
Q16960043,OJM
Q63208514,
Q7091251,On a Sensual Note
Q136229473,
Q12621974,Pohang City Symphony Orchestra
Q703217,Atheist Rap
Q17195136,The Sensible Twins
Q7756164,The Parkinsons
Q7737576,The Grassy Knoll
Q124377719,Java
Q65254826,
Q107335304,Kalaha
Q7615609,Stevie Ray Vaughan live performances
Q10709281,Unbunny
Q12643513,
Q65233130,Cool Million
Q10680473,Stockholm Norra
Q48769610,FRIENDS
Q4915281,Bioshaft
Q11996024,Pony the Pirate
Q2328068,Stadtsingechor Halle
Q7244171,Prince Music Theater
Q122423436,Gulch
Q53442047,Pisando fuerte
Q6860739,Mils
Q7076172,Oceana Company
Q108325543,Ubik
Q16873148,Mystica
Q11242692,SCOPE
Q3038637,Dragibus
Q104844665,The Rumba Madre
Q54357917,The Sweeplings
Q107148323,
Q7104024,Orquesta Francini-Pontier
Q48701929,
Q137807976,Melilla City Symphony Orchestra
Q4037115,
Q102282495,Vildá
Q7763338,The Sequins
Q128412762,
Q120765627,
Q15433427,Konzertvereinigung Wiener Staatsopernchor
Q111715571,Przyjaciele Karpia
Q5163140,Conservatory String Quartet
Q7736771,The Glitterati
Q137585152,
Q109469903,
Q20562104,
Q104816714,Sacrimony
Q2471486,Schola Cantorum
Q136558256,Tokyo Mitaka Philharmonia
Q29643384,Apēdājs
Q137436546,
Q11925750,Vojenská hudba Hradec Králové
Q133504057,49 Winchester
Q3232915,Les Garagistes
Q39086103,Walden String Quartet
Q25095413,Incinery
Q6502786,Lavolta Lakota
Q11319819,
Q16116341,Trio Gušt
Q15879066,Mannenkoor Harmonie
Q10534242,Iggesundsgänget
Q16139347,
Q10621605,
Q20685670,The Steve Mcqueens
Q5112115,Christopher Cloud
Q123350121,
Q131228652,Manhattan School of Music Opera Theatre
Q3003721,The Crooners
Q5266368,Deux Vultures
Q84418256,VWhy?
Q3473449,Saramaya
Q4044620,Mr Benish
Q126183959,Rapscallions
Q123700163,High Vis
Q10689265,Sötlimpa
Q7335973,Rise to Addiction
Q115806018,Crawlers
Q22684972,
Q111181522,Elektroni
Q6458513,PANaNieba
Q55522858,Far East Dizain
Q10852505,Sandy&Mandy
Q135991714,Tilly Electronics
Q3413685,
Q3054836,Ensemble Ausonia
Q7541248,Sloche
Q105550893,
Q20563027,
Q54806713,DUO
Q12358468,
Q6030215,Grup Terminal
Q125634984,
Q25840445,
Q11283725,
Q136486566,
Q119293171,chorale de la paroisse Saint Martin
Q7607125,Stella Quintet
Q12718741,Styggmyr
Q10341762,Cascais & Oeiras Chamber Orchestra
Q11189638,ASIAN2
Q12909498,
Q96192957,
Q16885734,Smiles & More
Q104891172,
Q12885239,
Q3576545,Zëro
Q4524160,
Q5613617,Guangdong Chinese Orchestra
Q42469359,Fischer Duo
Q9336741,Siewcy Lednicy
Q55649844,
Q7183049,Philharmonic Quartet
Q23541428,Family of Dog
Q12886323,Ochra Speirochaiti
Q6076227,Metaroth
Q97355973,Riskee And The Ridicule
Q4347980,Sonic Dream Collective
Q110823131,THE TOMBOYS
Q11968826,Filharmonie Bohuslava Martinů Zlín
Q110069529,
Q2288970,Sinfonieorchester Wuppertal
Q7731045,The Drongos
Q133286313,
Q31188087,Baobabs Will Destroy Your Planet
Q3717831,
Q136786011,The Solution
Q107166055,
Q4218547,
Q97366499,MPL
Q110069538,
Q124497088,
Q1395530,Fanfara Kalashnikov
Q89538679,Martin Rufer Quartet
Q101545890,
Q49768411,Koninklijke zang- en muziekvereniging l'Aurore
Q6108057,JEERK
Q132781196,
Q48897758,
Q1215497,Die Priester
Q7271030,Queensland Wind and Brass
Q5428782,Factory Star
Q65295008,
Q9357985,The Freaks
Q11227777,KENNEDY
Q13360102,Makabi
Q84939539,Lanie and Andy Melamed
Q16728597,DMK
Q124497024,Chilldspot
Q20979460,Young Oceans
Q11753299,Lautari
Q1712152,TAB the Band
Q84358850,
Q11991350,
Q11233984,My Material Season
Q106930007,Vitamin
Q3693839,
Q134028706,
Q20574177,Hundur í óskilum
Q10505055,Girlsmen
Q30302519,
Q5299777,Double Faced Eels
Q16115999,"Riječki oratorijski zbor ""Ivan Matetić Ronjgov"
Q105756334,
Q6486074,Langham Research Centre
Q16953503,Morning of Owl
Q85846495,Lyonnais
Q57830620,Classic Edition
Q6978794,National Symphony Orchestra of Cuba
Q17033773,Tiger Bell
Q11250853,The SALOVERS
Q19309826,Taped
Q3129133,Heavenly Melodies
Q10341747,Teatro Nacional Cláudio Santoro. Orquestra Sinfônica
Q71713302,
Q30943513,
Q16613475,The Big F
Q10846344,AN's ALL STARS
Q125177811,Madrid de los Austrias
Q110808548,Stratuz
Q137384356,Broccoli
Q97925363,
Q65069999,Toronto Mandolin Orchestra
Q12270828,
Q104902018,TRADOC Band
Q16408587,Catena
Q20066998,
Q131985964,Catbite
Q1802266,
Q113637085,Hsinchu City Youth Chinese Orchestra
Q16162233,Atlanta Opera
Q94529062,Minsk GUVD Brass Band
Q66977497,
Q664464,Junges Klangforum Mitte Europa
Q12807036,Črnjanski harmonikaši
Q25411535,Mayonesa
Q133819357,Samsel / Anderson
Q7721440,The Carrier
Q3054826,Ensemble Antiphona
Q12337395,Stormslag
Q85786860,Mssv
Q97221556,
Q10827439,Tokyo Square
Q121090637,Rexy
Q61363793,Belladona
Q16655150,Les Ménestriers
Q7721773,The Cavaliers Drum and Bugle Corps
Q106655575,Greek National Opera Chorus
Q104623404,
Q3516705,Team Ghost
Q27817715,Shadows of Paragon
Q13740866,
Q107599522,
Q110502105,Saraba
Q107902625,Richmond Hill Philharmonic Orchestra
Q5305937,Draumir
Q112189069,The Mellons
Q10515864,Hafvsbandet
Q5184200,The Creole Choir of Cuba
Q4812450,Myrbein
Q13041109,
Q16420945,Lokbrá
Q110834605,
Q139757306,Delta Brass Band
Q5318792,Dyland & Lenny
Q124733749,6PM Records
Q134053386,Skelpolu
Q9352396,Szulerzy
Q7752134,The Monty
Q16596510,Rita Pax
Q21546044,Jack the Ripper
Q139762580,Kincardine Brass Band
Q1483560,Kurt Schlosser Saxon Mountaineers' Choir
Q108795297,Shiragirl
Q10541001,Joyride
Q38792125,Bagad Dor Vras
Q4526100,
Q131918442,＃Mooove!
Q10433231,Boris & the Jeltsins
Q18182666,Artificial Funk
Q43081587,
Q118780414,Barbott
Q1746008,Klavierduo Haufe-Ahmels
Q19383317,
Q28414284,AMOi-AMOi
Q127271989,Opera 5
Q2870768,Audiomachine
Q4055442,
Q6745615,Mames Babegenush
Q130213972,The Wicked Farleys
Q31181423,
Q15141266,Othon & Tomasini
Q14491591,Armenian National Radio Chamber Choir
Q136841338,The Jumpitz
Q19312136,Zweierpasch
Q136783050,Ciudad Jara
Q7759515,The Raw Men Empire
Q31172877,
Q20500854,
Q65030067,Portellavanda
Q122926904,The Buttshakers
Q11729425,Junior
Q277163,Kubikmaggi
Q11891119,Vetrol
Q131449863,
Q2647253,XII Alfonso
Q6100553,Undertakers
Q3211681,La Place
Q14616215,Vizija
Q105098345,
Q65036912,Echo Vom Paradiesli
Q98167200,Hari & Sukhmani
Q30926218,Yule
Q85742205,Apna Sangeet
Q98528678,Stenzl Pianoduo
Q85753485,Come On Live Long
Q136235753,Black Menace
Q113324936,
Q16645748,Jesus Volt
Q124004695,Grupo Fernandez
Q4427732,The soloists of Catherine The Great
Q25474722,Enkore
Q61139885,
Q5209470,Dain ba Enkh
Q136231472,Cether
Q60229344,Mirror
Q9170148,BiFF
Q123125405,Craven Faults
Q3016900,Datafolk
Q27817171,UNRocks
Q117101816,Manukau Symphony Orchestra
Q97578005,Tone Jansa Quartet
Q105502370,
Q115037446,
Q106225858,Tundra Electro
Q4218543,
Q6810568,Mekhis Qandakeba
Q2276752,Campsite
Q16424699,S.H. Draumur
Q17232215,Kaigen21Meiso
Q11231366,MELLOW YELLOW
Q124423581,Fire Horse
Q13036407,Winterstasie
Q27929285,Orfeó Catalònia
Q132055165,Ivarh
Q16253805,Iko
Q20407796,
Q13015359,
Q61363546,Fiachras
Q9371816,We Smoke Fags
Q2026978,
Q54087468,Jeff Hershey & The Heartbeats
Q12794937,
Q19404785,Turns
Q58223025,Abe Sada
Q18243603,Lars Vegas trio
Q28409074,
Q24887024,Music Emporium
Q16954454,My Crazy Girlfriend
Q106928444,Lion House Blues Band
Q139376357,Bel Canto Chorus
Q3036911,Fferyllt
Q10713016,Vargen
Q85979060,
Q427444,Loewenguth Quartet
Q4033374,Ad Libitum
Q74445376,Saïm
Q66970995,
Q114121503,
Q28913246,
Q10540738,Jomfru Ane Band
Q1275073,ELISION Ensemble
Q11225621,JELLY
Q50411397,Koninklijke Harmonie Sint-Cecilia (Waregem)
Q3022137,Demiran Cerimovic orchestra
Q15982936,Mekaal Hasan Band
Q112977042,
Q115978839,Cold Duck Complex
Q31188111,Sermond's
Q5266009,Detroit Social Club
Q10728200,Östgöta Chamber Choir
Q139762514,Hamiota Brass Band
Q120335620,
Q11349509,REKISHI
Q3235549,Les Skalopes
Q15916857,
Q4050989,The Brew
Q139762668,Prince Albert Brass Band
Q20559853,Daina
Q7721974,The Cesarians
Q122021547,Till Lindemann
Q7256200,Psyched Up Janis
Q12745173,Elektrolasta
Q2122636,The Popgun
Q11740293,
Q12339924,Twins Twins
Q7338980,Rivotrill
Q4554012,1814
Q139762642,Griffon Brass Band
Q84939533,Humphrey and the Dumptrucks
Q10678249,Sten & Stalin
Q5368193,Swinging Popsicle
Q7930141,Vildsvin
Q3485354,Sister Queen
Q7719365,The Boomtang Boys
Q10486124,Epic Sun
Q2228219,
Q113076513,Uferlosen
Q31187004,
Q56354153,Roys
Q20687366,Thieves & Liars
Q6163849,Jason and the G-Men
Q7243565,Primitive Lyrics
Q15822347,KISS Forever Band
Q25435772,Ancient Funeral Cult
Q7763282,The Senate
Q9182589,
Q5695018,Heavy Blinkers
Q55613988,Hour of Charm Orchestra
Q5266571,Devas
Q12759937,
Q880567,Black Sonic
Q122920574,Ferrabosco family
Q1344268,Ensemble Paulinum
Q3528303,Tiger The Lion
Q2743331,
Q28457426,The (M)orons
Q135668500,Mallick Brothers
Q4051455,
Q118124868,
Q130266073,
Q1231597,Kollegium Kalksburg
Q7768491,The Terminals
Q89409338,
Q25056325,The Happy Six
Q111210408,
Q17145223,Western Mustang Band
Q11832931,Qulturka
Q10710231,Uppsala akademiska kammarkör
Q4006360,Urban Dub
Q2497113,
Q12747112,
Q139856135,GY
Q5436647,Fascinating Aïda
Q83604330,NAATIONS
Q62073239,Arianna String Quartet
Q119042071,Pride
Q140133660,Stone Foundation
Q55603975,Angela and Jennifer Chun
Q18410688,Berner Kammerorchester
Q11855683,DNA
Q28196144,Out of Focus
Q11799204,
Q5321338,Dʼ Boys
Q3135051,Hexazone
Q4926504,Blind Allez
Q55631965,Root Doctor
Q139762511,Edrans Brass Band
Q113487016,
Q4700868,
Q140070856,Kiama Illawarra Pride Choir
Q1165739,Marquise
Q115618740,
Q6781737,Marystaple
Q12337745,SuperCharger
Q5455988,Five Knuckle
Q1448601,Trondheim Voices
Q1312943,
Q105754570,
Q17711760,Håvard Lothe Band
Q137762605,Bat Fangs
Q18423826,Collegium Posnaniense
Q4806778,Asian Youth Orchestra
Q104853228,Seeming
Q61750461,Animistic Beliefs
Q68228166,Guilty Connector
Q17220766,MORGAUA QUARTET
Q137842542,Eye Of Melian
Q3010478,
Q113539816,AmBitious
Q2383657,Trinidad All-Steel Pan Percussion Orchestra
Q7541707,Slovene National Theatre Opera and Ballet Company
Q136294570,Japan Operetta Society
Q115774947,
Q3234306,Les Nus
Q122235401,
Q2985084,Combo
Q110069298,
Q1251987,Wieniawski Kwartet
Q100695620,Western Flyer
Q130777768,Suiciety
Q131443321,Brother to Brother
Q104740229,
Q15792474,Basler Münster. Kantorei
Q12759286,
Q19398313,Voice of Northwind
Q76112920,Ranagri
Q120335756,
Q111674822,Gents Universitair Koor
Q28683016,Α‐X's
Q16718679,
Q20103524,Los Gazpacho
Q16117333,VIS Jutarnje zvijezde
Q4631068,21st Century Girls
Q11190005,Active Planets
Q135517247,Holy Terror
Q17189999,COLOR
Q7103957,Orphei Drängar
Q17231377,THE LILAC
Q137456072,Mapacha
Q123206877,Milt Herth Trio
Q12230601,
Q114799401,Mordeth
Q12104687,
Q11988807,Me At Sea
Q2191459,
Q135233571,Olten Philarmonic Orchestra
Q118435237,Oltremontano
Q125177134,The Funky Lowlives
Q8311588,Kašpárek v rohlíku
Q134088181,MAMA ft. Antonella
Q5158568,Concerto for Constantine
Q7370841,Rough Opinion
Q16530918,Bagad Bro Felger
Q19845482,Driftmoon
Q6710977,Léner Quartet
Q63208529,
Q1515778,Elbland Philharmonie Sachsen
Q883357,
Q65032698,Me Mobi
Q4428249,
Q2693434,ALT
Q62032517,Carnivore A.D.
Q55469714,"Siete Cuerdas,"
Q85866237,MELiSSA
Q16835422,Ensemble Contrechamps
Q105692619,
Q139073018,Datu's Tribe
Q97370588,Polish National Wind Orchestra in Lubin
Q3355329,
Q7766584,The Stone
Q1982206,Neverland Express
Q11827223,
Q30931605,
Q65091466,Barmer Boys
Q20530611,
Q123078065,
Q127270546,Tia Dalia
Q19398906,Zaman
Q124435072,
Q9093194,
Q85852869,
Q48075244,De Verenigde Zangvrienden - Wetteren
Q104845846,Easy Wanderlings
Q133579354,Saltwound
Q6670676,The Israel Sinfonietta Beer Sheva
Q12329960,
Q25055832,Wolfpack
Q5288806,Dokuz Eylul University Symphony Orchestra
Q830272,WDR Funkhausorchester
Q17232668,Heart Of Klaxon
Q6479635,Laki Mera
Q3277044,Opera Krakowska
Q130251373,The Southern River Band
Q10372722,
Q10552339,
Q117706058,A‘ea‘e
Q10341411,
Q12363471,
Q48752496,Def Will
Q16356896,Gaujarts
Q105530707,
Q17760561,Brødrene Ravnå
Q114257569,Red Star Belgrade
Q28710687,El Pot Petit
Q2927092,Brutal Disgorging
Q5127957,Class A'z
Q12835956,
Q105395784,
Q7096626,Opera San José
Q56377542,Banda Coyote Dallas
Q104176173,Greek Youth Symphony Orchestra
Q105759822,
Q12676936,Rookiez Is Punk'd
Q9352463,Szwagierkolaska
Q112811361,Social Waste
Q98369355,
Q1783668,
Q13860262,Moek
Q130706056,Manteca
Q16851107,Junge Kantorei
Q107626125,
Q3338929,New Deal String Band
Q2480848,
Q110895182,Peterborough Symphony Orchestra
Q16410698,
Q104620719,Banda União Musical Pessegueirense
Q124523190,Virtual Self
Q115479228,Ayüü
Q2935740,Can am des puig
Q1968307,Koninklijke Orkestvereniging Symphonia
Q120335629,
Q16413062,Eesti Laululapsed
Q107611213,
Q4047925,Rabia Sorda
Q138771706,MaMa
Q12256072,Danba
Q123476755,
Q3337849,Neils Children
Q28688804,TOKYO HEALTH CLUB
Q2700771,National Youth Orchestra of the Netherland
Q7831535,Trackboyz
Q10856021,
Q7740049,The Holy Sisters of the Gaga Dada
Q105758017,
Q20754687,B-52
Q10583836,Mickeys
Q85762395,GHUM
Q831094,Alex Swings Oscar Sings!
Q111941900,End
Q104867471,Sweet Crude
Q132753066,Derec Brown a'r Racaracwyr
Q5030700,Canadian Zephyr
Q6820522,Merryweather
Q1822041,Bugotak
Q136384906,Flint Symphony Orchestra
Q135216077,OVAL SISTEM
Q7618981,Stone Love Movement
Q12289378,Осем Осем
Q15877527,
Q3446578,Garavi Sokak
Q112131023,Bill Johnson and his Rockets
Q9169762,Beyond Sensory Experience
Q109469932,
Q3657734,
Q60787838,Metropolitan Jazz Octet
Q12345728,
Q12011280,Zum
Q1110528,Die Schrillmänner
Q113140673,Società Filarmonica Guido Moretti 1518
Q10570858,Lunds vokalensemble
Q10850842,HKT
Q139757272,Crossfield Brass Band
Q138673106,Pomirenje
Q7021199,Next of Kin
Q134344434,
Q62023055,Gewelt
Q10689304,T.S.T
Q9053111,Orion Riders
Q125149661,Unbuttoned Heart
Q115557963,Tassilli Players
Q97196040,
Q55964564,Sebastian Bach & Friends
Q105660204,The Dartmouth Five
Q1650636,
Q135910778,
Q12040474,Našrot
Q4468123,
Q7729637,The Deighton Family
Q106964581,CCCP-TV
Q9305089,Redakcja
Q20618063,
Q97196365,
Q134053328,AM Contra
Q5049551,Cast in Bronze
Q121037561,
Q85985995,
Q3294659,Marousse
Q5612188,Grupo Bemtú
Q18393969,The Whitefield Brothers
Q2380370,
Q65007531,Big Bold Back Bone
Q124288396,Fall Of Carthage
Q12071955,
Q106959398,Alien Fashion Show
Q13027955,ULIS
Q16112152,
Q6994209,Neotek
Q28498254,Cameleon
Q56401737,
Q10606854,Odins Änglar
Q16837017,Fits of Gloom
Q107005634,Southern Opera
Q11822184,Polska Kapela Ludowa Feliksa Dzierżanowskiego
Q10291892,Grupo Outubro
Q12138616,
Q134481630,Manuelinda
Q114666535,Tokyolite
Q24863928,SHANK
Q930607,Hrossharsgrani
Q16141343,
Q120825505,Mick Fleetwood & Friends
Q16834900,Electric Eye
Q3064708,Fala Música
Q6989531,Neil on Impression
Q1457933,
Q56403212,Olla Barrejada
Q111949255,Bummer
Q65032519,Izamanya
Q4462356,Trek
Q31723168,
Q24836887,
Q2069073,Amadán
Q25457389,Kállay Saunders Band
Q13016249,Blueberry
Q25455840,Jazzrael
Q3693866,Coro polifonico di Ruda
Q105296112,
Q9156234,Anti Babylon System
Q131451798,
Q83306672,Nýřaňanka
Q136912544,
Q17749899,Barely Works
Q15849427,
Q3445973,King Chiaullee
Q47780334,Liberale Fanfare De Ware Vrienden - Antwerpen
Q133802595,Orchestre from donetsk metallurgical plant
Q9361212,Transmisja
Q4188815,Swedish House Wives
Q71610383,Alelle
Q11351768,World Orchestra for Peace
Q133795160,Musica Alternativa
Q25687427,Gaygi Vaygel
Q12071275,
Q5340811,Eduardo and His Brazilian Aeroplane
Q131530957,Tronics
Q11376043,Jinkaku Radio
Q42303816,Ricochet Biscuit
Q10427557,Beauty
Q123475427,Yussef Kamaal
Q9066616,Rap N Roll
Q136673559,Stanley Quartet
Q3196144,Khemeïa
Q56342432,Renia Pączkowska
Q124536913,Daily news
Q11801958,ProForma
Q28163735,The Dishes
Q2210790,
Q140275372,
Q61137565,Georgian Voices
Q85878448,
Q16751650,Electrowavez
Q7487055,Salvador
Q11918996,Els Ministrils del Rosselló
Q20008682,Moscow State Academic Chamber Choir
Q21040735,
Q133634006,
Q30934778,Waseda Symphony Orchestra Tokyo
Q5772938,Hissanol
Q10467301,De 6 apornas armé
Q114939801,Siderland
Q19878270,Ry
Q11897332,The Tahitian Choir
Q11790458,Nefre
Q15854842,
Q64541582,
Q135404164,Los Crich
Q7728847,The Dandies
Q104542794,
Q18149607,DUO Stephanie & Saar
Q126478414,Malawi Prison Band
Q49094882,Twang
Q13023783,
Q10447325,Fujian Fanghua Yue Drama Troupe
Q16097987,
Q125156858,Grip
Q16966899,Peter Furler Band
Q116858877,Belle Histoire
Q16232436,Sobrenadar
Q7786089,This Kind of Punishment
Q110895126,Concordia University Orchestra
Q125935758,Snake Valley
Q123197588,
Q3545689,The Dawn
Q12720726,
Q11835799,Duo Teres
Q16408789,
Q9337694,Skarpeta
Q90415615,Firqat Alnoor
Q118140611,Black Bottle Riot
Q122871761,
Q129675349,Bundesmusikkapelle Kramsach
Q65007379,Simon Spiess Trio
Q65255615,
Q55467282,"Musas orilleras,"
Q9287574,National Symphony Orchestra of Colombia
Q10942755,The Girl and The Robots
Q7730066,The Dials
Q113876627,Natural Gas
Q9305028,Recycling Band
Q21857767,
Q3121012,Gush
Q3528389,Tikahiri
Q130416270,Late Night Drive Home
Q7554123,Softhard
Q12230612,
Q124654338,
Q99616038,Leipzig Big Band
Q12148611,
Q18489250,Oslo Voices
Q133500241,Ensemble Kobe
Q42907826,
Q10601653,Noctum
Q131426845,
Q128477469,Banda ‘De Rohan’
Q12159882,Tango of Death
Q6978791,National Symphony Orchestra
Q42347712,Marie-Claire Et Les Hula-Hoops
Q6934035,Mulkerrin Brothers
Q112733356,The Piano Tribute Players
Q61950066,
Q109848976,Henhouse Prowlers
Q106576073,
Q18162661,S.T.R.A.H.
Q518610,Into Paradise
Q12010830,
Q4797747,Arthur
Q10674233,Space Age Baby Jane
Q9261289,For Dee
Q107120479,Arlie Neskahi and the White Eagle Singers
Q3231206,Les Bûcherons
Q115621880,Latchkey Kids
Q3520107,The Breathing Process
Q16834170,E-Trax
Q757744,Atrium String Quartet
Q39057710,Spirit and the Bride
Q7714349,The Art Decay
Q113076478,Belle Alliance
Q100165500,
Q11742627,Konkwista 88
Q1909143,Matt Boroff & The Mirrors
Q3413674,Duke Quartet
Q20724325,
Q124377880,Ascensión
Q6541865,Liberty Lies
Q9632513,
Q5960454,Konkrete
Q10658697,Råg i ryggen
Q106367994,
Q110069435,
Q128600508,Soċjeta' Mużikali Qawra
Q130265806,Battlefield Gorezum
Q18713896,First Aid 4 Souls
Q1776807,
Q11254015,WaT×ハロー!プロジェクト
Q113076518,Vox Homana
Q1066813,Cheech & Chong
Q2878926,Bagad an Erge Vihan
Q5463538,Flying Testicle
Q108121295,Grand Serment des Arbalétriers de Bruxelles
Q7760088,The Reindeer Section
Q117188933,700 Bliss
Q3277548,Czech National Symphony Orchestra
Q124465216,Dean Dixon Symphony Orchestra
Q18423289,Babilon
Q7335577,Ripcordz
Q116978055,Nevolen
Q20614129,Co de Vlo en de gympies
Q25095267,Akae Beka
Q110464777,Perugia Big Band
Q11995612,Philter
Q10050466,
Q2261493,Scream Daisy
Q12010739,Winds Hot & Cool
Q111261299,Damichi
Q136650016,Saami Brothers
Q87211933,
Q16833785,Dublin Philharmonic Orchestra
Q17987690,Salsaringer
Q125567972,Estonian Sinfonietta
Q6715672,MG15
Q104661570,
Q134876917,
Q3375031,Pepper Rabbit
Q109410328,
Q11856332,
Q9326135,SKTC
Q2924858,Brian Brain
Q16718924,Black and White (rap group)
Q56274924,Military Music Service of the National People's Army
Q5137526,CoCo and the Butterfields
Q10708947,
Q2769570,
Q85867458,Seven Billion Dots
Q25095327,Bitter's Kiss
Q4994567,Copenhagen Boys Choir
Q106577988,T-Shirt
Q116870334,The Newfangled Four
Q27670069,Flirt
Q69104767,The Brooklyn Four Plus One
Q15552647,Tax Free
Q98961053,Achtabahn
Q7659330,Swords
Q2273716,
Q110895185,Quinte Symphony
Q20687331,The Dardanelles
Q3570319,X.Y.Z.→A
Q28733352,Dismissed
Q17107732,Rabaza
Q60559459,Nomeda & Gediminas Urbonas
Q16945879,Capital Letters
Q6918553,Hamadregot
Q3828370,
Q130395960,Trio Surdina
Q57040218,
Q16115270,Fly Society
Q109682741,
Q90642796,Conley Graves Trio
Q10608137,Ola & Gorillan
Q136643754,Suzhou Symphony Orchestra
Q11726697,
Q10322569,MTS
Q13014902,
Q1820775,Utrechts Byzantijns koor
Q7880515,Ultracity
Q12043037,Ostravica
Q89098385,
Q10520545,
Q84953593,Black Swan
Q124735390,The Avila Brothers
Q4920522,Black Cherry
Q126631107,Mark Kelley
Q1848499,
Q25558318,
Q60753847,Love Child
Q110966631,
Q137805244,
Q6399681,Khalil
Q18207852,Almunia
Q110908417,Altégo
Q3639481,Biba Band
Q7802992,Tilt
Q85763237,Geowulf
Q60996736,Super Kids Orchestra
Q104630104,
Q16892229,Macolla
Q106391223,New Dream
Q11908172,Barcelona Jazz Orquestra
Q12001709,
Q2290024,Sirene Operntheater
Q85851615,Passepartout Duo
Q122460004,
Q120881151,Eat Skull
Q10699926,Tonnys
Q6806667,Medici String Quartet
Q12356422,Green Star
Q85808017,The Noolands
Q130266188,
Q84939564,O.D. Bodkins and Company
Q12262003,Lau Behi
Q78927020,
Q124497081,
Q31199884,Gudački kvartet Sebastian
Q97210032,
Q136341654,Cameristi della Scala
Q21019204,Tokyo FM Boys Choir
Q16426607,
Q20687345,The Old-Timers
Q117843562,
Q48746952,Mr.Low-D
Q3041138,Dum Due (噔哚)
Q138663600,mischa and the bear
Q3236139,Les Voix de l'espoir
Q11930985,La connexió Argan
Q10505546,Global Infantilists
Q11188868,ACKEE & SALTFISH
Q18344776,Cecimonster Vs. Donka
Q137585131,
Q1277381,
Q127163541,
Q11188017,5th Elements
Q2530397,"Voices in Time, Inc."
Q24898981,Galapagos
Q105753383,Yorkston/Thorne/Khan
Q135284431,
Q85882793,
Q28497619,PPz30
Q124497049,
Q110008199,
Q11652442,Nagasaki University Orchestra
Q109910954,Order of the Bloempanch
Q885533,Bluatschink
Q1201499,Detmold Chamber Orchestra
Q63208516,
Q31198141,Israeli Air Force Band
Q126500535,Għaqda Mużikali San Girgor
Q9191977,Akademia Techniczno-Humanistyczna. Chór
Q10651595,Rex Rudi
Q134574793,Sedative
Q10601982,Norden Light
Q7063820,Noughts and Exes
Q16842119,Hedluv + Passman
Q2424954,Twenty Nine Palms
Q2146734,Reuss Chamber Orchestra
Q20621988,Liereliet
Q137731802,JaDine
Q106744023,
Q131408665,
Q61069590,Dorothy
Q120335678,
Q1217275,
Q9198067,Czarno-Czarni
Q7333940,Orfeó Gracienc
Q7294490,Rare
Q15053039,New Zealand Chamber Soloists
Q13404248,Los Fugitivos
Q4460496,Elitsa & Stoyan
Q131454314,Rain Tree
Q11914376,
Q55614852,Jam Machine
Q110818457,
Q47003391,Mini-Tvers
Q136260144,The Muslims
Q129406410,Get the People
Q22127430,The brownies
Q31841789,Lado
Q137680911,
Q12130301,Motor'rolla
Q85866096,
Q136850172,Old Saw
Q2922496,Bouskidou
Q873387,Cygnus X
Q7720095,The Bridgeheads
Q12634551,Klapa Subrenum
Q18712168,Coasts
Q16962656,Paranoid Castle
Q116186026,
Q136001601,Trail west
Q4983114,Buckfever Underground
Q30544962,Remady & Manu-L
Q29996571,Calandra & Calandra
Q118122150,aKts
Q16967310,Point Blank
Q60830653,
Q16307940,
Q137612169,HousePlants
Q111015489,ｂｏｄｙｌｉｎｅ
Q12332551,Pubescent Hysteria
Q25640311,Batjakkers
Q30599047,Montmartre
Q119774049,The Game
Q3482481,The Shop Assistants
Q22080307,Baby Strange
Q3177221,Jenx
Q55605547,Black Connection
Q15945169,Outtrigger
Q16485036,Baba z Chopym
Q31188119,McOnak
Q10686660,Swing-A-Ling Soundsystem
Q30915773,Throne Of The Beheaded
Q9358029,The Hitmen
Q474368,Basel Symphony Orchestra
Q7758676,The Psychs
Q10427503,Beagle
Q19394103,VM-Trosserne
Q139859747,Oxford Trobadors
Q138752730,
Q106436202,
Q116518849,The Chalkeaters
Q7713978,The Apemen
Q64515933,
Q19393123,Tromsø Chamber Orchestra
Q134705629,Stevie Stiletto and the Switchblades
Q118780344,
Q16061167,Chorlight
Q12042851,
Q10720160,William
Q19877054,Chokeules
Q7067694,NuBlues
Q11197688,ENBULL
Q9192040,Polish Radio Choir – Lusławice
Q30601038,Woman's Hour
Q85809047,Thin Lips
Q31188302,Broken Brothers Brass Band
Q123261851,Zombie Birdhouse
Q4879399,Bedrock
Q17631437,The Mongols
Q30907083,
Q6080249,
Q16138934,
Q25206756,Made
Q4163385,Dobranotch
Q65255686,
Q16140548,Forever
Q11168920,
Q7844533,Triumph Street Pipe Band
Q115379462,Top Deck
Q63385644,1st Cavalry Division Band
Q135649861,Nova Scotia Opera Association
Q105391464,
Q15690756,Schola Cantorum Weimar
Q38034876,Street Academics
Q12906573,
Q19392327,The Strayhorns
Q7649816,Susurrus Station
Q24902101,
Q9192041,
Q7903928,Viva Hot Babes
Q3783312,Harare Mambo Band
Q11694704,Dom o Zielonych Progach
Q11243741,Snail Ramp
Q4227892,
Q4076240,Balagan Limited
Q117543375,
Q12072461,Sarcasme
Q110459901,
Q22677180,The Sea Lovers
Q1811212,The Nightwatchman
Q12741934,Tarabostes
Q7111660,Out of Tune
Q7564542,Soulscar
Q1460540,Vivat Bacchus
Q138548280,Nü FEEL.
Q6483537,
Q7405640,Salomon Quartet
Q11245505,Sandy Beach Surf Coaster
Q16949528,Lowline
Q94275043,
Q11524878,
Q10259746,4TET
Q28682565,KANDYTOWN
Q5599503,Great Leap Forward
Q5913826,
Q10852164,Pinkberry
Q105511425,
Q6122230,Jagatara
Q2197351,
Q120335628,
Q61782317,
Q116139933,DTAP
Q94728838,
Q7277944,RTÉ Philharmonic Choir
Q106940297,The Swinging Erudites
Q38791437,Bagad Sant Ewan Bubry
Q139964503,Our Man from Odessa
Q1045411,Carsick Cars
Q3066366,Fanfare du Loup
Q124004724,Codigo FN
Q39052215,Oh Romeo
Q12104995,
Q16359940,Klaidonis
Q109540373,Etobicoke Youth Band
Q9264709,Furia Futrzaków
Q137039289,Troll
Q7454671,Serial TV Drama
Q124038378,Band Titiwangsa
Q7126132,Pala Velho
Q13398705,
Q139761184,Chicago Stock Yard Kilty Band
Q17232558,
Q12282959,Kiora
Q4034457,Asia Minor
Q2288003,The Carpet Knights
Q2039845,Brooklyn Philharmonic
Q7768719,The Thing
Q5207960,Daddy's Groove
Q12261474,King Mafrundi
Q2908427,Body Fluids
Q17143577,Storyman
Q105748204,Starish
Q5676803,Harvest Jazz & Blues Festival
Q1118363,The Good Natured
Q112584337,Judy and The Jerks
Q113903825,Michelle
Q25068532,Colaars
Q2974570,City Opera of Vancouver
Q60740383,Coldharbourstores
Q10660328,
Q11939569,Franz Schubert Filharmonia
Q121892768,
Q97190747,
Q115386957,The Mauskovic Dance Band
Q133932192,Banda Municipal de Música de Castro Urdiales
Q47170568,Els Vernets
Q28682550,THE JIVES
Q1723178,MDR-Kammerphilharmonie
Q109416915,
Q16356550,
Q3020918,Debout sur le Zinc
Q873345,Rain
Q110069378,
Q104968664,
Q30879898,
Q112145761,Choir of the Orfeó Lleidatà
Q12148610,Rolliks
Q126924536,Għaqda Mużikali Beland
Q120335567,
Q4996873,Bullett and Gunn
Q65028456,Volver
Q4223628,
Q126897891,Għaqda Mużikali Sant’Anna
Q7414962,San Miguel Foundation for the Performing Arts
Q772400,Utrechts Symfonie Orkest
Q121031553,NU Ensemble
Q17012624,Seven Sense
Q22031565,Death Requisite
Q12803025,
Q137426705,Ufunuo Choir
Q30239167,
Q17509623,Et Cetera
Q126415149,Halifax Symphony Orchestra
Q11340867,
Q11311005,
Q113550516,Tom and Jerry
Q5211840,Dam Native
Q119168300,
Q134569880,BITOI
Q4034272,Arcane Grail
Q6038389,Grup Çığ
Q106509875,The Jimmy Castor Bunch
Q85988873,
Q128792260,Psycho Boys Club
Q22126460,BASEBALL☆GIRLS
Q65255831,Posidelki
Q138027064,Weekly Piano
Q56402484,
Q20108833,Sant Gatxo
Q6347882,Kailasa
Q109311467,
Q6674277,Longshanks
Q111190439,PCCSfreesia
Q57830617,Weekend Edition
Q67225352,Shobaleader One
Q96391199,MDMP
Q55639289,Beautify Junkyards
Q28449518,MIX5
Q117231311,
Q105320142,Spontaneous Combustion
Q2853152,Antichristus
Q139591309,Esteban and the unicorns
Q7571478,Southwind Drum and Bugle Corps
Q55520644,Cantus Domus
Q11962912,Bøyen Beng
Q9357682,Tewu
Q2878933,Bagad Karaez
Q106546850,
Q7943175,Vrose
Q135650309,
Q2368764,
Q2216436,
Q55616353,LADAMA
Q108815413,
Q105335211,
Q1911826,
Q2441937,Poison Arts
Q106122701,Tokio Promenade Philharmoniker
Q5332951,Eclectic Method
Q1425957,Knabenchor Dresden
Q130543564,
Q104912900,Bankzitters
Q7167393,Percy Hill
Q16842020,Hearts of Darkness
Q12262313,Lin Ton Taun
Q7553683,Sofia boys choir
Q18289696,F.I.B.B. - Fahlström International Big Band
Q16428872,The Foreign Monkeys
Q109331797,
Q20564158,Pamatinstinkts
Q120335598,
Q113903742,Ditz
Q11850518,
Q57909446,Vienna-Falls
Q7723248,The Claim
Q25095386,Unlogic Skill
Q28678265,
Q83887282,Goldmund Quartett
Q15857420,ERF-Chor
Q9357852,The Body Lovers
Q11939484,Orfeó Manresà
Q19606588,Babylone
Q3021149,Deeps
Q126900862,
Q11381041,
Q5197720,Cyber People
Q55138112,The Rangehoods
Q10933327,Dreamphony Orchestra
Q10854849,Super Girlies
Q109599255,Japan National Orchestra
Q14540251,Oy
Q3862968,Morgan
Q2917740,Voices of Change
Q118780405,Furguson
Q4824207,Australian Girls Choir
Q5254415,Delphian Complex
Q86661206,"Mé, Pék e Barba"
Q109975694,Lee Bains & The Glory Fires
Q136406231,Jimmy González y Grupo Mazz
Q60742830,HMLTD
Q123758604,stapla kenkyusei
Q19956277,Jireh Gospel Choir
Q7548100,Snorting Maradonas
Q12290985,
Q3505758,Sustraia
Q127278575,TrypTych Concert and Opera
Q11631830,Suwa Symphony Orchestra
Q7742435,The Invisible
Q27956350,The Americanos
Q22129461,Mrs. Green Apple
Q104959189,
Q3489111,The Beatmen
Q107400641,Grand Junction Symphony Orchestra
Q96375073,
Q16238001,Meninos Cantores da Academia
Q105515367,
Q4882031,Belborn
Q11501085,SNK Sound Team
Q108223413,Hololive English Council
Q113076525,Da capo al dente
Q23018404,The So and So’s
Q22128041,2WIN
Q56300437,
Q109361057,
Q15304261,VEvývoji
Q29023798,Bois y Frenni
Q16611360,Trasy koncertowe Filipinek
Q104720380,
Q31827146,Das Kuhn
Q12264683,Nahi ta nahiez
Q6206669,Job Karma
Q105008633,
Q140301074,Lex Legion
Q111976363,Sun Symphony Orchestra
Q16671919,Québreizh
Q10650493,Reggae Team
Q4818891,Ścianka
Q7623966,String Sisters
Q12047614,Punk Floid
Q17125047,Lost Stories
Q4686467,Adventist University of the Philippines Ambassadors
Q27817369,April Weeps
Q5273931,Dicta License
Q56388574,
Q56300353,Berits Halsband
Q111183991,iLL BLU
Q6867990,Minneapolis Guitar Quartet
Q84939483,Country Rebels
Q112581259,Nordic Jazz Quintet
Q16255823,Kid Wikkid
Q18043444,Ensemble baroque de Nice
Q6412045,King Size Terror
Q104603332,
Q948892,St. Florian Boys' Choir
Q49478088,Ensemble Allegria
Q4316089,Nedobroe utro
Q5788692,
Q49101904,
Q105038868,Tokow Boys
Q131319904,Metalite
Q110895187,Rocky Mountain Symphony Orchestra
Q104590581,
Q6153518,Trío Servando Díaz
Q139762631,Windsor Citadel Band
Q16828375,Creme d'Cocoa
Q138922887,The Pussyboys
Q27817979,The Tourist Company
Q11813096,Partita
Q6783914,Masqualero
Q115516899,Gabriels
Q124989735,
Q4797345,Artaria String quartet
Q104600126,
Q60999880,
Q17301715,Societat Coral Catalunya Nova
Q105064069,
Q73312029,
Q28407313,"""Showtime"" Marching Band"
Q10695486,The Culture In Memoriam
Q3012133,Daipivo
Q125523279,Fust
Q137106318,The Blue Drifters
Q110605283,
Q6681839,Los
Q3092991,Fœtus Party
Q96377077,El Wali
Q3500410,Strigall
Q17622272,Boulouris
Q3914579,
Q110830484,Sansei Choir
Q61403127,
Q2740435,Fanfare orchestra Wilhelmina Eindhoven
Q5426738,FM Radio Gods
Q22312886,Gengahr
Q12630526,
Q4530811,Electric Guerillas
Q3346714,Nysay
Q137456019,Negro East Melodies
Q106322143,
Q18161431,In The Willows
Q3693848,
Q61122880,Duck
Q3392186,Pleasure game
Q55655572,
Q25346174,Tough Love
Q55467226,La Mondonguito
Q13654873,
Q131919099,
Q6970867,National Ballet of China Symphony Orchestra
Q139968991,DJ Bloknote
Q12306408,City-X
Q120335595,
Q61126654,
Q3305350,Membres de Uriah Heep
Q85866693,PK shampoo
Q9192075,
Q105080738,Banda Filarmónica de Amares
Q10583424,The Metropolitan Opera
Q3258064,Logobi GT
Q12022258,Jaksi Taksi
Q139757358,Vernon Fire Brigade Band
Q136482697,Allegro Milano
Q9358455,This Shit Flies
Q4663689,Abbaesque
Q136093284,City of Athens Choir
Q136461238,KBS Gugak Orchestra
Q48756875,David & Götz
Q12289928,
Q5253717,Delgirl
Q20796016,M-22
Q28758646,De Danske Hyrder
Q85875976,
Q12252680,88-91 maketa
Q109820936,Analimal
Q113676091,Flagey Academy
Q897957,Brandenburgisches Staatsorchester Frankfurt
Q114755833,Triulet
Q55603323,Afterglow
Q11196779,Deshabillz
Q63208450,
Q2288955,Sinfonieorchester Ludwigsburg
Q10638084,
Q16239886,The Randy Abel Stable
Q134028430,RiBORN
Q61841453,Jackson Delta
Q2733639,Kontingent 88
Q124365683,Enemic Interior
Q7759341,The Rainkings
Q17107823,Tearano
Q107722717,Badge Époque Ensemble
Q65255702,
Q3570272,Wünjo
Q97194014,
Q11636917,Adachi City Orchestra
Q6449821,Kvoteringen
Q1333819,
Q57830564,The Gibson Girls
Q65036899,Ame Seche
Q3653392,Poltava Bandurist Capella
Q65032514,Gringolts Quartet
Q112943787,The Mahers
Q106468684,Radio Heart
Q9016972,KMSWT
Q7751422,The Milk and Honey Band
Q7756960,The Phoenix Boys Choir
Q57909440,Harborlites
Q22101347,
Q122707003,G-60
Q96374447,Cardinal
Q120491189,
Q2920829,
Q124322710,Shah
Q104829483,
Q105450735,
Q61365588,Puskarra
Q120561870,Les Troubadours de Guyenne
Q1815564,
Q66828932,Crooked Flower
Q10481929,Elmo Red
Q16679635,The Kickin Grass Band
Q17221179,
Q7300486,Reading Buccaneers Drum and Bugle Corps
Q22569648,MünchenKlang
Q125379294,
Q105086836,
Q16112323,Mantra Fusion Band
Q5358783,Elektrolytes
Q56405039,Valaisia Brass Band
Q7857032,Tutto Matto
Q8028240,Without Time
Q116760252,I and the Lad
Q1930861,M.I.M.E.O.
Q136327671,Kolkata Symphony Orchestra
Q10621727,Patricia Page & The Prophets
Q11690465,
Q9390623,
Q104903361,
Q6690359,Love Army
Q6852100,
Q100978447,Joana Marte
Q31188041,Ene Bada!
Q4993487,Rock Hard Power Spray
Q136912573,
Q110281778,Love2sing UK
Q300730,Aachen Chamber Choir
Q10534066,Idle Flowers
Q2558477,Nederlands Balletorkest
Q105047278,
Q135210287,Sainted Trap Choir
Q4051907,Too Late to Pray
Q24890278,Qutub-E-Kripa
Q106484291,Emil & the Heartland Express
Q17459693,
Q41556425,The Wiyos
Q4142605,Blue Berets
Q10595810,Nektor
Q1374843,
Q13426135,Lebanese National Symphony Orchestra
Q131412050,New Symphony Orchestra
Q56352067,Adoration and Life Ministry
Q135408490,Yume no Usagi
Q20873745,
Q65260726,
Q10695520,The Embodied
Q21120326,Audiotopsy
Q11222941,HYBRID HUMAN IDEOLOGY
Q11786344,Mr. Pollack
Q7229031,Pop Mechanix
Q65117263,El Guero Y Su Banda Centenario
Q19936291,Rudarska godba Hrastnik
Q9559247,A Van na Brasil
Q4927042,Blla Blla Blla
Q12266712,Ryan's Fancy
Q133540721,
Q6152809,Triolocría
Q28494728,Les Ducs
Q125177366,Straight from Hell
Q1258582,Dresdner Sinfoniker
Q17154333,Ensemble Correspondances
Q3520617,The Devlins
Q12071327,
Q56277220,B-Red
Q107611318,Vienna String Trio
Q123400115,Khonya
Q11193492,COCK ROACH
Q3118217,Grupo Caribe
Q2631976,
Q7577955,Spirit of Atlanta Drum and Bugle Corps
Q84939498,"Delaney, Jo and Taylor"
Q7555858,Solar Bears
Q106153694,
Q7760139,The Remarkables
Q12282617,
Q119848596,
Q5575378,Goats Don't Shave
Q11351274,Windmilk
Q7587552,St. Christopher
Q28966551,Treacherous Orchestra
Q16131692,Ḥavurat Renanim
Q122238029,The Portraits
Q16846969,Singing Stewarts
Q23009869,
Q7430947,Schallfaktor
Q105535480,The Sloppy Boys
Q1781321,Allfader
Q10678005,Steel Wheels in Japan
Q104889383,
Q56389195,Aornos
Q6823623,Methera
Q13866647,
Q810392,Basler Bach-Chor
Q3425667,Cue
Q15905849,Caroline du Bled & scorbüt
Q1421034,Veresegyház Women's Choir
Q26877283,Martin S.
Q3522972,The Terre-Neuve
Q18625776,
Q15850497,The Happy Disharmonists
Q6124444,Jakaranda
Q4388697,Raznyie Lyudi
Q56191314,Lakuna
Q25351950,Holy Holy
Q10595313,Necro Facility
Q5685582,Hawthorne Caballeros Drum and Bugle Corps
Q21546029,Abadon
Q11463515,
Q27973117,Münchner Oratorienchor
Q106538691,Ugarchin Group
Q11691281,Cocotier
Q1093919,Kenze Neke
Q65216707,Kobrazulo
Q139762547,Dayspring Brass Band
Q4230758,
Q136723054,Dlù
Q1240304,
Q12181148,
Q19254282,
Q22079927,Megalodon Collective
Q110837485,
Q11249068,The Sodom Project
Q104857899,Globos
Q133249764,
Q112307505,Darkest Place
Q124347495,Trio San Francisco
Q133931284,Accord Symphony Orchestra
Q10709319,Undecimber
Q4782170,Apsci
Q4952212,Boyan Ensemble
Q85992264,
Q139665645,
Q16243547,Morbo
Q96746743,Pauline Gillan Band
Q11836070,Soundkail
Q139762584,Kirkland Lake Brass Band
Q1302222,Chor Modus Novus
Q122205671,Choral Connection
Q6765425,Palestine Folk Opera
Q24996675,Bradbray Apartment
Q85857904,
Q95627808,
Q6635007,
Q22127148,CLEEM
Q28664401,Musica Rediviva
Q7927024,Victoria Scholars Men's Choral Ensemble
Q136313404,Ex-Concentration Camp Orchestra
Q28927408,
Q3083190,
Q135849869,
Q21006741,New Life Band
Q122850417,Slow Crush
Q48702233,
Q4838671,Bach-Elgar Choir
Q56812285,Gayalaxy
Q115353230,Craig Handy & 2nd Line Smith
Q122712414,Glossing
Q6419697,Klapa Šufit
Q112232550,The Green Arrows
Q3990180,Thee Temple ov Psychick Youth
Q10434779,Branschen
Q2225007,
Q135557754,Frenzy
Q139757344,Trail Brass Band
Q136677043,Monedita de Oro
Q7054973,North Cregg
Q115734696,Medicinarkören Notknackarna
Q1954941,Musica rara Quintett
Q135246170,Flooding
Q85759388,Enoch Train
Q113879449,
Q13016336,
Q137258767,Minami Deutsch
Q11197592,EIZO Japan
Q28493337,LNT Musik
Q96471223,Time of Worship
Q111416876,Bumbe Orchestra
Q7239792,Preface
Q22908023,Eccodek
Q3481697,Sheeduz
Q7849168,Trío Morales Pino
Q97576013,Kipinät
Q107298893,Roxy Blue
Q24996599,Intenso Project
Q65171873,
Q7718312,The Black Family
Q10590709,Musikkåren Gripen
Q117599978,food house
Q128356343,Fake Fruit
Q4959879,Breathe Owl Breathe
Q4271295,
Q124896810,
Q67782291,Ravi Kuma
Q55470279,"Típica Fervor de Buenos Aires,"
Q115287606,Georgie Girl and Her Poussez Posse
Q137639116,Rokotto
Q113993294,Lock 'n' Load
Q94489113,Toti Tres
Q11194729,Cocott
Q9668529,Bulllet
Q123743056,Ghost Festival
Q104213448,
Q135403562,
Q16239578,Hedgehog
Q111467278,Acid Coco
Q63396676,Harbin Symphony Orchestra
Q5312710,Dukatalon
Q7843078,Trio Beyond
Q105474341,The Rhythmettes
Q139762559,Cobourg Brass Band
Q25484635,
Q3207421,La Cinquieme Kolonne
Q15957050,
Q61361514,Trizak
Q11250965,The samos
Q39024919,Bagad Arduinn
Q31189098,Kaskezur
Q18712359,The Jacques
Q116859578,
Q118778089,Orquestra Cidade da Arte
Q10467544,Dechas
Q16140092,
Q3693822,Coro CAI UGET
Q13018351,
Q3284654,Maluzerne
Q110895147,Kitchener-Waterloo Community Orchestra
Q38698140,Mitteldeutsches Kammerorchester
Q139762534,Fredericton Brass Band
Q11197208,Dreamers〜EXILE VOCAL BATTLE AUDITION FINALIST〜
Q99472513,Club Hoy
Q109469914,
Q110895191,Sinfonia Toronto
Q4068464,Arax
Q2256975,Tref
Q12262008,Lauburu musika taldea
Q2155829,Rizwan-Muazzam
Q60823628,
Q31189023,Izeberg
Q24946448,The Rookles
Q12640740,Puhački orkestar Zaprešić
Q7691746,Tear of a Doll
Q65083306,The Messthetics
Q5113616,Christy's Minstrels
Q4047765,
Q3927125,Quartetto d'archi di Venezia
Q31188135,Kontuz Hi!
Q7373965,Royal College Orchestra
Q138035648,Ensemble vocal De-ci De-là
Q318022,Nordwestdeutsche Philharmonie
Q4050976,
Q86689634,
Q31188116,Deiedra
Q2940406,Carré manchot
Q5522545,Gardiner Street Gospel Choir
Q122926979,Ko Shin Moon
Q106419031,Sven Henriksen & Inga Juuso Band
Q111530409,
Q108528998,Self Insert
Q22122619,Human Garbage Disposal
Q5201743,Czech Boys Choir
Q110394020,
Q111948042,Ukrainian Chorus Dumka of New York
Q122974973,Daniel Erdmann's Velvet Revolution
Q10625087,Peter Carlsson & Blå Grodorna
Q16139364,Songwai
Q2207810,
Q20986937,Daniel Puente Encina
Q2834631,
Q4035175,BLACKLAZER
Q7902568,Utangarðsmenn
Q876371,Jenaer Philharmonie
Q106231964,
Q139762663,Lebret Indian Residential School Brass Band
Q122927024,Trio Zadig
Q7752980,New Zealand Opera
Q134053345,Cnoc An Tursa
Q64739904,Kammerorchester Unter den Linden
Q135025171,Dejto
Q18054967,Re-code the Name
Q13025458,
Q106462720,The 8-Bit Big Band
Q140065630,Earl Fuller's Famous Jazz Band
Q17484546,
Q125635839,Janas
Q20639819,The Wax Girl
Q11833034,RGG Trio
Q2095366,Brabants Volksorkest
Q59536072,Zeļļi
Q17145893,Townline
Q110895168,Ontario Philharmonic
Q3693814,
Q12252679,7 Eskale
Q5718310,Banda de Gaitas de Cea
Q3726181,Ensemble Micrologus
Q9274722,Gospel
Q5204748,DD Smash
Q31192902,
Q24060890,Palehound
Q12776095,Ska-pra šupina
Q106699456,
Q7723300,The Classic Rock All-Stars
Q4096032,
Q10521880,Hemvärnets Musikkår Guldsmedshyttan
Q3321310,Lazy Mutha Fucka
Q16495050,
Q12339038,The Gift
Q2648981,Tercer Cielo
Q7808616,Tiny Monroe
Q10341718,University of São Paulo Symphony Orchestra
Q137440342,Njiro Sda Choir
Q5287118,Doc Schoko
Q4635321,340ml
Q1187417,Jiella
Q65053251,Azusa
Q31189039,Mitosia
Q64187352,The Mike Sammes Singers
Q9168307,Beer Band
Q119260559,The Hot Melts
Q10316303,Laranja Freak
Q20684047,Dumblonde
Q4975737,Brothertunes
Q11772707,McLaren
Q17711724,
Q25056830,Needlepoint
Q61364657,Harresian Zulo
Q6100096,Apaşlar
Q108741800,
Q136675829,
Q121909121,YLA
Q1650022,Elton John Band
Q50795395,
Q109415420,
Q12288895,Novi Tsvetya
Q4036515,
Q4245880,Kukuruza
Q7734542,The Flowers
Q54288105,Západočeský symfonický orchestr
Q5205819,DNX vs. The Voice
Q112176058,Melts
Q6530083,Les Voix Baroques
Q12261402,Kañeria 13
Q51882976,3030
Q3820698,La Carovana del Mediterraneo
Q1513870,German Brass
Q4634098,3-11 Porter
Q12255262,Biok
Q119559561,
Q31188019,Altxatu
Q2036113,Tarantula
Q7133918,Parachute Band
Q97369122,Los Silver
Q11329272,
Q16169500,
Q131437933,Heavy Moss
Q116824674,Hallelujah Chicken Run Band
Q850510,Between
Q65240583,
Q12281800,
Q2183365,Le Grand Kallé et l'African Jazz
Q6000510,Illusions
Q123475340,Answer Code Request
Q139762581,Kincardine Youth Brass Band
Q21055240,Synapson
Q115821149,Boones Farm
Q122956859,
Q3972474,
Q12006027,Thinkerbell
Q7237669,Prague Bandurist Capella
Q66898451,
Q138748025,Loved Ones
Q138605612,
Q106545661,
Q131033894,Groupe tambatra de Madagascar
Q11076163,Mi2
Q48773746,Gotal
Q135112156,Quatuor Alcan
Q5951813,Hwa Chong Institution Chinese Orchestra
Q104870200,Loudhouse
Q97613594,
Q106483529,
Q12959691,SHpiritus mOvens
Q105797664,Associação Cultural Lá-Mi-Ré
Q11334897,
Q11787406,Muzykanci
Q472844,Orchestre philharmonique de Strasbourg
Q84716408,
Q2842509,Ame strong
Q112183057,Stretch Armstrong
Q124053200,La Conquista
Q31795864,Damian Cowell's Disco Machine
Q10688435,
Q11831675,
Q11376721,
Q6121171,JadaL
Q123748818,Albino Sports
Q12374799,Raudam
Q61061073,
Q5339079,Edmonton Opera
Q126285780,Għaqda Mużikali u Soċjali Madonna tal-Karmnu
Q2056270,Moody/Marsden
Q13020265,Rockestra
Q96308743,Boy Pablo
Q2530616,
Q30607887,The Dogs
Q59558713,Radiocrimen
Q11201021,GFAP SQUAD
Q6721240,Maasinhon Trio
Q123138886,BeepHonk
Q4748836,Amsterdam Guitar Trio
Q6046726,Nefret
Q3473649,Sarmalele Reci
Q1695741,
Q15820442,Isarflimmern
Q6085169,TUAL
Q137585139,
Q19881962,Sumerlin
Q110830488,Lemon Creek Harmonica Band
Q2308535,
Q23498675,Estramp Jaç
Q110069503,
Q61133099,Douvoordag
Q107272329,Amatis Trio
Q6419603,Klaipėda Chamber Orchestra
Q55466032,Orquesta Típica La Martino
Q10405218,Alien Beat
Q24875559,The Hitch Lowke
Q4049116,Scartown
Q7619330,Stonesilk
Q12281345,
Q10716804,Von Panzer
Q7438936,Screaming Meemees
Q6683159,Los Primos de Durango
Q85853697,
Q7713014,The Alberts
Q125338463,
Q6097545,Infected
Q20610212,The Shira Choir
Q65230832,
Q24942914,M.I.G
Q7548690,Snowracer
Q107803437,Quantice Never Crashed
Q10716537,Vocalettes
Q97307757,Bandung Philharmonic
Q4986815,Bukas Palad Music Ministry
Q2530618,
Q3256707,Little Nemo
Q123558796,Barnkammarkören
Q135067839,Smorz
Q5140817,Coerced Existence
Q65254736,
Q20065528,Riffmaster
Q10639873,Promise Divine
Q12034952,Mako!mako
Q109037698,Faygo
Q28874548,Kevrenn de Rennes
Q16955294,The Pale
Q126095445,
Q139762625,Toronto Police Silver Band
Q62023007,Grup SOS
Q4048661,S.C.A.L.P.
Q2894138,Bel Amour
Q97201231,
Q65036904,Rio Wolta
Q16112848,Winterspell
Q11192782,B Kool
Q124362989,Guadalquivir
Q1776805,Knabenchor Hösel
Q16357476,Hameleoni
Q10480457,Eitre
Q20561889,Huskvarn
Q13026024,ABnormal
Q3144039,Hymne au Soleil
Q133500202,Ashikaga Kammerorchester
Q11790541,Nemesis
Q15926765,
Q582625,Greek National Opera
Q10593836,Na
Q132257559,
Q122926867,Jamiroquay
Q104661391,
Q7561787,Sonic Arts Union
Q117734496,Marching Bombers
Q10576152,Malmö kammarkör
Q1844157,
Q18694428,
Q13100211,State radioquartet Avramov
Q110088563,The Swallows
Q61362861,Velozet
Q5410782,National Symphony Orchestra
Q50359015,The Gordons
Q11324094,NANCY & THE BOYS
Q48701492,
Q19382547,
Q127603659,The Light Brigade
Q5254295,Delmé Quartet
Q56410192,Banchieri Singers
Q18694618,Alit Boazu
Q107501695,Sons of Crom
Q65291260,Nagasaki OMURA Chamber Ensemble
Q97940799,
Q30937615,
Q137613788,Kosmos na Potolke
Q3265967,Lucrate Milk
Q20105224,
Q110772331,
Q125171154,
Q112861899,
Q864454,Michigan & Smiley
Q108635374,National Jazz Ensemble
Q5458324,Fleadh Cowboys
Q131383921,Prep
Q5282960,Distin family
Q121766197,
Q13108690,Ny Antsaly
Q71177468,Ennui
Q56278391,Son 14
Q136702437,Balthasar Neumann Choir
Q48698571,Lightnin' Willie & the Poorboys
Q85852549,13 Block
Q3657732,
Q125761096,Yakomin
Q98956457,Pact Infernal
Q108084461,Cinderella Original Motion Picture Cast
Q55635065,The Birds of Paris
Q16885533,Keister Family Fiddlers
Q22080949,Vechigen
Q105452047,Banda União Musical Pessegueirense
Q105665370,
Q110395925,
Q134531152,
Q47111929,Koninklijke Fanfare te Ronse
Q12291347,
Q62023719,Fracture
Q4906583,Big Tom and The Mainliners
Q120004285,
Q96050420,Woo Music
Q122205454,
Q2972177,Estonian Philharmonic Chamber Choir
Q4770898,Antagonist A.D.
Q6493157,Lash Out
Q31188466,El Desvän del Macho
Q10922190,
Q28451098,Dildorado
Q11298027,
Q123125183,Maid of Ace
Q11695155,Drumstein
Q112663724,Mariachi Sol de México
Q18430362,
Q13431138,Aurelia Saxophone Quartet
Q125401326,Chimera
Q12020870,Band of the Castle Guards and the Police of the Czech Republic
Q120335535,
Q6648805,Littl'ans
Q5138313,Coastal Scottish Pipe Band
Q99640599,Chromatone
Q70874567,
Q21666046,Mistwander
Q16950346,Mallavoodoo
Q12718803,
Q6837714,Michigan State University Children's Choir
Q106133802,
Q111252382,chœur de la paroisse Notre-Dame-Joie-des-Affligés-et-Sainte-Geneviève
Q7738003,The Great Wilderness
Q100997800,Vi Burnside's All-Stars
Q1028617,
Q12005835,The Lionheart Brothers
Q121948038,Ceremonic Buryment
Q2616019,Orchestre Révolutionnaire et Romantique
Q132069739,Oxford Symphony Orchestra
Q3149509,Improvisators Dub
Q937615,Katona Twins
Q6683366,Los Zodiacs
Q10674750,Spelmanspojkarna
Q54958555,Twilight 22
Q11303571,Gospe Rats
Q139753068,Alert Bay Industrial School Brass Band
Q9353711,THS Klika
Q1269015,
Q5759743,Highty-Tighties
Q38471411,Rubber Band
Q138412649,Brian Moody
Q128793447,The Galaxy
Q4927996,Bloods & Crips
Q1387077,Prague Philharmonic Orchestra
Q5306668,Dreamlovers
Q137918855,Flactorophia
Q4579295,SKRUK
Q2454621,Psallentes
Q61116841,
Q126726651,
Q132156736,The Carter Twins
Q104598972,Gallery
Q120335512,
Q12690680,
Q49098715,Jag vill jul
Q3675350,Choir of Westminster Abbey
Q2728050,ProjeKct One
Q120335622,
Q5023643,Calor Urbano
Q11906169,Anímic
Q2534317,Dubska
Q120335537,
Q113379061,Tzlil V’zemer
Q65941843,Poolside
Q16305570,
Q128608113,Basic One
Q85965455,
Q10510762,Gummibandet
Q10465520,Da skywalkers
Q100351694,
Q125751679,Bound and Gagged
Q109366138,
Q61361436,Fumut
Q48808661,Fuera de Clase
Q3151082,Inhumate
Q97577541,
Q16517176,
Q106546817,
Q28453431,Soup
Q105474582,Waymore's Outlaws
Q61364447,Uger
Q117531824,
Q115922776,The Kentones
Q31189055,Beira
Q122956125,Landokmai
Q105202111,
Q11572056,
Q25056132,Besieged
Q12479697,Bagindas
Q10455492,Closer
Q880007,Black & White Cooperation
Q139762549,Port Hood Brass Band
Q12257305,Estigia
Q139762657,Fort Qu'Appelle Mounted Police Brass Band
Q134028110,Ten Diligent Ones
Q4041282,ikd-sj
Q109411760,
Q19392291,
Q60760417,Drakkar Sauna
Q28673194,Jary Oddział Zamknięty
Q13026350,
Q958520,Les Vingt-quatre Violons du Roi
Q11324667,Nuclear Blast Allstars
Q108316866,Hum Hum
Q7732177,The Enemy
Q122927077,Ensemble InSoliTus
Q104535456,
Q137590626,Ivy Lab
Q1094724,clair-obscur
Q10260649,
Q25025082,The Powell Brothers
Q104886332,
Q9191961,
Q10508798,Grillat & Grändy
Q31188012,Travellin' Brothers
Q11850315,Academic Choral Society
Q109358143,Tokyo Liedertafel
Q3328537,Musicatreize
Q97180674,
Q31188103,Katez
Q12403215,Goldoolins
Q13014792,
Q10542380,Kadesch Kadeng
Q15053023,Hussey-Regan
Q104777352,
Q110895190,Sinfonia de Lanaudière
Q51029311,Zentralschweizer Jugendsinfonieorchester
Q120489569,Lei Tambourinaires de Magali
Q3274569,Heed
Q4655279,A 2 Violes Esgales
Q56064485,MaWayy
Q20683980,Continents
Q4978884,Brundlefly
Q11233814,Mudy on the Sakuban
Q3556829,Vibromaniacs
Q21640490,
Q11684484,
Q10825041,
Q18549813,
Q19906734,Exprompt
Q6458098,Hasta La Fillsta
Q4219339,Kenguru
Q13018136,
Q60442501,King's Chamber Orchestra
Q12008261,Ulabrand
Q27816993,Armonite
Q1536260,Sankofa Djinns
Q4044510,Moon Far Away
Q1418644,Fiori Musicali
Q5692659,Heartbreak
Q99542350,Griffin Choral Arts
Q132781265,
Q140065628,Saginaw Bay Symphony Orchestra
Q30945695,
Q30932270,Nobodys
Q134613726,Autumn Kings
Q113098370,Ae! group
Q19873619,The Blue Shadows
Q1974174,
Q85811431,U.S.G.
Q48702633,
Q27973015,
Q48784325,Sanam
Q10659606,SMusK
Q48877718,
Q28667998,N.O.I.A. (Musical group)
Q64706522,Morgonrode
Q56324846,
Q19378968,Lano Places
Q120478308,
Q17107601,Society of Seven
Q15843683,
Q56410291,Új Forrás
Q747342,Palau de les Arts Reina Sofia
Q124497096,
Q6817692,Menwhopause
Q20008708,Brass Quintet of Slovenian National Opera and Ballet Theatre
Q60847058,Windrunner
Q82034217,Amo Amo
Q28686213,I PROMISED ONCE
Q11335289,
Q139762570,Grantham Brass Band
Q105104526,
Q5244783,De Van
Q11608015,
Q19616730,
Q1912700,Max-Him
Q6404213,Kick Bong
Q10695548,The Fitzgeralds
Q316549,Czech Philharmonic
Q7164987,Pentagram
Q29510839,Suíça Bank
Q119226779,The WAV.s
Q11747869,Krakowska Orkiestra Staromiejska
Q25039467,191st Army Band
Q16451635,
Q104851219,Gerardo Díaz y su Gerarquía
Q139762609,Steeltown Silver Band
Q125747763,
Q16487420,Welcome to the Club
Q123765665,||||||||||||||||||||
Q4426723,
Q25537070,Balnasar
Q55656998,
Q2554302,
Q3240782,Lili Drop
Q11230171,Linked Horizon
Q64285910,Krímeš
Q96379449,Ghost Town Blues Band
Q5421786,Extasick
Q99198776,Botopass
Q12007294,Trancylvania
Q60538722,cvstaway
Q921937,Gundecha Brothers
Q120534488,
Q134053366,M.E.R.C. Music
Q94992487,
Q16162400,
Q3916589,Staygold
Q14142953,Polis & Les Helleniques
Q612152,Ogguere
Q11735519,"Karaite folklore ensemble ""Dostlyar"""
Q139781139,Honey Punch
Q5318825,Dym
Q11956496,5 staute
Q4971261,British Youth Band Association
Q7753096,The Narrow
Q5568542,Glengarry Pipe Band
Q12133041,NeDilya
Q26816956,CANDY☆STAR
Q3481519,Le Sport
Q106629203,Skagit Valley Chorale
Q105395632,Vipertime
Q22124212,asobius
Q7139704,Parque en el Espacio
Q3998532,
Q20391944,Palestine Youth Orchestra
Q112977062,
Q16427346,Hekkenfeld
Q138585801,The Go-Nuts
Q99542447,Savannah Children's Choir
Q106826832,Pollard's Juvenile Opera Company
Q61107397,Cloudstreet
Q138510055,One Click Straight
Q135485320,Al Qahwa
Q9188806,Chanel
Q65228518,GRIFFIN/Osaks
Q99584555,The Murrills
Q7179380,Petty Booka
Q112819552,Weibrations
Q7204561,Plenty
Q131686933,"The Army, The Navy"
Q11310039,Japan Chamber Orchestra
Q61364817,Duluth
Q17104481,Three Seasons
Q130218638,Killers & Rockers
Q4470501,
Q20431676,Romanian Radio Chamber Orchestra
Q107599294,Selangor Symphony Orchestra
Q15825100,
Q104859218,Vicente Chamber Orchestra
Q106962515,
Q5760055,Highwon
Q7042346,Ništa Ali Logopedi
Q11287864,Eagles
Q3152976,Intakto
Q3664778,
Q30592705,The Trumpeteers
Q5911037,Hotcha Trio
Q4460950,Torba na kruche
Q16189836,
Q109469926,
Q105833545,De Nada
Q44164094,Mechelen Genootschap van de H. Franciscus Xaverius
Q2038923,Hardsoul
Q2099331,Schönberg-Ensemble
Q6457924,5set5
Q19881147,Superfruit
Q1423949,ProjeKct Two
Q13417756,Vlach Quartet of Prague
Q15041026,Il Trono dei Ricordi
Q4512729,
Q104852812,HOCKET
Q132981739,Sukhan
Q61107925,
Q9295054,Hurt
Q10633024,Plastic Pals
Q115519024,Press Hit Play
Q125157265,The Grotesquery
Q3885008,Orchestra Maniscalchi
Q2908742,Bogshed
Q136649400,National Symphony Orchestra
Q18245744,Shanty Singers i Åbo
Q7750919,The Mekano Set
Q96381993,Imperial Triumphant
Q4036748,Crystallion
Q17779224,Grønnes Bad&Jazzforsyning
Q7165954,People in Planes
Q9345861,Stilo
Q38052722,Kordt Sisters
Q122920387,Stamitz family
Q28677620,
Q116788707,Bedouin
Q109774602,Moldovan Jazz Orchestra
Q130661006,The Wuds
Q10553959,Landslaget i Blåsmusik
Q10683060,Subdive
Q4969009,Bristol Schools Philharmonia
Q109360224,
Q10577737,Marsfolket
Q7044800,No Plan
Q107593597,
Q2085958,Philharmonischer Chor München
Q263236,Les Petits Chanteurs de Saint-Marc
Q18274934,New York Women's Symphony Orchestra
Q11249217,THE 抱きしめるズ
Q7494487,Shepherd Sisters
Q124003407,Budellam
Q124149562,
Q11868466,
Q3355257,
Q6349663,Kaktus Mantras
Q7751606,The Mint Chicks
Q2591058,
Q11811264,Paresłów
Q106376593,
Q7765406,The Sound and The Fury
Q138945037,Sarinda String Quartet
Q131724952,Van McCoy & the Soul City Symphony
Q3355244,Orchestra da camera italiana
Q6417433,Kit Fysto
Q2188406,Doctor Nerve
Q19389446,Snikksnakk
Q60983028,Artists United for Nature
Q9361826,Tropicale Thaiti Granda Banda
Q25380869,
Q11230886,MAGNUMTRIO
Q11975734,
Q133889490,Pink Panda
Q4043137,Lokomotif
Q20524544,Tamburaški orkester KUD Majšperk
Q48774860,Red Axes
Q6722974,Macdonald Duck Eclair
Q110895136,Etobicoke Philharmonic Orchestra
Q64991389,Gustav Csik Trio
Q24182314,Question The Mark
Q130416123,
Q139757305,Cranbrook Industrial School Brass Band
Q54958858,NVDES
Q104865154,Almost Monday
Q123399401,3rd Avenue
Q109465746,Stedelijke Harmonie Harderwijk
Q5970812,Lady Bird
Q11980617,
Q55257883,Merited Women's Instrumental Ensemble
Q4114265,Bisca99Posse
Q98085251,
Q135962991,
Q10695753,The Price of Fame
Q3541155,Trunks
Q5510344,Fusspils 11
Q137273429,
Q31722989,Bakelite
Q109496465,New London Chamber Choir
Q11799211,
Q105840000,
Q4267136,
Q47463364,Colored American Opera Company
Q55610891,English Cornett and Sackbut Ensemble
Q125184383,Leo Can Dive
Q99542426,Peach State Opera Company
Q107063333,
Q6012018,Sahakyan Korosu
Q106376812,
Q105525534,
Q16082093,
Q113244683,
Q115256136,Stuttgart Brass Quartett
Q121602959,Panama Francis Quartet
Q6785040,Master Joe & O.G. Black
Q16251147,Geneva Camerata
Q798105,
Q124497097,
Q6089204,Okyanus
Q60992886,Taoyuan Chinese Orchestra
Q9281215,Grupa Dominika
Q11968573,Fatal Demeanor
Q25407261,Dúo Del Valle
Q109465525,De Aalzangers
Q106946005,Pete & Bas
Q8013142,Kanagawa Philharmonic Orchestra
Q85857948,
Q10695524,The End
Q50727581,Bloedbad
Q5350412,Ekho
Q3223316,Le Grand Rouge
Q14360693,
Q573877,Gürzenich Orchestra
Q20434606,Dingospo Dali
Q7234309,Posthum
Q9558616,A Presença das Formigas
Q16962622,Lights & Motion
Q38277076,Uso to Chameleon
Q131195532,Iota Jot Yod
Q4396798,Rok-Gruppa
Q16593073,Los Reyes del Cuarteto
Q2861484,Die Heuwels Fantasties
Q42879614,Adelaide Liedertafel
Q105200071,
Q11897291,The Running Man
Q90307712,Ulvkros
Q17222399,Guiltt
Q12740627,Semnal M
Q11237965,Oranges & Lemons
Q97352974,
Q7133922,Parachute Music Festival Compilation CDs
Q1520327,Gewandhaus Quartet
Q85750131,California Philharmonic Orchestra
Q12353094,
Q105452605,
Q48698556,Show Me the Body
Q107175751,
Q121788843,Saint Helen's Band Club Duke of Connaught's Own
Q60766067,Philippine Marine Corps Drum and Bugle Team
Q122209007,Silent Skies
Q124562267,Coevorduh
Q57830590,The Shondells
Q61654290,Boise Men's & Women's Choruses
Q16820824,2 Cowboys
Q4696091,Ahmed and Mohammed Hussain
Q48700397,Pen Pals
Q11969257,Florrie & Nattergalene
Q2906412,Blessed in Sin
Q25053175,Olavarria Symphony Orchestra
Q7281284,Radiojazzgruppen
Q61362239,Sweven
Q42306939,Orkestvereeniging
Q51582865,Politicalamity
Q7998067,Wibal & Alex
Q5583103,Good for Grapes
Q58009726,Iceleak
Q96217085,King Champion Sounds
Q132127043,
Q47009466,The Robots
Q125935777,English Ladies' Orchestral Society
Q5365458,Elliot
Q61109060,
Q7756808,The Petty Thefts
Q1164476,Mamuth
Q7737020,The Golden Cups
Q17044503,Sun Wizard
Q11347120,
Q16162355,
Q39023607,Bagad An Alarc'h
Q25110565,Aurora Gonin Musume
Q65084618,Alexander Jean
Q12268981,Willis Drummond
Q106211924,
Q6456991,LAL
Q105076760,
Q10570742,Lundalands filharmoniska orkester
Q2864859,Artefact
Q60749271,Kēvens
Q105626489,Tangerine
Q125177657,Poor Nameless Boy
Q5979747,Los Grillitos de Graneros
Q10578331,Mathias Landaeus House of Approximation
Q3566420,Warrior Kids
Q56352840,RHYME
Q5450166,Finest Kind
Q12260487,Jokin eta Josu
Q120269059,
Q11255802,ZIZZ STUDIO
Q134389500,Dead End Kids
Q26982057,
Q6411131,King's Voices
Q10686560,Sweet Pills
Q48700383,Decade
Q25465666,Dolls
Q17090560,The University of the Philippines Manila Chorale
Q18913095,Opera Skaala
Q4033513,
Q10787730,Lê Minh Bằng
Q131438405,Aurora Crew
Q122965787,Bolesna štenad
Q31889530,Agurk Players
Q55639906,Hopeful Machines
Q20164705,Convertible
Q13025023,
Q7513974,Sikter
Q22807233,Blind Fury
Q109601882,
Q31075261,
Q16076669,
Q4525637,
Q136534189,Girlband!
Q94158407,Marc et ses coussins
Q65197948,Random
Q4419350,
Q56414730,Leukémia
Q13055681,
Q24895857,Radio-Sinfonieorchester Basel
Q19479306,Femtastic
Q4157338,Demarsh
Q55632659,Scarlet Sails
Q9174622,Blues Flowers
Q18197997,Staatliches Folklore Ensemble der DDR
Q16097137,Momo Danz
Q10534717,Immanuel Gospel
Q139713143,AVAM
Q120135071,Offenes Singen
Q139675946,Mississauga Temple Band
Q20310608,This is is this?
Q136680043,Yamagata Philharmonic Orchestra
Q18387884,Cuibul
Q57830556,The Mississippi Misses
Q3421388,Razorcuts
Q65174497,Inna Pivars & The Histriones
Q16571270,Latte+
Q24940004,Ava & Stone
Q131947039,BMAD
Q111709911,
Q39056178,Lutajuća Srca
Q4034110,Anthesteria
Q109905155,Talitha Qumi
Q12046460,Positive Mind
Q139043408,Ópera de Bellas Artes
Q16667975,Olli and the Bollywood Orchestra
Q110913196,Blankenberge
Q6083339,Posdata (banda)
Q7607273,Stelsi
Q6189196,Jetsurfers
Q97189623,
Q129509388,Hungry Ghosts
Q6291087,Jossie Esteban y la Patrulla 15
Q18233374,Siudma Góra
Q56697343,Zarrapo
Q700103,Southwest German Radio Symphony Orchestra
Q11344921,Mobonix
Q1675699,Augsburg Chamber Opera
Q22959500,Cologne New Philharmonic Orchestra
Q54985324,Notte e giorno faticar
Q134053370,Motor Tapes
Q20666658,Hermetic Delight
Q126472850,Harmonieorkest Vleuten
Q106454118,Mindtwist
Q84284235,
Q50131902,Ljubljanski madrigalisti
Q85983826,
Q138414598,Moss Ensemble Consensus
Q3077194,Forever Is Forgotten
Q119597001,Scotty Lawrence's Riverboat Trio
Q112065956,Magwaman Riddim Section
Q12332530,Prügelknaben
Q110069260,
Q8075401,Zurich Symphony Orchestra
Q64739194,Bachorchester zu Leipzig
Q4464029,
Q25055807,Octave Minds
Q19719569,Rodni zvutsi
Q6587211,
Q110097027,
Q10431386,Blithe
Q104623799,
Q131604630,
Q12167966,
Q3139538,Holy Pain
Q4836916,BYU bands and ensembles
Q1591553,
Q28408689,
Q11250970,The telephones
Q5363214,Zetsubō Shōjo-tachi
Q10680541,
Q9267834,Gib Gibon Skład
Q130218429,41
Q16965514,Praga Sinfonietta Orchestra
Q10701549,Travolta Kids
Q455775,Amato Opera
Q6134672,Stylish Nonsense
Q104822510,Deap Lips
Q3539315,Trio EDF
Q16420381,
Q117599765,
Q118780617,
Q122640389,Canario y Su Grupo
Q20652558,Mourn
Q120335531,
Q6423745,Knucklehedz
Q133478193,Kandidate
Q137397406,
Q20105813,Orfeó Nova Solsona
Q139762597,Capital Brassworks
Q11232644,Madame Edwarda
Q29023719,Candelas
Q1942319,
Q4583225,Helldorado
Q61046347,Petri Quartet
Q11222744,HOLSTEIN
Q106211525,
Q61841718,Hayajan
Q10512848,Göteborgs Ungdomsorkester
Q118779835,
Q122712166,Ceòl Mór
Q1223113,Ocho Macho
Q133846462,
Q13034529,DJ Ossewa
Q1591862,Haydn Kwartet
Q114713260,Ekstasis
Q139757312,Gitlaxdamsk Brass Band
Q9337122,Sinfonia Viva
Q131100206,
Q4150352,GROT
Q11224081,INDEMORAL
Q55459717,"Faggiano Dúo,"
Q5157350,ComputeHer
Q48752552,CRE8BOY
Q55637922,World Hip Hop Beats
Q30727413,Duplessy et les trois violons du monde
Q11304039,
Q7989138,Westminster Chorus
Q43968592,
Q99542380,Big Chicken Chorus
Q56245593,
Q113076506,Tinnitussis
Q11815297,Październik
Q137698751,The Ghost Town Rebellion
Q1266358,Duo Nirwana
Q55599673,
Q18118379,
Q7531946,Sitkovetsky Trio
Q57830605,Ambiance
Q30924509,Lovefilm
Q22130441,Outline in Color
Q25395105,FMR
Q13134793,Bernlef
Q12151828,Selo i Ludy
Q1158015,Dallas Winds
Q28912754,Promethee
Q20687480,Value Pac
Q24074853,Pearl City Worship
Q57830570,The Note-Cracker Sweets
Q112431169,Boston Brass
Q7942340,Vox Animae
Q13654846,
Q136172310,Chartreuse
Q48699227,The B-Boys
Q4051089,The Funeral Orchestra
Q3939818,Rocksteddy
Q11193661,COOL&CREATE
Q9363371,Twoface
Q7979232,Wednesday
Q65016217,Die Lustigen Republikaner
Q11799205,Issler's Orchestra
Q56275115,Straight Ahead
Q7659110,Switches
Q10658859,Röda kapellet
Q138565628,Dice and K9
Q9148505,All Bandits
Q16256390,Lee'Mon
Q98399551,
Q123227270,
Q131152609,
Q50672521,PRhyme
Q89500794,Seventh Fleet Band
Q130331767,Turista Sueca
Q3521694,The Lucky Devils
Q48965411,Seldom Sene
Q7764608,The Skeptics
Q10588844,Montys Loco
Q20439447,A.N.T. zenekar
Q101231403,
Q30647301,Glass Vaults
Q106322295,Redlynx
Q16976750,Southern California Mormon Choir
Q10465994,Daily Planet
Q100997846,Myrtle Young and Her Rays of Rhythm
Q111784992,First Cosins Jazz Ensemble
Q18242185,Göteborg Cathedral Boys' and Girls' Choirs
Q6979487,National Youth Choir of Scotland
Q57395412,Jimmy Dorsey and His Orchestra
Q85876296,Os Barões da Pisadinha
Q4187922,Ukrainian Radio Symphony Orchestra
Q104600847,
Q30641978,Satanakozel
Q7246481,Priya Sisters
Q2777962,Flemish chapel
Q57830574,The Hurricane Honeys
Q111944107,Indigo Swing
Q16850654,Johnie All Stars
Q10395740,
Q18245859,Skogsfiol och Flöjt
Q78045893,Conventum
Q95612299,
Q12716727,
Q104575921,
Q5031248,Canberra Choral Society
Q104855128,Crisis n.T.i.
Q7739327,The Helenites
Q25466553,The Wax Road
Q5371383,Zazen Boys
Q113581516,Farmhouse
Q65036937,Autour De Sophie
Q134053363,Juliet's Rescue
Q12267356,SextySexers
Q136661820,Philharmonic Ensemble Orchestra
Q116455540,Ensemble Aglàia
Q115618698,Afrosound
Q137585123,
Q19384857,
Q10542236,
Q65254874,
Q30925070,JAGMO
Q63208482,
Q118138194,Inkabi Zezwe
Q17222869,EGG BRAIN
Q109527858,
Q56374173,Epicentr Unii
Q11735027,Kapela Czerniakowska
Q11306704,
Q6414180,Kinoklub
Q27817995,Swet Shop Boys
Q17638340,Robot Orchestra
Q60966917,Orfeon Cantabro
Q79460936,Creneau UK
Q3685179,
Q3197115,Kingsnakes
Q12279209,
Q124538069,Kalahari
Q11984030,
Q5351165,El Dorado
Q2680044,Hydra
Q131036722,Catcher
Q2495227,United Jazz + Rock Ensemble
Q112977047,
Q20523610,
Q91791149,Cómo asesinar a Felipes
Q119805916,The Dying Arts
Q7919433,Velvett Fogg
Q7225494,Polka Floyd
Q115815561,Freedom North
Q132746114,Junior Varsity
Q121295483,Gold Connections
Q3233005,Les Gottamou
Q106977747,machinbizarre
Q24898907,MADE
Q61365798,Suaia eta Ama Rebel
Q109353089,
Q65015201,Öz Ürügülü
Q108470449,Goose
Q18662939,Vox Aurea
Q75335323,Republic of Korea Army Band
Q10668793,Siri Karlsson
Q10404304,Albatross
Q104638998,
Q137299266,Umbral de Muerte
Q130551216,Het Klokhuis
Q6959939,Najbolji hrvatski tamburaši
Q11310369,
Q127387223,Bass Modulators
Q24885583,Chat Noir
Q106473065,
Q138679589,Billingham Silver Band
Q48700266,The Master Musicians of Jajouka led by Bachir Attar
Q6529698,Les Mangelepa
Q10635759,Pohjanoteeraus
Q120335659,
Q85846186,Irteassh
Q11191246,BINECKS
Q8002819,Will Gambola Sing
Q63488309,Fermina Daza
Q140268304,Lonely Ghost Records
Q104889719,
Q111858124,Blue Velvet
Q29521975,
Q16138511,
Q138964693,NonSectionBlue
Q6407274,Killamanjaro
Q7808831,Tipica Tangarte
Q65029000,Lüdi Schädler Jurt Trio
Q109045155,
Q61996225,Level 10
Q121494356,HotWax
Q11252186,
Q1906517,Philharmonie Sittard
Q11798879,Orange Trane
Q15872794,Auto Modown
Q137440431,Jaela Trio
Q11255728,ZEITLICH VERGELTER
Q91296829,King Oliver's Creole Jazz Band
Q16968408,Red Monkey
Q3569301,Winds of torment
Q4425728,Zhadan i Sobaky
Q113541115,WorldService Project
Q1547726,Group Therapy
Q1149998,Mozart family
Q16523395,Topó Neurock Társulat
Q85775506,Ladies First
Q11830651,Psio Crew
Q16866562,Kyiv Classic Orchestra
Q56402363,Sitku
Q24911667,The Wellspring
Q55098961,Deutscher Chor London
Q17778355,
Q3720730,Eire Nua
Q11226807,Jack-r
Q11189404,ANHELING
Q104531585,
Q139300703,Combat
Q39059043,Western Union Band
Q15052691,Bridie Jackson and the Arbour
Q123925123,Terror Twins
Q4943464,Boombox Saints
Q130266023,
Q10613599,Oven and Stove
Q65264123,
Q11964116,
Q132892058,
Q139894221,
Q23009322,Glitterbust
Q7185185,Philippine Philharmonic Orchestra
Q60776450,Guilty Giraffe
Q20204386,Cosmonautas
Q6783497,Masochistic Religion
Q99610614,Cafe The Block
Q7277393,ROM-4
Q4040785,Hourglass
Q50412223,"Le Cercle des XXV, Louvain"
Q5033626,Canterbury Caledonian Society Pipe Band
Q65255682,
Q111686466,
Q4409603,Sasha and Sirozha
Q61059089,
Q1788091,Rotterdams Jongenskoor
Q2410895,The Disco Boys
Q120335664,
Q10695776,The Rolling Stones Steel Wheels in Montreal
Q20066931,
Q630768,Adeaze
Q51557893,Los Cojolites
Q10663853,Sci-Fi SKANE
Q122758854,
Q16671279,Project
Q3300267,Mauresca Fracàs Dub
Q20032321,
Q9195427,
Q123261575,Confusatron
Q11690492,
Q47088743,doubleeleven undercurrent
Q107560340,Harmonizers Quartet
Q1564191,
Q134827045,Peter Ron
Q57830553,The Quarternotes
Q1509495,
Q98095032,Sea of Satellites
Q11683006,1125
Q20822033,Orquesta Sinfónica Infantil de México
Q9332595,Sabot
Q64438168,Moon Boot Lover
Q135921763,HUNTR/X
Q11764867,MENoMiNi
Q133803762,Luiza Zhemchuzhnaya's romani songs theatre
Q2934748,Camerata de Lausanne
Q16912867,
Q111941612,Cult of the Damned
Q106608965,Cambridge Harmonica Orchestra
Q18286628,Davidian
Q13133592,
Q4009919,Le Verdi Note dell'Antoniano
Q26922434,Geoffrey Mitchell Choir
Q16422595,
Q106192724,ΜεῙΖοΝ Ensemble
Q10852722,Super131
Q106282902,Collington
Q106707791,Czech Quartet
Q105359490,The Jacks
Q61654346,Perfect Harmony Men's Chorus of Madison (WI)
Q7129620,Pan Asia Symphony Orchestra
Q1724006,Philharmonisches Orchester der Stadt Freiburg im Breisgau
Q1868886,London Baroque
Q12392492,Lusco e Fusco
Q108429751,Musikverein Stadtkapelle Perg
Q61869891,
Q15094170,Changer
Q24950507,Quatuor Tana
Q65028327,Climat Speciale
Q5715456,Atman
Q11689124,Burdock
Q136558843,The City Council
Q31189072,Señores
Q56275325,NYPD Pipes and Drums
Q105437405,
Q12058845,
Q946983,Ekklesiast
Q139991126,Blackrox
Q12306412,City Roots
Q105281110,
Q98437708,
Q81437648,
Q113460127,Nectar
Q125241470,The Koffin Kats
Q43684212,Blek le roc
Q95725768,Ascendant
Q8069527,Zero In On
Q30348063,
Q15859384,
Q11333209,Bratři v triku
Q6000404,Illuminatus
Q4033597,
Q131920784,London Gaelic Choir
Q9264746,Futro
Q20623368,Piiptsjilling
Q138078348,The Nashville Band
Q12335407,Singvogel
Q28402684,Dec 99th
Q56731063,Challakere brothers
Q4827692,Avanti! Chamber Orchestra
Q61138283,
Q1943305,Moldau-Mädel
Q12266403,Radio Wings
Q139619932,Allie Cuva
Q123171907,
Q65255544,
Q13137917,Skuor
Q108749998,Black Jazz Consortium
Q5136552,Clubsound
Q12057204,Suffer
Q10328827,Mercosurf
Q125160897,Tricky Lobsters
Q115622279,Front Porch Revival
Q7042339,Niš Symphony Orchestra
Q88700770,Trio de Barcelona
Q24866252,
Q11781102,Mikrowafle
Q10260449,Coral Ars Nova
Q20065537,SWEETLO
Q6773502,Marshall Brothers
Q131919078,
Q10430377,Bizazz
Q11690489,
Q11288303,Symphony Orchestra of the Volksoper Vienna
Q7738793,Laime Pilnīga
Q121387778,
Q2547963,Opéra de Montréal
Q39089615,Special Ops
Q3104930,Ghord
Q4086430,
Q12058582,Telex
Q88897067,The Merindas
Q2842317,AmbondronA
Q31273870,
Q105757964,
Q1435455,Folkearth
Q117848058,
Q66777833,Ensemble Terra Mater
Q10601438,Nizzan Jazzband
Q907573,
Q16156734,Afghan Youth Orchestra
Q3983024,Boyband
Q128465012,Siġġiewi Festival Brass Band & Social Club
Q126362424,Red Rum Club
Q3338012,Nemless
Q137485496,The Belgian Sweets
Q125149700,Terrible Old Man
Q5278645,Dinosaur Pile-Up
Q19874661,Iyer brothers
Q138542395,Madra Salach
Q12127639,
Q7514586,Silent Jack
Q7102571,Original Prague Syncopated Orchestra
Q20878125,Digital Daggers
Q115352838,Nu D'Lux
Q6308503,Julie Ruin
Q134705754,Goossens family
Q24075510,Ensemble Studio6
Q122459656,
Q16688615,Provereno
Q108067628,Bonasforsa
Q18353122,Electric Würms
Q131425593,Transformation Worship
Q7742130,The Insane Picnic
Q134693277,Bodysnatcher
Q104704707,Class A Felony
Q59210046,JBOY3
Q10554745,Lastkaj 14
Q16253940,Mezcla
Q29909299,The Vanity Project
Q12085650,
Q33836715,Maze
Q39055763,Sons of Serendip
Q7335580,Ripe Banana Skins
Q1682483,
Q124799382,Nevain
Q24948132,Terrific Sunday
Q136908396,
Q106465123,
Q16629239,Save Me Hollywood
Q124957756,
Q115441581,Alphonse Trent Orchestra
Q120335513,
Q15044856,Black Jackson
Q12898494,Zion Power
Q5182412,Crashdog
Q9357750,The Age of Information
Q85798342,SEED Ensemble
Q111737726,Voodoo zombie
Q110895175,Orchestre Philharmonique de la Relève du Québec
Q65171027,
Q134053404,Traffic Experiment
Q120885668,PVA
Q8082766,Ševčík-Lhatsky Quartet
Q7826306,Toronto Chamber Orchestra
Q4919665,Bjärv
Q64853900,Fernand Fantini Sextett
Q135694223,Calendau
Q100385063,Koino Yokan
Q97275653,
Q7858455,Twist
Q55829437,Jango Edwards and Friends
Q16115691,Regata
Q25537039,Azerbaijan State Chamber Orchestra
Q109411222,
Q65032589,Spahni's Dub Dancers
Q3943461,
Q110104613,RB-INJ
Q97184415,
Q105761116,
Q135960603,Impromp2
Q10478094,Dynamo Chapel
Q6826158,Ktzat Acheret
Q770974,Greek chorus
Q65589139,Big Crunch
Q28874462,Alcolirykoz
Q133696247,Vomit Forth
Q108619148,
Q128497156,Peorth
Q119084511,Pacific Avenue
Q6578469,Israel Contemporary Players
Q6683269,Los Soneritos
Q51885846,Orchestra Giovanile Italiana
Q7930812,Villain Accelerate
Q63523819,
Q18888474,The Earth
Q2676705,
Q131850468,Manzanita y su Conjunto
Q96707759,
Q27817203,All Hail the Silence
Q105452769,Buscabulla
Q59589538,Presidential Orchestra of the Republic of Belarus
Q114928635,
Q20747849,KoMaRa
Q85990212,Straight Mickey and the Boyz
Q907514,Osaka Philharmonic Orchestra
Q123301641,Cappella Chamäleon
Q110069450,
Q18237522,Axia
Q139601679,Hannaford Street Youth Band
Q106506564,
Q5459683,Fliper
Q130302167,Mid-Atlantic Symphony Orchestra
Q109975983,NewDad
Q11841484,Avlish
Q28669211,
Q15921413,
Q9390020,Zemby
Q3314223,Milk Coffee and Sugar
Q104887484,
Q10518735,Hearin' Aid
Q124038405,The Silverstones
Q85869479,
Q19414367,The Rockets
Q137426702,Tumaini Shangilieni Choir
Q131853103,ensemble vocal Saint François-Xavier
Q20008289,
Q96472287,Une Misère
Q61361958,Trepi eta Arawak
Q124290145,Fascinating Earthbound Objects
Q139760886,Unquiet Nights
Q11332450,Fifi The Flea
Q11543480,
Q85741569,And None of Them Knew They were Robots
Q116068492,
Q3549242,Under Kontrol
Q104718635,
Q7654612,Swedish Chamber Choir
Q6186080,Jesse & The Rockers
Q105702137,And End...
Q120335644,
Q105553134,
Q64995480,Four For The Blues
Q56300429,
Q2763727,Southstylers
Q104616855,
Q12095909,
Q122920320,Abracadabra
Q109311570,
Q368701,The Noseflutes
Q4229431,Komba BAKH
Q10537478,Ison and Fille
Q16632216,
Q20560382,Hermanas Huerta
Q11250192,TSUKEMEN
Q85754693,Crows in the Rain
Q106040792,
Q17068722,Lavagance
Q123338763,
Q48749051,
Q117468635,Silver Cup
Q6918979,Moulettes
Q124499443,Bat Boy
Q5462664,Fluff
Q4412948,Haiku D'Etat
Q104531021,
Q9192015,
Q4035176,Blackmailers
Q16977028,Soiled
Q85879725,
Q2126403,
Q10662376,Scams
Q127278988,re:Naissance Opera
Q7939683,Voices New Zealand Chamber Choir
Q135925404,Bel Art Trio
Q28225697,Harlem Gospel Singers
Q1383753,Martír
Q16829633,Diesear
Q104591183,Olympia Youth Chorus
Q2759594,Atland
Q10372797,
Q6121905,Jaffa Phonix
Q18393846,The Talking Propellerheads
Q20657641,Quatuor Bozzini
Q49188328,SNH48 Group
Q124540053,
Q3192712,Kanomp Breizh
Q56328385,Eternal Fear
Q6666027,Locos Por Juana
Q9149788,Amber Tears
Q125184481,Hot Boogie Chillun
Q116453018,Redrum
Q11894760,Finnish Baroque Orchestra
Q99491512,Info Riot
Q9212691,Duan
Q10695583,The Guineapigs
Q64015305,The Low Mays
Q116179228,The Aerial Maps
Q85796327,Red Five
Q13137070,
Q109932704,Pozi
Q19844339,Evan Craft
Q125243037,SNACKTIME
Q5877669,Hohodza
Q3355267,
Q10854283,Apatheia
Q116732313,
Q56400684,
Q64994013,Jazz Rock Experience
Q5172069,Coro Nacional de Cuba
Q136242653,
Q31841719,
Q16968682,Roomful of Teeth
Q107248630,Chelaalapí Qom Choir
Q23541060,MarcAlex
Q89429677,
Q22131494,MAGiC BOYZ
Q1329606,UFO
Q106517487,Forcefield
Q7511461,Vatra
Q16662786,Petits Chanteurs de la Vierge noire
Q12010045,Vokalensemblet Skrik
Q17232216,Orchestra Sinfonica di Roma della RAI
Q17209002,Linda Sansei
Q123264102,
Q124060024,Terror Twins
Q84572141,Sydney Gay and Lesbian Choir
Q18358609,Means End
Q6670264,London Concertante
Q124497065,
Q5630197,HLAH
Q16159275,
Q20683843,Andy Irvine & Dónal Lunny's Mozaik
Q6143998,The American Blues
Q3007591,Cupofty
Q74241368,
Q12170318,
Q126909891,
Q7564739,Sound and Fury
Q139762568,Muskoka Brass Band
Q11781264,Milkshop
Q18540254,
Q16845649,Hungry Young Poets
Q130260068,Mallavora
Q119559558,
Q12260009,
Q17146506,The Steppes
Q1551530,Skólakór Kársness
Q63208476,Eicola Dau Barbichet
Q6078420,Istanbul City Orchestra
Q5448280,Filarmonica Alpina
Q2878949,Bagad Penhars
Q65028416,Eskelin Weber Griener Trio
Q113772447,Excurse
Q131318965,femtanyl
Q10603308,Not Enough Hate
Q140298541,NUROJUNK
Q123964978,Tennessee Chocolate Drops
Q110239808,Algiers Brass Band
Q55092932,Kodie shane
Q5456155,Five Style
Q135926719,
Q16697781,
Q105695278,
Q118713236,Cimbálová muzika Jaroslava Čecha
Q2570468,Wilde Flamme
Q97658633,
Q56403241,Tano!
Q2495943,Opéra de Nuit
Q18684535,Na Carenza
Q110047898,
Q3235624,Les Spécialistes
Q131275160,
Q1412056,Figuralchor der Gedächtniskirche Stuttgart
Q2938028,CardiaC (groupe)
Q4974011,Bronnt Industries Kapital
Q96944229,BonBon Girls 303
Q99640539,My Criminal Psycholovers
Q17631015,Eslabones Kids
Q61235231,
Q11798018,Olimpu Muzyczna Plejada
Q5197444,Cyanna
Q6085180,Dört X Dört
Q85965941,
Q124713360,Brandania
Q65028895,Nobody Reads
Q4897122,Bestwood Welfare Black Diamonds Brass Band
Q4834387,B2Krazy
Q16097151,
Q55736983,
Q115095091,"Łowżył, Tymański, Klebba, Chandran"
Q11370560,Ranma-teki Kagekidan Goikkōsama
Q2923594,Brain Damage
Q16960257,Legends Drum and Bugle Corps
Q31839074,Blechbläserquintett des Deutschen Symphonie-Orchesters Berlin
Q1460793,Voga–Turnovszky-duó
Q7768849,The Thirst
Q11900162,
Q12136444,
Q120359894,World’s End Press
Q7297115,Ray & Anita
Q106639637,Through The Roots
Q16586428,Kayland
Q137825294,Los Guaireños
Q13014656,
Q23136325,Manifesto
Q61362795,ZaKill
Q2951988,Chaksam-pa
Q55470848,Conjunto Treinta y cuatro Puñaladas
Q110895197,Surrey City Orchestra
Q113076507,Tollkirschen
Q125177735,New Idea Society
Q20684907,My bubba
Q107476401,Zingster Singkreis
Q7208412,poire_z
Q56056521,Screamer
Q5321626,E.M.A.K.
Q9383486,Yokashin
Q20204864,Plans and Disguises
Q131756962,Oh No! Yoko
Q124459272,Ruen Brothers
Q139757324,Kitkatla Brass Band
Q127418722,Idiot Stare
Q2687383,Aroma di Amore
Q137441784,Dogwood Tales
Q106376764,
Q3296216,
Q4057893,Admiralty Navy Band of Russia
Q110895150,Lethbridge Symphony
Q12167502,Holodne Sonce
Q131596930,OFK
Q106280708,
Q106506648,Medicine Hat
Q3351651,Olympic Gramofon
Q29023796,Aberjaber
Q61140176,Krekhaus
Q7514523,Silent
Q28678634,
Q48352124,
Q95723233,Eye of Solitude
Q16683487,X-Ray Pop
Q48897019,
Q3413676,
Q113076485,Queerfloten
Q16274708,Alexandrov Ensemble soloists
Q127279017,Toronto City Opera
Q28668673,
Q12336283,Sods
Q1796337,
Q136468926,Madras String Quartet
Q133795461,Rezkie Tanzori
Q115804318,Vacations
Q123746395,Gemini
Q122927014,L'Achéron
Q16835791,Ethiopian Serenaders
Q11034477,"Blod, Snått & Juling"
Q9393398,Złote Kłosy
Q20480774,
Q97728469,J. E. Roach's Banda Mexicana
Q139071123,Simon Jano Sessions
Q48948423,
Q12776517,
Q18244779,Nursery Rhymes
Q109469526,
Q18432326,
Q123532489,Bug Hunter
Q31192164,
Q65063880,Misterer
Q98848095,Fides Inversa
Q7939251,Voces Thules
Q65252018,
Q7007031,New Dublin Voices
Q490199,Norwegian Student Choral Society
Q12117267,
Q12098637,
Q15053453,Madam
Q11880786,Manok
Q136385789,Blue Oil
Q20891704,Il Coro di Aggius
Q65255226,
Q20829028,Revel in Flesh
Q15987191,Trio MaJaFra
Q4849487,Baklava
Q12265126,Oliba Gorriak
Q11785211,Monkey Business
Q5327648,East African Bashment Crew
Q7128594,Palomar
Q25404688,Generación de Jesús
Q10470437,Dialog Cet
Q137606352,
Q2906127,Blankass
Q1309491,
Q85864046,
Q19853429,Varna boys and youth choir
Q3072609,Finis Gloria Dei
Q138330188,
Q11798764,Opozycja
Q133260285,Parnassus
Q42790470,
Q7611399,Sterling EQ
Q110234022,Liederkranz Regensburg
Q84939504,The Gangrene Boys
Q7560616,Son de Madera
Q3235273,Les Sages
Q16389847,Tears of Mystigma
Q5061403,Central Maryland Chorale
Q1206545,Deutz-Chor
Q5574791,Go Go Club
Q8039212,Wulomei
Q10512459,Gävleborgs Ungdoms Big Band
Q28154312,Saboten
Q4307821,Murakami
Q120648527,Queensland Opera Company
Q4146746,"Gosudarstvennyĭ akademicheskiĭ russkiĭ narodnyĭ ansamblʹ ""Rossii︠a︡"" orkestr imeni Li︠u︡dmily Zykinoĭ"
Q9160287,Arp Life
Q2233829,Scherzachtaler Blasmusik
Q101208094,8452
Q16256266,Last Expedition
Q6359252,Kampin Laulu
Q17213070,
Q3486353,
Q12255650,Captain Nemo
Q61362034,Azken Trena
Q132764491,Adar Tregaron
Q12004482,Sweet Lover & the Moneymakers
Q112819549,Münchner Regenbogenchor
Q11756605,Life's Illness
Q11444696,Taiyouzoku
Q6116042,Jackal & Hyde
Q105529201,
Q139757303,Corinth Brass Band
Q57828361,Armourins
Q11243299,SHORTCUT
Q3520303,The Cleaning Women
Q5087323,Chasing Owls
Q104789320,Sarah McLawler and the Syncoettes
Q2560745,Twilight Guardians
Q6059360,Pan
Q9191969,
Q98456458,
Q85861448,
Q1333376,Elsa & Ernst August Eicker
Q105695298,
Q16665974,NLF3
Q4492037,
Q12746125,Muški hor Serafim
Q7373793,Royal Barbados Police Band
Q11612236,
Q106930013,The Bristols
Q104576258,
Q30929968,S.E.N.S. Project
Q5360626,Yuma Nakayama w/B.I.Shadow
Q5623253,Gwalia Singers
Q42851221,
Q6819935,
Q11323181,
Q124296374,Japanese Motors
Q85814722,We Cut Corners
Q135196747,
Q139738150,Big Softy
Q10435519,Brian's Pipe
Q139762561,Devizes Brass Band
Q61139316,
Q4356543,Ainbusk
Q20569511,
Q111143871,St Romanos the Melodist choir
Q9348676,Swoją Drogą
Q99542298,Coastal Symphony of Georgia
Q5837681,Escolanía de El Escorial
Q11026465,Hogia'r Wyddfa
Q125097821,
Q62098804,Force & Styles
Q11813374,Passaty
Q24834167,
Q16611200,
Q11636095,
Q140026943,Public
Q139891159,
Q3413656,Quatuor Anton
Q7372428,Roxen
Q139762558,Chapleau Brass Band
Q3400341,Poulycroc
Q127923011,The Volunteers
Q110069609,
Q12253756,Apurtu
Q4066913,
Q19899288,Vishal-Aditya
Q11249785,TOMATOS
Q131598306,Twinsets
Q3555907,Vermeth
Q120335568,
Q16531211,
Q12201817,Tadros
Q17086895,Vanaver Caravan
Q85748932,Bridge to Everywhere
Q139915038,Ancestry
Q13405403,Von Hemmling
Q61361828,Alberto Arteta Group
Q110285623,Stereo-Zoldat
Q4096038,
Q5035885,Capitol Hill Chorale
Q6730889,Magic Weapon
Q108611028,Umu Obiligbo
Q5247426,Death of Desire
Q130596870,Badfish
Q104704615,Burger Queen
Q4050072,
Q60838734,
Q56357760,
Q2901816,Hanover Band
Q11997785,Ricochets
Q7422987,Sarajevo Philharmonic Orchestra
Q65548766,The Legendary Master Brotherhood
Q3223263,Le Grand Manège
Q30928574,
Q28219924,Methysos
Q16531490,Tokyo Shoegazer
Q135350493,Lowlives
Q112579709,
Q4353501,Opera Zuid
Q6969575,Nathaniel Dett Chorale
Q20313194,Attalus
Q126164181,Ethnic Faces
Q4412207,
Q28457529,The Neales
Q121288767,Ferrell Symphony Orchestra
Q123687877,Infernalizer
Q127270525,Doll Baby
Q126947954,Għaqda Mużikali Imperial
Q1942188,Modo Antiquo
Q97180107,Carol & Vitoria
Q134932623,Ranking Latinos
Q11963085,Cantus
Q18236204,
Q6431030,Kopačka
Q4218538,
Q25632902,
Q3020547,Dead Pop Club
Q4398070,State Symphony Cinema Orchestra
Q3502619,Lobby
Q25453831,Black Nail Cabaret
Q116214340,Best Ex
Q10549236,
Q65146858,
Q18221885,Outernational
Q8026233,Winter Gloves
Q3011290,DJ Fred & Arnold T
Q83468630,Soul Logic
Q109286634,Mod Con
Q7763399,The Sessions Band
Q109043388,
Q481732,Accord Quartet
Q128792168,Rawtek
Q5764195,Hilly Eye
Q97217743,
Q1585624,
Q7736150,The Genuine Fakes
Q27817324,The Naysayer
Q2296720,Jeff Who?
Q29023772,Tynal Tywyll
Q130314418,Aladino (band)
Q106313179,
Q16721605,
Q109469930,
Q1552768,Philip Jones Brass Ensemble
Q122926903,The Bongo Hop
Q6535622,
Q139757335,Nass River Brass Band
Q9302100,Radical News
Q11018385,
Q12622302,Peterpan Complex
Q10585711,Mindless Sinner
Q50139013,DiamantEnsemblet
Q110895156,Music4Life Ensemble
Q6448653,Kutumba
Q70764379,Hollywood Bowl Symphony Orchestra
Q19926165,Gunz For Hire
Q122926963,Quatuor Strada
Q20511386,
Q9645993,Banda de Música de Loureiro
Q10680677,
Q31090477,Grand Mexican Warlock
Q12368953,
Q31188358,Empty Files
Q1021496,Bürgersängerzunft
Q30880891,
Q65028630,Dado Moroni Trio
Q115814176,Bridget Kelly Band
Q105318402,
Q11733205,Kaczki z Nowej Paczki
Q4034630,Avarus
Q3016302,Darkenhöld
Q65254778,
Q13026738,
Q112726438,Round Table Knights
Q24863326,
Q115821257,Rascal Reporters
Q6906965,Monumentum
Q3200030,Krystal System
Q7661634,Symphony Orchestra of India
Q1344286,Weser-Renaissance Bremen (Musical group)
Q17195138,
Q112669371,Cotton Blossom Singers
Q68563396,"Berry, Phillips, Bonilla, Hughes & Norlander"
Q10340978,One Hundred Steps
Q4976647,
Q20065522,
Q10458956,Cool Candys
Q21287954,Valladolid University Choir
Q812234,Bayerische Kammerphilharmonie
Q2090530,North Gregg
Q31189043,Mondocane
Q104627113,Rumahsakit
Q12292913,
Q28035360,Black Affair
Q11919091,Els miralls de Dylan
Q99511163,Endeffect
Q2657707,Brno Philharmonic Orchestra
Q11306655,
Q1713329,Junge Deutsche Philharmonie
Q64359025,Cappella Marciana
Q134053380,Remember December
Q21280668,Adi Choir
Q4741708,Ambre
Q16885677,Silent Majority
Q119855571,Other Half
Q42412759,Van Piekeren
Q7210646,Israeli Opera
Q10668088,Simon & The Problem Child
Q110985130,Robodrom
Q8029003,Wodensthrone
Q116055724,Eva Under Fire
Q17190459,TTRE
Q112567170,
Q5037220,Car Ensemble of the Netherlands
Q127420214,Naked Empire
Q113614228,The Three Playmates
Q120556893,
Q125574425,sister sadie
Q4806102,Ashtrayhead
Q2042921,ABN
Q137796108,
Q31885067,Sorbon Sisters
Q7515921,Silver Columns
Q7971682,Washington Bach Consort
Q25436695,
Q28407110,Northeast Groovers
Q65089556,Spanish Students
Q127020957,
Q99492222,Puig Destroyer
Q110703984,Grandma's House
Q11308016,
Q3602768,A Subtle Plague
Q138806537,
Q29018050,The Peters Sisters
Q11348198,
Q4047274,Post Scriptvm
Q3502297,Suk Chamber Orchestra
Q48890489,
Q131340783,Lašan Brušperk
Q122424764,Cyclorama (band)
Q3773196,Gomalan Brass Quintet
Q4914406,Binkley Brothers' Dixie Clodhoppers
Q134298930,Easy Weeds
Q124372600,Mam
Q120749662,Chanteurs et danseurs limousins
Q7434059,Scissor Fits
Q56084770,Polypumpkins
Q105199578,
Q16960034,Lavender Hill Mob
Q106746959,
Q13053530,
Q3328649,Paris Fire Brigade Band
Q16496546,Banda da Lourinhã
Q8040727,WÆE
Q15784908,B-Five Recorder Consort
Q10667080,Shield
Q12010632,Wilfred
Q11307914,Sharp Hawks
Q11197451,EASY GRIP
Q4574325,The Motorhomes
Q123982708,Teeth of the Sea
Q104600165,
Q10695764,The Ray Pacino Ensemble
Q12279218,
Q9390318,
Q5331907,Ebola
Q14930403,After Oblivion
Q2695463,Johann Strauss Orchestra
Q19398350,Volve Vokal
Q116971657,Duo Vivo
Q12005777,The Fernets
Q118780396,Insòlit Trio
Q5564718,Girlsareshort
Q5499795,Free Creek
Q10719724,West Inc.
Q124321852,Cracker
Q6874546,MIRROR
Q115819347,Unc & Phew
Q28341269,The MIND
Q15919731,Four Friends
Q3480778,Seven Hate
Q11897234,The Legends
Q61364324,Perlak
Q111365729,
Q110895127,Counterpoint Community Orchestra
Q10508853,Griniga Gamla Gubbar
Q31273875,
Q3640764,
Q7055187,Sub6
Q2834741,Brown Indian Band
Q3193505,Karma
Q705320,Mansudae Art Troupe
Q134052260,The Easton Ellises
Q6800255,McCaull Comic Opera Company
Q138132748,Carcosa
Q61365419,Larry Bird
Q1305756,Hugo-Wolf-Quartett
Q14411731,
Q131546781,Aqvilo
Q11708703,Hatifnats
Q116869793,
Q113499860,Mauves
Q12071694,
Q16428804,Taugadeildin
Q134582842,
Q124693308,The Evasions
Q11247242,Steady & Co.
Q105516047,
Q12408611,Lehakat Pikud Dizengoff
Q9184499,
Q11394068,
Q14159300,Among the Oak & Ash
Q12745202,
Q25022098,Mr. Fantastical
Q121140139,
Q28410715,Chang and Lee
Q27954421,The Darlins
Q97274222,
Q5146954,Collegiate Chorale
Q139757259,Telephone City Union Band
Q28723430,Hanoi
Q7808843,Tiples de Santo Domingo
Q22262513,Brezinka
Q7847107,Tru Tones
Q1607326,Dispatched
Q9608706,Altos Louvores
Q11960659,Bergen Tuba Quartet
Q12317517,Hvalsøspillemændene
Q24887334,VIMIC
Q108635371,Five Pennies
Q18161196,Hurricane Kids
Q111381190,
Q18285321,Silveira & Barrinha
Q138773000,
Q1348273,Erben der Schöpfung
Q106929891,Unnatural Axe
Q11292105,
Q11962999,Caledonia Jazzband
Q13021322,Wolfpack (Thai band)
Q119213636,Harry Miller's Isipingo
Q130426884,My Oh My
Q17455122,Papia & Baishnav Tantra
Q79054048,I Know Leopard
Q12795392,MLO
Q2511146,Vasmalom
Q16141274,
Q49139277,Diphenylchloroarsine
Q39058057,This Winter Machine
Q7746879,The Legends of Doo Wop
Q5171559,Cornell University Chorus
Q113324734,
Q101210421,Konzertchor LGV Nürnberg
Q139762617,Yorkville Brass Band
Q22124468,
Q18285830,
Q7819182,Tommy Angels
Q25056379,Secret Keeper
Q106483519,
Q31899086,Jetbone
Q5457350,Flanagan and Allen
Q17750037,
Q1344279,Ensemble SurPlus
Q64800360,from ARGONAVIS
Q12273483,
Q9601476,Alex & Alex
Q10713234,Vasa Gospel
Q60750653,Cold Engines
Q7229133,Popcycle
Q897950,Brandenburgisches Kammerorchester Berlin
Q136683398,
Q112156888,
Q11889689,
Q16139109,
Q9369168,Voyager
Q123262071,Jaked off shorts and loaded heads
Q105839990,
Q55662898,
Q115802564,Symphoria
Q55074682,Balam Ajpu
Q4064113,Amega
Q4492033,
Q65129779,
Q17067495,The Tin Syndrome
Q48699944,Warmduscher
Q105906705,
Q4425390,
Q127290434,Soċjetà Mużikali Peace
Q124130289,
Q86665480,
Q99673273,The Swiss Army Big Band
Q47007871,
Q101104128,Lou Ceü de Pau
Q3377483,Petits Chanteurs de Saint-André de Colmar
Q7768434,The Tenderfoot
Q7445614,Seed & Feed Marching Abominable
Q3038348,Downy
Q7756827,The Phantom Cowboys
Q97097271,
Q65264534,
Q85308269,
Q107122354,When Rivers Meet
Q16950779,Maryland State Boychoir
Q65234162,
Q18216870,Heroina
Q12056485,Stracené Ráj
Q28148405,Deus Ex Machina
Q105433855,
Q3693824,
Q115272476,Dave Cloud & The Gospel of Power
Q124474980,FLEISCH
Q7083036,Olaibi
Q22908884,High Functioning Flesh
Q109333505,
Q1248315,Ede Reményi Chamber Orchestra
Q12348988,Hudba z Marsu
Q116894135,The Epichorus
Q4218519,Kvartal
Q9390012,Zelowskie Dzwonki
Q110845772,Issaquah Philharmonic Orchestra
Q99542368,LaGrange Symphony Orchestra
Q16423686,Plugg'd
Q112211419,Bellmanskören
Q17231097,CreepHyp
Q12230609,
Q17003996,Cloudmachine
Q125550248,
Q122278351,
Q85965812,
Q25455496,Magnificat Gyermekkar
Q7619170,Stonefunkers
Q124934904,Orquesta Sinfónica del Cusco
Q12102765,Yaroslav-na
Q21643904,
Q76014147,Mallandrinhas
Q112116495,Karlakórinn Vísir
Q3045692,
Q7525091,Sintagma
Q95692289,
Q125844419,Instructions For Song
Q7068380,Nudimension
Q111046360,
Q13633882,The Source
Q48748777,ROA
Q120335684,
Q7421107,Sapporo Symphony Orchestra
Q10680559,Stockholms Straussorkester
Q4500022,
Q119948411,Código Neurótico
Q130214033,Tribal Theory
Q4668406,Aborn Opera Company
Q124322715,Timbre
Q66793591,Slowly Slowly
Q10686552,Sweet Chariots
Q139781234,unløck
Q6571793,
Q124497037,
Q18798994,"El gitano, la cabra y la trompeta"
Q10647761,Pärlfiskarna
Q125177268,Thee Merry Widows
Q55614289,Idsteiner Kantorei
Q5391732,
Q127416653,Slaves
Q65212070,
Q60823170,The Nashmen
Q65028596,St Kitts Royal Orchestra
Q6168016,
Q1783381,Det Norske Kammerorkester
Q130316263,Hong Kong Amateur Orchestra
Q2819539,ATK
Q104162189,
Q65028932,Luca Stoll Quartet
Q12387421,
Q12072142,Quadragesima
Q3359403,Bloodthirst
Q61113684,
Q106367732,
Q24058711,
Q3039288,Dreamland
Q124004761,La Decima Banda
Q25486738,LZ
Q16139216,Kathorn
Q26702930,Piano Duo Varshavski and Shapiro
Q14476436,The Jakarta Symphony
Q139753070,Alton Girls' Brass Band
Q12009704,Vidunderbarna
Q11243397,SINCREA
Q26269501,Landesjugendblasorchester Rheinland-Pfalz
Q1036838,Elements Garden
Q2141525,Italcimenti
Q11252960,Vijandeux
Q136001496,Sussex Steel
Q15927741,Tieshulan
Q129860,Hamon Martin Quintet
Q4130657,
Q139021805,Freak Heat Waves
Q96393189,Military Band of the Central Military District
Q118500136,Bern String Quartet
Q11229730,LaLa♪Lu
Q2533355,VooDoo & Serano
Q16849882,The JCQ
Q135111455,The Westerlies
Q15713690,Ulmer Spatzen Chor
Q104873882,Cypher16
Q139762647,Ogdensburg Silver Cornet Band
Q130323106,Thrown
Q137049057,Restavrant
Q24565485,No Clear Mind
Q16866681,Magnum Chorum
Q7101378,Oregon State University Marching Band
Q7991958,Wheaton College Men's Glee Club
Q123367126,Elvana
Q89923892,Vlak na Dobříš
Q134966740,Undefined Organiks
Q107803014,Sargeant X Comrade
Q5504662,Friscia & Lamboy
Q2870263,
Q1576664,HeartChoir
Q116962668,
Q10487520,Eric Ericsons kammarkör
Q55529332,Ebene 7
Q48773541,Duo Cordes et Âmes
Q139762596,Orono Cornet Band
Q12258781,Guk
Q107176662,Jaya Sri
Q55458321,Baffa-Berlingieri
Q20993828,Shermanology
Q105853776,
Q16711362,
Q96942497,
Q7798698,Thug Murder
Q12270964,Witchtrap
Q9196380,Cosmic Force
Q135997147,
Q7093183,One Shot Left
Q125840227,Big Vicious
Q121501067,La Élite
Q17158148,
Q11781566,
Q99479797,sinessence
Q10260658,
Q4819496,Auckland Choral Society
Q109469207,
Q2829118,Akosh S. Unit
Q116455211,Maîtrise Boréale
Q65127243,
Q1744667,Klassische Philharmonie Telekom Bonn
Q109417848,
Q52633256,Banda Cafundó
Q11802303,Palatka
Q4261129,
Q118780388,Evripidis And His Tragedies
Q124444559,
Q85789028,Nicol & Marsh
Q104858555,Eight to the Bar
Q139762640,Huntingdon Cornet Band
Q6070591,Orient Expressions
Q10610460,Opera Concertante
Q131550876,Miles in Transit
Q5277770,Hellchild
Q760528,Augsburger Domsingknaben
Q20858373,Stars Are Falling
Q6153521,
Q71171273,L.O.S.D.
Q139492416,Espectacles-Audicions Graner
Q106483508,
Q129408941,A Wake in Providence
Q3565484,Wallenberg
Q63794407,Basement Revolver
Q42712760,Vancouver Children's Choir Choral Society
Q120881198,Yoo Doo Right
Q10414198,Apaches
Q97500819,Hot Club Vienna
Q137380058,The Lounge Society
Q131411949,Dead Orchards
Q7624148,Stripper's Union
Q10700240,Torpederna
Q40695157,
Q65016961,Robi Weber Trio Friends
Q16377134,
Q7721088,The Cameron Family Singers
Q7723140,The Citizens Band
Q4069252,
Q7720156,The Bristles
Q5666213,Harrisons
Q121604652,Rocketnumbernine
Q18690200,Satakunta Military Band
Q6533216,Leteći odred
Q13574485,Drum- en Showband Adest Musica
Q55616081,Kiyo Sen
Q11946643,Vysokoškolský umělecký soubor Univerzity Karlovy
Q17512554,The Clouds
Q29023814,Sobin a’r Smaeliaid
Q18238834,Figaro
Q132189285,Francs-Tireurs Patriotes
Q124497084,
Q130377108,Dummy
Q66486564,Rucks Parker
Q54449837,Palmiyeler
Q48702596,
Q2477448,
Q11739243,Kim Nowak
Q6978831,National Taiwan Symphony Orchestra
Q117858309,
Q5191863,Cuarteto d'Aida
Q110069454,
Q121603469,Agenda of Swine
Q104857545,Iya Terra
Q24938751,
Q110895140,Guelph Symphony Orchestra
Q121599328,Boy from Brazil
Q12010750,Wintherstormer
Q126485529,Għaqda tal-Mużika San Gejtanu
Q9311422,Rocket Baby Dolls
Q41212140,Within Silence
Q108809615,Darlinghurst
Q121449842,TwoPianists
Q105488112,
Q104590797,
Q7577262,Spill
Q55621062,Lithuanian Armed Forces Headquarters Band
Q122809743,Bononcini family
Q112977051,
Q4253300,
Q6553213,Line Spectra
Q1834891,
Q12230603,
Q4035032,
Q96417856,Black Smoke Trigger
Q24834958,Pik-Sum Chan
Q48698552,The Fretless
Q3499454,Stilettos
Q131672934,
Q96392543,Meghdhanush
Q4860187,Bardo State
Q11370240,Kyushu Institute of Technology Symphony Orchestra
Q62973592,Ensemble vocal de Villars-sur-Glâne
Q10710410,Urban Tribe
Q135514277,The Dust Collectors
Q107005513,Opera New Zealand
Q137456012,Samia Queens
Q113575146,Rotterdams Jeugd Symfonie Orkest
Q133729027,
Q95433466,Medial Banana
Q12077269,Lviv National Philharmonic Orchestra of Ukraine
Q21546055,No Quarter
Q3726183,
Q11816550,Piekło Kobiet
Q2062446,Kingdom Come
Q20713241,Muchuu
Q11524806,Chor Kleines
Q139595634,Braća Kumerle
Q60824596,Geamclo
Q16827548,Combined Bandurist Capella
Q25025242,The Punks
Q2823966,Adam Kesher
Q125808740,
Q50213193,
Q7424530,Sarpsborg Janitsjarkorps
Q4921948,Black Sun Productions
Q7113557,Overboard
Q22442924,Gamujo
Q105426977,
Q55599184,Pretty in Pink
Q28451887,Climates
Q97172148,Slipknot
Q139762562,Dryden Brass Band
Q60791385,The Lynnes
Q111703544,Shkoon
Q18626364,Academic Male Choir of Tallinn University of Technology
Q138509358,Applewood Road
Q30527479,Ofer Pinhas
Q123018056,Taiwan National Choir
Q56370382,Golden Ring
Q3054851,Ensemble Spirale
Q5266020,Detroit Techno Militia
Q1678396,Machland-Duo
Q12334544,
Q16715351,Sami Svoji
Q1310312,Vocal Recall
Q13026694,
Q5451824,Firefly
Q120629851,Better Lovers
Q131701167,
Q48700341,WVRM
Q2186205,Moonbound
Q5112540,Orchestra Sinfonica della RAI Milano
Q55876636,The Apocalypse Blues Revue
Q61325397,Victor Light Opera Company
Q104986836,
Q64994888,Dussex Soultrain
Q3217868,Lard Free
Q104657145,
Q4959660,Breaks Co-Op
Q4838417,Baby Tuckoo
Q56299739,
Q2645683,"Liedertafel: ""Rotte's Mannenkoor"""
Q116486384,Saarland State Orchestra
Q101003760,
Q12005278,
Q56301498,
Q7730356,The Display Team
Q119083967,The Cherry Drops
Q5346103,Edwards Hand
Q87277853,
Q5506371,Fruit Jar Guzzlers
Q4376829,Presidential Symphony Orchestra
Q25493259,
Q66309486,Tarragó Quartet
Q124497013,
Q10695595,The Honeypies
Q7990031,Weta
Q12875397,
Q25111515,White Rabbit Band
Q16962052,Shortstraw
Q4316923,
Q20683974,The Comes
Q12297485,
Q11864675,E!E
Q25344645,Fukushima Youth Sinfonietta
Q17388302,Diana
Q139762571,Gravenhurst Brass Band
Q120786784,Lei Farandoulaire Sestian
Q125662544,I Hate Sex
Q63208455,
Q57830632,Spotlight
Q65295380,
Q124021739,Amsterdam Andalusian Orchestra
Q12252753,Abra Ke Amputar
Q38053076,Porn and Chicken
Q117352671,Bertan Bera
Q10290880,Gramigna
Q3209089,La Follia
Q133458516,OrKestra
Q3562027,Voce Ventu
Q5587839,Gothenburg Combo
Q20048886,Tibagi e Miltinho
Q4492837,Freestyle
Q15855448,Zauberflöten
Q112684131,Hương Thanh Trio
Q12646332,Žiga i Bandisti
Q16912129,
Q7130434,Panda Bear Jones
Q7461086,Shaft
Q4187016,
Q114246929,Wynjara
Q7989958,Wet Dog
Q93127993,Stranos Elementos
Q2866938,Assagai
Q7833370,Trance Generators
Q17023503,The Gar
Q4661725,Aaria
Q3191144,Jónsi & Alex
Q104887526,
Q25487436,
Q129745241,3%
Q4421333,Quartet Skaz
Q31189096,Koban
Q18660827,LM Male Voice Choir
Q11955102,Wantun
Q18851424,Singapore Community Saxophone Ensemble
Q112064234,Calloway Brooks and The Cab Jivers
Q27659571,Oreya
Q12259568,Impekables
Q1226997,
Q3355259,Orchestre arabo-andalou de Fès
Q121494245,Say Now
Q105394538,
Q2135812,
Q11252226,
Q8040735,Wäks
Q2975347,De Press
Q1109196,Collegium Cantorum Köln
Q72966156,
Q124896780,
Q130257186,NZSO National Youth Orchestra
Q116471634,Barış Youth Symphony Orchestra
Q136443841,Alan Caddy Orchestra & Singers
Q106375651,
Q13580353,Indiggo
Q6546993,Lijadu Sisters
Q3392221,Pleiadians
Q60840205,I Giovani Canterini di Sant'Olcese
Q12882362,Youth Orchestra of Dion
Q1585657,Harmony Boys
Q12269167,Zakarrak
Q4652375,ALIF
Q107139349,Wanda & Nova deViator
Q63073593,
Q1323566,TransylMania
Q10682313,Studentersangforeningen i Bergen
Q16495777,Lowriderz
Q9087089,The Rule
Q11495135,Keio Gijuku Wagner Society Male Choir
Q11545597,
Q85766587,Himalayas
Q58881658,DROGMA
Q10674134,Souldivider
Q25457902,
Q16243281,BEAST
Q48352431,
Q1993411,Glass Duo
Q110933568,O.C. Dawgs
Q11994242,
Q62557100,COLLY
Q1096015,Ifjú Muzsikás Népzenei Együttes
Q136440182,Kx5
Q7205676,Pluto
Q4052815,
Q3163336,Jazz Workshop ensemble
Q4757533,
Q131122645,Chorus of the Tiroler Landestheater
Q11172319,
Q28666646,New Samotsvety
Q130142820,
Q11291962,Ostrobothnian Chamber Orchestra
Q129520704,Hetch Hetchy
Q5788690,National Choir of Spain
Q10684284,Suzzies orkester
Q120734735,Cissy Street
Q4391539,
Q12260881,Jotakie
Q106929185,Pale Nephews
Q10571574,Lynn Allen
Q2593749,World Philharmonic Orchestra
Q69071265,
Q4464247,Trubny Zov
Q65146876,
Q2007067,
Q16835425,The Enthusiasts
Q3284673,Malveliance
Q5501763,French Films
Q85808651,The Tiaras
Q7104032,Orquesta de Baja California
Q2101784,
Q6458559,Rima
Q713103,Artis Quartett
Q7798502,Throw
Q127607607,
Q7125273,Pajama Club
Q28667639,Festival
Q16087304,
Q67520333,Rokko e i suoi fratelli
Q28495481,La Maison de l'Escrime
Q115116334,
Q3355270,Macao Orchestra
Q139757316,Kamloops Cornet Band
Q16579538,Mszalniczanie
Q16188391,
Q113612136,
Q25464390,
Q4769856,Anodyne
Q107369822,
Q104860926,Mr. George
Q15846901,Schwesterherz
Q48866482,
Q124004622,La Original Banda El Limón de Salvador Lizarraga
Q7770771,The Tutts
Q55467056,"Las Bordonas,"
Q3297731,Massimo & Pierce
Q55642222,Tease
Q136695810,Kumamoto Youth Symphony Orchestra
Q56301432,
Q48780376,Be Choir
Q81428846,Sound Zero
Q2894949,Bellini
Q61364490,Xarma
Q85794690,Project Z
Q11195439,DAMEZ
Q131588657,
Q7662678,Syntec
Q61750404,
Q65332156,
Q85773911,Keith & Kristyn Getty
Q108400031,
Q7913994,Vanbot
Q49280003,Andra Mari Abesbatza
Q124004711,Alta Consigna
Q11950059,Sol i Serena
Q6189303,Jeunes Agape
Q85864826,CRYAMY
Q137585156,
Q100348857,Penting
Q126287988,Għaqda Mużikali Santa Marija Ħal Għaxaq
Q19397945,
Q65029764,Plamp
Q10341880,Os Azuis
Q24964294,Wanda & Joyce
Q135997426,
Q6038053,Insidiöus Törment
Q31200029,Sila Nečista
Q122983939,Junebug
Q3066410,Fanisk
Q15273674,Folklorní soubor Jarošovci
Q13632869,
Q16330399,Stixoima
Q125576527,Igor Krutogolov’s Toy Orchestra
Q104185802,Turkish Youth Philharmonic Orchestra
Q11780653,Miki Mousoleum
Q7093942,Oniric
Q28403582,Broken Hands
Q3023504,Depth Affect
Q7503952,Shrift
Q721136,Asasello Quartett
Q65234618,Electric Turtles
Q2193818,
Q6087482,Israeli Andalusian Orchestra
Q16946980,Evelynne
Q11833037,RHX
Q110069232,
Q20433316,
Q126279803,The Kids
Q17285701,Plaza Francia
Q1186798,Norwegian National Opera and Ballet
Q126100851,
Q138005173,Avalinity
Q24951224,Surge of Fury
Q3593753,Üçnoktabir
Q1071305,Jackson family
Q29421154,Monolord
Q5445089,Fernhill
Q5408683,Naiskuoro Vaput
Q1588347,Richard Eaton Singers
Q109597914,
Q98082707,
Q9372335,White House
Q774039,Herjalf
Q12321549,
Q12289321,
Q6109445,J Xaverre
Q139762667,Oxbow Ladies' Silver Band
Q12268946,
Q30122058,Il Destino
Q11974469,Haugesund Popensemble
Q11966126,Dråpe
Q9184458,
Q7310104,Reign of Fury
Q109607342,United Colours of Sound
Q131753759,Blacktoothed
Q110895162,Nova Scotia Youth Orchestra
Q15053515,Help She Can't Swim
Q1595910,Hein & Oss
Q3303351,Maîtrise de Bretagne
Q11856467,EMO Ensemble
Q10674591,Speech defect
Q1930874,Royal Oude Harmony of Eijsden
Q29023803,Messrs
Q138036252,
Q109416918,
Q12331003,Parkering Forbudt
Q97610236,Bumpin Uglies
Q7661632,Symphony Nova Scotia
Q7600927,Star Tattooed
Q1149966,
Q12498896,Moluccas
Q118290776,
Q98915249,The Sinking Ships
Q4916102,Birds of Passage
Q85871791,
Q118780400,David Mengual Free Spirits Band
Q25438749,
Q105114481,
Q4327995,
Q4049211,
Q88383293,
Q138036142,
Q85774409,Kim Prevost and Bill Solley
Q11784868,Molesta Ewenement
Q993642,Mozart Boys' Choir
Q10585152,Mikaeli Chamber Choir
Q94993196,
Q108429665,
Q131278102,
Q4146751,Moscow Chamber Orchestra
Q114747032,
Q12079057,
Q11833957,Recydywa
Q85765581,Hamish
Q5760274,Celtic Legacy
Q7739728,The Hinsons
Q10372378,Slide
Q138682301,Marbles
Q15114211,
Q17428321,Hotel Wrecking City Traders & Gary Arce
Q12409448,Nitzan Choir
Q7769499,The Tokey Tones
Q2282779,
Q130396163,Water Bears
Q10462084,Cry
Q7269378,Quartz
Q16427226,Heimilistónar
Q134307397,
Q590288,Münchener Bach-Chor
Q3399721,Union of Knives
Q20520945,Pihalni orkester Krka
Q25110587,Platano Macho
Q3234499,Les Pastoureaux
Q10475088,Dobermann Cult
Q109652628,
Q85806320,The Aces
Q108028208,Gardevils
Q16486962,Ocean
Q136524847,
Q31892204,Amarillo
Q7709118,Thai Elephant Orchestra
Q49100274,Longkalsong
Q2347795,
Q115857859,The Frenetics
Q9184455,
Q5203138,D'Hask
Q105698284,
Q124039098,Resavoir
Q75805126,ALiX
Q81467926,
Q11195440,DAMIJAW
Q105532180,
Q2335168,TNT
Q127694565,Għaqda Mużikali Madonna ta’ Lourdes
Q133456107,Welly
Q9334294,Schola Cantorum Bialostociensis
Q3413691,Quatuor Renoir
Q3413669,Quatuor Debussy
Q125160948,To Resist Fatality
Q91019903,
Q7820349,Tompaulin
Q16518925,Kollégiumi Kántus
Q125856382,
Q1128235,Veracocha
Q131410876,Eesti Raadio Estraadiorkester
Q24949083,Polish Sinfonia Iuventus Orchestra
Q110069294,
Q11418001,
Q2358074,Boh Foi Toch
Q131919875,Melt
Q3538020,Transwave
Q59199127,YOZEF▼K
Q109535918,Dog Park Dissidents
Q13703121,Heavy Water Experiments
Q482091,Acélhang
Q97226602,
Q108265673,Deli Girls
Q1351716,Telemann-Kammerorchester
Q5205804,DNR
Q104845756,Restless Road
Q25112146,Hurricane Love
Q13014876,
Q124497048,
Q3303354,Maîtrise de garçons de Colmar
Q9192017,
Q1035373,Caramelo Criminal
Q106200620,
Q48813001,Elyne
Q20012889,Railmen Drum and Bugle Corps
Q4037454,
Q10590688,
Q11199807,Fruity
Q30943422,
Q139757336,North Bend Brass Band
Q107556054,
Q98032261,
Q20048715,Lucas & Matheus
Q703881,Lollipop F
Q106941388,Bill Charlap Trio
Q11232510,MYRS
Q10683567,Sulky
Q63208538,
Q29864654,Fumaça Preta
Q7537382,Sky Larkin
Q117288446,
Q134006587,Everstate
Q96240746,
Q3545684,Brownman Revival
Q120759115,
Q104857477,Professor and the Madman
Q15694545,Dark Tooth Encounter
Q20574285,Bagad Boulvriag
Q38806629,
Q5575568,Goblini
Q1674987,Iszoloscope
Q6967182,Avtipus
Q124006001,Blvck sheep music
Q98399874,
Q116214007,English Classical Players
Q39053074,Band of the General Staff of the Armed Forces of Armenia
Q6383716,Keil Isles
Q2941542,
Q12160612,Teoriia Gvaltu
Q31189051,Hartz
Q134721818,Charming Disaster
Q11750928,Kultura
Q13748389,Latin Fever
Q60823180,
Q7296703,Ravin'
Q20513210,Armenian National Academic Choir
Q12323752,Langsyne
Q10699169,Tobis and his Gauchos
Q106916465,
Q12254360,Aterkings
Q16669901,Lacocha
Q105300430,
Q10688804,
Q48699947,SIGNY
Q104872561,Art rock circus
Q18242911,Jorsh
Q65036850,Johannes Enders International Jazz Quartet
Q127440874,.357 Lover
Q4100326,Buttia
Q12616447,Jeju Philharmonic Orchestra
Q24951382,Théâtre de Lausanne. Chœur
Q135622591,The Brains
Q110069354,
Q23499738,Txell Sust & August Tharrats Trio
Q140033833,Kyle Dixon and Michael Stein
Q97207097,Mänägäitz
Q118896518,Purple Fox and the Heebie Jeebies
Q3521264,The Hitmen
Q55614932,Jano Band
Q9160322,Ars Nova
Q65217615,
Q21427929,Ruz Reor
Q122927105,Cordoba Reunion
Q12646320,"Ženska vokalna grupa ""Kajda"
Q11750315,Krępulec
Q85808508,The Sorentinos
Q65007973,Ennetmooser Huismuisig
Q12055740,Sputnici
Q6832802,Michael Men Project
Q126364951,Għaqda Mużikali Immakulata Kunċizzjoni
Q16938669,Merseystate
Q131463476,
Q105659508,
Q50285640,
Q18338659,Gregoriana Philharmony Orchestra
Q110069271,
Q6463659,La Mama
Q119842004,
Q7033322,Night Horse
Q111253563,Malchus Choir
Q778725,Hong Kong Philharmonic Orchestra
Q25489496,
Q104861072,The Ormsby Brothers
Q90716611,
Q81228302,Porridge Radio
Q97143124,In Albion
Q11827232,Pro Musica Antiqua
Q3519406,Tha Trickaz
Q24892115,Euphoria
Q2448496,Älgarnas Trädgård
Q56426126,
Q112977041,
Q55637614,White Moth Black Butterfly
Q16854096,Orchestra of the Zurich Opera House
Q16664443,Micronologie
Q21006853,Peter118
Q9381098,Wzgórze Ya-Pa 3
Q1746005,Klavierduo Gröbner & Trisko
Q105296699,musicAeterna
Q1669172,
Q3231800,Les Cosmonautes Lunatiques
Q7277924,RTÉ Concert Orchestra
Q4475506,Umka and Bronevik
Q4924554,Kitty GYM
Q6454032,Köttgrottorna
Q11950006,
Q5121924,Cirkus Miramar
Q56884201,Samurai Accordion
Q104864067,Taste
Q12386473,
Q4088878,
Q21038157,
Q2562814,
Q31896540,Björlingkvartetten
Q130215119,Jugendsinfonieorchester der Musikschule Bremen
Q304334,Abaco Orchestra
Q62663194,Ghost Lion
Q11690464,
Q138674019,Cantares del Pacífico
Q18244826,Ocean Chief
Q15053624,Five Star Generals
Q104657356,
Q10493615,Failed Teachers
Q27817187,Housefires
Q15053235,The Durgas
Q28687966,
Q7727533,The Conway Sisters
Q130395402,Lalala Napoli
Q105517308,
Q105087860,Sociedade de Educação e Recreativa de Vila Verde
Q7811052,To My Boy
Q12344239,ZV Group
Q13634851,Franco and Afro Musica
Q31200778,Hereza
Q136331120,Philharmonic Orchestra of Franciacorta
Q3236323,Les doigts de l'homme
Q1957170,Mädchenchor am Kölner Dom
Q18485584,As Gatas
Q4401840,Ryzhov - Kitaev
Q5319104,Dynamo
Q6521601,Lemuria
Q114363188,
Q10500141,Funky Oswald
Q66969014,
Q5147862,Coloma
Q1690283,
Q18712152,Cathedrals & Cars
Q11235595,NICEGUY人
Q11507867,
Q2258041,
Q105081422,
Q13137327,
Q4728665,All City Chess Club
Q85806304,The AAA Girls
Q60840298,
Q116188627,Rhythmakers
Q9371882,Wejdas
Q12634695,Komprex
Q101082158,The Stains
Q123680583,Thee Sinseers
Q105530379,
Q12170796,CH.SH band
Q16672468,Pierrot Lunaire
Q12512670,
Q13745055,
Q7296994,Rawicz & Landauer
Q115618703,
Q2817748,5X
Q7776367,The Wrongstar Society
Q64223509,Network Music Ensemble
Q20107982,
Q11223382,
Q12957996,
Q24963929,The McAuley Boys
Q104767216,
Q98446510,
Q113076473,Mainsirenen
Q17132085,The John Renbourn Group
Q4038812,Flawless
Q1233704,Doc Phatt
Q136294480,Grand Opera Japan Association
Q109469910,
Q27817191,Prism Mates
Q24840903,Sirens Vocal Band
Q10554200,Lapdog
Q107476841,Violent New Breed
Q133270174,Babeheaven
Q114495118,Seranation
Q18452226,Noa & Mira Awad
Q11193214,Chains
Q4838730,Bachchor Stuttgart
Q136514594,Dino
Q136695960,Kirishima Philharmonic Orchestra
Q10600224,Nevskij Prospekt
Q5417557,Every New Day
Q96394456,Musique de l'Arme Blindée Cavalerie
Q48010639,Liberale Muziekmaatschappij Hoop en Harmonie
Q140167626,Weenus
Q15914502,Box
Q24954824,Royal Knights
Q7068916,Nul
Q85809556,Tijuana Panthers
Q111731243,Hokkaido University Symphony Orchestra
Q54820114,Ente autonomico lirico Teatro alla Scala
Q4883097,Bell & Spurling
Q5967798,La perra que los pario
Q124362569,Haunted by Heroes
Q138304118,RetBear
Q6005201,Imminent
Q6288548,Josetxo Grieta
Q10698746,Titania
Q10427795,Bel Air
Q138414310,Orchestre symphonique de l'Isle
Q16140793,B.O.Y
Q29023801,Pheena
Q96416058,Zig Zags
Q138545861,Florida Blossoms
Q134345148,
Q12598818,Busan Philharmonic Orchestra
Q9192012,
Q2755004,
Q22137100,Alessios de Filippis Mandolin Quartet
Q2866469,Asgard (groupe)
Q7598798,Stanford Talisman
Q25454226,Cirkusz-KA
Q5214163,Dan Papirany Trio
Q21546053,Murder
Q11298164,
Q5278259,Dingobats
Q112776952,All Tiny Creatures
Q63208541,
Q61363047,Frikun
Q48889798,Cabeza de Martillo
Q7796477,Thorns Ltd.
Q12626669,Akvinac
Q11554716,Izumisano shimin orchestra
Q2927397,Bubblies
Q7225845,Polly and the Billets Doux
Q56345217,THE KING
Q49986467,"Muziekmaatschappij 'De Vereenigde Vrienden"" te Vilvoorde"
Q61365129,Wood Strings
Q122204823,
Q11282626,
Q10915850,Taiwan Television Symphony Orchestra
Q3523504,Thee Milkshakes
Q5505759,Froncysyllte Male Voice Choir
Q7642327,Super Extra Bonus Party
Q1249843,Orchester der Kulturen
Q130213939,Atis Indepandan
Q105702576,
Q129169236,
Q9276208,Green Grass
Q11699066,Fundacja nr 1
Q113023490,Medicine Singers
Q101068199,Israel Chamber Ensemble
Q3208629,La Fanfare en Pétard
Q126008919,Violens
Q12806545,The Saint Nicholas Choir Litija
Q16945866,Bush Chemists
Q27816928,You Are Number Six
Q66994258,Molybaron
Q16994556,I Divide
Q3828366,Le Hammond Inferno
Q11961886,Bonzo Radio
Q109601646,
Q115662100,Films on Song
Q675386,The Schola Cantorum of Rome
Q117317627,Aylesbury Music Centre Dance Band
Q61182006,
Q1674676,Kirchenchor St. Verena
Q15098143,Syron Vanes
Q11788054,
Q106153152,Beòlach
Q9191998,
Q7607512,Stendec
Q5612161,Grup Latanier
Q12259213,
Q28444655,Scattered Hamlet
Q5957999,Kapatid
Q99542292,Choral Guild of Atlanta
Q85807469,The Hitmen
Q79747311,Camerata Junior - The Friends of Music Youth Orchestra
Q6051594,Grup Düş
Q4057969,
Q19978125,Mattias Ericsson och Flee
Q84699852,Pacific Fleet Band
Q16873205,North Fall
Q10716231,Vit legion
Q107641782,Roy Haynes Quartet
Q22032171,Tru-Paz
Q139762619,Toronto Signal Corps Brass Band
Q11231324,MEGARYU
Q19729850,
Q30929589,JUNK∞TION
Q65237736,
Q1965546,
Q2469936,Isihia
Q1654254,iNtrmzzo
Q122336566,Knifing Around
Q137258554,Cloud 7
Q3208628,Orchestre du Belgistan
Q109410290,Igor Lerman Chamber Orchestra
Q139762622,Danforth Citadel Band
Q880030,Black 13 Angelz
Q5261143,Der Eisenrost
Q2103746,
Q110895118,Ardeleana Chamber Music Society/Whispering River Orchestra
Q106982734,The Vegabonds
Q124004869,IMPACTors
Q7903364,Uttara-kuru
Q25566120,Morena Son
Q121788781,Għaqda Mużikali Sant’Elena
Q12326628,Melvis & His Gentlemen
Q105742551,
Q20057756,
Q61362297,Izu Nauk
Q5282144,Disen Gage
Q48698514,Eklektikos
Q1400348,V.S.O.P.
Q31890664,Konditorns
Q98339360,Bleu Toucan
Q55137810,Banx & Ranx
Q744951,Sweet Apple Pie
Q5941235,Humpback Oak
Q111747319,
Q18479928,
Q97206834,Iñorkiñak
Q12368724,Liinatśuraq
Q10695691,The Nashville Edition
Q7226076,Polwechsel
Q55469450,Trío Quasimodo
Q7142947,Pasta ZZ
Q6716155,MINIM
Q843792,National Philharmonic of Russia
Q7062305,Not from There
Q121433613,The Last Dinner Party
Q104695889,
Q646939,Argile
Q96417519,56 Flowers
Q130603490,Antenne Eumel
Q11229699,LUNCH TIME SPEAX
Q20063938,
Q139268299,Potatohead People
Q16146842,Anil-Arun
Q10588036,Monde Yeux
Q88199743,MVNTIS
Q61362803,Nomadak
Q11239406,Pe'zmoku
Q29959982,La Secreta
Q7757341,The Plague
Q1602325,Helga Wille und die Nicolets
Q65032699,Phontana
Q10683525,Sukkerchok
Q4034440,Asguard
Q134984529,Bi-ray
Q28225814,Aarhus Girl's Choir
Q25408975,Zafra
Q17107789,Salala
Q1550965,Gruppe Neue Musik Hanns Eisler
Q99757283,Partyrausch
Q118625935,
Q139762639,Frelighsburgh Cornet Band
Q11066481,Multicyde
Q30092000,Csaknekedkislány
Q28976152,
Q116733381,
Q12019396,Helemese
Q23982882,Annihilated
Q11830363,Prząśniczki
Q123475324,Angst skvadron
Q7752181,The Moonies
Q1232406,Pentele Ska Club
Q7382831,Ruth's Refrigerator
Q10860454,Zelenáči
Q20685569,Sleep for Sleepers
Q2365861,Tanger
Q6991838,Neo & Farina
Q136697045,New Chamber Orchestra Ferruccio Busoni
Q18203290,Los Cadetes de Linares
Q12008081,
Q10281468,Fernando Noronha & Black Soul
Q8074951,Zubot and Dawson
Q12332330,President Fetch
Q12405744,Doda
Q120335540,
Q47460745,Camp Claude
Q48967064,The Peppers
Q11246246,SIN
Q11981233,
Q117865964,American String Quartet
Q6886355,Moahni Moahna
Q109336064,Valverde Brothers
Q112688495,Vin de Mia Trix
Q1808746,Lautten Compagney
Q117286405,Syde
Q137771705,My Pop Choir
Q124800210,LOONG 9
Q29110175,
Q12254951,Belceblues
Q16247247,Blue Hawaii
Q55632743,Sea Chanters
Q13014765,Dragon 5
Q131143566,Wishy
Q65209783,
Q3446364,Rozz
Q12507728,Raison D'etre
Q16488326,
Q5090539,Chemirani Ensemble
Q3428559,Revolution Mother
Q6411819,King Kong Company
Q6964055,Nanohex
Q11892751,
Q2601283,
Q111610710,
Q7247728,Product.01
Q2706155,Bende van Vier
Q11247260,Stereo Fabrication of Youth
Q117359875,
Q16268302,Coro CAI Bologna
Q30729232,Les Mécènes
Q55006750,Hell City
Q55612151,Funk Filharmonik
Q11812329,Disharmonici
Q16933770,Profeti della Quinta
Q7023890,Sṭelah Maris
Q1687944,Jerusalem Symphony Orchestra
Q12258153,
Q21188204,El Salvador Symphony Orchestra
Q136399286,Da Lab
Q5261349,Derango
Q5123392,City Reign
Q20557465,Festival Of Mutilation
Q13018079,Pause
Q24270047,Gunnfjauns Kapell
Q65036851,Jive Boys
Q118780406,Biscuit
Q110167272,Odyssey Symphony orchestra
Q60702913,Idols Ft
Q15789650,Brandenburger Symphoniker
Q13731650,Ierse muziek in Nederland
Q117758848,Flûte Alors!
Q57830630,The BUZZ
Q56347723,Spira Spica
Q12386514,Vox Stellae
Q21335913,The Virus
Q116980384,The Terrys
Q10851239,KAVH
Q134053384,Side Effects Project
Q11799213,Orkiestra Symfoniczna Filharmonii Pomorskiej im. Ignacego Paderewskiego w Bydgoszczy
Q12640782,Putokazi
Q18216876,His Majesty's Sagbutts & Cornetts
Q3413694,Quatuor Satie
Q97496316,Merry Bad End
Q140265347,The Silent Architects
Q12281386,
Q17510240,Airbus
Q115802798,cumgirl8
Q19398014,
Q7283785,Raiders Drum and Bugle Corps
Q60178245,Die Hamburger Goldkehlchen
Q5361986,Elitni odredi
Q12646166,Šokačka grana
Q5306139,Draytons Two
Q7752198,The Moonstones
Q134740099,Mary in the Junkyard
Q140267823,Choir Of The Monks Of The Abbey Of Hautecombe
Q85877170,
Q4957855,Brass Band Buizingen
Q139762611,Chippewa Hill Indian Band
Q2920855,Académie royale de musique
Q6679796,Lord Mouse and the Kalypso Katz
Q491458,soundTeMP
Q679341,Württembergisches Kammerorchester Heilbronn
Q21534403,2MS
Q124719574,Boyd Neel String Orchestra
Q78248638,GothBoiClique
Q4883372,Bella Tromba
Q25467578,The Matter
Q17769376,
Q48861865,RPW
Q19970454,Lissi Dancefloor Disaster
Q125147889,21 Lucifers
Q11962079,
Q139552445,Cor de Lux
Q5437896,Adult nation entertainment
Q31888502,Modern Music Band
Q126972624,
Q120335632,
Q110069605,
Q18333875,The Shades of Orange
Q20934567,Rue de Paris
Q133465058,Devon Kay & The Solutions
Q124544624,
Q7739993,The Hollywood Flames
Q5092542,Cherryholmes
Q3406946,Programme
Q125961681,
Q120281216,Akmola Regional Philharmonic symphony orchestra
Q105532313,
Q136695987,Sasebo Shimin Orchestra
Q106114841,Northwestern University Symphonic Wind Ensemble
Q133865202,The Kings of Nuthin'
Q1393211,Mad Heads
Q4708823,Alathur Brothers
Q11196152,Domino88
Q4925122,Blank Canvas
Q28402627,Shelor Family
Q61378578,Birimbao
Q12643746,Tonica Dream Team
Q136125624,Bourgeois Tagg
Q16171179,
Q21856161,Graz Chamber Philharmonic
Q31739282,Innes and Franna Benadé
Q85815976,Wolf Club
Q12005842,The Lovestreets
Q5604899,Greenwich Trio
Q25477278,
Q10266486,Dino Franco & Mouraí
Q6050808,Grup Vira
Q3693307,
Q10467148,David Fiuczynski's Headless Torsos
Q115161848,Georgian Philharmonic Orchestra
Q63344716,English String Quartet
Q60769946,Future Generations
Q4090218,Bozg'ya Korovka
Q9192030,
Q2569027,Wiener Männergesang-Verein
Q138780661,City Symphony Orchestra of New York
Q4045132,
Q5692939,HeartsRevolution
Q7818228,Tomahawks For Targets
Q25458460,Jóvilágvan
Q10673028,Sofistikerat Svammel
Q11589763,Kobe Philharmonic
Q5253870,Delia Gonzalez & Gavin Russom
Q57830585,The Tiffanys
Q10311311,João Carreiro & Capataz
Q1109752,St. Gallen Symphony Orchestra
Q108599737,
Q9336918,Silna Grupa pod Wezwaniem
Q3186682,
Q9325240,Rzepczyno
Q1713325,
Q20709502,Ohio State University Men's Glee Club
Q105672744,
Q20072449,The Crawls
Q11231513,MIC BANK
Q17779349,Guldbergs akademiske kor
Q16933509,Ngāti Rānana
Q3047316,Eddy-K
Q1958959,Münchner Frauenchor
Q124497016,Develop One's Faculties
Q99585687,Last Days of Lorca
Q7369886,Rosslyn Mountain Boys
Q30588074,Rollin' In The Hay
Q1374811,Eurobrass
Q12767038,Horská Chata
Q7825097,Topp Twins
Q1344274,
Q13026819,
Q113173696,
Q16531919,Witchcraft
Q10651594,Rex de Rox
Q13654835,
Q4042382,
Q6416419,Le Click
Q85313509,
Q2705970,Nederlandse Reisopera
Q31188375,Patxuko Nice
Q5582560,The Good The Bad
Q3475478,Schola Sainte-Cécile
Q4280483,
Q12016677,Flauto Giocoso
Q113647955,Yariel & Omy
Q6470294,Lady Kash and Krissy
Q98983072,hololive English
Q1585680,
Q11241115,ROCKING TIME
Q17441302,Ansambl vokalnih solista Madrigal
Q104520544,Milky Wimpshake
Q11690689,Cisza jak ta
Q2593600,World Bang
Q11830022,Przyjaciele
Q30928514,Horacio Romo Sexteto
Q4237507,Kraków Philharmonic Orchestra
Q11119346,La Montaña Gris
Q20530164,
Q139757266,Brockville Silver Cornet Band
Q134734372,
Q4037525,
Q3191301,K2R Riddim
Q7261027,PureH
Q24836379,
Q2647021,Infinite Mass
Q133494263,Ritsumeikan University Symphony Orchestra
Q3503181,Indy & Wich
Q106241001,Orquestra Sinfônica da Unicamp
Q10323443,
Q1484369,Vocalive
Q124316464,
Q7926972,Victoria Police Pipe Band
Q54862390,Stradivaria
Q11904070,Acció
Q45109072,
Q898073,Kaveret
Q3305710,Serart
Q3413757,Dubois String Quartet
Q12869030,Georgian Sinfonietta
Q5516863,Gaggle
Q127438051,Akasha Experience
Q4843508,
Q5979271,Los Adefesios
Q12170071,Chernihiv Folk Choir
Q15903122,Cool Silly
Q139601196,
Q12073032,Zapaska
Q17211004,GOPOSTAL
Q48700905,
Q9138586,Absurd
Q6815788,Memphis
Q12308746,Diva
Q9154564,Angels on Acid
Q11762800,Loui & Scibi
Q4993532,The Similou
Q909159,Dorogi Bányász Zenekar
Q12184878,Syrian Female Oriental Band
Q11315082,
Q1857697,Beat Club
Q120335621,
Q3515525,Tapok
Q127278396,Essential Opera
Q131310071,chorale Hoziana
Q105316623,
Q5459324,Flight of the Valkyries
Q110391606,
Q136446573,State Symphony Orchestra of Tajikistan
Q2850892,
Q139757273,Dawson Brass Band
Q20498168,
Q124004698,La Septima Banda
Q3492602,Space Streakings
Q9369436,Wu-Hae
Q5623676,Daughters of Soul
Q23786801,
Q137426720,Yamoto Band
Q51029008,Somogyi String Quartet
Q86660398,Uaragniaun
Q130517869,Kiner Music
Q139757352,Little Mountain Brass Band
Q11950007,
Q22080579,No Sin Evades His Gaze
Q63208464,
Q10499076,Friends in Need
Q9357999,The Globetrotters
Q3236138,Les Voix de l'amour
Q19977045,My Sound of Silence
Q113324032,
Q105391094,
Q85867693,
Q7539719,Sleep Room
Q2251930,Schuppanzigh Quartet
Q61362233,Pet Fennec
Q6059870,Grup Mp3
Q20608435,
Q10699868,Tongångarne
Q59773356,Representative Central Band of the Romanian Army
Q56653676,Freezy fromx
Q3512151,TH-Express
Q7193462,Pigsty Hill Light Orchestra
Q5037237,Car Stereo Wars
Q125147897,77:78
Q10656450,Rolene
Q16836250,Fake Major
Q125149567,Voices from the Lake
Q107641654,MJT+3
Q31191524,
Q11529429,
Q16331447,
Q107697142,
Q7605287,Stealing Orchestra
Q113504966,Black Magnet
Q16132855,
Q30688153,Batdorf & Rodney
Q31189044,Perlak
Q7139202,Parmentier
Q65029505,Rene Engi Blues And Boogie
Q953653,Silesian String Quartet
Q26269502,Trade Wind
Q16422120,
Q64951655,Cojazz
Q134506625,
Q130266386,
Q136024265,Blue Juice
Q121335606,Cheerbleederz
Q7268177,QP-Crazy
Q12629862,Distorted Revelation
Q114088618,The Gentle People
Q102156201,
Q2719258,DJ Norman vs Darkraver
Q44120649,
Q104864605,Wallis and Matilda
Q29023802,
Q110069636,
Q20875980,Germà Negre
Q881144,Bavarian Radio Chorus
Q30879908,
Q107568795,
Q115042226,Bakulova družina
Q5230418,David & Steve Gordon
Q13135466,Equal Souls
Q12259156,Hira
Q10621590,Pastellerna
Q18603781,
Q85872818,Nonokiss
Q12642767,Stivideni
Q63208458,
Q9196816,Cross (band)
Q17227813,
Q7749601,The Magoo Brothers
Q9368399,Venus
Q139762665,Lethbridge Colliery Brass Band
Q2550430,North Netherlands Youth Orchestra
Q7540775,Slinky Wizard
Q10703938,Trio Lligo
Q11191614,BOYS NOW
Q117486954,Nobita
Q3521538,The Latitudz
Q4277696,
Q16113613,Emanuel
Q5997632,Ileum
Q138020390,GREY MYTH
Q23787797,
Q2118805,Pure Soundart
Q109626421,"Filarmonica cittadina di Mirandola ""Guglielmo Andreoli"""
Q27654299,
Q127778312,
Q65117835,"La Dinastía de Tuzantla, Michoacán"
Q131565153,
Q63485552,Bokanté
Q20620185,Orquesta de Cámara de Siero
Q118434547,JAUME VILASECA QUARTET
Q77923558,Monsta Boy
Q14087477,philharmonie zuidnederland
Q136708061,Greatest Hits
Q2422192,Dub Wiser
Q138849509,WORSHIP
Q7050562,Nordanstigs spelmanslag
Q38807369,
Q4052502,VFSix
Q7655379,Sweet Jane
Q3508418,Clou
Q4035898,Carreg Lafar
Q1802667,Landestheater Niederbayern
Q39054478,Brave Giant
Q13135512,Fan Batsum
Q55470824,Dúo Tango Dos
Q20623779,Fændyr
Q18217079,Mongolian Heart
Q97100844,
Q17034181,Watoto Children's Choir
Q104908204,
Q6471332,Lafayette Afro Rock Band
Q10422401,August Premier
Q7797568,Three Leaning Men
Q59159600,
Q16128770,HaMechashefot
Q10843463,Ghazal
Q25438949,
Q123859830,
Q97200711,
Q13021591,
Q1550249,Gruber & Maklar
Q17773077,Following Bob
Q106928645,Death in the Shopping Malls
Q55531454,ANTENA
Q28453451,Autotelic
Q132861244,1Verse
Q2376042,Vibrolux
Q10506590,The Go Getters
Q6494461,Last Lungs
Q7375238,Royseven
Q7434406,Scooters Union
Q111940799,Soumbalgwang
Q65255341,
Q107352327,Apichat Pakwan
Q139757280,Hardisty Brass Band
Q17232377,
Q1585935,Vlado Kumpan und seine Musikanten
Q1274742,Oktobar 1864
Q1660539,Imusicapella
Q124419552,Cousin Simple
Q9362546,Tsoonami
Q11326006,Haisuinonasa
Q60687880,Etterna
Q86609652,Wellington Regional Orchestra
Q12254759,Bapatean
Q110069276,
Q85975078,
Q112155216,Youth of Roots
Q139893247,Cryptic Hatred
Q115624752,The Bird Jazz Band
Q4141657,Hollywood String Quartet
Q662009,Knabenchor Hannover
Q125571277,Sticks and Stones
Q16695815,
Q19877984,Folly and the Hunter
Q134614519,XweaponX
Q3853452,Meat Shits
Q110295399,
Q20181752,gamut inc
Q127039262,The J-Gos
Q101556927,
Q59226641,Axius Link
Q3233892,Les Molards
Q104661427,
Q56322983,
Q110069390,
Q113076517,Vielhomonie Rhein-Ruhr
Q105433289,
Q2568941,
Q6372670,Karma Shenjing
Q25477220,Kayno Yesno Slonce
Q2098606,The Platin Tenors
Q3213140,Teoría Dorada de Popeye
Q6818696,"Mercy, the Sexton"
Q90907784,Garbo Talks
Q2869567,Atomic Boogie Band
Q10465495,DS-13
Q106783220,The Five Percent
Q27817983,The Magpie Salute
Q88493527,Hugar
Q125613160,
Q22080578,Sovereign Strength
Q131990643,
Q7621432,Strange Nature
Q125945986,Clem Curtis & The Foundations
Q7578160,Spiro
Q18244045,Città Frontale
Q15728629,Breathing
Q139329112,The Barbarians of California
Q12346635,
Q5853520,Expresión Joven
Q106179009,Alamat
Q5469445,Forever Tarkovsky Club
Q12260396,Jo ta akatu
Q12252759,Aby-Kem
Q11238663,Phones
Q65233418,YOLZ IN THE SKY
Q99581095,Akral Necrosis
Q7863726,UAE Philharmonic Orchestra
Q51029336,Juilliard415
Q116817230,Voising
Q42727508,Zez Confrey Orchestra
Q139762626,Unionville Brass Band
Q61057262,Samezame
Q28225691,Mainzer Kammerorchester
Q96186292,
Q10448620,Chattanooga
Q3693819,Ars Cantica Choir & Consort
Q7756498,The Pegs
Q7761412,The Romaniacs
Q7564233,Soul Grand Prix
Q7540946,Slipstream
Q10463692,Curt & Roland
Q1297790,
Q11199869,FUNKY GRAMMAR UNIT
Q10458780,Consoul
Q16501250,
Q48750822,BirthDay
Q6942472,Musica Ficta
Q16624402,Raza for Christ
Q14900312,Les Esprits Animaux
Q140196736,Blue Journey
Q5566505,Glam Sam And His Combo
Q7732960,The FAMU Gospel Choir
Q107703444,
Q16332358,
Q18164655,Vaadat Charigim
Q3206806,La Boussole
Q3633872,Band Aid 20
Q7919384,Velvet Belly
Q3061854,Suzy and the Red Stripes
Q134966716,Tereasa Undefined
Q11247674,Sweet lily
Q16519214,
Q99492015,Tha Funkstars
Q18880367,Sensa Anima
Q6784898,Mastan Ensemble
Q117803873,Bolshoi Theatre Quartet
Q124538779,Ensemble Venac
Q93864508,Paul Robeson Choir
Q111180990,Me Rex
Q107599967,Orbit Culture
Q28415332,
Q104887037,
Q18217198,Princeton Katzenjammers
Q122926884,Malted Milk & Toni Green
Q48763129,Justice For Reason
Q61107742,
Q31197407,
Q60580554,Sister Overdrive
Q11238392,PARKING OUT
Q56377729,
Q7780999,Thela
Q11974365,Harry Halvsjuk & the Håpløse
Q96376708,Dundee Scots
Q138772091,Lacorde
Q138679562,Thurlstone Brass Band
Q123680631,Jungle Fire
Q6412040,King Shiloh
Q2574315,Çilekeş
Q12034966,Malashnikow
Q48754309,Symphoniacs
Q27817115,Quincy Conserve
Q104666751,
Q28687608,ITOWOKASHI
Q10648399,Radio LXMBRG
Q4794712,Arnee and the Terminaters
Q48772520,Terminal A
Q139762608,Rodney Brass Band
Q41765843,La ciudad bajo la niebla
Q131523044,Greek National Opera Children's Chorus
Q17225209,Jugend Philharmoniker
Q104780851,
Q137919511,Category:Icyball
Q4171570,Dym
Q20612326,
Q19380175,Los Osos Polares
Q131275545,
Q16668304,Orion
Q28674189,T.R.H.
Q136663045,The Zoo II
Q85848071,Wume
Q16614601,Wesele Przyprostyńskie
Q3057810,Sweet Sixteen
Q16141530,
Q5380516,Entheogenic
Q7137451,Parisha Vadyam
Q3241620,Linkup
Q19895810,RDB Rhythm Dhol Bass
Q11347417,Israeli Chamber Orchestra Ramat-Gan
Q28502597,
Q63138462,Discípulos de Otilia
Q106164545,Sociedade Musical de Arcos de Valdevez
Q136419135,Her New Knife
Q7860923,Typecell
Q112801121,PandemoniUM
Q130717719,Voix des Anges (VDA)
Q10381214,The Blues Right Off
Q113450559,The Soul Searchers
Q127445536,6th Borough Project
Q10655412,Rimfrost
Q6682142,Sugar Eyes
Q3047012,
Q61107898,
Q89989370,
Q115529318,Guiding Star
Q16967026,Phronesis
Q1508670,George and Earl
Q7770127,The Trews
Q11690478,"Chór ""Astrolabium"""
Q12644293,VIS Sjene
Q134521502,Chorale Saint-Jean
Q19943840,
Q30255940,Dream Nails
Q21809316,
Q55631445,Representative Central Band of the Polish Armed Forces
Q502533,Kenny Clarke/Francy Boland Big Band
Q807814,
Q17216536,Brian the Sun
Q4983337,Buckley's Serenaders
Q57545139,DatKid Smoove
Q11291090,Elfin Saddle
Q122640459,Outbound Calling
Q131106258,Public Passion
Q3071962,Fille qui mousse
Q10669738,Skansros
Q110069291,
Q1374846,European Youth Choir
Q55816083,Pulkas
Q123005153,No Problem Orchestra
Q85980402,
Q139757328,Merritt Brass Band
Q11235140,
Q1749561,Wiesbadener Knabenchor
Q55662813,
Q122926883,Maisha
Q16575630,Maxx Dance
Q125184524,Generation Aldi
Q11897153,The Circuit Riders
Q61365132,Irkaia
Q138299047,Path of Samsara
Q113324532,
Q9001866,Half Life Half Death
Q88219172,Pele Ozen
Q106578037,Owiny Sigoma Band
Q110421281,
Q9212851,Duet Gitar Klasycznych Alber-Strobel
Q10688433,
Q23668258,
Q43081080,The Steel Woods
Q117190552,Brat
Q123739272,Tears
Q5760450,Hikashu
Q3337711,Needers & Givers
Q16269220,
Q16239609,Hong Kong Festival Orchestra
Q104879255,
Q4549963,14 Year Old Girls
Q60766956,Stadacona Band of Maritime Forces Atlantic
Q18659235,
Q120644888,La Brusse
Q28403004,Rezawrecktion
Q123738334,Sateen
Q30092906,
Q61654328,New Orleans Gay Men's Chorus
Q112679123,The Stickmen Project
Q17625112,Concerts-Rouge
Q2496256,Munich University Choir
Q16549440,Giganci Gitary
Q139757276,Heather Brass Band
Q136705051,Tokyo Oratorio Society
Q1999012,
Q94676948,
Q1963964,Bowel Stew
Q60743993,Part Time
Q7826757,Torphichen and Bathgate Pipe Band
Q2555423,Vagantes Morborum
Q125744638,
Q134006118,Brașov State Philharmonic Orchestra
Q4215005,
Q17511367,Alquimia
Q7522535,Sinfonia Newydd
Q97171594,
Q109806643,Espirall
Q27817091,Ephwurd
Q85311506,
Q85847061,Revertigo
Q29023846,Jess
Q131376255,Slower
Q130390173,Development
Q3210650,La Mc Malcriado
Q122926916,Urban Village
Q107304861,Lotus Eater
Q106929398,Wreckless Eric & Amy Rigby
Q111918325,chœur de la paroisse Saint-Serge
Q11832956,R.A.P.
Q20657036,Institutional Radio Choir
Q111460253,
Q10484401,Ensemble Tbilisi
Q130266256,
Q16238058,National Scout and Guide Symphony Orchestra
Q124422927,
Q136476778,Nektar
Q6690539,Love Ends Disaster!
Q13016128,
Q12162879,
Q83535011,AGSO Quartet
Q16841721,Hawkeye Marching Band
Q62033633,Down Boy
Q2823900,Adalberto Álvarez y su Son
Q3358877,Over All Brothers
Q7857678,Twem
Q5446212,Fflaps
Q106631508,
Q11972694,Groms
Q7731446,The East Coast Angels
Q110895203,Timmins Youth Orchestra
Q123583487,Platform One
Q4026820,
Q56282703,Egyptian Armed Forces Symphonic Band
Q12266643,Rock & Ron Tour
Q2089704,The Free
Q68669282,Ankara Youth Symphony Orchestra
Q11190797,BACK DROP BOMB
Q107689309,KISORA
Q1713353,
Q55632046,Royal Canadian Air Force Band
Q5251130,Defektno Efektni
Q60787236,The Bloomfields
Q76824639,Kandela & Son
Q55459666,"Dúo Pescante,"
Q55831644,
Q3922853,ProjeKct Six
Q115288242,"The Good, The Mad & The Lovely Posse"
Q120979702,Caballero & JeanJass
Q85864858,Chara+YUKI
Q66920212,LiL’ Dixie Country Band
Q4488593,
Q61390345,
Q18149853,Dead Neanderthals
Q125219935,
Q10403946,Akademiska kapellet
Q97171094,
Q11930648,Orquestra del Caos
Q130742838,Deflesher
Q6897356,Mommy Hurt My Head
Q20437975,Tropiko bend
Q6674197,Longombas
Q3693864,
Q17104560,Vice Verset
Q138848739,
Q5394281,Ernesto vs Bastian
Q4660989,A sound
Q139547045,1096 Gang
Q5284085,Divine Divine
Q16410296,
Q4820680,Buldog
Q117310457,Salomé Quartet
Q86610208,Lindsay String Orchestra Of Wellington
Q104640115,
Q133799720,
Q21336010,Ivana & Magdalena
Q9675232,Camerata Brasiliana
Q110285496,Rossiyanye
Q68904995,Guido Pistocchi and Soul Brothers
Q16961617,Milk
Q85796090,Rat Fancy
Q12373033,Pärnu City Orchestra
Q96418546,Healthy Junkies
Q3522002,The New Mastersounds
Q6980618,Natural Snow Buildings
Q136680881,Haydn Chamber Orchestra of Tokyo
Q66755263,Fractal Universe
Q139801896,Kasablanca
Q12084469,
Q11686948,Audio Dealers
Q120335755,
Q61133522,Samostalni referenti
Q108471419,VeggieTales
Q11776989,Mejk
Q5355702,Marbell
Q48760253,Code
Q2139321,Linzer Reichs-Bruckner-Orchester
Q7619168,Stonefree
Q20067837,
Q66738019,Bionic
Q105710555,
Q113951105,soramafuurasaka
Q83191177,
Q10421672,Atlas
Q12098635,
Q2304150,Garpa
Q7921070,Verdehr Trio
Q28360405,Grimaze
Q3930604,Raw Power
Q139762585,Kirkland Brass Band
Q4205359,
Q131406451,Mac&Wester
Q133500454,Seishin Gakuen Orchestra
Q106604803,
Q12256281,DiscoCrew
Q7462964,Shakkazombie
Q5249938,Dee Monk
Q3264318,Lovesexy Band
Q95879743,Joy Again
Q127336001,Soċjetá Filarmonika Madonna ta' Fatima
Q7577808,Spirea X
Q18426048,Kapela Stachy
Q11282468,
Q7743992,The Karminsky Experience
Q3284764,Mama's Boys
Q48700361,Francobollo
Q135800102,Cuddle Magic
Q29035553,Marijata
Q123663063,Fievel Is Glauque
Q22080338,Cold Creek County
Q48750387,
Q7730888,The Dramatikz
Q108853277,M.E.A.N.
Q1062617,Israel Philharmonic Orchestra
Q65255216,
Q123371142,Flucht nach Vorn
Q127220661,
Q58641201,A Cryo Chamber Collaboration
Q139757349,Vancouver Temple Band
Q22124994,Princess Kets
Q16691991,
Q139301299,Jade Weapon
Q18191683,
Q107370520,Lakewood Church Choir
Q7663953,Sywnthkrawft
Q25437053,
Q17111288,The Supertones Band
Q17769645,Engegård Quartet
Q12875574,
Q3355363,Orchestre universitaire de Strasbourg
Q119983837,
Q140026670,The Lost Days
Q10277598,
Q4044045,
Q139762574,Hagersville Citizens Brass Band
Q13102371,Dudeldorf Lion Pipes & Drums
Q11774493,Death Mosh Core
Q133803472,
Q5662273,Lotus
Q11963828,Cikada Duo
Q2664100,Play & Win
Q15925479,
Q109317256,
Q12042626,Donaha
Q10677533,Standby
Q9257167,Extra Ball
Q29935025,Gnom Gruppe für Neue Musik Baden
Q2245311,Asia
Q133260214,Fresh 4
Q84293457,Badnaam
Q10543161,Kammarkören Sångkraft
Q4052771,
Q12025797,John Dovanni
Q57830557,The Nota-Belles
Q29557682,NǽnøĉÿbbŒrğ VbëřřĦōlökäävsŦ
Q105661167,
Q106213577,
Q11986909,Lucky Stroke
Q137766679,Beat
Q7414119,San Francisco Symphony Chorus
Q10468536,Demon Preacher
Q3485351,Sister Iodine
Q7361471,Roma 79
Q16521635,Magashegyi Underground
Q11249449,TKCOM
Q9340279,Spiral
Q48995913,Drumcorps
Q97197672,
Q20529726,
Q25704029,Lamzur
Q16239921,High Hazels
Q7388999,SBS Radio and Television Youth Orchestra
Q9645972,Banda Trocopasso
Q17142203,DRC Music
Q16097382,Suwon Philharmonic Orchestra
Q29097302,Radical Dads
Q9191989,
Q124372677,Ebony Lake
Q49099011,Harpan min
Q106418708,JUUSK
Q24941731,
Q124004713,Grupo Maximo Grado
Q30600041,Serial Killers
Q25420797,
Q12047046,Pro arte antiqua
Q133895968,Lowertown
Q10266056,Diapason
Q65163893,
Q104918422,
Q11415180,
Q5788684,Coro Lima Triumphante
Q3305180,Mellino
Q138685313,5th Avenue Vampires
Q3475896,Scion
Q27468959,Nice As Fuck
Q98000628,Everlasting
Q11340533,THE MAD PACHI-SLOT BROTHER'S
Q5692964,Hearts No Static
Q1887597,Bahrrecht
Q106684137,Ženski pevski zbor Kombinat
Q7739122,The Heads
Q4517755,
Q110895154,Milton Philharmonic Orchestra
Q138603259,HONK THE HORN
Q124435304,Veiled Metamorphosis
Q111548930,Ylva and Linda Persson
Q136131279,Bud Hobbs & His Trail Herders
Q19729208,
Q7546119,Smoking the Century Away
Q12258477,Ghetto
Q1180197,Netherlands Bach Society
Q132822725,
Q10403948,
Q118115145,
Q3927122,
Q65117623,SeeYouSpaceCowboy
Q60741015,Gatherers
Q3100470,Gene and Eunice
Q117598951,The Crooked Fiddle Band
Q110069457,
Q7826532,Toronto Symphony Orchestra
Q31885071,Systraskap
Q18424029,Connan and the Mockasins
Q30914876,Orquesta de Casa Loma
Q137360039,Shadowgrass
Q2639509,
Q21001691,A Band of Bitches
Q134778261,
Q60983450,Of Cabbages and Kings
Q1076496,Chorknaben Uetersen
Q124004726,Grupo Arriesgado
Q14490257,Hong Kong City Choir
Q67608723,EVOL
Q28456228,Solihull Pop Chorus
Q7759722,The Reason 4
Q110408482,Halberstädter Liedertafel
Q65254805,
Q16408717,
Q7300000,ReConnected
Q16952862,Mixed youth choir Leiden orphanage
Q17711853,Popgruppa Asbjørn
Q11799214,Polskie Radio. Orkiestra Symfoniczna w Bydgoszczy
Q1825014,Lilienfelder Cantorei Berlin
Q110069496,
Q138003752,
Q6773781,Sexta
Q135934322,
Q11755315,Letters From Silence
Q25687978,Soċjetà Filarmonika ‘Victory’
Q11199854,FULL MONTY
Q37514584,RebelMatic
Q107015342,
Q7912965,Vampire Beach Babes
Q10315043,La Harissa
Q10683730,Sunday Sound
Q28688098,SHADOWS
Q11825446,Potty Umbrella
Q20112417,Kid Astray
Q10686671,Swingsters
Q7620555,Stoughton Musical Society
Q85982701,
Q55467177,Conjunto Milongueros Viejos
Q4791015,Aristocrat of Bands
Q124340674,Cousin X
Q4159329,Deti Picasso
Q5013748,CPU Handbell Choir
Q15838364,Koblížci
Q16968503,Rena Rama
Q18235095,
Q139762583,Kinsale Brass Band
Q130101716,
Q17213780,
Q18163624,Satanized
Q124896767,
Q39292121,
Q118492617,Gran Teatre del Liceu
Q6058976,Mat
Q10680455,Stockholm City Voices
Q4688835,Afektiven Naboj
Q16968569,Rhombus
Q12335198,Sidste Ambulance
Q120968461,
Q4947525,Boss Volenti
Q110069420,
Q136445553,Havana Lyceum Orchestra
Q85769418,Infinity Crush
Q28225690,Leipziger Lehrerorchester
Q10382121,Thilo's Combo
Q55318468,Nordafjells
Q5420408,Exit Ten
Q11771146,Masoko Solo
Q7318145,Reverend Soundsystem
Q138009861,The Hamilton Face Band
Q23309096,Arachos
Q35572859,Conxuro
Q138515140,
Q12599813,Side-b
Q11190433,Argument Soul
Q106536149,Tracian Folk Group
Q6585632,Haihud choir
Q140067857,
Q9159438,Ares & The Tribe
Q3408693,Nokaut
Q5161183,Conjunto Atardecer
Q105756757,
Q31192672,
Q105413837,Gekizyou Refrain
Q7731435,The Earthlings
Q10545564,King Memphis
Q5105286,Chorus of Westerly
Q125407874,Fantastic Cat
Q136674000,Moravian Quartet
Q3520652,The Dodoz
Q3355330,Orchestre national de Cannes
Q109581954,Duo Máret
Q42911800,
Q3221690,Concert de l'Hostel Dieu
Q3354581,Russian Opera in Paris
Q67905628,Little Benny & the Masters
Q4063644,Alfa
Q1467736,Zoo
Q2248979,Philharmonie Gelre
Q100384991,Silver Studs
Q96408778,The Gertrudes
Q10384811,Zhejiang Xiaobaihua Yue Opera Troupe
Q105673165,
Q31839361,Concerto München
Q4462919,Triagrutrika
Q65030508,The Cats Never Sleep
Q12629136,Collegium musicum Fluminense
Q4905003,Big Band Jazz de México
Q11014485,Eney
Q124053223,Grupo Aroma
Q18242188,Göteborgs visgrupp
Q59197132,ᑡlepsydra
Q114757276,100% Pure Poison
Q16110652,Croatian Radio and Television Symphony Orchestra
Q11317345,
Q126961250,Soċjetà Mużikali San Lawrenz
Q109289153,Totalement Sublime
Q2421844,Orchestre des Champs-Élysées
Q2917072,
Q12361427,Estonian National Male Choir
Q133868388,
Q11236272,NYCboys
Q85809788,Tiny Hearts
Q10716237,Vit päls
Q5689870,Headpins
Q31200771,
Q11684566,Affabre Concinui
Q128996049,Three Girls Revitalizing Asia
Q115691391,
Q65166128,
Q65030116,Sobchak
Q113318293,Hobo
Q15053441,Hilera
Q9361915,Trupy
Q2569120,Wiener Tonkünstler-Orchester
Q65030559,Rico Et Ses Amis
Q56389115,Float
Q2245406,
Q680812,Malign
Q3943415,SAMO
Q18167911,The Inflation Kills
Q10594723,Natacha & Dominique
Q7722637,The Choir of Hard Knocks
Q130903381,Caplin & Massiah
Q3413681,Quatuor Manfred
Q3200797,Kwak
Q13014805,
Q17192521,Ensemble Genesis
Q85973837,
Q133932560,Bremerton WestSound Symphony
Q4929416,Blue Matter Band
Q97572755,Jazzberry Jam
Q114559326,Fhoi myore
Q106946193,Qutbi Brothers
Q61362978,Nonguayaz
Q2692222,
Q12272811,
Q7711646,TheLights
Q7562327,Sons of Maxwell
Q4930330,Bluegrass Album Band
Q12124263,
Q133855850,Disembodied Tyrant
Q60740786,Our Time Down Here
Q117174326,Team 6x111
Q12253891,Ardi Galduak
Q20105835,
Q4342309,
Q55662804,
Q132200559,Caleb & John
Q118955911,
Q16829508,Deutsche Bachsolisten
Q21501446,Stash (USA)
Q1246009,Dornrosen
Q108072778,Roy Milton and His Solid Senders
Q115621909,White Beast
Q28000842,Graubünden Chamber Orchestra
Q48699732,Brohug
Q64749820,DEL48
Q135071026,The Rebel Riot
Q116312149,Backstage Pass
Q61061591,Dodecahedron
Q11728288,Jorrgus
Q24988360,Equations of Eternity
Q1972132,Helsinki Philharmonic Orchestra
Q137698025,Toi Toi Toi
Q3080412,Frakass
Q98215290,
Q55470288,"Típica Los Provincianos,"
Q128356791,Strawberry Hat
Q11710147,Hotel Persona
Q86125536,Axioma
Q5180079,Coyote Oldman
Q134582084,Lowen (band)
Q11698056,Filip Wojciechowski Trio
Q11665608,
Q13495691,
Q7743030,The Jazz Epistles
Q15850967,Time Project
Q100490528,Abaton
Q7749106,The Low Frequency in Stereo
Q63208506,
Q121788729,Banda San Gabriel
Q83306469,Los Mil Jinetes
Q3413714,Quatuor de saxophones Jean-Yves Fourmeau
Q115959532,REIRIE
Q10494948,Fidget
Q65081579,Young Hunting
Q2556468,Netherlands Chamber Orchestra
Q11275178,
Q5562824,"Gina, Dale Haze and the Champions"
Q12373030,
Q107574815,Sitting Duck
Q102176346,
Q133500187,Meiji University Symphony Orchestra
Q7227074,Polytechnic University of the Philippines Laboratory High School Chorale
Q12408645,Lchaim Tish
Q3246552,Man on Fire
Q97376150,
Q104739997,
Q28441334,The Eternals
Q11857991,Ensemble Tirana
Q2887301,Bass click
Q65028658,Extrafish
Q840883,V.I.P.
Q100490717,The Stockings
Q125748248,
Q5167318,Cool James and Black Teacher
Q134876089,U³
Q20551662,Eljudner
Q106928717,Lockgroove
Q10852316,Real-Us
Q18381066,Dears
Q28676891,Bobi
Q104776167,
Q3425655,Bohuslän Big Band
Q19961834,Gestir
Q11230008,Letit Go
Q131410427,
Q135649991,Northern Lights Drum and Bugle Corps
Q125778238,Frenètic
Q5123558,City of Adelaide Pipe Band
Q114842523,Muteual Mortuary
Q14496720,Tony Junior & Nicolas Nox
Q106212109,
Q4633347,2 Live Jews
Q10865226,
Q9195647,Completorium
Q25490320,Strong Black Coffee
Q15938986,
Q30603260,Sud
Q2782392,Arcady
Q7336936,Riul Doamnei
Q20105440,
Q3350225,
Q5016998,Caesar Palace
Q5136454,Clubber Lang Band
Q8021245,Williamson Voices
Q96397906,"Overhead, The Albatross"
Q123391587,Railgun
Q11190057,agehasprings
Q3233481,Les Kitchs
Q99703541,Ball State University Jazz Band
Q57830600,Melo-Edge
Q11289645,
Q4050675,Tales of Darknord
Q7540934,Slipping Stitches
Q3304946,Melatonine
Q6604756,Habalyanim
Q11916795,Dekrèpits
Q4890743,Benz & MD
Q4059189,Symphony orchestra of the Crimean Philharmonic
Q106314327,
Q101246356,Cidade Dormitório
Q7645253,Sura Chamber Choir
Q25500508,VIS Dominik
Q25489171,
Q7171768,Petar i Zli Vuci
Q5520682,Gandhi
Q105672906,
Q10437057,Bröderna Lindqvist
Q6735586,Maihar Band
Q12090809,
Q25056308,Code 5
Q12745558,In Vivo
Q10341619,
Q5615103,Guesstimate
Q61389901,
Q13014640,
Q1746074,Strauss-Quartett
Q106969501,Prospa
Q108974480,Lingewaards Mannenkoor
Q10364514,Rosa & Rosinha
Q61393902,
Q30929927,Prettos
Q131441303,Hell in the Skies
Q17510651,Columbus Saints Drum & Bugle Corps
Q61827514,The Lovers of Valdaro
Q25414516,Katedra
Q2878911,Bagad An Hanternoz
Q15307975,Mascarimirì
Q2073260,Tokyo Ghetto Pussy
Q120498359,Able Baker Fox
Q13024140,
Q18661843,Salon Viihdelaulajat
Q101082919,Tomasz Stańko Septet
Q48724113,The Raleigh Ringers
Q65133777,
Q28233713,Dead Soul
Q10855612,Gunma Symphony Orchestra
Q19383055,No Spaghetti Edition
Q139757338,Nelson's Cornet Band
Q110069448,
Q24324489,Esprit D'Air
Q18960260,GÄA
Q19393474,Tubesnakes
Q136695972,Nagasaki Symphony Orchestra
Q104108177,Schola Musica (New Zealand)
Q30589409,S7N
Q11802588,Pancerne Rowery
Q138824561,
Q15058723,Accademia degli Astrusi
Q110284134,Cement
Q111784769,Erroll Garner All Stars
Q83593389,Blarf
Q107611339,Trio Granados
Q60999943,
Q10550578,Kurt-Sunes med Helveteshundarna
Q7552041,Society Suckers
Q21485715,Guntzepaula
Q125184422,Kleinschmager Audio
Q30915480,Sitio Rouse
Q60764837,JVC Force
Q1513431,Piano possibile
Q20448457,
Q2483941,Amazon
Q10892029,
Q90404649,Hiromi’s Sonicbloom
Q6398233,keyboard section
Q12141275,
Q125697012,Perpetual Motion
Q2593315,
Q55467161,"Milando Fertango,"
Q28690133,The god and death stars
Q125583957,Starfish
Q126083375,G22
Q99998638,Coro I Crodaioli
Q110069583,
Q11960915,Bever
Q3135379,High Powered Boys
Q110723003,Echo Collective
Q24886422,Grave Declaration
Q3538714,Triangulo Oscuro
Q2849546,Angers-Nantes Opéra
Q22250667,Airlines
Q137010042,
Q96614544,
Q3129449,Heimkveld Kunst
Q5188309,Cross Hard
Q1802265,Landesjugendchor Thüringen
Q129211219,Superuva
Q50137536,
Q105620811,
Q6164158,Vivanativa
Q14499689,Tozzi & Raf
Q1768446,Leipziger Vocalensemble
Q3482407,Shkoun Hadouma
Q9346103,Storm Warning
Q11183143,Cairokee
Q53093269,Trio Aura
Q55466033,Dúo La Propina
Q127279338,CHANTS LIBRES
Q136565013,Martin-Luther-Kantorei
Q1375985,
Q17218470,RATHER UNIQUE
Q65015118,Worber Volksmusikante
Q16158553,Down & Dirty
Q9363447,Tychowianie
Q108044151,Sumargleðin
Q3486892,Smash Hit Combo
Q99543295,Checkmark
Q12072075,
Q12311658,Flopstarz
Q1687002,Jenny & Jonny
Q131449894,
Q16961189,London Oriana Choir
Q789221,Autotune
Q12268322,Txanbela
Q5321440,E-Play
Q13654856,
Q7930834,Villainy
Q15976091,Pirum
Q123737614,Vocal Vibrations
Q85873985,Igd al-Jalad
Q61365417,Arrotzak
Q134455138,Yeastie Girlz
Q108028176,Bûûmdroegers
Q20262030,Tensta Gospel Choir
Q3321459,Monsieur Roux
Q96652070,
Q20828355,HunterZ
Q26808357,White Shit
Q6462244,La Diva
Q120335747,
Q30199363,Revolt Klan
Q4046413,Para bellvm
Q110069592,
Q5101767,Chiquita
Q19745413,
Q5105265,Chorus Angelicus
Q7653088,Swallow
Q20520937,Pihalni orkester Koper
Q109598041,iScream
Q2037713,"Koninklijke Harmonie Ypriana, Ieper"
Q23892604,TwoFourTwelve
Q16607114,
Q7101158,Oregon Crusaders Drum and Bugle Corps
Q11994209,
Q12904436,Timesand
Q39074272,Lipka
Q136744240,Die Denkedrans
Q30590706,Like Pacific
Q123692368,Canberra Youth Orchestra
Q48699208,Love at Last
Q6435349,Kozmetika
Q3305292,Melville
Q16885994,Sweetsalt
Q1593588,Heeresmusikkorps 12
Q19908485,State Wind Orchestra of Russia
Q11305099,
Q135664870,Raditori
Q10901566,
Q17217019,BOYZBOYZBOYZ
Q48760690,Seiji Ozawa Festival Ensemble
Q2510257,
Q105627947,Jarŋŋa
Q131783092,The Drill
Q12368304,
Q11196547,Darlin'
Q11310123,Junky Monkey Babys
Q12019891,Hoboes
Q7560620,Son del Montón
Q11854897,Candomino
Q1741198,German Jazz Masters
Q2347575,BBC National Orchestra of Wales
Q12261356,Kasu!
Q2617564,Koninklijke Fanfare Brass Band Kempenzonen
Q43779396,
Q110407190,Labyrinth
Q10720325,Wisex Pistols
Q6978267,National Schools Symphony Orchestra
Q11762627,Los Trabantos
Q3221689,Le Concert d'Astrée
Q24962788,Los Mier
Q137249067,171
Q84609787,Silva y Villalba
Q23542784,
Q124896773,
Q133794546,КеН-Guru
Q98446916,Yemen Blues
Q29586442,Bo Doerek
Q11578156,
Q7273300,R.A.C.L.A.
Q6746520,Mana ERG
Q11825222,Poszukiwacze Zaginionego Rulonu
Q124740775,
Q9356103,Opera Lubelska
Q18480283,
Q31886723,KKPA
Q2850088,Animo
Q123475009,Brentford All Stars
Q3459705,Sly
Q18224503,Orquesta Típica Yukalpetén
Q7549633,Transbalkanica
Q6117925,Salón Victoria
Q85807729,The Leylines
Q102316546,Robin Hood Dell Orchestra of Philadelphia
Q6407202,Kill the Frontman
Q13015587,
Q130542490,Charmpit
Q25455974,Wolf Shaped Clouds
Q138036153,
Q57830572,The Piper-Ettes
Q3618757,Antiphona
Q1358624,European Union Youth Orchestra
Q127699497,The Belair Lip Bombs
Q11193648,CONTACT
Q97193549,Coetus
Q13866623,
Q6412392,King of the Slums
Q7180554,Phantom Dog Beneath the Moon
Q115618707,Orquesta del Tango de Buenos Aires
Q106253965,
Q19744724,Åstolpojkarna
Q48772880,Nisea
Q39074473,Dufresne
Q20523205,Day out
Q60448052,
Q99532295,Ehrenfelder Kinderchor
Q116291170,West Coast Get Down
Q10695817,The Soulshake Express
Q121167545,
Q6024818,Indigo jam unit
Q107675888,Fire in Little Africa
Q10695373,The All Janet
Q5193168,Culto Oculto
Q57830638,Frenzy
Q876777,Wiener Singakademie
Q96216977,Bleu Jeans Bleu
Q134028594,
Q111513220,United Continuo Ensemble
Q3234498,Les Passions
Q16536685,
Q65204814,
Q18613798,Kakofonías
Q111651624,
Q19855110,
Q16846786,Shep's Banjo Boys
Q7918067,Veell
Q55608939,Dancing On Tables
Q2699773,Belgrade Philharmonic Orchestra
Q25430180,
Q10587445,Mofeta & Jerre
Q16158814,Ivanov Down
Q80305030,GSPD
Q48758346,Lacroix Despheres
Q9344076,Stare Miasto
Q11233207,MIDIMIDI
Q3054156,La Cream
Q7718005,The Bills
Q3342216,Nitro Microphone Underground
Q11754688,Wrocławska Orkiestra Kameralna Leopoldinum
Q31188101,6nemen9
Q27679164,Knucklebone Oscar & The Shangri-La Rubies
Q124497074,
Q135206058,Sweetwater Rain
Q138529485,Hidden Strength
Q117196226,John Oakley-Smith
Q7099144,Opéra-National
Q12888307,CHLOROFEEL
Q21588700,Mèlt Quartet
Q132780927,Áivan
Q47761539,Liberale Fanfare De XXXIV
Q5041933,Carlos Chavez String Quartet
Q91020216,
Q6689447,Louisville Bach Society
Q26110548,Sino-British Orchestra
Q2966832,Chronochromie
Q4852047,Ballycoan Pipe Band
Q4044550,Moscow Grooves Institute
Q15987184,The Spitfires
Q6591334,Bulevar
Q10291715,
Q48756816,Hinterland Jazz Orchestra
Q125416817,The Unknown
Q2312158,
Q13014846,The Olarn Project
Q18624374,Fyre!
Q113926491,Vaaralliset huulet
Q122927067,Bazaar Boutik
Q85747523,Black Irish Band
Q139300794,thisdogllhunt
Q28478004,The King's Men
Q11785480,Mordy
Q118114804,Dark
Q10695841,The Telstars
Q12266382,
Q3211793,La Pompe Moderne
Q6714266,MAMADOU
Q5422963,Eyot
Q16097726,Jiggy Fellaz
Q136955687,Font
Q105426940,
Q56811262,The Smurfs
Q5304308,Dr. Octagon
Q15794679,Collegium Musicum
Q13101524,Andromeda Mega Express Orchestra
Q28407647,The Young Caucasians
Q7771921,The Valentino Orchestra
Q73961876,John James
Q139762656,Piikani Brass Band
Q11982046,Kristian Haugers orkester
Q115794124,Jama Music
Q104869965,Wax Idols
Q1980172,Neuer Kammerchor Heidenheim
Q76510879,
Q115608209,Deathroll
Q72526486,The Toms
Q7755194,The Open Up and Bleeds
Q136680863,Joseph Chamber Orchestra
Q10843045,White Stars
Q7783376,These Five Down
Q20175286,Bezbeli Apstraklije
Q9035070,
Q9192005,
Q10336165,Nenia C'alladhan
Q118719477,Amber Revival
Q11567945,Kumamoto Symphony Orchestra
Q74950151,Mojo Filter
Q12891435,Harmonie Evangelique
Q24950557,Riggi & Piros
Q133498125,Tomin Symphony Orchestra
Q60554604,Xaximiku
Q4817374,Atomizer
Q28531328,Chamber choir Hugo Wolf
Q7732974,The Fab Four
Q45910616,
Q39057259,Villiers Quartet
Q20104088,
Q138023732,LIVE UNION
Q99676733,The Dox Orchestra
Q116918436,Shormey
Q113120704,Local Bylaws
Q55692386,Marco Polo
Q56356566,
Q139762554,Pictou Brass Band
Q11280081,
Q6487430,Lansing-Dreiden
Q6157776,Japan Philharmonic Orchestra
Q20254284,
Q10796554,Mat Ngoc
Q3360393,Frifot
Q82091360,
Q105710659,
Q8058159,Young Harmony
Q79743570,Petit Rabbit's
Q4241866,
Q12263882,Mundo Insociable
Q3108622,Glaz
Q2410954,Bratisla Boys
Q3388267,Pigalle
Q109416913,
Q125209372,Victor Salon Orchestra
Q2068104,Pellegrini Quartet
Q22921325,Ringorrango
Q4035422,Brilliant Coldness
Q5843959,SugarPop
Q7589461,St. Laurence O'Toole Pipe Band
Q10516924,Hammer Hill Click
Q126948121,Soċjetà Filarmonika Santa Marija
Q20105441,
Q111956138,MXM and Wolf Cousins
Q55459688,"El Berretín,"
Q61389242,
Q15877824,
Q107641783,Freddie Hubbard Quintet
Q711961,Cherry Boom
Q57830616,Chicago Fire
Q1795843,Kölner Jugendchor St. Stephan
Q96192947,Desolate Heaven
Q2448690,Trance Allstars
Q131411293,Woolston Brass
Q6529856,Les Percussions de Guinée
Q139886878,Acapulco Tropical
Q122985552,Greenhouse Ensemble
Q12007340,Treasuer
Q105334448,BluVinil
Q13034625,Dog Detachment
Q4652661,AMK
Q24941283,
Q15789820,
Q2500509,
Q3316679,Missile 727
Q97220565,Waseda University Chorus
Q5976662,I Concur
Q61057849,White Explosion
Q6378812,Kaunas State Choir
Q55604807,Band of the National Guard of the Republic of Kazakhstan
Q1751046,Quintessenz – Leipziger Querflötenensemble
Q66836736,UC Berkeley Symphony Orchestra
Q109360418,
Q11444881,Kikeiji
Q121094387,
Q12048930,Ratiškovská Dolina
Q4037033,
Q139762634,Buckingham Cornet Band
Q2728576,Miss Montreal
Q65411407,Evan Band
Q97155852,Super Duty Tough Work
Q109416900,
Q18393713,The Remedies
Q97277097,
Q16536572,"Cattedrale di Lucca. Coro della cappella ""S. Cecilia"""
Q97369469,
Q9250249,Ecstasy Project
Q122233482,
Q31188181,The Icer Company
Q109496865,
Q110069391,
Q7100271,Orchestre de chambre de Neuchâtel
Q2961936,Checkpoint 303
Q111089392,The Band Of Endless Noise
Q10520404,Hellzephyrs
Q4950149,Bourgeois & Maurice
Q13446818,Buttons & Bows
Q99671186,California State University Jazz Band
Q7751856,The Modern
Q12831064,Sahar
Q3241539,Lingouf
Q136088824,
Q7243618,Primordial Undermind
Q30895322,
Q3208558,La Familia
Q20551691,
Q120335571,
Q121303014,Closet Space
Q55640320,Leif Erikson
Q16931836,Reo Brothers
Q12261677,Kung Funk
Q128792146,Crisis Era
Q109936580,De Útlopers
Q106725855,Chopper One
Q7160456,Peerless Quartet
Q111911741,Foreday Riders
Q123035570,Di Fumetti
Q18430367,
Q133500195,
Q4195069,Drug Moj Gruzovik
Q5384985,Eraso!
Q12019317,Hazydecay
Q16820969,3epkano
Q10703939,Trio Patrekatt
Q5937118,Human Error
Q8046234,Ya Ho Wha 13
Q31884534,
Q62872418,Disney Studio Orchestra
Q115517413,Black Coast
Q120335742,Hakoniwalily
Q124855952,
Q3521471,The Kilfenora Céilí Band
Q117857289,
Q105424039,
Q28665753,
Q30593830,Million Dollar Reload
Q125184540,Heartbreak Engines
Q7714272,The Armada
Q9357679,
Q7720483,The Bucks
Q7366176,Rooibaardt
Q48744366,The Franklin Electric
Q10677616,Starlight Drifters
Q2284485,Sierra Leone's Refugee All Stars
Q48780830,
Q9076569,
Q17108546,San Antonio Opera
Q11231894,Monobright
Q104906524,
Q6410227,Kimono Draggin'
Q7564975,Soundstreams
Q4663345,Abana Ba Nasery
Q122397225,Bulldoze
Q78811528,
Q107440084,ZO2
Q10425587,Balsam Boys
Q123261578,Hartkorn
Q108872220,The Joy Boys
Q5324665,EX-3
Q10659368,
Q131703707,Los Retros
Q66810017,NeoKlez
Q21057292,Philharmonie Festiva
Q7743514,The Jono El Grande Orchestra
Q18243782,Kollezhskiy Asessor
Q114007503,NFM Wrocław Philharmonic
Q5455750,Fitzwilliam Quartet
Q139008636,Mako
Q22986358,Pixie Paris
Q1227319,Odjila
Q6052436,
Q126210132,All Star Stompers
Q11197955,Exiles
Q14525533,
Q113600807,The Ramlees
Q3484540,
Q11656253,Kansai Nikikai
Q65032666,Accademia Barocca Lucernensis
Q15843568,SFB Big Band
Q47227383,Sapo
Q11249888,TOSHI with T-EARTH
Q112670401,GILTY × GILTY
Q130528062,
Q4047314,Prattica Terza
Q7928532,Vietnam National Symphony Orchestra
Q120335634,
Q13918308,
Q86753229,Public Security Police Force Band
Q11739205,Killaz Group
Q23304589,
Q120335654,
Q11317899,
Q5123978,City of Washington Pipe Band
Q2845254,HERMESensemble
Q12058826,The Danny B. Blues Band
Q105576141,Northwest Mahler Festival
Q68785368,Roachford
Q7339626,Roads
Q12776202,Slniečko
Q97342309,
Q42607,Croatian Radio and Television Tamburica Orchestra
Q16323725,Horne Mandskor af 1845
Q110069579,
Q16616695,Pasabordo
Q65062390,The Sadista Sisters
Q99292323,Ad'arron
Q1324288,El Madmo
Q2041366,
Q12267537,Soroak laukoa
Q9253756,Empatic
Q7767239,The Sultans of Ping FC
Q24069427,Billie Idle
Q25495603,Stara mama bend
Q5303040,Down to Mars
Q13509996,DJ Peter Project
Q6313287,Junior Guilders
Q139757251,Biggar Brass Band
Q6421694,Kmetoband
Q31888375,Excess
Q127694561,Incision
Q48878140,Românticos de Cuba
Q7101264,Oregon Marching Band
Q51028910,Sinfonie Orchester Schöneberg
Q2878958,Bagad ar Meilhoù Glaz
Q12407543,
Q11196129,DOIMOI
Q48945186,
Q130856537,The Spoiled
Q11224267,Bokomara
Q107606270,
Q24897506,
Q1344294,Ensemble Cantissimo
Q30646717,Perfect Blue Sky
Q600469,Orchestre Philharmonique de Radio France
Q54554378,Baek Ye-bin
Q12261511,Kloratita
Q3258065,
Q3232225,Les Délinquante
Q136102055,
Q3550743,United States Marine Band
Q1232211,Djoloff
Q106483531,
Q11249480,TK state
Q12815695,Populär
Q3885027,Orchestre Stukas
Q9163343,B.O.K
Q3388748,Pink Jaguar
Q11692583,
Q16959742,Oakville Children's Choir
Q101003751,The Cundeez
Q17215528,PATCH WORK LIFE
Q97175721,
Q16056630,Dhamakapella
Q10380027,Templo Soul
Q6085942,Isolation Ward
Q99480889,Monsoon Of Cairo
Q2823323,Acidgroov
Q48702315,
Q97180886,Jaspers
Q85870565,
Q139762516,Killarney Ladies Silver Band
Q118780417,Ell Sol
Q28668818,Phidge
Q17639569,Sudden Death of Stars
Q136705743,Ensemble Bridge of Sound
Q54834124,Phony Ppl
Q105694597,
Q9371192,
Q136432761,
Q106412457,Jerry Alfred & the Medicine Beat
Q28804286,Aggressive Combat
Q55470289,"Típica Select,"
Q20643948,Quatuor Psophos
Q28233683,The Family
Q84763107,Higher Power
Q2056598,Pat und Paul
Q11726567,Chorea Bohemica
Q12272959,Barabi Blues Band
Q108675049,
Q98636579,Evolfo
Q16842921,Hibernian Orchestra
Q124362589,Kékélé
Q48076782,Nightman
Q3520076,The Boy Hairdressers
Q108151252,Máida and Marcelo
Q55460337,"El Tranvía,"
Q10593543,
Q13175772,Marsis
Q11222549,Kaori Kadoguchi
Q106266880,For Meget Productions
Q4929063,Blue Dolls
Q139781196,
Q7732055,The End
Q55315985,Bonray
Q17748527,American Suitcase
Q119513719,ChaoBambino
Q10342045,
Q130214372,Chorgemeinschaft Schutzengel
Q131295720,Ocarina Orchestra
Q96482691,Xaloc Música
Q16950912,Ma-V-Elle
Q110895148,Kitchener-Waterloo Symphony Youth Orchestra
Q137504675,
Q104713838,
Q7486174,Crimson blue
Q2325552,Staff Band of the Bundeswehr
Q105544042,Mira & Adam
Q5288817,Dol Theeta
Q10430831,Hoople
Q5212259,Swedish Radio Choir
Q13034316,Beeskraal
Q65250824,
Q135826653,
Q119709644,Silver Moth
Q23893105,Bruno & Barretto
Q17231922,NeoBallad
Q31277611,
Q113427638,"Thank You, I'm Sorry"
Q17986540,Climbing Trees
Q12620568,Korean National Symphony Orchestra
Q138807283,Dean-o and the Dynamos
Q2819967,A Witness
Q18163622,Satan Takes A Holiday
Q5310461,Dub Colossus
Q10350745,Pogodno
Q121604641,Simeon Soul Charger
Q3513525,Taboth Cadence
Q139762543,Church Lads' Brigade Brass Band
Q9137123,
Q3492690,Spare Snare
Q131578516,Downstait
Q10684192,Susann Nordströms orkester
Q10512625,Göingeflickorna
Q65032607,Clapophonic
Q12307954,Dead End City
Q3693907,
Q11914381,
Q130651686,The Funeral Portrait
Q11740059,Klezzmates
Q24075545,XO Stereo
Q48698692,Roberto Delgado & Orquesta
Q123995911,Batec (band)
Q10450877,Chocolate Barry
Q4110708,Species of Fishes
Q120335584,
Q109538918,Sarah and the Safe Word
Q11315725,
Q51029220,Trio Oreade
Q7499834,Shock Orchestra
Q15905929,Christussänger
Q2877367,BP Zoom
Q11283580,Česká píseň
Q105884662,The Last Ones
Q105396913,
Q125867262,Jason Bonham's Led Zeppelin Evening
Q20438562,Plazmabeat
Q819876,
Q136029949,Sina Bathaie
Q6100699,
Q7649261,Suspicion Breeds Confidence
Q3693855,Coro Monte Cauriol
Q113076491,Regenbogenchor Hamburg
Q91634954,Coolooloosh
Q31360370,Luboyna
Q2868708,Asō Mamiko & Captain
Q124391933,Do Nothing
Q107463239,Walker McGuire
Q115864017,Blue Line
Q6458778,
Q4774784,Antigua Carnival
Q21426163,Shuffle
Q11995564,Pezz
Q17151369,The Buzztones
Q130353140,
Q4656532,A Dog Called Ego
Q3603891,Academia Montis Regalis
Q4835066,BBQ Chickens
Q110048948,
Q33836732,Hoera.
Q3350073,Okoumé
Q17071587,Young Pharoz
Q11197606,ELEKITER ROUND 0
Q5529599,Gece
Q12018816,Haas Ensemble
Q5644864,Hamilton Caledonian Pipe Band
Q4794244,Army School of Bagpipe Music and Highland Drumming
Q86756411,Vallejo Symphony Orchestra
Q28719574,Trondheim Storband
Q58494429,YBN
Q20871012,LemonBeez
Q3492364,Souvaris
Q1319655,The Prison Band
Q3483047,Sicknotes
Q535269,Bulgarian Women's Choir--Angelite
Q10539702,Jarsefolk
Q96400879,RCAF Overseas Headquarters Band
Q133500507,Balkan Chamber Orchestra
Q86683129,
Q96372946,Bacchae
Q838410,Dave and Ansell Collins
Q112945230,
Q135111394,Hyper Potions
Q113432666,Dimphonic
Q105541194,
Q7444737,Sectorseven
Q125458116,Arc-en-Ciel
Q18111996,Funky Brothers
Q20104069,Orfeó Atlàntida
Q113298204,Salem
Q16187568,Cirkus Modern
Q3207243,La Chapelle Royale
Q3539393,
Q82529784,echomora
Q105200115,
Q11069343,Champion Band
Q112977060,
Q110069610,
Q4220209,Kyiv Chamber Orchestra
Q4047962,Radio Chacha
Q107192652,Northwest Girlchoir
Q3207046,La Caravane Passe
Q1472377,Örökség
Q7694082,Teddy Robin and the Playboys
Q135244416,The Velveteers
Q31187964,Marruma
Q9167969,Beale Street Band
Q16641776,Heymoonshaker
Q11306602,The Dynamites
Q3338304,Neptune Towers
Q17518509,The University of Copenhagen Symphony Orchestra
Q10518737,Heart
Q20646536,Tallinna Töölismuusika Ühingu sümfooniaorkester
Q76153967,
Q130259657,Still House Plants
Q24958166,Sleeping by the Riverside
Q7845381,Trompies
Q106333906,
Q108195784,Blacksmith
Q10708270,U235
Q5526222,Gary and Dave
Q48849084,After Party
Q18167977,National Youth Orchestra of Canada
Q11936425,Melodrama
Q109603312,
Q3491535,
Q134053333,AvaLuna
Q2860699,
Q61062531,
Q48755378,
Q16520756,Adagio
Q11751609,Kwartet Jorgi
Q13745064,
Q130381446,Dragon Pony
Q105089763,
Q105433605,
Q6586762,Observe & Control
Q139762512,Elkhorn Brass Band
Q10402086,Affordable Hybrid
Q1069335,Otowa Yurikago Kai
Q30637267,Fern Knight
Q5602427,Green Concorde
Q109254044,Čhavorenge
Q13024148,
Q136361440,Allt
Q127271344,Sound the Alarm: Music/Theatre
Q3549221,Uncommonmenfrommars
Q7728296,The Cruzeros
Q97159374,
Q12072586,Suphina Dentata
Q11978516,Jeroan Drive
Q137777764,VOICEBOX Opera in Concert
Q7109041,Otrazhenie
Q12120167,
Q138035113,
Q4553518,17:28
Q7896573,University of Washington Husky Marching Band
Q11566527,Seto Philharmonic Orchestra
Q135934780,
Q109177084,Orchester Stedelijke Harmonie
Q12005032,taakaferd
Q24962700,Morton Fraser's Harmonica Gang
Q10696988,Thor Görans
Q115628307,Maracatu Nação Estrela Brilhante
Q137398330,
Q18159966,Consortium Project
Q24837622,
Q11194388,Ceiling Touch
Q11188993,AGGRESSIVE DOGS a.k.a UZI-ONE
Q67247916,
Q85872651,
Q6450826,Sokyra Peruna
Q31197576,
Q20559059,Ženevski dekret
Q7727762,The Countdown Singers
Q123532248,El Grupo Sexo
Q139022685,Khoisan
Q116971298,Hot Spit
Q109296736,
Q109392531,
Q18430274,
Q61365418,Polybius
Q28678976,Pedro e Os Lobos
Q2978720,UvA-Orkest J.Pzn Sweelinck
Q4042669,
Q12100895,
Q7718544,The Blanche Hudson Weekend
Q30123438,Bagad Nozeganed bro Porh Loeiz
Q22909334,The Forest Rangers
Q810415,Basler Streichquartett
Q109364202,
Q3020562,Dead Means Nothing
Q85741802,Annabel
Q13409443,Coral Aita Donostia
Q69497037,First Tone
Q21028350,Antiquarks
Q10340017,Objectivo
Q47303104,Nagart
Q115660177,Emily Rose
Q7452243,Septembre
Q113450054,Sweet Pill
Q139494744,June Hawthorn
Q85863552,
Q3693875,
Q16239936,The Face
Q107803022,TEKE::TEKE
Q136442765,Orquesta Sinfónica Ciudad de Getafe
Q118257104,Blind Delon
Q28169548,Tanbe10
Q107463584,Edwin J. McEnelly's Orchestra
Q4973351,Broken Door
Q65029026,Dani Hartmann Quintet
Q25436015,Natural Spirit
Q5706424,Arsgoetia
Q3107619,Girl's Tyme
Q5894938,Hermanas Benítez
Q20890060,Ttukunak
Q12005487,Tennis
Q105531764,André e Felipe
Q13406972,
Q11605677,
Q92459468,
Q39053482,The Tearaways
Q66745826,Trio de Barcelona
Q10319814,Los Tiburones
Q25443692,
Q104880479,Frock Destroyers
Q15975118,Absolut Deafers
Q122460005,
Q2063778,"Regimentsfanfare ""Garde Grenadiers en Jagers"""
Q6059691,Pangur Bán
Q130308245,Carl-Philipp-Emanuel-Bach-Chor Hamburg
Q7488945,Shannon Rovers Irish Pipe Band
Q120805820,NorthSound
Q135831007,Polyphonic Choir of Patras
Q7447606,Seldom
Q12005877,Festivia Chorus
Q120682843,Covey
Q55292748,Christelijke Muziekvereniging Advendo
Q120335657,
Q9393319,Złodzieje Rowerów
Q116783466,Dog Fight
Q23541067,Mbongwana Star
Q104846598,Animal Scream
Q27704035,The Kingdom of Evol
Q111938366,Demon Queen
Q3566506,Washington Dead Cats
Q16239663,Iron Kite
Q136681527,Algerian Youth Orchestra
Q131275094,
Q5287967,Dodo and the Dodos
Q55138612,Chic Gamine
Q5160293,Confrontation Camp
Q138832453,Sky Valley Mistress
Q137271336,Wilderun
Q85760764,Fernando Colunga Ultimate Experience
Q11306419,
Q24190517,Moon King
Q106995559,Exit North
Q5507609,Fukpig
Q25492718,Young Israel Philharmonic Orchestra
Q124362492,Baekdu
Q137703929,Wolves of Glendale
Q48753746,Tru Cru
Q2923819,Branikald
Q136706748,
Q6497782,Lauda Musicam of Atlanta
Q56276650,Tall Friend
Q10715887,Violet Elegy
Q31188349,Niña Coyote eta Chico Tornado
Q56278524,Völur
Q12764223,Cosmetica
Q85987380,
Q65067997,Super Cruel
Q21568864,Barcelona Big Latin Band
Q11242294,S-nery
Q18481506,
Q51884180,Gälfiäßler
Q133500036,Ōita Symphony Orchestra
Q134053368,Meaxic
Q28452857,Belshazzar's Feast
Q9371733,Wały Jagiellońskie
Q113859774,Umbra Vitae
Q5147006,Collegium Musicum de Caracas
Q139762648,Midland Brass Band
Q2861581,Arkol
Q47093191,manager of La Scala
Q11324442,
Q3049644,Ekova
Q130266382,
Q4326930,
Q10684344,Svanevit
Q4780893,Appaloosa
Q15930032,The Samans
Q4216790,Cassiopeia
Q139757282,High River Industrial School Brass Band
Q1256624,Sapphyre Project
Q4239715,
Q7754283,The Nomadic Project
Q4454692,
Q18217112,National Youth Wind Orchestra of Great Britain
Q6053490,Orquesta no típica
Q136377778,Selangor Symphony Youth Orchestra
Q3338894,NewFound Road
Q117312591,Itoldyouiwouldeatyou
Q137357849,Soy Celesté
Q4330520,Obyekt Nasmeshek
Q4400563,Russband
Q139831413,Istintivo Europe
Q11340915,
Q116259319,Little Pieces of Marmelade
Q107588769,
Q48700668,
Q120693154,La Floureto det Balié
Q10612034,
Q65158329,
Q99518235,De Helderse Jantjes
Q127324877,Zberny 3000
Q16116026,Krle i Inspektori
Q57172933,Admiral Sir Cloudesley Shovell
Q125662494,Richie Roo Bear
Q4684089,Adolf Fredrik's Youth Choir
Q3046484,East-West Ensemble
Q3572454,Yoka Lokole
Q110895165,Oakville Symphony Youth Orchestra
Q86743940,Nerd Magnet
Q132360413,
Q61297332,Christelijk Bildts Mannenkoor
Q1560506,Henschel Quartet
Q3693825,
Q110069631,
Q16146677,The Almighty Punchdrunk
Q122640228,The Torquetts
Q5203281,D-Rok
Q12897581,T-Vice
Q4408354,
Q5057365,Ceilidh Minogue
Q15854191,
Q3062175,Explosion de Caca
Q5624005,Gyanmala Bhajan Khala
Q134053347,Dreamers Of The Ghetto
Q4957924,Brasse Vannie Kaap
Q11190201,amU
Q4034538,Atlantica
Q137557397,Spaceheads
Q7758579,The Prophecy
Q2979045,Cliff Edmonds and The Virginians
Q110393279,Identity Crisis
Q10590272,
Q821797,The Berlin Symphony Orchestra
Q133500892,Fukushima Citizens Orchestra
Q132599739,VII
Q107395062,Sly Withers
Q124004722,Grupo Codice
Q2727309,
Q97377705,
Q125847196,
Q10672646,Sneaky Pete & Cool Cats
Q9609926,Amarra Samba Swing
Q139412442,JAAW
Q89431145,
Q3347137,Néophyte
Q133544832,Medhane
Q1711282,
Q85757468,Dos Monos
Q7972738,Wassabi
Q28532469,Asper X
Q106483523,
Q11702651,Grupa w Składzie
Q139757295,Chemainus Brass Band
Q6488859,Lardpony
Q4037064,
Q48747624,MUGEN ROAD
Q7320593,Rhino Band
Q130363423,Nicolas Boulerice & Frédéric Samson
Q4411357,Transjoik
Q56411799,
Q10585175,Mike Wallace & The Caretakers
Q3355278,Toulouse Chamber Orchestra
Q16096943,Gwangju Symphony Orchestra
Q50196454,Folklorna skupina Sava Kranj
Q60999984,SENAI-SP Philharmonic Orchestra
Q18408023,
Q120335510,
Q12172350,
Q2301844,Koninklijke Harmonie De Verenigde Vrienden Moorslede
Q6492237,Las Hermanas Montoya
Q139795144,The New World Ensemble
Q126952440,Soċjetà Filarmonika Prekursur
Q10720717,Wu-Tang Killa Beez
Q2176054,Rundfunk-Jugendchor Wernigerode
Q16157097,Aisles
Q61362806,Folketan
Q3151373,Inner Terrestrials
Q110069400,
Q65069563,The Berries
Q109016672,Akad
Q99640416,Interstate Blues
Q131361741,Vachův sbor moravských učitelek
Q48702651,
Q96152036,
Q104623193,The Silesian Philharmonic Choir
Q10531257,Hägerstens motettkör
Q12259828,Iskanbila
Q5420401,Exit State
Q97223785,
Q28457622,Smokestack Lightnin'
Q12716228,The Shout
Q731369,Pain for Pleasure
Q112109936,Sees
Q55635286,The Him
Q105075441,Primera Nota
Q12256400,Drakken
Q3011471,DSL
Q139762529,Burtts Corner Brass Band
Q55469229,I Salonisti
Q134349139,Buncombe Turnpike
Q117225942,Savannah Wind Symphony
Q10400696,Acursed
Q12062416,
Q115658763,Association musicale de Vauvert
Q24027741,AquaBabes
Q104623007,
Q19879379,Hotel Mira
Q105199550,
Q7796836,Those Nervous Animals
Q139892538,Delaire the Liar
Q111708334,Knighthood of the Brewers’ Paddle
Q11222241,HARDCORE FANCLUB
Q85966541,
Q139676323,Nain Brass Band
Q139757291,Bute Inlet Brass Band
Q63115052,The Blockparty
Q10693478,Terror Pop
Q2944187,Cement (groupe)
Q103927200,Russian National Youth Symphony Orchestra
Q19388781,
Q10710217,Uppsala Kammarstråkar
Q12124256,
Q12300778,Akademisk Kor Kopenhagen
Q84939565,Ontario Traditional Singers
Q6092532,Kuvvetmira
Q2701020,Nederlands Kamerkoor
Q16113121,Prva ljubav
Q2748899,Inactive Messiah
Q122926878,Les Harry's
Q96408475,The Black Barons
Q11974823,
Q4206323,
Q133794564,Amba (band)
Q3791407,
Q65254775,
Q51226775,Sorcier des Glaces
Q11306467,
Q56508444,Drezden
Q4905692,Big Fish
Q7771843,The Users
Q10469868,Destiny Road
Q48075118,De Verenigde Zangvrienden - Wetteren
Q136222928,
Q11335518,Prague Chamber Orchestra
Q21758810,Xelle
Q131343782,Joyful Company of Singers
Q9192000,
Q65198349,Bella Technika
Q11854639,
Q17223892,Song Riders
Q139762678,Whitewood Cornet Band
Q5971513,II Volo
Q3120588,Guilty Razors
Q96409436,The Lickerish Quartet
Q3503668,Summer Went Too Soon
Q61362932,Sardeska
Q107862546,Zombie Blues
Q3191741,Kad
Q65059472,Rochell & the Candles
Q136165246,
Q12096765,Homin (choir)
Q13739710,
Q12317442,Hunch Bettors
Q11291625,
Q109828220,MC Soho and Kidney
Q56406183,
Q12310601,Escape Artists
Q48918399,TANA
Q20623163,Okke Hel
Q7400120,Saiko-Pod
Q107456572,Rain City Symphony
Q9337351,Siwy Dym
Q136464802,Royal Opera of Morocco
Q10437981,Burträskar'a
Q112748947,Cyril Cyril
Q3355300,Stabile Orchestrale Fiorentina
Q123179899,
Q28702054,
Q97173449,
Q111527121,Berlin State Opera
Q22788248,Kuss Quartett
Q99538533,Hololive 5th Generation
Q125184574,Lord Bishop Rocks
Q123737681,Setting the Woods on Fire
Q19977337,Üni Foreman
Q119475375,Wunderhorse
Q17711826,Nøtterøy Skolekorps
Q60471859,Musical Unit of the Spanish Royal Guard
Q120335646,
Q23500574,Copa Lotus
Q16427497,
Q124957383,
Q28703786,
Q116787314,Detour
Q20683897,Brendon Thomas and The Vibes
Q137194852,Mahmed
Q6099166,Kaygısızlar
Q24075533,Nobody Special
Q124896784,
Q3028491,Lite
Q22123502,
Q16522018,Mézga Aladár Sound System
Q129943525,
Q5297788,Dorian Gray
Q4036231,
Q6523003,Lenny Valentino
Q13572065,Christelijk Gemengd Koor Deo Cantemus
Q16826623,Chitlin' Fooks
Q115104282,
Q7676325,Taipei Symphony Orchestra
Q10709155,
Q13036350,Wasserfall
Q10593738,N-Liners
Q123137102,Harris Eisenstadt Canada Day Quartet
Q1483725,
Q11986633,
Q10632835,Planet Caravan
Q56278904,South African National Defence Force Bands
Q17128153,Random Access Music
Q2191316,Blade Loki
Q30052737,Sonika (band)
Q11752727,Lamont
Q136236133,Fake Fruit
Q10403171,Aggressive Chill
Q7899885,Urban Creep
Q24940937,Studencki Zespół Pieśni i Tańca „Katowice” Uniwersytetu Śląskiego
Q1802268,
Q61364609,Horzdun
Q1344254,Ensemble Konfrontation
Q16139580,
Q17020841,Swallow and the Wolf
Q48700387,Zex
Q61123374,Sneaky Pete
Q16487949,
Q2288977,Sinfonisches Blasorchester Ulm
Q125475544,Acrid Abeyance
Q57830571,The Shalimars
Q15052814,The Mend
Q11961695,Bløff
Q134473115,Harmonieorkest Staatsmijn Wilhelmina
Q12632806,ITD Band
Q9167203,Batalion d'Amour
Q104783312,
Q12636784,Mi
Q106214370,
Q10671468,Slaptones
Q20493041,Revolta Permanent
Q113076497,schmaz
Q106453634,
Q116447439,Mental Destruction
Q7280985,Radio Rats
Q2656162,Audiogroove
Q127279981,Soċjetà Filarmonika ‘La Stella’
Q137205933,Fatty Spins
Q3506120,Tirnavia
Q10569839,Los Bohemos
Q10382854,Tocá Rufar
Q60741246,Nice Horse
Q123860516,
Q16581370,Najlepszy Przekaz w Mieście
Q3493764,Spook & The Guay
Q11994011,
Q65012970,Pierre Favre Drumsights
Q10695531,The Evangelinos
Q785765,Funky G
Q138544262,New Constellations
Q139780559,FYP
Q825805,Théâtre Feydeau
Q65030089,Dusko Goykovich Joe Haider Quintett
Q16866644,Look Blue Go Purple
Q99542299,Collegium Vocale
Q7073108,OTT
Q85790402,Okanagan Symphony Orchestra
Q3008192,Cybersonik
Q99542293,Choral Society of West Georgia
Q1154071,Simón Bolívar Symphony Orchestra
Q7764325,The Silvertones
Q9358015,The Gruz Brothers Band
Q10341903,Os Charruas
Q20529916,
Q123135095,FANCYLABO
Q2826237,Afro Jazz
Q107060119,Equiknoxx music collective
Q95674612,Mendík
Q11266863,
Q18216900,Jerusalem Quartet
Q16408720,Estonian National Opera Boys' Choir
Q3472597,Santa Cruz
Q3107603,Giri Kedaton
Q3230499,Les Amis de tous les enfants du monde
Q98478750,Bundesjugendchor
Q16114643,
Q2028328,Oratorienchor Würzburg
Q2232028,Schaumburger Jugendchor
Q123377250,Corticoide
Q11197378,E-sound speaker
Q3481545,Shashamani Band
Q85763413,Ghost Ensemble
Q24940890,
Q85853405,
Q12522366,
Q20529704,
Q10282178,
Q12590434,Noise Mob
Q90712655,Stay Homas
Q16666556,
Q124369128,
Q24871245,Label The Garden
Q16518528,Cool Head Klan
Q107619289,X-teens
Q61107936,
Q139762621,Silverthorn Legion Silver Band
Q28001268,Bolívar Soloists
Q121096975,
Q61057996,Fire from the Gods
Q115570920,Joa Lwest
Q62086710,Spoiwo
Q104852141,Din fiv
Q109039043,
Q7209232,Poldervokaal
Q110895194,Stratford Symphony Orchestra
Q7574482,Special Beat
Q11288392,Winds
Q16113614,Zagrebački folklorni ansambl dr. Ivana Ivančana
Q133972276,Huelva Municipal Symphonic Wind Orchestra
Q136541277,Nine Inch Noize
Q109358139,
Q16847671,Inocentes MC
Q94577268,Mosaic MSC
Q55630847,Pussycat and the Dirty Johnsons
Q105098404,
Q11982859,LINK
Q97171187,
Q11190657,A・cappellers
Q16701577,
Q4051212,The Nightingales
Q91013411,Seelennacht
Q25556872,Tatarica
Q52557447,House Gospel Choir
Q30640352,The5
Q76193854,
Q110547995,Dead Amps
Q90827504,
Q1877317,Luna City Express
Q16536681,Chór Akademicki Uniwersytetu Technologiczno-Przyrodniczego w Bydgoszczy
Q3965386,Sour Milk Sea
Q119725830,The Cuban Brothers
Q6322795,K-X-P
Q139757274,Endiang Brass Band
Q11883455,Musarit
Q63670450,
Q12008054,Tysfjord Sang & Sement
Q56223992,DJ Sammy featuring Carisma
Q9265031,Ga-Ga
Q25411876,Smile
Q61403114,Arsis
Q131293213,Weapons of Peace
Q11953149,Trio B3 Classic
Q29644398,West End Kids
Q123138774,Dave Ballou Quartet
Q104359175,Philharmonic Orchestra of the Athens Municipality
Q4975680,Brothers Uv Da Blakmarket
Q26253622,Dolores Haze
Q11822557,Polski Mistrzowski Manewr
Q115802340,Lunar Vacation
Q11977813,Jackie Moonshine
Q109285468,Suture
Q7766342,The Stars From The Commitments
Q4086179,
Q3545802,AfterImage
Q18160000,Earthling Society
Q7720135,The Brilliant Corners
Q123260740,Cochren & Co.
Q138048231,Würth Philharmoniker
Q4827810,Avatar Orchestra Metaverse
Q110112862,Klak!son
Q12799522,PAZ Vinko Vodopivec
Q5101797,Chirag Pehchan
Q16249658,Futurians
Q10284485,Franchi Giorgetti Talamo
Q9169751,Bexa Lala
Q132758150,Narberth Choral Society
Q97173909,
Q696135,Arnold Schoenberg Chor
Q7072741,ONAR
Q21569051,Me and the Bees
Q20981940,Sinikithemba Choir
Q797950,Babylove & The Van Dangos
Q8564210,Folk Dance Ensemble Sanok
Q138026744,Silent Scythe
Q118645375,KAYTRAMINÉ
Q124285336,Chœur symphonique de Namur
Q117709960,Terrible 2s
Q24963055,Candy Claws
Q6410650,Kindred Spirits
Q3424330,Relic
Q11352081,Village Singers
Q1791566,Ilegales
Q2580500,
Q6031161,Anadolu Egyetem szimfonikus zenekara
Q1154089,Warsaw National Philharmonic Orchestra
Q93791137,Meadowlark
Q105672850,
Q16629876,Sektor 7
Q11355093,
Q6896296,Slot Machine
Q105518632,
Q108387097,Toi Toi Opera
Q7651724,Svartsyn
Q110069267,
Q814131,Beethoven Duo
Q17022725,Us Amongst The Rest
Q11524695,Midorikai Chorus Club
Q1887621,Luxembourg Philharmonic Orchestra
Q6540217,Liar's Rosebush
Q82003724,The Dalhart Imperials
Q13024309,
Q139602683,Mission Hill Brass
Q104640145,
Q12337776,Support
Q126367512,
Q18423825,
Q11962276,Brighton
Q138673666,Ridiculous Bitch
Q104643334,
Q83285117,APPolonovGang
Q10688431,
Q2862211,Armens
Q85979404,
Q123680602,La Diabla
Q25348995,Sydney Eloise and the Palms
Q11866395,
Q97349567,MY.st
Q7579160,Spooncurve
Q11793686,Nowi Polanie
Q2527156,
Q124460299,Spectrum Queer Choir
Q9390335,"Zespół Regionalny Nasza Wola"""
Q48700511,What's Missing
Q105488159,
Q110895124,Cathedral Bluffs Symphony Orchestra
Q4041638,
Q60791244,Il Pomo d'Oro
Q24836601,Midnight Ping Pong
Q122926036,Muhlenberg Chamber Orchestra
Q95396776,Wicked Jazz Sounds
Q107652583,Simon Park Orchestra
Q115058033,Suddenly Years Align
Q4854893,Bang! Bang! Eche!
Q112665787,Rigoberta Bandini
Q9189744,Chin's Calypso Sextet
Q6098639,Destan
Q708538,Berlin Staatskapelle
Q12071456,Kotra
Q56404275,Brat
Q61361887,Animal Blues
Q10522991,Heta linjen
Q16082351,SevdahBABY
Q11239661,Platinum Peppers Family
Q4876719,Bearfoot
Q110895116,Alberta Symphony Orchestra
Q28566181,Spoon 21
Q4699521,Ajam
Q8045989,YOA Orchestra of the Americas
Q18690072,
Q26361111,Bagad Kerne
Q15688863,Sochi Symphony Orchestra
Q2793375,Nederlands Studenten Kamerkoor
Q11189853,Azrael
Q7174945,Peter James Trio
Q10341621,
Q63208489,
Q63114656,Two Brothers
Q10680854,Stoned
Q10717000,Vrävarna
Q20278644,La Rêveuse
Q19976731,Fuck Frankie
Q51029301,Schlagerstars für Kinder
Q139757256,Bowmanville Cornet Band
Q107359597,
Q13196915,Murra
Q86611660,Vector Wellington Orchestra
Q7808046,Tinderbox
Q11733083,Kabaret OT.TO
Q107909679,
Q2943908,Celestia
Q4224465,
Q114147450,
Q4237866,Kraski
Q61983135,Capella Polifònica de Girona
Q10658589,
Q11690482,
Q131275192,
Q131191795,Been Stellar
Q11193714,CORTECUELLOS
Q12642100,Siledžije
Q7391302,SMS
Q132604152,Rok.wav
Q136334786,
Q115610569,International Strikeforce
Q28403723,Us-2 Evil-0
Q25633165,Aizam
Q5307001,Dresden & Johnston
Q3087898,Hubert Rostaing et son sextette
Q2897501,Baschet Brothers
Q113681834,Amputation
Q100349555,Asunojokei
Q118433945,COETUS ORQUESTRA DE PERCUSSIÓ IBÈRICA
Q57265479,Crisiskoor De Goot
Q16410785,
Q16838038,Fuzigish
Q117847931,
Q104530394,
Q4869041,Bathiya and Santhush
Q128659725,Eastern Sound Collective
Q6737885,Majik Boys
Q96083276,Les Passions de l’Ame (orchestra)
Q3802548,Island
Q61625354,Anna Lux
Q1324123,Trio Lignum
Q16822021,Atomic Bomb! Band
Q6098194,110
Q30729234,Les Blues Stars
Q113717676,Daniel Lloyd a Mr Pinc
Q5469938,Forma Tadre
Q16114625,Klapa Cambi
Q4926704,Blindoldfreak
Q139675686,Heritage Brass
Q139780773,
Q7257533,Public Relations Exercise
Q16158608,Epolets
Q105552250,
Q6055542,PVC2
Q28416665,"Ulyanovsk State Academic Symphony Orchestra ""Governor"""
Q115694111,Ars Nova Brass Quintet
Q5518414,Galenskaparna och After Shave
Q7733236,The Fallen Empires
Q39293386,Bagad Ploërmel
Q105711838,
Q5200366,Cypress String Quartet
Q104531139,
Q28024916,Charly Bliss
Q12257343,Etsaiak
Q4033661,Alai Oli
Q107030815,Moker
Q115311218,Brixton Cats
Q7937518,Vivace Youth Chorus of San Jose
Q10677618,Starmarket
Q3693891,
Q20467903,
Q11306654,
Q12756560,
Q136696036,Tokushima Symphony Orchestra
Q60792037,Earle and Coffin
Q29829854,Three O'Clock Train
Q114043711,Mozaic
Q85847367,Streets of Laredo
Q100980727,
Q16958568,Nocturnal Projections
Q774146,Persimfans
Q124838285,Rampa
Q133502168,
Q133552024,Helix Tears
Q7281048,Radio Silence
Q7050728,Nordic Symphony Orchestra
Q7752340,The Most
Q11282685,
Q7678019,Taken
Q105980453,
Q127294828,Għaqda Soċjali Mużikali Kristu Sultan - Banda Paola
Q139489619,Rhodokrosa
Q23023070,Carl and the Reda mafia
Q56203108,ZZZZ
Q12644144,Ultimatum
Q11229710,LUVandSOUL
Q56394083,Mawi Purba
Q85870590,
Q3064702,Fal Frett
Q96007188,Wylde Ratttz
Q6160536,Jarosekas Quartet
Q9362972,
Q104980388,
Q79667078,GS9
Q125947660,Koninklijk Philharmonisch Gezelschap Venlo
Q128600417,
Q30975189,
Q119144213,Le Fou
Q131672873,
Q26707594,Kurdish House Project
Q94948232,
Q11740866,Kogoto
Q120135116,Aalener Kammerchor
Q2270779,Rotterdam Philharmonic Orchestra
Q5457513,Flash Fiktion
Q56401432,
Q54871534,Carmen y Laura
Q133795011,Debosh
Q97754473,
Q10341409,
Q134966431,London Music Works
Q7017351,Zadikov Choir
Q9370006,Waganci
Q131369330,We Crash Hot
Q47293292,System beat
Q63352677,JLC
Q137441700,Tripolism
Q7261413,Purple Haze
Q11984003,Lille Frøen Saksofonkvartett
Q61841699,Breunion Boys
Q109469433,
Q5140170,Codes in the Clouds
Q4133091,
Q12047587,Puella trio
Q128035505,Bayside Boys
Q6589302,Negative
Q106594069,
Q11950008,
Q4340023,
Q20113185,Tønsberg Cæciliaforening
Q11771275,Masło
Q5608445,Greyhoundz
Q10685194,Svenska Serenadensemblen
Q1958053,Mörbid Carnage
Q134167487,Partisans (band)
Q56389459,Grizzly Vibrations
Q12376805,
Q3519910,The Bedrocks
Q16526954,Dzierzynski Bitz
Q7452311,Septimus Orion
Q139761062,We Never Learned to Live
Q1422639,Musicalische Compagney
Q10432576,Bollebandet
Q11613938,
Q9338578,Slums Attack
Q3347540,OFX
Q98456466,
Q8059250,Youth Pictures of Florence Henderson
Q10551390,Kyndelkvartetten
Q60767201,The Dudes
Q2062933,
Q11158562,Blanket
Q10341681,Orquestra Sinfonia Cultura
Q7460224,Shadaab – Abhik
Q19951967,Céciliennes
Q12846558,
Q3020735,
Q7975298,Wave World
Q11798326,One Of You
Q4405478,
Q81531743,Ytterlännäs Church Choir
Q4952694,Boys With X Ray Eyes
Q122705943,
Q139676353,Canadian Staff Band Of The Salvation Army
Q124255990,
Q4928645,Blu*3
Q4050827,
Q10393644,
Q1979676,Neue Oper Wien
Q137655143,Charmer
Q134890197,The Raging Nathans
Q4450736,
Q9206449,Despair
Q120280564,
Q24074729,La Folie
Q6108901,Rikitiki & Merendeque
Q17067363,The Dumplings
Q70341504,Psychedelic Porn Crumpets
Q3054831,Barcarole
Q7620874,Strachy na Lachy
Q63681183,Mourning Palace
Q58314555,Muziekvereniging Harmonie Beetgum
Q685249,Klangforum Wien
Q7703143,Terra Rosa
Q287074,DZihan & Kamien
Q13020270,
Q15910389,The Green Monarchs
Q116758195,
Q12719017,Tiriltunga
Q18589330,The Blackbirds
Q10710407,Urban Jungle live in London '90
Q15053026,Into the Woods
Q124713144,Filharmonické dechové trio
Q20105220,
Q48725519,Dhruva
Q11889687,
Q136679837,Kitami Chamber Orchestra
Q61107973,
Q1311113,Via Nova Chor
Q130323278,Goat
Q139757258,Bradford Brass Band
Q12269165,Zain
Q8056163,Yoshimi and Yuka
Q9390314,Zespół Pieśni i Tańca Ziemi Bydgoskiej
Q10675703,Spillran
Q4054841,
Q4532365,Ergyron
Q28415848,ReVe
Q11194903,Cooley High Harmony
Q6577909,Shvung of the Pita
Q24951726,Tau Cross
Q12406975,New Israel String Quartet
Q7619106,Stonebolt
Q20620903,Oviedo Filarmonía
Q135005389,Racing Mount Pleasant
Q84607056,HarvardTHUD
Q9210556,Dr.no
Q12256176,Des-kontrol
Q133500477,Toyama City Philharmony
Q116977988,Pilhaouerien
Q49103328,The Breeze The Breath
Q13055551,
Q104903993,
Q13745023,
Q16327027,
Q74695333,
Q137519499,Loma
Q7772704,The Vine Band
Q1236974,Domchor Fulda
Q104370645,Inhuman
Q3355347,Orchestre symphonique de Trois-Rivières
Q137716650,Prostitute
Q7368953,Rosiloa
Q10341674,Orquestra Petrobras Sinfônica
Q121603490,And the Golden Choir
Q10719338,Wasa Sångargille
Q7285233,Raj-Koti
Q115555267,
Q16354017,Dabas koncertzāle
Q19729644,
Q11939570,
Q18626780,
Q22032330,Mestizzo
Q9322479,Romeo Must Die
Q16360049,Kombuļi
Q120335682,
Q3885006,Orchestra Italiana
Q16534808,Camerata Ducale
Q11236397,Natural Radio Station
Q5297327,Dopo
Q48761100,"Sinfonietta Shizuoka, Japan"
Q85810711,Trinidad and Tobago Defence Force Steel Orchestra
Q126142022,Neve Shir
Q138909278,Conexão Japeri
Q7337257,River City Rebels
Q124004738,Los Buitres
Q19872961,Badself
Q57830586,The Sounds Of Music
Q11255630,ZoologicalOlacigoloporhtnA
Q17510723,Alex Mendham & His Orchestra
Q3522781,The Soul Vendors
Q18689795,Finlandia Sinfonietta
Q127270576,Pinkish
Q120336792,Pan Ton Quartet
Q41805931,Bagad Ker Vourdel
Q16189832,
Q20035374,Prowizorka Jazz Band
Q60823159,
Q11330458,
Q4039089,G-Style
Q7774017,The Weatherfords
Q3715968,Due di Picche
Q123786718,
Q121287037,Kolpeka
Q65255121,
Q16688903,
Q17214209,Yuya Uchida & The Flowers
Q115813514,ConTempo Quartet
Q10632912,Plankton
Q132531567,Le Talu
Q120926443,Soċjeta Filarmonika Marija Annunzjata
Q135487774,Vïïk
Q10502866,Garbochock
Q124497021,
Q109590242,Ulsamer Collegium
Q117761754,Drolc Quartet
Q265481,Frankfurt Radio Symphony
Q3207417,La Cigale de Morcenx
Q104811012,
Q124054190,Confessions of a Traitor
Q4451340,Tantsy Minus
Q11973664,Hail!
Q109416889,
Q30636514,Crystal Garden
Q1252864,Rémember
Q2530623,
Q131384213,Glam
Q126948067,Soċjetà Filarmonika Nicoló Isouard
Q18438662,Kazan World
Q12838212,Coldünya
Q42590277,Subroc
Q9257630,Facades
Q105742298,Versing
Q27817565,The Autumn League
Q12038686,MoreBeat
Q2359543,Stuttgarter Hymnus-Chorknaben
Q4900381,Bezobrazno Zeleno
Q6730349,Maggini Quartet
Q104844727,Good Luck
Q139762613,Stouffville Brass Band
Q17231408,Kireek
Q15044788,The Flashing Lights
Q136035918,
Q12267729,Sugan
Q85867511,Softtouch
Q4661755,Aaroh
Q63208473,
Q132261149,
Q107410587,The Brook Street Band
Q97375327,
Q7876093,UVR
Q7096549,Opensouls
Q7096603,Opera Lafayette
Q50286212,
Q97194467,Târgu Mureș Philharmonic
Q7622549,Strawpeople
Q133260456,Element A440
Q30687413,Nu Generation
Q12008359,Ulvo Ensemble
Q7775175,The Winnipeg Singers
Q3054938,Ensemble Vocal Katimavik
Q7285841,Rajasthan Roots
Q19392319,The Royalties
Q65407895,
Q90970147,Ridiculon
Q11799215,Bydgoszcz Symphony Orchestra
Q2251533,Schulte & Gerth Studiochor
Q57909441,High Country
Q30960641,
Q1219992,
Q12316997,Hola Ghost
Q5310912,Dublin Gospel Choir
Q7403239,Sakésho
Q31898665,Parlophon-kvartetten
Q6084256,Islet
Q11190191,Alstroemeria Records
Q7981991,Welsh Sinfonia
Q11990061,
Q99440491,108 Fahrenheit
Q126896233,Orbit
Q13132490,
Q117353528,Surensemble
Q1344270,Ensemble Resonanz
Q140324769,
Q10925051,Squarefruit
Q5053988,Cats Can Fly
Q10617449,Parade
Q11231797,MO'SOME TONEBENDER
Q6049935,Grup Etnik
Q104854889,Peach Tree Rascals
Q132757636,Mabsant
Q118780416,Antonio Sánchez Barranco & The Drumming Society
Q13026174,Kat-Pat
Q25640244,Neet um aan te huure
Q12374802,Hilaro
Q10695733,The Pain
Q134506373,
Q11187308,The 24th Street Band
Q18176451,Paradox
Q11190491,Asphalt frustration
Q1503154,It’s a Musical
Q10412383,Annabee-Nox
Q124212475,Dave Rodgers Project
Q28703661,
Q56356113,
Q107170494,Flying (Dancing in Spanish Harlem) for String Quartet
Q7460006,Shabak Samech
Q31358825,Guerrilla Monsoon
Q20513214,
Q9390240,Zespół Gawęda
Q12322393,KoLeN'
Q134454548,London Haydn Quartet
Q122927090,L'Entretien des muses
Q118780413,Headbirds
Q10509052,Grovjobb
Q11302119,Cosmos Factory
Q2085966,Ulm Philharmonic Orchestra
Q2528567,
Q16613230,Of Blood and Salt
Q122926899,Scotch & Sofa
Q7010531,New Music Manchester
Q132644301,Little Image
Q85882195,Pandora
Q17103447,The Megaphonic Thrift
Q7744999,The Kut
Q105672955,
Q116888024,
Q791048,Bartók String Quartet
Q3153646,Intik
Q140267318,Oliver Twist And The Happy Twistler
Q15840382,
Q12046853,Pramínky
Q22124386,NOISEMAKER
Q111148889,chœur Volga
Q11255806,ZMAP
Q88057712,Marienchor Eupen
Q134506375,
Q97346027,Alos Quartet
Q60713196,
Q20012512,
Q1783664,Konzertchor Darmstadt
Q135927769,Society of Beggars
Q11312492,Strawberry Path
Q1531509,The Blizzards
Q17164551,
Q18989600,PKCZ®
Q122926911,The mighty mocambos
Q131275116,
Q13012608,
Q14852093,
Q2630858,Mosqitoo
Q48810765,Eversor
Q3716113,Dufay Collective
Q11327946,Banana Gritters
Q12154372,
Q20027905,Universal Thee
Q123475344,Ancient Astronauts
Q99640305,Les Roturiers
Q84359688,
Q5641689,Half Man
Q4070323,
Q61103643,
Q16130234,Redding Gimel
Q7683912,Tanunda Liedertafel
Q108266038,The Red Locusts
Q22981559,Secret Rendezvous
Q3522412,The Rainbows
Q16705279,Téléphone
Q4050974,The Blizzard
Q11733965,
Q16630036,
Q97279365,Inertia
Q22126096,Hinoki-ya
Q4371248,
Q9570929,
Q28028003,
Q11248995,THE POWERNUDE
Q134053391,Strand Of Oaks
Q109362231,Wasurete Motels
Q49425626,"Sint-Romboutskoor, Mechelen"
Q5510257,Fusion Core
Q5609732,Griva
Q131275109,
Q19843490,Gubbrockarna
Q3523277,The Wankin' Noodles
Q4378447,Priklyucheniya Elektronikov
Q12130817,
Q13027564,
Q3481353,Shane Cough
Q16141277,
Q124004673,Dueto Las Palomas
Q17143602,The New Royales
Q134926784,Norwegian Home Guard Band
Q3200289,Kukeiha Club
Q56364900,
Q91636658,Cors de Clavé
Q7737390,The Gotee Brothers
Q10457490,Common Creature
Q112051079,The Callous Daoboys
Q87657385,
Q136549402,Crescendo Freiburg Symphony Orchestra
Q85092160,
Q10669579,Skabb
Q1669621,Monteverdi-Chor Hamburg
Q18448688,Aurora
Q56425356,Asianova
Q7414061,San Francisco Pride Band
Q11735032,Kapela ze Śląska
Q10380210,
Q7940077,Volcano the Bear
Q4940592,Bombay Talkie
Q7514656,Silent Sanctuary
Q17218612,Sky
Q4186455,West Kazakhstan Philharmonic Orchestra
Q19570673,27th Lancers Drum and Bugle Corps
Q124004647,Las Hemanas Núnez
Q17576818,
Q49768956,Koninklijke Maatschappij Symphonie Burlesque
Q10638466,Preachers of Neverland
Q97667361,
Q65061223,K/DA
Q4783222,Arab Orchestra of Nazareth
Q3929366,
Q6496186,Latin Alternative Music Conference
Q25203098,Tweedy
Q15823978,Kobzos Együttes
Q1362262,
Q30943233,
Q138036282,
Q109279138,
Q85984399,Pendevig
Q104554906,
Q48702541,
Q2653941,Clues
Q124423058,
Q10430380,Bizzmacken
Q7156868,Payola
Q11200576,Full of Harmony
Q10593739,N-Mix
Q117280304,Morgan Pochin
Q1215520,Napra
Q28668605,Neu Abdominaux Dangereux
Q29051350,Sarafina
Q5250288,Deep Run Marching Wildcats
Q39434301,Choir of Beirut
Q56276966,Crossnaders
Q4762288,Angel Tears
Q12742558,
Q65254979,
Q8077261,Åsmund Åmli Band
Q16851393,Kala
Q98078908,Slave Unit
Q120335748,
Q3623917,Ars Antiqua Austria
Q19378237,
Q16115219,Flare
Q5577130,Goem
Q3520118,The Brigades
Q30694027,County Town Singers
Q9367235,Uruk-Hai
Q85999924,
Q112730220,Natural Born Grooves
Q1588207,Mannheimer Bläserphilharmonie
Q126370156,
Q10568032,Live Ammo
Q131384674,"Dream, Ivory"
Q60988352,
Q16845447,Human
Q140190529,Medusa Quartet
Q5136501,Mitimaes
Q67681646,Parasyche
Q1613429,Hermannstädter Bachchor
Q11993881,
Q139718717,
Q108689295,
Q114149054,Lenox String Quartet
Q7727440,The Consultants
Q17054853,Vocaluptuous
Q24707648,Lily and Maria
Q60823120,Elegi
Q4732057,Allentown Band
Q116314237,
Q9293357,Hollóének Hungarica
Q48878050,
Q5399702,
Q124389916,Console
Q6082223,Objektif
Q60740231,The Original
Q90207412,Norwegian National Youth Orchestra
Q61654325,Gay Men's Chorus of South Florida
Q9191965,Chór Akademicki Politechniki Warszawskiej
Q6686120,Lough Gill Quartet
Q7922337,Verona
Q136327046,Michael Makhal Symphony Orchestra
Q23878045,Askeladden
Q5412475,
Q115691403,
Q24190466,Ayrad
Q109977733,
Q106813215,Foorin
Q14532156,Dreamlin
Q109360623,
Q9264312,Full Power Spirit
Q7202059,Plastic Operator
Q5035789,Capitalist Casualties
Q25397105,Maestro
Q20683944,Chocolate Overdose
Q9207725,Dirty Princess
Q105620027,
Q4851846,Balloon
Q111549346,
Q20012569,Ensemble La Partita
Q5597935,Gravetemple
Q12616818,Central Military Band of the Korean People's Army
Q122920522,Marcello family
Q695491,Vienna Radio Symphony Orchestra
Q5288785,Doktor Spira i Ljudska Bića
Q108123632,Confrérie des Compagnons du Witloof
Q4894621,Berny-Ignatius
Q7761449,The Ronelles
Q39056756,Central Military Band of the Ministry of Defense of Russia
Q11240244,QUATTRO
Q15913430,
Q97464506,Gordela
Q84939540,Linda and Renato Trujillo
Q106473015,Indian Agent
Q65260020,AVE
Q7926956,Victoria Philharmonic Choir
Q32361081,Spectrum Road
Q47489889,Iversoon & Alex Daf
Q16113628,Zagreb Youth Chamber Orchestra
Q7939486,Voice Mail
Q6405138,Kidz in Space
Q8079786,Čista Proza
Q11238899,POP DISASTER
Q28966952,Gatis Ziema un Karaliskā dekadence
Q7620489,Storytellers
Q5313736,Dumbo Gets Mad
Q2422181,Free Form Funky Freqs
Q16549437,GIFLOF
Q61654314,Capital City Men's Chorus
Q3303364,Maîtrise des Hauts-de-Seine
Q25475729,
Q12322000,Kitty Wu
Q53866592,
Q5463500,Flying Rhythms
Q4044489,Monstrum
Q28451531,Recon
Q540602,Excanto
Q11192717,BsGirls
Q11241721,Reggae Disco Rockers
Q136680275,Ishinomaki Symphony Orchestra
Q5223384,Dark Room Notes
Q2368340,Beethoven Quartet
Q30890216,
Q25456018,Kelly Hits the Blue Sky
Q116951044,Foreign Air
Q4053955,
Q3574324,Z.E.P. - Zone d'expression populaire
Q7045346,Noah
Q61403113,
Q12810756,Mavi Sakal
Q115687366,
Q132764328,Yr Leir
Q136360962,Ben Quad
Q16517759,Surgical Dissection
Q2713421,
Q8072381,Zingaia
Q392430,Camerata Salzburg
Q44594528,Os da Ría
Q136048003,
Q109540388,cutsleeve
Q20499751,
Q4729681,All Stars Osvajači
Q12038611,Moravan spolek
Q39072940,Clean Cut Kid
Q4318336,Nechto
Q4770938,Antalya State Symphony Orchestra
Q140204482,Volkschor Frohe Sänger 1879 e. V.
Q12605297,Asia Philharmonic Orchestra
Q65064055,Gorman Brothers
Q61057986,umeda cypher
Q5508749,Funboy Five
Q65035028,Slane
Q106940992,Radio Novena
Q41792071,
Q136345140,Calidae
Q18423222,Area 51
Q12425560,WWS
Q6171722,Zone D' Tambora
Q57830577,The Metropolitans
Q104918807,
Q139299316,Perennial
Q4778526,Anónimo Consejo
Q139552266,Mac N' Toss
Q116188680,Chicago Rhythm Kings
Q136519417,Bahrain Philharmonic Orchestra
Q98073189,Chœur Les Rhapsodes
Q3259757,Los Papines
Q11780204,
Q99688653,University of Texas Arlington Jazz Band
Q138456512,
Q107516092,West Seattle Community Orchestras
Q61750067,Rohan-Rohan
Q136389415,Fangz
Q15983644,Cutt Glas
Q114232339,Petit Brabancon
Q123027637,S. Kiyotaka & Omega Tribe
Q110402273,Grimner
Q6926368,Mouthfull
Q5375859,End of a Year
Q5532976,Geneva Amateur Operatic Society
Q99542258,Atlanta Philharmonic
Q13109252,Vaovy
Q85794511,Prince Daddy & The Hyena
Q120335558,Sugardrop
Q61057677,The Shiawase
Q111039304,
Q12785589,Bele vrane
Q7631711,Submotion Orchestra
Q12106428,
Q5053611,Cato Salsa Experience
Q85801458,Skinny Living
Q25351761,Grinder Blues
Q116371696,Poor Souls
Q599565,Mariański Choir
Q7798578,Thrum
Q11334096,Froebel Boys' Choir
Q107227174,Todmorden Orchestra
Q11189240,ALLERGY
Q28685170,Klan Aileen
Q16944337,The Performers
Q7730254,The Dirt Radicals
Q10427424,Battle Scarred
Q4492071,Forum
Q12258650,Gora Japon
Q10341707,
Q7744931,The Koreans
Q99703565,Kansas State University Big Band
Q106483527,
Q112304510,Söder om Söder
Q3324446,Morsüre
Q5355857,K.K.Kity
Q66363587,cut_
Q127877659,La K’onga
Q15841744,Ranz und May
Q5493607,Fraser Hayes Four
Q137824812,Malabaristas de Semáforo
Q10674155,Sounds of Nonno
Q2491192,New Music Incubator
Q131701003,
Q55633344,Slow Mass
Q4038406,Evil Nine
Q104816265,
Q3512125,Arallu
Q21335208,Menaya Folk
Q11231849,MOGA THE  ¥5
Q5511053,Fuzzion
Q16704208,
Q2800987,
Q10674151,Sounders
Q11894071,
Q97206901,
Q116918204,Pinky Lemon
Q120986196,Side A
Q106313722,
Q16720120,
Q2040262,
Q98431931,
Q30634562,The Techtonics
Q7417026,Sandvikens Ungdomskorps
Q2022731,
Q25421951,TamerlanAlena
Q11339234,
Q123112152,Tha 'Yoties
Q123214419,Union Theological Seminary Gospel Choir
Q8031339,Women Unite
Q1120979,Compact Space
Q98099216,
Q4881893,Tromøy School Band
Q2296214,
Q112822278,Pacte Noir
Q114240660,Soul Train Choir Bromley
Q4045139,Necessary Response
Q16533796,Bow Low
Q120505737,Albada
Q135572993,Jeogori Sisters
Q123322054,HalliGalli Quartet
Q124657805,The Gaugers
Q2869999,Attentat sonore
Q134369183,Joe Harvard Band
Q120335670,
Q3127340,Hard Rock Sofa
Q56273285,Seventh Army Symphony Orchestra
Q138193156,De Mar y Río
Q106131170,Black Caviar
Q11850567,Alavieskan Lapsikuoro
Q28674949,Orkiestra Wojskowa w Toruniu
Q24960122,
Q7536110,Skog
Q12333009,Razorblades
Q55525309,
Q39380439,
Q114493576,Courting
Q25638785,Los Xochimilcas
Q20685337,Rogue Anthem
Q124625325,This Year's Blonde
Q131761993,The Bad Things
Q122283581,Megalith Levitation
Q134292982,Sons of Saddam
Q12736867,Nolklon
Q136387658,Kostroma Symphony Orchestra
Q123974321,
Q11200514,Friends
Q139762683,Regina Scouts Brass Band
Q6815858,
Q10728793,Čuki
Q2214443,Salinenmusikkapelle Hall in Tirol
Q10508931,Grismannen
Q16528712,Lascala
Q19586416,Young Aviators
Q17145610,The Sugar Shoppe
Q134053376,Phre The Eon
Q17022430,Faarrow
Q23668259,
Q113480858,Sectra
Q11088183,Ming Hwa Yuan Arts and Culture Group
Q10336665,Belarmino e Gabriela
Q5018921,Calcutta Chamber Orchestra
Q3356170,Organiz
Q7958608,Wabanag
Q134696596,VVS (group)
Q103860997,
Q105692409,
Q125959943,The Starseeds
Q136419453,Nairobi Orchestra
Q798102,Bachchor Heidelberg
Q131426872,St Paul's Cathedral Choir
Q3202327,L'Armée des 12
Q86427323,Bits & Pieces
Q16951143,Solid Gold Chartbusters
Q3653111,Opera and Ballet Theatre of Saratov
Q111729451,A Chorus Celebrating Women (ACCO)
Q7063619,Nottingham Concert Band
Q3489279,Soldout
Q7708679,Th' Corn Gangg
Q1596456,Heinrich-Schütz-Ensemble Vornbach
Q106981984,When Chai Met Toast
Q24077689,Panda Kid
Q30590002,Chasing the Rise
Q85774428,Kinds of Kings
Q120335667,
Q136294423,Kansai Opera
Q97215413,
Q139602658,Saskatoon Brass Band
Q18535520,
Q10498154,Forsmark Tre
Q2253647,Schwarze Grütze
Q61107948,
Q798104,Mannheimer Bachchor
Q11310036,The Japan Sinfonia
Q56378490,
Q10496773,Flickery Flies
Q9307391,The Representative Artistic Ensemble of the Polish Armed Forces
Q3135768,Hint
Q31888046,School '94
Q118727117,Swing Band Ferdinanda Havlíka
Q16495741,Cvartetul Ad Libitum
Q55635027,The Americans
Q11956348,
Q13014899,
Q113080686,Raffinierter Zucka
Q2881511,Balrog
Q124329101,The Triplets
Q7076148,Ocean over head
Q3117919,Groupe sans gain
Q10397244,25 Years Together
Q10578243,Masugn
Q136562493,Arcane
Q31836144,Swing Dance Orchestra
Q9183684,Błękitny Nosorożec
Q1961897,Aalborg Symphony Orchestra
Q45582092,Critical Hit
Q12142958,
Q19244967,Evil Stig
Q96392006,Marine Corps Musician Enlistment Option Program
Q126093840,Torino & Pashata
Q61404587,
Q56056523,Capilla Ardiente
Q12252420,121 krew
Q31839342,Hannoversche Orchestervereinigung
Q119043703,
Q25055824,Lambert and Nuttycombe
Q108028266,Poepedroegers
Q9177688,Born Juices
Q7882722,Uncle Deadly
Q15976221,
Q128599262,Ferengi
Q13423560,Portuguese Chamber Orchestra
Q25454558,The Challenger In Pieces
Q19855564,Dreamz FM
Q4133028,
Q20573407,
Q135910498,Venera
Q63113873,Mares
Q109393457,Zeidun
Q19974075,
Q294101,AKA AKA
Q49201990,Danger Twins
Q25352307,Nots
Q77950989,
Q2304968,Cat Rapes Dog
Q60775363,Purduettes
Q66738121,Scratching Post
Q111622070,Pannon Children's Choir
Q56389698,Sipőcz Rock Band
Q121494119,Daighila
Q116783735,Altameda
Q17021375,The Family Rain
Q7736242,The Getaway People
Q117841955,Diabula Rasa
Q11735025,"Kapela ""Pieczarki"""
Q4947636,Bost & Bim
Q124334645,Sunset
Q11991528,Nilsen & Aalberg
Q18844618,Hørkelgaddan
Q1246447,Realistic Crew
Q124323447,Christchurch City Choir
Q9394565,Łukash
Q137440021,Tip Top Connection
Q116444633,
Q60825271,
Q127594624,
Q114646103,
Q110270967,
Q4049424,Shulman
Q57262080,Apartel
Q28135451,Orchesterverein der Gesellschaft der Musikfreunde in Wien
Q11252641,Vienna
Q123247529,Union Theological Seminary Choir
Q100997873,Swinging Rays of Rhythm
Q7767128,The Stunning
Q61403124,
Q20683938,Chequered Past
Q22121838,Focused
Q65122852,Les Louanges
Q1366138,
Q7745027,The LK
Q65255521,
Q3197154,Quinito
Q3521911,The Moon Invaders
Q7727671,The Correspondents
Q123431918,Outline of the Beatles
Q12253197,All Jazz Era
Q10714997,Vicious Irene
Q124353353,Maori People
Q10720673,Wrath Passion
Q136085101,
Q11351257,
Q25467830,Gereben
Q110895117,Allegra Chamber Orchestra
Q281805,Slovak National Theatre
Q106584292,Zitzània
Q61068774,Kylfingar
Q15052789,Be The Bear
Q3413680,Ludwig Quartet
Q1726169,
Q5306436,Dream Rovers
Q16572813,Grupo Instrumentos Musicales Madre Tierra
Q118744507,Centro Musical Apu Mallmaya
Q60525022,
Q4217724,Kaftan Smeha
Q110401146,
Q98596669,Malva (band)
Q11201367,GOING STEADY
Q25348690,Beers Family music group
Q125241419,The Dust Dive
Q3507910,Symphony of the Air
Q138667399,
Q134437344,Torena
Q125635314,
Q7205231,Plug'n'play
Q24941792,Kreszendo
Q12003723,Studentkoret Blandede Akademikere
Q13026103,
Q2940450,Carte Blanche
Q15053481,Warcursed
Q104824235,
Q54871805,Royal Hawaiian Girls Glee Club
Q105531028,
Q139996937,Kraemer
Q22662944,Once I Tried
Q4114461,Military Band Service of the Armed Forces of Russia
Q5190546,Cryonic Temple
Q11227009,Junichi&JJr
Q2821784,Aboutou Roots
Q104763970,Quartet Altimira
Q1979761,Orchestre National Bordeaux Aquitaine
Q50411598,Harmonie De Vijverzonen
Q16822045,Aughintober Pipe Band
Q30673305,American Gypsy
Q5890371,Homerton College Music Society
Q133500028,Osaka City University Symphony Orchestra
Q10448213,
Q121164488,Star Feminine Band
Q16699628,Zahrava
Q119150269,Polish Chamber Orchestra
Q15729269,Bodh'aktan
Q3197912,Klub Des Loosers
Q55642418,Trace Repeat
Q105492198,
Q15290721,Cimbálová muzika Slanina
Q21032570,Orquesta Sinfónica de Minería
Q9347411,Studio Wokalne Sukces
Q11971434,Galdrer
Q104603640,
Q136705985,
Q11741175,Koli
Q124358842,Duo Fandango
Q7122421,Pacific Crest Drum and Bugle Corps
Q65408444,
Q12376176,
Q12071382,
Q6166607,
Q104816254,
Q18661651,
Q85846826,OFB
Q10494589,Fem älgar i ett badkar
Q6720486,M Coast
Q56339770,Top Girls
Q3038316,Downfall
Q122807526,Beasto Blanco
Q12261285,Karelean
Q118584872,The Workhorse Movement
Q4050843,Tequilajazzz
Q85987587,
Q7667725,T'ang Quartet
Q4232617,Korabl
Q39081985,Elessär
Q61037094,Orquesta Sinfónica de la Región de Murcia
Q16239940,The Young Men
Q3469695,Salem Tradition
Q12008412,Undertakers Circus
Q4428848,Sontse-Khmari
Q4033553,Age of Chance
Q11799208,Orkiestra Na Zdrowie
Q16138386,
Q138775911,Breaking Southwest
Q18655128,Cappella Sancti Servatii
Q9282931,Gutter Sirens
Q4919358,Bizarra Locomotiva
Q97217647,
Q56404726,Caramel
Q9674917,
Q136461182,Seoul Metropolitan Traditional Orchestra
Q12090033,
Q137384461,Tyvek
Q125921,Ensemble InterContemporain
Q1890707,Mannheimer Mozartorchester
Q110069373,
Q31723123,Nahiko
Q16238085,New Hampshire Gay Men's Chorus
Q123662640,The Milestones
Q612590,Residentie Orchestra
Q61698814,The Broken Hearts
Q7494382,Shenzhen Symphony Orchestra
Q42907514,
Q48698479,Trinitones
Q10656548,Romeo & Julia Kören
Q1240350,Princess
Q9264228,Frühstück
Q8017689,Hungry Days
Q139668729,Deep House Thailand
Q110069264,
Q94948226,Inframonolithium
Q121053563,
Q13134185,
Q7005178,New Academics
Q5256288,Demons
Q813460,Beauty Queens
Q56353756,
Q65255187,
Q7977341,We Are Serenades
Q65224865,
Q7681767,Tampere Opera
Q12847113,
Q16006229,RosaKehlchen
Q7577774,Spiralmouth
Q137705033,SYRA_404
Q16923559,Metropolitan Youth Orchestra of Hong Kong
Q110291368,Musica Animata
Q4934651,Bobbie Peru
Q4047658,Purple Eve
Q130330629,NoGood Boyo
Q10660952,Samling
Q11234112,Mセットラッパーズ!!
Q6486133,Langi Seli og Skuggarnir
Q107359598,Devek
Q48839107,
Q29208143,Capriccio Basel Baroque Orchestra
Q10655038,Riff Knives
Q7531301,Sisters Underground
Q7573051,Span
Q116859438,Autogeni trening
Q4631770,242.pilots
Q11221530,Ghost Cries
Q21568967,Eikostake
Q3531390,Tomoiki Ki wo Uetai
Q15044617,Jez Spencer
Q11339181,
Q15920311,Lil' Ashes
Q5437560,Father
Q62635583,Peeling
Q131275108,
Q134700763,Silverbacks
Q4036854,
Q48773441,Stellamara
Q10458297,Cono Sur
Q10465843,Daffodils
Q104778930,
Q65083464,Central Band of the Royal Malay Regiment
Q2249029,Zigeunerensemble Kalinka
Q12058608,Temperamento
Q134346205,
Q3574390,ZWM
Q6868391,Minnesota Opera
Q52350329,Oh! Ayatollah
Q4038765,
Q2677822,The Partysquad
Q2026600,Orchestre Royal de Chambre de Wallonie
Q116978893,Kilhañ
Q3547354,Yano
Q12654683,
Q48749277,
Q113540824,Crash Politics
Q61957115,
Q106303179,
Q19386912,Romeriksgutta
Q6355277,Kamaitachi
Q6526793,Leontovych Bandurist Capella
Q18888039,Serenade
Q2905384,Black Jackets Company
Q55138475,The Adarna
Q106610011,Flights
Q6125212,NonExist
Q123858131,Hollywood Stars
Q55657011,Abort Mozga
Q12099573,Darnychanka
Q12047868,Pěvecké sdružení pražských učitelek
Q117062220,Silent Theory
Q131011100,
Q451806,Amadeus Quartet
Q135913467,musicAeterna byzantina
Q21296181,ATMO music
Q9333885,Sari Ska Band
Q578696,The Waldos
Q119084075,
Q3067314,Faubourg de Boignard
Q132730490,El Paso Symphony Orchestra
Q135442168,The Hellp
Q9161736,Atom String Quartet
Q55707655,KEN☆Tackey
Q126912651,Soċjetà Filarmonika La Vittoria
Q1814282,
Q126178538,Shindiggers
Q80448523,
Q85857886,
Q5259255,Denny and Dunipace Pipe Band
Q5462361,Floy Joy
Q688414,Lucerne Symphony Orchestra
Q25143633,Kindiependent
Q30594079,The Arm of Roger
Q7523136,Singapore Symphony Chorus
Q2783765,
Q12727270,E.M.I.L.
Q1846819,Katchafire
Q104576612,
Q105702838,
Q11239150,PSG
Q2983551,Trollech
Q123677448,Snow Strippers
Q112109892,
Q65255517,Siller
Q17748523,Ambassadør
Q106603866,
Q138659231,
Q122926860,Elisel et Lui
Q96152291,Silver-Garburg Piano Duo
Q19934923,Lycanthrope
Q2024116,One World Project
Q9337734,Skawalker
Q12113161,
Q125709498,Embrujo
Q11859729,
Q7414969,San Miguel Philharmonic Orchestra
Q139757255,Bobcaygeon Citizens Band
Q11199250,Flying Kids
Q110130723,Divide and Dissolve
Q13025503,Byrd & Heart
Q30102676,Benisfri
Q12324115,Lecia & Lucienne
Q2666910,
Q120335560,
Q5276674,Dilate
Q8039900,Wylde Mammoths
Q10666516,
Q125177731,Punishable Act
Q17232355,Keio Wagner Society Orchestra
Q113947290,Truck
Q20687414,Tortured Soul
Q12609372,Wonju Philharmonic Orchestra
Q3520435,The Craftmen Club
Q4577171,Stavanger Symphony Orchestra
Q19964534,
Q25413485,Rysy
Q10437034,Bröder Glöder
Q12811118,Nekropsi
Q56278162,Qarar Ezala Band
Q3113560,Grand Chœur de Montréal
Q107907484,
Q3940811,Rome Zoo
Q4043644,Makowiecki Band
Q97195718,
Q61364921,Astrid
Q98431938,
Q15937863,
Q115288256,Young Murder Squad
Q116951674,KUNZITE
Q84939544,Malka & Joso
Q1332932,Elmer Iseler Singers
Q60747745,Jungsu Choi Tiny Orkester
Q20653331,
Q7418502,Sanjeev–Darshan
Q5398683,Orfeó Reusenc
Q49102046,Sacré Choeur
Q38279396,
Q120962092,Five Alarm Funk
Q122927076,Ensemble C Barré
Q56319974,TM+
Q22340349,
Q7507108,Sibiu Philharmonic Orchestra
Q64041003,
Q4044566,Motor-Roller
Q111721436,
Q121322389,
Q10635706,Poets
Q12320591,Jupiter Day
Q31186310,
Q6067408,
Q3312181,Microdisney
Q13138185,
Q11516298,
Q89696167,Koghtan choir
Q107497757,Aila-duo
Q112543195,Sungazer
Q5451375,Fire Inc.
Q27817928,Church Tongue
Q12793933,
Q12376147,Tallinn Chamber Choir
Q13365727,Žalman Brothers Band
Q39043501,
Q30598278,The Electric
Q19382509,
Q15053569,Insomnia
Q20066076,
Q11289568,ASIA ENGINEER
Q17164561,87BAND
Q11909678,Boogie Dreams
Q12016740,Folklórní soubor Velen
Q19908473,Yurlov Chorus of the R.S.F.S.R.
Q3345130,
Q124004712,Grupo Codiciado
Q125225439,Tony & Nelly
Q24840875,Gigantic Roar
Q3874929,Nest
Q60766947,Ragpicker String Band
Q139074737,Sex Playlist
Q104555210,
Q6417424,Israel National Opera
Q134740084,Fuming Mouth
Q85969614,
Q3338371,Nervous Chillin'
Q16246620,Augustino
Q19375392,
Q17141555,Toxic Audio
Q15842171,Renner Ensemble Regensburg
Q136546996,Tempers
Q25483939,
Q10260457,University of São Paulo Choir
Q56411399,Lux
Q51923404,Rebel
Q3631402,Shankar–Jaikishan
Q7652173,Svenska kyrkans nationella ungdomskör
Q115621990,Strawberry Moon
Q12016673,Flash the Readies
Q30948726,
Q24876830,
Q10699294,Token
Q105702602,
Q1024761,Cabballero
Q131753680,Raynes
Q139300086,Big Girl
Q12256198,Desoreka
Q16846070,I and Thou
Q16845463,The Human Instinct
Q12746113,Mrgudi
Q4994415,Sir Henry and his Butlers
Q22121783,The Knack
Q11743252,Konwent A
Q7736864,The Go-Go's
Q9397544,
Q18534473,The Calhouns
Q16845655,The Hunkies
Q6974665,National Orchestra Company of Korea
Q106574462,
Q11585664,
Q74240077,
Q55468824,Trío Re Fa Si
Q25394716,Nuance
Q63208475,
Q18430369,
Q15052799,Gerrit Kinkel Productions
Q85764983,Gwilym
Q3236096,Les Violons du Roy
Q116204982,Comdot
Q28225192,Coda
Q4884518,Belong
Q6324459,K2
Q130936907,
Q16488892,Arte Vivo
Q61842642,Vishtèn
Q78858200,
Q11408764,Minami Aoyama Show-jo Kagekidan
Q116542519,Mother Superior
Q15891021,
Q3567524,Mikro
Q122363610,Folkal Point
Q2418623,M-Kids
Q44731770,
Q10497862,Former Beauty Queen
Q124497015,
Q48837071,Casablanca
Q124449048,The Castanet Club
Q28942610,Tom's Story
Q104879472,The Babe Rainbow
Q124423761,
Q97574321,The In Out
Q116858725,Paradise Guerrilla
Q105237217,
Q9083049,All Friday
Q61363973,Malos Tratos
Q135017082,Szymanowski Quartet
Q11191439,BLUE PLANET JAPAN
Q13025044,
Q65036944,Fabienne Ambühl Trio
Q28668619,
Q136349729,Zhejiang Symphony Orchestra
Q7832591,Trafik
Q24837721,
Q11888398,
Q130228470,Canbay & Wolker
Q138969117,CYB
Q15052781,The Eversons
Q128243074,Soċjetà Filarmonika Santa Venera
Q130390951,Soċjetà Mużikali Santa Katarina
Q139757337,Port Simpson Brass Band
Q12771826,Mloci
Q28451668,Black Peaks
Q5139839,Coconut Rough
Q17326543,The Hourglass
Q3716834,
Q10585720,Mindre modiga män
Q110158016,Winterhawk
Q42302299,Xorostalites
Q2972157,Chœur Nicolas de Grigny
Q1999316,
Q117751877,Pavulon Twist
Q11690470,Chór Czejanda
Q42851559,Miss Vincent
Q50413381,FRJ
Q137585125,
Q97323654,Lev-Ran Choir
Q117857283,
Q56323518,
Q18414049,Da Brains
Q10435617,Bring the mourning on
Q110713921,
Q11018461,Thebes band
Q79054037,Egg Yolk Jubilee
Q113828783,ClubDub
Q139762675,Regina Indian Residential School Brass Band
Q5179505,Cowbois Rhos Botwnnog
Q4393595,
Q2878921,Bagad Bro Kemperle
Q3071079,
Q63213125,Eastside Connection
Q19602581,Port Blue
Q121603477,Alcoholika La Christo
Q15627882,Bach Collegium Zürich
Q128694826,
Q29023806,
Q105026091,
Q12495073,Log Guns
Q10711091,Urrke T & The Midlife Crisis
Q25426909,Small Affairs
Q11306150,
Q85877747,Taifu Club
Q7760855,The Riptide Movement
Q15920926,
Q101068120,Čao Laru
Q106939564,Dawn of Mechanized Farming
Q12256163,Dentera
Q12047867,Pěvecké sdružení moravských učitelů
Q20624981,Tsjettel
Q16844311,Holy Mountain
Q12327526,Molotov Jukebox
Q3486798,Sloy
Q112662874,
Q110069438,
Q11859766,Fog
Q99670594,Northern Illinois University Jazz Ensemble
Q12072722,V.I.P.'s
Q114878006,Messer
Q126286181,Għaqda Mużikali San Ġużepp Ħal Għaxaq
Q85789971,Nuclear Blaze
Q2085961,Philharmonic Orchestra Heidelberg
Q130360437,La Chinga
Q7209177,Polaroid Kiss
Q15053113,Rock Choir
Q25000260,Toronto Mass Choir
Q25095027,Metro Vocal Group
Q1562912,Divlji Anđeli
Q139757342,Squamish Mission Brass Band
Q111028915,XiJaro & Pitch
Q21546056,Raging Storm
Q109362188,
Q9332997,
Q10549652,Kryssprickarna
Q3211495,Les Petits Violons
Q9341403,Stan d'Art
Q11197971,EXILE GENERATION SEASON 5
Q110269457,Dallas String Quartet
Q11244522,START OF THE DAY
Q105583034,Banda Xatrez
Q17502252,
Q20876168,La Boina
Q6189122,Jetplane Landing
Q7117010,P.I.F.
Q10676963,Stacks
Q63208509,
Q3874603,Camerton
Q18651544,Low Wormwood
Q1034532,Capella Antiqua Bambergensis
Q25021866,Constant Deviants
Q15919971,
Q3278051,Maicol & Manuel
Q4284246,
Q7680367,Talulah Does The Hula
Q113553670,
Q56400414,
Q110895125,Chilliwack Symphony Orchestra
Q31358923,
Q12136127,
Q10695485,The Crystal Caravan
Q139762538,Carleton Cornet Band
Q11837085,
Q124372817,Judiciary
Q13157720,
Q61361966,Gobeo Bay
Q13138569,Wartall
Q125787363,Davie Jones and the King Bees
Q7259800,Pump Girls
Q131345328,Glare
Q16188901,
Q10403949,
Q108857022,
Q3403476,Princesse Rotative
Q6764047,Marine Band of Allentown
Q123171748,BOTASHE
Q105989011,
Q105673097,
Q9346425,Strajk
Q11708864,HellHaven
Q10709357,Under våren
Q2972173,
Q65280590,The Parkinson
Q122926849,Casseurs Flowters
Q11691333,Collegium Vocale Bydgoszcz
Q10519408,Hela Huset Skakar
Q137776767,The Gay Sisters (group)
Q138771734,Wrak
Q108704406,Trinity
Q7707470,Texas A&M Singing Cadets
Q79054063,Surf MC's
Q133500461,University of Tokyo Orchestra
Q124623760,Ambassadors Quartet
Q21546033,Alegory
Q13025645,
Q121426037,Charlie Parker Quintet
Q85798366,SLK
Q139757315,Inland Cigar Company Band
Q1713358,
Q7698667,Temple Square Chorale
Q106405501,The Cool Quest
Q131451813,
Q11190751,B.B.WAVES
Q6298276,João Neto & Frederico
Q1344156,Madrid Academic Orchestra
Q63523467,
Q4314070,Nastya
Q79347052,
Q4147846,
Q10526524,Hot Cakes Tour
Q13021302,
Q10915852,
Q101210423,
Q2909291,Bolchevita
Q140011703,
Q124691720,Actis Band
Q7430531,Scars on 45
Q22121820,Grupo Mango
Q11742636,Konopians
Q135112196,Los Vivancos
Q12492946,Kungpow Chickens
Q60970843,
Q99222784,Abraskadabra
Q10260459,
Q28406422,The Troys
Q57830603,Jubilation
Q20687555,We Are Leo
Q6987083,Negaativa
Q139802640,Cantoría
Q16962311,Sub Zero Farm
Q111249704,
Q121603507,Waikiki Beach Bombers
Q7760051,The Regent String Quartet
Q5254031,Delitiæ Musicæ
Q25590623,East Cameron Folkcore
Q66110830,Masih & Arash
Q114029945,Stereocase
Q1110174,
Q28848747,GDJYB
Q25427945,ONTZ
Q16147637,B.E.D.
Q65028889,Online Gospelcountry
Q65160357,
Q7996403,Whitey Houston
Q105089866,
Q18167454,Napier Operatic Society
Q821425,Berliner Barock-Compagney
Q124896775,
Q134706318,200 Stab Wounds
Q55643062,God Colony
Q139757260,Brandon Boys' Brass Band
Q110895135,Edmonton Youth Orchestra
Q60174440,
Q48699504,Schuld & Stamer
Q48702369,
Q5690190,Odhecaton
Q126094982,Wakadinali
Q16959738,Oakland Symphony
Q7617355,Stimbox
Q17217061,The Pogo
Q60773299,Flamingods
Q17211829,
Q106376128,
Q12338963,TheBoyTheManThePale
Q1210747,3 Lustigen Moosacher
Q6811780,Melbourne Gay and Lesbian Chorus
Q17998319,KRV
Q17231144,SUNDAYS
Q106662783,Epicure band
Q18659810,Kaamos Chamber Choir
Q3502644,Substance & Vainqueur
Q8044572,Xingu Hill
Q13034285,Ashtray Electric
Q1545422,Nathan Quartett
Q10665006,Sector Sexs
Q106598374,
Q124258288,Hedley Ward Trio
Q10719334,Wasa Express
Q23035859,Pilgrim Jubilees
Q10716950,
Q55085162,Southern Syncopated Orchestra
Q2972166,Chœur national des jeunes
Q107735698,
Q48861770,Herod
Q7401674,Saint Louis Symphony Youth Orchestra
Q2306287,Space Eater
Q16161789,
Q117087336,"""The Bad That Happens To Good People"""
Q131926619,Loud Pipes
Q1142847,Tokyo Symphony Orchestra
Q137455995,Waungwana Band
Q13136912,
Q66977243,
Q20029525,Kwartet ProForma
Q839043,Soler
Q4669721,Absentee
Q110069230,
Q6529617,Les Incompétents
Q106140950,
Q30610115,Napoleon
Q96942526,
Q9583642,
Q2198614,Panzerpappa
Q19958662,Leader Vocal
Q106312582,
Q5732857,Bouquet Garni
Q28666147,The Governor's Symphony Orchestra of St. Petersburg
Q15735336,Pluto
Q106804765,The Don
Q19965330,Le Clou
Q3492615,Space master
Q79855599,Schola Gregoriana Hispana
Q9184457,
Q17750357,Bigton Gulch Town Orchestra
Q121788762,Saint Anthony Musical Society
Q18275649,Hay Kay
Q24964804,Gildas Quartet
Q7319363,Rexband
Q55831185,
Q1168119,The King's Consort
Q21480640,Festa da Carballeira
Q65032704,Nu Bass
Q6669064,Candy Mafia
Q16141696,
Q5528665,gay against you
Q16114812,Feeling
Q12268315,Txakun
Q16934350,The Haden Triplets
Q11492473,
Q18395800,Heart of a Coward
Q115311419,
Q65128599,
Q134053335,BigTroubles
Q2882524,Banished
Q126362356,Ripe
Q135089819,Ribbon Skirt
Q133500429,Sakata Philharmonic Orchestra
Q111715610,Przyjaciele Pewnej Ryby
Q11495134,
Q124693103,Leeds Gospel Choir
Q110246176,
Q25526461,
Q25465515,Ici Paris
Q89430617,The Hellset Orchestra
Q7691627,Team Waterpolo
Q11253323,Wagdug Futuristic Unity
Q3212364,La Rocca
Q11189679,AS★KNOW
Q106122787,livetune+
Q4302503,Mordens
Q5353445,Elani
Q17750531,Black Diamond Brigade
Q49101507,Infected Brothers
Q25640149,Fanfare Sint Wiro
Q61107454,
Q131384690,Marian Consort
Q111181298,Dinamiti
Q12255356,Bizkar Hezurra
Q60753545,half•alive
Q4088491,Blüthner Orchestra
Q4340823,
Q12630336,E.N.D.
Q15876317,
Q139780679,
Q6628459,
Q5610328,Groove spot
Q20467672,
Q6692514,Lovestone
Q136746738,Coral Grief
Q20684313,Karanda
Q11524996,The Philharmonic Chorus of Tokyo
Q2002502,Royal Scottish National Orchestra
Q16852214,Kicks Like a Mule
Q18424479,Egotrue
Q7592552,St Augustine Chamber Orchestra
Q12072919,Vkrayst
Q139762680,Battleford Brass Band
Q48780092,
Q108661038,Citizen Queen
Q107039306,Howdy Moon
Q48759148,DRAMATIC SOUL
Q65254820,
Q12411135,Crystal Age
Q5553155,Gerspunken
Q86738633,Ensemble FOVE
Q127385540,tobees - suoni per la biodiversità
Q61058194,CIRRRCLE
Q12262787,MG Materia Gris
Q7553557,Sofa
Q16537903,Cukunft
Q18689928,Kirkkonummen kamariorkesteri
Q21077116,The Oktaves
Q11312737,
Q20065534,Skeptical Minds
Q123352978,Shattering Sirens
Q119686167,
Q18408703,Kabinet
Q6383078,Keep Shelly in Athens
Q3230907,Les B.B.
Q3054864,Ensemble baroque de Paris
Q17109606,Spartans Drum and Bugle Corps
Q77649360,Zarbofoot
Q12958207,Ljudske Potrebe / Human Needs
Q56063231,Dry Jack
Q17112957,Williamsburg Youth Orchestra
Q4746130,Amici Forever
Q16499913,Siska
Q105502550,
Q4034040,Animal Jazz
Q104853857,Turkuaz
Q898388,AKB Idoling!!!
Q47620053,Mountain Breeze
Q136171422,Playlunch
Q55629579,Petal Head
Q64972491,jGeens
Q39058400,Paperhaus
Q116950446,The Geek x Vrv
Q19978533,Hallonbomb
Q7064140,Nova Scotia Mass Choir
Q124497076,
Q11622368,
Q28647924,Dirty Slippers
Q10723974,Yvonne
Q136048599,International Lutosławski Youth Orchestra
Q6307630,Julian Temple Band
Q133822196,
Q85816898,Your Heart Breaks
Q13027519,
Q5180314,Crack Fierce
Q120280119,
Q4045969,Orgasm Death Gimmick
Q117843559,
Q51881968,
Q3927129,Quartetto di Cremona
Q111784802,Erroll Garner Trio
Q21006842,Brit Floyd
Q100281350,
Q7318579,Revolber
Q7635525,Suishou no Fune
Q11246984,Sorachoco
Q5379943,Ensemble 96
Q128406338,Soċjetà Filarmonika Stella Maris
Q12019837,Hm...
Q138003620,Voces del Bullerengue
Q28685588,Lenny code fiction
Q6458285,Mojo Blues
Q37578412,
Q48865408,
Q114839724,
Q4051203,The Nash
Q8015228,
Q136868517,Lime Stone
Q124619320,Swansea Sound
Q1243931,R-Port
Q3260146,Lou Quinse
Q110394001,
Q12631892,Grupa Prva Liga
Q7680296,Talons
Q7517764,Simian Ghost
Q16250283,KLOQ
Q56885105,Ars Brunensis
Q21426160,Naufragés du Silence
Q122734172,Walkner.Möstl
Q137596704,I Promised The World
Q28690702,
Q132864144,GOODM!X
Q7622279,Stratton Quartet
Q11897108,The Adventurers
Q12058865,The TRIAL
Q7384900,Rydell & Quick
Q116202204,Nightspace
Q126916830,One Dimensional Creatures
Q18246575,Tillsammans
Q118780412,Begun
Q10364506,Roquivários
Q5223164,Dark City Sisters
Q56280311,Alwa
Q5152784,Commissioned
Q81979766,Finishing Move Inc.
Q7999751,Wihan Quartet
Q126678372,Soċjetà Mużikali Marija Reġina
Q9143123,
Q3233372,Les Invendables
Q61996839,Insurrection
Q1684518,Jazzchor Freiburg
Q48701634,
Q3127172,Happy Drivers
Q16539762,Wilhelmer choir
Q15052792,Cool Rainbows
Q124327979,Blue Bendy
Q121297066,BY CRY
Q106515040,Pocket FishRmen
Q2918704,
Q65440666,Xiddigaha Geeska
Q124607382,Orchestra Kentucky
Q9192050,
Q124248914,Lauluyhtye Midit
Q31199698,Pogavranjen
Q7742923,The Jamaicans
Q99600461,Zohra Orchestra
Q7942341,Vox Archangeli
Q24947681,Polska Wersja
Q20685572,Slim & the Supreme Angels
Q11822486,Polski Chór Kameralny
Q11238345,PAN
Q19753175,
Q11997291,Rebolt
Q1727293,Schöneberger Sängerknaben
Q104890215,
Q115592300,
Q4128478,
Q31182454,VVhile
Q6089727,It's Alive
Q4200327,
Q108170922,Order of the Stoemp
Q115867178,Vicious Circle
Q10512916,
Q1954963,
Q15053613,50.Grind
Q12321875,Kind of girl
Q4095087,Botanica
Q7134434,Paradox
Q7741664,The In Crowd
Q6985743,Necrovation
Q82049527,The Undercover Dream Lovers
Q85748903,Bridesmaid
Q108584275,Quentin
Q16775015,Junge Bläserphilharmonie NRW
Q1985222,
Q10698162,Timjan
Q7770687,The Tudor Consort
Q114965647,FJF
Q125149710,The Ben Taylor Band
Q120969479,Senorenteamet
Q63208502,
Q11755352,Levity
Q3232929,Les Garçons Bouchers
Q11581148,
Q48700493,The Beckoning
Q20880874,Vassar College Night Owls
Q123592925,Michigander
Q21856538,Lewisham & Greenwich NHS Choir
Q3442012,Rorcal
Q7582031,Square One
Q3355349,Sherbrooke Symphony Orchestra
Q20435191,
Q1464199,Weiner String Quartet
Q74444743,
Q121295165,Mayday
Q56056520,Shiva
Q1319634,The Perfect Name
Q135486106,Orchestra del Teatro Regio Torino
Q110069639,
Q31188013,Sustrajah Band
Q110069374,
Q116858770,The Happy Fits
Q16496582,
Q56275524,Redbird
Q10512883,Göteborg Chamber Choir
Q55627655,Open Air Stereo
Q118696108,Monarques
Q93736791,
Q122171250,Russkaya Udal'
Q18689988,
Q5950664,Hutchinson Family Singers
Q7392040,SOFIA
Q6497391,Latvian National Symphony Orchestra
Q1466109,Vocal Concert Dresden
Q7933277,Violet Scene
Q20103055,Radiokuartet
Q115920377,Innerfields
Q85852040,The Buoys
Q2914880,Gulbenkian Orchestra
Q139301196,Peach Rings
Q56653761,For The Sake Of Martyrs
Q3049857,El Gafla
Q99542365,Johns Creek Symphony Orchestra
Q8042514,XT
Q123453344,Osprey V
Q96407936,Temper Temper
Q55636122,Transnistrian Police Orchestra
Q10307048,Joaquim & Manuel
Q16523600,Utolsó Alkalom
Q122926857,Debademba
Q118780392,Litoral
Q48702573,
Q122640183,
Q10891995,88 balaz
Q5477196,Mr. Airplane Man
Q11086144,White Elephant Orchestra
Q9260143,Five Lines
Q6816593,Mendelssohn Glee Club
Q108109296,Mike Stern Band
Q24940897,
Q105098487,
Q132561533,
Q10556442,Leiah
Q57606628,
Q3234399,Les Ours du Scorff
Q317935,Duisburg Philharmonic
Q2975186,Clan 537
Q136680291,Bach Hall Orchestra
Q137372799,Tre Voci
Q31897269,Södra Station
Q49279549,
Q20683949,Christ's Sake
Q3189959,Jumper Lace
Q3542614,Two Tone Club
Q4315569,
Q16096608,404
Q7246565,Prljavi Inspektor Blaža i Kljunovi
Q65254829,
Q7096571,Opera Atelier
Q31188347,Zamarra eta Aterkia
Q118904372,The Northern Boys
Q10585080,Midnight Band
Q107611240,
Q23056484,Colours in the Street
Q120335741,
Q3575237,Zephyr 21
Q23541249,The Players
Q56659496,Dubbel Trubbel
Q20612742,Alde Gea Sjongers
Q21234691,
Q94677058,
Q17590198,Mactätus
Q139762652,Cabri Brass Band
Q136675006,Omega Nebula
Q8195902,Allmänna Sången
Q132891429,Aftershock
Q135403339,Basic Beat
Q5793246,Cuarteto Caney
Q2067412,Tomàn
Q1349898,Eyes Cream
Q3693311,
Q108598935,The Midnight Boogaloo
Q10585077,
Q55470823,"Tango Desatado,"
Q12063127,
Q104545098,
Q65220070,
Q325920,Berliner Symphoniker
Q16829749,Dirty Epics
Q16949193,Loudest Whisper
Q2452300,Flamingosi
Q10372750,
Q109365189,
Q20525870,Lotosi
Q19894524,Naseer & Shahab
Q10578260,Mat åt far
Q16979598,Y-Traxx
Q13574487,Drumband & Majorettenkorps Maasbree
Q137855914,Elm City Four
Q5181788,"Craiova ""Oltenia"" Philharmonic Orchestra"
Q117304871,The Kapelle Choir
Q67869738,Underspreche
Q4774874,Antikarisma
Q117353603,Grosse Isle
Q17115469,Nuda
Q122926986,Schwab Soro
Q1490216,
Q9184459,
Q18960289,Star & Dagger
Q9258181,Faust Again
Q3401288,Prajna
Q4166697,
Q107380766,Queensland Youth Symphony
Q109236521,The Morris Springfield Project
Q2822218,Academy of the Begynhof
Q12261145,Julio Kageta
Q1711332,
Q7719409,The Borderline Saints
Q114928710,
Q10720031,Wijkmanska Blecket
Q18479390,Freaky Fortune feat. RiskyKidd
Q1907579,
Q384006,African Children's Choir
Q11987846,Fake Tapes
Q6038568,Inspirative
Q124296005,
Q65073135,Beast Coast
Q139757334,Nakusp Brass Band
Q65028487,Pasion Trio Szirmai Kramis
Q4927462,Blondelle
Q60743213,HELP! A Beatles Tribute
Q3018603,Jesus Culture
Q61365796,Modus Operandi
Q23023594,These Hearts
Q3144556,Héctor el Father & Naldo
Q117306756,
Q7751696,The Miscellaneous
Q96575332,
Q51887547,
Q112258309,1. Celler Handharmonika-Klub
Q96407984,Test Shot Starfish
Q16949674,Luxembourg Sinfonietta
Q21000490,Brant Bjork and the Low Desert Punk Band
Q5463963,Foddershock
Q17711723,Feline Satisfaction
Q85845734,Cook Thugless
Q17514473,Bacon Popper
Q85740447,Alaap
Q6934295,Mulloy Brothers
Q16954075,Mumsdollar
Q120959201,dumama and kechou
Q31188080,Lenao
Q4205938,Dim Sum Dollies
Q2691321,
Q111721207,Chopin University Big Band
Q97346675,interestingcn
Q8563402,Fish Go Deep
Q10718568,
Q17380983,Hyvän Tuulen Laulajat
Q120287753,4EVE
Q85807682,The Ladybugs
Q62569550,Made In Heights
Q7759262,The Ragamuffins
Q106155058,
Q134954246,
Q4218555,Ondříčkovo kvarteto
Q6997335,Nesian Mystik
Q2007071,
Q61364435,Hutsa
Q1316426,
Q30251289,Les Escapades Viol Consort
Q118118184,EOS
Q93514067,
Q7761961,The Sacred Aires Quartet
Q6851807,Milhaven
Q30941569,
Q6722004,MacLean & MacLean
Q11193810,CRAZY-A
Q95952171,These Hidden Hands
Q59528552,The Stills-Young Band
Q133211984,
Q66588092,DədəBaba
Q1500872,Gemeinsam
Q20530046,Saue Music School Wind Orchestra
Q3773650,Noori
Q131394604,Ruby Rushton
Q31093280,Sör És Fű
Q121426284,Royal Liverpool Philharmonic choir
Q134380027,
Q121029587,Rova Channeling Coltrane
Q11188857,Ace of Spades
Q133573848,Beaumont Sisters
Q111715551,Przyjaciele Karpia
Q7624827,Stroszek
Q65149349,
Q4499843,nnsuchoir
Q131275125,
Q12140994,Aurora
Q2788567,Ceoltóirí Chualann
Q65076155,The Vaughns
Q84939500,The Dirty Shames
Q55631330,Red Mountains
Q681006,Emerson String Quartet
Q11811727,Parlé
Q10695464,The Clan Destined
Q10544393,Katrina & The Nameless
Q60747783,Iniquitous
Q5932446,Hugh Reed and the Velvet Underpants
Q21082021,
Q115003618,LNY TNZ
Q114000123,Poor Man's Poison
Q15053237,Eradikal Insane
Q5047570,Carvin & Ivan
Q3547205,UHT
Q24075542,Sweet Murder
Q134028044,MAD MEDiCiNE
Q10456680,Coldtears
Q2878948,
Q12060627,James Husband
Q9338550,Sliotar
Q106688291,Linda a Pavel
Q63208521,
Q27597881,Truda
Q12514333,Sidepony
Q105571914,Sadie and the Hotheads
Q133037119,
Q18238920,Forsbacka kammarkör
Q22907980,Protonica
Q11951749,The Kluba
Q111364507,GangBay
Q65090950,Swaraag
Q22126026,
Q7843911,Tripwires
Q49098324,Eskilstuna Skyttemusikkår
Q25056533,Tomorrow People
Q137441786,Airforce
Q57556364,Adam Street Singers
Q129765224,
Q3564627,WC3 (A 3 Dans Les WC)
Q17220877,My-Butterfly
Q120335660,
Q115621478,Gnawing
Q2765883,SCH
Q85369529,
Q5293772,Don and Dewey
Q135237917,Minor Sing
Q28684287,
Q6138034,Tai Chi
Q1238467,
Q76496224,Western Penduz
Q12361005,Estonian TV Girls' Choir
Q115110569,Phantasmagoria
Q1381453,
Q10649832,Rasta Hunden
Q136696938,"Chamber Orchestra ""Dianopolis"""
Q3143061,
Q7756373,The Pattersons
Q61654349,Puerto Vallarta Gay Men’s Chorus
Q16353443,T.u.m.s.a.
Q65090095,United States Air Force Academy Band
Q48747252,Karnivor
Q22906711,Benoit & Sergio
Q7755389,The Original Salty Dogs Jazz Band
Q12239115,
Q105757995,
Q7899167,Uppsala Cathedral Boys Choir
Q3655731,Cantica Symphonia
Q61132904,
Q19630994,Bittereinder
Q7697851,Telstar Ponies
Q25095026,Home Blitz
Q107611923,Camerata Antonio Soler
Q140267675,Skadelos
Q107154102,Tempus Dark
Q85798070,Royal New Zealand Air Force Band
Q97317344,
Q7895075,University of Arkansas Razorback Marching Band
Q4050745,Tarmvred
Q65127272,
Q16654286,
Q25409902,
Q6498713,
Q20072496,
Q131580743,
Q6545459,Lifescreen
Q107299102,Plamenih 5
Q104829735,American Russian Young Artists Orchestra
Q85814917,Well-Strung
Q106141122,Banda Musical Velha de Barroselas
Q84806098,Desi Routz
Q3208573,La Famille Bou
Q105766758,Streambeats
Q11799220,
Q15877129,Jordan & Baker
Q25459378,Babel
Q3520871,The Film
Q56550276,Beijing Symphony Orchestra
Q7053138,Punch
Q8071869,Zikney Tzfat
Q50214245,
Q18155530,Mister Saturday Night
Q125157592,The Smalltown Rockets
Q18119616,Namgida Band
Q136203734,GHOST SIGNAL
Q3286514,Mansaku
Q60236891,3RENSA
Q11231943,MOON CHILD
Q94579695,Ludwig-Schuster-Quartett
Q6886980,Mobile Stud Unit
Q113076479,Miss Klang
Q126409389,Saint Cervid
Q12081581,
Q111703536,Rootz Radicals
Q12386472,Coral Polifónica El Eco
Q134454730,Retromorphosis
Q122926974,Bonbon Vodou
Q21061837,Sexwitch
Q130478509,Brother Oliver
Q16930080,The Other Colors
Q12048377,Půl dechu do měchu
Q7208229,Point of Grace
Q28126267,Pilsen Philharmonic
Q7489817,Shark Vegas
Q17277382,I Moderni
Q2783510,Les Muffatti
Q28688270,Koriyama Civic Orchestra
Q22098800,Ultra Tower
Q123384267,Fizz
Q63208527,
Q7728764,The Dalton Brothers
Q3054348,Enhancer
Q137585151,
Q138673938,Oversize
Q7753778,The New Virginians
Q10467631,Deejays
Q113332152,
Q61069343,Joselu Anayak
Q11244040,Source
Q134231209,
Q23499812,Tiger Menja Zebra
Q130363409,De Temps Antan & Le Vent Du Nord
Q2521069,
Q61364866,Kaleko Urdangak
Q7721562,The Cast of Beatlemania
Q3342473,No Water Please
Q12338991,The Cheaters
Q3660397,
Q7226529,Condor's Jr
Q24954848,The Belgrade Dixieland Orchestra
Q56272502,CH2 Girls
Q10695777,The Rolling Stones Live in Montreal Quebec
Q135992338,Albert Schweitzer Youth Orchestra
Q100157059,Mariachi Estrella de Topeka
Q125056994,Adam
Q6131006,Society of Quartets of Madrid
Q4668635,Above Ground
Q12314211,Granmakathryn
Q7712571,The Adventures of Loki
Q16295573,
Q97612812,"Tito, Vic & Joey"
Q12005298,Ferrier & Soulier
Q7589477,St. Lawrence Choir
Q2377642,Prima vista quartet
Q139757278,MacLeod Brass Band
Q115121907,Robert Jon & the Wreck
Q3981266,
Q1989405,
Q120335645,
Q60463142,Boa Morte
Q55654022,
Q94578986,Gahem la lua
Q3355051,Orange Kazoo
Q3059083,
Q88790439,Allen / Olzon
Q118434265,COLINA MIRALTA SAMBEAT - CMS TRIO
Q2028324,Oratorienchor Liederkranz Ravensburg
Q106373847,
Q3303358,Maîtrise de la Perverie
Q6956381,Na Fianna
Q10330352,Ministério Ipiranga
Q138351080,System Machine
Q127326959,July 14th
Q4279483,Malta Philharmonic Orchestra
Q56721799,Abu Dhabi Police Band
Q55709267,Destiny's End
Q25056453,Convictions
Q16843979,Mira
Q131395835,
Q16967370,Politburo
Q106312705,
Q96053283,
Q47488538,
Q4316010,
Q140190780,Moontricks
Q5321634,E.M.T.
Q15534163,Mince vo fontáne
Q821581,Berliner Kammeroper
Q110579907,CGM
Q2400259,Concordia & Amicitia - Ter Dilft
Q28722989,Gold band (big band)
Q3355334,Orchestre national de Bretagne
Q9166755,Baszta
Q3234743,
Q12327894,Munk
Q6994312,Neočekivana Sila Koja Se Iznenada Pojavljuje i Rešava Stvar
Q30958916,
Q56356018,
Q7306061,Redline
Q3530537,Tokyo Sex Destruction
Q13026025,
Q118202831,Budapest Lantos Choir
Q113577656,Binobin
Q1216227,Die Sieben Raben
Q105742419,
Q10424170,Backlash
Q58197772,Infinity
Q7770695,The Tuesdays
Q30889143,
Q58240598,Natacha & Nuits de Princes
Q134590110,Goblin Band
Q85846006,Glorious
Q6734188,Mahlathini and the Mahotella Queens
Q11965883,Domi
Q2816839,44 Magnum
Q66317236,Circus of Pain
Q18454728,Ceilidh Ceol
Q106808437,The Cavemen
Q16882028,Afro Blue
Q18276175,João Mulato & Douradinho
Q28701666,Selfy
Q124982469,
Q20857919,EL VY
Q9004974,Hot & Cold
Q6087114,Israel Piano Trio
Q2972165,Chœur des armaillis de la Gruyère
Q84939575,Richard Hughes and Walter T. Scott
Q31172790,
Q112256609,Chanda Na Kay
Q107440135,Halyx
Q22129282,THE INDEX
Q51777210,Octopus Maiden
Q13014647,
Q9366766,United
Q5331367,Eaton Operatic Society
Q2359559,Stuttgarter Liederkranz
Q16427739,Stórsveit Nix Noltes
Q128406817,Soċjetà Filarmonika Sliema
Q51210902,Kurdistan Philharmonic Orchestra
Q3089486,Frères de Sac
Q9286978,Hedfirst
Q3790082,
Q1573049,
Q4516169,Chirgilchin
Q4899354,Bevar Sea
Q28451617,Deny the Cross
Q85847765,The Sharpees
Q140356503,
Q13019733,
Q29526155,Danish Youth Ensemble
Q30646512,SycAmour
Q6053389,Orquesta Millennium
Q11261507,Osaka na Pengin
Q125346213,Amor Muere
Q8076498,Á Móti Sól
Q13034580,Desmond & the Tutus
Q7438921,Screamin' Sirens
Q28673840,Sexy Suicide
Q7414967,San Miguel Master Chorale
Q11256212,
Q16190601,Delên
Q13138465,Ubrabaya
Q7488803,Shanneyganock
Q3212998,La Swija
Q85991549,
Q7204426,Pledge Karma
Q16959133,Nothing and Nobody
Q7712421,The Adults
Q60841389,
Q3574466,Zabriskie Point
Q27768120,Beethoven Academie
Q4834375,B21
Q7148160,Patrulla 81
Q60835961,
Q72615637,Chuchumbé
Q24104705,Quatuor Cambini-Paris
Q27817080,Redneck Souljers
Q6690654,Love Inc.
Q9281229,Grupa Furmana
Q137639890,Sleepazoid
Q118780408,Kejaleo
Q2982778,Mary Read Collective
Q9294903,Human
Q11904325,
Q19606507,Aryos
Q55831019,
Q11888655,
Q17190598,Orchestre symphonique de la R.T.B.F.
Q21005849,Chongbong Band
Q17213440,
Q19375239,
Q138005792,By Storm
Q12626917,Anesthesia
Q15943770,Vic du Monte's Persona Non Grata
Q65217370,Hungarian Harp Trio
Q16620019,"Zespół Pieśni i Tańca Silesianie"" Uniwersytetu Ekonomicznego w Katowicach"
Q7663020,Syracuse Brigadiers Drum and Bugle Corps
Q124322845,Babylonia
Q2056685,Haags Matrozenkoor
Q7318093,Revere
Q3334078,N&SK
Q110069580,
Q65028964,Matthias Spillmann Trio
Q2780170,Øresund Space Collective
Q65255721,
Q8179667,Wratislavia
Q61397454,Boyanka Kostova
Q16269169,
Q11007151,Serenata
Q16687388,
Q10518042,Hardda Ku Hardda Geit
Q12000332,Sigh & Explode
Q133799702,
Q4308718,
Q11714029,Irjan
Q16438887,
Q47569561,The Crab Apples
Q11501077,
Q15884167,ZUN
Q24075278,Zetetics
Q580029,LTK Commune
Q15780725,
Q12316743,Highway Child
Q6605315,
Q125609720,Good Night & Good Morning
Q107005503,Auckland Opera
Q22980401,Manoeuvres
Q7742595,The Iron Horse
Q97365349,Orchestre des jeunes de la Méditerranée
Q106929683,Paper Squares
Q2634505,VU Orchestra
Q23057716,Three Friends
Q96901782,Xmilk
Q55641072,Military Band of the Southern Military District
Q11440030,Osaka Symphony Orchestra
Q126278381,Għaqda Mużikali San Pietru fil-Ktajjen
Q132451918,Dead Tooth
Q24191178,Ukrainian Male Chorus of Edmonton
Q115150932,Tatu
Q9371577,Wawele
Q3203287,L'Esprit du Clan
Q5412323,European Bridges Ensemble
Q10547848,Kontrovers
Q12873713,
Q98562530,Chamber Choir of Europe
Q635237,State Academic Symphony Orchestra of the Russian Federation
Q10436144,Brothers of End
Q113119467,Cappella Mediterranea
Q11965732,
Q116621560,
Q11766921,Mamas Barn
Q30922845,THEロック大臣ズ
Q4384422,
Q123959829,Baksteen
Q4996954,Bullitnuts
Q115063159,Solitaire
Q3355350,Shanghai Symphony Orchestra
Q123118097,дуем с восемнадцати
Q134053353,Forkupines
Q61749208,Calema
Q1395549,Fanfarenzug Potsdam
Q1215145,Die Neuen Österreicher
Q18242086,Growing Grass
Q88553757,Los Hermanos Mattar
Q59428221,Mercury Tide
Q99731202,
Q11812380,Distant Bells
Q4315001,Pavlo Virsky Ukrainian National Academic Dance Ensemble
Q7498319,Shiraz
Q97658760,
Q50404951,
Q92624462,
Q122926912,The Movers
Q20622414,Mick & Sugar
Q118495959,U:NUS
Q3753714,Frontiera
Q16496596,
Q65264446,
Q11198739,F.C.F.
Q12270776,
Q137583798,Pihalni orkester Alples Železniki
Q120335710,
Q10624431,Perplex
Q10342130,Os Tubarões
Q63208478,
Q122927078,Ensemble La banquise
Q50086756,Coro di voci bianche di Renata Cortiglioni
Q31188463,Bad F-line
Q11196757,delofamilia
Q4050858,
Q4050327,Suis La Lune
Q11788092,
Q85845895,Extraordinary Rendition Band
Q7776479,The Yage Letters
Q97658892,Alibi
Q7539213,Slaveco.
Q25352190,The Furys
Q116403933,The Landers
Q3033086,DjurDjura
Q139920654,PEEC
Q55737210,
Q6986424,Nee
Q15993863,Paranoid
Q48809140,Associazione Corale Luigi Canepa
Q119175131,
Q106581268,
Q10443100,Carl and the Rhythm All Stars
Q65081328,This Band
Q106589968,Sun June
Q136349295,Sinfonietta de Pamplona
Q131152366,Men of Harlech
Q107226729,Pogost
Q126717468,Argenta
Q1973166,Hammercult
Q3193963,Kat Onoma
Q4949814,Bounce Streetdance Company
Q7100241,Orchestra London Canada
Q17625109,
Q110895196,Summerhill Orchestra
Q107657671,Capstan
Q116949159,Doomslut
Q17098436,Petar Pan
Q7170354,Persil
Q2030967,Netherlands Symphony Orchestra
Q10973995,
Q2873417,Avel Glas
Q9163265,Azyl P.
Q16419242,Kritikal Mazz
Q4955788,Brain Slaves
Q4037467,
Q139029708,Sicilian Baroque Orchestra
Q7590766,St. Michel Strings
Q18238222,Crompojkarna
Q7751804,The Mitgang Audio
Q124004718,Edicion Especial
Q140055667,Oakland Choral Society
Q11371373,
Q21999835,99 Souls
Q20726150,
Q32361154,Moya Mishel
Q7180587,Phantom Regiment Drum and Bugle Corps
Q2218060,Kilhi+Ice
Q124705805,Soul Majestic
Q11189700,ATOMIC TORNADO
Q132133511,The Coathangers
Q108177135,Moscow
Q16840570,Gurkha Contingent Pipes and Drums Platoon
Q16531395,Last Resort
Q125843448,W.i.S.H.
Q20547906,CyBee
Q106655900,Greek National Opera Orchestra
Q85785490,Military Intelligence Corps Band
Q61101423,
Q126074865,Animales Muertos
Q9615162,Angel
Q340088,Leonhardt-Consort
Q126163919,The Latency
Q5464151,Foil
Q2924659,Breuvachons
Q118550074,The Carl Nielsen Quartet
Q139762592,Streetsville Brass Band
Q10381334,
Q111687907,
Q7462938,Shaking Ray Levis
Q25402461,Philm
Q11914380,Cobla La Principal de la Bisbal
Q7730723,The DoubleHappys
Q5644168,Hamavayan Ensemble
Q10577374,Marigold
Q64684765,Bev Bevan Band
Q65229181,KiNGONS
Q138003097,Peterparker69
Q21509863,Trugschluss
Q798096,Bachchor Gütersloh
Q132544642,OVMN
Q1285729,Satöbbi
Q12745242,Fani bend
Q54805195,La Monnaie/De Munt
Q55831487,
Q16132023,
Q48791282,Chris Weaver Band
Q134721441,Little Big Sea
Q6748176,Mandragora
Q48945120,
Q16844151,Hogsnort Rupert
Q114650273,Arka'n Asrafokor
Q29023844,
Q115691401,
Q6937065,Muon
Q13055888,Kärwansaray
Q5756017,High Pass Filter
Q7162978,Peninsula Women's Chorus
Q55712258,NOLA French Connection
Q12058320,Tarapaca jazz
Q64922915,Bob Boon Singers
Q65158644,Skáld
Q105587956,
Q48755439,AFRO PARKER
Q12269249,Ze Esatek! 3.0 Bira
Q137639661,Sound System Seven
Q105396069,
Q7743032,The Jazz Couriers
Q3120943,Solid Base
Q27869941,Mastiphal
Q106214601,
Q1162603,Hungarian State Folk Ensemble
Q7490578,Shaskeen
Q7563208,Vital Signs
Q57305449,One Nation Emcees
Q61365757,Gorpuzkingz
Q2011797,Utrechtsch Studenten Concert
Q25834864,Klinkhamer
Q66085060,Cobra
Q31160189,Felső Tízezer
Q11248837,THE HELLO WORKS
Q124740819,
Q106383060,
Q4039503,
Q28913429,
Q11121317,
Q99180037,Magestick
Q28688433,Swip
Q4689780,African Head Charge
Q2547977,
Q12761691,AC+
Q2605349,
Q31182620,Mr.Rabbit
Q85980739,
Q120335585,
Q16306116,Peacemaker
Q3003548,
Q20102961,Kayo Malayo
Q28683032,FINAL FRASH
Q4039697,Green Grey
Q7007519,New European Ensemble
Q11987750,Magic Pocket
Q106288123,
Q117031640,Tokyo Philharmonic Society
Q55138039,Moscow Apartment
Q4193030,Zodchiye
Q125184293,Moonshine Reunion
Q55467054,"Las Rositas,"
Q10524050,Him Kerosene
Q16087676,Skepsa
Q17301340,
Q1453363,Immortal-Bach-Ensemble
Q7739863,The Hitmakers
Q85865761,Inear
Q116257543,The Longo Brothers
Q115300415,Teen Angels
Q806488,Bangkok Opera
Q16688543,Maxima
Q56404315,Cikada
Q25438665,
Q131010437,
Q52084275,Galactic Empire
Q109315325,Tach Noir
Q2963096,Chevreuil
Q11318672,
Q99744065,Systrarna Feldt
Q16688499,
Q14275936,Dr. Death
Q116182306,
Q12055342,Sonaglio
Q991756,Esztenás együttes
Q23074203,Wellington Brass Band
Q6833117,Michael Nyman Orchestra
Q139832471,Monks of the Drukpa Order
Q11989889,
Q10461542,Crimson Stone
Q7545799,Smoke'n'Soul
Q18747875,Fair Weather Friends
Q30642455,Steamchicken
Q11230732,
Q3151092,Inimikall
Q3127360,Hardcore Masterz Vienna
Q123856961,
Q3985302,Tetraktys
Q2793959,MIC
Q121028122,
Q9179030,Branâ Keternâ
Q56353505,WHITEHEAD
Q13194835,Sunrise Not Secular
Q65255011,
Q11688339,Blues Doctors
Q11189597,ARTERY VEIN
Q10594940,Natural Way
Q134553594,
Q819841,Bergische Symphoniker
Q116517437,She Spread Sorrow
Q13137719,
Q10517478,Hansson de Wolfe United
Q2041879,Luna Twist
Q120825657,The Mick Fleetwood Band
Q18163008,Orlando Quartet
Q120567742,Victory Worship
Q1955323,Musiques Nouvelles
Q3693827,"Coro ""C. Monteverdi"" di Crema"
Q9339795,Soundcheck
Q30931186,21st Century Orchestra Tokyo
Q4580803,HaClique
Q13021024,
Q22907835,Dirty Sole
Q1955198,Musikkorps der Bundeswehr
Q1663679,Inker & Hamilton
Q80897932,Irwin Sisters
Q25463592,
Q55466026,Conjunto La Chicana
Q9192072,
Q18660368,Femail Choir KYN
Q133415586,Houston Grand Opera Chorus
Q56392228,
Q106459403,
Q60840937,
Q19884100,Martyr Defiled
Q16132995,
Q1382419,Evil Cavies
Q116025388,kultodinochestva
Q3236757,Less du Neuf
Q2000304,North Alone
Q110393175,Culwick Choral Society
Q104902731,Pair-A-Dice
Q5834063,
Q6683194,Los Relámpagos del Norte
Q137585133,
Q10398021,Above the Clouds
Q4042893,Lightwave
Q116690444,Münchner Streichquartett (1)
Q1815632,Leipziger Universitätschor
Q9137785,"A Fine Boat, That Coffin!"
Q138031276,CIXY
Q113614049,Bosudong Cooler
Q2863501,Arpanet
Q28727054,Mundos Banda
Q16727935,Charanams
Q113558943,
Q12107929,
Q4053410,Xuman
Q65160573,
Q1520334,GewandhausChor
Q2872083,Auspex
Q22101231,56輪の花
Q4699622,Ajay-Atul
Q95700222,Calostro
Q7739613,The High Society
Q5310884,Dublin Duck Dispensary
Q85743034,Arms Race
Q120727849,Confrérie van de Roze Olifant van Melle
Q132398384,Sisters Doll
Q29468813,Oh Hiroshima
Q4999208,Burlington Boys' Choir
Q11835168,Rokosz
Q16061598,
Q16356250,Voiceks Voiska
Q11457659,Takarabune
Q106778626,Veps
Q7752809,The Mutton Birds
Q7672610,TZN Xenna
Q11474851,Borisenko Brothers
Q7751705,The Miserable Rich
Q10293706,
Q140189197,
Q3202506,L'Atelier
Q3350030,Okeepa
Q106282861,
Q136683005,
Q4042303,
Q28805868,Solala
Q114636570,Worcester Kiltie Pipe Band
Q1689874,
Q7843077,Trio Ceresio
Q120282041,International Novelty Orchestra
Q120335717,
Q27817100,Classically Handsome Brutes
Q116979416,Immensity
Q65128783,Trio Bobo
Q10695450,The Chainsaw Zombies
Q2337657,Pan American
Q19728871,
Q5402670,Eternal Majesty
Q8350885,
Q12343001,TheCOMPANY
Q16158798,Interpressive
Q6906302,Montreal Jubilation Gospel Choir
Q12763311,Boban i Marko Marković Orkestar
Q124751977,Sad Boys
Q33093645,Warhaus
Q840875,Endorphine
Q9337608,Skangur
Q12741985,Craiova Romanian Opera
Q2325129,Staatsorchester Stuttgart
Q31189040,Lurra
Q7752145,The Moody Boys
Q813091,Beat System
Q106153962,George Hatcher Band
Q7728889,The Dapper Dans
Q5124760,Civilization One
Q29935073,Basler Madrigalisten
Q16494815,Associação Banda Musical de Rio Mau
Q11793727,Nowo Mowa
Q2665640,DJ Visage
Q137049646,The Skaters
Q16958350,Iranian Orchestra for New Music
Q136703695,Philips Symphony Orchestra
Q115124152,The Cat Police
Q11252083,UPPER
Q2433486,Till We Drop
Q16551099,Earthbound Papas
Q25466477,
Q10701566,Tre Damer
Q16430434,
Q50411596,Fanfare Sint-Cecilia Boezinge
Q108403118,The Bobby Lees
Q137455935,Stone Town Rockerz
Q3355072,Orange Street
Q61363716,Subversion X
Q7047756,Noisex
Q48858601,
Q3513534,Tabou Combo
Q115531905,GLAS
Q139762684,Earl Grey Brass Band
Q16097225,
Q5163442,Conspiracy of Beards
Q22121819,Los Cuñaos
Q16140922,
Q20070954,
Q3480952,
Q117191283,
Q3712681,Dolly Sisters
Q1287672,Shygys
Q3198301,Kohann
Q130807100,The High Society
Q111715569,Przyjaciele Karpia
Q28169610,SNKM
Q140158857,Innsbrucker Festwochenorchester
Q15825122,
Q10341672,Orff Orchestra of Porto
Q8035653,World Doctors Orchestra
Q10341708,Orquestra Sinfônica da Paraíba
Q126924596,
Q1728163,
Q7208517,Poitín
Q3305323,
Q2391580,West Australian Symphony Orchestra
Q97277669,
Q12085520,
Q56295744,
Q115137054,My Dead Girlfriend
Q28684538,
Q919650,Xol Dog 400
Q3522173,The Parisians
Q11395428,
Q17353191,Maîtrise Notre Dame de Paris
Q7116908,P-Unit
Q20687354,The Soul Seekers
Q6874589,Mirror Lakes
Q123682829,Boneshaker
Q104804856,
Q105527818,Banda Didá
Q105515986,
Q813218,Beathoavenz
Q113414526,
Q105245755,
Q132290587,
Q1113456,Combat Company
Q124321816,Ensemble de Percussions Les Pléïades
Q137258770,Westside Cowboy
Q6934553,Multi Purpose Chemical
Q97196049,Manacor band
Q7751334,The Midnights
Q2410876,CBC Symphony Orchestra
Q110845907,
Q11981687,
Q65152338,
Q10468615,
Q121027907,Data MC
Q11939479,Orfeó Català de Mèxic
Q7562353,Sons of Table Mountain
Q4071509,
Q12349873,
Q111715575,Przyjaciele Karpia
Q3303352,Maîtrise de Caen
Q17988062,Pastel Wind
Q139912965,The DNA Algorithm
Q2878927,Bagad Gwengamp
Q25055781,Magnificence
Q11682533,Netherlands Bach Collegium
Q28170922,Tangerine Circus
Q105839925,
Q118499680,Axelrod String Quartet
Q20105223,
Q132147437,Fars Symphony Orchestra
Q16625165,
Q25458784,PartYssimo
Q65255663,
Q16423559,PAN
Q100410251,
Q56391364,Silampukau
Q124497100,
Q123907416,Loveless
Q5054495,Cauldron Born
Q121411551,
Q1546298,
Q108274331,
Q1774957,Schumann Quartet
Q140243599,Sharks' Teeth
Q49508791,MORE NEBA
Q4739821,Amandine
Q124100389,
Q7843064,Trio
Q65255060,
Q10562764,Linköpings Akademiska Orkester
Q7578081,Spirits in the Sky
Q25351871,Zusha
Q24232607,Serebrios
Q133860772,Sons of Sunday
Q4017821,Walkingseeds
Q12470996,
Q18235102,Hidden Tribe
Q134821213,Pop-Up
Q5350644,El-A-Kru
Q134028398,
Q28411522,
Q51033615,Purest of Pain
Q3744939,Orchestra filarmonica di Torino
Q7767110,The Students
Q7784869,Third Harvest
Q6086599,
Q2991731,Concerto Vocale
Q10575039,Mad Juana
Q11273363,
Q15052663,The Holy Guile
Q86673071,Alex Lindsay String Orchestra
Q3922848,ProjeKct Four
Q69498245,Alva Noto + Ryuichi Sakamoto
Q11747877,
Q19707938,OK! Ryos
Q118951960,
Q97180373,
Q117219415,Lime Garden
Q16143886,
Q130436090,United Freaks of America
Q19398953,
Q5302769,Down 'n' Outz
Q4736082,Altai Khairkhan
Q124673586,The Bonedaddys
Q455608,Amateur Transplants
Q120335566,
Q139781185,Twilight BlooM.
Q4053265,
Q12484380,Gong 2000
Q21812785,Art big band
Q30527009,
Q3499496,Stilluppsteypa
Q129900144,Angelo & Angela
Q7717434,The Bhojpuri Boys
Q115621877,Sunflower Mafia
Q130729618,Cantata Society of New York
Q20584595,Lokal Brown
Q7319469,Reyes del Bajo Mundo
Q3230376,Les Acrobates
Q7940540,Volodar
Q108685508,Kondi Band
Q115618697,
Q9171518,Big Band Uniwersytetu Zielonogórskiego
Q19852580,
Q12639010,Croatian Armed Forces Band
Q3484141,Similia
Q11337151,
Q4036506,Contagious Orgasm
Q16851989,Joyrider
Q60997310,
Q27957625,The 2930s
Q1815972,
Q2081923,Peñalosa-Ensemble
Q17524569,Ahimsa
Q117352672,Bi Zaldi
Q15992628,Happy Family
Q61654326,Fort Lauderdale Gay Men's Chorus
Q85980175,
Q123046742,Baroque Camerata
Q120281557,
Q16112570,Atlantida
Q56231183,
Q20557663,Allah's Kanañ
Q95920110,THE9
Q13026182,Calories Blah Blah
Q4973283,Brokeback
Q112977038,
Q12267705,Strikers
Q135192896,Problem Patterns
Q139757327,Lillooet Brass Band
Q65236775,
Q135412442,Jack Ruby
Q15876162,
Q13146784,
Q104793511,
Q3522627,The Sea Urchins
Q13142943,The Wright Thing
Q17521517,Bayerische Philharmonie
Q31189038,Anger
Q3196783,Kim Novak
Q18682990,Donut
Q10671892,Small Town Singers
Q9283266,Gypsy Sun and Rainbows
Q130050639,Kawartha String Orchestra
Q137214161,Re-TROS
Q109412999,
Q122184695,
Q876502,Symphony Orchestra Vorarlberg
Q22121795,The Bad Roads
Q7995906,Whiteflag Project
Q120335720,
Q1333165,Elole-Klaviertrio
Q61397907,Athenians
Q98456464,
Q116450084,
Q16951675,Sulu Babylon
Q1568183,The Swingle Singers
Q10673009,Sofia Vokalensemble
Q79917430,Carlish and Wellmon
Q3548561,Un Drame Musical Instantané
Q18238789,Falu Fredskör
Q20530530,
Q19854495,
Q27817177,The Radars
Q116745311,Shlomit & RebbeSoul
Q1215295,Peterlesboum
Q31886057,Fröken Elvis
Q24912037,Doomsday Hymn
Q63987201,Treintañeras Cañeras
Q124004684,Enigma Norteño
Q4046394,Pantheon I
Q125184426,King Oliver's Revolver
Q5443515,Fenn O'Berg
Q96472483,Bamberg String Quartet
Q5464228,Fol Jazik
Q24962845,The Wainwright Sisters
Q12256465,
Q11182236,
Q135921227,Pete Roth Trio
Q11244656,STERUSS
Q47012274,Chineke! Orchestra
Q7738141,The Green Children
Q65255405,
Q10679637,Stickboy
Q104794802,Banda União Musical Pessegueirense
Q107685684,Duper
Q7761765,The Rubio Quartet
Q55621249,Loose Buttons
Q11548599,Mito Chamber Orchestra
Q5283915,Diverse Harmony
Q3504824,Tune Up!
Q22981119,Lloyd Cole and the Negatives
Q4764718,Anima Mundi
Q7537943,Skymarshall Arts
Q56405871,
Q18238140,Civil Olydnad
Q7857663,Twelve project
Q85807191,The Flex
Q133538375,The Jeffrey Lee Pierce Sessions Project
Q28682296,
Q116371145,Crazy and the Brains
Q19757671,Death Team
Q96211622,World of Pooh
Q20066820,
Q16830621,
Q54958766,Royal Coda
Q7067307,Noxious Enjoyment
Q2365962,Krambambula
Q125678072,Phunky data
Q4327282,Norske blåsekvintett
Q123370757,Sour Sitrus Society
Q6828826,
Q9305562,Regres
Q107171519,XKA
Q139822959,
Q69164860,The Bey Sisters
Q123583014,Saturnday
Q11412530,
Q55520458,
Q97627904,The 502s
Q13136885,Ljoubjr
Q67222811,Malopoets
Q11377760,Sendai Philharmonic Orchestra
Q12018450,Greedy Invalid
Q65035604,Hans Peters Swingtet
Q138504328,Cats Against the Bomb
Q18162416,Spookey
Q91630331,Studio 99
Q111893715,Serment Royal des Saints Michel et Gudule ou des Escrimeurs de Bruxelles
Q128356050,Poppy Patica
Q12842245,Monte Kristo
Q11688929,Brudne Dzieci Sida
Q12005820,The Kulta Beats
Q11146207,Neki to vole vruće
Q12690719,
Q115621544,Work Wear
Q4255989,Philharmonic of the Republic of North Macedonia
Q85806583,The Black Moods
Q10650072,Rebels Revenge
Q61365966,Onki Xin
Q121840422,
Q126095019,OU
Q11324994,Neurotica
Q28678355,Império dos Sentados
Q3233334,Les Infidèles
Q12720172,Alb Negru
Q2816681,
Q106046430,Gabrielle Roth & The Mirrors
Q63691998,wwrw
Q19299521,Russian Chamber Philharmony Saint-Petersburg
Q11892724,Schaliach
Q113369306,Frost Symphony Orchestra
Q85846077,Harlem Spartans
Q10576301,Mammút
Q124338293,Navajo
Q6053368,Orquesta Filarmónica de Montevideo
Q139915509,XCOMM
Q126049471,
Q99533574,The Blendtones
Q104980792,
Q17711949,Trondheim Thereminorkester
Q138315386,YouANDme
Q106367781,
Q104777300,
Q20687466,Undivide
Q11854767,
Q28114872,Zerega's Spanish Troubadours
Q24260800,The Stumblin' Blox
Q23710025,
Q60785206,Czech Army Central Band
Q108274724,SARUKANI
Q130279388,London Welsh Male Voice Choir
Q25453913,434cam
Q19902067,Charlie and the Bhoys
Q25407616,Karma Man Kaya
Q16422609,
Q7198270,Pisenlav
Q124423237,Civil Terror
Q12071632,
Q124324156,The Nino's
Q26258181,Koenix
Q13461863,Charly & Gallus
Q2372023,Schola Cantorum Amsterdamse Studenten
Q24582557,Generation Axe
Q18960294,Vamoose
Q7744017,The Kavaliers
Q138314214,Sugarcane
Q111685968,
Q106203434,
Q123555208,Herdoil
Q3521299,The Hop La !
Q138548782,Dark Star
Q110895184,Prince George Symphony Orchestra
Q112567044,
Q9390296,"Zespół Pieśni i Tańca Bielsko"""
Q136674471,Oulu Chamber Choir
Q9149198,Altra Volta
Q65264673,
Q55651727,Tivon Israel Chamber Choir
Q85809770,Timeshares
Q3128972,HeadQuake
Q66969007,
Q3382490,Pichismo
Q105721547,
Q7267206,Qayaas
Q11699354,Gang Marcela
Q1497661,Gee Gee & Soluna
Q61903576,Christlijke Muziekvereniging Oranje
Q3399958,Potato
Q121536337,
Q14947922,Ashland HIGH
Q140106891,Bubabu
Q65062670,Temple of Perdition
Q132764303,Y Ficer
Q20112280,Glam & Fash
Q125157308,The Headless Horsemen
Q99826111,Industria del Amor
Q9377645,Wolf People
Q28492108,Heritage Chamber Orchestra
Q31187974,LAIN taldea
Q11939568,Orquestra Maravella
Q18246903,Vokalharmonin
Q20667986,Nidaime J Soul Brothers
Q109345514,B.T.O.D
Q139762672,Qu'Appelle Cornet Band
Q16247130,Black City Lights
Q136612393,Radosta
Q3523329,The Weather Prophets
Q111893912,Ancien Grand Serment royal et noble des Arbalétriers de Notre-Dame au Sablon
Q11798138,
Q7720340,The Brother Moves On
Q61107913,
Q7644658,Suppurate System
Q4574198,Samvirkelaget
Q3400421,
Q12337406,Storstrøms kammerensemble
Q23073826,Stonewall Brigade Band
Q2745852,
Q28701654,
Q62018168,Universal Indians
Q9368679,Video
Q11240847,REVERSLOW
Q42852394,Opera Ireland
Q109361687,
Q3297151,Masaladosa
Q3373810,Peach ftl
Q4218533,
Q18246370,
Q10441100,Camouflage
Q3821498,La bottega musicale
Q2935518,Camping sauvach
Q99496930,Alegria De Andalucia
Q24341698,
Q48700194,Arcadea
Q7732819,The Expendables
Q65255733,
Q139980783,Ekonomimestarit
Q61069861,Zartako
Q16700879,
Q117858299,The Lucifer Principle
Q15044897,The Janitors
Q132167138,Eric Ericson Chamber Choir
Q4046669,Pep-See
Q6676073,Thaitanium
Q25432962,
Q56388543,Studio 5
Q31182468,
Q136385010,NUAC Orchestra
Q139762553,Louisbourg Brass Band
Q136745852,Serpents of Pakhangba
Q10695813,The Slaves
Q7649271,Suspicious Cheese Lords
Q107894098,
Q3693834,
Q89474689,
Q11191867,Bugy Craxone
Q11613152,
Q10498619,
Q10480806,
Q135117166,Queen Extravaganza
Q107636275,
Q137798598,Mary Galvão e Mário Campanha
Q118129834,Girl Friends
Q5096567,Chicosci
Q123237633,Con-Dom
Q139757298,Chilliwack Loyal Orange Lodge Silver Cornet Band
Q124217830,
Q10493875,
Q23045552,
Q11992712,Novafunk
Q11332696,
Q17217097,HaKU
Q110069273,
Q125716897,Ensemble Callinos
Q63208488,
Q138412313,Bachorchester Hannover
Q136446467,Madagascar Orchestra
Q11990394,
Q55457919,Típica Andariega
Q85868721,Kidorikko
Q139753066,Gitlakdamik Harmonic Silver Band
Q106639932,Tutankamon
Q5049434,Cassini's Division
Q16565306,Kapela Ogórki
Q12890967,Gemini Allstars
Q7396803,Sack
Q13430820,At the Racket
Q11994013,
Q106869205,New Zealand Opera Company
Q7749597,The Magnificents
Q10542279,KTH:s Akademiska Kapell
Q6739869,Makoma
Q2601319,Theatre Lyrique
Q97167079,I Solivar
Q6586408,Long Range (band)
Q48749065,Diue
Q25000608,Chris Buck Band
Q1643730,Bimbo Jones
Q136192725,Danefae
Q11374906,Kyoto University Symphony Orchestra
Q106436229,
Q10456945,
Q91090815,
Q10282174,Filarmónica Recreativa Carvalhense
Q16943101,
Q382702,Badische Staatskapelle
Q6116105,Jackdaw with Crowbar
Q2870753,Audio-mastick
Q113332023,
Q12005183,Tango for 3
Q18578131,Sœurs Bordeau
Q11295478,
Q20202520,Spids Nøgenhat
Q2469754,Noir Fleurir
Q31188026,Behi bi Blues
Q96412663,United States Naval Academy Drum and Bugle Corps
Q96418550,Heathen Apostles
Q7644100,Superphones
Q116896399,The Look
Q113972060,
Q3148454,il Gardellino
Q99542572,Voices of North Georgia
Q61365080,Zozo
Q110069447,
Q1100532,Jenghiz Khan
Q20684858,Monkey Plot
Q56402305,Veles i Vents
Q3693904,
Q1561720,Laboratorija Zvuka
Q25402436,Killing Skills
Q2133680,Raver’s Nature
Q128407333,Każin Banda San Nikola
Q13025043,
Q116481267,Karma
Q2840091,Alpine decline
Q47080123,
Q3213764,La Vierge du Chancelier Rolin
Q16429324,Jan Mayen
Q7449213,Semen of the Sun
Q104845382,Short Fictions
Q23498628,Mitja cobla
Q138542776,Sensible Soccers
Q107031094,Gorath
Q12101499,Dobrovliany
Q1626214,Theater Krefeld und Mönchengladbach
Q62070988,
Q134590136,A Cloud of Ravens
Q456659,Ambassade Orchestra Vienna
Q18244938,Panta Rei
Q31871557,Voize
Q65053184,Havana D'Primera
Q21710031,
Q105297092,Chorale du CNRS Île-de-France
Q136563322,
Q139762661,Indian Head Cornet Band
Q136529487,
Q66969006,
Q12113848,
Q7487120,Shalabi Effect
Q12005961,
Q30602425,Doldrums
Q9390179,Zero
Q124369322,The Don't Touch My Croque-Monsieurs
Q110816364,Krueger
Q2666032,Prague Radio Symphony Orchestra
Q4038413,
Q10532786,
Q4051283,The Short Waves
Q65254929,
Q11241990,ROCK'N ROLL STANDARD CLUB BAND
Q65254817,
Q95500248,Khazad-dûm
Q111370706,Absent in Body
Q20710273,The Ramblin' Riversiders
Q9143937,Al-fatnujah
Q7270610,Queen of Japan
Q14622698,Brussels Philharmonic
Q111953113,Rancid Eddie
Q20436760,"Ready, Set, Fall"
Q57830633,Touché
Q31358738,Broc Môr
Q11733022,KTO TO
Q7847303,TrueBliss
Q5125533,Clan Gregor Society Pipe Band
Q65070744,The S.L.P.
Q11790568,Neo Retros
Q6584368,
Q113532029,Boys be
Q1795812,Kölner Domchor
Q113996276,Kobzaryk
Q79419195,Freies Studentisches Orchester Rostock
Q22121857,Mena Moeria Minstrels
Q119085754,
Q7542364,Slusnik Luna
Q133499266,
Q3529278,Tipo jazz band
Q97177949,
Q9184456,Cantores Minores
Q133729046,FLAVOR FOLEY
Q55639832,Gulfer
Q97222426,Viljandi KEK chamber choir
Q10461248,Creamers
Q11329874,
Q25440527,
Q30640261,Slice The Cake
Q63208528,
Q96966998,
Q11995119,People Are Machines
Q30219116,
Q65255494,
Q136654458,SOS United
Q7011181,New Rhodes
Q66819434,Hughes Brothers
Q24196290,The Shannons
Q3231399,Les Chatons
Q7111056,Our Last Enemy
Q6380500,Kaydee
Q15052661,Fortified Destruction
Q10696856,This Perfect Day
Q137919814,Sweetnotes
Q16679364,Tess
Q136825176,Utah State University Aggie Marching Band
Q48720239,The Echoes
Q12351144,
Q4867943,Bass Odyssey
Q4410546,
Q28126756,Leo and the Prophets
Q96406207,Sports Team
Q4132212,
Q108340504,
Q85847703,The Gardenias
Q2356096,Runes Order
Q12379558,Estonian National Youth Symphony Orchestra
Q131948943,Orchestre national de jazz du Luxembourg
Q56100825,Penang Philharmonic Orchestra
Q108612070,Halter
Q12264921,Norte Apache
Q123120416,INABA / SALAS
Q20687340,The Holydrug Couple
Q18286671,Taschenphilharmonie
Q7124224,Page 44
Q6266904,Johnny Hobo and the Freight Trains
Q99640635,Orchestre national de l'O.R.T.F
Q21546036,Blood Vomit
Q136447555,Yokosuka Symphony Orchestra
Q30941043,Blanc7
Q24836339,Electroeyes Girls
Q132185632,Lumír
Q106645633,Civic
Q61362791,Zakillers
Q2915331,Obtained Enslavement
Q125170247,
Q3128300,Hatepinks
Q7135256,Paramita
Q11662926,Mt. Fuji Philharmonic Orchestra
Q2452995,
Q56278182,Honey Bucket
Q8045919,YLK Organization
Q13052577,
Q12361263,
Q17561309,The Marching Virginians
Q99853450,
Q11298040,CHYREN
Q4233745,Royal Academic Orchestra
Q140026797,John Andrews & The Yawns
Q2845959,Ancient Art Of Boar
Q65028342,We Spoke
Q24459525,Energie G
Q12152435,Serdce Jennifer
Q5292456,Don Cossacks Choir Russia
Q11982354,Kung Fu Girls
Q3820824,La Famiglia
Q11192675,Breakthrough
Q12099657,
Q22092335,Esso Trinidad Steel Band
Q3960352,Signal
Q56651112,Dom Viktiga Skorna
Q2276989,
Q454974,Freiburger Barockorchester
Q105081681,
Q50214391,
Q115618709,
Q11283709,
Q1974406,
Q65255736,Äksi mixed choir
Q6014699,Incision
Q115017312,Findlay Civic Concert Band
Q112112728,Tríó Jan Morávek
Q7233709,Post Records
Q10650705,Rekyl
Q65007483,Augur Ensemble
Q16403385,Adelaide Estonian Male Choir
Q121358349,Dúkkulísurnar
Q4910530,Bill Posters Will Be Band
Q18155652,Teapot Industries
Q105742652,
Q50218246,
Q58827299,Stross Quartet
Q136798892,Officers
Q2171719,Philharmonisch Koor Toonkunst
Q4153349,
Q2014111,Alarmfase 3
Q12102353,
Q55641561,Representative Brass Band of the National Guards Unit of Bulgaria
Q104853880,Passmore Sisters
Q10376661,T.P.E.
Q6975814,Koma Berxwedan
Q25056702,Aggelos
Q106940825,Alley Beats
Q12355871,The Choral Project
Q3554344,Vama Veche
Q1868123,Loh-Orchester Sondershausen
Q19573291,The New Establishment
Q2394674,Zagreb Quartet
Q2285434,Holland Symfonia
Q3566631,Watcha
Q13654798,
Q116971311,Laveda
Q8044914,Xome
Q111902526,
Q4398490,Rostov Academic Symphony Orchestra
Q134966728,The Undefined
Q11295926,
Q112119004,Cola
Q130757875,Two Two
Q5204547,DCS
Q30599348,24Hours
Q5967820,
Q4631821,24Herbs
Q131443720,Lucta
Q97798534,Hare Squead
Q136118227,
Q57830629,Brava!
Q12156598,Daddy's Cash
Q6985694,Necrophorus
Q104656852,
Q11801327,Oxy.gen
Q10846919,Dance flow
Q16962393,Pachi y Pablo
Q84939508,Portable Folk Festival
Q16248694,Dead Skeletons
Q21532506,
Q16422810,
Q104862534,The Life Organisation
Q65012995,Dr. Dellers Ambient Groove Ensemble
Q19976718,Frantic Sunday
Q105553146,
Q5695021,Heavy Clan
Q17239247,Sgt.
Q43140795,Antwerps Bachgenootschap
Q1024101,CONSONO
Q139284735,Na Leo Pilimehana
Q104860444,The String Revolution
Q7273414,R.U.N.N. family
Q52225458,Sint-Pieters-Koor van Koksijde
Q2541046,
Q17150963,Porcelain Raft
Q9286475,Harmonia
Q10660688,Salongsorkestern
Q65255313,
Q15044972,White Light Parade
Q3413077,quartier Latin Intégral
Q110069362,
Q5021487,Call
Q10695492,The Darkness world tour 2006
Q85966614,
Q12114799,
Q132126799,Chandra
Q67671698,Abyss Above
Q7290273,Ramshackle
Q19826062,
Q10527521,Hyacinthuset
Q30597526,Zelle
Q85766218,HENGE
Q10695759,The Pusjkins
Q26254592,Helsingin Polyphon Orkesteri
Q101130448,
Q57909434,Gem City
Q20436828,Sharks Snakes & Planes
Q110788595,
Q55522125,Stillichimiya
Q28061166,Helmuth-Stapff-Gruppe
Q18907766,
Q28687321,A-STEP
Q140133576,The Clause
Q798094,
Q4826099,Auto Da Fe
Q11999605,Sassybeat
Q7755299,The Orchids
Q110069341,
Q136670480,Φιλαρμονικός Σύλλογος Σκριπερού
Q85758474,Echo Machine
Q16841284,Harpoonist & The Axe Murderer
Q110069372,
Q2288943,Biel Solothurn Symphony Orchestra
Q29949103,Opéra Décentralisé Neuchâtel
Q2379055,Boys Choir of the Vienna Woods
Q11783659,Mizia & Mizia Blues Band
Q6101984,Deli Gömleği
Q18406413,
Q7559038,Solver
Q6458917,ZERO-85
Q114064121,Littlefingers
Q16940791,Moreno e Moreninho
Q1632232,hr-Bigband
Q7757365,The Plan
Q4123139,Gosudarstvennyĭ volzhskiĭ narodnyĭ khor
Q14942160,Lil' Love
Q19744395,Trisum
Q127510280,Għaqda Mużikali L'Isle Adam
Q139757285,Magrath Brass Band
Q7719506,The Boulevard Connection
Q7799797,Thys Nywerheid
Q10851894,
Q108120121,Oregon State University Choir
Q118780398,Laura Simó I Francesc Capella Trio
Q132672332,
Q137599012,Pacifica
Q12408607,Lehakat Geisot Hashiryon
Q108857187,Horsey
Q12063090,
Q11748896,Krywań
Q95962322,
Q880080,Lexy & K-Paul
Q56410738,Meg Egy Cukorka
Q688770,Julie and Ludwig
Q14287192,Rosa Ensemble
Q12317919,IKI
Q16247236,Blood Revolt
Q11324932,Chiba Symphony Orchestra
Q5463834,Focal Point
Q12167085,
Q20048568,DirtyLoud
Q12725784,Corul Academic Radio
Q3236092,Les Violoncelles français
Q107791141,Light Opera of Portland
Q16138318,
Q4050443,
Q5895037,Hong Kong Sinfonietta
Q17561006,Mexico City Philharmonic Orchestra
Q2911580,The High Windows
Q136680243,Sendai New Philharmonic Orchestra
Q138035536,Diversio
Q21117345,We Are Loud
Q10695448,The Casual Brothers
Q2743916,
Q126364877,Għaqda Mużikali Mount Carmel
Q19976779,Hardreams
Q3068140,Felipecha
Q12404682,Batzal Yarok
Q133799756,
Q10727282,Ölhävers
Q57196681,Sparrows
Q50329860,Altitudes & Attitude
Q10601504,No Shave November
Q10548028,
Q18712504,The Reformation
Q4400345,
Q130729627,Hastings Choral Society
Q105009508,
Q4356973,Benea Reach
Q105652556,Destruction's Creation
Q139762666,Marchwell Brass Band
Q12525478,
Q97205208,FNCY
Q3641195,Bluesmobile
Q64948161,Cosmic Armchair
Q12374800,Hellas
Q108780669,Ka Hao
Q60787029,Worried Well
Q18643754,RED People
Q1564786,Goribor
Q25352281,Soul Inscribed
Q93352776,
Q46718591,
Q2658598,Royal Danish Orchestra
Q28221617,Settle the Sky
Q65043144,Barefoot Contessa
Q11622615,"Geidai Philharmonia Orchestra, Tokyo"
Q521789,Berliner Singakademie
Q103900051,Orquestrina Galana
Q96152246,
Q61403354,
Q18816524,Bröderna Trück
Q5660082,
Q1816300,
Q139864457,late mission
Q16097819,
Q109554708,Etobicoke Community Concert Band
Q5402214,Amazing Tails
Q10505135,Give Me the Power Back
Q20525341,Tattva
Q12261344,Karratua Borobila da
Q3693872,
Q94532008,
Q12018200,George and Beatovens
Q10562022,Limhamns Brassband
Q20687384,Through Solace
Q47458638,Socialistisch Mannenkoor De Marxkring Gent
Q8065871,Zamir Chorale of Boston
Q85985792,
Q3698729,
Q113112348,
Q4659514,A Silent Film
Q4045219,
Q39080683,Single by Sunday
Q20666295,Alma Chamber Orchestra
Q104641804,
Q138675559,Sterling 24K
Q3232941,Les Gauff'
Q113276016,Slemmestad Janitsjar
Q60138756,Italian Bersaglieri Bands
Q63208537,
Q2950133,
Q133497574,Niigata Symphony Orchestra
Q7009921,New Look
Q10341749,
Q9178142,Bossa Nova Combo
Q104537116,Philharmonic Society Mantzaros
Q138003406,Silvania
Q55519346,Ensemble Villa Musica
Q85769334,Indianapolis Baroque Orchestra
Q11223315,Hey! Say! 7
Q139762540,Hebron Moravian Brass Band
Q10279145,Fabio Celi e gli infermieri
Q17354555,Akosh Szelevenyi Ensemble
Q31188238,Nizuri Tazuneri
Q3033034,Djmawi Africa
Q65255047,
Q139268356,Pine Mountain Railroad
Q5246941,Dear Superstar
Q97207355,Philomusica Symphony Orchestra
Q10467635,Deeptone
Q10666217,Serial Cynic
Q120727626,Bdrmm
Q140291138,New Generation MC
Q134385333,
Q136130911,Busby quintuplets
Q138679554,Kirkbymoorside Town Brass Band
Q6941483,Music City Mystique
Q136881145,Russian Philharmonic Orchestra
Q111200583,JuniOrchestra
Q1968481,Passion Fruit
Q130324038,The Weintraub Syncopators
Q3475528,Xe-NONE
Q3230369,Les Ablettes
Q139502855,
Q3319694,Molypop
Q813221,Beatlefield Productions
Q55639902,Homi Mullan
Q137707272,
Q117685585,
Q60785095,Gay Nineties
Q24943812,López Vol. 1
Q131939370,Patty PerShayla
Q102046377,Yours Truly
Q5660080,Cabezo de Torres Youth Music Group
Q12507511,
Q17027082,Sweethearts
Q9395547,
Q133300991,Aglàia Ensemble
Q108802015,Orchesterverein Stuttgart
Q121027098,The Dreggs
Q5125423,Clam Abuse
Q9086752,The Chopsticks
Q61363310,Raperos de Emaús
Q4109516,
Q30074618,Misery Addict
Q140206526,Ojo de Loca
Q128694672,Miners Brass Band of Sanok
Q5122586,Citizen Swing
Q3341426,Nightmarish
Q139676005,Cambridge Salvation Army Brass Band
Q2723490,Kalyanji–Anandji
Q6449895,KwaZulu-Natal Philharmonic Orchestra
Q10436876,Brysselkvartetten
Q106492552,Svante Henryson & Katarina Henrysson
Q3441922,Root'Secours
Q111698735,Masa Coral Tomás Luis de Victoria
Q86662808,
Q3558045,The Vietnam Veterans
Q3359173,Oyiwan
Q116483877,
Q55621060,Lithuanian Air Force Orchestra
Q12059767,Tros Discotequos
Q16489844,Burbles
Q27478490,Sunshine Kids
Q12893466,Les Frères Déjean
Q85776611,Light Unseen
Q114243502,Carolina
Q11318298,
Q110089117,University of Maryland Men's Glee Club
Q32361300,The Visit
Q16821193,Air Lane Trio
Q138313834,Mixstgirls
Q10695623,The Kingbees
Q12310813,EyeQ
Q137733761,3 Car Garage
Q11306541,The Sunny Five
Q9305529,"Regionalny Zespół Pieśni i Tańca Cepelia Fil Wilamowice"""
Q25397051,Lezginka
Q61362294,Sin Mala Intención
Q110069527,
Q96407437,TAK ensemble
Q18281092,Tião Carreiro & Paraíso
Q85874702,
Q4053213,
Q18152126,Guardians Drum and Bugle Corps
Q20082117,
Q134734383,
Q20103254,
Q5437959,Fatso
Q2981097,Coaltar of the Deepers
Q12168209,
Q56409228,
Q137175801,
Q105986757,Royal Harmonie Mheer
Q4043707,Marakesh
Q12781664,
Q3233774,Les Mauvaises Langues
Q9134175,4 Syfon
Q38807094,
Q15805805,Die Rixdorfer Sänger
Q27817125,Stacked Like Pancakes
Q732326,Pantagruel
Q106747128,
Q99611556,Safe To Say
Q3489717,Soma
Q117034345,The Taciturn
Q20434702,
Q7732254,The English Teeth
Q139300747,Spring Silver
Q9372358,Why Ducky?
Q121638554,Cryonomicon
Q97162979,
Q16241181,Corrupt Souls
Q10685474,Svenska musikrörelsen
Q5168686,Copper
Q136084933,
Q16141212,
Q48698495,The Dummies
Q134570624,
Q104825361,
Q64373921,Banda Municipal de Música de Palma
Q104986358,
Q122926980,Mehliana
Q25431009,Tochapestana
Q115869386,
Q1229050,Bela Bartok Male Choir
Q56272989,BUS
Q6161839,Viento en Contra
Q47169080,Smokey Robinson & The Miracles
Q65631990,Madden and Harris
Q106521673,For Those I Love
Q4534725,
Q104872548,Bad boy
Q97368564,Insula orchestra
Q12341425,War of Destruction
Q12361004,
Q12072103,
Q48881258,
Q28401356,For All I Am
Q2325289,
Q61361354,Atazál
Q28584422,
Q3116106,Green Milk from the Planet Orange
Q5242497,Dawn Raid All-Stars
Q29935216,Larynx Vokalensemble
Q19853782,
Q56357929,
Q5959355,Keyla
Q11271857,
Q123859831,
Q62027119,Gruesome
Q7499685,Sho?
Q88494173,Las Gil
Q11794324,O'reggano
Q6085964,Mavi Siyah Flamenko Topluluğu
Q17310842,
Q110069384,
Q121027173,The Slingers
Q10372718,Sociedade Filarmónica Olhalvense
Q892894,Orchestre national de Montpellier Languedoc-Roussillon
Q4721875,Alfapop
Q3478467,
Q104859079,Kush
Q16873096,Moody and Sankey
Q10426267,Barbaras grannar
Q127432709,
Q3537336,Trans Akadi
Q121457459,Boy Novice
Q5690014,Headset
Q2085740,The Young Professionals
Q2941787,Catharsis
Q7738970,The Harvesters
Q55458472,Brodman-Alfaro
Q16498279,Bié e Juquinha
Q12100107,Denysiv choir
Q120335731,
Q7523117,Singapore Sling
Q63208512,
Q110206161,
Q7676222,Taint
Q12160350,
Q11321993,Orchestra sinfonica di Torino della RAI
Q98437679,
Q139757279,Grande Prairie Brass Band
Q106296378,Rain Rhythm Chorus
Q9339435,Something Like Elvis
Q862675,Bill Youngman
Q85753020,Clowns
Q17219191,
Q3494237,Springbok Nude Girls
Q26269500,Deutscher Jugendkammerchor
Q12031353,Kožený Hrdla
Q12271035,
Q3504458,Disciplin A Kitschme
Q125912921,Graphic Nature
Q12631530,Glasnici nade
Q39052896,The Listies
Q139753071,Alvinston Brass Band
Q63208507,
Q17089496,Fall On Your Sword
Q6712195,M.I.R.V.
Q29784900,Swiss Family Fraunfelder
Q7582089,Squarehead
Q2687312,Sponge Cola
Q21546409,NightRunners
Q21849510,Seward
Q12080884,
Q55648764,Wheatfield
Q9203397,Dekameron
Q5203338,D-town records
Q10474632,Divine Souls
Q11900476,Varaus
Q16960694,Orchestra Ethiopia
Q30119614,Los Humildes
Q20105221,
Q56651312,Daal Band
Q28682390,NON'SHEEP
Q112567117,
Q134311810,Humanist
Q29023774,Y Trwynau Coch
Q139762531,Dalhousie Brass Band
Q9696783,Carlos & Jader
Q16934759,Artango
Q4037336,
Q768453,
Q16835294,Engine Alley
Q66480665,Münchner Salettlmusi
Q7737579,The Grassroot Deviation
Q21641872,Moscow Synodal Choir
Q12899466,
Q50182032,"Komorni zbor ""Ave"""
Q4430455,
Q43371469,Compinsky Trio
Q23786179,Leipziger Singakademie
Q2907125,BlueGrass 43
Q123378241,
Q85807107,The Expanders
Q138060193,3-2 Get Funky
Q16618281,ZPiT AGH „Krakus”
Q131389452,
Q4146744,Faizi Gaskarov State Academic Folk Dance Ensemble
Q124814979,Vesna
Q65130341,
Q117834352,Aux animaux
Q110444764,
Q1758646,
Q5071339,
Q137200881,The Legendary Orchestra
Q7306924,Reemo
Q18960254,AlterBeast
Q36771401,Seattle Women's Chorus
Q895155,Bounding Main
Q118384224,Liquid Jesus
Q85137791,The Express
Q106526960,Concerto De' Cavalieri
Q10495335,Fingerl Flitzer
Q10372711,
Q136946462,ADDA Simfònica Alicante
Q5119819,Cigaretta
Q48751874,Maya Miller
Q48873372,
Q20107287,
Q19807929,Tokyo Dageki Dan
Q55137471,Then One Day
Q6086315,Isosceles
Q125177630,Quasimodo Jones
Q28675165,Multicamerata
Q105839969,
Q12774984,Queryen
Q39074528,WSTR
Q85775331,LNDN DRGS
Q3639105,Betchadupa
Q4036965,
Q31073398,
Q16521000,Jambalaya
Q2462334,Twins Quartett
Q95162101,
Q15437206,Myanmar National Symphony Orchestra
Q136695997,Fukuoka Civic Orchestra
Q28501317,Rock en tu idioma Sinfónico
Q55613874,Holy Shit
Q67792360,Godba Domžale
Q112724280,Amorphia
Q2364829,Laid Thénardier
Q1993159,Mihai Edrisch
Q4280436,Junoon
Q85846244,Jr.Exile
Q97352032,
Q10716916,Vows of Silence
Q28223679,Borderlands
Q11441443,Ōsaka Hōsō Kangengakudan
Q3341971,Nine Miles
Q1799941,
Q130719614,
Q12008386,Uncle Deadly
Q11871489,Kilven Kuoro
Q821482,Berliner Domkantorei
Q30591627,Lucerne Festival Academy
Q135532481,The Dedikation
Q86687083,
Q137258573,Neil Frances
Q116224496,Crystal Palace
Q96002061,Kllo
Q3109144,Glorious
Q4315535,
Q17052277,Skylight
Q10495112,
Q20497072,
Q7942338,Vox Angeli Children's Choir
Q2821836,Abraham Inc.
Q108707143,
Q7770328,The Trons
Q93340278,The Sixsters
Q22907510,Cosmicity
Q19391514,Syntax-e
Q11316800,
Q12275901,
Q55607493,"Choir of Trinity College, Kandy"
Q117481326,The Frontmen
Q109469899,
Q16683210,
Q93372201,Muziekvereniging Klein maar Dapper
Q123540884,Rev. F.C. Barnes & Rev. Janice Brown
Q56365391,
Q65032387,Stefanie Kunckler Ymonos
Q21640684,
Q5244600,De Lyckliga Kompisarna
Q60774554,The Din Pedals
Q137734658,Korimako Trio
Q3197489,Kiss Destination
Q20551571,
Q13091453,8°6 Crew
Q60982127,Trio Ivoire
Q20096901,Secret Avenue
Q16875301,Šarišan
Q136680823,Ōta Ward Haydn Chamber Orchestra
Q136804763,Kérkennai
Q15190401,University Choir Dresden
Q47112513,Chorale Saint-Ambroise
Q108415306,Eishan Ensemble
Q12960027,Stijene
Q3539314,Trio Chausson
Q7755692,The Outside Agency
Q60776215,Norilsk
Q64941253,Colin Vallon Trio
Q11254813,XS
Q117348314,
Q110895206,Vancouver Island Symphony
Q11197968,EXILE GENERATION SEASON 3
Q10394081,X-Code
Q10406129,MILKCAN
Q12286484,
Q130705822,Doya
Q115725873,Anesha & Antea Birchett
Q137585154,
Q118780401,Bernat Font Trio
Q7041336,Nitkie
Q109469217,
Q97279176,
Q132353459,Throttle Elevator Music
Q10470220,Deviant
Q6145025,The Pin-Ups
Q12777947,U.K.N.D
Q65032727,Nexus Groove
Q13654772,
Q63208504,
Q11227051,J☆Dee'Z
Q24970828,Royal Welsh Ladies' Choir
Q48966070,Sugar Pine 7
Q117857277,
Q104975576,
Q22128938,Meloman Chamber Orchestra
Q3268529,Lycosia
Q105405805,
Q110131048,Bravado Cartel
Q11978475,
Q7750775,The McRackins
Q20461027,
Q24901220,Broadway for Orlando
Q4854212,Band Branch
Q31189107,Buffalo
Q9390279,Zespół Muzyki Dawnej Perfugium
Q7392104,SOS Allstars
Q30906358,Rootzmans
Q124661067,Floodlights
Q104845871,Loona yyxy
Q16140585,
Q96399604,Pocket Palma
Q10499053,
Q128904164,The K's
Q105952591,Dr. Crock and His Crackpots
Q15917680,Vic du Monte's idiot prayer
Q13020402,Lift & Oil
Q25212931,The Nights
Q104642293,
Q115446095,Ansamblis Voruta
Q114298530,
Q60832585,
Q110069607,
Q85846549,Marine Corps Women's Reserve Band
Q13026754,Note & Toon
Q38277891,Azami
Q30943367,Shanxi Symphony Orchestra
Q12412027,Israel Defense Forces Orchestra
Q9294444,Hrdza
Q134580416,
Q10341780,Orquestra do Norte
Q7053238,Norrbotten NEO
Q11747930,
Q11958489,Aphrodisiac
Q121140181,Quatuor Zahir
Q84939607,Taj Mahal Band
Q137731548,Stundom
Q85738276,3Peace Lovers
Q68512822,Belief Defect
Q136100743,Masiarzz
Q114350841,Medium
Q7201758,Plasma Pool
Q20499490,
Q11874361,
Q5245172,Dead Ends
Q125407210,Cohart
Q4448756,Sestry Zajtsevy
Q111937812,Enumclaw
Q5636415,HaYehudim
Q9274726,Gospel Rain
Q65219918,
Q136126146,AVA Studios
Q124726035,
Q48697938,The Desperate Mind
Q31898799,Killers Walk Among Us
Q109743426,Howlin Rain
Q4300560,Jauna muzika
Q6680496,Lorentz & Sakarias
Q136670454,Philharmonic Orchestra of Liapades
Q125484252,Jazz Dock Orchestra
Q112274258,Jesus Couldn't Drum
Q124021621,Bläserphilharmonie Aachen
Q12761629,2H+
Q138436603,
Q131100439,Scheiblingseder
Q9332991,Salon Niezależnych
Q3859697,
Q17192197,ARTEMA
Q48701737,
Q97671236,Troyman
Q106382335,
Q2464230,Túfaranka
Q20687357,The Vicar
Q30915011,Iubaris
Q12171070,
Q105114251,
Q138026443,Fitterkarma
Q11799216,
Q131161282,16bard
Q113639504,The San Sebastian Strings
Q20684423,Kula Kei Uluivuya
Q101453255,Schlappn
Q127278651,Soċjetà Filarmonika ‘Leone’
Q18690128,
Q13138305,The Rythm Stars
Q136312766,Monk
Q96017877,Baltic Sea Philharmonic
Q120804415,
Q2280333,Shuky & Aviva
Q15938489,
Q130416585,Orquesta Filarmónica de Facatativá
Q1802261,
Q19384604,Ophelia Ragtime Orchestra
Q1776808,
Q2215513,Salut Salon
Q136447454,Orpheus Sinfonia
Q65255724,
Q11371213,
Q10587931,Mona G:s orkester
Q4652199,AKSamba
Q16485839,Bez Atu
Q11981188,Kloster
Q139762555,Cape Breton Brass Band
Q111913436,Vazesh
Q110413269,The Blasting Company
Q1881305,MDR Rundfunkchor
Q48702044,
Q3208510,La Excelencia
Q125550541,Orchestre symphonique régional de l'Abitibi-Témiscamingue
Q25407874,Mulierum Schola Gregoriana Clamaverunt Iusti
Q21081545,Achilifunk Sound System
Q28406628,Calisus
Q125526259,Sonido pirata
Q9182490,Buzu Squat
Q5035269,Capellen Orchestra
Q19392235,
Q133499806,Kōchi Symphony Orchestra
Q17035599,Smack
Q17635946,Kevin Ayers & The Whole World
Q30643334,Deadlift Lolita
Q4030263,23:45
Q11797606,Oktet wokalny Octava
Q24075512,Soy Suspenso
Q16428285,Hraun
Q110895174,Orchestre de l'Agora
Q105532475,
Q28146729,
Q6414029,Kinnara Taiko
Q136717073,
Q15983046,Nasty Crue
Q124466015,Project Smok
Q21206625,The Box
Q7743859,The Junipers
Q48803411,
Q2372301,Kleintje Pils
Q9192071,
Q98536164,
Q12267113,Sasoi Ilunak
Q136339170,Beijing Chinese Orchestra
Q16141209,
Q121914174,
Q10431410,Block 44
Q2369940,Malakwa
Q18286562,Bürgerwache Mengen
Q30934772,WONK
Q138028053,
Q106104369,KUROKO
Q1293081,Syrius
Q4047704,Pzychobitch
Q104538634,Andrini Brothers
Q61361110,
Q20090748,Ganda Boys
Q97197682,
Q105502450,
Q5396612,Es
Q6888498,Moderates
Q11874676,Lappeenranta City Orchestra
Q1562374,Jarboli
Q1728193,Kanui & Lula
Q11866732,Quite Quiet
Q106484122,Saeculum Obscurum
Q105688185,
Q106493815,
Q1755688,Coph Nia
Q105702796,
Q18238277,Dalarnas Spelmansförbund
Q9191972,
Q138609097,
Q3303366,Maîtrise de la Cathédrale Saint-Étienne de Toulouse
Q115010577,Jan & Jürn
Q109557100,
Q16419828,Íkarus
Q6901674,Monolit
Q124482975,
Q4828086,Avengers in Sci-Fi
Q59570825,
Q2201953,S.I.G.M.A. Project
Q137785106,RM47
Q11249072,THE SORRY ON PARADE
Q102046864,Cosmopolitan Music Society
Q11863586,Honest Bob and the Factory-to-Dealer Incentives
Q5283838,Divas of Dance
Q5506211,Frosthardr
Q65255572,
Q11980073,Kanuttene
Q4335175,Opera Lyra Ottawa
Q106959734,
Q105388942,Nullpunkt
Q114346453,Angmodnes
Q7537442,Sky Parade
Q139762636,Cowansville Cornet Band
Q12375636,
Q10680607,Stockholms läns blåsarsymfoniker
Q96376523,Dominic Waxing Lyrical
Q6898675,Monde Bruits
Q6863760,Mindelight
Q3358323,Idolerna
Q7261747,Push Push
Q14284221,
Q11247283,Still caravan
Q2526335,Elisa Waut
Q16584383,
Q108635281,Interlochen Arts Academy String Orchestra
Q16164498,
Q20035373,Protonic Storm
Q19297722,Osnabrücker Symphonieorchester
Q118984742,Ensemble Symphony Orchestra
Q4708719,Fierce Ruling Diva
Q30014974,Los Warahuaco
Q13638307,Nežfaleš
Q132471736,UNNAME
Q50182519,
Q7012600,New World Symphony
Q123515763,The Queen's Cartoonists
Q133816930,Ensemble Caprice
Q134389502,Beguen Band
Q31723014,Damba
Q18423829,
Q134705407,
Q5197029,Cutumay Camones
Q131612074,Origene
Q112050664,Butcher Brown
Q104840100,Telemark Symphony Orchestra
Q5099428,Chimo!
Q6051692,Opus Cuatro
Q110895159,North Bay Symphony Orchestra
Q89429603,
Q136487131,Lit Me Up
Q16829808,Dissolve
Q122973653,The Chisel
Q25095078,Sir Winston and the Commons
Q103982599,
Q12257318,
Q2795261,Toy
Q5379103,Enmity
Q11437824,
Q25640201,Zangvereiniging Orphée
Q12631577,God.name
Q110687782,
Q38245561,Helsingborgs Brassband
Q115821089,9th Creation
Q65036931,Alamouche
Q16097682,Jeonju Symphony Orchestra
Q3826631,Los Bybys
Q136337014,Axolotes Mexicanos
Q7731007,The Dresden Soul Symphony
Q36423071,Book of Air
Q47013634,On Trial UK
Q55526665,Urashimasakatasen
Q19245079,God Help the Girl
Q61361743,Niketz
Q7736143,The Gentlemen of the College
Q25393853,
Q106640296,
Q663612,Opéra national du Rhin
Q20062467,
Q28687302,HOTSQUALL
Q61361104,Zesura Euskal Rap
Q7514537,Silent Border
Q31188145,Igelaren Banda
Q111951074,Nun
Q31628840,Girls Walk By
Q16896582,The Operators
Q39048529,Ballistic Kisses
Q110069396,
Q85867698,THE LITTLE BLACK
Q113221872,
Q7300010,ReGenesis
Q7430106,Scapa Flow
Q3354050,Opera Fuoco
Q131587867,Gallicantus
Q14806851,
Q10588005,Monark X
Q83032631,Orquesta Color Tango
Q5311142,Dubrovnik Symphony Orchestra
Q47761090,Harmonie Sint-Cecilia
Q109315884,
Q135274605,
Q9369045,Voce Segreto
Q21293179,BBC National Chorus of Wales
Q1142850,Tokyo Philharmonic Orchestra
Q3197931,Klutæ
Q104967639,
Q116458563,
Q18659852,
Q138005957,NEW YORK
Q136296518,Manhole
Q107673424,Vulvodynia
Q120335650,
Q121302446,Girl Choir
Q113270617,
Q11722973,Ch.A.S.A.
Q1070264,Cherniavsky Trio
Q1957180,
Q16070711,Zolex
Q5268490,Dextro
Q28155613,Vorvaň
Q31888023,Diamond Dogz
Q6038802,Instant Sunshine
Q9392008,Zorka
Q48700334,Black & Grey
Q7607171,Stellan Wahlström Drift Band
Q110204981,
Q857151,Biederitzer Kantorei
Q133500520,Mitaka City Orchestra
Q126174172,Funky Lamp
Q112487726,Milly Manders and The Shutup
Q10576708,Many Things Untold
Q10552351,
Q16172257,BE
Q12728259,Filarmonica Mihail Jora
Q55459303,Cuarteto Bardos Cadeneros
Q4035465,
Q19666939,Riley and the Roxies
Q24950509,
Q16495796,Therr Maitz
Q5749411,Hey Romeo
Q11234858,New Breed
Q4385836,
Q3347828,Òai Star
Q7270497,Queen Sea Big Shark
Q6517988,Legends – voices of rock
Q108041166,Fanfare des Chasseurs de Prinkères
Q122911461,
Q10533446,Ich war ein Roboter
Q9395244,Őszibarack
Q2828925,Akamassa
Q97144627,
Q60760593,Big Ups
Q69097139,African-American Legacy Project
Q122926865,Griefjoy
Q56255828,Jamonas
Q16058180,Again
Q13728598,How to throw a Christmas party
Q1561595,Tap 011
Q16521602,Légierő Zenekar
Q89429609,
Q113471386,
Q9368974,Viva Flamenco!
Q106930581,Piranha Brothers
Q134717001,RIO
Q60743324,Modern Vices
Q24884858,Really Spicy Opera
Q133459515,
Q15855216,
Q16960691,Life is Pain
Q3235960,Les Têtes Brulées
Q31174836,
Q83000108,Easy Life
Q126682906,Nadzbruchanka
Q6683469,Los Ángeles de Charly
Q50211941,Consortium Musicum
Q12270551,
Q7241625,Press Play
Q11701041,Gold Washboard
Q20546939,Papercutz
Q106495405,Aeonian Sorrow
Q104640362,
Q13654863,
Q25451132,Sibelius Academy Symphony Orchestra
Q39074824,No More Pain
Q7768926,The Threats
Q24948007,SWPS University Choir
Q7861981,Tzofei Tel Aviv
Q7067438,Nozzle
Q65254883,
Q10260651,
Q111950262,Soch
Q125876573,
Q97574070,Band of the Royal Corps of Signals
Q3427792,Visdals kvintett
Q133826754,T. Rukmini
Q7562666,Soolamangalam Sisters
Q48701832,Moški pevski zbor Maks Henigman (Dolenjske Toplice)
Q24963100,The Bartlebees
Q7713195,The Allstonians
Q113332387,
Q111949811,Bakers Eddy
Q12318809,Jackie Boo Flight
Q139586671,
Q63934213,Orquesta Failde
Q56367331,Band of the Hetman Petro Sahaidachnyi National Ground Forces Academy
Q11945327,Ressonadors
Q16242162,Los Flamers
Q108710931,
Q25056030,Ryan Cayabyab Singers
Q7738576,The Gypsies
Q7122609,Pacific Opera Victoria
Q1722611,Kaltchev Guitar Duo
Q48801294,Resonance Room
Q11306749,
Q1558044,
Q16519693,Vetroplach
Q97443681,Bluesbreakers
Q6683097,Los Plantronics
Q7101708,Orfeon Académico de Coimbra
Q7379514,Run Level Zero
Q10356437,Quinteto Tati
Q5327876,East Bionic Symphonia
Q7315134,Research Turtles
Q12078517,Hnat Khotkevych Ukrainian Bandurist Ensemble
Q1572547,Ham & Egg
Q16374319,
Q55629082,Parlor James
Q7558357,Sollers Osaka
Q115979193,Newman & Oltman Guitar Duo
Q9390315,Zespół Pieśni i Tańca „Rzeszowiacy”
Q6485167,Landsholdet
Q12313988,Glamorama
Q12270565,Angry Aryans
Q42951844,Duo Azar
Q16570646,Laboratoire de la Musique
Q1961649,NV
Q633414,Marxman
Q2161118,Rodin quartet
Q10476259,Double Fantasy
Q105081285,
Q11777685,Meteory
Q17625951,Duo Leroy-Moubarak
Q130347958,
Q48701779,
Q204610,Lindsay String Quartet
Q65255344,
Q17158220,
Q114569009,The Voluptuous Horror of Karen Black
Q85803261,State Faults
Q16519135,U.K.BILL
Q13654748,
Q11271371,
Q2905409,Black Market Radio
Q25095046,Ehnahre
Q4052424,Unreal
Q25056140,Runa
Q3235654,Les Suprêmes Dindes
Q907759,Philharmonisches Staatsorchester Bremen
Q12261292,Karkaba
Q139762624,Thornhill Cornet Band
Q97214905,
Q18661621,Dragoon Band
Q5506085,Frontline
Q3682279,Coenobium Vocale
Q12633376,Izazov
Q31093040,Palladio Orchestra
Q3161562,Jamie y Los Chamacos
Q110271027,
Q7622788,Street Beat
Q27817970,H3llb3nt
Q104121457,National Youth Orchestra of Ireland
Q21569020,Iñaki Sandoval
Q12323071,Kræn Bysted's
Q16138713,
Q6783189,Mashombe Blue Jeans
Q3013438,Golden Life
Q2302549,
Q99533723,My Preserver
Q20683967,Collibus
Q12009013,Varangermusikerne
Q115799497,
Q70328494,
Q125146364,Meta & The Cornerstones
Q29342678,Staka
Q122926873,K.O.G & The Zongo Brigade
Q3413696,Quatuor Voce
Q139701103,Room Experience
Q10545528,Kindbergs
Q11306650,
Q2517810,Deep-Pression
Q104623030,
Q6568078,Chorus Musicus Köln
Q108872505,Hadjidaki sisters
Q9390337,Zespół Reprezentacyjny
Q109599714,
Q130248998,Academia Filarmónica de Lisboa
Q139780610,Crisp Melo
Q15444405,
Q32873625,Puamana
Q133771729,Spicki
Q3354547,Calgary Opera
Q2772867,Amplifiki
Q597547,Banda Sinfónica Municipal de Madrid
Q4639080,4 Poofs and a Piano
Q6702763,Lulabox
Q5249563,Decomposed Subsonic
Q125347321,Evangelista
Q11876047,
Q2119161,Moving Cloud
Q5557064,Ghost Club
Q866337,Bishop of Hexen
Q2538132,
Q5473989,Foto na Dans
Q111448868,Arabs in Aspic
Q11303236,
Q2023943,One Accord
Q26253581,Ben Carbine & the 18-Wheelers
Q122926882,Lo'jo
Q42346109,Soldier’s Heart
Q137739513,Ambient Den
Q12275316,
Q5058870,Cenobita
Q11256623,Ayayamu with Ecohamu
Q30931680,Bee×SWAT
Q124363090,Espe
Q7838648,Treorchy Male Choir
Q105846907,Du Bois Orchestra
Q56272697,BlueV
Q13560684,Popstrangers
Q12257709,Ezin Izan
Q140202922,Millenarium
Q7533935,Skanksters
Q90972425,Navy Band Northwest
Q93344019,
Q119382643,
Q7075525,Obskure
Q126923362,The Highlighters
Q3355346,Orchestre symphonique de Talence
Q126497300,Għaqda Mużikali San Ġużepp Kalkara
Q119710599,Lee Mvtthews
Q120414285,LEON
Q16156752,Afrigo Band
Q12581217,INC
Q121303128,Modest Goddess
Q106598812,
Q4501865,Khrustalny Shar
Q12002574,StMorritz
Q110895139,Greater Victoria Youth Orchestra
Q69104821,Tramp Band
Q105120566,
Q2057055,Kommil Foo
Q6945490,My Forever
Q20105437,
Q105488216,
Q28448977,"Moloney, O'Connell & Keane"
Q3207344,La Chifonnie
Q16917814,Massmedia
Q119020371,Norwegian Wood
Q28858529,Seasons for Change
Q9390304,Zespół Pieśni i Tańca Małe Słowianki
Q7757229,The Pioneer Pog 'n' Scroggin Bush Band
Q10670594,
Q28980403,Maria Kong
Q111169354,Fame On Fire
Q22128740,
Q15640921,UL/KR
Q65015553,Mark Hauser B3 Quartet
Q12289074,Obraten Efekt
Q5969944,Lann Tivizio
Q16599872,Sarakina
Q5021730,Callalily
Q106179920,Vofa
Q13014639,
Q136537790,Royal Comic Opera Company
Q125797062,Feel Good Choir
Q97222333,
Q139757241,Aurora Brass Band
Q20875214,La Terrasseta de Preixens
Q7767520,The Surfin' Lungs
Q1103504,Kalinkó együttes
Q61365955,Minbizia
Q3214575,Lab°
Q16097734,Zitten
Q10551821,Kärlekens jävla trälar
Q134028503,
Q3902067,Piante Grasse
Q105460237,
Q16524011,
Q116809096,Daggers
Q11997298,Red Fox
Q104600213,
Q635754,Basel Chamber Orchestra
Q127444312,...And Stars Collide
Q137716048,The Atlanteans
Q139757351,B.P.O.E. Brass Band
Q5882361,Golden State Project
Q11890189,
Q7077493,Oddfellows Casino
Q13138384,Trije Gurbes
Q3570165,Wunderbach
Q10896026,
Q124004630,Banda La Costeña
Q17238926,Uncensored
Q23761759,Just Alap Raga Ensemble
Q10534774,Imperial Leather
Q6505901,Lazarus Clamp
Q136222377,Shearling
Q56651581,Silk City
Q115898655,
Q114495270,Tapestry
Q106491658,Ondt Blod
Q20439212,Matyi és a hegedűs
Q124300982,
Q139762679,Wynyard Brass Band
Q123783917,Mellerud Motet Choir
Q1909677,
Q116209595,
Q9142596,Agressiva 69
Q5977799,I Knew Them
Q47109525,
Q130613987,Ashira
Q65046895,SALT
Q10393981,Wonderland
Q104695304,
Q994595,Brutal Polka
Q140245832,Mei Mei
Q10671602,Slodust
Q7899173,Uppsala University Choir
Q136891012,Sönerna
Q110413483,Opera Columbus
Q140263727,
Q100675071,The Ilhan Mehmet Group
Q115939936,
Q49095873,Trolls
Q139253822,Hank Hehmsoth Trio
Q11751615,Kwartet Łazienek Królewskich
Q15958711,Montreal Orchestra
Q6907839,Moonlight Dub Xperiment
Q17311915,Folklórní soubor Hořeňák
Q43136113,Hor 29 novembar
Q56300316,
Q11973910,Hanna Paulsberg Concept
Q120498423,Aggressive Sound Painters
Q85774445,King Calaway
Q140201287,Maestro Blink
Q17033765,Tiger
Q108207984,Alibi
Q7370484,Rothko
Q10508497,Great Ol' Oak Band
Q61133824,Dogs in Kavala
Q133462489,dogworld
Q18334275,Uffe & Bosse
Q12006491,
Q65202668,
Q7072742,ONCE Group
Q121590789,Little Moon
Q110156519,Anal Hard
Q111638043,Orquesta Sinfónica de la Universidad Autónoma del Estado de Hidalgo
Q113540488,Crime Fighters Inc.
Q140288430,Leon and Malia
Q10317567,Les Musiciens du Nil
Q11350131,Royal Chamber Orchestra
Q123166639,Ars Nova
Q2420517,Dekoor Close Harmony
Q133321894,Silver Fox
Q4053264,
Q10587236,Moder Jords Massiva
Q61107955,
Q28457646,The Delinquents
Q97574230,Mumblin' Deaf Ro
Q11948182,
Q5718247,
Q124323647,Christchurch Harmonic Society
Q55605306,Beyond Unbroken
Q16589638,Dzierżanowskiego
Q10551030,Kvartetten Synkopen
Q123411648,The Wellermen
Q12266009,Piztiak
Q18170078,Antequera
Q124497091,
Q16850961,Jubilate Deo Chorale and Orchestra
Q60452088,
Q2410541,The Psychedelic Rangers
Q11979108,Jomfru Mortensens Trio
Q136645239,Ricoriri
Q104216688,
Q24866542,Veiled in Scarlet
Q40110049,Auguste
Q5015047,C Cat Trance
Q137299458,A Place For Owls
Q18960267,Kambarkan
Q118353170,Dole & Kom
Q5282781,Dissipated Eight
Q28131349,Czarface
Q97189185,Let It Come Down
Q678037,Sudecka Philharmonic
Q124329445,Amadé Ensemble de cuivres
Q13026619,
Q2836948,Pampa Yakuza
Q123475425,74 Miles Away
Q6941506,Music Ensemble of Benares
Q104657645,
Q2891050,Batala
Q20916354,
Q8173309,Horpyna
Q2900737,Bi Kyo Ran
Q106544836,
Q136084906,The Kilkennys
Q19391528,
Q123959515,Spaarndammerbuurtkliek
Q108266039,
Q111795437,
Q139762589,1st Canadian Infantry Battalion Brass Band
Q17216648,THE PRISONER
Q109974896,Sweethearts of Sigma
Q56056519,Hellwell
Q18635989,Mangled Torsos
Q4681473,Adebisi Shank
Q30640557,Crazy as Pinoy
Q115899473,Puritan Guitars
Q1950346,I Solisti del Vento
Q2666454,
Q7730302,The Disciplines
Q4043017,Lion's Share
Q136651339,Φιλαρμονική Εταιρεία Λευκίμμης
Q110069593,
Q84322237,
Q5473665,
Q12956259,BTA
Q28689850,Consado
Q11826732,Prawda
Q57313597,Rave Radio
Q140190599,Montuno West
Q65651874,Orchestra of Cyclades
Q111715555,Przyjaciele Karpia
Q12029708,Kocourkov Teachers
Q105840359,Fake Cats Project
Q7754392,The Northwestern
Q17711920,The True Beltez
Q134722220,Deja Vu
Q18729189,list of metalcore bands
Q7699344,Ten Thousand Free Men & Their Families
Q40338052,Bagad Bleidi Kamorh
Q4444613,Stuk Bambuka v XI Chasov
Q24933498,Ensemble De Caelis
Q15052813,Mazes
Q31188110,Sohano
Q12005788,The Gambian/Norwegian Friendship Orchestra
Q9192062,Uniwersytet Warmińsko-Mazurski w Olsztynie. Chór
Q7773656,The Watanabes
Q9357922,The Dead Pets
Q139571212,Opry Band
Q11962571,Bull of the Year
Q2893356,Beautés Vulgaires
Q7896868,União Filarmónica do Troviscal
Q20106756,San Leon
Q21091782,Bullitt
Q18692274,Ross the Boss
Q12071594,
Q133821301,She's green
Q11988912,Meistersextett
Q2799533,
Q21002702,Creepoid
Q17216839,Hey-Smith
Q11233440,Missile Girl Scoot
Q93955204,
Q12351180,
Q104542108,
Q131620654,The San Lucas Band
Q10543160,Kammarkören Svenska röster
Q109469905,Dyvni
Q9390334,Zespół Regionalny „Mietniowiacy”
Q65074665,The Furies
Q19964121,Om 'e Noard
Q10924537,
Q11786790,Musicology Band
Q140356292,Musikgesellschaft Messen
Q2819286,ANBB
Q111949222,Grubby Little Hands
Q11324648,
Q65091811,Tropidelic
Q107640305,
Q96383601,J. Hubert Francis and Eagle Feather
Q7750964,The Memories Attack
Q3420555,Alchemy X
Q118780410,Wagner Pa & Brazuca Matraca
Q4156482,
Q65029835,Mainstream Small Stars
Q31888314,Germ Bomb
Q10871643,ZONETONE
Q61361358,Nerabe
Q138606433,Lissom
Q70203310,
Q104872208,LPT
Q135525780,Souls in Rhythm
Q104864924,Grand Union Orchestra
Q145817,Zamirchor
Q29521799,Equal Idiots
Q113841228,The Shamrock
Q134604160,
Q4811715,Astrosoniq
Q12294070,
Q126679155,Eternal Champion
Q945860,Orquesta Sinfónica de la Universidad de Guanajuato
Q31887290,Teresa Indebetou Band
Q85846914,Permanent Slow Fade
Q4034958,Beefcake
Q1286724,Junges Fieber
Q25640427,Us Famfaar 1973
Q110069540,
Q7716453,The Bells
Q12634546,Klapa Komiža
Q28494907,Haïdouti Orkestar
Q55635338,The Last Alliance
Q131578661,The Cyclist Conspiracy
Q11498665,Gekitetsu
Q5033823,Cantilena Antiqua
Q65255183,
Q1936367,Mindener Bürger-Tambourkorps
Q113352719,Gerry Mulligan International Big Band
Q1783671,
Q65264168,
Q139855682,Intestine Baalism
Q3232657,Les Fils de Teuhpu
Q55623635,Mono Club
Q7386051,Räserbajs
Q11309942,Japan Academy Philharmonic
Q1625103,Holst-Sinfonietta
Q60741408,"Choir of Somerville College, Oxford"
Q116192821,Primetime Failure
Q112878517,
Q16560261,Interplay Jazz Duo
Q131871419,The Oklahoma Kid
Q3024244,Desaparecidos
Q1651693,Original Naabtal Duo
Q65047882,Night Moves
Q10518684,Hawk On Flight
Q61363851,Irula
Q69290546,
Q6057477,Düş Sokağı Sakinleri
Q65250915,Madmen
Q104093202,
Q20684970,Newport Worship Band
Q11303595,
Q25566166,Te Tanet
Q12261215,Kalite
Q105560238,OtherLiine
Q55634910,Tender Defender
Q38276191,Sources
Q16139629,
Q5642400,Orquesta Juvenil del SODRE
Q11827465,Profanacja
Q31188059,Quemando Ruedas
Q15901732,
Q65076143,IYASA
Q3521394,The Inspector Cluzo
Q19841033,Women's Vocal Orchestra of Sumatra
Q6066674,Iran's National Orchestra
Q3355369,Tunisian Symphony Orchestra
Q15053622,The Dibidus
Q14718171,
Q12102351,
Q110972450,
Q10498605,Franska bönder
Q16253561,I Shot Cyrus
Q60753967,Dream State
Q139892724,R. Missing
Q137591264,Big Richard
Q111784777,Wardell Gray Quintet
Q116052913,
Q120187176,Arnstadt line
Q12676461,Valstybinis Vilniaus kvartetas
Q136203740,BRØKEN ØATH
Q15407589,Sequenza 9.3
Q1478041,Münchner Madrigalchor
Q12351488,Les Gâs du Berry
Q104829473,
Q110381807,
Q26923523,Jared & The Mill
Q113679286,Pihalni orkester Vrhpolje
Q3693908,
Q139602766,LCBS Brass Band
Q30602158,Headless
Q2846928,Android Lust
Q56402566,
Q65211255,
Q85801795,Soccer Team
Q11904524,Aires Formenterencs
Q11343629,
Q9248313,Dzieci gorszego boga
Q105772807,Kiwi Jr.
Q10727495,
Q7759378,The Ramos Acrobats
Q133799791,
Q13037995,
Q106564848,Port Angeles Symphony Orchestra
Q7178355,Petit Cheval
Q107005714,Perkel Opera
Q10699787,Toms Tivoli
Q4107355,
Q55524953,KAO=S
Q124466511,
Q133796184,Douglas (band)
Q12322191,Klondyke
Q5395413,Erotic Elk
Q105220452,
Q3541944,Tulaviok
Q137367967,Štěpánští koledníci
Q55466023,"La 2X4 Rosarina,"
Q21998485,Ensemble Leones
Q10613089,Osquar Mutter
Q56359136,Dnipro Choir
Q19599985,Abraham's Children
Q18960276,Omnihility
Q17984336,Printer Clips
Q12655516,
Q15052820,Northern Light Orchestra
Q11993239,Offpist
Q2595117,
Q1980660,Tehran Symphony Orchestra
Q6176919,Jellyfish Kiss
Q120755440,Hursa
Q28500986,Hard Rain London
Q5458302,Flayed Disciple
Q125157335,The Poets of Rhythm
Q137771227,Mandle Philharmonic
Q3338903,New African Poets
Q9661586,Book of Hours
Q85786219,Mood of Defiance
Q6094520,
Q132320388,Heartbeat Opera
Q139753076,Hillsdale Cornet Band
Q19414378,Church of the Helix Choir
Q5569983,Glittermen
Q57830569,The Heathertones
Q73912542,Akana-NHS
Q30938055,Beat Buddy Boi
Q51545430,Syrian Expat Philharmonic Orchestra
Q56367407,
Q7563701,Sorrowful Angels
Q1474703,Funky Marys
Q9390302,Zespół Pieśni i Tańca „Wałbrzych”
Q109364877,
Q907036,Dobbantó Folk Dance Ensemble
Q15975035,Projevy radosti
Q5393985,
Q3195835,Kevrenn Brest Sant Mark
Q50286317,
Q72680440,Yorkshire vs Essex
Q115699953,Chamber Choir of Grand Rapids
Q121590499,Tiptoe Giants
Q20013259,Undercover Brothers Ug
Q10510131,Grýlurnar
Q120690436,La Cimada Nissarda
Q62128578,Harrington Brothers
Q5594496,Grand Drive
Q10699433,Tom & Mick & Maniacs
Q106375890,
Q2351567,Stoneface & Terminal
Q7095228,Ooberman
Q2553424,Weber-Beckmann
Q7711182,That Fucking Tank
Q109844157,After Class
Q1066359,Tokyo Metropolitan Symphony Orchestra
Q99412226,Hololive 1st Generation
Q28228322,Sitting Bull
Q133568394,Good Neighbours
Q17991903,The JADE
Q16639081,Udmurt Opera and Ballet Theatre
Q2762597,Mahaleo
Q125147875,The Arkanes
Q106683808,
Q125570489,Sticky Fingers
Q136645881,Mesadorm
Q10341406,
Q48884473,Bratislava
Q8142482,Orchestra Giovanile Luigi Cherubini
Q20685683,Strapps
Q127278513,Ships In The Night
Q90723887,Budvarka
Q16419027,200.000 naglbítar
Q15803892,
Q13188333,Gnadenlos Platt
Q112977065,
Q5951809,Hwa Chong Institution High School Band
Q21005511,The Daisy Kids
Q43527937,Eddy and the Lightnings
Q65016878,Adasiewicz Erb Roebke
Q55951448,Shivered
Q9355231,Tajfuny
Q97186860,
Q132181173,Queen +
Q65205970,Una Hora Más
Q3116729,Grimmark
Q114120239,Fatty Koo
Q61363972,Korroskada
Q30608053,Crystal Fairy
Q97502284,
Q20112146,Demring
Q7734575,The Flying Circus
Q120886309,Volendams Opera Koor
Q115314218,C.C.C. Inc.
Q105504969,Young North German Philharmonic
Q65016937,Topf
Q16159234,Vera Lingua
Q10523847,Hide the Knives
Q3141395,Houston Swing Engine
Q15052981,Y.A.S.
Q19365515,Control
Q2903728,Florida Grand Opera
Q120599579,hololive ERROR
Q18163845,Skatenigs
Q12051570,Sex Deviants
Q106547607,
Q9397623,
Q123728444,MMXX
Q60988519,WORLD END MAN
Q3234982,
Q5995400,Marca Cañón
Q30603779,Ruin
Q30598996,The Named
Q124813992,UKEkoret Optimum
Q23014071,Icy eyes
Q16949941,Sir Reg
Q114708732,chœur de la paroisse des Trois-Saints-Docteurs
Q16412134,Narva Symphony Orchestra
Q6752297,Manual
Q13138303,The Howdy Boys
Q11798328,One String Loose
Q125454511,The Prog Collective
Q7972179,Washington Scottish Pipe Band
Q10711802,V-Dala Spelmanslag
Q22080378,High Tyde
Q111973030,Wasted Laika
Q11766961,Mamzel
Q321659,Consortium Classicum
Q123699907,Crow and the Canyon
Q3232986,Les Go de Koteba
Q22081704,Lucifer
Q64684633,Uberdope
Q5044833,Carolina Gold Drum and Bugle Corps
Q25640621,Bôntj & Blauw
Q25457130,Headbengs
Q11992848,Nypvang og Spongdal skolemusikkorps
Q137925285,Jessica Jones Quartet
Q20684072,Everywhere
Q15834974,Meyce
Q7447352,Sektor 304
Q106646479,
Q106808923,Malumz on Decks
Q25407138,
Q61364862,Dekot
Q65030479,Magic Naked
Q135005431,The Sick Man Of Europe
Q131418359,Kassie Krut
Q49100960,S:t Petri ungdomskör
Q110270968,
Q17990248,Charisma.com
Q20525109,Slavonski dukati
Q34497911,Opera Ballet Vlaanderen
Q3355284,Orchestre de chambre de Paris
Q7691771,Teargas & Plateglass
Q93503077,Aliyah
Q136786096,Snocaps
Q4668075,Able Tasmans
Q6978862,Atar Trio
Q48744186,THE STARBEMS
Q47507197,Fioravanti
Q22031608,Falling Cycle
Q11722521,
Q11658056,
Q119211681,The Barnestormers
Q6967351,Nass Marrakech
Q121031059,
Q140343701,Teatro de la Ópera
Q137210247,
Q2306180,Het Brabants Orkest
Q10533085,I The Mighty
Q98446209,
Q109481038,BRUCKNER2024
Q7941689,Voom
Q12261980,Last Rebels
Q12072472,Ściana
Q105754897,Bound and Gagged
Q2845307,Anand-Milind
Q5529050,Gazeebow Unit
Q22691546,Capella Aquensis Aachen
Q67517837,Vocalconsort Berlin
Q1880600,Art du Bois
Q130545659,MISC.
Q11833084,RSC
Q851133,Budapest Academic Choral Society
Q4036923,DOK
Q39073461,Lazer Wulf
Q25882850,Gypsy Devils
Q20687454,U.Z.Z.U.
Q2616763,De Tuutjefloiters
Q12072265,Robots Don't Cry
Q136413446,Cionico
Q10865221,
Q122926961,Le quatuor Armida
Q1134739,Syrian
Q4822664,Nederlands Studenten Orkest
Q4052633,Vengerov & Fedoroff
Q120400338,Spitfire
Q6100044,Grup Kızılırmak
Q5266184,Deus Ex Machina
Q7748560,The Lost Brothers
Q16486689,
Q116911079,
Q28232959,Nuance
Q85866105,
Q4350699,Baby Alice
Q105426929,
Q11951752,The Mighty Fools
Q111701948,JILLASTED
Q66629634,Seoul Metropolitan Chorus
Q6377337,Kathy and Carol
Q604795,Los Galos
Q10539518,
Q11772017,Mazzoll & Arhythmic Perfection
Q134622885,
Q10628537,Photogenique
Q12070433,Symphonic Orchestra and Chorus of the Secretariat of the Navy of Mexico
Q72632590,Twinkle Twinkle Little Rock Star
Q122616107,
Q10403950,Akademiska kören
Q124896787,
Q42306906,Philharmonische Vereniging van Antwerpen
Q17075554,Feo-Gasy
Q6325327,KASMs
Q4733936,Almost Big Band
Q18658938,Helsingin Laulu
Q110532676,Collar
Q16592980,Los Mochuelo
Q111181952,Fuchsthone Orchestra
Q13137358,Opskuor
Q4041375,
Q105064108,
Q139907166,
Q10542229,KFUM:s kammarkör
Q16850284,Jive Bombers
Q2825733,Megastore
Q16960852,Rubyhorse
Q10620434,Park hotell
Q3080152,Fouta
Q65047463,Chulita Vinyl Club
Q7292005,Randomajestiq
Q119840810,La Diferenzia
Q15052648,Beygairat Brigade
Q18168099,THP Orchestra
Q3760063,
Q12408605,Israeli Air Force Band
Q5380776,EntropiK
Q85803656,Strange Relations
Q9390308,"Zespół Pieśni i Tańca Uniwersytetu Jagiellońskiego Słowianki"""
Q11190721,B-MONEY
Q99533368,Not Enough
Q4344660,
Q12010583,Whirlpool
Q288952,MDR Symphony Orchestra
Q16684883,Parisian instrumental quintet
Q137204654,Hauptstadtblech
Q29096499,Project Grand Slam
Q121335691,Sons of the Steppes
Q110069382,
Q61000269,UM44K
Q80672955,
Q104856682,Ttrruuces
Q1607376,Schwanenschloß Kinder- und Jugendchor Zwickau
Q123090837,Soul Meets Body
Q115126373,Madrigal In Casa
Q1837505,Wizards of Ooze
Q23927015,Orquesta de Espacio de Cámara de la Universidad de Santiago de Compostela
Q776404,Schleswig-Holsteinisches Landestheater
Q12796911,
Q3232293,Les Endimanchés
Q13015605,T-Bone
Q5064138,Ceredwen
Q19667835,All-Star Trio
Q64995544,Jean Paul Brodbeck Trio
Q108427884,Valli Girls
Q24935386,Pater Nembrot
Q10401896,Aerospace
Q24937811,Trio Ramponi
Q9390305,Zespół Pieśni i Tańca Budowlanych Warszawy „Starówka”
Q6864450,Miners of Muzo
Q4823154,Austin Klezmorim
Q11301557,
Q60787245,Cropduster
Q16496988,Barreto & Barroso
Q18238297,Azar
Q22121826,D.T.A.L.
Q9601481,
Q18217183,Play the Siren
Q933993,San Francisco Symphony
Q96337366,Per-Sonat
Q29034305,
Q123140934,The Ojai Camerata
Q127445197,5 Cent Coffee
Q16164655,The Uchpochmack
Q9357210,Tercet
Q12114763,Kryk Dushi
Q11081079,Seven Princesses of Mediacorp
Q123680536,Los Yesterdays
Q10695558,The Georgians
Q13632875,
Q23500560,Morgat Morgat
Q106676093,Space Dimension Controller
Q106025990,The Dust Coda
Q55469384,Cuarteto Pedro Chemes
Q113240307,Balaklava Blues
Q19894635,Salt of the Sound
Q4050238,Stressor
Q115300479,"Academic choir of the Basilica of the Heart of Jesus in Zagreb ""Palma"""
Q82349074,
Q55833319,
Q3033960,Dolls of Pain
Q97219602,Kolm Lindu
Q126265252,Ndirande Anglican Voices
Q105884270,
Q116687614,
Q1338484,Polish National Radio Symphony Orchestra
Q97452389,
Q57909101,Mastodonte
Q10600475,Nicolas Makelberge
Q5547827,Georgia Tech Glee Club
Q12409793,Nos’ei Hamigba’at (The Top Hat Carriers)
Q105492999,
Q138036159,
Q25056191,Yood
Q90281114,The Rightly So
Q16954838,Naguila
Q22080437,Maranatha
Q6053481,Orquesta de Pulso y Púa Francisco Tárrega
Q55378397,
Q112977036,
Q7828258,Totalt Jävla Mörker
Q28667768,
Q19947563,Mannijo
Q10376324,Sétimo Céu
Q9323530,Rub Pulse
Q21117122,
Q17212696,SLIGHT SLAPPERS
Q114409619,
Q124327978,Divorce
Q7210963,The Tel Aviv Chamber Choir
Q3712272,Djiguiya
Q64223590,The London West End Orchestra
Q47281963,Ministrers del Sabre
Q61750479,
Q10578629,Maukka & Nahkatakit
Q4335543,Opus
Q4386870,Rabfak
Q11189361,AN-J
Q3058461,Espoir 2000
Q15943723,
Q13018348,
Q11430555,
Q11751532,Kwadrat
Q31189079,Solte
Q10372712,Sociedade Filarmónica Amizade Visconde de Alcácer
Q7396060,Sabesh-Murali
Q16352502,Pnuma Trio
Q123485181,
Q3520214,The Castle Céilí Band
Q12816797,Wanderers
Q1492865,Gamat 3000
Q122926900,Setenta
Q28913248,
Q19602691,Simple Muffin
Q100695723,Hedvig & Selma
Q12266170,Potemkin
Q15437375,Ensemble 13
Q11338909,
Q125926841,Roko Banana
Q60982473,Zyklon Beatz
Q7729281,The Dead C
Q105238392,Associação Sociedade Filarmónica 1º Dezembro 1882 de Pragança
Q130223242,Dance Lessons
Q125484229,Pjena
Q18450622,Gang Bang Band
Q107031258,A dream of Poe
Q15629088,Yuuhei Satellite
Q100093027,Phønix
Q7634977,Sugardrive
Q9360587,
Q3413672,Quatuor Enesco
Q61362674,Larrepetit
Q4930089,Blue for Two
Q63048361,Freenetiks
Q15929085,TRASH
Q107481271,Stephanie's Child
Q4735276,Alphastates
Q4252645,
Q4423413,Slivki
Q108681309,
Q17216213,FUNKASIS
Q18280339,Raul Torres e Florêncio
Q1870468,Los Angeles Guitar Quartet
Q6404461,Kid Commando
Q122960463,Land Of Bingo
Q12641948,Senzar
Q85966968,
Q11627267,Nishirokugo Boys and Girls Choir
Q3885019,Orchestra di Fiati della Valtellina
Q130678833,Mogrinos
Q6933328,Mujeres Encinta
Q9184491,
Q125453548,"Day, Dawn, and Dusk"
Q6075143,Barikat
Q3355316,Auckland Philharmonia
Q43140799,Antwerps Bach-Gezelschap
Q60967900,
Q122143500,Morbidi i mnoći
Q11799223,
Q117274535,Burial Choir
Q10437233,Buddaboys
Q99542395,Meridian Herald
Q118780387,Caníbala
Q105226552,Takatak
Q2534887,Vox Luminis
Q117352455,
Q105169240,
Q4848809,Bajah + The Dry Eye Crew
Q7756036,The Pappy Johns Band
Q3723778,Elwing
Q22087235,Hooton Tennis Club
Q10852153,PiA樂團
Q3303913,American French Machine
Q5017748,Cairo Celebration Choir
Q20113133,
Q2400210,Monroe Brothers
Q135206374,Salsbury's Troubadours
Q1710753,
Q104597553,
Q11799209,
Q20708043,Joe Kaye's Band
Q12361393,Eesti Orjanduslik Partei
Q4039605,Gorchitza
Q126178529,Melody & Harmony
Q28707729,Boyan (Ukrainian choir in Sydney)
Q122926067,Muhlenberg College Percussion Ensemble
Q6144305,The Crystalairs
Q16207749,Acid Tiger
Q119285708,Apollo
Q25410979,Tim Swan & Elliot Sumner
Q14806019,Die el. Eleffant!?
Q122759862,The Jumping Jacks
Q2380662,Süddeutscher Kammerchor
Q65231167,Red&White
Q17150831,No Borders Orchestra
Q5574513,Go!Go!Go!
Q106811422,Noise Factory
Q245742,Zymboulakis & van Beke
Q139586413,
Q119726421,Pressure Drop
Q1218535,Die großen 3 der Volksmusik
Q120335618,
Q11367257,Chūbu Philharmonic Orchestra
Q19910804,Punk Fraction of Red Brigades
Q61819812,CΛIN
Q2754620,Resistentieorkest
Q19288737,Lakobeil
Q3042419,Début de Soirée
Q139757326,Ladner Cornet Band
Q87094799,Vigato Quartet
Q3410217,Psykopat
Q106091207,Saakin
Q106289121,
Q4122964,Volgograd Symphony Orchestra
Q127599375,The Hotshots
Q110543678,Saint Phnx
Q60986613,Farmers' Market Ave.
Q31189016,Kabul
Q10424472,Bad Cash Quartet
Q24898374,
Q4297076,Mify
Q18206866,The Forum
Q5485694,Radioactive Sago Project
Q7598230,Standard Fare
Q22570214,Mash Up International
Q99745690,Alaskan Fishermen
Q17071264,Vin Sinners
Q6807149,Medium Medium
Q96412652,United States Air Force Band of the Golden West
Q61057301,"Grab""A"
Q16843412,The Keys
Q10380725,Terra D'Água
Q3633905,
Q15199306,Capella Silentium
Q27151106,Mika Rika
Q12330424,Organiseret Riminalitet
Q1303508,"Ensemble ""Die Reihe"""
Q29023811,
Q20477157,İzel-Çelik-Ercan
Q12218864,
Q1258535,Dresdner Kapellknaben
Q11170916,Čellisti
Q18712481,Oregon Mandolin Orchestra
Q113652962,
Q89910983,Oliva trencada
Q55460177,Quinteto Típico Buenos Aires
Q61131380,IMLÉ
Q18613099,Dahlkvistkvartetten
Q10667936,Silversystrar
Q16953175,Monmouth Civic Chorus
Q61919315,Fetus Productions
Q62656530,Tiger Junkies
Q3561776,Vladimir Estragon
Q11688608,Boom
Q5713563,Hendon Band of The Salvation Army
Q6144050,The Beachers
Q118383640,
Q4387471,
Q12641717,Sane
Q29479305,Noisy Cell
Q11233376,Mintmints
Q7539662,SleepResearch_Facility
Q21998514,Fundación Cultural Patagonia String Quartet
Q11735028,Kapela Brodów
Q65255533,
Q48897016,Shallow Levée
Q25687975,Soċjetà Filarmonika 11 ta’ Frar
Q2331359,Providence
Q4926739,Blink
Q104699134,
Q2052868,Ensemble Romanesca
Q131531184,
Q96217149,Turkmenistan State Symphony Orchestra
Q25640404,Mootwörm
Q56724075,Hardlife Avenue Stars
Q109469897,
Q12880415,
Q17190318,Ready Candy Camp
Q7895577,University of Kansas Marching Jayhawks
Q56392192,
Q29023759,A5
Q97199128,
Q136289097,Agriculture
Q136486719,La Sociedad de los 5 Vientos
Q3519733,The Ailerons
Q113481891,
Q107211131,zvuk broda
Q81279782,4 Szmery
Q29152646,
Q4889233,Benjamin Sisters
Q3539668,Triste Sire
Q5243133,Dayeene
Q137456074,Watu Pori
Q108599392,
Q25112121,Expressway Yo-Yo Dieting
Q19380960,Mamas Garden
Q98437601,
Q1856402,Spaarnebazuin
Q115776468,Pijama Party
Q104902150,The Fables
Q13025024,
Q1963986,
Q1526031,Gothenburg Symphony Orchestra
Q1723141,Kammerchor Stuttgart
Q4011603,Vijana Jazz
Q130321343,Moggs Motel
Q120498369,
Q7756989,The Phonic Athletic
Q11234139,N's
Q5308143,Driza Bone
Q11227599,KAmiYU
Q97694099,Familien Akselsen
Q18242565,Highway Stars
Q11155559,Popboks
Q28684188,SPiCYSOL
Q17151110,Saintseneca
Q7424477,Saroos
Q105098647,
Q131559306,
Q18989436,EXILE TRIBE 二代目J Soul Brothers VS 三代目J Soul Brothers Live Tour 2011 〜継承〜
Q809927,Baseline
Q126203620,Screaming Believers
Q3473864,Satanicum Tenebrae
Q7544503,Smialek
Q66151972,Ancient Methods
Q139762682,Watson Brass Band
Q107290639,Maluks
Q9390295,
Q12322872,Krisekoret
Q20732132,The Pale Blue Dots
Q22908219,Reggae Rajahs
Q1170654,I Vocalisti
Q12328469,Najand
Q127278578,Għaqda Filarmonika Prince of Wales' Own
Q12256822,Enboskada
Q50179049,Prvačka pleh muzika
Q6683079,Los Pikadientes de Caborca
Q114865336,New York Unit
Q31082458,Illusion is mine
Q124896801,
Q19955556,Blues Himmel
Q90888335,Moscow Rachmaninov Trio
Q11811273,Parias
Q109370492,Namedaruma
Q30637102,Military Brass Band of the Ministry of Defense of the Republic of Tajikistan
Q4036536,
Q871671,Meiningen Court Orchestra
Q136679928,Mamoru Kawagoe Memorial Hokkaido Symphony Orchestra
Q11082328,
Q84247019,Cloudless
Q12292155,
Q9192018,
Q11347225,
Q51030209,Braunschweiger Akkordeon-Orchester
Q117481362,One Day Alive
Q121237384,The Willows
Q705327,Wangjaesan Art Troupe
Q25463904,
Q17193511,EVE
Q113627825,University of Maryland Chapel Choir
Q132544588,Aufnorden
Q11193666,COOLON
Q85763486,Giles Corey
Q21875618,The Paranoid
Q115610545,Witchknot
Q17277167,Czech Ensemble Baroque
Q39049761,Presidential Orchestra of the Republic of Moldova
Q15053045,Pocketbooks
Q28434587,Mac-Talla
Q12034467,LuŠtěLa
Q30934750,SKA FREAKS
Q4047392,
Q71562090,Ensemble Dialogos
Q4868162,Bassinvaders
Q516997,Concerto Köln
Q131753457,Foxtails
Q48698534,Ten Strings and a Goat Skin
Q18960262,Hard Blasters
Q110895214,York Chamber Ensemble
Q11187988,566
Q65012962,The Feckel
Q2859608,Arbadétorne
Q85808139,The Philistines Jr.
Q65250091,The Popolim
Q5743143,Heroes Wear Red
Q139757321,Kincolith Brass Band
Q123573636,AcQUA
Q12894712,Najavibes
Q84362334,Belite Shisharki
Q10578686,Max Fenders
Q10341710,Paraná Military Police Symphony Orchestra
Q115622380,Yaard Sale
Q65028488,Mix Tour
Q18290183,Gotlands sinfonietta
Q134778264,
Q106042333,
Q11950010,
Q2964624,Chozpareï
Q1920316,
Q139675415,Bruxelles Brass Band
Q48780728,
Q12333865,Rubber Kizz
Q1374094,Klenke Quartett
Q7900052,Urban Strawberry Lunch
Q105264120,
Q139757290,Cariboo Hill Temple Band
Q11197289,Dustbox
Q6108203,JGeek and the Geeks
Q17080301,Sachin–Jigar
Q106918384,Tommy's Darkling Thrush
Q119002843,
Q7031067,"Maḳhelah ha-leʾumit ""Rinat"""
Q127919929,Soċjetà Mużikali Santa Margerita
Q3645254,Brokenspeakers
Q113324677,
Q97311797,
Q12312864,Free To Choose
Q3061994,Exo
Q15918170,Xhejn & Enxhi Kumrija
Q7781011,Thelema Trio
Q7594247,"St Mary's Cathedral Choir, Sydney"
Q11230951,MALAWI ROCKS
Q1723138,
Q126846598,Offbeats
Q10650226,Red Velvet Slide
Q134722272,UnityTX
Q16954370,MV & EE
Q59678677,"Warband III of the ""King Alfonso XIII"" Brigade of the Legion"
Q19301957,Túrnez & Sesé
Q1344229,Ensemble Avantgarde
Q17355373,Notre-Dame de Reims (Cathedral). Maîtrise
Q19910015,Magellanovo Oblako
Q65028499,Lumahama
Q11263390,Uzumaki
Q28687271,Be the Wolf
Q13053540,
Q85868045,VOLCANO
Q1572835,Staff Benda Bilili
Q130751473,Ekmeles
Q127601528,Ex-Void
Q7808864,Tippatone Sound
Q107709601,Zoon
Q91112109,
Q118874818,Little Fuss
Q117806083,Weapons of Mass Creation
Q15053089,Ingmar Piano Duo
Q104825422,
Q97356142,Wells Fargo
Q2760656,
Q20107835,Catalonia Jazz
Q12273097,
Q6813189,Mellow
Q121298076,
Q16525926,Adams
Q119050288,
Q65217292,
Q10554525,Las Palmas
Q684435,Toronto Symphony Orchestra
Q5652818,Happy Hoes
Q1779639,Orfeó Català
Q12384086,
Q11969809,Foxtrot
Q13018342,
Q107894067,
Q125310906,
Q11915586,Cor Madrigal
Q106650550,société du double quintette
Q28549421,
Q122706281,Canzoniere Internazionale
Q65035015,Tim & Struppi
Q1551297,Judith und Mel
Q55633361,Smoke Season
Q3633906,Italian Air Force Band
Q4348740,Blues de Picolat
Q63208470,
Q139676153,Intrada Brass
Q104861497,Vitabeats
Q674305,Make-Up
Q10518147,
Q15955574,Vobezdud
Q10665378,Self Deception
Q30597813,Stoker
Q11820286,Podegrodzcy Chłopcy
Q3321143,Monolithe
Q3160555,Jailbird
Q12063008,
Q65255028,
Q85993134,
Q125177454,Swedenborg Raum
Q85816507,Y La Bamba
Q136681669,Macao Youth Symphony Orchestra
Q4036223,Sisters of Our Lady of Consolation
Q5908019,Iceberg
Q100727133,
Q137594793,DIP Project
Q110886992,Scurravagus
Q18148958,Indianapolis Chamber Orchestra
Q6016736,Oyun
Q9149894,AmenBand
Q6463427,La Lionetta
Q31181456,Gluve kučke
Q1033880,Cantos del Pueblo
Q17760977,
Q12372865,
Q3522350,The Psychotic Reactions
Q134877727,Dark Divine
Q125564289,Uranium Club
Q4232474,Kopy v Ogne
Q84939543,Lonnie Young's Fife and Drum Group
Q85869257,
Q20704190,Poultry
Q87328359,Stockholm Bulgarian Women's Choir
Q11190415,Ar
Q10576136,Malmö Spelmanslag
Q110465050,Shadows of Steel
Q25451030,El-Funoun Palestinian Popular Dance Troupe
Q106161714,
Q17441106,Mašinko
Q55523644,Have a Nice Day!
Q7858248,Twin Obscenity
Q2882092,Band'Eros
Q4782216,Apteka
Q10659615,SONUS
Q65224214,
Q3345397,November Növelet
Q4034962,Beelzebubs
Q139542157,Skopje Soloists Chamber Orchestra
Q19560273,The Colombo Philharmonic Choir
Q10632782,Plan Nine
Q992638,Mainzer Hofsänger
Q25095578,Christopher and the Souls
Q55470801,Tamango
Q3448196,Broken Heart
Q933076,Revl9n
Q54874629,Conan Neutron & the Secret Friends
Q6117978,Sam & The Soul Machine
Q17595426,The Shady Brothers
Q1564923,"Ensemble ""Kolo"""
Q134777286,"Byelorussian Chorus ""Zhaleyka"" of Montreal"
Q7765398,The Sound Explosion
Q7575424,"Speed, Glue & Shinki"
Q6679886,Lord Radio & the Bimshire Boys
Q1297189,The Male Choir of St. Petersburg
Q106546778,
Q11708617,Happy Pills
Q24954961,Hell:on
Q125176992,YellowStraps
Q19372525,Dixie Serenaders
Q21546034,Alverna Gunn
Q13137974,SoulDada
Q16427006,Spilverk þjóðanna
Q65084051,Jackson Pines
Q55073547,Concerto Comunale di San Giovanni Valdarno
Q117121897,
Q106507169,Ozone Quartet
Q137587168,Touché
Q7114040,Overtone
Q25444978,Cómplices al rescate
Q10560813,LiTHe Blås
Q4042639,
Q133233759,Rexburg Children's Choir
Q104638932,
Q118464952,Les Ambassadeurs ~ La Grande Ecurie
Q16847376,Indianapolis Opera
Q11342843,
Q106940641,Dave Rave Conspiracy
Q10712977,Vardagsgruppen
Q12319703,Jetpetz
Q85995221,Safeplanet
Q2573537,Bergen Philharmonic Orchestra
Q11841176,Pascal Pinon
Q3539801,Troc
Q12153415,
Q110895201,Thunder Bay Symphony Youth Orchestra
Q133289456,Alt Blk Era
Q125704293,Spirit and the Bride
Q21546038,Buzzard
Q23135609,Garbanotas Bosistas
Q105405110,
Q4835737,BIT20 Ensemble
Q4175864,El calor del pleno invierno
Q11896488,Tapiola Chamber Choir
Q28407621,George Halford's Orchestra
Q16947216,Sofia Soloists Chamber Orchestra
Q12790805,Hazard
Q17749738,BRA
Q96602465,
Q124936178,Blue Rose
Q65016919,Im Wald
Q110465368,
Q3351734,Olympus Mons
Q139676000,Kitchener Salvation Army Brass Band
Q122926888,Matmos
Q125479378,GiveWay
Q20513159,
Q105087797,Banda Musical de Calvos
Q11201197,GLAY×EXILE
Q19965854,Los Cuatro Ases
Q105086745,
Q110903271,6MIX
Q133099864,SORNAY
Q138333625,
Q724513,Stuttgart Chamber Orchestra
Q31074453,Orfeó Universitari de València
Q9346323,
Q11708338,HaWthorn
Q12298123,
Q120636440,Chœur Solis
Q5748984,Hexes
Q1945588,Montanara Chor
Q20032322,
Q24911291,Whosoever South
Q112977040,
Q6303236,Kids of 88
Q9073917,Sanjosex
Q64995485,The Reto Suhner Quartet
Q4241394,Kryhitka
Q98214991,The Dutch Trio
Q133499998,Obihiro Symphony Orchestra
Q105742418,
Q54556246,Boston Landmarks Orchestra
Q3570043,Wormfood
Q128304175,Società Filarmonica Nazzionale ‘La Valette’
Q123653704,Eryr Wen
Q4036682,
Q109414484,
Q98456460,
Q28711260,
Q4069769,Arnhem Philharmonic Orchestra
Q12638663,
Q16835955,European Medical Students' Orchestra and Choir
Q4112113,Moscow Virtuosi
Q62587680,
Q1820602,Les Surfs
Q11710630,I Spoke
Q11246018,
Q9357910,The Crackers
Q2701117,Chocolat's
Q10524491,His Master's Noise
Q11191887,BUNNY THE PARTY
Q43375931,Bergfinken Dresden
Q12079257,
Q56063525,Mild Orange
Q7718484,The Blackbirds
Q25484441,
Q118123401,Harrisburg Gay Men's Chorus
Q9593735,
Q110293990,Wiener Oktett
Q55615472,Justice Yeldham
Q56400655,
Q15805704,
Q133825118,
Q56274904,Y.O.U.N.G
Q105488076,
Q1525693,Les Musiciens du Louvre
Q121425366,Berliner Motettenchor
Q7753354,The Nectarine No. 9
Q127693881,Symphonic Chamber Orchestra Berlin
Q136670396,Manhattan String Quartet
Q46479255,Tehran Inter-Orchestra
Q128809865,MORII GIRLS
Q3707304,Missing Filemon
Q26253350,Södra Latins kammarkör
Q101005121,Edna Smith Trio
Q26210962,Nicki Bluhm and The Gramblers
Q10713379,Vatten
Q49100921,Uffes Blås Brass Band
Q838886,The Pancakes
Q5844930,Super s Karamelom
Q19706028,Dobrando a Esquina
Q11860450,Ghetto Blaster Sound
Q31188084,Nik Khaos
Q12031443,Krausberry
Q139898208,Bachelors Anonymous
Q12572922,Variety Symphony Orchestra of the Almaty Akim
Q48762763,
Q55340189,New Jersey Festival Orchestra
Q4302088,
Q3207071,La Casa
Q7773095,The Voodoo Trombone Quartet
Q3235570,
Q6132748,South Border
Q113076498,Schola Cantorosa
Q115691402,
Q24259725,Moosh and Twist
Q105064182,
Q132762977,Towyn Choral Society
Q25501724,True Strength
Q16169230,
Q2537471,
Q136326153,Sinfonia Collegium Osaka
Q18160083,Empty Pools
Q104794409,
Q136461210,Gangwon Provincial Gugak Orchestra
Q11798964,Ordinary Brainwash
Q115800268,Los Choclok
Q117231037,Georgetown Chimes
Q12376255,
Q65154388,
Q6815668,Memory Garden
Q135435467,Pearl and the Oysters
Q110069324,
Q131920284,Blaenavon Male Voice Choir
Q100308304,Pop's Cool Love
Q115526174,Hedford Vachal
Q135240235,Good Timers
Q98117472,
Q138509968,
Q4224790,KnyaZz
Q9368870,Viper
Q130545663,Parsley
Q6807135,Medium 21
Q3531130,Pandi Melam
Q124521883,
Q125177655,Perfidious Words
Q106571537,
Q16637262,Freeklane
Q7941565,Vond
Q96415815,Yip Yip Coyote
Q65254917,Flora
Q4259176,
Q3816852,Krauka
Q79799768,Silver Dust
Q1258489,Dresdner Barockorchester
Q96408484,The Blinders
Q7769228,The Tidy Ups
Q25503214,Božje ovčice
Q120107888,La Maîtrise de Paris
Q10505365,Glennartz
Q5310049,Du Du A
Q28684261,GUILLOTINE TERROR
Q5533638,Genticorum
Q5204234,DAG
Q6772002,Marlowe Brothers
Q12165253,
Q11233371,Minstrelix
Q136649927,Kaavish
Q138771795,Toulouse Lautrec
Q122926599,
Q9339964,Space Buddha
Q7720508,The Buffalo Bunch
Q32361772,
Q136774153,Guru Paraplégico e os Iconoclastas
Q4038676,feedback
Q10316745,
Q16446103,
Q39292380,
Q122926875,Les Becs Bien Zen
Q135678892,Wallis Lane
Q15053629,Hipnosis
Q105390115,
Q111784843,Jimmy Mosher Quartet
Q3040599,Dubphonic
Q122927022,Trio Métral
Q97376271,
Q4761377,Andy Suzuki & The Method
Q11924742,
Q17279247,Cousins
Q17573676,Maša & Lejla
Q4868542,Bataka Squad
Q2905323,Black Bleeding
Q16687414,
Q4373261,Portland Opera
Q57830615,Showtime
Q60982599,Siselabonga
Q56291139,Jarami
Q20880587,Darshan
Q110069643,
Q104861489,Vertical Hold
Q136436452,Raga Boyz
Q7058976,Northern Spirit
Q12257042,Erlak
Q120335655,
Q9177128,Bolter
Q10506415,Gläns över sjö & strand
Q10504591,Getingarnas orkester
Q39054147,Terceto Nano
Q110620140,
Q11762227,Lizar
Q18915654,
Q120335668,
Q66324232,Group Project
Q112061895,Twickenham Choral Society
Q113009252,
Q105276047,
Q6153513,Trío Los Murcianos
Q12660038,Kauno miesto simfoninis orkestras
Q65036940,Blue Veins
Q5188239,Cross Border Orchestra of Ireland
Q136704425,Eskimo
Q118434095,Gran Pueblo
Q130425890,África Negra
Q4050183,Stillife
Q19961831,Enekk
Q6074998,
Q111472409,Stargazer
Q136933216,Lost Velvet
Q20687350,The Savages
Q11228527,Kirakira☆メロディ学園
Q9197336,"Cygański Zespół Pieśni i Tańca ROMA"""
Q4345074,Parem
Q125994427,Syracuse University Glee Club
Q1253667,Rózsaszín Pittbull
Q136007737,Voces Gaudii
Q3519554,ThanatoSchizO
Q18552934,Love 4 Money
Q117190376,Aag
Q9140751,Addiction Crew
Q137527003,
Q7755857,The Pacific Showband
Q4517117,
Q106928452,The Sickness
Q4869618,Bats
Q5136391,Club Telex Noise Ensemble
Q2878960,Bagad Sonerien Bro Dreger
Q113687540,
Q22080392,Fortunate Ones
Q10680619,Stockholms motettkör
Q31092281,Dupla KáVé
Q104404375,
Q12302303,Ashtiani & Baltzer
Q10424477,Bad Liver
Q16712051,
Q61069849,
Q11351679,Word of Mouth Big Band
Q28684980,Sheeplore
Q7456339,Setanta
Q12948512,Chin Na Na Poun
Q131400202,Onsloow
Q4926990,Blizanci
Q7926887,Victoria Musicae
Q139762627,Vittoria Brass Band
Q11191860,BUDDHA BRAND
Q110895193,South Saskatchewan Youth Orchestra
Q12269522,Zülo
Q115802631,The Webb Brothers
Q10593323,Mållbergarna
Q98075741,
Q3664325,Celtic Harp Orchestra
Q122682199,
Q10536219,Intermezzo
Q12406885,The Blue Elephant Band
Q140243905,Star Moles
Q25397684,Pegase
Q122577477,Ruen Cultural and Art Society
Q19818900,
Q106382153,
Q48700617,
Q108794664,Youth Engine
Q16407860,New Yorgi Eesti Meeskoor
Q6958988,Nagoya Philharmonic Orchestra
Q3575032,Ze6
Q3233467,Les Jumo
Q2595157,"Knabenchor ""Wuppertaler Kurrende"""
Q113456560,Jutro
Q3054828,
Q12071089,Harmonia Nobile
Q11239762,Podo
Q19296827,
Q22080867,Kanseil
Q12812811,Çukurova State Symphony Orchestra
Q13025635,
Q118136902,
Q12764032,Chorus Comenianus
Q7138386,Parker Trio
Q56347890,
Q122640364,Los Suruba
Q2894997,
Q7310045,Reido
Q108907251,Fourth Son South
Q28125652,Blonde on Blonde
Q96405408,Sextile
Q54951686,Thomas Wynn and The Believers
Q24996615,ReDiviDeR
Q3566465,Warum Joe
Q16706657,
Q51029260,Vokalensemble incantanti
Q321641,Staatsphilharmonie Rheinland-Pfalz
Q20106995,Xeic!
Q23704263,Westkust
Q139380374,Double Vision: Contemporary Jazz in Performance
Q28805870,Lekisjazz
Q18632122,Herriot Row
Q12001621,Snarøya Skoles Musikkorps
Q29042760,Ensemble Sospeso
Q17218896,Lemon's Chair
Q85871357,
Q85802068,Songaminute Man
Q60785546,Our Broken Garden
Q12011147,Zaks
Q8025229,Wingless Angels
Q61110072,
Q130558086,Sabirni Centar
Q10482067,Elysion
Q61108043,
Q128800305,Corto.alto
Q121604633,The Beautiful New Born Children
Q104891083,
Q20684062,Enemies
Q10633729,Play Dough
Q7204512,Plej
Q109852733,Legacy of Sound
Q134966720,Hoodzie N Undefined
Q2975701,Class Action
Q105294356,
Q105518838,
Q6455597,L'Arpeggiata
Q16685777,Peresek (ensemble)
Q4039759,
Q61356169,Menhir
Q7720141,The Brilliant Trees
Q865080,Birdie
Q138568189,The Snouters
Q135642919,Ocean of Another
Q65028872,Blaskapelle Lochbrünneler Farnern
Q12376432,
Q60743109,Ashlee + Evan
Q12482261,edCoustic
Q7918254,"Vega Productions, Inc."
Q7661877,Symposium
Q12110144,Kyiv Chamber Choir
Q24873024,THE ORCHESTRA JAPAN
Q7756990,The Phonies
Q110895179,Ottawa Chamber Orchestra
Q6314676,Jupiters
Q65007864,The Urge Trio
Q4102694,
Q135748859,Florence Road
Q39060511,Royal-T
Q16845342,Hudson Taylor
Q131314186,
Q104968493,
Q31199752,M.O.R.T.
Q5510737,Future Pilot A.K.A.
Q6171934,Zurribanda
Q28682959,
Q15850346,Ten of the Best
Q11489329,Osuwa Daiko
Q135644158,Zahed Sultan
Q94993223,
Q6555913,Lions Youth Brass Band
Q6086837,İstanbul Flamenko 5'lisi
Q7005028,Nevsky String Quartet
Q65087613,Fanfare du 27e Bataillon de Chasseurs Alpin
Q4439536,
Q1713413,
Q10540741,Jon Eimre och bra folk
Q22696646,Taka Sisters
Q19835281,
Q136651067,Φιλαρμονική Κυνοπιαστών
Q613475,RAI National Symphony Orchestra
Q39079100,Coup D'Etat
Q8061149,Yummie
Q7751297,The Middlewich Paddies
Q48758227,Hamamatsu Symphony Orchestra
Q138312422,Mama Said String Band
Q10681721,Stretch
Q102187757,Cyprus Symphony Orchestra
Q63213128,Eastside Connection
Q137823697,CHNDTR
Q124896771,
Q2923941,Brass Band Fribourg
Q25021749,Dragpipe
Q55537628,MELLOW MELLOW
Q24947416,Sesja 72
Q868159,Coda
Q80973547,Música / Percusión / Instrumentos alternativos
Q15149301,Matrix & Futurebound
Q15881336,Ritmodelia
Q39073291,Rapture
Q48870539,Old world musicband Szelindek
Q85996640,
Q7496455,Shih Hsin University Chorus
Q113331820,
Q20105588,
Q16955190,The Newcranes
Q56290619,Thunderpussy
Q4042519,La Primavera
Q20165417,
Q12040486,Nebeský pochodový orchestr
Q20105443,
Q12062488,Arachnoïd
Q55468218,Piedra Pómez
Q31188283,Amor de Tokyo
Q12372618,
Q16840306,Grim Tower
Q525732,Hoffmann & Hoffmann
Q5510649,Future Engineers
Q11197953,
Q7374123,Royal Drummers of Burundi
Q136525427,
Q16138927,
Q3697134,
Q2927656,Buffseeds
Q48889898,Tritone
Q20621098,Jarje
Q16353713,The Velvet Supernova
Q20038338,
Q13653376,Nieuw Ensemble
Q3413684,Modigliani Quartet
Q123680608,Opus13
Q12484469,
Q136377898,Shen Yun Symphony Orchestra
Q12338993,The City Kill
Q93759225,
Q12268933,Vómito
Q7672096,TV2 Stars
Q19384042,Norwegian Brass Expo
Q11189498,APPLECIDER
Q139300186,Berra
Q111316928,
Q123780752,
Q9181210,Bucovina
Q4412981,
Q106390815,Salbakuta
Q65767132,The Broken Penis Orchestra
Q57830559,The Junior Misses
Q128659675,Big Bada Boom
Q139894634,Next to None
Q132296624,Yannis & The Yaw
Q11307067,
Q7760591,The Revs
Q123139873,Black Cats NYC
Q4039008,
Q125767273,Hondy
Q5035650,Capital Regiment Drum and Bugle Corps
Q2780797,
Q3427733,Bjørn Turtums gammeldansorkester
Q16480352,
Q29573574,
Q6945895,My Little Funhouse
Q4051374,The Skazki
Q3489594,Solouk Duo
Q10517062,
Q101625398,Christelijke Brassband Middelburg
Q7275727,RAIN – A Tribute to the Beatles
Q61126341,
Q110895149,La Jeunesse Youth Orchestra
Q798039,Bach chorus St. Gallen
Q10472014,Diddlers
Q12679268,Čiurlionis Quartet
Q115272423,15 Minutes
Q11999583,Sarkom
Q31182487,VIS Limunada
Q16825609,Ryan Adams & the Cardinals
Q109469430,
Q17543081,"Creative Studio ""April"""
Q121755217,Red Hill Band
Q99541268,
Q31091812,Taste My Pain
Q119398657,The Vanns
Q131827507,
Q113332086,
Q28416022,People's Liberation Army Navy Band
Q107529579,Ptaki
Q139762557,Hespeler Brass Band
Q93117195,
Q46479023,Aldaria
Q98962184,
Q6039252,Necrocunt
Q1547742,Groupe Lacroix
Q6103776,J-STARS
Q4929938,Blue Syndrome
Q4041074,
Q110069526,Koninklijk 's-Hertogenbosch Mannenkoor
Q65261420,Wagon Restaurant
Q7618631,Stolen Ogre
Q13027878,
Q4112229,Visokosnoye Leto
Q131376580,
Q28057177,
Q138864008,Karlskoga Women's Choir
Q90039695,
Q11245705,Scudelia Electro
Q60834468,Voice of Ruin
Q127183709,
Q31820204,Ravggon
Q135951693,The Newz (2)
Q16342253,Tel Yossef Orchestra
Q19381816,Moment
Q61361025,Krisis
Q7206412,Pocket Opera
Q10544407,
Q31895439,Darya och månskensorkestern
Q140253391,The BeatLove
Q5584001,Goons of Doom
Q3597403,13 Winters
Q126708958,
Q17103643,City Harbor
Q138525533,Chœur V’là l’Bon Vent
Q105763913,
Q10550145,Kung Kodum
Q20687484,VanLadyLove
Q13471300,Infinita Symphonia
Q55013075,Gary Brewer and the Kentucky Ramblers
Q5614027,Guardian Alien
Q15854189,
Q24897043,Akutagawa
Q7492605,Sheffield Chamber Orchestra
Q104177260,Bürgermusikkapelle Gars am Kamp
Q3015978,Daran et les chaises
Q24915354,Dimlight
Q4053539,Zakkum
Q7737589,The Grave Diggers
Q104863557,Runners
Q15866931,
Q154685,Vienna Philharmonic
Q124254115,The Boston Tea Party
Q114014580,Zbor Izvor
Q104530443,
Q136374011,B.C. Chinese Orchestra
Q61357088,ŠKM banda
Q10472836,Dimmornas bro
Q4217098,
Q10698551,Tintomara
Q17108167,Jesus Army Productions
Q7785628,This Burning Effigy
Q19895596,Raeth
Q4032677,
Q21546058,Sarcasmo
Q22122756,Fractured Skull
Q85750398,Canadian Women's Army Corps Band
Q4426350,
Q24480992,
Q30687915,D-Metal Stars
Q65408027,
Q18620295,
Q11289785,Extrawelt
Q12041136,Novoměstská filharmonie
Q30938917,
Q133803660,
Q30942532,
Q109743327,Delfini
Q5996008,March of Crimes
Q4052716,
Q128419548,Sahara
Q12355378,Strika Tango
Q108700735,
Q76330429,Surfaces
Q97224061,
Q107476673,Black Math Horseman
Q11197989,EXILE TRIBE LIVE TOUR 2012 〜TOWER OF WISH〜
Q4109931,
Q111673897,Whitestar
Q12958234,Loud & Queer
Q28673197,Muzyka Końca Lata
Q12062434,
Q20557912,Prvi čin
Q31897876,Bobbies
Q16526735,
Q117087369,Offerta Speciale
Q17513082,Thunder Drum and Bugle Corps
Q473817,Philharmonia Hungarica
Q104574080,
Q12257354,Etxamendi eta Larralde
Q16423577,
Q798041,Bach-Chor Siegen
Q106341264,Thalia Symphony Orchestra
Q104851096,D!v!s!on No. 9
Q8241451,
Q11227856,KIDS
Q56409740,
Q7418161,Sanguine
Q11716235,Jak Wolność To Wolność
Q16204340,Astro Trax
Q16596980,Rokiczanka
Q31888554,Lokomotiv Konkret
Q17285655,Octopus
Q31188430,Autobus Magikoa
Q11184877,0SOUL7
Q117312456,The Bearhead Sisters
Q12009,Ell & Nikki
Q106485636,Things
Q4059431,
Q112958141,Fiction 8
Q124985865,Slipstreem
Q6044657,Inter-Mennonite Children's Choir
Q99542567,Urban Youth Harp Ensemble
Q7489842,Sharkboy
Q10925521,ECHO
Q7742485,The Invisible Men
Q64995109,Baltic Chamber Orchestra
Q7648576,Susan and the Surftones
Q139762686,Dawson City Brass Band
Q7016362,New Zero God
Q11188344,813
Q5414326,Eustachian
Q65232570,TOK¥O TRICKING MOB
Q12038590,Montage
Q97163895,
Q24941362,Kapela Maliszów
Q4824827,Australian Youth Orchestra
Q7865192,UNA
Q7417031,Sandwash
Q7090127,Omerta
Q20066833,
Q25001440,The Wilde Knights
Q136399294,OPlus
Q124394510,Brussels Light Opera Company
Q10467859,Deletion
Q4643686,78th Fraser Highlanders Pipe Band
Q11782110,Mister Dex
Q22343452,Pidzamochok Lemkos khor
Q6774670,Game Boys
Q11251236,Tokyo Blue Weeps
Q97010481,
Q117085898,Inner Wave
Q11644619,
Q85997408,Band of the King's Guard
Q125396042,Pearls of the Sound
Q46244074,Myosotis
Q18038610,Groyse Metsie
Q127476137,Absolutely Not
Q1846688,
Q10315082,
Q6798638,Mazoo and the Zoo
Q139762655,Forget Brass Band
Q7726635,The Cold One Hundred
Q2173264,
Q120335508,
Q11785474,Mordewind
Q17769386,Ekelands Danseorkester
Q7252925,Prozzäk
Q6978792,National Symphony Orchestra
Q7934413,Virginia Minstrels
Q85866651,
Q132862134,Ktoś Gdzieś Kiedyś Coś
Q28410287,
Q96406043,Sorry
Q28457972,The Mariners
Q2745425,Opium
Q124619443,The Vindys
Q11197966,EXILE GENERATION SEASON 2
Q5044807,Carolina Crown Drum and Bugle Corps
Q28406088,Wingtip Sloat
Q13131133,Rosalind a Myrddin
Q105531779,Jugendorchester Gersthofen
Q11247605,Suzukiski
Q5493170,
Q7054796,North Cheshire Wind Orchestra
Q10695371,The Airwaves
Q118517190,Brindisi Quartet
Q1303952,Palast Orchester
Q139301333,Motocrossed
Q124338207,IDMC Choir
Q2415887,Theater Nordhausen/Loh-Orchester Sondershausen
Q3120951,Gurejele
Q65028475,Christian Zatta Shifting Minds
Q1271984,Dürbeck & Dohmen
Q105744640,
Q24950491,United Instruments of Lucilin
Q11880486,Madara
Q5401824,Estrellas de Areito
Q23017418,Pavic (band)
Q904214,Dernière Volonté
Q266508,Vienna Boys' Choir
Q15803763,
Q30933237,Fundação Clóvis Salgado. Coral Lírico
Q5132198,Cleveland Orchestra Youth Orchestra
Q6703252,Luminar Ax
Q10341670,
Q105038095,Deep Sea Diver
Q16328961,Western Synoikies
Q130259258,Norself
Q117188948,Charting the Depths of Despair
Q1224573,Diga Rhythm Band
Q13085202,
Q118780391,Mujeres
Q111678772,
Q18378794,Smyrna Trio
Q127684981,STONE
Q7539090,Slav de Hren
Q10914427,Tainan City Traditional Orchestra
Q2353946,
Q131401751,Lumír
Q24875459,
Q3795387,Il quartetto di Lucca
Q126192586,
Q56051297,Uni5
Q16139520,
Q10372713,
Q118434138,ALBERT SANZ-COLINA-FOSTER TRIO
Q110559893,
Q12169808,
Q3479012,Sexteto Habanero
Q91133807,Munich Opera Horns
Q120897328,La Cabrette du Haut Rouergue
Q21040741,
Q20804496,Quartet of London
Q134697933,
Q94434426,Brigada Menestrèrs
Q3198888,Kora Jazz Band
Q9693984,Coral dos Canarinhos from Petrópolis
Q104627904,
Q10517351,Hans Rytterströms
Q660798,Eyesburn
Q48877974,
Q28414553,
Q136487569,Film Score Philharmonic Orchestra
Q114151865,
Q13420804,Muri & Mario
Q16522282,PMD
Q5485776,Pori City Orchestra
Q6842829,Midnight Well
Q106474024,
Q133806893,
Q79462382,The Sets
Q11291205,
Q29841240,Three One Length
Q990806,
Q3449936,Open House
Q16097661,11Medical Sound
Q4051339,The UNB
Q20652669,The Mins
Q18816991,
Q18244993,Permission to Land tour
Q136442354,Colombian Youth Philharmonic
Q104640169,
Q6929185,Mr. Silla & Mongoose
Q3218510,Latino Party
Q6519298,Leichhardt Espresso Chorus
Q98431954,
Q4045061,Narkotiki
Q69104743,All City Chorus
Q113324606,
Q17007259,KatJonBand
Q10484463,Enteli
Q27897900,Gospel im Osten
Q12260211,Jauko Barik
Q3156923,JMPZ
Q10467402,
Q104674086,Black & White Brothers
Q96375601,Countess of Wessex's String Orchestra
Q109654085,Coty Hogue Trio
Q137585157,
Q68060758,Bailen
Q105697503,
Q126724835,Bus 15
Q28406545,3 Are Legend
Q1118235,Deutsche Bläserphilharmonie
Q136437701,Boston Festival Orchestra
Q19935892,Pihalni orkester železarjev Ravne
Q139757268,Bruderheim Brass Band
Q24075032,Once Upon A Dead Man
Q7195617,Piney Gir Country Roadshow
Q113513112,
Q16245136,Apanachee
Q14179279,Psalmen voor Nu
Q98139797,Honey & the Bees
Q10659396,S:t Jacobs Kammarkör
Q97348482,
Q29152633,
Q113076501,Cantare!canta:re
Q6880170,Mister Loco
Q12024333,Jazz Mistake
Q10576144,
Q12090764,The Eighth Day
Q116981536,Janoska Ensemble
Q7164454,Penny and the Quarters
Q31273873,
Q11790840,New Bone
Q2295791,Sneed Family
Q31888067,Electric Pop Group
Q110542880,Mae Seven
Q137673656,
Q18425229,Poznański Polihymnia Choir
Q2127192,Code
Q2094610,Pig with the Face of a Boy
Q1019115,Bärengässlin
Q93606781,
Q4066915,
Q121907157,
Q13137193,
Q6578133,The Lions of Judah
Q5422613,Eye Emma Jedi
Q134821317,Kammerchor der Hochschule für Musik Detmold
Q15527078,Baggalútur
Q47111969,Koninklijke Harmonie
Q16110537,Croatian Radiotelevision's Jazz Orchestra
Q1401672,Varga Feri & Balássy Betty
Q121433400,Midtown
Q4782686,Aqualillies
Q111212884,Taipei Philharmonic Symphony Orchestra
Q118464657,Brahms Quartet
Q19936002,Cantilena
Q124076668,Gobo Sisters
Q4491300,Vogtlandphilharmonie
Q43685929,Marseille (Russian band)
Q6637569,
Q2866717,Asmodée
Q111089610,Napszyklat
Q22948807,Torabyeh
Q2146300,Retrospect
Q104541821,
Q2099925,Glaskas
Q115152257,Real Blondes
Q121951882,Avtostopom po faze sna
Q11238733,Pinc Inc
Q6583060,Paradox
Q91752048,
Q24961102,The Villanovas
Q16668072,Ondatrópica
Q97860435,Phoenix Band
Q9397452,
Q2570515,Wildecker Herzbuben
Q28664672,Vova Sinij & The Brothers in Mind
Q97926252,
Q1344222,"Ensemble ""Alte Musik Dresden"""
Q5490429,Turbo Goth
Q15836003,
Q19871492,Brawlers
Q137927414,Witching Hour
Q5533679,Gentle Friendly
Q22962847,Cobla Catalana dels Sons Essencials
Q3354562,San Diego Opera
Q13090243,Prvi ples
Q51884476,
Q139757354,Vancouver Brass Band
Q12948632,D'Aquí Dub
Q2842512,Ame Son
Q6068170,Grup Laçin
Q109362665,
Q4837361,Baba Nation
Q21286488,The Championettes
Q7101710,Orfeon Chamber Choir
Q24938893,Any Other
Q110069557,
Q16821262,Alexander Brothers
Q61363780,Kriston
Q55470826,Tango Bardo
Q12293725,
Q3510339,Bambini di Praga
Q9160312,
Q12072899,Vent D'Est
Q55611526,Feature
Q7635551,Suitcase101
Q28672880,Spontane
Q10354177,Procyon
Q30612158,Raleigh
Q119998852,Switch Disco
Q10699442,Tom Nordbloms
Q139855887,Swollen Teeth
Q17443922,Les Dissonances
Q4475690,Unesyonnye vetrom
Q97321211,
Q1481951,The Beat Shakers
Q23018370,Boston Philharmonic Youth Orchestra
Q2878930,Bagad Kadoudal
Q31739735,Silver Creek Mountain Band
Q63208499,
Q10680589,
Q124314181,March
Q110888250,
Q105748005,Vienna Brass Connection
Q61000059,
Q126850703,Dogs In Ecstasy
Q27817068,The Paranoid Style
Q7402641,Sajid & Zeeshan
Q20261088,BlåCompaniet
Q11179276,
Q117245248,Le Henanff / Le Meut
Q1297791,Jaded Sun
Q7415732,Sanctum
Q124338504,Any Given Sin
Q3054936,Ensemble vocal d'Erguël
Q124367029,Say She She
Q11625542,
Q124256448,
Q7258901,Pug Jelly
Q85870735,Conde do Forró
Q61389073,
Q104904016,
Q118780407,Chino & The Big Bet
Q12769962,Kvety Nikotínu
Q130306753,Stripes
Q6315924,Just D
Q5168488,Copenhagen Philharmonic
Q55075404,Rapidgrass
Q12105726,
Q5518039,Galatea Quartet
Q11242445,SALON MUSIC
Q97177132,The Edge Band
Q7516697,Silverhead
Q11833509,Radom Chamber Orchestra
Q122920560,Streicher family
Q25536383,Lutavierje
Q2388240,Royal Oman Symphony Orchestra
Q6682569,Los Cañoneros
Q25056245,The Crossing
Q130701037,Love Canon
Q7671100,TPAO Batman
Q65029612,Spruchrif
Q10523921,High Notes
Q12322234,Knasterne
Q20040494,Giselle4
Q686311,I Fiamminghi
Q104843065,The Technicians
Q125187779,
Q31188345,The Crazy Wheels Band
Q3930370,Rascalz
Q117147895,The Killigans
Q121755098,Influence Music
Q120335736,
Q16084898,Medeni Mesec
Q2213929,Sha-Na
Q123186084,
Q131275551,
Q28104185,Japanese Breakfast
Q5130881,Clearlake
Q110453576,
Q4146757,
Q15052959,Remove Silence
Q129155964,Modelki
Q73137203,
Q12629184,Connect
Q3204092,Neschastny Sluchai
Q3413665,Brandis-Quartett
Q17764295,
Q56007229,Agarthi
Q136784595,Musica - Mixed Choir of Friends of Music
Q7486684,
Q10480207,Egba
Q133498721,Takarazuka City Symphony Orchestra
Q3514369,Takrist n'Akal
Q16061427,Damenorchester Salome
Q124253399,
Q2584035,The Islanders
Q12107103,
Q4652419,Alpha 60
Q6022674,Kopuz Chamber Orchestra
Q21659233,
Q12261680,Kupela
Q4725572,Alians
Q5105279,Chorus Philippines
Q119167566,
Q134873845,
Q122389522,Airplay
Q55631447,Representative Ensemble of the Bulgarian Armed Forces
Q137381738,Couch (American band)
Q81840395,
Q131477528,
Q115305112,Clan
Q12777231,Taktici
Q106670872,Sabreen
Q65074486,Hunny
Q9395010,
Q12787508,Der Parschluger
Q16716077,
Q7913034,Vampiri
Q13015667,Two (Thai duo)
Q12749397,
Q105227330,Satyr
Q5447753,Fight Like Apes
Q120913665,La Pastorèla
Q16886208,Tú
Q11788306,Naiv
Q65013053,Daniel Schenker Quintett
Q18242947,Jack Moy & Glöden
Q98431934,
Q12779296,
Q18626287,The Academic Women’s Choir of the University of Tartu
Q3129148,Heavy Moonshine
Q139972728,Collegium Musicum Seoul
Q10850941,Honey Bees
Q4045454,
Q6096956,Gevende
Q1814160,Ulster Orchestra
Q138542900,The Femcels
Q20560412,Hermanitas Núñez
Q109409637,Waydown Wailers
Q7534811,Skewbald / Grand Union
Q21089263,Partido
Q12304590,Bubs
Q126193655,Pzazz
Q3491929,Sourire Kabyle
Q3520006,The Birthday
Q68717972,
Q56400568,
Q760553,
Q61140145,Dope Reach Squad
Q52225535,Koninklijke Fanfare De Jonge Vreugd Lubbeek
Q7540558,Slim
Q7250049,Propaganda
Q10720215,Willycranes
Q18590829,Esperimento
Q96405221,Season of Ghosts
Q119686403,
Q9293469,Homo Homini
Q17765949,Norske Blåseensemble
Q12200831,Project Strato
Q106538163,Loving Mary
Q104555603,
Q12318667,It's A Fine Line
Q9133449,40 synów i 30 wnuków jeżdżących na 70 oślętach
Q109366427,
Q12339057,The Lips
Q5439353,Fear Zero
Q12033956,Lot Lorien
Q121762386,Chorus of the Komische Oper Berlin
Q13138184,Swier Izer
Q56441591,Genius: A Rock Opera
Q65120979,This Bliss
Q16241079,Cardiff Arms Park Male Choir
Q2883943,Barbara Furtuna
Q3575423,Zhivaro
Q2079694,Amsterdam Philharmonic Orchestra
Q29641210,7Senses
Q20493578,Zenit
Q104842475,Bullamakanka
Q57909437,Ramapo Valley
Q102351107,Last Dominion Lost
Q3857550,Milagro Acustico
Q128546477,Azul de Viena
Q17779773,
Q104918201,
Q26945177,Dreamteam
Q15883472,Virtual Zone
Q110069366,
Q11302229,
Q58238212,Le Cercle de l'Harmonie
Q63208462,
Q17127883,Vocals
Q874444,Nattō Angel
Q4937976,Bogyiszló Orchestra
Q55639418,Central Military Band of the Latvian National Armed Forces
Q101200766,The Electric 10
Q2529764,
Q61363836,
Q907497,Yomiuri Nippon Symphony Orchestra
Q12764182,Collegium Technicum
Q2537032,WDR Big Band Köln
Q9184450,Cantilena
Q6424676,Kobzarskyi Tsekh
Q30931055,88Kasyo Junrei
Q99479211,Jazzatron
Q1124318,Concrete Society
Q11794233,Nuteki
Q4469344,
Q28858706,Big Nuz
Q122926982,Otis Stacks
Q7246068,Private Domain
Q5102603,Chiwawa
Q134451217,LimeLight
Q113332043,
Q3314703,
Q10472432,
Q63242198,Team 10
Q16215310,Il Complesso Barocco
Q56366270,
Q5118919,Ché-Shizu
Q18216840,Demether
Q136718110,Kilautiup Songuninga
Q121304701,
Q12256605,Ekaitzaren garrasia
Q13036031,Shine4
Q30646693,MilesExperience
Q11822980,Poluzjanci
Q122641440,Soeurs Amadou
Q4146849,
Q1562923,Sunshine
Q10384815,Trio Barroco
Q872222,Opéra-Comique
Q137886605,
Q11819294,Plagiat199
Q55604462,Attila
Q2453817,Triology
Q573902,Mahler Chamber Orchestra
Q123158884,Planetshakers Kids
Q30600461,Triton
Q17141553,Cut Out Shapes
Q28805853,Blipblop
Q1290718,Special Providence
Q11697699,Fasolki
Q104520535,Aquakultre
Q105064422,
Q60989816,
Q126927947,Soċjetà Filarmonika Pinto - Banda San Sebastjan
Q10674148,Sound of Music
Q5174065,Cosmic Dust
Q10587139,Mobbade Barn Med Automatvapen
Q99650713,Istentales
Q85877669,
Q58808558,
Q60741413,West Edge Opera
Q11995787,Plagued
Q21635175,Scream in Darkness
Q5576352,Godfather
Q24075010,Harana
Q16967521,Pouppée Fabrikk
Q130741923,Never Ending Game
Q17209479,
Q30890071,Artek Elektronika
Q6913109,Moroccan Spirit
Q136341645,Orchestra del Nuovo Teatro Verdi
Q25095054,The Moth Gatherer
Q3657512,
Q105740931,YENTOWN
Q5309894,Drängarna
Q138506847,
Q114911503,Worship
Q7261023,PureBoys
Q110895142,Italian Canadian Symphony Orchestra
Q11325830,Novela
Q15632119,Nasycen
Q12167999,
Q20480850,
Q20103220,
Q16110134,Le Cinema
Q1404074,National Symphony Orchestra Ghana
Q5244551,De La Salle Zobel Chorale
Q106463121,Svetoslav Obretenov National Philharmonic Choir
Q123456606,Weinheimer Bachlerchen
Q28666334,KimaKima
Q25640620,
Q126285716,Għaqda Mużikali Santa Marija Dingli
Q30141004,Bagad Ar Vro Wenn
Q28406854,The Wee Trio
Q2351780,Hijas del Sol
Q107366226,Dobble
Q16958678,Nordafrost
Q7573866,Spartak!
Q7661146,Symbol
Q10560774,Lex Talionis
Q99541267,
Q108470742,Innaway
Q4891490,Bergen Barokk
Q7503389,Shrag
Q20065653,
Q16430134,Vinir vors og blóma
Q135228615,Trio Pantoum
Q4043806,Maths Class
Q57830637,Speed of Sound
Q125371945,Sugar Cane
Q6825328,Metropolitan Youth Symphony
Q7669568,TBTBT
Q11701625,Quidam Pilgrim
Q125359170,
Q103896173,Dome La Muerte And The Diggers
Q19400926,Whopper
Q114737771,Estrangement
Q10474789,Division S
Q16081791,Deep Purple and Joe Satriani Tour
Q111605037,Penelope Isles
Q124306460,Niconico♡Stage
Q2644931,Mastreechter Staar
Q57830565,The Lyrics
Q7228445,Pony Club
Q25451426,Andrea Motis & Joan Chamorro Group
Q1102981,K.L.B. Trio
Q86743469,
Q28685509,The you
Q16822321,CBC band
Q11991619,No Torso
Q13020354,Labanoon
Q10499209,Frisco Jass Band
Q2392447,
Q99932346,Freedom’s Children
Q4206594,
Q87352122,Shawn and the Wolf
Q105853216,
Q19706194,Matchbox Twenty
Q116127939,Jin & Seetal
Q127418675,Oblique Rain
Q65216132,Brigade Loco
Q56294564,
Q11764330,
Q65196632,
Q86604880,Tuvan Wind Orchestra
Q104862095,Momma
Q991281,Esclin Syndo
Q122926080,Muhlenberg College Wind Ensemble
Q12329078,No Fun
Q105405856,
Q7097835,Operator Generator
Q111181327,Scarlet Rebels
Q4151662,
Q5061645,Central Philharmonic Orchestra
Q85866580,ONE CHANCE
Q2414811,Oulu Symphony Orchestra
Q122925946,Muhlenberg College Choir
Q124497028,
Q11766995,Mancu
Q5188686,Crossingpoint
Q117322605,Florian Hoefner Trio
Q7738545,The Gurdjieff Ensemble
Q16732524,Tanto Metro and Devonte
Q22341216,Eyes Wide Open
Q17212474,SECRET 7 LINE
Q16140632,Bug Bunji
Q10269983,
Q6056176,Çıtır Kızlar
Q61364972,Azalera
Q27972344,Quronn-Lab.
Q113331686,
Q120335625,
Q106699921,Wet Ink
Q6705662,Luther Wright and the Wrongs
Q136688076,Astilbe × arendsii
Q20492318,Aire Ahizpak
Q2595787,
Q8032025,Wong Tai Sin Children's Choir
Q7662953,Synæsthesia
Q14252765,Rattle the Boards
Q136534203,DJ Heartstring
Q5098514,Children of the Anachronistic Dynasty
Q7054277,Silbûs û Tarî
Q100716290,Trikala choir
Q15052787,Adopted as Holograph
Q124444633,
Q20683895,The Boxtones
Q65036945,Shane Quartet
Q2547746,Wasted Penguinz
Q10846077,3EP Girls
Q7999636,Wighnomy Brothers
Q124290547,KITES
Q121761435,Cryptid Summer
Q55466352,"El Yotivenco,"
Q6118218,Jacob's Mouse
Q116731776,Queen Zee
Q126485778,Circolo San Giuseppe Filarmonika Sagra Familja
Q21051067,Vokalzeit
Q18216976,Los Nemus del Pacífico
Q122926988,Souleance
Q61070101,Asociación Coral 'Lagun Onak'
Q15905680,Bob und DeEtta Janz
Q31074744,
Q60533320,Martin Rühmann Band
Q10418226,Arméns musikkår Norrland
Q16866646,Los Invasores de Nuevo León
Q1086438,Christopher & Michael
Q65042998,Ann My Dice
Q10341752,Orquestra Típica Scalabitana
Q109600534,The Nurse
Q20529407,
Q65211012,
Q137433403,The Isabel Voices
Q135921764,Saja Boys
Q3374404,Peiraguda
Q20065515,
Q19393957,University Punx
Q3417447,Raftside
Q106322050,
Q7313406,Reno Pops Orchestra
Q115512842,Orquestra Afro-Brasileira
Q111589862,
Q109416899,
Q108502687,The Cold Stares
Q11958703,Aristillus
Q97314704,
Q139147588,King Rat
Q29379236,Allan Yn Y Fan
Q1516751,Berlin Chamber Orchestra
Q3841035,Lyricalz
Q56425411,Nora Collective
Q56248044,Leslie Bell Singers
Q94733798,
Q7843307,Tripijb
Q16115612,Čuvari Svirala
Q111589650,Orquesta Sinfónica de Michoacán
Q10680673,
Q3316298,Tong Young
Q11283542,
Q7755213,The Operators
Q12376431,
Q65032426,Flavio Ambrosetti Quartet
Q1520332,Gewandhaus-Kinderchor
Q3815400,Mainhorse
Q135399608,ZANAS
Q10512790,Göteborg Wind Orchestra
Q60765028,The Band of The Royal Regiment of Canada
Q12294864,Sprint
Q25095519,Educated Consumers
Q31187998,Errime
Q31189090,Norman
Q85796220,Real Like You
Q55460393,"Fierro Chifle,"
Q5286634,Doble A & Nales
Q12072931,W.H.I.T.E
Q12263540,Midnight Murders
Q5517001,Gaiety Girls
Q7856171,Turpentine
Q55526692,The Coastguards
Q3515467,Tapiola Sinfonietta
Q139762560,Croton Brass Band
Q12075823,Anebo
Q65036877,Ilja
Q3024464,Deskomp
Q12117541,Lektor
Q123746781,Dutch Customs Orchestra
Q51029254,Bürgerkapelle Gries
Q7844613,Trivalia
Q16734011,Pan-African Orchestra
Q78729224,
Q11987820,Magnolia Jazzband
Q106542759,
Q10341685,Orquestra Nacional do Porto
Q1076301,Chorakademie Dortmund
Q124661497,Blue Moon Marquee
Q97196960,
Q60851182,
Q55468453,Trío Palacio-Riverol-Cabral
Q12957320,Grešnici
Q3521488,The Kingpins
Q110712381,Asphodelus
Q25558272,
Q3218218,Las Guanábanas
Q20530838,
Q2660735,
Q15912798,Green Mountain Orchestra
Q104719762,
Q61363669,Arrano Pertxa eta Lengu Iluna
Q121591617,Against the Grain Theatre
Q17232706,
Q97185764,
Q105694745,
Q19384099,Nutrio
Q10372751,Sociedade Musical Euterpe
Q6804392,Mecate
Q49101833,Fornicators
Q4999843,Burning Flames
Q137294318,Clinch Mountain Clan
Q110069307,
Q3236137,Les Voix Humaines
Q18690299,
Q117857855,
Q3196397,Kidnap
Q49967649,
Q49095853,Caotico
Q12264954,Nuuk-at
Q5173670,Cory Wells & The Enemys
Q28230751,Divine Council
Q6658922,Livin' Sacrifice
Q3503036,Sinek
Q17149364,Tamarack
Q94576172,Tshakabass
Q106942095,John Felice & the Lowdowns
Q3407104,Prohibition
Q12258696,Gose
Q104439615,
Q1416976,Finger & Kadel
Q125469910,Gladie
Q105758215,
Q3885014,Orchestra Sinfonica di Roma
Q137456053,The Musiq Market
Q19851363,Please&Secret
Q1456758,
Q2592531,Wolki
Q9361618,Tripis
Q113856158,Den' Umyraet Rano
Q6322730,K-Narias
Q117021576,Grave Solace
Q7715302,The Bad Spellers
Q109409639,Jupiter Coyote
Q110069299,
Q8059722,Ysgol Glanaethwy
Q2712732,Servants of the Apocalyptic Goat Rave
Q133823443,
Q10711873,Vacancy Labour
Q130535657,X-date
Q55073853,
Q541806,UNAM Philharmonic Orchestra
Q5017505,Caia
Q4049583,Skinhate
Q63266840,
Q2998909,Country Teasers
Q7642560,Super Mal
Q63706800,Leatherneck Pipes & Drums
Q47492842,Damed Squad
Q134471132,PG$
Q16653068,Lagerstein
Q121151708,Staples Jr Singers
Q15904316,Sedmihlásek Praha
Q10688048,Sällskapsresan
Q92988428,
Q28452594,Sunburst
Q24260418,Bearfoot Beware
Q104778629,
Q42091485,
Q24867298,Ircle
Q7133942,Parachute music festival
Q116968281,The Sad Sun
Q10402119,Afraid of Stairs
Q138565192,Pablo Antonio y La Firma
Q10570833,Lunds domkyrka. Gosskör
Q110895120,Burlington Symphony Orchestra
Q116146360,Rodzina Tafijczuków
Q16675394,Salsa Giants
Q10863613,Yummy
Q10695462,The Cigarres
Q124497066,
Q20434619,Omega
Q4181304,Zhuki
Q113458732,
Q65064893,NST & The Soul Sauce
Q107646876,
Q11783651,Mixtura
Q7296477,Ravenous
Q12376421,
Q136080583,New Hellenic Quartet
Q6912578,Morlocks
Q24866611,Österreich
Q112135833,Burlington Teen Tour Band
Q27817903,It Lies Within
Q118192554,
Q4630683,20th Century Boys
Q12407533,Ham Vemehamem Boom
Q111142104,The Hangmen
Q24075501,Hesitation Wounds
Q1065584,New Japan Philharmonic
Q1500712,
Q30591278,I Rise
Q138390364,Radioorkestern
Q11249035,THE RYDERS
Q107556245,"Lewes, Glynde & Beddingham Brass Band"
Q2752085,
Q16955464,The Red Dirt Skinners
Q11897319,The Stalkers
Q11728015,Johnny Coyote
Q7521815,Sinate
Q113623684,Go Gerila!
Q11253904,WRONG SCALE
Q11943009,Vsacan
Q18396055,Nightside Glance
Q107970282,Gambit Jazzmen
Q5950014,Hustlers Convention
Q4782198,Apsolutno Romantično
Q9338866,Snuz
Q13027546,
Q61996224,Yellow Fang
Q30320723,IODI
Q135192847,Easington Colliery Band
Q64334558,
Q10701733,
Q31723035,KX
Q11975842,Horns for Hire
Q11874479,The Navy Band
Q109364802,
Q131910353,Solardo
Q4396796,
Q104879730,
Q24943062,Thuoc
Q1214775,Die Mayrhofner
Q122927080,Ensemble Ouranos
Q5402682,Eternal Oath
Q122196227,
Q894040,Borodin Quartet
Q5984525,Ibrahim Electric
Q114033483,Coro Gay de Lima
Q6462745,La Gente Naranja
Q137456021,Uwaridi Female Band
Q12791021,Hauskapelle Avsenik
Q65255031,
Q12625207,
Q2301016,Duo Crommelynck
Q11713673,Iperyt
Q11918965,
Q65263155,Koit
Q17998167,Kako kad
Q4036245,
Q139381512,Ancst
Q110069606,
Q119130585,Private Function
Q7548344,Snow White
Q137925757,The Molotovs
Q124896782,
Q10503243,Gasman
Q5428521,Faceshift
Q132255041,
Q120335504,
Q114434689,Young
Q136488349,Sammy Rae & The Friends
Q16958212,No Friends Of Harry
Q7535436,Skindive
Q118900096,Huntertones
Q18915977,The Amsterdam Red Light District
Q7859162,Two Pin Din
Q4495826,
Q1888950,Mandelring Quartett
Q1971912,Weesp
Q131648324,Eddy Smith & The 507
Q87191210,
Q106483530,
Q11698873,Freedom Nation
Q122199138,Truth Club
Q136030158,
Q10475779,Domestic Bumblebees
Q25474648,2zio
Q9192053,
Q1559306,Hey Gravity!
Q85654548,Ancestral Dawn
Q3716316,Duo Fasano
Q106880650,Frank & Tony
Q25351909,After Earth
Q49097826,Tjuvjakt
Q16097509,
Q120335563,
Q131826227,Smartbomb
Q7008670,New Holland
Q132778131,
Q120044253,Societys Parasites
Q6148125,Jamoa Jam
Q15452189,The Boys Choir of St Ursus Cathedral in Solothurn
Q22080731,Zoax
Q120878218,Scenic Route to Alaska
Q13142983,Wendrsonn
Q20726172,Matisse & Sadko
Q105583048,Papajungle
Q55624310,Mélisande [électrotrad]
Q4038700,Fenech-Soler
Q6887423,Moby Dick
Q3633907,Music band of the Carabinieri
Q20709909,Railmen Drum and Bugle Corps
Q21635139,
Q3363219,Parade Ground
Q126545845,Għaqda Mużikali Sant’Andrija
Q7798555,Throwing Up
Q10650279,Reducers S.F.
Q13430255,Apollo
Q25212188,Atlantik
Q55606188,Burning Empires
Q3952162,
Q108151281,Lorena e Rafaela
Q7761781,The Rudimentals
Q109910436,Société des Confrères d'Eggevoort-en-Etterbeek
Q11254909,YAK.
Q12285924,
Q16837701,Fred's House
Q133818367,
Q4162498,The Janoskians
Q98456449,
Q113630141,The Long and the Short of It
Q16128758,
Q3885023,Orchestra di Padova e del Veneto
Q2882364,Nitz 'N' Sony
Q24862998,Beerers
Q99544319,Neue Wiener Stimmen
Q2936292,Candie Prune
Q106728334,
Q16723147,
Q107216694,SHARE LOCK HOMES
Q127500792,Pierce Brothers
Q88820596,Unidad de Transmisión
Q7769720,The Touré-Raichel Collective
Q16492431,El Tambor de la Tribu
Q130051430,Texabilly Rockets
Q87463171,LV5
Q96371154,86 Bullets
Q12362398,
Q16141644,
Q22121855,Amboina Serenaders
Q104373346,City of Athens Symphony Orchestra
Q11350766,Lollipop Sonic
Q107750781,Hermitage Piano Trio
Q21040731,
Q9282478,Guantanamo Party Program
Q92891627,
Q48781494,The Obelisk
Q4159338,
Q15821980,Jugendsingkreis Derschlag
Q139762629,Wheatley Cornet Band
Q4547012,
Q9576771,
Q6125225,Jakob
Q9362812,
Q3126517,Hammer Bros
Q61069070,Harro
Q22074594,Latur
Q105839939,
Q134436038,
Q3413743,Quatuor Ébène
Q6938438,Murfy's fLaw
Q7740453,The Hotrats
Q11898810,Turku Cathedral Youth Choir Finland
Q105320304,Disney Koe no Ōji-sama
Q126688745,Toxic Two
Q106809002,Boys World
Q5359582,Number Girl
Q139757348,Trail Maple Leaf Brass Band
Q10701587,Tre Sang
Q65036875,VWCR
Q16536575,
Q4923123,Blacklistt
Q4369998,Polynove Pole
Q10429575,Bileams Åsna
Q65085938,Dentist
Q134986941,Inconcessus Lux Lucis
Q131704163,
Q135397847,Gimp
Q139601699,Maple Leaf Brass Band
Q137590875,Marlowe
Q23888537,
Q107203440,The Hornheads
Q64220841,Academical Choir of Nizhny Novgorod State Linguistic University named after N. A. Dobrolubov
Q61842545,Miller-Porfiris Duo
Q23786124,German-Nordic Youth Philharmonic
Q25056484,The Blood of Heroes
Q111629288,Orquesta Filarmónica del Estado de Chihuahua
Q30932523,Tライオット
Q112977046,
Q31898218,Julian Azar
Q65227687,BLACKIRIS
Q127418652,Goober Patrol
Q15875479,Ensemble 415
Q2234642,Netherlands Philharmonic Orchestra
Q120987049,
Q48970594,Tone
Q11983182,
Q20067209,
Q12011276,Filthyminds
Q49098711,Sweet & Slade
Q110895188,Rose Orchestra
Q105424106,
Q7204962,Santa Fe Opera
Q28878295,Monoswezi
Q132235839,Atolls
Q11355724,
Q125149284,
Q137021910,
Q140088825,Disgusting Sisters
Q19599555,Slagmark
Q117857274,
Q73405117,Central European String Quartet
Q7826218,Toroidh
Q21639422,Zelezny potok
Q131191516,Whitelands
Q120434394,Cherchapais
Q10496082,Fjärde Världen
Q125149680,Universal González
Q110880230,
Q9353364,Słoneczni
Q13038937,Kosovo Philharmonic
Q63208511,
Q7754276,The Noise Next Door
Q135779171,
Q127162525,Opera on the Avalon
Q130557985,LightningCloud
Q55628573,Paradise Orchestra
Q11825066,Downbelow
Q13027626,
Q7180278,Phaleg
Q6928288,Mpiri
Q7722147,The Chapman Family
Q97215674,Yokohama Sinfonietta
Q118975659,
Q118119768,Die Härte
Q61363791,Einbigu
Q63208519,
Q7439370,Scuba Dice
Q4049837,Sozvezdie
Q12254510,Auskalo non
Q121604639,The Legendary Lightness
Q7729242,The Days
Q24964832,Khebez Dawle
Q3280711,Make The Girl Dance
Q16873307,Pochy y su Cocoband
Q131781817,ITL mixed choir
Q6447986,İstanbul Attack
Q3259761,Los Pinguos
Q111715561,Przyjaciele Karpia
Q8074628,Zoufonoun Ensemble
Q59419527,CLFRD
Q132579265,
Q28805866,Aniarakvartetten
Q104527661,
Q139762542,Carleton Cornet Band
Q111939444,Nirvana
Q39052834,Youth Orchestra Los Angeles
Q5651092,1:43
Q61745452,Lorient Pipe Band
Q6857991,Milk Coffee
Q3693302,
Q10323564,Mandi & Sorocabinha
Q114120353,Dealing With Damage
Q21546049,Leukorrhea
Q29785439,The Hall Johnson Choir
Q3885011,Orchestra Makassy
Q13052580,
Q130703650,
Q1453864,Freiburg Cathedral Boys' Choir
Q139569301,Nekus
Q11199800,FRONTIER BACKYARD
Q17142510,Youth Mass
Q18662631,Vaasa City Orchestra
Q6714635,MAZK
Q5204752,dDub
Q111745913,
Q20605089,Seo Linn
Q105527785,
Q6189115,Jetpack
Q16363227,
Q48840804,Military Band of the Eastern Military District
Q117355483,Acid Tongue
Q2753441,
Q99541270,
Q30612087,Alpha Team
Q106448596,
Q3234531,
Q28401424,Spiral Shades
Q15992663,Anaïd
Q104905490,
Q17192235,ALBATROSICKS
Q120846605,Bibi Club
Q686147,The Karelia
Q2415483,The Zawinul Syndicate
Q389156,Alban Berg Quartet
Q13195775,Chiafura
Q10432293,
Q29023757,Rhiannon Tomos a'r Band
Q7760623,The Rhythm Section Jazz Band
Q7100253,Orchestra of St John's
Q6529903,Les Quatre Étoiles
Q11235846,NORISHIROCKS
Q16126043,Aswat Almadina
Q61075943,
Q112131018,The Brooks Brothers
Q4146749,Pyatnitsky Choir
Q3242375,Fiddle Feaver
Q138036287,
Q7628277,Studio de musique ancienne de Montréal
Q30915839,Lion of Zion
Q108131681,Korean Soul
Q104600960,
Q136375170,Paris Mozart Orchestra
Q2474488,Zeeuws Orkest
Q16841632,The Haunted
Q136374568,Netherlands Theater Orchestra
Q131373327,Annagail
Q125804227,Texas Flood
Q139762518,Saskatoon Temple Salvation Army Band
Q17750579,Blind Archery Club
Q27986195,Kantorei Barmen-Gemarke
Q11195096,Curly Giraffe
Q29573303,Pyroxene
Q30599302,Cheats
Q2217612,
Q22130841,"EXILE LIVE TOUR 2015 ""AMAZING WORLD"
Q60740768,Energy
Q9338237,Skrzynczanki
Q116202157,
Q18603741,Noya and Hadar Karako
Q6073637,Luxus
Q54958438,The Young Escape
Q60786860,The Maravines
Q30610695,LEGEND
Q4924683,Blam Honey
Q13020483,
Q106928595,The Time Beings
Q125621083,Friko
Q661670,Chamber Orchestra of Europe
Q17008333,Waayaha Cusub
Q13188618,
Q3604585,Quarpa
Q136995872,Best Company
Q24959812,Unkindness of Ravens
Q24699229,Veseli halychany
Q19296870,NDR Vokalensemble
Q4881746,Bel Tempo
Q3264402,Lowrider
Q1877239,Luminary
Q10341750,Orquestra Tabajara
Q56401966,Gamelan Salukat
Q131275191,
Q23878057,Christiania Mannskor
Q16821536,Angel Melendez and the 911 Mambo Orchestra
Q44506198,Shin Jung Hyun & Yup Juns
Q55025284,Isaac Hayes & David Porter
Q1931982,
Q9322769,Rose Rovine e Amanti
Q105103901,Ô-Celli
Q14159274,Invisible System
Q2902364,Miami Boys Choir
Q12062473,Aphélandra
Q104093201,
Q137196197,Teen Mortgage
Q106543542,
Q139762590,Meaford Silver Cornet Band
Q1876862,Viktor-Lukas-Consort
Q85909411,
Q32361309,Ferm
Q28926861,Sagrado Inferno
Q31888508,Combo 8
Q106578567,
Q9143127,Akademicki Chór Uniwersytetu Gdańskiego
Q3147878,
Q48749064,Le Chœur voyageur
Q11902311,We Are the Physics
Q60764179,Dilan Ensemble
Q12058864,The Swings
Q9206579,Deus Meus
Q61361348,Trini Fox
Q4038935,Fortuna brass
Q22162607,BijouTerrier
Q13103838,
Q3141261,Houdini
Q139301079,Somebody's Daughter
Q2025871,OperaBrass
Q111948452,Dove
Q130633968,Violent Silence
Q2043047,Concordia
Q61862967,Capsize 7
Q2167352,Rosi & Leo
Q7732273,The Enright House
Q7896721,University of the Philippines Cherubim and Seraphim
Q131143455,Daira
Q12039069,Inseneride Meeskoor
Q104841096,Flying Cunts of Chaos
Q48702090,Mešani pevski zbor Obala Koper
Q106462733,Sons of Daughters
Q4053982,AK-47
Q30590650,Dirty Ghosts
Q19392308,The Quivers
Q139962537,The Battalion Drum and Bugle Corps
Q104656649,
Q117197371,Gloomy Whispers
Q106604632,
Q1034540,Knabenchor capella vocalis
Q10693482,Terry O’Connel & His Pilots
Q22662942,Odisséia
Q137858560,New Pharaohs
Q12764102,Chór vážskych muzikantov
Q3355339,Guiyang Symphony Orchestra
Q18246502,The Splendor
Q122809630,
Q115618701,
Q10695695,The New Man
Q1280955,Won Ton Ton
Q16263536,ARIA ASIA
Q16150217,Audiopathik
Q16256957,Beth Hart and Joe Bonamassa
Q104630072,
Q61140942,
Q3358902,Overhead
Q65048267,The Bitter Chills
Q6868180,Minnesota Brass Drum and Bugle Corps
Q5173467,Corvinus Quartet
Q124004714,Arsenal Efectivo
Q47880952,Liberale Harmonie Vooruit zonder Vrees
Q6380705,Kaytanhousuja
Q5120325,Cincinnati Tradition Drum and Bugle Corps
Q105559478,Dead Peepol
Q107103203,
Q98437623,
Q39074059,1476
Q62071063,Alimo&Control
Q11816670,Piersi
Q12310944,Factory45
Q96770309,
Q61108012,
Q85759672,Esther and Ezekiel
Q86741085,King&President
Q9249871,EM
Q118434685,JOAN CHAMORRO GROUP & ANDREA MOTIS
Q1000664,Budapest String Quartet
Q7205914,Pláhnetan
Q20106475,
Q10495949,Fjedur
Q3643264,Linköping University Male Voice Choir
Q105234288,Seattle Rock Orchestra
Q28416662,BINGO
Q56184237,South Wales Choir
Q105356559,
Q16140575,
Q64682108,Tau Ceti
Q135466740,Pro Arte Chamber Orchestra of Greater Washington
Q123010048,Sprain
Q63208494,
Q134053378,Punkdisco
Q9576674,
Q132151279,Amor Artis Chamber Choir
Q123754559,
Q136694881,
Q85978744,
Q23827708,Kord
Q1126149,Basque National Orchestra
Q3657728,Milan Cathedral music chapel
Q11243669,Smash the Brain
Q3413699,Via Nova Quartet
Q139762605,Port Elgin Ladies' Brass Band
Q7374714,Royal Philharmonic Orchestra of Flanders
Q113332238,
Q12169599,
Q106452418,
Q19384810,
Q139757299,Coqualeetza Industrial School Brass Band
Q19392329,The Substitutes
Q28406823,The Enigmas
Q99458867,Bollsta-Väja men's choir
Q5245237,Dead Inside the Chrysalis
Q25460412,
Q111098583,
Q10448219,
Q24075534,Immortal Bird
Q55713839,Musical Art Society of New York
Q1671181,Novochild
Q1067319,NHK Tokyo Children's Choir
Q4335737,
Q134066086,Worcester Cathedral Choir
Q5530459,Gellers
Q3427193,Renésens
Q16164121,
Q131415076,Lewron Orchestra
Q3566940,We are from L.A.
Q11250927,the cabs
Q126923162,Soċjetà Filarmonika Marija Mtellgħa s-Sema
Q9346325,
Q48697896,Air Credits
Q7101307,Oregon Repertory Singers
Q1880132,Lübecker Knabenkantorei
Q2017579,
Q16239090,Bilbo Baggins
Q134521404,Númana
Q106507284,
Q19398317,
Q18160344,Fed Up!
Q55520574,
Q96394552,Myanmar Police Band
Q105640485,
Q81523250,Hulu Project
Q20748966,Breeze
Q85994712,
Q85865777,Ivy to Fraudulent Game
Q25393478,Eulen
Q95734020,Max & Lamour
Q120880821,Honeynut Horns
Q30937451,Tokyo Opera Production
Q115126160,Deiniolen Silver Band
Q10728212,Östgötamusiken
Q64827854,Loverfield Jazzband
Q12487160,Jamaica Cafe
Q122902716,Posno prase
Q3875047,Nomin Talst
Q13018124,
Q865758,Birnauer Kantorei
Q97180910,
Q16932024,The Landt Trio
Q104904749,
Q11103419,
Q139300480,Massie
Q25622315,
Q2894743,Aeolian Quartet
Q116191093,Evoking Winds
Q22954021,
Q646730,Nailpin
Q12239140,
Q2900665,
Q105357010,
Q85767798,Hush Kids
Q2356386,Stripling Brothers
Q63341290,
Q15882786,The Perfect Rat
Q5142306,Cold Night For Alligators
Q7426062,Satellite Spies
Q12040849,New Kids Underground
Q130459411,La Lira Libertaria
Q139676129,Impact Brass
Q4044652,Murk Exorbitance
Q11251939,ULTRA BRAiN
Q4926712,Blindstone
Q9249674,Dżamble
Q113076526,diETAKTLOSEN
Q2104412,Poreotics
Q11963210,CaroMilie
Q63208517,
Q105076681,
Q121603481,Almost Charlie
Q106383691,Severáček
Q65249670,Kanazawa-Admony Piano Duo
Q55635546,The Six (songwriting collective)
Q24946352,Lion Shepherd
Q130425990,Litterer
Q117029086,Brake Drum Assembly
Q5087411,Chassalla
Q126280662,
Q48698696,Saurabh-Durgesh
Q4854303,Banda Sinfónica da Guarda Nacional Republicana
Q131659691,
Q4747464,Amoebic Ensemble
Q20103840,Cobla Simfònica de Catalunya
Q137613761,FromScratch
Q10695604,The Hymans
Q10372725,Banda União Musical Pessegueirense
Q60795906,Esmé Quartet
Q25056238,The Sheds
Q3520298,The Clarendonians
Q3234524,Les Percussions de Strasbourg
Q89327025,MUH Trio
Q3327166,Mr. Joy
Q4042810,Letargy Dream
Q9156275,Antiquintet
Q3506149,Cyantific
Q1506228,L. Bow Grease
Q3429303,Rheinische Kantorei
Q123823145,
Q29645270,Viogression
Q137591200,Last Conservative
Q641123,Technicoloured Roses
Q20709006,Enlow
Q28496937,5 majeur
Q124896799,
Q12770716,Made 2 Mate
Q106545981,
Q106122677,Tokyo Salon Orchestra
Q2014386,ODEON Jugendsinfonieorchester München
Q106109934,
Q3282253,Malmonde
Q10293188,
Q10570831,Lunds akademiska kor
Q65084878,Adam and the Plants
Q131378881,
Q25095517,Silent Images
Q123139578,The Hook Up
Q38705513,
Q4741148,Ambassadors of Harmony
Q105450778,
Q16238802,BackBeat
Q933180,The Dinky Toys
Q29842065,
Q10586339,Miss Sad UK
Q138840050,Mira Norte
Q25056210,Torn
Q7046445,Noctorum
Q6425257,Kodeksi
Q47768147,Fanfare Willen is Kunnen
Q11286828,YDESTROYDE
Q3232923,Les Gargouilles
Q46338,Diana di l'Alba
Q15584870,Klaartje & Nicky
Q65255074,
Q65237204,
Q85846804,Nomad
Q131781625,
Q16823066,Berlin Sinfonietta
Q65032403,Cosmic Fields
Q113076457,Fliedertafel
Q139762643,Montreal Citadel Band
Q11710111,Horse
Q12264816,Never Surrender
Q9258099,Fasolinki
Q4034993,Belladonna
Q83680243,
Q109358483,
Q11313608,Sousa Band
Q113076458,Gemischter Damenchor
Q136165190,Hot Bed Blues Band
Q99640423,Moonshee
Q10638249,Pound
Q134551739,Orfeón Terra a Nosa
Q85877253,
Q5642758,Hallam Sinfonia
Q12355012,Screamers
Q17311809,Narajama
Q57830561,The Sweet And Lows
Q55840590,Nuestros Mejores Días
Q57051762,Optical Report
Q28091320,
Q11255706,ZAR
Q120335524,
Q117835109,NTT Choir
Q12270830,
Q1572983,Hamburger Camerata
Q5072578,ChansoNoir
Q10279560,
Q1330105,Russian National Orchestra
Q7900713,Urma
Q110442670,Paul McCartney Band
Q94700745,
Q3545263,Shampoo Ni Lola
Q78848881,
Q47458563,"Syndikale Harmonie De Volksvrienden, Gent"
Q5482479,Francis Soto
Q134978202,FAITH/VOID
Q8563774,Flies Inside the Sun
Q3503222,Suite 19
Q50364958,Hanke Brothers
Q107695669,SHIROKUMA
Q19963216,Grammophon Orchester
Q18235582,
Q39086111,DJDS
Q134028381,North Sound Signal
Q12585775,
Q7759317,The Rainband
Q48740294,Monogold
Q113165072,Sacrimoon
Q3094537,Galaxy 2 Galaxy
Q130466910,Asociación Cultural Denak Bat
Q25419536,Os Arrais
Q11933944,Los Draps
Q11704390,The Friendly Indians
Q8080245,İttifaQ
Q4373766,Poslednie Tanki V Parizhe
Q11234512,NAiL
Q6053410,National Symphony Orchestra
Q10494084,Taipei Chinese Orchestra
Q28664267,Insula Magica
Q25640451,Koninklijke Harmonie Aurora
Q1330465,Quatuor Mosaïques
Q5877058,Hogan
Q14773683,
Q11691549,Corrin
Q67629297,Suk Quartet
Q109414485,
Q29042663,
Q4317443,Nervy
Q3570184,Wwquartet
Q54820307,
Q3539399,Trio à cordes de Paris
Q3217114,Landscape
Q7565078,Sour Soul
Q60468238,Hee Haw Pickin’ Band
Q17192105,ARUKARA
Q122926983,Pégase
Q12318410,Inside The Whale
Q1367290,Escolania de Montserrat
Q115413616,Choir of Vatopedi Fathers
Q3413710,London String Quartet
Q62460233,Power Up
Q12257901,Fly Shit
Q7712247,The Aces
Q48701174,Academic Choir France Prešeren Kranj
Q131436945,Who Cares
Q11195038,Cruyff in the bedroom
Q61070603,Acoustic Planet
Q133255413,Joe Green Orchestra
Q25212104,U137
Q6010726,Eskişehir Metropolitan Municipality Symphony Orchestra
Q10710238,
Q7367712,Rose Ensemble
Q9184463,Cantus Polonicus
Q669033,Fiction Plane
Q7719052,The Bollweevils
Q131275121,
Q13018379,
Q104602621,
Q2011318,
Q18385804,Zürcher Vokalisten
Q6073748,
Q11194635,Class
Q6053348,
Q111715559,Przyjaciele Karpia
Q10661676,Sapporo 72
Q10600240,New Creation
Q3395255,Obojeni Program
Q2792648,
Q68917026,
Q132602007,Zippo
Q2333883,Yevgueni
Q112628770,Choir of Simonopetra
Q9163884,Baciary
Q105103422,Biely Odpor
Q139801827,Alex Sonata & TheRio
Q61365545,Neke politikoa
Q28704294,
Q11690473,
Q122761240,SubRosa
Q10269794,Žabí Majer
Q11785483,More
Q3572336,
Q6492412,Las Piñas Boys Choir
Q131782869,Kannel
Q764072,Schola Gregoriana Pragensis
Q110895146,Kitchener-Waterloo Chamber Orchestra
Q12046948,Pražský smíšený sbor
Q61361507,Eraul
Q65255586,
Q22127635,HiHi Jets
Q8041506,X-Pulsion
Q139762612,Woods Manufacturing Company Brass Band
Q6869085,Minor Detail
Q6159590,Jarcrew
Q12749002,
Q6458143,
Q317965,Mecklenburgische Staatskapelle
Q3411135,Puzzle
Q94156995,Licotissa
Q9207105,Die Last
Q104880954,The Alps
Q65264194,
Q7572031,Soyol Erdene
Q8045033,Xtatik
Q109469214,Axis
Q15694470,Oddio Gasser
Q65256123,
Q109314479,
Q2874677,
Q5647933,Hangedup
Q18349872,DRB LasGidi
Q65162255,Black Machine
Q110069240,
Q25487273,
Q7734596,The Flying Hendersons
Q115714669,Deutsches Streichtrio
Q105761603,
Q19384806,
Q28668715,
Q125177497,Raw Artistic Soul
Q12904942,Area
Q64153836,Monks of Glenstal Abbey
Q137455930,TaraJazz
Q4782603,Aqua String Band
Q120727881,Grallers de la Torre
Q31889462,Palestrinakoret
Q11880262,
Q135984848,Midnight 'Til Morning
Q18228489,
Q16941806,Grupo Red
Q106603460,
Q60847111,Divine Disorder
Q12308051,The Funen Opera
Q139806825,Echo Box Global
Q65154091,
Q3473786,Sashird Lao
Q98077722,Cape Coast Sugar Babies
Q4421785,Skvortsy Stepanova
Q7651444,Suzy Q
Q138440451,Unokrysh
Q115800473,Camerata de Caracas
Q12641549,ST!llness
Q110895177,Orchestre Philharmonique du Québec
Q1753581,Fahrenheit
Q104245402,The Host
Q12501488,
Q135670952,
Q61506521,"15, 16, 17"
Q8564116,Fly My Pretties
Q11241975,Rizumu
Q57830554,The Pitch Pipers
Q11867810,Earthen Vessel
Q24941484,Sampler Orchestra
Q108112959,Vagina Witchcraft
Q18287474,Charlie & Esdor
Q3288391,Marc Seberg
Q124848356,Caccia
Q140292005,
Q16424399,Rotþróin
Q133458338,454
Q139762552,New Glasgow Cornet Band
Q110865697,
Q4336495,
Q12406993,
Q16847083,Inchiuvatu
Q124135022,Fatty Cakes and the Puff Pastries
Q7746917,The Lemons
Q24078412,Bogus Deep Purple
Q110740648,Casket
Q7719915,The Breakers
Q195957,National Opera of Ukraine
Q139408271,Acres
Q63031879,DECCO
Q101011306,Filska
Q16962101,Ornamental
Q55633381,Snotty Nose Rez Kids
Q3452773,Ruff Neg
Q25112055,Saved by the 90s
Q3360174,Pacific 231
Q22262445,Limetal
Q7321921,Rhythm Plate
Q30915726,
Q100725175,Bratz
Q7620684,Stowaways
Q110069451,
Q106928443,Flying Nuns
Q7623097,Streetlab
Q11965380,
Q65255730,Võru Men's Chorus
Q15636298,Salonorchester Erfurt
Q12881436,Nama band
Q60169663,The Clydes
Q51140260,Berywam
Q844090,China National Symphony Orchestra
Q28682761,Kiki*
Q65032580,Lost Lucy
Q7577108,Spielleyt
Q123140945,The Kaiser/Diaz-Infante Sextet
Q115649279,Éder Quartet
Q18700783,every♥ing!
Q10543159,
Q132529166,National Youth Choir of Wales
Q675963,K-South
Q9051692,Silesian Guitar Octet
Q89779147,
Q122966277,
Q107490564,Phenomy
Q24876343,Invisible manners
Q10662195,
Q5274491,Die in Cries
Q118113295,Drook
Q104829458,
Q24950543,Jaggs
Q133567774,
Q5451492,Fire Through the Window
Q1571562,
Q116780247,Clavicvla
Q9376095,Wiślanie 69
Q821558,Berliner Hymnentafel
Q5134824,Clockwise
Q134457395,Catalogue of Early German and Flemish Woodcuts Preserved in the Department of Prints and Drawings of the British Museum
Q13034559,Ddisselblom
Q9358171,The Real Booty Babes
Q12092808,
Q5648121,Hangzhou Philharmonic Orchestra
Q11831673,
Q17619063,Trash Palace
Q97231696,
Q2143554,Renate and Werner Leismann
Q5269320,Dharmaratne Brothers
Q124497051,
Q27689537,Belarusian Armed Forces Academic Song and Dance Ensemble
Q124004734,Banda Sinaloense Los Rubio de Mocorito
Q7104035,Orquestra Imperial
Q2144549,
Q13581327,Band of Gypsys
Q10869381,Thomas & Jack
Q49986535,Harmonie van Sint-Pieter te Grimde (Tienen)
Q10498504,Franke
Q16115149,Filth Factory
Q3528178,Tidawt
Q122179643,New Hampshire Philharmonic Orchestra
Q10657388,Rowing Gamblers
Q128707000,
Q119382731,
Q71610353,Year Of The Locust
Q7354158,Rock-a-mambo
Q53168,Amadeus Chamber Orchestra of Polish Radio
Q109594572,
Q116690489,
Q17460119,Nola
Q98431952,
Q10369497,Seis Po’ Meia Dúzia
Q105546684,
Q6760404,Marginal Consort
Q21069840,A. C. and Mamie Forehand
Q6107832,Rhyme Syndicate
Q139762644,Montreal Ladies' Brass Band
Q7939472,Voice
Q13027672,
Q126350978,
Q2014873,IONA
Q134053342,Celestial Shore
Q5357221,Electra
Q25205824,Lodekka
Q7276053,RCA Italiana Orchestra
Q97312568,
Q5096350,Chickenpox
Q84939581,Roger and Joan Sprung
Q55523089,OVER LIMIT
Q126009518,Girl and Girl
Q5506652,Fræbbblarnir
Q5769217,Cifuncho
Q63208533,
Q124364994,Assot
Q123121536,Grapes and Sunshine
Q137264702,
Q26265930,Symbolic
Q120499141,Mermelada
Q121841343,Bottom/Top
Q26253680,Hammagrella
Q9133808,4Ever
Q112122575,Athenaeum Pops Orchestra
Q61397691,
Q12333343,Revoltage
Q3061808,Excelsis
Q12072054,
Q65029577,Jack Daniels Blues Band
Q133855209,Dream Note
Q98526217,Columbus Symphony Orchestra
Q4050837,
Q5509531,Furia
Q11245761,SeeVa
Q11305904,Sunpal Orchestra
Q30947337,Astro Bunny
Q121029966,Ron Caines / Martin Archer Axis
Q14521452,Oppenheimer Analysis
Q3431698,Riddare av Koden
Q7394745,Stinkahbell
Q15053030,KTL
Q3090329,Nass El Ghiwane
Q17146512,National Repertory Orchestra
Q3054840,Ensemble Musica Nigella
Q10603816,Nova
Q105319483,
Q10670536,Skraeckoedlan
Q11486014,Fuchū City Orchestra
Q131275142,
Q96418928,Meat Wave
Q129700865,The Woofers and Tweeters Ensemble
Q97441552,
Q11320291,Davy Knowles
Q110069293,
Q55635590,The Trash Mermaids
Q124338705,The Ramblers
Q27817811,Danny's Reasons
Q129744822,Major Moment
Q107006781,Wellington Opera
Q12712281,
Q3522737,The Sinners
Q12002777,
Q130376070,William Mason Marching Band
Q65210772,
Q4819080,The Answering Machine
Q105395936,
Q12797128,Multiball
Q3328648,French Foreign Legion Music Band
Q116196878,Cvlt Ov The Svn
Q7504360,Shtar
Q47766033,Muziekmaatschappij Casino
Q11225258,JACKS'N'JOKER
Q9171530,Big Bit
Q61365669,Lurpekariak
Q35227957,
Q12259985,Izeba Pilarren Ilobak
Q18242465,Hellsingland Underground
Q16264607,M.S.S Project
Q830510,NDR Radiophilharmonie
Q5208486,Dagenham Girl Pipers
Q22122755,Grade a Fancy
Q7206380,Pocket Billiards
Q24835334,
Q55460419,Dúo Fuertes-Varnerín
Q120335538,YOKARO-MON
Q2906278,Blaudes et Coëffes
Q16850927,Jozi
Q109806963,
Q89391557,Hungarian State Opera Orchestra
Q97365944,
Q10272483,Emphasis
Q11914378,
Q12690778,
Q9248176,Dziady Żoliborskie
Q5043997,Carner and Gregor
Q129401940,Rezzmau5
Q12016658,Fiordmoss
Q10838800,Walk Choc Ice
Q85760872,Fightmilk
Q5696664,Stereo Chemix
Q5559708,Wdk
Q9192047,
Q2990554,Complot Bronswick
Q10695504,the divine baze orchestra
Q2910829,Shiva Shidapu
Q140044859,Detroit Concert Choir
Q136343422,Uranohoshi Symphony Orchestra
Q11964120,Cortina
Q17628198,Corale universitaria di Torino
Q108500432,Viento de los Andes
Q7735271,The Freshmen
Q139762528,Balmoral Brass Band
Q119700382,Les Solistes de Cannes
Q115093123,
Q120335603,
Q10600421,Niccokick
Q116001215,Y Cymylau
Q11244691,STOMPIN'BIRD
Q137186906,Circu5
Q3149517,Impure Wilhelmina
Q125727733,Los Darts
Q20499937,
Q120335577,
Q4196674,Ivanovo regional musical theater
Q96383332,It Hugs Back
Q18548263,Subcarpați
Q78831671,Papermount
Q1675352,
Q115040479,Allgemeine Altonaer Liedertafel
Q5748360,Hewar
Q27817000,Cairo Knife Fight
Q6011475,
Q51784871,
Q115837225,Klapa Zvizdan
Q61107935,
Q881925,Blaskapelle Gloria
Q140234876,L'Opéra Buissonnier
Q28428560,Totem Skin
Q10719366,Waterbug
Q8200023,Anjel
Q139762565,Fletcher Cornet Band
Q24229282,
Q138748090,The Loved Ones
Q3424737,
Q139884714,
Q6948597,Daphna and the Cookies
Q20731725,Gulp
Q5203239,D-Cru
Q6880455,Mistress
Q116756296,1300
Q134053399,The Scarlet Brand
Q47169225,Michael Franti & Spearhead
Q5034994,Cape Philharmonic Orchestra
Q2962939,Cheval de frise
Q85758418,Easy Street
Q120263786,
Q17850858,Trubetskoy
Q41799630,Bachl-Chor
Q9170558,
Q3487427,Sociedad de Conciertos de Madrid
Q11270713,
Q3228885,
Q1113726,Houston Grand Opera
Q122927101,Post K
Q55634257,Supersonic Blues Machine
Q9334244,Schizma
Q55768112,The Gitas
Q134720371,
Q15903318,
Q65201884,Vesnivka Choir
Q65133711,Folklore ensemble Zagreb-Markovac
Q56299304,Love Generation
Q130542509,Bendigo Symphony Orchestra
Q13427511,'t Muziek Frascati
Q110069355,
Q5695099,Heavy Lord
Q117413501,Bro-X
Q133255384,Dave Roberts and His Home Towners
Q65028513,Ping Machines
Q25692100,"Josef, Jupp un Jüppche"
Q120986459,The 1995 Jazzpar Combo
Q20070068,
Q3720275,Eg and Alice
Q26973063,Coro Concordia
Q64853898,Eddie Brunner Quintet
Q85873382,
Q2356334,
Q3966148,Special EFX
Q16082445,Duh Nibor
Q71068444,Vince Guaraldi Trio
Q414953,Akademisches Orchester Leipzig
Q106010005,3 Man Island
Q137585127,
Q12807140,
Q60752980,The Beths
Q4038230,Esthetic Education
Q134000603,Oruqesta Del Sol dead
Q1474360,Paul Gerhardt choir
Q7877834,Ugnelė
Q4480684,
Q19665530,No Science
Q105637865,Hololive Fubuki Channel
Q10668167,Simson/DuPont
Q25565499,
Q17107483,Tom and Doug
Q7564322,Soul Sounds
Q115691394,
Q12956617,
Q12329259,Normals
Q5174084,Cosmic Nomads
Q61024992,Dawson & Creek
Q119153554,Leléka
Q23808176,Serianna
Q17092262,Tenores di Bitti
Q4047901,
Q42050562,The Road Dogs
Q104187062,Moldovan National Youth Orchestra
Q107561018,Karda Fàstik
Q2208126,
Q20687557,The Weather Station
Q3053410,Emsaverien
Q2407824,Oudenbossche Harmonie
Q132135171,
Q105744604,
Q11961575,
Q24953318,
Q12072025,POINT
Q137822440,Artblitz
Q8023333,Wilt
Q229530,3 Colours Red
Q4834878,BBC Northern Dance Orchestra
Q10341714,
Q65088087,Las Chillers
Q10694560,Text & Musik
Q11961844,Bom Basker
Q5642131,Halifax Camerata Singers
Q85745131,Banana Slug String Band
Q139820965,Orquestra Sinfónica de Lisboa
Q131718483,Brenno & Matheus
Q85864899,Cool-X
Q4052448,
Q4045240,NetSlov
Q71405190,Mestni pihalni orkester Škofja Loka
Q2900635,Bhale Bacce Crew
Q12376384,
Q17997171,Aesthetic Empathy
Q110197918,
Q15928386,Joshua Band
Q12286494,
Q129487381,Low Girl
Q12270558,Alexandroff Ragtime Band
Q5771070,Clanadonia
Q25457416,Rokokó Rosé
Q130772818,
Q104223842,
Q28720610,
Q2213048,
Q7843102,Trio de Cologne
Q7727453,The Contemporary Singers
Q111942554,Koyo
Q3355308,Orchestre national de Lorraine
Q10341405,Orfeão Universitário do Porto
Q3303359,Maîtrise de Radio France
Q2599607,Malmö Symphony Orchestra
Q25206375,The Lions
Q122981515,C.O.F.F.I.N
Q3276466,Mafia Trece
Q16835978,Exit Calm
Q11956796,Abnormal
Q134494650,Killpower
Q123144542,Mevo HaDudaim
Q117048659,Despond
Q4921649,Black River Drive
Q7276949,RLMDL
Q5281372,Disband
Q3461048,
Q30339736,Pro Rock Ensamble
Q136709210,Myopia
Q2904522,One less reason
Q6557557,Lir
Q25469128,Ljubičice
Q113585063,Deskadena
Q2036757,Otentikk Street Brothers
Q15818590,Guitar Duo KM
Q6102957,Redzone
Q9341290,Stage of Unity
Q9143118,
Q3623167,Srebyrnite grivni
Q17021285,SP23
Q47009443,The Soul Exchange
Q6173186,Jeff & Sheri Easter
Q85865361,
Q5208097,Dado
Q14918666,Laichtín Naofa Céilí Band
Q106547084,
Q106580804,Mourning Sun
Q21558010,Neapolitan Trio
Q7754766,The Oh!
Q4389864,Zi:Kill
Q41327883,Exit Eden
Q6419696,Klapa Fa Linđo
Q1242781,Pécsi Bordalfesztivál
Q5171681,Cornerstone Roots
Q7714840,The Atrix
Q3523135,The Ugly Buggy Boys
Q113076519,Warme Wellen
Q117600030,Treblemakers Orchestra Leo Club
Q136679996,Akita City Orchestra
Q12836438,
Q11994258,
Q3141088,Hot Mix 5
Q28407163,The Dishrags
Q139762520,RCAF Brass Band
Q11710413,I&I
Q3141091,Hot Potty
Q65030344,Gysler / Pérez / Nick
Q48698704,Apollo Club of Minneapolis
Q6067688,Payasitas Nifu Nifa
Q115933270,Swankys
Q16428980,Tjarnarkvartettinn
Q9389995,Zejman & Garkumpel
Q18389892,The Jamaican Folk Singers
Q12114105,
Q62571383,Her's
Q30935534,
Q3211471,La Perfecta
Q13053529,Armenian Radio Orchestra of Folk Instruments
Q20439517,Alma együttes
Q16428930,Tilbury
Q31188093,Begiz Begi
Q20103175,Els Rossinyolets
Q11250107,TROPICAL GORILLA
Q11348201,LittleJack Orchestra
Q29947421,Collegium Academicum
Q31189035,Big Boy
Q4741283,Amber Oak
Q4834986,BBC Television Orchestra
Q12728122,Fanfara Rotaria
Q12339138,The Time and Space Machine
Q9383403,Ychtis
Q134344651,
Q3882421,Onda Rossa Posse
Q16567083,
Q4045279,Neversmile
Q25056742,Red Kite
Q25414261,
Q3523296,The Washing Machine
Q13588290,Nordisches Kammerorchester
Q12640798,Pyongyang Hardcore Resistance
Q3885013,Orchestra Sinfonica Siciliana
Q1582021,
Q19373124,
Q97173726,Leitmotiv
Q2878956,Bagad Sonerien An Oriant
Q60982403,Kaleidoscope String Quartet
Q135489857,Lakeview
Q109260197,
Q65231316,SEGA ROCK
Q7581524,Spunkadelic
Q11790677,Neronia
Q115807223,Uusikuu
Q11224025,ILL BLOCK CORNER MUSIC
Q12054756,Slepá kolej
Q113480383,Beatfish
Q61070668,
Q12003654,String Swing
Q16826909,City of Dunedin Pipe Band
Q27116998,General Harmony Singers
Q135104455,Hewra
Q110797653,NMC
Q18391485,NEW_ID
Q2307211,Beatrix Drum & Bugle Corps
Q137426726,Zabron Singers
Q133759952,NaOschup
Q97162586,Jacarelvis
Q104642090,
Q10611578,Orkester Norden
Q7741509,The Imogen Styles
Q132022063,
Q136681238,Camerata Risonanza
Q65083098,YJY
Q85122898,
Q55615663,Kansas City Jazz Orchestra
Q134355847,
Q4959890,Breather Resist
Q113165276,
Q135094736,Balourdet Quartet
Q4530874,Elektroklub
Q136437747,Metropolitan Festival Orchestra
Q3908503,Pork Dukes
Q11472056,Okayama Philharmonic Orchestra
Q7589494,St. Lawrence String Quartet
Q4952430,Boye
Q127512113,33Hz
Q123186083,
Q120335624,
Q12131171,
Q20524671,Ti moja rožica
Q24265637,Piękni i Młodzi
Q10468580,Den bacchanaliska musiken
Q61105940,Didi & Friends
Q11799206,
Q95951441,Swarm Intelligence
Q5306804,Dreamworld
Q9154653,Ania z Zielonego Wzgórza
Q11915583,
Q3157370,Jack the Ripper
Q29948137,Glarner Kammerochester
Q9166674,Bassisters Orchestra
Q24887608,Real Akiba Boyz
Q7438940,Screaming Orphans
Q16866714,Marching arts
Q10695814,The Smackdown
Q122640259,Non-Confined Space
Q96415974,Zamb
Q11226937,Jine
Q47765717,Muziekmaatschappij Orpheus
Q136764605,Animal Self
Q123125373,Decius
Q126421432,Seven Gardens
Q126918575,
Q10463225,Cubaneraorkestern
Q28971996,New Birmingham Orchestra
Q1012674,Ya-kyim
Q3417446,Raft
Q10448215,
Q85859787,BNNT
Q5029760,Canadian Bandurist Capella
Q61364273,Seitan
Q4463128,
Q28403790,Tribute Quartet
Q2046826,Rimini Project
Q3405025,Ffa Coffi Pawb
Q85852072,The Joy Thieves
Q105761887,
Q123631185,Light in the Darkness
Q16847900,The Lillies
Q1587871,Harvestehuder Kammerchor
Q17123148,The Sax Pack
Q28675270,"Zespół Regionalny ""Kowalnia"""
Q7117055,P.O.T.
Q1588725,Hassler-Consort
Q116940496,Chemical Surf
Q10542421,Kafka
Q5510878,Futures
Q11995887,
Q65406719,
Q10562809,Linköpings symfoniorkester
Q7738802,The Happy End
Q20684885,Mouth of the South
Q57830625,Fanatix
Q10716215,Vit Aggression
Q11351236,Wild Strawberry
Q16697779,SOFIA Symphony Orchestra
Q7728579,The DHDFD's
Q110496205,Niton
Q2313047,
Q24950615,Sorg & Napoleon Maddox
Q110069312,
Q115005301,PANTHEPACK
Q105721729,
Q2002074,X!NK
Q104975049,
Q113044719,Vienna State Opera company
Q31888194,Shades of Lace
Q4748973,Amungus
Q104704569,The Odd Couple
Q28457030,William Stockley's Orchestra
Q4746021,Amherst College Glee Club
Q110069495,
Q27916259,Kream
Q97168396,
Q65028589,Hard Wretches
Q6987559,Negrissim'
Q4405687,Audiotraffic
Q138605725,Ruby Glaze
Q136448770,Electric Soul Company
Q11333804,
Q16140444,Nuvo
Q116128739,Tartu Student Choir
Q11249329,Thousand Eyes
Q12744599,Ana Never
Q94642754,Banda AR-15
Q6652343,Little Tragedies
Q106935987,A92
Q113299375,Cobla Mil·lenària
Q48967512,La Bandononona Clave Nueva De Max Peraza
Q113635203,The Claudettes
Q9174570,Blue Judy
Q19393737,
Q133500045,Ichikawa Symphony Orchestra
Q44496371,Disappeared Completely
Q104904692,
Q18662494,Turku University Choir
Q61363912,Behi Bideko Andere Xuriak
Q98969730,
Q135011368,Arc of Life
Q7077810,Odin's People
Q3189834,Julita and Paula
Q5243430,Daysleeper
Q17065359,Superette
Q122926898,Saint Michel
Q18038647,Panic Ensemble
Q17781869,Goryń
Q17209810,KAMINARI-KAZOKU.
Q89419717,Wellander & Ronander
Q7733395,The Fantastiques
Q85204050,Munimuni
Q4419922,
Q110173657,
Q140134660,Junction Trio
Q140188629,El Balcón
Q139311181,HA Dúo
Q4411366,The Awakening
Q3223351,Grand Zaïko Wawa
Q11231291,Mechanical Teddy
Q105081221,
Q684102,Ratty
Q132776454,Klubbhoppers
Q11693809,Delano & Crockett
Q5104082,"Choir of Trinity College, University of Melbourne"
Q39074236,E Sharp
Q3355344,
Q60747048,Pink Grenade
Q11365107,Bullerbyne
Q137714697,Bleech 9:3
Q2844906,An Las
Q20105837,
Q11316624,
Q6407113,Kill Kenada
Q7717987,The Bill Hall Trio
Q18162821,The Security Project
Q136296495,
Q20875814,Electrocugat
Q124622992,PigPen Theatre Co.
Q2289187,
Q11243277,SHOGUN STYLE
Q16294890,
Q133278756,Sunset Gun
Q138010063,Canalón de Timbiquí
Q812421,Bayerisches Landesjugendorchester
Q125867591,Supernatural
Q4051582,Top-Display!
Q3355262,Orchestre national Auvergne-Rhône-Alpes
Q3280965,
Q11389520,
Q131940266,Troika
Q54958290,Nine Shrines
Q104985963,
Q54852298,Código Zero
Q97206167,
Q12005744,The Captain & Me
Q6059036,Introvoys
Q139595878,Hail to the Tricksters
Q7938172,Vlada i Bajka
Q829283,WDR Symphony Orchestra Cologne
Q21040724,Hofkapelle München
Q107304711,Dogovor iz 1804.
Q15851010,Tirol Sound
Q11788056,
Q128579860,Los Angeles League of Musicians
Q110111877,Pagoda Starling
Q42269543,PT. Barokah Digital Print
Q28843770,Gandharvák
Q22909295,Teddy Killerz
Q130483055,
Q5464876,Foltin
Q48937980,
Q115020701,
Q31897297,14
Q20113125,
Q24886702,Hat Films
Q4520109,
Q65015605,Original Streichmusik Neff
Q48805258,Stereo Satellite
Q31896264,Nacka musikklasser
Q25458718,Cimbaliband
Q11990119,Motorpsykkel
Q17063419,TV Moroni
Q7742352,The Interns
Q131940301,
Q68375704,Shredders
Q111912500,Grupo KAOS
Q20312320,Ascend the Hill
Q14543623,Touming Magazine
Q3772741,Goddess Family Club
Q48749257,K$K
Q131985996,Ocean Sleeper
Q24075471,Cashtime
Q97182791,
Q49096023,Portrait
Q2268851,Sema & Taksim
Q113076496,Sang&Klang:Los!
Q16616347,World Orchestra
Q4036703,Crownear
Q137259217,Chihiro Tazuro
Q110895121,Calgary Civic Symphony
Q6263284,John Wayne Shot Me
Q23878139,Green Isac Orchestra
Q19972881,Ensemble vocal Allegro
Q13034589,Die Campbells
Q4051019,THE CREATOR OF
Q25402551,Qiutian De Chongzi
Q7857414,Twang
Q5565812,Giveamanakick
Q18628021,Carl Philipp Emanuel Bach Chamber Orchestra
Q27210776,Ensemble Phoenix Basel
Q11984094,
Q60983618,
Q130044783,
Q3234344,Les Ombres
Q116863647,
Q9168576,Bemibek
Q135902017,Harriet Tubman
Q109599200,7m!n
Q9386265,
Q9203189,Dee Facto
Q11960329,BassoNova
Q1911468,
Q65081495,Montenegrin Guitar Duo
Q1799876,Only Men Aloud!
Q3049821,
Q7533659,Ska2tonics
Q3307218,Kick the Can Crew
Q6646220,Psihomodo Pop
Q12635453,Letu štuke
Q9357745,The 96'ers
Q111941909,The Weeping Willows
Q91470185,
Q109802061,International Staff Songsters
Q20684685,Malumu ni Tobu kei Naivaukura
Q11866555,University of Eastern Finland Choir Joy
Q77362927,
Q12634555,Klapa Versi
Q6498138,Laughing Pizza
Q12333794,Roskilde Cathedral Boys Choir
Q2028325,Oratorienchor Ulm
Q11200457,FreeDomLife
Q19865244,Ultimate Beatles
Q1266374,Duo Tal & Groethuysen
Q13027567,
Q3567929,Wide Open Cage
Q4532256,
Q108581843,Tomshin Band
Q11868274,
Q5481611,Bazeado
Q3355282,Lithuanian Chamber Orchestra
Q7068855,Nukeateen
Q11688284,Black Era
Q139757362,Royal City Brass Band
Q1887168,Gang Chenpa
Q136733760,Vivian or Kazuma
Q12572831,
Q136386915,State Philharmonic of the Republic of Sakha (Yakutia) named after G.M. Krivoshapko
Q9158116,Antyki
Q4744774,American Quartet
Q110069501,
Q124004693,Los Nuevos Rebeldes
Q52797598,Master Margherita
Q11226831,jammin'Zeb
Q48700588,Faux
Q55596745,EYM Trio
Q12370977,
Q3276804,Maggot Breeder
Q4304281,Moscow Symphony Orchestra
Q7428536,Sawagi Taiko
Q120486353,Los Reipetits
Q28671225,Nagual
Q16114139,Meritas
Q98165114,
Q17080770,Melody Maids
Q16239597,Hong Kong Chamber Orchestra
Q124130646,BCDMG
Q6957591,Agirê Jiyan
Q4889636,Bennet Veetraag
Q139762614,Evans Mine Band
Q25415132,Paradox
Q131275092,
Q105201701,
Q4655798,A Challenge of Honour
Q56064189,Cuban Revolutionary Armed Forces Band
Q136702420,Balthasar Neumann Ensemble
Q10548700,Krigshot
Q127018677,
Q4169525,
Q4191544,
Q78055448,
Q4957971,Brassy
Q10503553,
Q12072147,
Q106940995,Suede Cowboys
Q97182606,BSOD
Q131198455,Las Nubes
Q563255,Kessler Twins
Q131387044,Combat Noise
Q11969683,Forsvarets musikk
Q7622408,Strawberry Blonde
Q4348112,Pekin Rou-Rou
Q14541739,Opera troupe of the National Theatre
Q7496681,Shillong Chamber Choir
Q62658447,Coven 13
Q4375347,Pochta
Q28497862,
Q12634264,Karlowy Vary
Q9164810,Baltic Neopolis Orchestra
Q7361388,Rolnicka Praha
Q386613,Washington National Opera
Q4050952,The Beautified Project
Q139571427,House of Harm
Q111169678,Roohani Sisters
Q132597314,Shock!
Q56298961,Madizin
Q115288227,Starship Orchestra
Q65032586,Sinamon
Q24894772,Fovea Hex
Q10576134,Malmö Sinfonietta
Q10317234,Lenga Lenga - Gaiteiros de Sendim
Q7826457,Toronto Northern Lights
Q5909805,Hot Buttered Rum
Q38791005,Kevrenn Bro Logunec’h
Q128078566,A Few Hours Later
Q110069458,
Q10623546,Peppe & the Popping Peanuts
Q12740272,SOS
Q132452028,Crud
Q109411775,
Q47009204,Trent Reznor and Atticus Ross
Q1958172,Royal Wind Orchestra of Thorn
Q20476231,You May Kiss The Bride
Q55137855,The Mid-Knights
Q7263975,Pzazz
Q55459436,Dúo De Academia
Q113303440,Force 10 Big Band
Q16570637,La Tempesta
Q3125078,Bohinta
Q11854871,Calmando Qual
Q116613197,
Q107445933,
Q17998726,Mustang
Q106155541,Banda de Música de Ponte de Lima
Q107410550,Cake Pop
Q124896791,
Q3148472,Il Seminario Musicale
Q6522600,Leningrad Radio Orchestra
Q104520545,National Youth Symphony Orchestra of the Dominican Republic
Q55831344,The Bankrobber
Q1076293,St. Hedwig's Cathedral Choir
Q132761588,Shwn
Q85845872,Electric Citizen
Q128599233,D-Tune
Q94568,Hi-Fi
Q98446516,
Q894331,Boršičanka
Q137584072,Kantilena
Q7768951,The Three Belles
Q57909435,North Metro
Q122574190,Dying Wish
Q12036251,Meat House Chicago I.R.A.
Q126948210,Soċjetà Mużikali Madonna tal-Ġilju
Q2545862,7 Worlds Collide
Q20105060,
Q2371241,Netherlands Youth Orchestra
Q98180055,Zona Norte Posse
Q3225163,
Q84939562,Merrick & Kathy Jarrett
Q7569804,Southern Consort of Voices
Q122424303,
Q25171575,Scala
Q60987358,THE BLONDIE PLASTIC WAGON
Q692872,Tactical Sekt
Q23305793,Cries Hannah
Q4546123,100 Derece
Q25452514,JAZZ FIVE
Q4033412,Adolf Castle
Q24832199,
Q115325768,Malmö TBV Choir
Q2796437,UKZ
Q107589013,
Q120335507,
Q12644366,Varaždin jazz band
Q15907741,Children Sucker
Q7843090,Trio Raisner
Q16519722,Fish!
Q16949513,Low strung
Q10655377,Rilkeensemblen
Q6005515,State Choir of Bursa
Q56404608,Maribel
Q25212276,EVRA
Q629807,Klaus Mitffoch
Q5788705,
Q9212150,Druga Strona Lustra
Q12263229,Material Rechazado
Q11992718,November Homecoming
Q134596178,
Q11976976,Imbalance
Q52242410,Columbia University Orchestra
Q5877279,Hoggboy
Q320444,RIAS Kammerchor
Q119682802,Ghost Care
Q10550198,Kungliga Filharmonikernas Blåsarkvintett
Q1293013,Los Lobotomys
Q10515297,HQ
Q9383632,Yá-sou
Q12267468,Skatu
Q30903706,Camerata Silesia
Q12268009,Titiriteros de Binéfar
Q30929911,Orchestra Alessandro Scarlatti della RAI di Napoli
Q31187705,Alaitz Abesbatza
Q6861994,Mimas
Q110069561,
Q2873129,
Q105533038,
Q104881740,Cadeaux
Q20687424,Trees & Wild
Q3124742,
Q22962817,Casellas Sextet Folk
Q3520717,The Elderberries
Q16141139,ETC. Band
Q63208466,
Q5485057,Hormigas en la pared
Q99741417,
Q11187554,30%LESS FAT
Q56317106,
Q113137325,
Q104804855,
Q73677479,
Q2422106,Keletigui et ses Tambourinis
Q9660324,Boi Garantido
Q10590692,
Q106928975,Girl on Top
Q111943563,Distinguisher
Q12638925,Serbian National Theater Opera
Q30916300,Eskina Opuesta
Q10680695,Stockholmskvartetten
Q93127092,Tzoku
Q107641779,Lee Morgan Quintet
Q131275146,
Q131520358,Grey And Hanks
Q130288444,A-Bomb
Q18245454,Ron Faust
Q5380646,Entouch
Q136522376,Bahrain Youth Orchestra
Q10397422,8kHz Mono
Q12036329,Mefisto
Q108523712,Sihasin
Q124432582,
Q19382911,New Cool Quartet
Q3410213,Psykick Lyrikah
Q12313840,Geth's Noch
Q10517298,Hans & Greta
Q3090504,FuckALoop
Q124637582,News
Q824572,Berner Kammerchor
Q2926568,Brunch
Q136456292,New Mexico Philharmonic
Q85738296,3rd Edge
Q324466,Macedonian National Opera and Ballet
Q1111894,Colours of Gospel
Q65034980,Dave Gisler Trio
Q115957096,The Falsies
Q7195680,Ping Pung
Q106254221,Naations
Q104860944,Genghis Barbie
Q133849665,Sandbox Percussion
Q84607019,The Sound Bluntz
Q6880639,Misuse
Q29789851,
Q16596665,Flamma
Q61841809,Fiddlehead
Q93763617,The Four Pianists
Q61654316,Denver Gay Men's Chorus
Q12638361,
Q10425836,Band Aid II
Q12008975,Vannebos Dixieland Band
Q4202199,Infection (musical group)
Q25212176,Little Sparta
Q109887949,
Q20104365,
Q12636158,Mandrili
Q17388589,Morna
Q4652131,AK-7
Q11972388,Hearts In Motion Gospel Choir
Q4682738,Adiexodo
Q8067616,Zazen
Q16850344,Jocelyn & Lisa
Q138974466,Not Found
Q30646976,The Dove & The Wolf
Q5894937,Hong Kong Police Band
Q16668536,
Q112702265,Eslabón Armado
Q104824777,
Q12136459,
Q56063185,Central Military Band of the Ministry of Internal Affairs of Moldova
Q49426825,"Fanfare De Eendracht, Neder-Over-Heembeek"
Q7720585,The Bulletmonks
Q7419345,Santa Clara Vanguard Drum and Bugle Corps
Q104825369,
Q73782675,
Q16421778,Mannakorn
Q17218501,LACCO TOWER
Q5748747,Hexagon
Q116687261,Tow'rs
Q9635030,
Q2119721,Kapel van de Koninklijke Luchtmacht
Q7739519,The Hewanorra Voices
Q134448850,The Casters
Q17528696,Ildra
Q5447629,Fifty50
Q104976193,
Q24913689,Peter Wolf Crier
Q65032538,Yeti
Q56395572,Daarler Vocal Consort
Q137572210,Semblanzas del Río Guapi
Q99765884,The Plug
Q23903145,Bandurist Capella «Kobzar»
Q115650942,Dimov Quartet
Q11193675,COO COO
Q18331918,PBEL
Q1034188,Hart House String Quartet
Q48700726,
Q61864286,The Mohawks
Q5523447,Garland of Hours
Q12403265,
Q12277996,
Q134713207,
Q16836205,Falling Mirror
Q140197145,DJ LYNTRA
Q12085241,
Q16163558,
Q3503767,
Q121302924,Nightjar
Q140015552,Holland Symphony Orchestra
Q11291995,
Q11231498,MICROPHONE PAGER
Q1957165,Mädchenchor Hannover
Q133500328,Aichi Chamber Orchestra
Q3523080,The Trespass
Q2941314,Cassiya
Q27817138,The Four Fellows
Q12640736,"Puhački orkestar KUD-a ""Hrvatski sastanak 1888"
Q2154988,Ritmi i Rrugës
Q106699480,
Q5087542,Chateau Neuf Spelemannslag
Q7744878,The Knocks
Q56412240,Showder duó
Q123995374,The Kanneh-Masons
Q25409798,Bronson
Q12072902,Verlibena
Q10657798,Rune Strutz
Q65229516,
Q123509388,Bright
Q19376949,Kari-Ann og Rigmor
Q96376472,Divino Niño
Q11973432,Gustu
Q12336326,Solar
Q798664,Bad Copy
Q106298168,
Q4823966,Australian Chamber Orchestra
Q19845292,La festa musicale
Q6918992,Moulin Noir
Q139494763,No.1 Special
Q105411603,
Q136350154,Goryeo Symphony Orchestra
Q105389858,
Q10593572,Mönsterås Blues Band MBB
Q10505944,Glory
Q17222230,Gadeath
Q16146083,Abstrac
Q11798318,One Million Bulgarians
Q11757803,Liquid Mind
Q3235060,Les Rabbins volants
Q7318543,Revive
Q128404933,Soċjetà Mużikali Madonna tal-Karmnu Balluta
Q9166681,Basstion
Q13127746,Dublin Welsh Male Voice Choir
Q120653669,Los Grilhons Vilafrancats
Q12370402,Mitte-Riinimanda
Q60985817,Aint
Q10381820,The Square Set
Q3500596,Struber z'tett
Q3551947,Unswabbed
Q124323683,Royal Christchurch Musical Society
Q110401132,
Q12355419,
Q111995245,Ojivolta
Q5176723,Count Your Curses
Q17091793,Hollaphonic
Q122926902,The Afrorockerz
Q7595661,St Winifred's School Choir
Q2030930,
Q11831718,Pulsarus
Q31093285,Collegium Musicum Jaurinense
Q125184541,Get Him Eat Him
Q3129150,Heavy Metal Kings
Q20499381,
Q31189031,Biluzik
Q13024665,Jetset'er
Q5260583,Departure Lounge
Q18521521,
Q19374128,Hemisfair
Q2837364,Alktraxx
Q118496328,The Armagh Rhymers
Q7896763,University of the Philippines Singing Ambassadors
Q9292170,High Society Band
Q29468916,Ocean Park Standoff
Q49996223,Koninklijke Harmonie Vrije Kunstkring in Zottegem
Q23016843,Fialta
Q10594523,Napoleon
Q113555067,Heat Wave Drum and Bugle Corps
Q135448024,Iselder
Q7734402,The Flaws
Q16248000,Color Film
Q18663016,Wiipurilaisen Osakunnan Laulajat
Q120335556,
Q2878954,Bagad Saint Patrick
Q15378621,Sumerian Kyngs
Q3129881,Hello! Project Akagumi
Q139675780,Rupertsland Brass Band
Q4762785,Angelis
Q61362041,Raust!
Q73735695,Lariat
Q48727566,Menno Singers
Q24933462,El Parto de la Chole
Q2526671,Cardinal Point
Q3482892,Siam Philharmonic Orchestra
Q110795148,Krueger
Q42726441,Mavi Çocuklar
Q121761518,GIRLSPIT
Q17217532,MIDNIGHTSUNS
Q25419581,Banda Kakana
Q25143617,Melodears
Q105282325,
Q3521854,The Micronauts
Q5643748,Halves
Q107271486,Gypsy Kumbia Orchestra
Q117067099,Catie Lausten
Q124881702,The Dukes
Q28812925,Deepend
Q3567992,Wig A Wag
Q3230494,Les Amis d'ta femme
Q121303112,Breakers
Q7732060,The End Band
Q5510741,Future Primitive
Q3349031,Océan
Q31187994,Hi exekutibo
Q1762521,Philharmonia Quartett Berlin
Q48076346,Harmonie Les Bons Vivants
Q239177,Lennon–McCartney
Q107708189,
Q31272421,
Q31189067,Madeleine
Q17485207,Pompeya
Q136445102,Bikini Body
Q131275095,
Q135921119,Active Bird Community
Q130479555,Nicolas Boulerice & Olivier Demers
Q136510664,Magic4
Q18712116,Artificial waves
Q131290586,Johnny Dodds Orchestra
Q4881103,Beijing Angelic Choir
Q129185133,The Decendents of Mike and Phoebe
Q20070550,
Q108953708,IndiaJiva
Q28688502,Element 5
Q123453680,"CCC covenant Choir Kabala Doki Kaduna1 Basilica, Kaduna State"
Q49098704,Dö som en hund
Q3521505,The Ladybirds
Q3224424,Le Maximum Kouette
Q3520976,The Frenchies
Q4027890,
Q65028449,Esperti Project
Q7100268,Orchestre Bella Bella
Q56389451,Pair o’Dice
Q126897735,Soċjetà Mużikali Trinità Qaddisa
Q124656058,Das Cabal
Q3297275,Maska Genetik
Q110627274,Nostrum
Q130425478,The Coronets
Q9192019,
Q61069470,Erokomeri
Q61026120,KleptoMaddox
Q7986930,West Virginia University Mountaineer Marching Band
Q134238597,Bleed
Q9361611,Trio Con Brio
Q135971976,Ahmed
Q9261524,Fornit
Q42424431,S.O.U.L. Purpose
Q104859017,Jigsaw
Q12006222,FiHa
Q10578881,McBrain Damage
Q6947720,Myles and Lenny
Q61364434,Siroka
Q99438394,
Q76512704,Hathor Consort
Q1076614,Chorus Viennensis
Q97959796,Veil of Secrets
Q7292532,Rane
Q11975880,Hot Saints
Q16138600,
Q113076512,Tucktett und die 2 Sybillen
Q112669297,Tao
Q22570085,Mobben
Q10609397,Olympic Lifts
Q3693300,Corale Bilacus
Q1292260,Suhancos
Q12287321,
Q107389502,Jaggery
Q11232338,MUSEMENT
Q6391554,
Q6040774,Karapaks
Q29024709,Nâr
Q20439152,Sonar Bistro
Q9361285,Transylwania
Q4423118,Sweet Sleep
Q19698225,Caibo
Q115353526,Yanghyung Soul Factory
Q20035430,We Draw A
Q139753061,Ailsa Craig Brass Band
Q7729739,The Dentists
Q3160806,Jamali
Q28687044,TWO-nothing
Q6692428,Lovers Electric
Q18245338,Resan
Q9390298,"Zespół Pieśni i Tańca Kortowo"""
Q18163852,Skinflint
Q20858036,The Kings Kids
Q55696158,3unshine
Q6144354,The Definitive NIN
Q107503422,I Madrigalisti di Magliano in Toscana
Q5379948,Ensemble Elyma
Q13090149,Pontanima
Q7716611,The Best
Q11838417,"Zespół Pieśni i Tańca Uniwersytetu Warszawskiego Warszawianka"""
Q12071661,
Q4339508,
Q19585873,The LaFontaines
Q3229148,Leiden
Q12267097,Sarkor
Q2028611,
Q4083090,Two Siberians
Q12260223,Jauzia
Q55990335,Youth brass band Concordia
Q137383773,The New English
Q11276460,
Q3399751,Post Regiment
Q56390272,Bohemian Betyars
Q110094899,Trial
Q9275954,Grass
Q13137547,Ramsk
Q31189108,Hara!
Q106557508,Orde van de Hasseltse Speculaas
Q4053611,
Q10451470,
Q66058008,Stoat
Q3568872,William Pears
Q139762593,Napanee Cornet Band
Q1692889,
Q97277405,Jiluka
Q2589024,The Dead Pop Stars
Q17220930,SAY’S
Q134883791,Ifeye
Q136514448,Platon Karataev
Q10444275,Cayenne
Q7691111,Tea and Symphony
Q10341662,Tom Jobin Youth Orchestra
Q12317186,Honning
Q127700561,Revoulun
Q105389547,
Q3500866,Gorgisheli
Q65091440,ABIRD
Q2556524,
Q104782319,
Q29580437,String Quartet No. 4 (Glass)
Q108635253,New Symphony Orchestra of London
Q130266020,
Q114088545,Middle Distance Runner
Q28688369,
Q1796575,Up with People
Q1593591,Heeresmusikkorps 300
Q104904711,Banda Torroselense Estrela de Alva
Q15804350,DUS-TI
Q26269492,Reichsmusikzug
Q49096040,Quilty
Q137804944,The Henchmen
Q139915619,Six Missing
Q85806941,The Delevantes
Q7744871,The Knobz
Q2549050,Ward 21
Q120335509,
Q10365146,
Q139757355,Vancouver Kitsilano Boys Band
Q11954466,Verd e Blu
Q61375100,
Q107005566,National Opera of New Zealand
Q76943183,Linekraft
Q98641287,Chuck Brown and the Soul Searchers
Q136678162,Stone City Band
Q86001783,Kaleidoskoop
Q20021335,
Q140193422,"The Choir of the Benedictine Abbey, Farnborough"
Q1400923,Tingulli 3nt
Q16633665,Alfa Tica
Q47765126,Harmonie De Oude Garde - Les Vrais Amis Constants
Q7857677,Twelvestep
Q95565438,Deos
Q18712824,Burkina Electric
Q61365505,Drumkopters
Q10593485,Mögel
Q11271580,
Q16412806,
Q1258533,Dresdner Kammerchor
Q16886368,The Vivian Girls
Q9024006,Los Garbanzos
Q18244886,On Axis Recordings
Q8059239,Youth Orchestras of San Antonio
Q105516759,
Q106188977,
Q56374508,
Q9192045,
Q1076617,Chorus sine nomine
Q1192963,Tchaikovsky Symphony Orchestra
Q49098698,Occupy Wall Street
Q2931816,COB
Q124276732,Bad Dog
Q6939845,Murzik
Q31188277,Dientes de Luna
Q2222916,
Q6217162,Johannesburg Philharmonic Orchestra
Q107213098,Columbia Stellar Quartette
Q106417956,Really From
Q16837696,Fraze Gang
Q1646378,No Credit Band
Q11799203,
Q4287528,
Q7972297,Washington State University Cougar Marching Band
Q129746941,Filasteen Young Musicians Orchestra
Q17217112,The Hot Crews
Q134582837,
Q6374003,Kasandrin Glas
Q135431396,Boss
Q7827291,Tortilla Army
Q6059353,Inushiki
Q56283752,"Earth, Wind & Fire Horns"
Q136359636,Raza de Odio
Q17074909,Kundirana
Q131418347,Nusrat Fateh Ali Khan & Party
Q10430378,Bizex-B
Q119398647,The Tikiyaki Orchestra
Q110069562,
Q30325418,Janzi Band
Q110833658,Joan
Q109609583,96 Bitter Beings
Q109469925,
Q110895129,Divertimento Orchestra
Q16842007,Heartland Men's Chorus
Q48817538,Ill Biskits
Q135458550,Isla Lavanda
Q19848676,Invisible Limits
Q9177403,Boogie Chilli
Q122973671,Dea Matrona
Q61750472,Koninklijke Harmonie Heiende Lokeren
Q5283576,Distro Kuomboka
Q117797926,Nordwind
Q3780966,MozART group
Q16823629,Blue in Heaven
Q118904798,The Utopia Strong
Q9641893,Año Cero
Q126192298,Raindancer
Q13015879,Noklae
Q85987356,
Q125212717,
Q12285526,
Q25419818,Jair e Hozana
Q12230624,
Q3828806,Le luci della centrale elettrica
Q122143221,Four Seasons
Q57409603,Road to Jerusalem
Q126093942,
Q57414651,Celadon Candy
Q65035915,Mimon
Q56348214,
Q5420179,Exhaust
Q60823199,
Q121278342,
Q24578990,Dream Junkies
Q109228263,Tsaziken
Q11332916,Fontana Philharmonic Orchestra
Q97180699,
Q107059423,Floweryard
Q7740129,The Honey Drippers
Q65598480,Busface
Q104698713,
Q12327076,Midnight Sun
Q19390482,Stett
Q106203347,
Q10623186,Pennebaker
Q10695533,The Events
Q133496294,Hitachi Symphony Orchestra
Q25471283,
Q49098231,
Q84939478,Les Ceintures Fléchées
Q6435230,Kozhaniy Olen'
Q5788740,
Q65976438,Vortex Campaign
Q3202103,L'Année du rat
Q20106948,La Porta dels Somnis
Q82762019,
Q127684883,The Smubbs
Q110785239,La Nuova Musica
Q9141778,The Afros
Q7883627,Underground Authority
Q31188018,Xaiko
Q6404940,Kids Near Water
Q10595043,Naughty Fiddlers
Q20434816,Belo Platno
Q61053374,SANS
Q121557449,
Q4643688,78th Highlanders (Halifax Citadel) Pipe Band
Q110664620,Paerish
Q110069394,
Q12775115,Ravenarium
Q9363626,Tymon & The Transistors
Q20059471,
Q21086274,The Gramophone Allstars
Q30644441,AudioDamn!
Q7984411,West Bay Opera
Q111715574,Przyjaciele Karpia
Q2315397,
Q555773,Latvian National Opera and Ballet
Q110986396,
Q2472131,Slagwerkgroep Den Haag
Q2583028,Les Synthétistes
Q56345751,Hypnotone
Q30668233,Age of Consent
Q24910539,Quartetto Energie Nove
Q60823401,
Q11231981,MOROHA
Q77972345,Sanalejo
Q20893783,Banda Gaites Conceyu de Siero
Q98437649,
Q113383169,The Pickens Sisters
Q113633335,Sofia Youth Guitar Orchestra
Q6053371,Orquesta Flor de Cuba
Q55466025,Quinteto La Grela
Q105037876,
Q10341652,
Q113634966,Ciccada
Q28008911,Jewish Chamber Orchestra Munich
Q9143114,
Q124250871,Nielslens Lielsliens
Q2807615,13e Section
Q134445666,Chain of Flowers
Q1952203,
Q5594402,Grand Central Band
Q11524163,Tokyo City Philharmonic Orchestra
Q18119214,
Q127694509,Każin Banda San Pawl
Q1933190,Damrakkertjes
Q11957493,Allison
Q1033658,CantAnima
Q131275083,
Q65089387,The Nat Turner Rebellion
Q3205915,Elite Tauren Chieftain
Q97100827,Musikkapelle Suben
Q7737391,The Gothenburg Address
Q48700770,
Q29023721,
Q31200362,Macao Band
Q6065455,
Q24283372,
Q4034941,Beat Devils
Q124167204,Devotion
Q123988329,Enrico Rava Quartet
Q24950549,Mightyfools
Q20017123,Los Martínez
Q22080104,The Mute Gods
Q14773828,Dagilėlis
Q65229536,
Q31188033,D-Pintxos
Q118675036,Süddeutsche Philharmonie
Q1177778,Miskolci Ütősök
Q105967288,
Q60840911,Deva
Q31189066,Dama
Q85966664,
Q7122254,Pacific!
Q117375729,
Q65030135,Rene Zedi Quartett
Q13654793,
Q4050777,Tears of Mankind
Q97174242,
Q65255213,
Q48808117,
Q135992394,Clara Schumann Orchestra Frankfurt
Q3486794,Slow Train
Q907788,
Q9339543,Sonic Trip
Q2614563,CBW
Q10709176,
Q109364581,
Q1682969,Jansa Quartett
Q3554841,Varlin
Q139762654,File Hills Colony Brass Band
Q93737503,
Q55470395,"Trío vocal,"
Q120335709,
Q6886555,Mob Fandango
Q6689424,
Q11716034,Jafia
Q7312817,Rendezvous
Q17123047,Eric Rosenfeld
Q65008007,Wanna Be Jazz
Q5653770,"Academic Choir Tone Tomšič, University of Ljubljana"
Q21010007,Guangzhou Symphony Youth Orchestra
Q96969205,
Q4687464,Aedena Cycle
Q9174293,Blaze of Perdition
Q16189834,Cor Vivaldi – Petits Cantors de Catalunya
Q30314173,Sarah Shook & the Disarmers
Q11251938,Ultra Bide
Q16429412,Johnny and the rest
Q24950749,Il Fondamento
Q10850888,Happiness
Q106189020,
Q10305361,Jararaca & Ratinho
Q16141335,
Q11998927,Røshnes Jazz Band
Q85757293,Dogbreth
Q357077,Adiemus
Q11193795,CRACK THE MARIAN
Q106085554,Katie and Eric of the Whos?
Q2905563,Blacklodge
Q4646792,A'Cappella ExpreSSS
Q19380145,
Q114033388,
Q10481776,Ellen B
Q930494,Quartetto Italiano
Q61115047,Halychyna
Q116954634,Zack & Geebah
Q97162173,
Q105450376,
Q7833383,Trancesetters
Q12047870,Pěvecké sdružení severočeských učitelů
Q113815861,
Q1642522,Koeckert-Quartett
Q53476750,CROW
Q2304302,
Q29861444,
Q104904734,
Q12136023,Opalnyi Prynz
Q7131230,Panjabi Hit Squad
Q130363436,Duo Boulerice-Demers
Q100385095,Serious Young Insects
Q85808920,The Zangwills
Q123737550,Octopus Ride
Q125157176,The Cornshed Sisters
Q598715,Sinfonia Varsovia
Q122926879,Les Vendeurs d'enclumes
Q49097819,The Magnettes
Q84358759,En Attendant Ana
Q139887554,Mallrat
Q4043268,
Q114231642,Babehoven
Q117847989,
Q114658514,After Dark
Q85804398,Svyazi
Q10719492,Webstrarna
Q4907356,Bike for Three!
Q20065509,KEtO
Q31277609,Solare
Q108569943,The Sound Stylistics
Q16575623,Maxim
Q3693829,
Q1474941,
Q2873047,Autour de Lucie
Q105637068,
Q137196160,Icelandic National Opera
Q19389726,Sordal
Q12350957,Kvaropo Sinkopo
Q18625875,Tallinn Boys' Choir
Q1680759,Rokeri s Moravu
Q5298714,Dorp
Q12005212,
Q62669047,
Q87981308,Ankhagram
Q138529580,The Chalkeaters
Q16489459,
Q5002934,Butterfly Explosion
Q3187254,Joyeux Urbains
Q64518,Angelzoom
Q3886161,Orquesta El Arranque
Q115804012,Blue Lab Beats
Q12190941,
Q12734689,Corul Madrigal
Q3489542,Solo Dos
Q11968220,
Q3603932,Accademia Filarmonica Romana
Q39059369,Rushk
Q2307996,spasm band
Q1980649,Bohemian Quartet
Q124425877,The Now
Q9174154,Blackwolf
Q132595533,DeserTGirlz
Q116060835,ZAA
Q7198006,Pirin Folk Ensemble
Q105105784,
Q7100245,Orchestra Mozart
Q18745285,La Légende du roi Arthur
Q13744988,Koninklijk Fanfarekorps Wilhelmina
Q115270414,Li troubaires de Coumboscuro
Q109592363,Via Romen
Q130265719,Apartel
Q61108463,
Q103867781,Ertan & İsrafil
Q17326639,Trio Enescu
Q11963212,Carnivora
Q24838188,
Q115179184,Lóci játszik
Q27817242,Tape Deck Mountain
Q1614016,
Q6411038,King's Own Band
Q6011037,In Trance 95
Q3054863,Ensemble baroque de Limoges
Q136399958,W.I.T.
Q3090092,Fingal
Q4044668,Musica Petropolitana
Q65455704,Flo & Joan
Q17631683,Estudio Coral de Buenos Aires
Q12956066,"Ah, Ahilej"
Q12218540,
Q106489697,Night of Suicide
Q28678896,Playground
Q12752610,Karne
Q55654611,Kyiv Academic Municipal Wind Orchestra
Q28154207,Les Sultans
Q69072887,
Q10868981,YuFeiMen
Q9357895,The Coffin Caddies
Q13024286,
Q132763131,University College of North Wales. Royal Choir
Q16362829,Lādezers
Q135997447,
Q50809907,
Q139762651,Stanstead Cornet Band
Q107062590,Bagira
Q11774657,Destroyself
Q126119707,Reborn
Q122969764,
Q3600089,
Q97365226,
Q126368603,Shed Theory
Q17177135,
Q110260012,Terry Lightfoot's Jazzmen
Q7641887,Supafloss
Q106928664,The Neats
Q16845923,Hyderabad Brothers
Q106907786,Red Rose Tea Chimps
Q122920401,Graun family
Q130485356,
Q11878971,Ensemble Opera Diversa
Q120335611,
Q138828673,Coma
Q65231582,STAND BACK
Q123030062,
Q136388607,Christchurch Youth Orchestra
Q10611230,Orcustus
Q25668168,The Bungalows
Q55636971,Varials
Q110895153,London Symphonia
Q62571185,The Reklaws
Q41903748,The Newton Brothers
Q65295383,
Q109539658,Dazey and the Scouts
Q4392155,Redkaya ptica
Q3693879,Voci Roveretane
Q4816051,Atlanta CorpsVets
Q65255479,
Q7303129,Recs of the flesh
Q85802157,Soul Merchants
Q107342359,NSG
Q7360900,Roll The Dice
Q9672978,Cais de Veludo
Q47757756,Zangmaatschappij De Ware Werklieden
Q104919033,
Q20438194,Hazari (musical group)
Q50808691,Amiri and Rahiem Taylor
Q12324903,Lost Kids
Q122841183,Mysterium Mysteria
Q63208523,
Q28455594,Ardú Vocal Ensemble
Q5099334,Chimei Philharmonic Orchestra
Q31200554,Terra Tenebrosa
Q55466216,Los Caballeros del Tango
Q4655222,AYA
Q65238274,Holding Absence
Q136695943,Miyazaki City Philharmonic Orchestra
Q111678293,Orquesta Filarmónica de Sonora
Q19384805,
Q49054388,Monstar
Q110069644,
Q4834342,B.l.o.w.
Q28451442,Down Among the Dead Men
Q22907475,Control Freq
Q7012118,New Torpedos
Q60787557,Naked Giants
Q94562031,Serpent
Q122927023,Trio Musica Humana
Q6926929,Movietone
Q58631861,Forss
Q65167398,
Q26211472,Kandara Band
Q139854426,Love Rarely
Q2885483,The Blues Busters
Q61404174,
Q16722743,
Q132600298,Lapsuceur
Q137585142,
Q12279791,
Q120335665,Klang Ruler
Q30916006,Urpi Barco
Q96699246,Nocturnalia
Q106418940,Aiaiym
Q42422213,Orquestra de Cambra Teatre Lliure
Q3151438,Inocculta
Q19372196,
Q105492402,
Q11914384,
Q12644290,Vis Mladi
Q21679189,
Q111810155,
Q124423293,
Q1233608,The Electric Church
Q12049793,Rosemaid
Q2972172,Chœurs du Nouveau Monde
Q115801769,X3
Q28805858,Xtra
Q7409002,Åge Aleksandersen og Sambandet
Q79420682,De Ruts
Q16747993,Amati-Ensemble München
Q1593585,Army Band Hannover
Q1799860,Gaither Homecoming
Q116764045,Harria
Q7728141,The Crocodiles
Q1713881,Suhler Knabenchor
Q65032383,Zatar
Q3098655,Garzon y Collazos
Q12790290,
Q4320671,Nikolay Kopernik
Q7308399,Regimental Pipes and Drums of The Calgary Highlanders
Q904295,J-Friends
Q114830252,Witch Fever
Q109414239,State Choir of the Republic of Abkhazia
Q12003601,Strapfkernerator
Q55468384,"Orquesta Símbolo ""Osmar Maderna"""
Q4967940,Brigyn
Q10501872,Gaby and the Guns
Q8042847,Xalam
Q7249483,Projecto Vocal
Q6092548,State Choir Türkiye
Q7021658,Neïmo
Q6466927,Ban-Žvirba
Q11303949,
Q111715558,Przyjaciele Karpia
Q20684127,Glassglue
Q110269436,Sloppy Jane
Q5016182,Cactus World News
Q4419934,Kyushu Symphony Orchestra
Q4579703,Grex Vocalis
Q48724436,Anuprastha
Q7590870,St. Olaf Band
Q106150144,CLASSMATE
Q7076220,Oceanlane
Q25458575,Gyöngyhalász latin zenekar
Q7191389,Pieces
Q105638574,Hololive China
Q121009634,The Lovebullies
Q56308216,
Q9192032,
Q18243635,Last Lynx
Q20857942,Foreknown
Q140200911,Schola Trunchiniensis
Q104718112,
Q55712087,
Q3006371,Crëche
Q10690234,Talk of the Town
Q2459813,ICTUS
Q136384926,Grohman Orchestra
Q5464978,Fonda 500
Q85877656,
Q10682464,Stures Dansorkester
Q18960253,Akaga
Q11280240,
Q26001148,
Q2639742,Vinken Zusjes
Q20103866,Bonobos
Q3220041,Lazarperry
Q10889810,Awaking
Q31782736,God Mother
Q30937828,NALU-SEE☆
Q13020475,A.S. Friday (musical band)
Q24957334,The Thirsty Crows
Q88331549,
Q4986860,Bukidnon State University Chorale
Q7759135,The R's
Q1254833,The Little Singers of Paris
Q10341776,Orquestra do Algarve
Q11989448,Miksha
Q11688041,Big Warsaw Band
Q11684552,Af40
Q5898642,Hooster
Q21546061,Treblinka
Q16154472,Awaz
Q3984797,Terroritmo
Q105616759,We Are the Union
Q4888219,Vallès Symphony Orchestra
Q6070534,Irish Baroque Orchestra
Q120646202,Lou Calèu
Q61403118,Mainor
Q104086600,Ray Cathode
Q19710594,
Q11344378,
Q3403191,Prime Sinister
Q108870315,KillerWhale
Q16427523,Stjörnukisi
Q61107937,
Q13571070,Davy Jr. & Guess Who?
Q2901623,Bicho de 7 Cabeças
Q13013873,
Q4043630,Majestic Downfall
Q50182252,
Q16949236,Louisville Youth Orchestra
Q20066916,Dosch
Q4161028,Dialog
Q104906210,
Q11460063,
Q9168577,Bemibem
Q12018089,Gattch
Q3693809,Ildebrando Pizzetti choir
Q99610974,Bavarian Chamber Philarmonic Orchestra
Q137003900,Jade
Q18234056,Athens Youth Symphonic Orchestra
Q60785651,Skull
Q135069417,Bordkapelle Akkermann
Q111140648,chœur de la paroisse Saint-Séraphin-de-Sarov
Q3535789,Tout simplement noir
Q25469331,
Q9299670,Vunk
Q11942202,Coral Polifonica de Puig Reig
Q565033,Musica Antiqua Köln
Q22931809,Armida Quartett
Q12784058,
Q47768638,Fanfare Orphee
Q116236938,Australes
Q104865379,Human Impact
Q16957734,Nexxus
Q7123130,Pacto Entre Castellanos
Q110270433,Rofu
Q137391652,
Q56345710,SPACE BOYS
Q546081,Aniada a Noar
Q59309849,Banda Musicale di San Lorenzo e Dorsino
Q5270467,Dial M for Murder!
Q65028489,Peter Reber & Nina
Q126489256,Olympic Sideburns
Q123255229,
Q20444716,
Q31189015,Kometa
Q16351137,Albanian Radio Television Symphony Orchestra
Q110880366,death's dynamic shroud
Q11331649,
Q16524032,
Q133804607,Boğaziçi Jazz Choir
Q29829850,The British North American Act
Q18110671,Mary see the future
Q16873110,Mr. lab!
Q17228981,SOLIDEMO
Q16620606,Venegoni & Co
Q104681863,Machete Bomb
Q12058847,The Pant
Q126478402,Outline
Q24459597,Kandráčovci
Q137998183,The Pirates
Q12141927,
Q130224975,Air Transport Command
Q65255288,
Q10671442,Slaktattack
Q114083074,JFFT
Q26265933,Abyssian Desolation
Q25468984,
Q31188237,Kasernarat
Q114397808,
Q24933371,I The Breather
Q65243183,
Q3571880,Yargo
Q16885913,Strained tendon
Q7097944,Ophiolatry
Q138736253,Toxic Moxie
Q2495504,Cuarteto Tincho
Q60964683,Choeur tac-til
Q12784056,Akademska folklorna skupina France Marolt
Q124416444,
Q3570447,XVIII-21 - Le Baroque Nomade
Q3306979,Messaline
Q109469921,
Q31837661,Liechtenstein Symphony Orchestra
Q3280478,Majestic
Q104248017,Trakia Folklore Ensemble
Q51529060,Los Baliardos
Q134723755,Chaos in the CBD
Q1713407,
Q7617741,StoRMChaser
Q113554966,Spell Songs
Q122926896,Recoveco
Q113076489,Regenbogenchor München
Q130335693,
Q6217172,Johannesburg Youth Orchestra
Q126928016,Għaqda Banda Żejtun
Q1800504,
Q65255204,
Q58806648,CΔT
Q3484015,Silverbullit
Q3326898,Movaizhaleine
Q139762633,Great George Street Brass Band
Q6009834,Thea & Friends
Q16239717,Grandadbob
Q61364760,Candidato Manchú
Q119938190,
Q135729414,
Q11243008,SGガールズ
Q20685812,34th Infantry Division Band
Q12063219,
Q25052950,Imam Baildi
Q16675860,Scorpion Violente
Q7281471,Radnička Kontrola
Q120266710,Orchestre philharmonique de l'ORTF
Q11796251,Odpust Zupełny
Q10714500,Vertavo String Quartet
Q110895131,Durham Chamber Orchestra
Q6275691,Jonnie and Brookie
Q16950448,Mandarins Drum and Bugle Corps
Q6936137,Municipal Band of Allentown
Q24234015,Cashless Society
Q4861155,Barley Bree
Q2939656,Carmina Slovenica
Q6732007,Magnormos
Q25211946,Macbeth
Q25203881,Field Mouse
Q99719376,The Rhondda Welsh Male Choir
Q7750185,The Manhattan Love Suicides
Q12258909,Harrika
Q19398679,White Lord Jesus
Q106368892,TIP Korosu
Q19963416,Pastoral Symphony
Q104887206,
Q19389690,Son Mu
Q97208619,Heľenine oči
Q9167383,Batyskaf
Q11250844,The Ripple
Q11234699,NERDHEAD
Q55625507,Note-oriety
Q11962738,
Q10401419,
Q109238009,The Belligerents
Q2007037,
Q19968029,
Q104819366,
Q118560826,Charm Offensive
Q133854306,
Q106545340,
Q106928613,Pastiche
Q65244584,Rymden
Q110069371,
Q3535732,Drastique
Q7442146,Seattle Opera
Q22126074,GOUPIL AND C
Q6039508,
Q6097938,İncesaz
Q136805391,Ishmael Ensemble
Q39042957,
Q113549032,Culture Shock
Q60996303,
Q9191999,
Q7602394,Starseed
Q11919787,
Q119683147,Brooklyn Duo
Q70278516,Dem 2
Q6352738,Kalima
Q3501119,Stump
Q97516012,Boy Scouts
Q15130705,Städtische Bühnen Frankfurt
Q12183045,Eskendrella Band
Q3054856,
Q11234753,NEVER LAND
Q131955701,Kitshickers
Q20898672,
Q11705272,Weltklang
Q11915590,
Q96152184,
Q11004947,Kaya
Q907570,Bremer Domchor
Q98413007,
Q31188073,Nahixan
Q10550181,Kungers
Q19876372,Rival State
Q92174208,Chronus
Q4901973,Bhoomi
Q135003053,Roksolana band
Q5062138,Central Processing Unit
Q139762527,Winnipeg Sewerman's Brass Band
Q16827615,Common Grackle
Q10662276,Say Colour
Q17011154,Sandefjord Girls Choir
Q113076453,DonnAcappella
Q15408597,Twilight of the Gods
Q10706947,Two sheds
Q31188068,Adi Holden
Q25400763,Heath Hunter & The Pleasure Company
Q16961259,Los Angeles Junior Philharmonic Orchestra
Q13014607,
Q1824665,
Q25446054,
Q1111246,
Q16946795,Shleu-Shleu
Q128712663,I Virtuosi Italiani
Q10613524,Outlast
Q10664470,Scotch Greens
Q5060411,Central Band of the Royal British Legion
Q8042852,Xalapa Symphony Orchestra
Q60790900,Central Band of the Moldovan Border Police
Q7265408,QDT
Q16422032,Buttercup
Q113126555,Mccoy Tyner Trio
Q11293272,Autumn Leaf Orchestra
Q110069441,
Q55639348,Bonjay
Q130729276,Doğuş Çocuk Senfoni Orkestrası
Q25021827,Big Virginia Sky
Q1260641,Electro Team
Q5049316,Cassette
Q4811396,Astreal
Q20525040,Dioniz
Q7169571,"Perpis-Fall Music, Inc."
Q10501220,
Q11718101,Jan Kowalski
Q20522905,Chilli Space
Q71610402,Cyberstar
Q23905835,Bohém Ragtime Jazz Band
Q104817370,
Q7896733,University of the Philippines Concert Chorus
Q65218853,The Middletonz
Q12112724,
Q139659433,
Q60990269,Four Coins
Q10510796,
Q126589180,Suckercrush
Q12289882,Пантерите
Q19380858,Magnolia Jazz Quartet
Q3331363,Symphony Orchestra of the Gran Teatre del Liceu
Q7620109,Storm Bugs
Q49166873,Lauge & Baba Gnohm
Q22096418,Stanford Fleet Street Singers
Q11297942,
Q10882957,
Q104783206,
Q104906681,
Q61361754,Tenpora
Q137369678,
Q15848010,Soulful Brothers
Q12158731,
Q97177539,
Q136995345,An Abstract Illusion
Q15053528,Mother and the Addicts
Q24232968,Rouen Philharmonic Orchestra
Q98518140,deepsix
Q85884179,
Q134692662,
Q22080945,Ratbot
Q3410225,Psytronix
Q4146753,State Academic Symphony Orchestra of the Republic of Kazakhstan
Q12262601,Los Cretinos
Q12644291,VIS Pirati
Q4463135,Grieg Trio
Q25184989,Bantu
Q126456581,"Niederländisches Künstler-Lexikon, vol. 2"
Q24941929,Zetenwupe
Q136994545,
Q4866028,Barylli Quartet
Q55469422,Los Poetas del Tango
Q13137815,Sije
Q248478,Zurich Chamber Orchestra
Q5604596,Greenthink
Q11243565,SLANG
Q111285940,
Q106928150,Bad Mother Seed
Q125157552,The Saddle Tramps
Q16116428,Gardens of Hiroshima
Q24946118,Ballady i Romanse
Q10846790,
Q10600365,Newtone
Q131275134,
Q28715736,
Q2519414,Concertgebouw Chamber Orchestra
Q105759868,
Q3657730,Cappella musicale di San Petronio
Q7198825,Pitch Black
Q3821114,
Q105425063,Leisure
Q11199208,Flea Market
Q113436721,Domi and JD Beck
Q20970328,Pippis
Q17104089,Roadstar
Q4875117,
Q11228254,KUMACHI
Q3147627,Icewind Blast
Q122925966,Muhlenberg Treble Ensemble
Q115330060,Chatuye
Q134053346,Detsky Sad
Q125177280,Secret Frequency Crew
Q4764077,Angus Bucks
Q9368976,Vivat
Q71166263,T.A.C.O.
Q29469001,Free Cake for Every Creature
Q96217021,Dublin Orchestral Society
Q134732272,
Q138767873,ØKSE
Q9290891,Hiatus
Q7721546,The Cash Brothers
Q106930539,The Matweeds
Q7764715,The Skys
Q5877456,Hohak Band
Q11780552,Miguel and the Living Dead
Q136295903,Nagato Miho Opera Company
Q120762409,Crayola Eyes
Q20520928,Pihalni orkester Kapele
Q18648260,
Q12644474,
Q106419020,Nuoraid Lávdi
Q105296343,Joneser
Q113076472,Lustschrei Düsseldorf
Q15715405,
Q102248142,
Q20621386,Tarira
Q137455932,Kona Beats
Q138034665,
Q61363343,Soñadores Natos
Q125582862,
Q139781267,
Q4203164,
Q74777191,Quatuor Hanson
Q2996317,Prague Symphony Orchestra
Q19612847,Rave The Reqviem
Q111728529,Anthems of Isolation
Q10424164,Backfish
Q114799821,
Q16423317,Nýdönsk
Q18399313,The Re-Stoned
Q1671620,Osttiroler Viergesang
Q20606287,
Q124060882,More Tyme
Q4038468,Extrovert
Q17023677,Elephant Gym
Q89996616,
Q7753950,The Next Band
Q3234278,Les Nubians
Q2369632,Netherlands Radio Chamber Philharmonic
Q65013043,Dadotratto
Q12960053,Stuttgart Online
Q11313744,Super+Sritt
Q20012408,The Remission Flow
Q104862277,RPM
Q136401451,The GroovaLottos
Q108440954,Marsh Family
Q61107927,
Q653885,Lyric Opera of Chicago
Q55606454,Callers
Q17711781,
Q564918,Dresdner Kreuzchor
Q19900519,Kaya
Q1604648,
Q61362727,Adi!
Q99518219,Deliverance Echoes
Q10704778,Troendegruppen
Q136568249,Malagon Sisters
Q130070880,Keene Brothers
Q4300814,
Q131703568,Noori and his Dorpa Band
Q11664374,
Q10549584,Krunch
Q4924483,So Cool
Q4690177,Afro-Cubans
Q24933254,Der Noir
Q4411401,Psysex
Q7968931,Ward
Q138939772,Abandoned By Bears
Q110830486,The Singing Knights
Q135916181,Sharpie Smile
Q15816276,Pyopoesy
Q65013109,Jetlakes
Q20035214,Chonabibe
Q10658597,Rå
Q14324193,Military band Banská Bystrica
Q2348892,Only Boys Aloud
Q131701783,
Q25640334,Oete Waeg
Q12035939,Martinů Voices
Q11228300,KYAS
Q12622128,Gunpo Prime Philharmonic Orchestra
Q120335746,
Q3569795,Wonderspleen
Q125177128,The Je Ne Sais Quoi
Q24935588,6th continent
Q25461207,Di Luna Blues Band
Q85966372,
Q117065525,Shiranui Construction
Q4980900,Bryn Mawr Mainliners
Q91624282,
Q6372466,Karlakórinn Heimir
Q20065722,
Q123111578,Oriental Brothers International
Q109316611,
Q20074201,
Q113076493,Rosa Note
Q2381722,Südwestdeutsche Philharmonie Konstanz
Q124814284,Without Warning
Q4636551,3 The Hard Way
Q31188468,Los Bichos
Q11248843,THE HOMESICKS
Q20685627,The Southern Blacklist
Q26868405,
Q120335572,
Q19727715,Kiai Kanjeng
Q31191133,
Q21031028,Qubicon
Q101078539,Tomasz Stańko Quintet
Q65015442,Dennis And The New Rhythm Kings
Q7645057,Supreme Majesty
Q9646015,
Q11249135,THE WALLS
Q12521232,The Civil Wears Monza
Q136443761,UN Symphony Orchestra
Q137795263,Neshama Choir
Q7712282,The Act
Q10857230,zakázanÝovoce
Q10939276,
Q5557436,Ghosts of Modern Man
Q7721801,The Cecilia Chorus of New York
Q12475471,Be5t
Q4053263,
Q16909412,Quartetto Ritmo
Q1294666,
Q124372646,Cocoloco
Q10418109,Armaggedon
Q12960265,
Q122926894,Photo
Q17227164,Nanamori-Chu☆Goraku-Bu
Q5886314,Holy Toledos
Q57778749,Decaturettes
Q2026103,
Q2183145,Kore
Q110895134,Edmonton Philharmonic Orchestra
Q27817487,Your Chance to Die
Q113004516,WSG Wannabe
Q12267935,The Fridays Crew
Q111589602,
Q1514967,
Q10401415,Adolf Fredriks gosskör
Q1288092,Ensemble für neue Musik Zürich
Q18238274,Dalapolisens spelmän
Q96419593,Undressd
Q11304050,Psyche Origami
Q11991819,
Q7489473,Shards of Ice
Q48697888,Ladyvette
Q12470242,22 Cats
Q138297096,
Q104650572,Social Decay
Q12075491,
Q10260460,Choir of the Abel Salazar Institute of Biomedical Sciences of the University of Porto
Q12892495,Kreyol La
Q138027794,DK X Seungkwan
Q97162150,
Q1205638,Deutsches Filmorchester Babelsberg
Q20107159,Strombers
Q16116056,Frontalni udar
Q16351358,
Q27817119,Wytch Hazel
Q137885963,Strong Deformity
Q2588103,
Q16963170,Troglodyt
Q135682859,
Q12259994,Izotz
Q12267296,Sen
Q106835341,Wellington City Opera
Q3540798,Trotskids
Q110895199,Symphony 21
Q3554797,Variety Lab
Q850279,Betty Big Boom Band
Q123022983,
Q2150509,
Q117005821,L.A. Edwards
Q16543375,
Q137426698,The Survivors Gospel Choir
Q30597737,Tallgrass
Q1210712,The 12 cellists of the Berlin Philharmonic
Q15794118,Wiener Hofburgkapelle. Choralschola
Q2883304,Orquesta Sinfónica de Yucatán
Q124497019,
Q105721096,Byzantion
Q16351318,Dirty Loops
Q85965575,
Q97674158,
Q3576385,Zydeco Dots
Q130146821,New Trio
Q10695880,The Virtues
Q3694032,Corpo filarmonico Giovanni Rinaldi
Q104919328,
Q65229903,N.C.B.B
Q10342051,Os Ostras
Q104794048,
Q114704058,Taberna ibiltaria
Q4709552,Alberni Quartet
Q16924183,Hong Kong Symphony Orchestra
Q136023931,Malpas
Q123053233,Iri Hyangje Julpungnyu
Q7738928,The Harp Consort
Q123739230,O'Hara
Q6449897,KwaZulu-Natal Youth Choir
Q3235312,Les Saphirs
Q10539002,Jaffa De Luxe
Q24348020,Sníh na schodišti
Q1945706,
Q10359418,Renderfly
Q798043,Bonner Bach-Gemeinschaft
Q90550847,LIME
Q12371033,
Q13024573,Klerm Band
Q1877421,Lund Chamber Choir
Q11562836,Wataonioyajiband
Q104783328,
Q7163523,Pennsport
Q65117232,Ruby Bones
Q111589529,Orquesta Sinfónica de Aguascalientes
Q1626855,Honey Twins
Q1377647,Team Shanghai Alice
Q10719625,Werkstadt
Q47460740,Tristesse Contemporaine
Q107603422,
Q31198273,Mayberian Sanskülotts
Q5434518,Far Canals
Q6979513,National Youth Orchestra of Scotland
Q23863216,Chris Minh Doky Quartet
Q55557049,Stahlquartett
Q57830619,4-Star Collection
Q82309155,Psycho Choir
Q16695412,Svobodnyj polyot
Q31273532,
Q55632168,Rīgas Modes
Q125160936,Tokyo Black Star
Q17021926,Thousand Hours
Q121816970,
Q11240687,RED
Q30887601,
Q3341445,Nigui Saff K-Dance
Q1641254,Waldspitzbuben
Q5371144,Emil & the Warmlanders
Q25622142,Mater Matuta
Q28497814,Alain Pire Expérience
Q110895192,Sooke Philharmonic Orchestra and Chorus
Q11790196,Nauka o Gównie
Q2616047,Leuven University Choir
Q4052354,Umoya
Q111944289,Cat & Calmell
Q11200644,F・MAP
Q2153371,Rinder & Lewis
Q125912989,Camping in Alaska
Q139762541,Shearstown Brass Band
Q48772089,Buttering Trio
Q99617864,Manécanterie des Sables
Q2077796,Terem Quartet
Q102281356,Orchestra del Teatro La Fenice
Q2071573,Etna Kontrabande
Q47765467,Liberale Harmonie
Q22130784,
Q84053598,Van Talk
Q55528973,
Q12784065,Academic choir of University of Primorska
Q25463026,
Q3352159,On The House
Q7507558,Sick Animation
Q68453743,
Q18423411,Bianco Fiore
Q2538314,Thunderball
Q124497038,
Q140044225,Motor City Brass Band
Q5305694,Drama
Q104776597,
Q7774999,The Williamson Brothers
Q104558842,Musae
Q3523099,The Trouble Men
Q124362457,Fatala
Q10610459,OperaNoire
Q13034431,Broers
Q9182400,Bustafunk
Q20607618,Hamzamrim
Q55469024,"Opus Cuatro,"
Q106598041,The Eagles
Q1163547,Early Music Consort
Q2412342,The Krauts
Q110895164,Oakville Symphony
Q2093046,
Q13048762,
Q7681774,Tampereen akateeminen sinfoniaorkesteri
Q1189396,The High Kings
Q13025442,1011
Q1077965,Hello! Project shuffle unit
Q6979512,National Youth Orchestra
Q121725857,Phion Symphony Orchestra
Q7718876,The Bluehorses
Q20520968,Pihalni orkester Rokava Marezige
Q84939481,The Common Folk
Q28407341,Loud Lucy
Q3486788,Slow Joe & The Ginger Accident
Q22122621,Afaktor
Q10478751,E.T.K.
Q4672623,Accidents Never Happen
Q12071580,
Q4146933,Novaya Rossiya State Symphony Orchestra
Q109362743,
Q104531267,
Q22031544,Land
Q110990854,Bomzh
Q6020167,Modelo para Armar
Q138391362,
Q62018276,Gettoblaster
Q137456061,AIC Tabora Town Choir
Q5406699,The Defaced
Q3493560,Spirit of John Morgan
Q25689067,Estereocéano
Q140263363,Man/Woman/Chainsaw
Q31188275,Sueder
Q69104750,Blackshaw Brothers
Q106391105,Arise Roots
Q552247,Philharmonisches Staatsorchester Hamburg
Q7661633,Symphony Orchestra of Sri Lanka
Q109373931,A1 x J1
Q8077346,Æter
Q5254899,Delusion Squared
Q12256615,Ekiozu
Q136396738,Santa Rosa Symphony
Q109364946,
Q15052652,British Theatre
Q2794828,
Q56400638,El Oso Yonki
Q137486231,More Star
Q11716285,Jakarta
Q2982722,Collapse
Q5741906,Camerata Bach
Q140106482,Hiipe Princess
Q48749010,WILD FLAG
Q121841358,Deathcat
Q4120039,Iraqi National Symphony Orchestra
Q7746369,The Launderettes
Q7408969,Samba Squad
Q124624213,Crome Syrcus
Q1820559,Les Légions Noires
Q55002269,Schola Cantorum of New York
Q1289185,Skafunderz
Q106298078,
Q22125589,Hanuman
Q19968265,Royal Tilburg Male Choir of Saint Caecilia
Q7113802,Overload
Q120335711,
Q18287981,Pfarr-Cäcilien-Verein Kottenheim
Q12256556,Egurra Ta Kitto
Q134707506,
Q3693817,
Q5509514,Fureai
Q31188077,Aizkorak Zorroztu
Q3334413,Shahin and Sepehr
Q107969803,Satellite Mode
Q65238220,
Q7580074,Spotlight Kid
Q10268212,Don & Juan
Q115627101,Mr Lengs
Q15846731,Schubert-Chor Temeswar
Q31292359,
Q117199161,Banda de Música de Leioa
Q109689449,Blasorchester Essen/Oldb.
Q119131212,Loud LDN
Q17217099,Tasty Jam
Q3199951,Krozal
Q28452877,The Company
Q1217512,Die Westfälischen Nachtigallen
Q25203568,Teen Angels
Q4298980,Moby Dick
Q124878894,MORE MORE JUMP!
Q25483676,
Q16841694,Havnatt
Q12803002,Slovenski kvintet trobil
Q16421481,
Q4031537,48May
Q6659298,Living Strings
Q9378011,Vołosi
Q114956668,
Q137394713,
Q3493065,Royal Marechaussee Orchestra
Q30639568,The Hooten Hallers
Q17383325,Madrigal de Luxembourg
Q65255442,
Q5171007,
Q136374597,Symfonieorkest Avanti Maastricht
Q7751359,The Mighty Fishers
Q7598776,Stanford Mendicants
Q109469931,
Q4463515,
Q3359197,Ozan Trio
Q28919212,X NINE
Q3539729,Triumviro
Q15914829,
Q21050674,Resplandor
Q1076634,
Q11967566,Englebarn
Q12335508,Skalar
Q16329405,
Q55830695,Larrua Truk
Q10846713,COLOR BAND
Q4227238,
Q60855366,
Q12345353,Asorti
Q131549692,Yesness
Q20623770,Rockploech Spul
Q3062061,Exp
Q140265371,.TJ.
Q7749171,The Luke & Duane Show
Q61108028,
Q1764817,Musicorba
Q11243521,Skin
Q7669924,TEAM
Q138390969,Underhållningsorkestern
Q61123241,
Q117254267,SunKissed Lola
Q7029966,Mercedes-Benz Band
Q2243449,Schonbrunn Palace Orchestra Vienna
Q7523859,Single Gun Theory
Q110399110,Imrianna Jones
Q12894852,Nucleus Roots
Q2876582,Dogs Die in Hot Cars
Q11306495,
Q7205580,Plus-minus ensemble
Q116875959,
Q116462914,Morthound
Q11190117,Akino
Q120335613,
Q16489626,Amazonas Baroque Ensemble
Q4211520,Pforzheim Chamber Orchestra
Q708556,Pochonbo Electronic Ensemble
Q104903378,
Q12400496,
Q2972153,Chœur Jedinstvo
Q11785248,Monopol
Q61062534,
Q5658496,Zeke and the Popo
Q97658729,
Q3566173,Wanted posse
Q12272370,
Q121604646,Sonar Kollektiv Orchester
Q31186969,
Q7969540,Warm Dust
Q130388299,Baschützer Blasmusikanten
Q7755779,The Oxfam Glamour Models
Q65029975,Manhattan J C
Q60850219,
Q12072566,Stinx
Q19716069,Orquestra Nacional Clàssica d'Andorra
Q23530854,
Q110555068,Breslov Bar Band
Q12279347,
Q4376823,Presidential Band of the Russian Federation
Q23306970,
Q7564641,Sound
Q10674547,Speaker
Q10669493,Sjön suger
Q10720785,X Models
Q3410993,Purulent Excretor
Q3051446,Ellerhein
Q7801952,Tikkle Me
Q48700642,Hell
Q136680232,Aizu Civic Orchestra
Q4483737,
Q30596024,Sun King Warriors
Q12098362,HulyaiHorod
Q485368,E-Tribe
Q116765722,Hockeykören
Q16873322,Prairie View Co-eds
Q85812770,Vanilla Chainsaws
Q118212838,Two Tigers
Q56300466,
Q5298123,Sir Yes Sir
Q10600566,Nidhöggs Vrede
Q85792335,Parvaaz
Q39049087,SWIDT
Q130372770,Nekra
Q4499845,
Q123326445,I.P.A.
Q123143702,Sparkle Division
Q10590671,
Q131534668,English National Opera Orchestra
Q96181235,
Q19706249,Duo Gisbranco
Q4796343,Arsames
Q11402219,Philharmonische Orchester Vorpommern
Q81228248,Kids Like Us
Q104775736,
Q85966011,
Q56274789,Baksey Cham Krong
Q3342775,Noisy Fate
Q65245822,The Ninth Wave
Q57830597,All-Star Jubilee
Q5461238,Florida Boys
Q12154944,
Q7774379,The Wheat Pool
Q4038988,
Q11954046,Llíria's Musical Union
Q12896070,Reggae Regulars
Q130128070,Wallowing
Q9339542,Sonic Division
Q4827176,Autumn Poison
Q20106364,Falsterbo 3
Q7194172,Pilli Bebek
Q2462323,Twinnies
Q107005468,Auckland Metropolitan Opera
Q116737877,
Q10559640,Les Jolies
Q106929682,King Moon Razor
Q15965676,Sangue Mostro
Q130240179,Groupe RTD
Q25212714,Buck N' Nice
Q1499712,Gelius Trio
Q55641045,Members Only
Q21001756,Arranquemos del Invierno
Q20684083,Fear God
Q123630805,Chrysalis
Q104879313,Mamalarky
Q6907709,Moondog One
Q7749237,The Lysergic Suite
Q14301805,Cthulhu Rise
Q137455942,Oko Music
Q28163725,The Secrets
Q11711955,Impuls
Q18245155,Pop Workshop
Q105333958,
Q11740640,Kochankowie Gwiezdnych Przestrzeni
Q12690940,
Q21426161,Sens unique
Q12253723,Apartheid hil
Q12620712,
Q124061106,
Q5249065,December streets
Q60969404,
Q31182451,
Q137375834,
Q17103611,The Cinema Story
Q131445836,Nasty Crew
Q63208491,
Q11935441,Votchi
Q104590567,Ensign Symphony & Chorus
Q110069404,
Q24204397,Naomi Shelton & the Gospel Queens
Q1157874,Dale Wilde Band
Q117826124,
Q110895163,Oakville Chamber Orchestra
Q136786173,First Time Flyers
Q1957489,Märtini Brös
Q129437865,Sechile Sedare
Q65255198,
Q140017356,Triangle Gay Men’s Chorus
Q4899758,Bewized
Q24962831,Gary Toms Empire
Q698204,Aron Quartett
Q16430441,Wormlust
Q10397264,2 Mental
Q7713166,The Alley Cats
Q105064228,
Q139762588,Listowel Brass Band
Q2111246,
Q126720888,Tempt
Q12322703,Kopiband
Q12255138,
Q136432199,Saint Tropez
Q84939499,The Dildine Family
Q124459072,The Snowmen
Q6271801,Jon and Lee & The Checkmates
Q85813252,Violent Reaction
Q115813322,Kris Lager Band
Q5481249,We Came with Broken Teeth
Q117857535,Ancestral Sin
Q11270750,
Q136032239,The Blues Overdrive
Q139991127,Deckmonsters
Q9383405,YeShe
Q134053338,Black Bloc
Q2556285,Netherlands Radio Symphony
Q11350395,Rocking Son
Q7137317,Paris Keeling
Q4215497,Carnival
Q16205246,Singh Bandhu
Q5533311,Genkaku Allergy
Q134053365,Louis Cressy Band
Q12078519,
Q24950572,Nitrogenetics
Q85768828,Ice City Boyz
Q27973294,Motettenchor der Münsterkantorei Ulm
Q20048800,Primas Miranda
Q16959529,La Compagnia del Madrigale
Q62082752,Wu Yao
Q699313,Thomanerchor
Q10681304,
Q5049448,Cassino
Q139570936,XYZ
Q827592,La Chapelle Rhénane
Q22098792,
Q104717816,
Q3413654,Quatuor Adolphe Sax
Q1745913,Klaus und Klaus
Q17383487,Ringa ja Kaksoset
Q16097337,
Q12306954,DR VokalEnsemblet
Q11468375,Yamagata Symphony Orchestra
Q58004733,Paul Bley Trio
Q3507406,Sylvie Vartan and Johnny Hallyday
Q20035406,Steel Banging
Q10688388,
Q7503618,Shreveport Opera
Q1989788,
Q63208493,Bethmalais
Q318332,
Q136681147,Camerata
Q10432779,Bon Bon Band
Q63078222,How I Became the Bomb
Q31188086,Basaki
Q12001418,Slakt
Q115676133,
Q12609138,Ulsan Philharmonic Orchestra
Q11293181,Orchestra Nipponica
Q25514605,Klaaspärlimäng Sinfonietta
Q10397673,ALSDEAD
Q66473535,Deisel Guitars
Q61361272,Bultz!
Q30325115,The People's Orchestra
Q11524331,Tokyo New Philharmonic Orchestra
Q580172,Tupelo Soul
Q65028459,David Klein Quintet
Q2982890,Collection d'Arnell Andréa
Q27817199,Blood Youth
Q16352260,
Q20104305,Can 64
Q139783782,The Abdul Hassan Orchestra
Q2070724,Atoll
Q11009712,"Quico el Célio, el Noi i el Mut de Ferreries"
Q14337442,Sidesaddle & Co.
Q18414541,Les Ambassadeurs
Q15883858,WaterWays
Q5953020,Hybrasil
Q7601181,Star Wheel Press
Q21568908,Costo Rico
Q19879849,Teeth & Tongue
Q63136405,
Q25110331,Stresa Festival Orchestra
Q1344236,Ensemble Cinquecento
Q6024161,Kafein
Q11343738,
Q2963043,
Q15845404,Five grams of perfection
Q2203024,Vaakevandring
Q60990287,The Rust
Q11192456,
Q19561578,Mirage
Q140277960,MUSE Cincinnati Women's Choir
Q111089454,Profesjonalizm
Q16251337,Manhattan Skyline
Q20057355,Filmová filharmonie
Q7622495,Strawberry Song Orchestra
Q11306144,
Q11772657,Małżeństwo z Rozsądku
Q125184310,My Sister Grenadine
Q16630463,Viorica
Q19731119,
Q60758965,New Processean Order
Q101011200,Jim Bob The Genial Hawaiians
Q5417247,Evergreen Symphony Orchestra
Q10720281,Winternational Tour
Q85765513,Halfset
Q104623491,
Q136398863,Tianjin Symphony Orchestra
Q60831264,Dopeclvb
Q9360610,Toy Boys
Q15053046,Power of Soul
Q15846034,Embajada Boliviana
Q13021274,
Q124483340,
Q85798196,Rusangano Family
Q1655249,I Musici
Q31188047,Urgabe
Q20467469,
Q3355322,New World Philharmonic Orchestra
Q21534451,Band-a-SKA
Q122911925,
Q61606129,Bob and Alf Pearson
Q5588674,Government Alpha
Q107752170,
Q28224566,Dead Ringer Band
Q5308414,Drop da Bomb
Q109675023,Betburg Cantorij
Q65392685,
Q420065,Prague Quartet
Q16140624,
Q6322900,K.A.B.O.S.H.
Q139570927,kidsbowl
Q104075454,Grupo Ofá
Q5167341,Cool Silly
Q17984818,Raglans
Q19389387,
Q7766637,The Stoner
Q1020610,Wiener Staatsoper. Bühnenorchester
Q11255546,Young SS
Q124960455,
Q120335685,Libido
Q122287826,Fleshwater
Q16950165,Majid Jordan
Q7074253,Oakville Ensemble
Q50181086,
Q1494244,Gebrüder Wolf
Q106928177,Bebe Buell and the B-sides
Q87739032,XIII Minutes
Q9366850,Unrra
Q6160493,
Q138504274,Brides Make Acid
Q16304058,Seven ความรักทั้งเจ็ด
Q10715371,Vildkaktus
Q20065505,Fontaliza
Q120669811,La Capeline de Menton
Q1067397,China Philharmonic Orchestra
Q3847362,SWEE:D
Q5244293,De Buddy's
Q16932131,Malik & the O.G's
Q19844974,Darkhaus
Q1240052,Praha
Q56305544,
Q48750703,Les Éjectés
Q4241223,
Q10860527,Zemlinského kvarteto
Q85987525,
Q11683206,19SWC
Q2169424,Artiesten Met Een Hart
Q3973789,Stokka & MadBuddy
Q4122877,
Q11907792,Banda Municipal de Música d'Alcanar
Q7354482,Rock Ignition
Q1071780,Chic Records
Q10475744,Dom Dummaste
Q9372483,Wice Wersa
Q27817048,Hand of Fire
Q6208077,Jody Has A Hitlist
Q110590391,
Q3235496,Les Shades
Q3231586,Les Clam's
Q3593370,Île de France
Q12002332,Splaxxter Watts
Q3657729,
Q11972262,Go-Go Gorilla
Q130279560,Brighton Philharmonic Orchestra
Q94579664,
Q12265236,Oreka Tx (Musical group)
Q111590251,
Q133789982,Two Words in Japanese
Q30879023,
Q31188354,Skasti
Q108700537,Shirane Music
Q16951078,M-Dubs
Q3218201,Laréplik
Q104878933,Felix Hagan & the Family
Q3354558,Opéra de Lille
Q10438824,C.AARMÉ
Q65233501,Zero PLANET
Q894268,Borusan Istanbul Philharmonic Orchestra
Q10692058,Tekla Knös
Q12010835,XOVER
Q5263375,Derwyddon Dr Gonzo
Q15052675,Runaway GO
Q7763281,The Semonski Sisters
Q124466257,Tapir!
Q108739817,Pist Idiots
Q139757247,Beauharnois Brass Band
Q136503385,Pandora Journey
Q10670659,Skuggan av Svampen
Q130377165,Pest Control
Q4879938,Beer7
Q108210481,
Q124260535,WitchGang
Q19386179,
Q124135048,The Emigsville Band
Q106574527,
Q7682978,Tangiers
Q19288318,Kreutzer Quartet
Q65194619,
Q122926851,Chet Nuneta
Q62023006,Grup Mistik
Q104906226,
Q80960148,Ensemble Nouvelle-France
Q10545912,Kitty & The K
Q2435501,
Q18167223,Golden Harvest
Q38920362,Les Kol·lontai
Q10373625,Spacious Mind
Q120335718,
Q126911870,
Q11996476,Pulverhund
Q122926845,Baylavwa
Q22262571,Gregoriana Amsterdam
Q11043665,
Q12352361,Martin & la talpoj
Q10508708,Greta Kassler
Q10853195,
Q102233430,
Q10604756,
Q1964456,Counterstrike
Q20035370,Portrety
Q85845967,Frown
Q116152188,Santander Orchestra
Q56338155,4Dreamers
Q16959570,La Mar Enfortuna
Q18238346,Dead Scouts
Q7537695,Skyedance
Q104860315,Da-108
Q3429882,Rhythm & Sound
Q112521352,Spinach
Q28065099,Vegetable collective
Q5729634,Blackboard Jungle (banda)
Q28803265,The Inspirational Choir of the Pentecostal First Born Church of the Living God
Q20612017,
Q7605606,Steed Lord
Q16324861,UCR
Q3345325,Nova Nova
Q12071739,
Q4273356,
Q3079334,Vermenton Plage
Q139675976,Upper Canada Brass
Q16533345,
Q5615560,Guido
Q104834940,Cardiel
Q55641692,Satan's Satyrs
Q115821307,London Early Opera
Q7201144,Planet Patrol
Q122841888,
Q61363731,Matraka
Q130604662,Ink4Ivy
Q119702182,Cool Boys and the Frontman
Q11239478,Permanent Fish
Q7694391,Teenage Filmstars
Q6683395,Los del Mar
Q122926895,Ping Machine
Q1464153,Menswear
Q67518643,I Pelati
Q57830589,High Society
Q110739748,Casket
Q138034670,
Q134028639,
Q85875368,
Q5061646,Central Philippine University Bahandi Singers
Q127505871,A Dancing Beggar
Q16438858,
Q17045058,
Q110552624,
Q6015828,Indelible Grace
Q138195576,Cascadia Pipe Band
Q18245941,Sogmusobil
Q9257108,Exmisja
Q28688472,
Q6807567,Meen
Q16939541,Quartetto Egie
Q7843342,Triple A-Metal
Q118780418,Sau Poler
Q5266286,Deutsche Kammerakademie Neuss
Q123171841,
Q25554301,
Q11239312,Palette
Q4165372,Rahbani brothers
Q631730,Arcato Quartet
Q7143171,Pasărea Colibri
Q7133577,Par-T-One
Q20431124,
Q4403238,
Q20525537,Koktelsi
Q5748007,Hetroertzen
Q125177131,The Hi-fly Orchestra
Q137456002,Mapanya Band
Q9377880,
Q105103074,
Q97170559,
Q104841042,Disciples of Babylon
Q6707273,Lychway
Q2997653,Corou de Berra
Q97179381,
Q131578558,His Latest Flame
Q3338400,Ness & Cité
Q12690890,
Q11065172,Taipei Municipal Chien-Kuo High School Marching Band
Q4502229,
Q10554739,Last View
Q140041783,
Q19391515,Syntax TerrOrkester
Q121769847,Wiener Jeunesse-Chor
Q4914586,Bio-Tonic
Q10700673,Towe Widerbergs
Q51977590,Headphone-Tokyo**
Q1795423,
Q4335840,
Q3260149,Lou Seriol
Q137710426,Viimsi Sinfonietta
Q3212543,La Rumeur
Q12277801,Del Padre
Q110825700,Nasty Pop
Q138130134,Icycore
Q124329301,Novalia
Q16083680,
Q124249228,Cougar Beatrice
Q6869767,Minuit
Q109733570,
Q11226796,JaaBourBonz
Q22692909,Madrigalchor Aachen
Q11891484,Ruth Yaakov Ensemble
Q55630938,Quince Ensemble
Q107121878,Voctave
Q20048679,
Q28403366,Venus and the Moon
Q116046158,Parker Quartet
Q133445707,Advaeta
Q30879770,Ensemble del Doppio Bordone
Q48811574,
Q20828922,Duo Praxedis
Q18163523,Rheingauer Kantorei
Q4973636,Bromheads Jacket
Q3011356,DJ Valium
Q18070527,Frommermann
Q136694907,Okinawa Symphony Orchestra
Q55138244,Governor General's Foot Guards Band
Q20745854,
Q63208497,
Q106312514,
Q4636221,3Ball MTY
Q11196377,Dry! Dry! Dry!
Q12265411,
Q67836445,Systemwide
Q123169323,Complete Mountain Almanac
Q3530558,Tolbiac's Toads
Q17217871,mohamead
Q11874244,L'Amourder
Q3539330,Trio Wanderer
Q7240009,Prejudice-gva
Q10509578,Grymlings
Q12636853,Mika Male
Q11812299,Dirty Way
Q3231210,Les Cadavres
Q5875736,Gas club
Q3039522,
Q136701115,Bach Collegium München
Q7562927,Sophia The Ocean
Q7379001,Rulers of the Planet
Q10850924,
Q99260334,Surprise
Q65219927,Aurevoir.
Q138990079,Kendall Street Company
Q105688386,
Q28206642,Calidore String Quartet
Q130585837,The Bats
Q112999498,Databoy
Q798963,Badesalz
Q1124787,Prague Chamber Choir
Q24909967,Ton-Taun
Q110071640,LEMONGRAB
Q798095,Bachchor Hannover
Q30591035,Les Amazones d'Afrique
Q1988744,
Q130618205,Tamkang University Chinese Chamber Orchestra
Q61976633,Ojete Calor
Q2979734,Clover
Q16527459,
Q1521856,Ghost band
Q16117331,VIS Ehosi
Q11223084,hare-brained unity
Q10342107,Os Tapori a Bombar
Q1610398,
Q3504792,Supersnazz
Q56811295,Kimera
Q4243276,Kryostnaya Sem'ya
Q11320811,
Q99479612,Cubbiebear
Q7732688,The Everyday Visuals
Q20560396,
Q6053334,
Q45286815,
Q5732738,Heralds of Harmony
Q85871056,
Q130809043,The Heartaches
Q3423744,Reich Orgasm
Q115832431,Klapa Zvizdan
Q10467320,De Lescano
Q25022003,Frances Cone
Q1275079,Rodgers and Hammerstein
Q29168219,Vivek–Mervin
Q56310986,
Q16139492,
Q3437576,1017 Brick Squad
Q3232425,Les Ennuis Commencent
Q16975675,Fantasticos
Q7757679,The Politicians
Q12269299,Zeren zai
Q124795889,
Q13745088,
Q10436269,Bruket
Q104776610,
Q20685718,SöuR
Q120204744,
Q3939320,
Q81080261,Each Day
Q2362034,Studio Laren
Q17192089,
Q63345017,Reunion
Q5554697,Getto & Gastam
Q5197761,Cyberchump
Q9185380,Cease Upon the Capitol
Q214037,21st Century Symphony Orchestra
Q133825566,
Q3521872,
Q6950209,Mínus
Q11245557,Sausage Butterfly Pasta Festa
Q114043800,Why Bonnie
Q3545316,Mabuhay Singers
Q17619250,The Bollands
Q134345393,
Q17621517,Arsys Bourgogne
Q57657015,Kammerorchester Zürich
Q4034377,Armaga
Q17877537,
Q20101764,
Q5579794,Golden Sounds
Q4050686,Sören und Bettina
Q16852665,Kleptomaniax
Q105460857,
Q3354574,Opéra national de Bordeaux
Q25632264,
Q65175134,
Q5625348,Gypsy Grind
Q97357567,The Beale Streeters
Q3782475,
Q61388596,Agrupación Musical de Goián
Q1320425,Thomastic
Q61069844,Zartako-K
Q11241257,ROVMIC
Q72966022,
Q3744935,Filarmonica della Scala
Q7886808,Unione Philharmonic Society
Q5462668,Fluffers
Q25095269,Vocalosity
Q6626964,Ramat Gan Symphony Orchestra
Q137585128,
Q12327340,Mirakl Crew
Q106292468,
Q20525767,Zebrax
Q10569166,Longdancer
Q5183447,Creation's Tears
Q109594712,
Q7190587,Piccola Accademia degli Specchi
Q6821958,Messiah J and the Expert
Q528288,Andy und Bernd
Q56405553,
Q9335612,Serpent
Q126588921,Rosie Cima and What She Dreamed
Q12167601,
Q6842884,Midnite Follies Orchestra
Q12335576,Skarpretter
Q139762604,Port Dover Brass Band
Q23013917,The Original Pinettes Brass Band
Q44892141,Book:Masterpiece (band)
Q60970839,High15
Q131703391,Merlin
Q104918629,
Q4051253,The Randy Watson Experience
Q16557857,Funeral Suits
Q2256642,
Q136669268,
Q18243735,Lilla kören
Q60986540,
Q29128910,Nihil Baxter
Q12336532,Soul Vigilantes
Q134889965,The Fierce and the Dead
Q109322864,Las Ninyas del Corro
Q12132896,
Q3523409,The Wolfhounds
Q17061178,Shuffler
Q54820104,
Q10600423,Nice
Q56434921,Thanatology
Q9393774,Čači Vorba
Q7744964,The Kristet Utseende
Q1880598,L'arpa festante
Q6459931,LSD March
Q7746486,The Lea Shores
Q5043819,Carnaval
Q106180859,
Q4417222,
Q4147181,
Q4968537,Brisbane Birralee Voices
Q2101320,
Q55466296,Trío Malajunta
Q24651296,"Letni, Chamski Podryw"
Q16486773,
Q11799218,
Q7564173,Soul Attorneys
Q1655518,Danel Quartet
Q114311404,
Q130249014,Academia Filarmónica Esperança
Q20685619,SOS
Q11786075,Motema Africa
Q55075229,Eugene-Springfield Youth Orchestras
Q63284666,
Q10861407,Zputnik
Q9164611,Balkan Electrique
Q24993783,Fade files
Q63208520,
Q16842939,Hieronymus Bosch
Q16419585,The Hamrahlid Choir
Q5494089,Frazier Chorus
Q38278194,Nathan Water
Q4050280,Studio-X
Q104097011,NZBC Symphony Orchestra
Q115974419,
Q17326193,Simon & Jan
Q25833195,Midnight to Monaco
Q20683985,Cozzetti & Gemmill
Q9302779,Radzowiczanie
Q7760040,The Refreshments
Q56598400,Kapelle Josef Menzl
Q27817261,Fusion Jonda
Q120499134,
Q4195519,
Q9302413,Radiowe Nutki
Q137585135,Gigan
Q117742788,Braen's Machine
Q132197489,
Q12090546,
Q4834888,BBC Orchestras and Singers
Q85864487,
Q60744568,The Kents
Q139762607,Reaboro Town Brass Band
Q5354950,Electones
Q10625079,Pete Proud
Q12258712,Gozo-gozo
Q16687614,
Q122926855,Cotonete
Q10673208,Solid Gospel
Q10468624,Den förlorade generationen
Q17481117,Manevra
Q24951369,Sinfonietta de Lausanne
Q137653000,SoSo
Q104124265,
Q5979682,I Was a Cub Scout
Q2895146,Beltuner (groupe)
Q31189125,Atzekabe
Q133802882,
Q11339090,Pokémon Kids
Q108407143,Tha omedetaz
Q109448150,Div4s
Q29023729,Creision Hud
Q105554490,
Q7590871,St. Olaf Choir
Q130726100,
Q55470281,"Típica Gente de Tango,"
Q9192067,
Q105320224,Black Hour
Q3230358,Les 5 Gentlemen
Q84939617,Toronto Area Bluegrass Committee
Q118946511,Turkish Republic of Northern Cyprus Presidential Symphony Orchestra
Q27817209,Trash Boat
Q20012868,Lola Marsh
Q85867572,Sugarbeans
Q18088368,
Q1395769,Fanny Mendelssohn Quartet
Q16419724,Land og synir
Q136681676,Macau Chamber Orchestra
Q3331214,my little cheap dictaphone
Q85864342,Affective Synergy
Q16721699,Frehgly
Q15053024,Ideamen
Q4754654,Andra Generationen
Q132758695,New York Welsh Choral Society
Q62635345,Trik FX
Q126278700,Soċjeta' Filarmonika San Ġorġ
Q7927075,Victoria Symphony
Q124004656,Los Dos Reales
Q59155702,Straight Lines
Q124344738,Ambient Dub
Q12261401,Kazkabarra
Q7759994,The Reduction Agents
Q123159958,Slobobans Undergång
Q12268332,Txapelpunk
Q22013257,Music of Remembrance
Q2334387,Mikhaylovsky Theatre
Q18816865,State Symphony Orchestra of the Udmurt Republic
Q13416284,Pan-Slavic Congress of Singers
Q106436232,
Q50182203,
Q2289003,Singakademie Frankfurt
Q41093567,
Q16666230,Naïve
Q12645498,Zagrebački kvartet saksofona
Q4463131,
Q121295520,Gina Sobel
Q55832594,Satanismo Calibro 9
Q28674076,Dzikusy
Q12317434,Humleridderne
Q17215395,BY PHAR THE DOPEST
Q113427550,Sadurn
Q93429825,Pemiere
Q3296112,Mary's child
Q5247173,Death Organ
Q12072069,
Q16595321,Rebeka
Q4086210,
Q110895130,Dundas Valley Orchestra
Q99542300,Columbia County Choral Society
Q136825490,Mr Meanor
Q57830640,ClassRing
Q101521189,
Q1324126,Trio Stendhal
Q10552366,La Vogue
Q65089101,Judgement Yard
Q19357454,Fabi Silvestri Gazzè
Q4043648,
Q7282780,Rag Fair
Q2414760,The Twiolins
Q10695741,The Peepshows
Q3328664,Musique des équipages de la flotte
Q63109025,The Half
Q123051829,Raglan Baroque Players
Q17631289,Junksista
Q120629856,Island of Love
Q136341729,Roma Tre Orchestra
Q9353893,Ta Joj
Q99492846,Five In Orbit
Q663572,F.I.R.
Q16353599,
Q15991073,TO RKUD Pelagic Banja Luka
Q11259360,Izumi Sinfonietta Osaka
Q20687386,Tianshan Snow Lotus Group
Q11188913,ADAPTER。
Q2878934,Bagad Keriz
Q139762685,Band No. 6
Q6479796,Laksha Gala Sankeertanarchana
Q133730886,
Q3409234,Présidentchirac
Q16669635,
Q112180814,
Q308089,On-The-Go
Q10443906,"Vox Nativa Association, Taiwan"
Q107170405,Flying (Dancing in Spanish Harlem) for Latin Ensemble
Q136466073,Ñuca Trans
Q56027873,
Q12058844,Four Meditation
Q2658291,Norrköping Symphony Orchestra
Q6940068,Musafir
Q63208522,
Q9358056,The Junkers
Q131765006,Inside The Trojan Horse
Q6379322,Kavkasia
Q127418748,Pale Young Gentlemen
Q9358366,Them Damn Kids
Q16183448,Bøgdabråk
Q111736751,
Q4380328,Proconsul (Romanian band)
Q2017039,Seachtar
Q115940209,
Q2767003,BangTower
Q115933274,The Wankys
Q3074600,Flying Donuts
Q20529089,Estonian-Finnish Baroque Orchestra
Q65263339,
Q11326043,
Q106940638,Instant Now
Q125841852,Rana choir
Q57830636,Bling!
Q19365686,Badlabecques
Q61362042,Akabu
Q5459506,Flint Glass
Q96575677,Vertige
Q27964037,Rockville Brass Band
Q4481130,
Q30687872,The Kuf-Linx
Q5376191,Endless Shame
Q11311183,Swing Waist
Q1147567,Bagad Naoned
Q1800034,National Folk Dance Ensemble of Croatia LADO
Q139762532,Edmunston Brass Band
Q56402464,
Q114554570,Shaw Davis & the Black Ties
Q16427015,
Q47169246,Devin
Q700172,Il Giardino Armonico
Q68552156,Second Woman
Q44602511,Bangor Band
Q123180152,
Q139760487,Kitchen Knife Conspiracy
Q104758991,Silver Ring Choir of Bath
Q136565326,
Q11930316,La Caixa Fosca
Q3693905,
Q7992957,When the Cat's Away
Q20971433,Opéra national du Québec
Q11525129,Tokyo Arakawa Boys and Girls Choir
Q28457607,Magic Sword
Q4037695,Duo Zikr
Q12873867,
Q124392500,Alpha Centauri
Q18661021,
Q19293474,Technology of Silence
Q15808448,
Q6294549,Joujouka
Q100329640,Opéra flamand
Q4146961,
Q18349521,Himitsu Kessha Kodomo A
Q4759556,"Andrus, Blackwood and Company"
Q4943439,Boom Shaka
Q1496411,Gavin & Nox
Q130702383,53A
Q12035636,Markýz John
Q12080867,
Q1977443,NeoBarock
Q25686183,
Q11798500,Open Folk
Q7499911,Shocking Pinks
Q139780503,F.F.O
Q2365601,Vendetta
Q131376501,
Q24700894,Ióni Trío
Q15130263,The Ceasars
Q135616236,
Q139757265,Broadview Brass Band
Q11930513,
Q12082054,
Q10461005,Crang
Q6159263,Jape
Q25095557,The Beach Nuts
Q10723679,"Young, Shy & Handsome"
Q12256195,Desordutan
Q24075515,Seirom
Q125936537,
Q96652637,
Q127514009,Karry G
Q96394587,Myzica
Q25457027,Models
Q137440026,Zanzibar Taarab
Q16836665,Feuermusik
Q1911422,
Q104972936,
Q16263522,Rose de Reficul et Guiggles
Q132760297,Pontardulais Choral Society
Q55526239,Wombscape
Q20604211,"Ekhouvanjou,okay!"
Q130748658,The Gumm Sisters
Q12157709,
Q65171823,Quái Vật Tí Hon
Q15918072,Trekkerz
Q82982281,Concordia
Q4261449,Koorogi '73
Q33128180,Prater & Hayes
Q16324701,The Jesus Revolution
Q10633020,Plast
Q11994780,Parish
Q11371587,Nikikai
Q105687838,
Q17622019,Big Band de Lausanne
Q28482221,Freddy Martin and his Orchestra
Q139799658,
Q9248322,Dzieci z Brodą
Q5265726,Dethcentrik
Q5566181,Glad
Q111936934,Spring Offensive
Q64697921,Ensemble Apex
Q19717127,Tipuaixí
Q125453567,Echo Pilot
Q17099739,Moses Hightower
Q10595129,Navid Modiri & Gudarna
Q65170813,
Q131418435,casamusic
Q11230342,Locofrank
Q3192706,Kannivalism
Q123412070,Chasing Abbey
Q107406421,Caducity
Q12751379,
Q7741314,The Icons
Q4947186,Boscorale
Q12005761,The Douglas Group
Q99542398,Metropolitan Youth Symphony Orchestra
Q7255187,Pseudonym
Q139762603,St Patrick's Brass Band
Q9191713,Chudoba
Q61365710,Dunne
Q7305088,Red Square
Q7002666,Neurosis & Jarboe
Q48699099,Fa11out
Q97222982,
Q12346871,Ekvinokso
Q11192612,Boy's Beat
Q55641885,Steadyfire
Q111703528,ME + MARIE
Q86682798,JOrchestra
Q47963966,Los Espíritus
Q14437951,
Q105552319,KIT Chamber Orchestra
Q89013091,Dalla De Gregori
Q104905344,
Q6066656,Iran's Children Orchestra
Q109927653,Wraith
Q20310293,Novosadski big band
Q19977162,Pushtwangers
Q49102525,Nerved
Q10508496,Great King Rat
Q60766936,Private Lives
Q65173882,Eximperituserqethhzebibšiptugakkathšulweliarzaxułum
Q115516858,Four the Moment
Q61747665,
Q12503675,Pasto-1
Q11231823,MODEN
Q63413628,
Q24988316,Streetboys
Q7102067,Organized Rhyme
Q65767050,Louisette
Q6189225,Jettblack
Q20437692,Ministarke
Q10505363,
Q3275176,Mad in Paris
Q6704164,Lunds Studentsångförening
Q4045502,Not Breathing
Q5035100,Cape Town Opera
Q78927669,
Q9171516,"Big Band Wrocław"""
Q1983742,
Q124841204,Slavyanka
Q115621820,Mandy & Randy
Q6509392,Leama & Moor
Q136336819,Orquesta de Cámara del Estado de Zacatecas
Q23617083,Felix Mendelssohn’s Hawaiian Serenaders
Q16239890,Red Boat Opera Troupe
Q1931878,Group Doueh
Q12144938,
Q9143186,
Q12751572,
Q22570256,In Deed
Q20657661,Ratchet Orchestra
Q11993265,Oh!
Q117479209,
Q16412375,Vox Populi
Q131823011,Boom Boxx
Q6458766,
Q84939591,"Sunnyland Slim, Johnny Young and Big Walter Johnson"
Q10418523,Art of Music
Q21858408,Shadow circus
Q127445733,A Deer A Horse
Q136447127,Belize National Orchestra
Q125184386,My Heart Belongs to Cecilia Winter
Q11093644,Juicyning
Q137805062,Geochang Wind Orchestra
Q135678280,
Q28722830,Junkie Jack Flash
Q10606784,Oddjob
Q10512558,Gårunt Show
Q4922939,G-Junior
Q16238468,Treenighedskirkens Drengekor
Q124341718,Natalie Blue
Q55778977,Lamia Culta
Q125760297,KAMIGATA BOYZ
Q5033605,Cantemus
Q85871557,Theater Orchestra Tokyo
Q97954033,
Q4314179,Натиск
Q6458203,
Q3163331,Jazz Liberatorz
Q12740892,Simplu
Q135069828,Nukuluk
Q6682805,Los Hermanos Castro
Q51029085,Second Relation
Q7767327,The Sun Also Rises
Q9369043,
Q94999896,
Q18237991,Bättre Lyss
Q96408498,The Bop Chords
Q7438949,Screaming Tea Party
Q20525675,Piloti
Q60823030,
Q65255037,
Q7754773,The Ohio State University Marching Band
Q5871966,
Q15914645,
Q3139170,Hogwash
Q123460094,Outline of the Doors
Q3284772,Mama Lion
Q138641568,Broadside Hacks
Q4043321,M.A.D. Band
Q10671570,Slim Fit
Q4038171,Equinox
Q61364489,The Wet Band
Q137268396,The Jins
Q10439518,Calcutta Transfer
Q65084636,Crumb
Q17191407,
Q107293265,Yaadgaar Orchestra
Q11762299,Lobe
Q20082460,
Q106520186,London Gay Symphony Orchestra
Q9390303,"Zespół Pieśni i Tańca Żeńcy"" Akademii Rolniczej w Szczecinie"
Q2202806,Fritz
Q97155853,No Money Enterprise
Q10476403,
Q7980514,Welbilt
Q55629831,Philharmonic Piano Quartet
Q1777785,Koalas Desperados
Q113076460,Gemischter Saarbrücker Herrenchor
Q65035020,Gus Brendel Swing Group
Q77359253,ONEFOUR
Q5147016,Collegium Vocale Köln
Q16405416,
Q110228171,
Q16164446,
Q1445032,Frankfurter Singakademie
Q120335695,
Q136722213,Weatherstar
Q31897261,Glöden slocknar aldrig – Historien om Attentat
Q12726114,Curtea Veche nr. 43
Q12763108,Bezmocná hŕstka
Q20558632,The Icelandic Opera
Q43140611,Concertvereniging van het Koninklijk Vlaams Conservatorium
Q24944227,Imperial Leisure
Q124497101,
Q17761518,
Q3105550,Gil Rose et les Hydropathes
Q7742740,The Isohels
Q32311389,Maim
Q3016321,Darkness Over Depth
Q10859467,B-Side Band
Q7684566,Tapestry Opera
Q97229387,
Q3192170,Kalffa
Q17191173,ASYLUM
Q9338762,Smorra
Q110069311,
Q16545036,Fenomenon
Q17991376,
Q55099014,Trash Kit
Q18500488,Big Allanbik
Q117188845,
Q7487359,Sham Rock
Q127603677,Mirror Image
Q116758216,
Q89431684,Polymath
Q806119,Banatul Philharmonic of Timișoara
Q6956539,Naam
Q1325827,Electric Blues Duo
Q121734233,Sun Room
Q17151522,Trouser Enthusiasts
Q11860561,Golden Sounds Band
Q85965898,
Q43140436,De Werker
Q60823245,
Q1995568,Noisy Stylus
Q1217406,Nevetlenfalui Aranykalász Dal- és Néptáncegyüttes
Q105529418,
Q136696483,Hiroshima Shimin Orchestra
Q7855631,Turn
Q9776880,Clockwork Boys
Q3211602,La Phaze
Q12353208,
Q134549968,JackBoys
Q105839960,
Q85853445,
Q10322971,
Q12003393,
Q106688063,Big Ric
Q48702437,
Q25422556,
Q108703755,Burgumer Muziekvereniging Legato
Q11735554,Karawana
Q31189150,Fetitxe
Q105502622,
Q7640507,Sunlightsquare
Q25442757,Comunidade da Graça
Q11856238,Dominante
Q23210503,U-Prag
Q113135068,Orquestra Filarmónica de Braga
Q136799365,The Moonrunners
Q126888972,Northern Spirit
Q1711329,
Q2746715,Gwyllion
Q10593595,Mörbyligan
Q113076514,Classical Lesbians
Q65032516,Cold Voodoo
Q7998661,Widelife
Q10266291,Digamma
Q11875729,
Q24525559,Band of Friends
Q5693804,
Q18535587,Dragonfall
Q31723074,Rhune
Q4955895,Brainkiller
Q7970940,Warsi Brothers
Q13025831,
Q5494385,Fred
Q57909433,Scottsdale
Q5068019,Chainsaw
Q10683446,Sugar
Q85816200,Workshed
Q13012244,001
Q115460694,Fausto Taranto
Q16978013,The Boys and Youth Choir of the P. Tchaikovsky National Music Academy of Ukraine
Q7535472,Skinned Teen
Q104814439,
Q1629257,Noxa
Q11690460,
Q6942483,Musica Viva Australia
Q20068759,
Q11765157,MUSSORGSKI
Q104829495,
Q4854267,Band of the Coldstream Guards
Q137196075,The Flamin' Oh's
Q110069363,
Q3151364,Inna Crisis
Q24867225,Trefle
Q60658424,Shum davar
Q65299755,
Q136088047,
Q29023750,Ail Gyfnod
Q31280315,
Q131935058,
Q5433638,Fanatic Crisis
Q134455117,Synestia
Q105761389,
Q16144920,
Q131844081,
Q16486777,
Q20685266,Ravenface
Q20747646,Cats vs. Chicks
Q25094992,Moody Bluegrass
Q65224840,
Q3561290,Vitor Hublot
Q61115158,
Q110677602,Butterscotch
Q6458257,
Q12375309,Spunk
Q5247311,Death by Salt
Q7060993,Norwegian Arctic Philharmonic Orchestra
Q6057531,Inti+Quila
Q21044643,Vokalensemble Frankfurt
Q11242101,Rose in many Colors
Q123668158,Driemo
Q7759471,The Ratbites from Hell
Q20103501,Cobla Sant Jordi - Ciutat de Barcelona
Q99805577,
Q110069464,
Q22121830,Tofa'ah
Q89022827,
Q124060962,Ragana
Q55470280,Orquesta Típica de la Guardia Vieja
Q104515442,Paradox Obscur
Q66619400,The Pauses
Q7075188,Obliterate
Q113532112,Deutsche Oper Berlin
Q127039758,The Hip Abduction
Q54820876,
Q85782645,Lullabye Arkestra
Q16866650,Lostep
Q20102771,
Q55633098,Short Dogs Grow
Q7896522,University of Utah Singers
Q97169396,
Q135992003,
Q17142869,SuperSpy Productions
Q20471886,123
Q5202753,Côr Godre'r Aran
Q115622290,7th Grade Girl Fight
Q17750285,
Q115516861,SEU Worship
Q11492922,
Q85794549,Prince’s Band of Carabiniers
Q109229040,The Flaming Lips with Yoko Ono/Plastic Ono Band
Q124713167,Philharmonia Cassovia
Q10542227,
Q114956539,
Q16824603,Brontosaurus Chorus
Q11258375,
Q106203607,
Q12696848,Mantak
Q11690491,
Q3326957,Moving Gelatine Plates
Q5761298,Hilcrhyme
Q16854023,Quink Vocal Ensemble
Q18006263,Retro Jokers
Q3413675,Quatuor Girard
Q137920216,Zanka Flow
Q20520919,Pihalni orkester Ilirska Bistrica
Q48700919,
Q55523060,
Q3894906,Paps 'n' Skar
Q16141283,
Q61365504,The Potes
Q20684446,Laish
Q63524768,Tethra
Q136757940,Coolidge Quartet
Q106289271,Gotanda
Q114316100,
Q6822778,Metalchicks
Q109313744,
Q11301234,
Q5165542,Continuum
Q3540275,Tromatism
Q4352326,The Graaf Sisters
Q16625663,Stormwind
Q112669071,Tao
Q125449900,Lavender Light
Q13018028,Pepper
Q11873558,Kuopion Nuorisokuoro
Q85808160,The Pitchforks of Duke University
Q12265718,
Q10441045,
Q17301835,Orfeó de Sabadell
Q17985043,Vesta Varro
Q19934980,Make up 66
Q120335570,
Q24907866,Collectiv3
Q123399054,Eyes & No Eyes
Q60302134,Velikan
Q138028577,Dame
Q136048309,
Q94317003,Lo Rond
Q7042755,No-Maddz
Q104856486,POV
Q7632371,Suburban Reptiles
Q118956002,
Q137456078,MCZO & Duke
Q13019233,UHT
Q2991321,Storioni Trio Amsterdam
Q20511243,
Q12252663,2Kate
Q4037546,
Q3235596,Les Soucoupes violentes
Q104882678,Powder
Q104902142,The Stubby Shillelaghs
Q20526079,Cinkuši
Q28679129,Lyria
Q2620630,
Q33120614,
Q7774973,The Wilkinsons
Q115519315,Life
Q19398433,
Q7382815,Rutgers University Glee Club
Q105098250,Dixie Rhythm Girls
Q4004866,Unione Corale La Spezia
Q7896154,University of Pretoria Camerata
Q139757301,Wellington Cornet Band
Q1920321,Mendelssohnchor Hamburg
Q1315753,TNT
Q31899659,Skånska Maffian
Q115923389,
Q11248545,TERU'S SYMPHONIA
Q7916994,Vastator
Q2853128,Anti Palu
Q1689135,Jim Kweskin Jug Band
Q1815060,Sliabh Notes
Q3303741,Me N Ma Girls
Q6217431,John & Jehn
Q12633410,Ižipci
Q140207148,INOHA
Q10552361,
Q11250747,The Gladeyes
Q16654777,Les Bana Malongi
Q11344315,
Q15793199,Bülbül Manush
Q3644230,
Q30594724,Entheos
Q85867873,Team Black Starz
Q135971800,
Q117130665,Rostau
Q134053408,We Fell From The Sky
Q126192998,Orchestra Society of Philadelphia
Q101114098,Decoda
Q21662228,
Q6537477,Lewsor
Q9373565,
Q11777660,
Q123422092,KINDA EVIL
Q98437738,
Q56392246,The Singers
Q6446374,XLR8
Q3229404,Lemzo Diamono
Q98959392,Little Quirks
Q104724020,
Q12107447,
Q138993161,The Dream Eaters
Q25441466,Tabanka Djaz
Q20467808,
Q111095695,Touch 'n Go
Q91031129,Booyaka
Q20684631,LOUD
Q120671679,Kampec Dolores
Q33837090,De Kippensoep Allstars
Q106610678,Hey Moonshine
Q3493427,Spicy Box
Q112225607,Equivox
Q31896238,"Ahlberg, Ek & Roswall"
Q1883955,Komeda
Q28711503,La Puta i la Ramoneta
Q2092176,Piccolo Coro dell'Antoniano
Q16560057,Zespół Polski
Q11851945,Antibiotika
Q117413484,Trout Baseline
Q2617331,Wannes Raps
Q106002792,Amaryllis Quartet
Q16247060,Camp Stag
Q12258711,Gozategi
Q9282563,Guernica y Luno
Q136547062,Disma
Q16349187,Pieneņu Vīns
Q4036976,
Q12345808,
Q115864858,
Q12408612,Lehakat Pikud haDarom
Q20013418,Like Monroe
Q6726071,Mad Virgins
Q118898062,Grupo Marca Registrada
Q2281411,The Love Substitutes
Q7737401,The Government
Q124466782,Sour Lemonade
Q11220417,Orvokki Itä
Q11986035,FM Factory
Q2876536,Aïwa
Q69542684,Sonshine and Broccoli
Q10695850,The Turpentines
Q1793184,Kurpfälzisches Kammerorchester
Q10500129,Funkservice International
Q12010758,Within Range
Q104904075,
Q11089559,
Q12634102,Kajtebriga
Q120335594,
Q11328816,Pastel
Q139757361,Yarrow Brass Band
Q12470374,
Q9191950,
Q5441266,Feel
Q19908698,
Q16370011,
Q12506278,
Q17060369,The Donkeys
Q7715187,The Baby Snakes
Q10685115,Svenska Lyxorkestern
Q5276213,Digitalis Purpurea
Q21843195,Zapovednik
Q114085637,Biru Baru
Q85679982,Sleep ∞ Over
Q2392009,
Q16114248,Bolesno grinje
Q25616648,
Q116413662,Twin XL
Q9182455,Button Hackers
Q109410293,Ivanov Brothers
Q25459435,
Q5104076,Choir of Hope and Inspiration
Q61361002,The Allnighters
Q104861434,Spaniards
Q22662946,I Breathe Spears
Q11196803,Dew
Q9197454,Cymeon X
Q12721371,Azur
Q2085714,Path of Resistance
Q3521830,The Megatons
Q5333026,Eclipse Sol-Air
Q7722579,The Chinese University of Hong Kong Chorus
Q132330401,
Q7842542,TrinityRoots
Q4540154,Sweet Electra
Q23584394,Encore
Q10350189,Plaggio
Q20105225,
Q125184407,Low Motion Disco
Q3633886,Banda Osiris
Q9358443,Thinkadelic
Q4126921,
Q4725808,Tone Ghost Ether
Q130324330,
Q2109800,Metallic Falcons
Q108474137,
Q5147003,Collegium Musicum Den Haag
Q25386915,
Q7339381,Road Ratt
Q11233156,Miaou
Q136955628,Pink String Quartet
Q116763756,The Gospel Stars
Q85973610,Gwangmyeong Symphony Orchestra
Q7244961,Princeton Glee Club
Q12261592,Kontrapuntoak
Q135915991,TDYA
Q10585706,Mindjive
Q20990826,AKA Brown
Q15850454,The Blind Circus
Q31189148,Sofa
Q6334468,KNOB
Q111947886,Daisy the Great
Q16836919,First Belgrade Singing Society
Q2884828,Baroque Bordello
Q104866849,Duma
Q106602936,Delmir e Delmon
Q12263959,Mutürbeltz
Q2296571,Soca Twins
Q16424692,
Q17090066,Toronto Children's Chorus
Q139757318,Kelowna Brass Band
Q122926842,Akoda
Q124673702,The Boneshakers
Q106474213,
Q1550872,Grup Ünlü
Q5447160,Fieldhead
Q115940361,Jazzband Navàs-Súria
Q4958450,Bravo Band
Q63258663,Eve Hell and the Razors
Q109351842,Shadow Project
Q127603638,Tulku
Q7687637,Tasseomancy
Q49098706,Fattiga och rika
Q133795968,
Q2091948,MC Erik & Barbara
Q9189713,Chili My
Q16826940,The City
Q7740909,The Humble Brothers
Q138515098,
Q127505904,A Rooster for the Masses
Q16488829,
Q2037131,Otmarmusik St. Gallen
Q13016252,Boyscout
Q3493708,Spoke Orkestra
Q384339,Orchestra Sinfonica di Milano
Q113331860,
Q4315079,National Symphony Orchestra of the Republic of Bashkortostan
Q20521768,Bepop
Q115802018,Imperial Orchestra
Q124423904,
Q85790371,Ohtis
Q127418739,Dirt Poor Robins
Q109601272,
Q969749,Xiao Juan and Residents From the Valley
Q2904539,Biroussans
Q115612124,
Q125184416,Low Low Low La La La Love Love Love
Q96107117,Ansamblul Sânzâienele din Negrești Oaș
Q61356783,
Q110575448,Aunt Sister
Q2177652,Groot Harmonieorkest der Gidsen
Q4051202,The Mutilator
Q25143911,August Wells
Q7756806,The Pets
Q24081396,Plastiko
Q1675451,Pianoduo Kutrowatz
Q48791544,Prince Edward Island Symphony Orchestra
Q10700340,
Q9361371,Traveling Birds Quintet
Q17265500,Ensemble Vocapella Limburg
Q1218363,
Q21040742,Norddeutscher Kammerchor
Q133802767,Matson Jones
Q23807403,KhoMha
Q60986918,The dadadadys
Q42912669,Metropolitan Orchestra
Q2878918,Bagad Bleimor
Q12072306,
Q10699613,Tomcats
Q109290219,AliA
Q12269066,Xarnege
Q28678630,Coro da Osesp
Q9280944,Groovebusterz
Q65028492,Jass
Q7748372,The Lookie Loos
Q123475303,Age of Evil
Q112007381,
Q21087279,Orpheus Quartet (Vocal group)
Q11402561,Hokkaido Nikikai
Q65069331,United States Naval Academy Pipes and Drums
Q3413659,Quatuor Arcana
Q4334573,
Q16258403,No Wyld
Q110069301,
Q9205987,Dennis
Q12386413,Consciência Humana
Q18160338,Fear of Men
Q112777086,
Q4049725,Soman
Q6361408,Kandelabrum
Q4356843,
Q62886165,
Q139757286,Stettler Brass Band
Q118947729,
Q114290379,
Q12261408,Keike
Q63208480,Les Lys de Marlenheim
Q125184514,Kritische Disstanz
Q6443176,Kulna Sawa
Q17274874,Vagos Permanentes
Q4280738,
Q124622571,
Q138028566,Darko US
Q16844882,Horsemen Family
Q65255487,
Q7038477,Ninedee
Q13136968,MINK
Q130582109,Fire Brigade Orchestra
Q24988393,Illyus & Barrientos
Q7762746,The Sea
Q10384543,Triade
Q126500677,Għaqda Mużikali San Leonardu
Q445093,Orchester Musikkollegium Winterthur
Q10953450,
Q117824598,
Q3475606,Schékina
Q109044206,Man Without Country
Q798097,
Q4402983,
Q10291974,Grupo de Cantares de Manhouce
Q7914222,Vancouver Men's Chorus
Q56295077,Erdve
Q106484471,
Q18393792,The Soil
Q20876174,
Q3359751,PMT
Q6304927,Jugosloveni
Q116777040,Rocco
Q99507408,Sonores Antiqui
Q4393177,
Q22997117,Nibunira
Q4242843,
Q3479011,Septical Mind
Q12618673,Masan Philharmonic Orchestra
Q1533931,Ifang Bondi
Q104862761,Blood Cultures
Q104781719,
Q111907365,The 2 Johnnies
Q122926862,Eol Trio
Q4388687,
Q96407493,TRC
Q47091978,Ensemble Vocal de Neuilly
Q2085955,Philharmonisches Bläserquintett Berlin
Q112977064,
Q7915011,Vanity Beach
Q7007041,New Dutch Academy
Q3208048,La Cédille
Q31189026,Rukula
Q110069327,
Q3013270,Dana Lynn
Q61363906,Harlax
Q56357620,
Q12374801,Endla
Q4059197,
Q138024290,UAE National Orchestra
Q107674425,Cosmic Knot
Q11854903,
Q112787309,The Garrys
Q31273876,
Q5661476,
Q9390299,"Zespół Pieśni i Tańca Lubartowiacy"""
Q136542567,
Q135185384,LaRussell
Q5348552,Egó
Q139762635,Coaticook Cornet Band
Q28415397,
Q7040129,Nirvana 2002
Q2094255,
Q57909438,San Diego
Q124425910,Afrique
Q134396619,Choir of Hereford Cathedral
Q39078740,Frau
Q10909759,
Q6439702,Krypton
Q19728690,James King and the Lonewolves
Q18038615,Asaf Avidan & the Mojos
Q12262136,Leize
Q11347434,Lambsey
Q106605647,Manfy Manfire and the Hamburg-Street-Rock-Band
Q12104269,
Q21006891,Speedy
Q2001750,Nieuw Kamer Orkest
Q121841125,Makanda Project
Q16849133,Ivy Lies
Q12765121,Ears
Q105063272,
Q10657484,Royal Queensmen
Q134614408,Bråves
Q106178090,The Small Glories
Q57830593,The Hallmarks
Q51029616,L'art pour l'art
Q60214157,HEXA
Q10588862,Moonlit Sailor
Q10493163,Expanders
Q443888,Alton & Jimmy
Q65167796,St.Petersburg Improvisers Orchestra
Q20492977,Eskean Kristo
Q25415191,Skakanka
Q16967560,Powerhouse
Q12377192,
Q55470827,Tango en Tres
Q2499935,Ural cossacks choir
Q12306865,DK7
Q65677119,She-Devils
Q131951951,Djuju
Q106452764,
Q3539326,Jacques Loussier Trio
Q117816324,
Q2288957,Sinfonieorchester Münster
Q4924724,Blameless
Q55637807,Winslow
Q118906128,The Beck Family
Q13013897,
Q23530416,Alpaca Sports
Q12253984,Arkada
Q33836767,The Glücks
Q104093203,
Q60999839,Ribeiro Bastos Orchestra
Q20493536,Detský folklórny súbor Trávniček
Q6819854,Mermaid Kiss
Q11020580,
Q133849112,
Q61125796,Israel Contemporary String Quartet
Q11340133,Mother Goose
Q86673202,
Q523473,Deutsche Oper am Rhein
Q100320717,ONE PROMISE
Q25431243,
Q4525484,
Q7741459,The Imagined Village
Q111510515,
Q28036081,
Q105274457,Sweet Lillies
Q1870709,Lost Witness
Q6410751,Kinetic Ideals
Q115434528,We Are Twin
Q128630451,Orchestra Philarmônica Destherrense
Q16486685,Błękitni
Q11690474,Eryan choir
Q98456452,
Q139892712,RIP Magic
Q11740126,Klincz
Q48861530,
Q5969203,IBOPA
Q28416148,
Q136377436,Perugia Chamber Orchestra
Q117194022,Korriganed
Q5729597,Black Stones
Q6423071,Knotlamp
Q2084937,Pipes and Pints
Q110991208,
Q3299301,Matrioska
Q16006214,
Q131403708,
Q3696094,
Q11306700,
Q3486403,Skumdum
Q114984884,Point Breakers
Q97672322,
Q11972008,Ginnungagap
Q12521197,
Q130551428,A Travestis
Q12259006,Hell Beer Boys
Q11536307,Negishi Opera Company
Q20979837,WoFo
Q85804149,Sunshine Orchestra
Q10585082,Midnight Roses
Q126937356,12th May Band
Q125157259,The Hara-kee-rees
Q3503030,Suga Mama
Q137652070,Farmers' Philharmonic Orchestra of Hokkaido
Q16178740,Beseto Opera
Q2819847,A Number of Names
Q138001278,Lowinsky
Q139757283,Lacombe Brass Band
Q20032842,Poerocks
Q7865607,URGH!
Q12345309,
Q11312712,Spankers
Q5126335,Claremont Trio
Q13019032,
Q7199337,Pittsburgh Opera
Q5351090,El Cuero
Q25215431,Metropolis
Q3783794,The Haydn Quartet
Q3358614,Outer Limits
Q98398774,
Q122770176,San Andreas Fault
Q10659507,SH!
Q10540598,JLT
Q12320992,KNA Connected
Q11321934,
Q16821014,7th Regiment Drum and Bugle Corps
Q11994250,
Q137653488,Slash Fiction
Q9324363,
Q133799688,
Q55964577,Lynch Pilson
Q65272929,
Q804059,Bistro Blues Band
Q139762646,St Gabriel's Brass Band
Q13212725,
Q119443160,
Q131275189,
Q124497085,
Q110069590,
Q13024441,
Q17003006,Arabian Knightz
Q10381119,Thaíde & DJ Hum
Q133500480,Nagoya Citizens' Orchestra
Q137585136,
Q55605723,Bombay Monkey
Q16081508,Invazija
Q132531802,Hereos
Q9394952,Łysina Lenina
Q56300606,Flen World Orchestra
Q10706820,Två Blåbär
Q12110141,
Q4336498,Orchestra della Svizzera Italiana
Q12072705,The Maneken
Q3509003,Syrens Call
Q139762623,Taylor Safe Works Brass Band
Q3062664,Exxplorer
Q12760904,
Q110655745,Fúvósötös Magyar
Q1815600,Leipziger Streichquartett
Q117307306,Trespass
Q28406072,Majestic Drama
Q3414591,Magnifica
Q98139946,The Elovaters
Q47764508,Filharmonie
Q11319835,
Q55730339,
Q12074518,
Q111231169,
Q24074759,Doctor Prats
Q41589886,Panican Whyasker
Q85802382,Southern Crossings
Q18043240,
Q12520094,Tato
Q11977012,
Q3355266,Venice Baroque Orchestra
Q98850392,Isma Romero
Q6428606,Komplett Arnold
Q114566086,Grupa Marina Škrgatića
Q2087666,Orkater
Q139762517,Manitoba Brass Band
Q1442505,Franco & Ciccio
Q4955754,Brain Donor
Q110069281,
Q25448141,
Q16655671,Lies
Q11738800,Ketha
Q20857952,The Gentleman Homicide
Q131275156,
Q11239445,People In The Box
Q48748156,TATSUYA
Q3228264,Le Voyage de Noz
Q16238655,Amersham A Cappella
Q65227587,Alfred Beach Sandal
Q7383698,Ruž
Q2066271,Swedish Radio Symphony Orchestra
Q3194455,Kazero
Q136832133,Kjellström Quartet
Q110895132,Durham Youth Orchestra
Q9603604,Aliança 21
Q4823902,Australian Boys' Choir
Q3398184,Pork Pie
Q85864449,ArtTheaterGuild
Q18649714,Miel San Marcos
Q136339056,STARGLOW
Q16764239,Orchestre de Chambre du Luxembourg
Q24911582,Chasidica
Q85854122,Memories of a Dead Man
Q6544236,Liers in Wait
Q138031235,MELUNE
Q11919005,Els Muixins
Q136956102,Rändaja
Q5449245,Filteria
Q7294283,Rapoon
Q122926863,EYM Trio
Q2634052,State Symphony Capella of Russia
Q5337943,Edgey
Q572705,ORWOhaus
Q115621506,Wallpaper
Q127268750,Għaqda Mużikali Marija Bambina Banda Vittorja
Q61654345,Out Loud Colorado Springs Men's Chorus
Q110895155,Mississauga Symphony Orchestra
Q16426542,Skátar
Q25628951,
Q2312718,Brenoritvrezorkre
Q98446513,
Q65028335,Victoria Mozalevskaya Trio
Q25058599,Gli Spioni
Q106960867,
Q125417749,
Q16714966,Rusnaky
Q19385988,
Q15909797,
Q97374253,
Q7785694,This Empty Flow
Q9615242,
Q5432668,False Start
Q4352957,An Endless Sporadic
Q3198170,Kochise
Q7894622,University College Dublin Symphony Orchestra
Q116215490,
Q139713767,Mostly Mesh
Q28682778,
Q137638540,We The Band
Q134385796,Estonian Festival Orchestra
Q18545186,Paralela 47
Q11884051,Natisuta Hetekata
Q110069332,
Q15991878,Unsound
Q137187184,Headwreck
Q3131444,Padot na Vizantija
Q1125972,
Q30924907,Pink Babies
Q3354559,Opéra de Québec
Q122926854,CongopunQ
Q136337449,Lisasinson
Q11247731,Switch Style
Q100410248,
Q17012755,Three Stars
Q106230424,Rosenthal-Quartett
Q28943086,Melbourne University Choral Society
Q16247097,Bishakh-Kanish
Q4453499,
Q124448448,
Q137261507,
Q136697755,iPalpiti Orchestra
Q1970926,
Q17177236,THE INTEGRAL POULTRY
Q7733235,The Fallen Drakes
Q113470659,
Q123027220,
Q530198,
Q6391504,Hey! Say! Best
Q96707329,Moshimoss
Q11960469,
Q7708680,Th' Dudes
Q4483738,
Q56401078,
Q4217682,
Q10538054,isterbandet - flottig isterdisco och andra slagdängor
Q92730662,Lagunak
Q30610316,Call It Off
Q11981681,Kongsberg Storband
Q16171029,Korean Chamber Orchestra
Q5092470,Cherry Sisters
Q22129190,
Q7744801,The Klaxons
Q7670560,TKZee
Q120335601,
Q16158478,Death Valley Screamers
Q25432632,
Q10438870,CDOASS
Q4218550,Kvartet imeni Prokofʹeva
Q7645849,Surf City
Q1936377,
Q17429607,Yentl en de Boer
Q28688903,
Q130614281,RH Factor
Q11294245,
Q3316656,Miss Mama
Q20851518,
Q138965712,α+
Q1299883,Szombathelyi Ifjúsági Fúvószenekar
Q10567939,
Q60331603,AGBU Sofia Chamber Orchestra
Q65203747,
Q99620055,Bitter Sweet Alley
Q16607869,Mirabai Ceiba
Q7639373,Sunday Driver
Q3205919,LABO
Q25110608,Lakshman Sruthi Orchestra
Q1754049,Mo-Do
Q65254926,
Q135525436,Fruition
Q125588755,
Q14094401,Cancioneta Praga
Q111602969,Orquesta Sinfónica del Estado de Puebla
Q7228823,Poor Rich Ones
Q138667398,
Q106502161,Mørkheim
Q2837533,Korphai
Q1933913,Mikron 64
Q3877552,No Way Sis
Q10476280,Down and Away
Q2840321,Alte Voce
Q16249062,Diskordia
Q16954888,The Lost Boys Club
Q938834,Otpetye Moshenniki
Q113622777,Sonus
Q3355287,Imperial Bodyguard Band
Q16866626,Little Royal and The Swingmasters
Q131275196,
Q4037194,
Q48008057,Distruction Boyz
Q61364199,Elurretan
Q27817981,We Are All Sinners
Q4292421,
Q3150734,Infini-T
Q111785080,Max Roach Plus Four
Q5505321,Frohman brothers
Q6690255,Love
Q18627276,Auschwitzi lágerzenekarok
Q4417353,Sierebranaja Svadba
Q11196162,Don't Look Back
Q12408419,
Q3547046,Tùcan
Q1783665,
Q104603352,
Q126734923,Hollywood Roses
Q15088113,Cruel Tie
Q1921329,Animal Alpha
Q12644287,VIS Dinamiti
Q129677197,The Trinidad Singers
Q64994988,Joe Haider Jazz Orchestra
Q973565,Jutro
Q16156737,
Q4906055,Big Muffin Serious Band
Q122926981,Nôze
Q136008747,
Q16139447,
Q9348416,Sushee
Q85967309,
Q20563166,Trenk
Q4081650,
Q48940567,901KM
Q110069321,
Q31188089,Azken Aukera
Q9143119,
Q30922599,Yoshida Tadashi Kinen Orchestra
Q122926850,Catastrophe
Q110895145,Kingston Youth Orchestra
Q10685162,Svenska Paramountorkestern
Q7440094,Sea of Green
Q7774971,The Wiley Park Singers
Q6810550,Mekatelyu
Q10588269,Monkeystrikes
Q12011076,Ytre Suløens Jass-ensemble
Q13021992,
Q20858250,Washington Commanders Marching Band
Q1076640,Chorvereinigung „Jung-Wien“
Q97171225,La Kinkerne
Q12311165,Feed Back
Q6166420,Warmrain
Q17217703,
Q85865482,
Q12367443,
Q65029957,Benno Willi Quartett
Q30948472,
Q9357856,The Boors
Q16274736,"Benedictines of Mary, Queen of Apostles"
Q25352155,Minaret
Q6604995,
Q120869773,
Q106972899,Phat Phunktion
Q108898808,Skynd
Q121734327,Artikal Sound System
Q12745421,Horkestar
Q83811593,Grand Serment Royal et de Saint-Georges des Arbalétriers de Bruxelles
Q100940028,Future Bounce
Q6947375,Myepic
Q7432890,Schroeder's Cat
Q7639127,Sundae Club
Q15041001,Curious Me
Q10332051,Monte Zion
Q136645037,Philippine Opera Company
Q104863094,Scandal
Q300711,Aachener Bachverein
Q27817725,Flawed by Design
Q110895180,Parkdale United Church Orchestra
Q24870196,Classmate J
Q12166840,Khamerman znyshchuye virusy
Q28502533,
Q1214227,Die Ladiner
Q3230903,Les Avions
Q28206987,The Vocaleers
Q850791,Dohnányi Orchestra Budafok
Q7376863,Rude 66
Q133864607,Yorkshire Bach Choir
Q10658580,Rävjunk
Q48755142,Hannover Harmonists
Q138505275,
Q5975955,I Am David Sparkle
Q95952102,Scalameriya
Q11996215,
Q5313483,Dulsori
Q48874066,Defrost Youth Choir
Q78128628,Gleitzeit
Q85767873,Hyperborea
Q21569049,Mates Mates
Q100266694,Dreampilots
Q4832549,Neustrašivi Učitelji Stranih Jezika
Q109469933,
Q108146298,
Q119361848,
Q3049362,Eighth Blackbird
Q130377113,A Twink and a Redhead
Q22126540,The Movie Archives
Q65245426,
Q22127515,
Q125184543,Generous Maria
Q7736267,The Ghost Frequency
Q7624036,Strings of Freedom
Q109910775,Order of the Kuulkappers
Q10260452,Coral Resgate
Q110069534,
Q17454181,Grad
Q61365282,Antton Larrandaburu & Bitxiloreak
Q11159600,Rok agresori
Q97166561,
Q306595,Österreichisches Ensemble für Neue Musik
Q11859506,Fermaatti
Q11599710,
Q2085951,Philharmonischer Chor Köln
Q1251621,Zana
Q858041,Canticum Kamarakórus
Q10705348,Trutamora Slovenica
Q130256921,Moshavot Chamber Orchestra
Q126920752,3AM
Q138390995,Radiotjänsts Underhållningsorkester
Q15257876,Ahlert & Schwab
Q116762250,Kurt Drabek and Klaus Wüsthoff Orchestra
Q9293502,Homomilitia
Q63208510,
Q43140695,New Day
Q24950797,Nico and the Red Shoes
Q7736743,The Glee Club
Q17231315,PRESENCE
Q55378433,
Q6382646,KeeN
Q20684972,Next Mushroom Promotion
Q109598810,
Q5427957,Fabrangen Fiddlers
Q130484432,Carry & Ron
Q10548099,Kornet
Q105730950,
Q68935082,
Q696597,Hagen Quartet
Q1746075,Klazz Brothers & Cuba Percussion
Q65266309,
Q115861020,Maxi Jazz & The E‐Type Boys
Q1898526,Rotterdam Marine Band of the Royal Netherlands Navy
Q71332599,Deadly Nannas
Q30947934,ARIEL (Project)
Q65074652,Heart Attack Man
Q14856178,The Winter Tree
Q111945446,Art of Sleeping
Q106941957,
Q50219265,
Q12642266,Slavonske Lole
Q112612334,Black Doldrums
Q110895172,Orchestra Toronto
Q53833341,
Q109673896,Rapperswil Men’s Chorus
Q116918618,The Mums
Q65032528,Panorama Syndicate
Q1216633,Nemzeti Front
Q116950804,Magic City Hippies
Q3355293,
Q7366605,Rootjoose
Q7817874,Tom Trick
Q31187989,Kokein
Q11342037,
Q126918701,
Q4317219,
Q24236082,SDIB
Q3133403,Herbalist Crew
Q28134927,Pepe and the Rarotongans
Q20476792,
Q18331461,7 WEEKS
Q134134408,
Q16625786,Yatha Sidhra
Q56356207,
Q706595,Sweety
Q3037471,Double Leopards
Q118905876,Los Pleneros de la 21
Q31188094,Elortegi Anayak
Q5273498,Dick Van Dyke and The Vantastix
Q9198735,Czerwie
Q4829189,Avon Cities Skiffle Group
Q134876900,
Q139971385,Moron Police
Q140263199,Steve Sola
Q2094831,Hail Gewoon
Q11954326,
Q2351622,Vigo Thieves
Q122926978,June & Jim
Q6421048,Klingonz
Q3217690,Laomé
Q25667981,
Q13073105,Myoma Amateur Music Association
Q106464975,Sančuari
Q62060397,Armenian Little Singers International Association
Q4848326,Bailey-Salgado Project
Q123382672,Outerloop
Q106651134,Class War
Q5249866,DeeExpus
Q136384902,Pennsylvania Chamber Orchestra
Q55727494,
Q11993892,Opera Comique
Q7938136,Vlach Quartet Prague
Q130456593,Dozer
Q11221938,group inou
Q138042851,
Q131149924,Metalheads
Q23878199,
Q7125265,Paja Brava
Q28701905,
Q48697941,Spaceflyte
Q65043322,Spilt
Q7975284,Wave Machines
Q10695815,The Snobs
Q10695428,The Bombettes
Q48878185,
Q1028613,Camerata Nucleare
Q17591042,Philharmonia Chor Wien
Q10852727,Super Girls
Q116971253,Future Terror
Q7825749,Tori Ensemble
Q5447909,Fighting Kites
Q31273872,
Q56410398,Creol együttes
Q7743907,The KBC
Q1979728,Talich Quartet
Q16428416,
Q126870430,Seduce
Q107386254,
Q24294839,
Q85806973,The Dixie Sweethearts
Q132528507,Empire State Bastard
Q12062345,ANIMA
Q138036197,
Q58240277,Teresa and the Wolves
Q56824895,Madensuyu
Q2209017,Saalfelder Vocalisten
Q12341685,YTF Global
Q121433387,Lifeguard
Q20106422,
Q6145914,They Must Be Russians
Q63208524,
Q122285669,Black Alice
Q105435744,
Q4182138,ZGA
Q2464818,
Q65089005,Misgiving
Q30086575,
Q16728884,Everything in Slow Motion
Q107596246,
Q7771774,The Upbeats
Q6428683,KonKoma
Q21569215,Zulú 9:30
Q61107929,
Q124423430,
Q3231044,Les Binuchards
Q12000670,Sister Rain
Q6314205,Juno Falls
Q6827452,Miami University Glee Club
Q12024496,Jen žádnou paniku
Q55522659,Hiro-a-key
Q131275106,
Q11229348,LOOPCUBE
Q2500759,Banjo Band
Q12230626,
Q7502823,Shouting at Planes
Q11855260,
Q25339649,Top One Project
Q104778242,
Q137771845,Singing Out
Q55637480,Wayland
Q11225342,JAPAN-狂撃-SPECIAL
Q87442530,SphereDemonis
Q16114816,Tena Novak
Q9207797,Disgusting Lies
Q7720900,The Cables
Q5032746,Cannon
Q71797900,
Q109018652,
Q104556121,
Q136670424,Kapodistrias Philharmonic Association
Q12269100,
Q55657260,
Q122920500,Romberg family
Q85791452,Outhentic
Q127038766,Għaqda Soċjali u Mużikali 10 ta' Awwissu
Q135987400,
Q30434624,Evolver One
Q63248768,Kinzmen
Q133933838,Harmonious Wail
Q3399952,Potato 5
Q6202710,Jinny
Q55642337,The Tragic Thrills
Q107290302,Erskine Hawkins and His Orchestra
Q55940022,DTCV
Q18430365,
Q3869174,
Q104852251,The Washington Chorus
Q104603381,
Q17776626,Gosen Gla'jazz
Q65032536,Viernes de Hongos
Q98641281,Mass Extension
Q3477009,Second Rate
Q124485554,Glitterer
Q50193274,Indarrap
Q7397047,Sacramento Youth Symphony
Q111736401,Honeyglaze
Q139263955,Little Storping in the Swuff
Q107333437,Karei & ooo
Q16421192,Þokkabót
Q11785656,
Q97477706,
Q10512789,Göteborg Sound
Q6056108,Birkaç İyi Adam
Q11994298,Oslofjord Brass
Q111474093,Lion's Law
Q112168880,Avataar
Q125177533,Reverend Deadeye
Q123015897,Coin Du Roi
Q1493896,
Q49974417,
Q10646826,Pure-X
Q24868948,STROBE NOTE
Q105480689,
Q125177271,The Psychedelic Avengers
Q6661044,Llama Farmers
Q39072105,Lolomis
Q102256230,
Q115662170,Young Scum
Q5036811,Captain Stu
Q107663363,
Q19372208,
Q1872321,
Q1368698,Essener Bachchor
Q3374717,Penfleps
Q33513124,Usyord  (ensemble)
Q110895133,Edmonton Music Enrichment Program
Q94561430,Aina
Q124617001,Symbiosis
Q119167557,
Q13025025,
Q12267945,The Motherfuckers
Q5569634,Glimmerglass Festival
Q130404758,Crai Nou
Q7428440,Savoy Orpheans
Q11914374,
Q120266273,
Q139743587,Gil Evans Project
Q65028502,The New Off & Out
Q2878726,Badmingtons
Q10713012,Vargavinter
Q65112478,Pargo
Q10550217,Göteborgs universitet. Musikhögskolan. Kammarkör
Q119500376,The God Bombs
Q96381265,Hot Country Knights
Q12031546,Krless
Q11752243,L.O.27
Q62070171,Hedge and Donna
Q48699332,Brenda and the Big Dudes
Q97225886,
Q3375397,Perio
Q135682835,Festes galantes et champêtres
Q86608309,Wellington Youth Orchestra
Q131316450,Músicxs de Chile
Q11336767,
Q55465793,"Estilo Tango,"
Q126946607,Kiss My Poodles Donkey
Q125726404,Canzonetta Osečná
Q3029380,KariZma
Q96417548,A Dead Forest Index
Q7769745,The Tower of Dudes
Q123261563,Psicodreamics
Q119849911,Fuller Sisters
Q16847629,Initial Detonation
Q767760,
Q25110419,Disco Pistol
Q48702504,
Q5021192,California X
Q49969625,Harmoniemaatschappij Sint-Cecilia Bevere
Q7499392,Shivering Spines
Q65174694,
Q16139490,
Q106341119,Seattle Festival Orchestra
Q61057906,EnGene.
Q11831705,Pull The Wire
Q139376972,Mid America Freedom Band
Q9052969,
Q7701354,Teplice Symphony Orchestra
Q110262857,
Q63533019,Vibralux
Q110901171,
Q110300545,Jonny & The Baptists
Q814134,Beethoven Orchester Bonn
Q18349372,Crossroads
Q106926295,
Q113076522,Männersache - Vienna Gay Men's Chorus
Q130483556,Janssen Symphony of Los Angeles
Q10650014,Ray Wonder
Q52225226,Koninklijke Harmonie 'De Eendracht' (Mol)
Q15980413,Ansámbl Forte
Q124937136,Smut
Q2353366,
Q136698737,Chorolê
Q105613071,
Q4419935,Odense Symphony Orchestra
Q28678638,
Q11961270,Bjølsen skole guttekorps
Q11871226,
Q136455967,Beat
Q16836016,The Exponents
Q109312717,
Q124497030,
Q31189126,Huts
Q104520549,Ye Vagabonds
Q7277943,RTÉ Performing Groups
Q113455579,Muddy What?
Q19393510,TuriStene
Q114760144,
Q136679946,Hachinohe Junior Orchestra
Q25581614,
Q7194931,Pinchgut Opera
Q134716682,Six by Six
Q136361018,Funkapolitan
Q12165762,FlyzZza
Q19977326,Wermlandsensemblen
Q124497083,
Q138028362,Tribal Gaze
Q3726174,
Q10674021,Sorkar & Strängar
Q117847957,
Q105882733,Cassie and Maggie
Q96391242,MONOWHALES
Q11752572,Ladaaba Orchest
Q12062619,
Q137212297,CineMusic Orkest
Q54953754,New York Electric Piano
Q65036887,Buschi & Anni
Q104699034,
Q20529399,
Q18627884,Sandvika Storband
Q10621779,Paul Harrington and Charlie McGettigan
Q5379950,Ensemble Gombert
Q97352905,Et Incarnatus Orchestra
Q5532863,Genetic Control
Q61359678,Lupus
Q7144826,Pathologist
Q140319769,
Q17195135,The Key Brothers
Q131143940,
Q124896785,
Q11425499,
Q7751004,The Men of the Deeps
Q122926872,Jupiter & Okwess
Q55470283,"Típica Imperial,"
Q23055401,Siakol
Q30937589,Alphoenix
Q6979511,National Youth Orchestra of Iraq
Q31891923,Frotté
Q109925550,The Golden Voices of Gospel
Q21546059,Spinecast
Q1721490,Kairos Quartet
Q66022681,Calle Alegria
Q47494688,Gracie and Rachel
Q22127921,Super Ganbari Goal Keepers
Q28457415,Sour Cream
Q3484846,Sin
Q9191995,
Q13405454,Song and dance ensemble LANY
Q124094228,Herbert Pixner Projekt
Q25468796,
Q112061787,Ducks Ltd
Q11044968,Trio Kwek Kwek
Q2414241,The Singing Dogs
Q104723901,
Q138330874,Sexgeräusche
Q28805871,Kolbacken
Q7835719,Trash Fashion
Q97196208,
Q39058348,Fangclub
Q5718262,Banda R-15
Q56278212,Twinkeyz
Q25000316,Vertical After
Q98456447,
Q131275100,
Q107123972,Amankay
Q5463382,Flying Column
Q130357298,The Jack Moves
Q136871117,Schoolgirl Byebye
Q124004719,Grupo Cartel
Q126113025,The Sunday Painters
Q6941539,"Infection, Israeli Rock band"
Q122212806,
Q116481399,Koma Serhat
Q139676048,Guelph Citadel Band of The Salvation Army
Q11293223,Czech Chamber Orchestra
Q65964339,Vanishing Twin
Q61362797,Perlata
Q111181381,Sumner
Q132307354,Curtin
Q12326625,Melting Walkmen
Q12007932,Prague Youth Philharmonic
Q49425144,Nausikaä-koor Brussel
Q5004286,Byron
Q13381353,
Q131415767,Les Orientales
Q110895173,Orchestre classique de Montréal
Q11764841,MC Diva
Q50214529,
Q6699767,Luger Boa
Q97194122,The Grateful a MogAAAz
Q138641450,Domkraft
Q22662945,Myzterion
Q6283863,Joseph Haydn Kammerphilharmonie
Q61115125,Pollen
Q6825618,Meursault
Q1415332,Budapest Gypsy Symphony Orchestra
Q4267334,Losyon
Q4035058,Bestial Deform
Q2376685,Dog Blood
Q48751462,ENTH
Q123261217,Mad Twinz
Q125714586,The Outlaws
Q56357694,
Q1350449,Kammerchor Klagenfurt-Wörthersee
Q65173587,
Q139757332,St Mary’s Indian Residential School Brass Band
Q17180575,Echotape
Q137919545,The Exbats
Q88947789,Anwar Sadat
Q105689351,Smith/Kotzen
Q3160725,Jaleo Real
Q9184321,Camerata Scholarum
Q107015325,Ambient Hawaiʻi
Q110291170,
Q24951384,Chœur de l'Elysée
Q31200499,Ženski vokalni ansambl Corona
Q2818906,A.S. Dragon
Q10538822,J.P. Nyströms
Q118188897,Bibi
Q27817193,Hyste'riah
Q2392524,
Q7419294,Santa Cecilia Choir
Q112073996,
Q3486297,Skinkorps
Q31899806,Cwealm
Q3073663,Flexa Lyndo
Q122736821,
Q7713072,The Alexander Brothers
Q3783880,
Q12631310,Gabber Mafia
Q139762519,Somerset Brass Band
Q16408632,
Q7620190,Storm Weather Shanty Choir
Q11073804,aicle.
Q15052721,The Cabin Collective
Q111507649,
Q131303358,Nosto Modo
Q10578821,Mazarine Street
Q60041113,ContraBanda
Q51533079,Papar
Q18216989,Lycaon
Q104759548,Babal
Q4335820,Orgia Pravednikov
Q130564549,The Arcadian Wild
Q122920445,Lully family
Q116564758,
Q10612998,Oskar Schönning
Q11962290,Brio Band
Q124040348,Opus Two
Q25303173,The Shy Guys
Q10432434,Bolin
Q19310955,
Q85857950,
Q16495229,Alash Ensemble
Q65082365,ShiLi & Adi
Q16681471,Two wayz
Q2032078,
Q3594082,Œil pour œil
Q6827943,Mi Casa
Q3054887,
Q93764428,Helhorse
Q11990186,Mundanus Imperium
Q29949313,Sinfonierorchester St. Gallen
Q139488763,Briggs & Stark
Q108330790,The Mallor-Kings
Q1478658,Kalamashaka
Q111021932,Kaset Kusut
Q25056695,Poll
Q13014591,
Q4879523,Bee and Flower
Q19377624,
Q137645147,
Q28687488,Pure side love
Q10505066,Gislaveds Symfoniorkester
Q3038450,Dr Phibes & the House of Wax Equations
Q22907859,Distorted world
Q106535976,The Tracian Three
Q20038947,AIRPEN
Q16639316,Groupe de musique expérimentale de Marseille
Q48213255,
Q16953280,Montreal Baroque Orchestra
Q3693860,Coro Musicanova
Q65036874,Bright Smoke
Q118780395,Mut Trio
Q11693161,Deadlock
Q30938477,
Q5123900,City of Sails Chorus
Q22752209,Bartlett and Robertson
Q24962725,Private Circus
Q48750112,Pageant
Q107263563,
Q7503159,Showbusiness Giants
Q12278998,Dawn Road
Q134873107,Trivax
Q7918307,Vegas Martyrs
Q56181535,Morriston United Choir
Q3545266,April Boys
Q7496906,Shimmy Rivers and and Canal
Q25056795,Half Price
Q25056657,The Noise
Q132827359,
Q27817704,The Dot Wiggin Band
Q30935088,Re:plus
Q123190739,NewId
Q133097753,
Q5718346,Banda sinfónica municipal de Pedro Muñoz
Q23783880,Gemischter Chor Zürich
Q107222179,Kouns Sisters
Q12256113,
Q112977050,
Q11939485,Orfeó de Sants
Q1353652,Soliloquy
Q9192023,"Choir ""Ogniwo"""
Q121590586,Diver City
Q135228599,
Q124130887,Pamberi Steel Orchestra
Q137584006,Hopi Clansmen
Q5436906,Fast Crew
Q7085221,Old Time Gospel Hour Quartet
Q11735899,KarmaComa
Q28683662,WEBER
Q25431538,
Q55662698,
Q938580,Los Carayos
Q74146941,
Q116788933,
Q4042047,
Q5038452,Cardiff Philharmonic Orchestra
Q4748847,Amsterdam String Quartet
Q19965817,Wiegels Wjukkelmasine
Q5094549,Chewy
Q139780730,Skratten
Q20093908,Lisapetny Battalion
Q3441924,Root'System
Q11800736,Ostrowiacy
Q122927073,Ensemble Accroche Note
Q7882683,Uncle's Institution
Q115681832,Zolotoukhin brothers
Q60852939,State Academic Dance Theater of the Republic of Kazakhstan
Q10563165,Liquorice Car
Q85866533,Nina Pelea
Q110891759,Muziekvereniging Excelsior Westenholte
Q17194073,WOMCADOLE
Q7096651,Opera in the Heights
Q55700288,FunkSoulVation
Q139781068,Delirium
Q14779007,
Q61996185,Resurrection Kings
Q124819049,Rover
Q28678626,
Q122706082,Voces Intimae
Q907679,Bremer Kaffeehaus-Orchester
Q64089554,
Q11693021,Darkwind
Q25344960,Suncoast Sound Drum and Bugle Corps
Q137368284,Sharpe Family Singers
Q131927884,The Celestial Parlour Orchestra
Q69104753,Brooklyn Repertory Ensemble
Q139592825,Big Hush
Q28973863,Homeshake
Q107719162,Malojian
Q114740742,"Bauer, Garn & Dyke"
Q19610628,
Q6413445,Kingston
Q106454781,Johan Sara Jr. Group
Q7720909,The Cadets
Q7072903,ORBO & The Longshots
Q7981426,Wellington International Ukulele Orchestra
Q52224677,Gemengd Zangkoor Sint-Theresia
Q109362476,Elysion Philharmonic Orchestra
Q6400177,Khanata
Q10341774,
Q115773,Lucerne Festival Strings
Q124004699,Banda Los Populares Del Llano
Q13024572,
Q97625785,Weana Gaudibrüada
Q3550778,Unité 2 Feu
Q7728025,The Crescent
Q116742236,
Q12764531,Detský folklórny súbor Dúbravienka
Q10544614,Keep In Mind
Q2288953,Symphony Orchestra Aachen
Q10451531,Christers
Q11193001,CAPTAIN HEDGE HOG
Q13632878,National Reserve Korps Fanfare Orchestra
Q106675977,Percussion Group Cincinnati
Q10556892,Lena + Orup
Q12377181,
Q136773806,Lufthaus
Q99533111,Dual Sessions
Q140264212,CoverDog
Q118390876,Lienz Symphony Orchestra
Q110069395,
Q2459800,
Q30973906,
Q121029057,Gordon Grdina's Nomad Trio
Q28003660,
Q101580171,KouguIshin
Q124516408,Theo Jörgensmann Quartet
Q8054006,Ylioppilaskunnan Soittajat
Q10710262,Uppsala Vokalensemble
Q48800607,
Q105637083,Hololive Suisei Channel
Q50323705,Appassionante
Q24579011,Donso
Q105106285,
Q110665044,barcodeband
Q13654823,
Q10472190,Die Seks
Q11939481,Orfeó Laudate
Q11541106,
Q12165303,Fata Morgana
Q116451847,DCG Brothers
Q6153520,Trío Tariácuri
Q1296790,Szentegyháza Children's Philharmonic
Q6983853,Carmella Gross & Wagner
Q57830583,The 4th Edition
Q5304418,Dr. Strangely Strange
Q7137370,Paris Washboard
Q125921583,
Q7826430,Toronto Jewish Folk Choir
Q89977418,Sages Comme Des Sauvages
Q10602717,Norrbottens Kammarorkester
Q49095801,Volodja
Q90415620,Post Office
Q16488999,
Q11228461,Ketchup mania
Q92560630,
Q104597420,
Q139602425,Dan Tepfer Trio
Q85796387,Redlight King
Q1547409,Groove Solution
Q134895761,Not Enough Space
Q135483576,Geezer
Q130266141,
Q4457000,Mogens Dahl Chamber Choir
Q135212436,Harmony Riley
Q27817201,Obsequiae
Q60851194,
Q686537,Orchestre National de France
Q7878454,Ukrainian Dnipro Ensemble of Edmonton
Q2051788,K&G
Q123389462,Me&
Q65086235,Rock N Roll Hi Fives
Q7098151,Opihi Pickers
Q65090729,Moscow Circus
Q940712,Kevrenn Alre
Q12751935,
Q49100939,Bäckstädetrion
Q12337779,Supreme Cuts
Q42900740,
Q1734428,Tierra Negra
Q63208500,Le Poutou de Toulouse
Q9174005,Bizony
Q6876235,Miss Black America
Q85979512,
Q127475609,5vor12
Q4644534,81db
Q110895160,Northumberland Orchestra & Choir
Q6994184,Neosupervital
Q124004620,Banda Los Populares del Llano
Q85873406,
Q132528360,Jim and Jean Strathdee
Q25580322,Banda de Gaitas El Trasno
Q18225876,
Q4802936,As One
Q124368228,
Q5123094,City Choir Dunedin
Q58483729,Kiel singt und spielt für Kiel
Q2716013,
Q20312203,180 Out
Q55829845,The Adolf Busch Chamber Players
Q20068266,
Q133892232,Os Garotin
Q29025038,Jess & Matt
Q51028935,Cappella Splendor Solis
Q24889844,Yuka & Chronoship
Q30325686,Taylor Girlz
Q57830611,Panache
Q390354,San Francisco Opera
Q137585126,
Q12311475,Fjell
Q11951731,The Bee Gees Band
Q24578435,Yamle
Q9192026,
Q96400816,R.A.I.D.
Q19612755,
Q65028973,Dick Kiechbusch Zimmerlin
Q55284716,Euclid Beach Band
Q2882107,Banda Municipal de Santiago de Cuba
Q5611128,Group Bombino
Q106281855,Carlyle Cousins
Q10602346,Norlins
Q3197050,King of House
Q11573120,
Q123090821,Blunda
Q7769280,The Tilbury Band
Q115517956,The Scene
Q3210509,La Manivelle
Q4440790,Staruha Mha
Q13019574,List of Thai musical groups
Q2028609,
Q55633962,Stepa
Q111715566,Przyjaciele Karpia
Q5762294,Centuria Romana de la Macarena
Q110268867,
Q116927586,The Twombley Spiders
Q104849681,Contrarian
Q136350627,Beautiful Mind Orchestra
Q131048374,Vihar
Q3521470,Kiff No Beat
Q139922249,Eyemèr
Q2741842,3-1
Q105449828,
Q12788964,Folklorna skupina Kres
Q136385909,Académie du Concert de Lyon
Q10341684,Taipei Century Symphony Orchestra
Q7564935,Sounds of Mexico
Q4069929,Arsenal
Q6762526,Maribor Academic Choir
Q1344245,Ensemble FisFüz
Q122926893,Padam
Q134622929,
Q137455994,Zawose Reunion
Q135581681,Church of Rhythm
Q11891875,Sabotaasi
Q7441867,Season
Q18280924,Sulino & Marrueiro
Q131275105,
Q15910966,3Think
Q132761020,Risca Male Voice Choir
Q3506360,Svinkels
Q58032719,Flora Cash
Q7331009,Richmond Symphony Youth Orchestra
Q24075525,River Town Saints
Q133270021,Virtual Currency Girls
Q48750476,ANSIA
Q23888551,
Q3744936,
Q131437861,Johnny Booth
Q7755162,Onyx
Q9380362,Wyspy Dobrej Nadziei
Q2893514,Bed on Bricks
Q139074132,Hen Ogledd
Q10409591,Anachronaeon
Q706745,Artemis Quartet
Q104976083,
Q29421368,Skyblasters
Q7928371,Viennese Singing Sisters
Q4218539,
Q12263675,
Q84566864,DADAROMA
Q108564849,
Q106546575,
Q9189147,Charming Beauties
Q6484147,Land of Lakes Choirboys
Q12029926,
Q12303957,Bodies Of Work
Q48699720,Twin Hype
Q30594334,Dirtcaps
Q1218365,No Thanx
Q123555268,Umbria Jazz Orchestra
Q24930075,Le Quartet de Lyon
Q12103318,
Q110069364,
Q1310607,Neues Bachisches Collegium Musicum
Q51583727,Kacy & Clayton
Q12293937,Slavey Quartet
Q136511124,Pacific Music Festival Orchestra Academy
Q15434828,Verdi-Quartett
Q23835459,Fla$hBackS
Q5399867,Essgee Entertainment
Q139762632,Weaver Cornet Band
Q38792572,Bagad Douar ha Mor
Q11198257,Electric Guitar Quartet
Q7767463,The Super Friendz
Q11963729,Christiania Jazzband
Q136461162,Navaye Aftab Orchestra
Q136374837,Amsterdam Youth Symphony Orchestra
Q125184537,Infected Brain
Q7770273,The Tritones
Q138948757,ULTHA
Q12690935,
Q10701586,Tre Profiler
Q24060455,Out Of Karma
Q4950116,Bourbonese Qualk
Q6750112,Manitoba Opera
Q4001200,Typhoid
Q30598875,Revolution [music group]
Q105037936,
Q120335690,
Q55657548,State Small Symphony Orchestra
Q7064386,Novacosm
Q18221806,Nattō Angel Z
Q97206308,
Q128405958,Soċjetà Mużikali San Girgor
Q110069328,
Q134701525,fav me
Q111604594,
Q28452457,Apparatus
Q48702284,
Q14749711,
Q12726203,Cărăbuș '68
Q7260659,Pupil
Q56323534,Carnation
Q7729340,The Deadlines
Q115867165,Cultic
Q20980779,NGe
Q7198438,Pissuk Rachav
Q5244552,De La Salle Zobel Symphony Orchestra
Q9192064,
Q15053027,Isochronous
Q61750387,
Q104696589,CORE Ensemble
Q117686191,Last in Line
Q21029705,Moroccan Philharmonic Orchestra
Q7638221,Sun Cats
Q136128775,The Royston Club
Q12698638,
Q11791156,NieBoNie
Q104590867,
Q85114045,
Q106728332,
Q12638676,O.K. Club
Q60580553,This Fluid
Q60742546,Percy
Q28414494,Ela8te
Q138673798,Pyncher
Q80165514,Piccola Banda Ikona
Q3561952,National Theatre of Moravia and Silesia
Q12084607,
Q12306948,
Q107380582,Willoughby Symphony Orchestra
Q95468370,
Q7989116,Westminster Abbey Choir School
Q1429474,Florentiner Streichquartett
Q20103882,
Q118221162,Oratorio yerushalayim
Q97207229,Saia Goait
Q2042975,Orchestra Roma Sinfonietta
Q24901332,The Anomoanon
Q4476787,
Q12096423,
Q65197891,
Q7729240,The Dayglo Pirates
Q48750977,
Q12376124,Tallinn Baroque Orchestra
Q61088374,
Q10341610,
Q105637058,
Q120335545,
Q16158592,Ensemble Nostri Temporis
Q86733044,LEZARD
Q6932221,Mugstar
Q21030562,Australian Welsh Male Choir
Q12255302,Bizardunak
Q22350919,Chor der Leibniz Universität Hannover
Q11819550,Plebania
Q9632421,As Marcianas
Q2325343,Darmstadt State Theater
Q17146311,Sinnergod
Q105529173,
Q98641279,Backyard Band
Q18564448,
Q12004050,Superskill
Q5159157,Condemned
Q9192060,
Q139589423,"Ensemble of Russian Cossacks ""Cossack Kuren"""
Q21092985,Kaiser Quartett
Q7757812,The Portland Cello Project
Q6690640,Love Hunters
Q7145424,Patricia
Q20525728,Zagrebački mališani
Q136695889,Kagoshima Symphony Orchestra
Q31188258,Nebbian
Q7762883,The Second Band
Q18216972,Los Morros del Norte
Q124801129,The Hawaiian Quintette
Q78045888,APM
Q113076481,Neuer Berliner Damenchor
Q104878074,German Army
Q108527457,
Q10500614,Fyrdung
Q4370223,
Q106468796,
Q28812920,AREA21
Q7738589,The Göteborg String Theory
Q7548689,Snowpony
Q10646827,Pure Divine
Q22083882,Big September
Q16957485,New Zealand Police Pipe Band
Q24933303,Gangstar Toons Industry
Q85781980,London Repertoire Orchestra
Q10372723,
Q131948865,
Q116872510,David Pasquet trio
Q124607446,The Fabulous McClevertys
Q11991202,
Q11317507,
Q10466885,Darn
Q3521804,The Marxmallows
Q51029094,Haiku Funeral
Q18682947,
Q9161734,Atom
Q25420475,Nosso Sentimento
Q65254784,
Q12325574,Mad Gustaf Band
Q27101872,Orchester der Berliner Volkspolizei
Q11960008,Bajazz
Q24962821,HYENAZ
Q20103053,Radio Picnic
Q18288609,Orchestra filarmonica marchigiana
Q15837083,
Q10311907,João Mineiro & Marciano
Q60983428,Accurst
Q20990673,AmabAdamA
Q136680115,Yonezawa Philharmonic Orchestra
Q4746978,Amity in Fame
Q3453892,Ryco Jazz
Q23540918,Ballyhoo
Q12635095,
Q19381214,
Q120174448,L'Estro Armonico String Orchestra
Q4392833,Harry Klorkestein
Q97669694,Voices of America
Q138006421,Haute and Freddy
Q11190767,B.S.R.
Q3885005,Orchestra sinfonica Haydn di Bolzano e Trento
Q1214837,Die Missouris
Q104780585,
Q5890998,Homo Twist
Q106437893,The Khoi Kollektif
Q668904,Bruckner Orchestra Linz
Q16836879,Fire Next Time
Q7772212,The Vermicious Knid
Q10284282,Forum Livii
Q22131800,
Q7844164,Tristar
Q4328319,New York City Symphony
Q2548531,Wanted
Q28673341,Ziggie Piggie
Q47764241,Muziekmaatschappij L'Echo de la Jeune Campine - De Weergalm
Q110768781,
Q2640989,Aleph Gitarrenquartett
Q122640427,Anihila
Q1006242,Bundesjugendorchester
Q4050005,St. Petersburg Ska-Jazz Review
Q12804062,The Toronto Drug Bust
Q57909294,Island Hills
Q125241468,The James Hunter Six
Q20857970,Harmony Express Men's Chorus
Q135616139,
Q2337043,Holland Boys Choir
Q65275798,
Q3423081,Refrigerator
Q108543009,
Q2540551,
Q6080664,Akbank Chamber Orchestra
Q11784879,Mollęda
Q128795622,Norddeutscher Synagogalchor
Q12266123,
Q9383558,Youthquake
Q120756688,Rio de Janeiro Philharmonic Orchestra
Q3327460,Mugar
Q2655309,Orchestre Philharmonique de Liège
Q49104669,Möra-Per
Q11193513,Cokehead Hipsters
Q94087537,
Q61361431,Torii
Q15438941,Landespolizeiorchester Brandenburg
Q11306760,
Q136371292,
Q137705018,
Q106322309,Billen Ted
Q87910990,Royal Floz
Q6055412,PLM Rondalla
Q56377569,Mint Field
Q4050533,Sōla
Q12332487,Prussic
Q7907084,VIS Simboli
Q1711225,
Q111145155,
Q109469534,
Q16438870,
Q2458587,Gösta Berlings Saga
Q61654155,Amsterdam Gay Men's Chorus
Q7186806,Phoenix Chorale
Q139603336,Lorelai Elliott Long
Q109361096,
Q120490815,Svemirko
Q56412028,
Q2373794,Black Widow
Q11888514,
Q60749624,Spillage Village
Q17104536,Triumphator
Q33837028,Bal Des Boiteux
Q1593587,Heeresmusikkorps 10
Q136289143,Chiskop
Q20710506,River City Rhythm Drum and Bugle Corps
Q1748667,The Help
Q3498835,Stevans
Q4047023,
Q848927,Brainville
Q10422203,Attraktionsorkestern
Q139762536,St. John Cornet Band
Q4039095,G.E.N.E.
Q18164882,Wrongchilde
Q120335610,
Q11723737,
Q138543925,The Daisy Dillman Band
Q10475256,Docenterna
Q10637542,Popson
Q3259744,Los Kalibres
Q9048890,Native Guns
Q48760430,Soundbreakers
Q7750944,The Melons
Q48724391,Cedarmont Kids
Q15927617,
Q9601487,
Q105728658,
Q10708361,Ubangi
Q139827124,
Q61598185,Byzantijns Mannenkoor Friesland
Q115254662,The OneUps
Q17232602,TOKYOcreatist
Q88505344,Fabulous Flemtones
Q13021005,
Q136512594,Peace Philharmonic Orchestra
Q137585155,Mitya Kumarkin and the Loafers
Q2409339,The ABC&D of Boogie Woogie
Q116894106,Raime
Q9276461,
Q3050313,El Zorro
Q4146816,
Q104824737,
Q10358899,
Q132197451,
Q124674676,The Bolton Brothers
Q17621720,BBFC
Q10427500,Beachers
Q11827620,Projekt Volodia
Q7764614,The Sketches
Q104529688,
Q131731857,The Merry Ladies
Q7132587,Paper Aeroplanes
Q46125276,Cyborgs (DJs)
Q15941586,
Q48833751,
Q1287987,Quimbando
Q11241835,
Q2137342,
Q10650221,Red Squares
Q99542324,Franklin Pond Chamber Music
Q2599996,Yeleen
Q12071976,
Q133972118,Northeast String Orchestra
Q6777880,Maru Sankaku Shikaku
Q3192349,Kambrones
Q117018188,Frost Children
Q55687762,Mascarats
Q4373699,
Q137668368,Ice Hokku
Q30636198,Impossible Nothing
Q87647324,Chela
Q9616749,Anselmo & Rafael
Q55469536,Orquesta Romántica Milonguera
Q109652740,
Q100144645,The Soul Fantastics
Q2207275,Huelgas Ensemble
Q20949668,Nicosia Municipal Orchestra
Q11444990,Nara Philharmonic Orchestra
Q122573976,3 Chairs
Q136419536,Ghetto Classics
Q5853168,Exit refugium peccatorum
Q22084478,
Q136447264,Lionheart
Q139592755,The Bashmen
Q2435606,
Q11311590,SBK
Q24633840,VERONICA VERONICO
Q7064617,Novembar
Q134053077,The Sunshine Garcia Band
Q5025013,Camayenne Sofa
Q16960551,OPA!
Q12263950,Muted
Q3230277,Les 100 Grammes de Têtes
Q3486893,Smash TV
Q10488332,Ernst and the Edsholm Rebels
Q139753075,Amherstburg Cornet Band
Q112204604,Angel Nation
Q7533400,Size2shoes
Q28913265,
Q50349846,
Q107727193,
Q134376287,
Q7764428,The Singing Scott Brothers
Q4344978,
Q25349616,All Sports Band
Q136229725,
Q48961757,Blood from the Soul
Q11988042,Manifest
Q131275122,
Q31189117,Mairu
Q104901355,
Q931866,Neon Neon
Q112810897,Joyful Joyful
Q117304061,Unburied
Q105528888,
Q10543515,Kapten Bölja
Q10671926,Smedarna
Q139762645,Newport Cornet Band
Q4371246,
Q124051775,Darkside
Q48805001,Marea
Q4833513,Smiler
Q5157228,Compulsion
Q116927508,
Q92472713,
Q105972787,New Rules
Q120753902,
Q3355319,Orchestre Philharmonique de Nice
Q5511711,Förklädd Gud
Q7423401,Saravah Soul
Q17105616,Hong Kong University Students' Union Choir
Q124849293,
Q2963540,Chihuahua
Q99532023,Lychee & Naranja
Q24668323,Ayuda:新規ページの作成
Q10493165,Expanding Chaos
Q4265699,Lojko
Q10347281,Pedro & Thiago
Q6894837,Moist
Q3693818,
Q116148243,Fur
Q1866255,Amsterdam Wind Orchestra
Q681931,Bavarian State Opera
Q101194474,
Q12255987,Critikers
Q61397366,
Q24899219,
Q119133084,Teatro Lirico di Cagliari
Q97220002,
Q11320788,Duke Aces
Q28701869,
Q30122435,Vindata
Q104860207,Michael Barrow & The Tourists
Q12071687,Mirage
Q18111196,Chinese Music Ensemble of New York
Q2881806,Bambu Station
Q106474281,
Q17512780,The Lust-O-Rama
Q99543499,Seu Bezerra
Q54958382,National Children's Chorus
Q56300430,
Q61365366,Satelitik
Q7714153,The Arcadian Kicks
Q1905999,
Q126811361,Lotus
Q9185615,Cela nr 3
Q131612312,Olive and Eva
Q97640784,
Q5629809,HITT
Q123261736,Outta Limits
Q135991924,Berlin Philharmonic Youth Orchestra
Q6108779,JParis
Q120753875,
Q126948492,Għaqda Melita Banda San Ġużepp
Q2816932,4 Kids
Q7601056,Star Turn on 45
Q135197158,First Circle
Q4943896,Booth and the Bad Angel
Q22694834,Adam Young Scores
Q139676331,King Street Brass
Q4336491,Orchestre Sinanian
Q140087789,Vyva Melinkolya
Q105666505,
Q61107930,
Q6041557,Orlek
Q61364660,Luber Jack
Q18206519,Dueto Acosta
Q50411420,cabaretvereniging 'de Zingende Sterren van Waregem' en orkestvereniging 'de Zilertaler Blaaskapelle van Waregem'
Q10474037,Dirlewanger
Q7721391,The Carnation
Q17221920,
Q11198406,Eroica
Q130717767,Hot Lips Big Band
Q2527019,
Q7077463,Oddarrang
Q31182557,Stari Kapetan
Q7491863,"She's Spanish, I'm American"
Q137195994,Sweet Love
Q18690209,
Q3115790,Gravité Zéro
Q10501505,Första militärmusikkåren
Q7180516,Phantasm
Q12310840,F.I.P.
Q25409619,
Q15407633,Kammerensemble de Paris
Q98109981,LST
Q4674642,Acoustic Guitars
Q6516861,Left Front Tire
Q118192932,Guilet Quartet
Q7620781,Straatligkinders
Q134053426,μ
Q63753137,wristmeetrazor
Q65255064,
Q56340062,
Q10676110,Splash
Q110623778,
Q16597141,Romantycy Lekkich Obyczajów
Q109445414,
Q23039022,Greedy Black Hole
Q113076469,Kölner Spitzbuben
Q108560118,Taxi Joe
Q6420132,Klein + M.B.O.
Q17765337,
Q100308385,Bombay Madrigal Singers
Q7715688,The Barr Brothers
Q105755992,
Q32439906,Knightsbridge Philharmonic Orchestra
Q2113254,Laroux
Q11237022,NHK Symphony Danyū Orchestra
Q18632035,Free Spirit
Q7618051,Stockholm Youth Symphony Orchestra
Q4051377,The Third Twin
Q7238085,Praise
Q115052075,
Q7669927,TEA
Q113249256,
Q24521762,Sydney Chamber Opera
Q116679934,
Q111715557,Przyjaciele Karpia
Q138332372,WAY (группа)
Q5403866,Laalavat jouset
Q12008483,Union Rhythm Kings
Q5939664,Humanzi
Q104450437,Spice
Q135398544,Wataten☆5
Q114597820,The Prisoners of Conscience
Q4086884,Bioconstructor
Q16847153,Snakes of Shake
Q66765084,Poemss
Q10296018,Lulu Blind
Q120335626,
Q10665002,Section 8
Q108397840,Japidiot
Q119143019,Germanes Ros
Q7541307,Slomljena Stakla
Q11235719,Nitro
Q23877163,Orquesta Sinfónica del Sodre
Q122986791,Ensemble renouveau
Q137460561,Be Like Pablo
Q116717653,
Q4218553,
Q2658800,Barad
Q30939604,Verminose
Q3236422,Les Pommes de ma douche
Q4064685,
Q5530189,Geir Lysne Listening Ensemble
Q65129431,
Q7735239,The Freeze
Q381410,Vienna Art Orchestra
Q30692783,Apollo Stompers
Q110069439,
Q15701530,Oczi Cziorne
Q2944107,Celluloide
Q107079993,Xplicitos
Q20251880,
Q11991969,
Q4925894,Bleeders
Q115714624,
Q20604291,Gaiters de Chaca
Q112668032,
Q3588081,Élégance
Q2442000,Tonika
Q96386611,Musique de l'Air
Q104863816,The Slow Club
Q11716852,Jamrose
Q17711709,Dunderhonning
Q4034950,
Q93766724,Soldiers Of Swing
Q24204313,The Still Tide
Q108502220,The Minks
Q1166472,Darmstädter Kantorei
Q18245190,Endri & Stefi Prifti
Q3349219,Odeurs
Q2205227,Symfonieorkest Nijmegen
Q12314145,
Q2942956,Catleya
Q911178,Duna Művészegyüttes
Q3106754,Ginger Ale
Q64859801,Kapelle Bühler Fischer
Q807931,Barchet-Quartett
Q65077986,Ya Tosiba
Q93294016,
Q110069369,
Q7756428,The Peach Pickers
Q10477338,Dubadown
Q117317775,
Q8042520,xTripx
Q1230215,Parlament
Q59008836,Dolorosa
Q11199136,FIRSTKLAS
Q85800312,Selfish Things
Q85781902,Loftus
Q11740135,Klinika
Q55527104,
Q6037868,FOMA
Q6925952,Mourningside
Q5940529,Humcrush
Q130638649,Dan Peralbo and The Convoy
Q27468730,Tucson Desert Harmony Chorus
Q46260924,Saverio & Lele
Q4218542,Roth String Quartet
Q5019027,Caldera
Q861892,Bilkent Symphony Orchestra
Q29601214,
Q1925682,Metro
Q2085949,Philharmonischer Chor Erfurt
Q7658597,Swing Swindlers
Q106466021,
Q18660598,Lohja City Orchestra
Q24877739,The Bluebeat
Q10560738,Lewd Vagrant
Q9073795,
Q28693101,Born in the EXILE 〜三代目J Soul Brothersの奇跡〜
Q129443953,Hurdy-Gurdy
Q66424579,The Stillwater Hobos
Q7757377,The Planet Wilson
Q1615681,Hespèrion XXI
Q116205521,Holy Rollers
Q701905,Europa Philharmonie
Q85871416,Inxight
Q60978452,Fantasy
Q11998601,Rumble in Rhodos
Q5980444,Los Tiki Phantoms
Q24234213,Forfeit Thee Untrue
Q124497072,
Q20683922,Carrington-Brown
Q9184812,Carniacy
Q9390300,"Zespół Pieśni i Tańca Legnica"""
Q12073705,
Q122460531,
Q1646992,Maulbronn Chamber Choir
Q126336076,
Q13131921,
Q65560598,Zu93
Q116178703,Disq
Q51777348,Side Deal
Q110895170,Orchestra Kingston
Q16423051,Niður
Q123494820,Alfred Hause Orchestra
Q9256258,European Sextett
Q137177073,
Q122336614,Ammonite
Q7463995,Smokey Mountain
Q12009557,Vestsiden Musikkorps
Q2750298,Jatin–Lalit
Q5511140,Fuzön
Q11977224,Ingermanland
Q23687377,Ensemble Aleph
Q65679838,Earthmonkey
Q120756888,Brogrens
Q3530379,Toguna
Q109255463,Apollo Chamber Players
Q12084512,
Q55466024,"La Biyuya,"
Q2466164,
Q11795188,Obstawa Prezydenta
Q140347148,The London Lasses
Q13017138,Nice 2 meet U
Q5309282,Drums & Tuba
Q134394824,
Q105613090,
Q10299526,I Boom
Q110654649,Pridelands
Q115362689,
Q7258406,Pudzian Band
Q24184999,Heavenly Bodies
Q17218050,Yanakiku
Q11773606,Collegium Marianum
Q133539875,Las Caribelles
Q64690390,Mkwaju Ensemble
Q9078833,Somos amigos
Q12040331,Nahoře Pes
Q16140271,New&Jew
Q18114395,Uštkni
Q97216260,
Q110895141,Huronia Symphony Orchestra
Q67576732,Pihalni orkester Vogrsko
Q117857658,
Q11785435,Morawski Waglewski Nowicki Hołdys
Q4962679,Brewers Droop
Q11331836,The Fire Engines
Q12027962,Kantiléna
Q7456119,sessiOnroad
Q3790353,
Q11312250,State Craft
Q25351839,Dignan
Q10656430,Rolands Gosskör
Q11284274,Anipunk
Q11324201,
Q16429414,Jonee Jonee
Q5104957,Choralerna
Q107564380,Biseri
Q61365874,A-Malas
Q11472124,Okayama Junior Orchestra
Q84594047,La Kora abesbatza feminista
Q11343029,Meerkats
Q13018339,
Q1880753,Frysk Fanfare Orkest
Q5423773,F.R.U.I.T.S.
Q120098022,Fox System
Q12646064,Šajeta
Q18010518,Exil
Q2221290,
Q10547588,
Q11275138,Noanowa
Q4345366,
Q17231376,Rhymescientist
Q687367,Piano Seven
Q12133497,
Q97217177,
Q7102932,Orkestra Melayu Singapura
Q85883489,Sunset Rollercoaster
Q7119430,PISCIDE
Q56352389,Unlimited Platinum Tracks
Q12626911,Angel of Fire
Q63208505,
Q16141181,
Q33836979,Your Highness
Q1872895,
Q11976635,
Q25432871,
Q3693314,
Q50411398,"Koor ""Gavergalm"""
Q135397624,Infest
Q29566742,I Am Sonic Rain
Q29957607,Neues Zürcher Orchester
Q13135722,
Q60740626,RDX
Q10719372,Waterloo
Q5380900,Enur
Q11992126,
Q2489620,Gruno's Postharmonie Groningen
Q123376601,Seedhe Maut
Q28493969,Segundo Banana
Q88963356,The Just Joans
Q11793097,Nothing Stays Gold
Q137585134,
Q124004716,Los Elementos de Culiacan
Q7104019,Orquesta América
Q4109957,
Q15842236,
Q65255426,
Q138528132,
Q17505413,Rhythm art duo
Q63208526,
Q55656334,
Q2288964,Sinfonietta Mainz
Q10518078,Hare krishna brass band
Q116979461,J6 Prison Choir
Q16239163,Border Fiddles
Q11986903,Lucifer Was
Q2612726,De Wesseltjes
Q127153247,Opera Mariposa
Q16407771,
Q138001012,Portuguese Philharmonic Orchestra
Q7102735,Oriole
Q4153517,Da Budz
Q17046341,Recha
Q138298818,The WAITIKI 7
Q766545,Bielefelder Kinderchor
Q130601767,Future Husband
Q6086947,Pro Musica Antiqua
Q121361410,Philharmonic Orchestra of China
Q2023659,
Q21654593,Hokkaido University of Education Orchestra
Q55522214,Yurufuwa Gang
Q4035528,
Q2109974,Tagrawla
Q55698108,
Q51029320,Soul Control
Q88011270,Ruth and Emilia
Q77311462,Jëkoff
Q18287140,Barkel-kvartetten
Q15992272,Draupner
Q122363008,Sunami
Q7506711,Siam Sinfonietta
Q1752532,Les Arts Florissants
Q4052766,Vlado & Isolda
Q113070414,Cologne Opera
Q48814689,El Cómodo Silencio de los que Hablan Poco
Q61135819,
Q104986525,
Q10695875,The Vicious
Q65218866,Topong Bang gamelánegyüttes
Q57830588,The Front Office Four
Q30249970,Čokovoko
Q62399697,
Q124749697,New West
Q61364279,Tooth
Q108874552,Musikverein Bevern
Q3566183,Wapassou
Q2325124,Staatsorchester Rheinische Philharmonie
Q2882345,Banditos
Q10796184,
Q3987325,The Goodies
Q12900892,Maharishi
Q85803159,Stanford Counterpoint
Q28686061,
Q85864236,AMAZE
Q3257813,Loened Fall
Q3693873,
Q6348569,KaitO
Q133190090,The New Edition
Q19602097,
Q13016010,
Q7927244,Victorian Opera
Q11189405,ANGERCALL
Q28531428,
Q5013302,COG
Q55662712,Jam Bait
Q12164158,
Q11997911,RingsakerOperaen
Q3657733,
Q109297484,Break Free - Queen Tribute Show
Q104603387,Banda Musical de Figueiredo
Q748007,Clann An Drumma
Q106848634,Musikkapelle St. Vitus
Q24950938,Tchiki Duo
Q61364095,The Guilty Brigade
Q4099486,
Q111800178,Super Tiger
Q12283160,Klas
Q15975437,Old Reliable
Q17189710,The Explosions
Q126278496,Soċjetà Filarmonika San Pietru - Banda Birżebbuġa
Q106654479,
Q136405551,Wuhan Philharmonic Orchestra
Q11191053,BERRY ROLL
Q96217027,French Army Signals Band
Q15053070,The Bitter Twins
Q47334920,
Q31722966,Ukan
Q63206973,
Q61364208,Naste Borraste
Q10269066,
Q16953249,Montanablue
Q97180346,
Q1958979,Münchner Motettenchor
Q7775119,The Windy City Strugglers
Q65032705,This Difficult Tree
Q11492999,Omoide Hatoba
Q55525048,COLOR CREATION
Q123871187,Tokyo Orchestra
Q136312160,Gradience
Q55593511,Roameo
Q85767424,House and Land
Q3223842,Le Klub des 7
Q7739659,The Highliners
Q25459018,Lucky Chops
Q392297,Age of Love
Q136295876,Ōita Nikikai
Q16097651,Incheon Philharmonic Orchestra
Q7829320,Tournament of Roses Parade marching bands
Q136032043,Colorblind
Q55459283,Quinteto Arrabal
Q5266073,Detska Kitka Choir
Q11306555,
Q3157048,Jabula
Q10879976,
Q4020748,Won James Won
Q7506020,Shyne Factory
Q131275104,
Q17161037,
Q16352176,
Q12003643,Strikk
Q139757244,Balgonie Brass Band
Q113076455,Fetten Koketten Soubretten
Q85795603,Radnor and Lee
Q10853052,ToNick
Q3354527,Opéra-Studio de Genève
Q105069232,
Q15905887,Chris & Taylor
Q10448371,Chaps
Q4453995,Hughes Band
Q160452,
Q17109370,The Funkees
Q5254330,Delorentos
Q65225862,
Q97220659,
Q3232811,Les Frères Couenne
Q16618176,Young Power
Q16537514,Coma 5
Q2111475,Pro Musica Sacra
Q65121975,Balto
Q116778789,
Q136464280,
Q9658310,Black Russian
Q19465586,Karmapolis
Q21710495,Jungheum Band
Q16405413,
Q31280314,Kungla
Q23878037,BenReddik
Q86614577,Wellington Sinfonia
Q18238463,
Q10624518,Personkrets 3:1
Q6145430,The Valiants
Q1802280,Landeskapelle Eisenach
Q7318162,Reverieme
Q105528839,
Q97261546,
Q124051760,Damorkestern
Q10583834,
Q131386861,Adilei
Q4257627,
Q7998275,Wicked Beat Sound System
Q20467820,
Q12776483,Soundphreakers
Q104850148,Tribo da Periferia
Q105592975,Sonia y Myriam
Q19894047,Mizmaar
Q117818747,Kosovo Opera
Q107616187,Gavriil Musicescu Choir
Q118434224,BIG MAMA & THE CRAZY BLUES BAND
Q7063950,Nouveau Riche
Q105119893,
Q9141761,Afro Kolektyw
Q99942120,Hey o Hansen
Q16909786,Mantra
Q1397009,Resistance D
Q10671285,Skördetid
Q78905898,
Q16239904,Shanghai Philharmonic Orchestra
Q114206988,
Q19916660,
Q95692093,
Q27876461,Bougenvilla
Q3305539,Memphis Rockabilly Band
Q107016786,Revelino
Q1827170,
Q12260475,Jojo eta Ramuntxo
Q2905472,Black Strobe
Q21998435,CÓRus
Q11869516,
Q99542414,North Georgia Chamber Symphony
Q3919680,Billy’s Band
Q4751915,Anastasio y los del Monte
Q85865436,Gateballers
Q89579029,Toy Piano Composers
Q10657180,Rost
Q129030176,Underwater Cartographers
Q10377942,Tales for the Unspoken
Q107300638,The National Indian Orchestra of Suriname
Q16555171,Fanfara Tirana
Q25095031,Hybrid-Zombiez
Q1776803,
Q10680446,Stockholm All Stars
Q139757302,Westminster Cornet Band
Q105067182,
Q5985596,Icebreaker International
Q55633176,Siggno
Q11557751,
Q7230180,Porky pine
Q16162308,New Element
Q77809918,Triple One
Q120335723,
Q31841769,
Q2564621,Gothic Voices
Q12050070,Rožmberská kapela
Q124321839,B.A.R.F.
Q12264890,Noizeanbehin
Q136297698,Italove
Q3163376,Jaïa
Q25207998,This City
Q23894987,Anda Union
Q134053387,Speak Softly
Q111218882,Bard to the Core
Q25412741,Półbuty
Q29026682,The Swinging Belles
Q7877615,Uganda National Contemporary Ballet
Q7907750,V Sparks
Q15052644,8in8
Q12079114,
Q18651121,
Q102831159,Specht Band
Q6682668,Los Depas
Q133886662,Chaču Mroić.
Q10518675,Hawaii Mud Bombers
Q105968566,Jove Orquestra Simfònica de Barcelona
Q7731230,The Dunwells
Q21162496,Ellipse
Q4024286,Zerozen
Q79054059,Other Creatures
Q25438589,
Q63523359,
Q4968650,Stare Dobre Małżeństwo
Q28669654,Rhapsody
Q1780377,Osnabrücker Jugendchor
Q7744010,The Katinas
Q97273423,
Q97310366,
Q135526101,Banda Filarmónica de Bouro Santa Maria
Q136695812,Herne Symphony Orchestra
Q12757950,
Q91158397,
Q4358652,South African National Youth Orchestra Foundation
Q11971788,
Q6980422,Natural Acoustic Band
Q2553155,
Q139762641,Band Juvènat des Frères Mariste
Q28225357,Anima Morte
Q15833565,Mannheimer Philharmoniker gGmbH
Q2786472,Tango Dorado
Q11524454,Tokyo Universal Philharmony Orchestra
Q16693568,
Q104531220,
Q85733162,
Q12167101,
Q109043241,
Q85867679,THE JUNEJULYAUGUST
Q85845589,Cactus Child
Q54869129,Aly-Us
Q6905162,Montenegrin Symphony Orchestra
Q900691,Sheki-Dol
Q7663684,System Shock
Q7270495,Queen Samantha
Q51695444,Mozart Piano Quartet
Q138679567,Garforth Brass Band
Q61107919,
Q85754024,Cootamundra Jazz Band
Q104969015,
Q5113778,Chrome Molly
Q4870001,Battle Circus
Q136541723,Grande Companhia Lírica Italiana
Q107304178,Ensemble Made in Canada
Q11255746,
Q13026020,AB Queen (Band)
Q119964621,MSPAINT
Q3192752,Kantika (Musical group)
Q120126618,Northland Sinfonia
Q136198356,Beatbone
Q112161194,"Betts, Hall, Leavell and Trucks"
Q7737346,The Gorgeous
Q29152618,
Q10662972,Scars of Paradise
Q104545622,
Q25401495,Ľahká Múza
Q30905786,Forbidden Souls
Q64355627,The Warner Bros. Studio Orchestra
Q7354796,Rock da most
Q7096621,Opera Queensland
Q25633149,
Q136202537,
Q7653707,Swansea Philharmonic Choir
Q31189077,Ero
Q122964004,In the Army
Q6683549,Loser's Lounge
Q4039763,Gurzuf
Q136037085,
Q131417544,farbwerk
Q123399125,Everyone Asked About You
Q20688334,
Q131551765,Musical Union of Fontainebleau
Q104817347,
Q28913360,
Q65122539,Eerie Wanda
Q6746134,ManSound
Q7686075,Tarika
Q122926856,Cuarteto Cedrón
Q28405990,Shirley and Johnny
Q129743195,
Q16823706,Bob Miller and the Millermen
Q12269214,Zarama Birziklatua
Q57830567,The Sea-Adelines
Q61362666,La Banda del Abuelo
Q126089390,Għaqda Madonna tal-Grazzja Banda San Mikiel
Q109410362,
Q134303566,Birdtalker
Q139762544,HMCS Avalon Brass Band
Q110994249,The Poise Rite
Q140190866,Starpainter
Q131275147,
Q65255330,
Q97207130,Occhi di Farfalla
Q9371123,Warszafski Deszcz
Q30933483,Avantis
Q9372909,Wielkanoc
Q3693836,Coro Euridice
Q11251124,Tk-trap
Q1751877,Wiener Jeunesse Orchester
Q10467453,De Vet Du
Q111804223,Cab Jivers
Q65069917,Earthphish
Q96482633,
Q2258047,Schwäbischer Singkreis
Q136438421,Ylva
Q137440352,Penuel Gospel Singers
Q133802622,Okolitsa ensemble from Donetsk
Q109469917,
Q106014613,
Q17762255,Chorus Mixtus
Q3790155,I Crodaioli
Q124040317,The Night Writers
Q97353060,
Q11198035,Expo Super World Orchestra
Q2892126,Bawdy Festival
Q61959089,Armonia Atenea
Q13055548,
Q11578987,
Q3499326,Stevo's Teen
Q7256202,Psychedelic Desert
Q107611276,
Q97286376,
Q109603922,
Q7077692,Odes of Ecstasy
Q1292132,Stúdió 11
Q6826738,Með Nöktum
Q120335542,
Q9168776,Beneficjenci Splendoru
Q20562792,Shoogar Combo
Q139375998,The Pretty Wild
Q64983327,Impetus
Q7572758,Spacifix
Q109311129,Orquesta Sinfónica del IPN
Q111015989,Ad Libitum
Q65255402,
Q4038660,
Q57830606,Ginger ‘N’Jazz
Q104904476,
Q15814536,Haydn-Trio Wien
Q15825121,
Q134982633,
Q18702459,Kultasiipi
Q64746704,Tolouse Low Trax
Q24945318,Spoken Love
Q55636876,VKation
Q139753064,Aiyansh Brass Band
Q3490712,Sons of secret
Q85966054,
Q139762602,Perth Cornet Band
Q10705239,Truck
Q11524330,Pacific Philharmonia Tokyo
Q4103229,
Q5599690,Great Northern Union
Q30892445,The Claypool Lennon Delirium
Q139762664,Lethbridge Brass Band
Q24234194,Covenant Voices
Q2269122,The Shacklefords
Q122143624,Firdaus Orchestra
Q5223781,Darkroom Familia
Q110129443,Forenzics
Q6816290,Men of Standard
Q115806545,Starling Arrow
Q107665197,Brass Band Northwest
Q12270940,
Q13027562,The Ovation
Q98431924,
Q91659214,
Q137585143,
Q110069446,
Q85871548,
Q10706024,Tuk Tuk Rally
Q107210979,Dr Colossus
Q3054841,Ensemble Orchestral Contemporain
Q958872,Eva Braun
Q3801015,Inzest
Q6011598,In mitra medusa inri
Q100989234,
Q115584294,The Salt Water Taffy
Q11542914,Yokohama Symphony Orchestra
Q17053369,Vonneumann
Q25426825,Shoeshine Boys
Q6683352,Los Vikings
Q133332481,
Q7932326,Vindensång
Q48840493,Lugburz
Q106376174,
Q11225789,Jighead
Q15761241,The Silent Wedding
Q4066916,
Q16852612,Kiss in the Dark
Q16866746,Maximillian Colby
Q130442476,Mur
Q105038415,Pelada
Q65118507,Fleddy Melculy
Q9666997,British Beef
Q11484438,
Q50139258,
Q106492877,Jokke and the Pussycats
Q4714455,Alejandra and Aeron
Q5988803,
Q104667000,
Q2160351,Rock & Rollinger
Q10374258,Stonebones & Bad Spaghetti
Q110895211,West Coast Symphony
Q2866927,Assacrentis
Q7523553,Singing Echoes
Q21608862,U.S. Army Herald Trumpets
Q102174250,
Q30881013,Ensemble Alia Musica
Q3178901,Jim Murple Memorial
Q100343137,Texan Playboys
Q133871143,Vertical Hold
Q7429477,"Saša, Tin i Kedžo"
Q10341622,Beiras Philharmonic Orchestra
Q61082523,
Q130266210,
Q47541786,Billion
Q139675102,Bridge City Brass Band
Q1206032,German Dance and Entertainment Orchestra
Q110895167,Okanagan Symphony Youth Orchestra
Q7374488,Royal Military School of Music
Q85998163,
Q2735836,Domstad Jeugd Orkest
Q65407941,
Q3230995,
Q12049012,Rebels
Q65241463,
Q10493199,Exploding Customer
Q90041526,Barrut
Q65235270,Rap Against Dictatorship
Q15046310,100 Watt Smile
Q65239551,King Witch
Q132778132,
Q20065501,Dead Boys Girlfriend
Q4660666,A Winged Victory for the Sullen
Q6915462,Moscow Ballet
Q798103,Bachchor Würzburg
Q5034035,Cantorion Colin Jones
Q12805141,
Q92311505,
Q125554140,
Q97704896,De Kerels
Q20624272,Stalin Oargels
Q6890327,Mofa Ha'arnavot Shel Dr. Kasper
Q65090841,Colonel Mustard and the Dijon 5
Q105089616,
Q136721974,Stentorian
Q124649304,Crater
Q137439136,Mandojo & Domokaya
Q12275623,
Q3561403,Viva La Musica
Q114372388,
Q11287348,English Sinfonia
Q127685193,Cliff Cochran
Q137455977,Mshikamano SDA Choir Meatu Shinyaga
Q691641,Deutsches Symphonie-Orchester Berlin
Q104857981,The Versatile Four
Q39057730,Judgement X Day
Q876858,Wilten Boys' Choir
Q12104248,
Q6745514,Mambesak
Q16680467,Torquemada
Q125570231,Stigmata
Q17154749,
Q131275135,
Q61402314,Viljandi chamber choir
Q140209421,
Q4961875,Bressa Creeting Cake
Q6316490,Just a Band
Q138280178,Arizona Symphony Orchestra
Q139757270,NWM Police Brass Band
Q3054930,Ensemble vocal Bergamasque
Q15733164,Laser Jesus
Q24839164,
Q136101801,
Q12090641,
Q136850112,Monokino
Q4952122,Boy Robot
Q65254963,
Q8067797,Zbogom Brus Li
Q1404834,Fenster
Q12643314,Tambuu
Q21644418,
Q12123726,
Q10341607,Amazonas Filarmônica
Q17044623,Адэліта
Q118780409,Tahadi
Q12309581,Einstein (band)
Q13027876,Hyper
Q122927111,The Two
Q5811581,Side A
Q13202800,
Q4894106,Berner Bach-Chor
Q67586922,Leo Twins
Q13035662,
Q115863196,The Bells
Q4144138,Horizon
Q13424034,Remix Gang
Q10517371,Hansa Band
Q56356128,
Q11255787,ZINGI
Q10463875,Curtie and the Boombox
Q30603635,FKB
Q134053375,Ghostly Beard
Q12871942,
Q120670867,amvvra
Q9281197,Grupa Bluesowa Gramine
Q20657333,Milk & Bone
Q7271031,Queensland Youth Choir
Q1802264,
Q10684069,Supertrion
Q7041440,Nitro Mega Prayer
Q2215961,Salzburger Hofmusik (Musical group)
Q5292024,Don't Wait Animate
Q20436115,
Q97207291,Striknina
Q48753631,Enfoirés Kids
Q11971898,Gerilja
Q10624448,Pers garage
Q136002373,Vincent Atmicus
Q56322580,
Q4392152,
Q84939558,"Martin, Bogan & the Armstrongs"
Q5746600,Het Brein Dat Kwam Uit De Ruimte
Q2124219,RIAS Big Band
Q3922014,
Q10720252,Winding Stairs
Q48697894,"D,Kr"
Q43033243,
Q16021964,Computer Magic
Q12956712,Damjan od Resnika
Q4359746,
Q100900626,Little Cities
Q7414568,San Juan Children's Choir
Q97377347,NOAHS
Q28000981,
Q113669910,
Q65247636,Repezen Foxx
Q11326891,Harbin Symphony Orchestra (1936-1945)
Q3020599,Deafening Silence
Q111916271,Les Prêtres orthodoxes
Q115712968,Clementi-Trio Köln
Q19826495,Dual Core
Q65028924,Pablo Infernal
Q6509298,Stars on 54
Q5549058,Gerald Danovitch Saxophone Quartet
Q25035957,Krudas Cubensi
Q26771231,Secret Rule
Q56355925,
Q107005600,Canterbury Opera
Q7726832,The Color Fred
Q17037822,The Last Hard Men
Q42727912,Tuskegee Institute Singers
Q5580088,Goldenhorse
Q6752179,Mantra
Q5447949,Fighting with Wire
Q12152768,
Q10691147,Tarmgas
Q139300819,Eevie Echoes & The Locations
Q11322073,
Q123261598,Skankshot
Q10567416,Long Kuan Jiu Duan
Q4034803,Bahroma
Q2082358,Pfannestil Chammer Sexdeet
Q85854286,Orquesta Akokán
Q28805855,Den offentliga sektorn
Q72720456,Disciples of Babylon
Q120335588,
Q17145670,ForceOut
Q56399236,PeukaLoiset
Q127050925,Musique 3 Femmes
Q20466337,
Q138543130,Velvet Trip
Q705825,Isang Yun Orchestra
Q124713999,
Q4042641,
Q107481848,Taylor Festival Choir
Q10398206,
Q17025243,
Q104783367,
Q17519163,The Heggedal and Blakstad School Band
Q11737361,
Q12663303,
Q96377464,European Union Chamber Orchestra
Q16712702,
Q129169377,
Q118780386,The Last 3 Lines
Q4083143,Bely Oryol
Q105459845,
Q2878607,National Badema
Q3980600,
Q26133439,
Q1033752,Moravian Philharmonic
Q113630132,Clocks
Q105275781,
Q5493556,Fraser & DeBolt
Q1187895,4 in Love
Q135194576,The Disneyland Children's Sing‐Along Chorus
Q12099917,
Q31188180,Herri Oihua
Q19955694,Turan ensemble
Q18164944,Gypsy Teens
Q1034534,Capella Leopoldina
Q10851701,
Q2049313,Pandora’s Bliss
Q134053373,Night Panther
Q124483337,
Q11967683,
Q5419539,Excessive Force
Q7900204,Urbana Gerila
Q25502593,Ladarice
Q2663798,Antwerp Symphony Orchestra
Q5509460,Fur Patrol
Q131275110,
Q65254868,
Q12872613,Thessaloniki Opera
Q138658651,Peach Truck Hijackers
Q65063263,Glenn Morrow's Cry for Help
Q7719868,The Brat Attack
Q48856622,
Q3368645,Patatas Chipas Club
Q69104763,Swing to Bop Quintent
Q7763752,The Shell
Q2932129,CX FLOOD
Q1906198,Mary & Gordy
Q139481525,Ember Sea
Q120335599,
Q55604806,Band of the General Staff of the Armed Forces of Kyrgyzstan
Q6610815,Koma Rozerin
Q18960287,Shirati Jazz
Q6594445,Intruder
Q97204385,
Q137709270,
Q16145777,Uptown 3000
Q127240574,Four Gig Heads Percussion Ensemble
Q25141701,Toothgrinder
Q8062156,Yuval Ron Ensemble
Q673575,Tonhalle Orchester Zürich
Q73198772,Janz
Q4042202,Kim and Buran
Q46247565,Static & Ben El Tavori
Q21546051,Mastaba
Q6126949,She Devils
Q68977057,Orkiestra Vita Activa
Q107440227,The Cleverlys
Q7756906,The Philharmonic Orchestra
Q16695819,
Q10348462,Pequeno Cidadão
Q65015390,The Step Out With Soul Jazz Group
Q122927015,La Chimera
Q5885812,Grindverk
Q98502458,Djurgårds-Kalle and Emma
Q12005833,The Little Hands of Asphalt
Q108173967,3 Canal
Q16639792,The Sammus Theory
Q3073835,Flor del Fango
Q23001785,Kulto Maldito
Q6489545,Lark
Q3490053,Sonalp
Q3355276,Tallinn Chamber Orchestra
Q7073116,OT Band
Q65255460,
Q12082529,
Q7448441,Selimova-Želčeski
Q65028597,Kapelle Arflina
Q138937334,Delphin & Romain
Q139820639,
Q2887290,Bass Extremes
Q30526976,
Q109411200,
Q118434313,GIULIA VALLE GROUP
Q3461412,Saghru Band
Q7843028,Trinití
Q106298751,
Q21481734,
Q1518356,The Young Americans
Q25431436,Conjunto António Mafra
Q4736164,Altar
Q11648261,Kushiro Symphony Orchestra
Q127543117,
Q114089187,Hot Club of San Francisco
Q98139857,Shining Soriana
Q21426162,Sens unique
Q12634556,Klapa Žrnovnica
Q55165064,Lakker
Q4034635,Ave Sol
Q16953889,Mrnorth
Q112567061,
Q5463298,Flyer
Q115691396,
Q1743324,Kirchliche Arbeit Alpirsbach
Q6817067,Meninas Cantoras de Petrópolis
Q118780568,
Q111943188,Ten Past Seven
Q2040290,The Tradition Club
Q61361266,Los Iruña'ko
Q11190237,ammuff
Q63107041,Massaoke
Q116306326,The Soul Brothers
Q4034205,Apocryphal
Q6428831,Dreletronic
Q11950298,Soul Atac
Q65045314,Tommy Flanders
Q979913,Los Hermanos Rigual
Q4534948,Yurcash
Q7047700,Noise Viola
Q4652128,AK-Momo
Q99517056,Jurian Beat Crisis
Q2030307,
Q55470362,Vale Tango
Q30592428,Thee Legacy
Q3519403,Tha Blue Herb
Q125649665,State Academic Large Symphony Orchestra named after A. Dzhumakhmatov
Q7581630,Sputniks Down
Q12327562,Monrad & Rislund
Q3421408,Raïna Raï
Q12406757,Maḳhelah ha-F̣ilharmonit
Q105637985,DangerKids
Q4129886,Vykhod
Q134882931,Child of Illusion
Q105613269,
Q122181951,
Q6437661,Krissy & Ericka
Q69812070,
Q2439070,Tokyo Ensemble
Q28689519,Bim One Production
Q135951432,The Rotten Eggs
Q3822631,Kerobia
Q9359057,
Q131376886,Ensemble 1700
Q46493487,The Green Sound
Q2944336,Centenaire (groupe)
Q22131147,Copass Grinderz
Q48941122,
Q108911706,Memento Mori Hardcore
Q1684966,Nomos-Quartett
Q30593142,The Shrives
Q97357633,20th Century Church Light Music Group
Q3520470,
Q11858791,
Q130268360,Langley Park Community Choir
Q12308675,Disko Drunkards
Q5710544,Helsinki Seven
Q30942412,
Q5056398,Cecilia & The Argonauts
Q96413515,Vansire
Q125081268,
Q61107439,
Q2878950,Bagad Plougastell
Q104740548,
Q2944237,Cenk
Q12071925,
Q134053393,The Doppler Shift
Q4425725,Sobaki Kachalova
Q7486975,Retsidiv
Q11252747,VOCAL BATTLE AUDITION
Q105675093,Flo Dreyer Quintet
Q104901335,
Q6692931,Low Profile
Q4035894,Carnivore Diprosopus
Q3507577,Wild Strawberries
Q3479777,Serial Crew
Q134622340,Distant
Q104902852,Fran
Q3200408,Kunamaka
Q99440292,
Q105638589,
Q24196614,The Mighty Shamrocks
Q11864078,Hämäläis-Osakunnan Laulajat
Q55614570,Interpreti Veneziani
Q7374900,Royal Swedish Navy Cadet Band
Q61108018,
Q28805864,Disharmonikerna
Q1958671,Combattimento Consort Amsterdam
Q6466419,La severa matacera
Q18162274,Mankind
Q10680601,Kammarkören
Q105435838,
Q7859036,Two Lane Blacktop
Q12582824,
Q7161052,Peking Man
Q1957331,
Q3380698,
Q6064664,Iowa State University Cyclone Marching Band
Q125343362,Tors
Q131338961,Kathy and Gulliver
Q1949623,Motettenchor Stuttgart
Q2051369,Amsterdam Symphony Orchestra
Q7682536,Tanec National Institution - Ensemble for Folk Dances - Skopje
Q56659504,The Keffat Liv
Q11985209,Eva a Vašek
Q30904562,Fado Violado
Q25436294,
Q65036886,Last Avenue
Q5454089,First Words
Q38276714,BESTIEM
Q1650047,Neue Dresdner Kammermusik
Q94867,Gächinger Kantorei
Q85756872,Digawolf
Q107536751,Common Sage
Q11823880,Poparzeni Kawą Trzy
Q61057249,ViRGO a.k.a.HAMMER
Q4890843,Beograd
Q139762572,Greenbank Brass Band
Q64667227,Holland Opera
Q25496200,Mladinski pihalni orkester Piran
Q106928696,Angeline
Q7774304,The Western Brothers
Q139757253,Blairmore Brass Band
Q125184542,Horn of the Rhino
Q25419799,Edson e Tita
Q6455672,L'Ensemble Instrumental National
Q139762513,Emerson Silver Cornet Band
Q124399561,OMORI
Q115425309,Elegant Weapons
Q104695944,
Q15833321,
Q7925838,Victor Dada
Q12273920,Mangasaryan Brothers
Q113454499,Audio Adam
Q6842274,Midicronica
Q16835836,Europa String Choir
Q3606248,African Fiesta
Q16533180,Wilbert Baranco and his Rhythm Bombardiers
Q11664202,
Q56404277,Funny Boys
Q126415374,Philadelphia
Q131143909,
Q8560111,Dios Ke Te Crew
Q120553347,Lei Tambourinaire de Sant Sumian
Q3487170,Snix
Q124738187,Brooklyn Allstars
Q2488780,
Q107426458,BWIA Sunjets Steel Orchestra Of Trinidad
Q19757704,PINS
Q4938075,Bohemia Suburbana
Q5281027,Dirty Karma
Q74148995,
Q10385618,Turma do Barulho
Q30668214,Carnival Kids
Q63208495,
Q22271775,The Twins
Q10695882,The Viscounts
Q12725776,Corul Patriarhiei Române
Q4170611,Dumka
Q2754336,
Q19392089,Telemark Chamber Orchestra
Q6435752,Kraak & Smaak
Q42888069,Alvarez Kings
Q20824772,Sunnery James & Ryan Marciano
Q19834983,Training Band of the Bundeswehr
Q2725281,Something Sally
Q130266501,
Q55974035,
Q116736077,Broke 'n' English
Q10431341,Blind Alley
Q139762582,Kingsville Cornet Band
Q17761125,
Q104914937,
Q11767209,"Manufaktura Piosenki Harcerskiej Wartaki"""
Q12265976,Pikutara
Q61069657,Sutura
Q63078486,
Q11955900,Òwix
Q108667343,Ciconia Consort
Q48750667,
Q9664008,
Q140246328,1blackfrend
Q120703728,Divyansh and Manuraj
Q4124374,Street Magic
Q126372446,Satellite
Q136799106,Idol Makers
Q6407448,Killer Bee
Q106281150,
Q63967254,
Q5223248,Dark Hall
Q18162265,Phillip Henry & Hannah Martin
Q31188239,Lou Topet
Q137321767,The Irwell Street String Band
Q136192727,Evgenika
Q27478042,Kansas City Philharmonic
Q17104626,The Buachaills
Q134053344,Clara Berry And Wooldog
Q7930828,Villains
Q48773588,Poison Pill
Q115805581,The OneUps
Q12743964,ZOB
Q4166783,
Q3119095,Guerre froide
Q2397765,
Q18214542,El Dey
Q1507206,Limburgs Symfonie Orkest
Q20013533,Bocatabú
Q118995287,Hokum Boys
Q11965016,Deflower
Q104858050,Planet 1999
Q85760570,Faron's Flamingos
Q56367572,Youth Symphony Orchestra of Ukraine
Q10482037,Elvärket
Q5510697,Future Kings of Spain
Q13027936,
Q56374673,
Q133500065,Aomori Civic Symphony Orchestra
Q20097232,XtriM
Q1923963,Hoornse Brassband
Q94561701,
Q6417998,Kitchen and the Plastic Spoons
Q16999181,Ingco Crew
Q13026198,
Q15808967,
Q109905333,The Videos
Q3399578,Porté Disparu
Q140078821,
Q126325084,
Q11790056,Natanael
Q106600344,
Q11666914,Gaki ranger
Q9303255,Raincarnation
Q110387491,
Q7722608,The Chocolate Rockets
Q12406868,The Mouth and Foot
Q104119057,
Q17222344,SENDIAN
Q7719710,The Boyfriends
Q107126655,Invisible Conga People
Q10474148,Discontrol
Q10462795,Crème Fraiche
Q9559000,A Tampa
Q6266353,Johnny Boy
Q21427719,
Q17067703,Working with Walt
Q65466380,Seed Mouth
Q125561375,Röcheln
Q56345221,Samjiyon Orchestra
Q3530533,Tokyo Opera Nomori
Q97218626,
Q5788698,Coro Santo Tomás de Aquino
Q3888711,
Q111472385,
Q20053420,
Q86744323,
Q49581065,Fanfaremaatschappij Grétry
Q20171672,Empyre one
Q131275093,UNICODE
Q139757294,Cambie Street Brass Band
Q3566923,We Have Band
Q4985159,Budowitz
Q7192570,Pierrot ensemble
Q12334542,
Q99193036,
Q60992639,Deca Joins
Q51882054,Dona Cislene
Q4726228,Alicia Bamboo Ensemble
Q117231165,Scope
Q116874328,Full Circle
Q25447506,Zhukovsky Symphony Orchestra
Q6169813,Jean-Paul Sartre Experience
Q124896789,
Q7269763,Quebec Connection
Q11333592,Flower Children
Q131275130,
Q65255133,
Q73501700,The Prophecy
Q12264893,
Q7425903,Satan and Adam
Q65229501,MIRRROR
Q2378448,
Q106205471,
Q6872382,Miracle Bell
Q7884275,Unexploded
Q25056215,Escondido
Q10684349,Svanholm Singers
Q139757360,Victoria Independent Cornet Band
Q70811028,Thor & Friends
Q60986937,Kyotaro&Rikuo
Q11290609,"Tamburaški orkestar ""Krsto Odak"""
Q63152987,NTRSN
Q131676606,Zenith vs. Avex
Q9174621,Blues Fellows
Q7492730,Sheffield Philharmonic Orchestra
Q5370494,Emerald Web
Q6214674,Joga
Q3489886,Zóna A
Q98534807,
Q19399167,
Q19961160,Belgian Swingjazz Orchestra
Q10578910,Meadow
Q19662971,Tungevaag & Raaban
Q12000076,
Q113614103,The Gadflys
Q2852734,Anthemon
Q4483446,
Q61382067,Soniko-dB
Q28402298,Denver Philharmonic Orchestra
Q97304051,Avenue Beat
Q138658482,Rip-Off
Q85979400,
Q7015835,New Zealand Youth Choir
Q117710082,Heroes and Monsters
Q3352712,Oneyed Jack
Q16968608,Righteous Boy
Q122927013,Benjamin Faugloire Project
Q138009202,Ligeti Quartet
Q44800493,Midi Miliz
Q119240938,Rick & Janis Carnes
Q122927026,World Kora Trio
Q13053845,Hrant and Gayane Hovsepyans
Q2643809,
Q3576275,Ramsj
Q1194645,Junge Chor Aachen
Q2806727,101A
Q3039517,Drive with a dead girl
Q11152592,Otra Puse
Q136330119,"Küçüktüy, Pasinler"
Q120335517,
Q96216978,Blue Aquarius
Q18242303,Handgjort
Q1761377,Los Compadres
Q29023810,Siddi
Q51078696,Kaliningrad Regional Musical Theater
Q7742002,The Infomatics
Q4947870,Boston Crusaders Drum and Bugle Corps
Q7132204,Capital Sound
Q130551183,Telekids
Q56408814,Hurricäde
Q56388856,Somogyi String Quartet
Q31723098,Unama
Q7758709,The Puddle
Q13745110,"Koninklijke Militaire Kapel ""Johan Willem Friso"""
Q6888099,plagal mode
Q125157597,The Sweet Serenades
Q4279985,
Q65255422,
Q5052207,Cathedral Choral Society
Q7361099,Rollerskate Skinny
Q61362930,Pauline & Juliette
Q139613928,Kulay
Q11191154,BEYONDS
Q1793148,Kurorchester Bad Kissingen
Q54871220,Always the Alibi
Q126415808,Phenom
Q29023731,Jamie Smith's Mabon
Q90405670,
Q2817475,54 Nude Honeys
Q4636770,3rd Force
Q48752365,Paga Group
Q55634646,Tall Tall Trees (band)
Q5277249,Dimension Costeña
Q24075526,G-Nome Project
Q110914518,Augsburger Liedertafel
Q65255253,
Q101112196,Martial Solal Quartet
Q65013106,Booost
Q105429097,Thousand Sun Sky
Q96781900,Kök
Q7696269,Telegraphs
Q4045136,Necro Stellar
Q118902461,The Scarlet Opera
Q16358392,Youth Choir BALSIS
Q97104633,The Record Breakers
Q125307958,
Q1440260,Psayrer
Q104620929,
Q20573081,Contalgen funeral
Q10431563,Blue Valley Boys
Q3047139,Ed-Äke
Q56705095,Nation X
Q11193397,CLISMS
Q136541291,Shady Nasty
Q13016155,Knock The Knock
Q124609794,I Piccoli Cantori di Milano
Q7562346,Sons of Selina
Q30644548,POPTONE
Q124823886,Охо-хо
Q38784089,Bagad Adarre Plougastell
Q45277,Skupina Ladislava Štaidla
Q48701351,
Q2239715,
Q107133615,
Q134734360,
Q7879390,Philidor family
Q2892935,Beat Torrent
Q602381,Vancouver Symphony Orchestra
Q1028623,
Q4407826,Sansara
Q2627612,
Q3570309,X-Vision
Q122847891,Crushed Flowers
Q9213147,DwaZera
Q1169652,Gürzenich-Chor Köln
Q3110080,Golden Horseshoe Revue
Q20525823,Hrvatski tamburaški orkestar
Q4869810,Battery 9
Q3693854,Coro Mongioje
Q27850770,Overthrust
Q9264682,Funky Groove
Q85884077,
Q30006891,
Q48780595,
Q85868022,Unleash
Q55415565,Boat Man Love
Q20685521,Shekinah Glory Ministry
Q7277926,RTÉ Cór na nÓg
Q110949370,BOP Ballet Opéra Pantomime
Q11260643,
Q9336906,Silesian Sound
Q123737616,Take Me To The Hospital
Q2338510,Radio Kamerorkest
Q118868612,
Q1803465,United Women’s Orchestra
Q20111582,
Q110069535,
Q2941249,Casse pipe
Q12339089,The Poisons
Q7914128,Vancouver Cantata Singers
Q13140853,Styl-Plus
Q16304621,Yes'sir Day
Q7239301,Preachers Son
Q48893938,
Q131124427,Hello Mary
Q39086371,Funeral Advantage
Q16427537,Stolía
Q5249632,Decortica
Q17143001,Hit Masters
Q104843378,Black Satellite
Q16822517,Bate
Q2655870,Noordhollands Philharmonisch Orkest
Q19910869,
Q7757481,The Plea
Q4039542,Godless Wicked Creeps
Q85847790,The Young Artists Orchestra of Las Vegas
Q115519282,Full on the Mouth
Q113076509,Triviatas
Q29214723,Männi
Q134579781,Franco da Rocha Caipira Guitar Orchestra
Q99542256,Atlanta Master Chorale
Q10495735,"First Love, Last Rites"
Q43401527,Fairground Saints
Q122241268,
Q108121320,Serment de Saint-Georges
Q134467522,Kamehameha Schools Children's Chorus
Q1572969,Hamburg Bach Orchestra
Q12814953,Kon-Tiki
Q64995712,Bridge Pipers Jazz Band
Q5309181,Drumlin
Q115353339,Beninghove&#39;s Hangmen
Q67432195,Internationales Kammerensemble Darmstadt
Q117683841,2princesesbarbudes
Q24972020,Muzzaik
Q4041941,Just Like Vinyl
Q5890875,
Q12005934,The Spectacle
Q31189095,Hostoak
Q111715554,Przyjaciele Karpia
Q29467120,Mandroid Echostar
Q1226804,Diogenes Quartett
Q138499161,
Q11189589,AROUGE
Q132188846,
Q4980521,Bryant's Minstrels
Q3726178,
Q7200589,Plaid Tongued Devils
Q2382161,Bravo
Q137194790,Liffey Light Orchestra
Q140265365,Ehyeh & The Witness
Q3348974,Octobre rouge
Q104855521,Rein Sanction
Q7635857,Sukie
Q6057641,Dengesiz Herifler
Q11822150,Polish Philharmonic Sinfonia Baltica
Q85767493,Houston Wells and the Marksmen
Q10698192,Timokvartetten
Q10550156,Kung Tung
Q120483274,
Q6507903,Le Volume Courbe
Q97171098,
Q25450173,
Q1514363,Knabenmusik Basel 1841
Q25437666,Mindless Faith
Q48744902,The Josephs
Q84607010,Peat and Diesel
Q11192733,BugLug
Q30914486,Titular Mads
Q24947711,Spisek Sześciu
Q54606287,4 Times Baroque
Q3538110,Atach Tatuq
Q104162167,Readymades
Q3238381,Life Without Buildings
Q11765832,Mad Band
Q3355342,Orchestre National de Mulhouse
Q136551177,
Q16530954,Band of the Sammarinese Armed Forces
Q16486891,
Q13212304,
Q7498177,Shir Appeal
Q6779905,Mary Jane and Winston Young
Q97189071,Кralytsia
Q131196154,Chamber
Q16960438,One Unique Signal
Q106543863,
Q131350929,Boleslav Singing Group
Q52450064,Juventudes Musicales de Madrid
Q14276181,The Bullheadz
Q16168259,
Q10683610,Summer Dreams: The Story of The Beach Boys
Q4928354,Bloomington Playwrights Project
Q140188242,Melafrique
Q5445736,Festival Singers of Canada
Q17265827,Downhill Bluegrass Band
Q85854862,
Q124616811,IMA
Q54804236,
Q21012023,
Q125723224,
Q7762001,The Saddletramps
Q13014576,
Q10519359,Heinz & Young
Q10484402,Ensemble Mare Balticum
Q122734545,
Q125771900,Sevens
Q10724664,Zinc
Q113331788,
Q136708074,Plum
Q136338160,Ibycus Chamber Orchestra
Q16239962,Wan Li Ma Wang
Q10695539,The Few Against Many
Q10684462,SvartePan
Q1420646,Vedres Csaba és a Kairosz kvartett
Q7630843,Subatomicglue
Q11888652,
Q111992274,Ukrainian Freedom Orchestra
Q19573513,Ottawa Police Service Pipe Band
Q27917111,
Q135682861,Galouvielle
Q130569423,Bloodshed
Q65096428,Cyclone Static
Q3029722,Dirty District
Q65157865,Zakrytoye Predpriyatiye
Q139757357,Victoria Boys' Brass Band
Q1362165,
Q11153430,Arys Chien
Q27973288,Mädchenchor Hamburg
Q7067460,Ra'ash
Q17211953,
Q2286999,
Q10266193,Diego & Diogo
Q130634893,
Q4107215,
Q6964610,Naomi
Q6717030,MOJOFLY
Q11271511,
Q136338458,National University of Singapore Symphony Orchestra
Q135671067,
Q11330156,
Q106928096,Coven Girls
Q1125487,Confrérie de la Chaîne des Rôtisseurs
Q10551183,Kvintetten Olsson
Q6381111,Kazik Na Żywo
Q4259929,Lesopoval
Q10851628,
Q65255690,
Q11205185,
Q109469429,
Q12020872,Hudba Praha
Q112650857,Illa Carolina
Q6742118,Malbec
Q17499841,
Q65408467,
Q2711777,
Q2411342,Petits Chanteurs d'Aix-en-Provence
Q6737671,Majestad de la Sierra
Q112999432,Jude & Frank
Q10676721,Spånka NKPG
Q74240649,
Q84939479,Whiteley Brothers
Q4690272,Afrodiziak
Q11477474,
Q136699786,There's a Tuesday
Q21185502,
Q16426721,Smaladrengirnir
Q10576106,Malmö Brandkårs Musikkår
Q16084254,
Q11334696,
Q11201227,GLORY JACKPOT SYSTEM
Q11821539,Polanie
Q11191866,BUG
Q2383500,Ivanushki International
Q134589329,The Fearless Flyers
Q112819551,Queerbeet Chor
Q131759593,
Q127781959,Beauty School Dropout
Q20580629,Inang Laya
Q12630137,Drinking Skull
Q15983108,Spinnekop
Q3054935,Ensemble vocal de Lausanne
Q16324896,Under Al Kritik
Q28668749,
Q10570819,Lunds Nya Kammarorkester
Q1802146,Landesblasorchester Baden-Württemberg
Q5412703,European Jazz Ensemble
Q137585138,
Q117352670,Benizze
Q8067551,Zayda Y Los Culpables
Q11199703,FOUL
Q61000237,Rap Plus Size
Q113502221,
Q65067446,United States Naval Forces Europe Band
Q98399549,
Q139757287,Three Hills Brass Band
Q5521098,Gangbé Brass Band
Q3325148,
Q11247100,Spiral Life
Q1319410,The Grenma
Q3516712,
Q15052735,Select Hits
Q135263694,Meduoteran
Q22262504,Beat Funktion
Q25095363,Seshollowaterboyz.
Q5874570,Hoarsebox
Q105871538,Maria Angélica Doesn't Live Here Anymore
Q10556183,Led Zeppelin North American Tour 1980
Q105394914,
Q25352177,The Argues
Q4370283,
Q10674188,Soviac
Q6944453,Muzika Poludelih
Q11903434,Vision Days
Q12645503,Zagreb Doctor's Choir
Q7751225,The Miami Showband
Q123584316,
Q6090274,Edirdahan
Q135189791,Los Thuthanaka
Q10362648,
Q11491227,Wasureranneyo
Q14158691,Ham Sandwich
Q12396375,
Q19384620,
Q27817972,Sayverse
Q55266652,Muziekvereniging Hâld Moed
Q20070273,
Q6947718,Myles and Connor
Q24197237,Royal Scottish National Orchestra Chorus
Q9169084,Berkut
Q48779732,KungFu Rick
Q31182018,Water of Life Project
Q21569039,Le Petit Ramon
Q92174186,
Q2058564,
Q3321505,Monsieur et Madame
Q61361974,Gasteiz Big Band
Q3776470,Thermostatic
Q4985394,Buena Fe
Q11236898,Northern19
Q10341634,SAR Philharmonic Orchestra
Q2682950,Beyaz Kelebekler
Q135420097,Rob Deniel
Q65082982,Tri-State
Q65249395,Balming Tiger
Q7697632,Tellison
Q4441203,
Q96192833,Zaklon
Q60827209,
Q19877106,The Co-Dependents
Q29101144,Desi Hoppers
Q113634685,Iván & AB
Q10688432,Sånggruppen EBBA
Q3355250,L'Orchestra di Piazza Vittorio
Q12367902,
Q16087456,
Q11801778,PCP
Q101837494,Rick and Thel Carey
Q841733,Marek i Wacek
Q65016759,Bovet Coleman Trio
Q4992164,Los Angeles Opera
Q19976782,Harmonie Ensemble New York
Q18432520,Mythos 'N DJ Cosmo
Q5651519,Haos in Laos
Q5581586,Gone Postal
Q7786386,This Window
Q20827426,Detail
Q4083174,
Q139757365,Bruxelles Brass Band
Q97610449,
Q136437803,Guorga
Q51007114,Millionaires
Q111210154,
Q110394012,
Q10507535,Good Morning Blues
Q65028364,Husistein Musik
Q2972156,
Q3783762,Hawk
Q138863578,Navarra Queer Chorus
Q10657477,Royal Downfall
Q13160750,Mysore brothers
Q104847723,Ruby and the Rednecks
Q10372709,
Q5155000,Community of Madrid Orchestra
Q7764307,The Silver Shine
Q117562606,
Q2897380,Bernadette Soubirou et ses Apparitions
Q97218735,Gyeonggi Sinawi Orchestra
Q3693910,Coroanaroma
Q31205046,Szabó Balázs Bandája
Q4042078,Karbido
Q115973434,Hansen-Trio
Q1974547,
Q12261289,Karidadeko Benta
Q30957249,The Cancel
Q113076480,Musica Lesbiana
Q10851049,I Love You Boyz
Q29467850,Bhumiband
Q4333645,
Q48893925,Now United
Q3100793,Artaria Quartet
Q126912587,Għaqda Mużikali Madonna ta' Pompei
Q111525544,Ratpenat
Q139762564,Ellesmere Maple Leaf Brass Band
Q20563672,Volo Volo de Boston
Q13026276,
Q137455998,Jefe Entertainment Records
Q7561141,Song of Return
Q114020519,Bonfire Radicals
Q134532541,NoctiByte
Q4035205,Blonker
Q56448766,
Q112842886,Monster Shack Crew
Q12117769,
Q11832609,Płock Symphony Orchestra
Q10699935,Tony Clifton
Q10448670,Checkpoint Charlie
Q55631020,Race Against Time
Q24839286,
Q13135390,EYesis
Q111715552,Przyjaciele Karpia
Q105576275,Port Townsend Symphony Orchestra
Q3376781,Peter Night Soul Deliverance
Q110916755,Autograf
Q3414634,Quintette à vent français
Q16962374,p53
Q13127747,Oxford Welsh Male Voice Choir
Q9160314,Ars Cantus
Q2129525,
Q11656236,Kansai Philharmonic Orchestra
Q13020488,Prakhom band
Q107011538,Gstaad Festival Orchestra
Q3177984,Jeune Chœur d'Île-de-France
Q12137059,
Q11257111,Baradj
Q16612864,Uniqplan
Q10508531,Green
Q24102017,Münchner Orchesterverein Wilde Gungl
Q10665023,Sedlighetsroteln
Q104205862,ERT National Symphony Orchestra
Q7733630,The Feelers
Q110816113,Mesarthim
Q4050826,Ten Kens (Musical group)
Q31884138,Offchestra
Q9347742,Subtonal
Q5905397,Hurusoma
Q4083115,Belyj den
Q16429030,I Adapt
Q74667362,
Q24862236,THE NAMPA BOYS
Q105069177,
Q7395257,SYMT
Q60747153,Wares
Q25093444,Griefjoy
Q10341760,
Q31188055,Saioa taldea
Q11790470,Negatyw
Q65214062,Jakarta City Philharmonic
Q12103191,
Q11751462,Kuśka Brothers
Q18431290,La Pallotina
Q22121793,Peter Wheat and the Breadmen
Q28701998,
Q60998953,
Q106823258,Rostal & Schaefer
Q11248644,THE ALPHA
Q10383214,
Q6407201,Kill the Drive
Q11418343,Aisenshi
Q122927068,Benjamin Consort
Q55458821,Orquesta Contratiempo
Q12640303,Prava Kotka
Q120335689,
Q63086239,Eric Burdon & War
Q5562936,Gina X Performance
Q1380266,
Q3030759,Distress
Q117031755,New Zealand Chamber Orchestra
Q113076467,Kleine Berliner Chorversuchung
Q7619242,Stonehouse Pipe Band
Q63208479,
Q97172988,
Q16171203,
Q64992130,Schildpatt
Q133825894,
Q3946533,
Q20687343,The Mono Polys
Q65254954,Helin
Q57830555,The Big Four
Q5331582,Ebe Gilkes Quartet
Q2410562,Dkay.com
Q4077209,
Q5949450,Husnlal Bhagatram
Q61107980,
Q3355360,
Q115776467,
Q30949182,Road To Asia
Q6607531,
Q12333658,Rod
Q112978643,XiX
Q10319810,Los Sebozos Postizos
Q22121617,
Q99542554,The Michael O'Neal Singers
Q7759549,The Reads
Q78056758,Nacho Conde
Q7738577,The Gypsies
Q10381654,
Q1637193,Humoresk Melodios
Q9368780,Vimana
Q116730131,Between Friends
Q3521509,The Lanskies
Q112977055,
Q56389814,Cadaveres
Q101064605,
Q7812874,Todosantos
Q18690264,Suomen Laulu
Q827768,Royal Concertgebouw Orchestra
Q7601874,Stargazer
Q121917696,
Q1804057,Tehran Philharmonic Orchestra
Q4045818,
Q2596979,Würzburger Domsingknaben
Q124004612,Banda La Alterada
Q97310218,
Q31098497,A Gátnál
Q2549612,Warp Brothers
Q106155215,
Q21546046,Kraken
Q9184480,Capella Bydgostiensis
Q5151973,Coming of Age
Q37334971,Whitburn Band
Q3522687,The Shoepolishers
Q12631392,Gatuzo
Q5209798,Daisyhead & The Mooncrickets
Q131603629,Joint Venture
Q65089955,Doubting Thomas
Q98215775,Wolfredt
Q124362995,Siroll!
Q112567087,
Q5783240,Conjunto Casino
Q65254790,Credo-Allika chamber choir
Q3837451,Lost
Q125569733,Haunted Mound
Q11190122,Al.ni.co
Q20436674,Prkos Drumski
Q112233769,Ngwenya Brothers
Q105318874,
Q5504865,Brant Bjork and the Bros
Q123702791,O.R.k.
Q135927753,Mirador
Q139757264,Six Nations’ Indian Brass Band
Q2306293,Space Frog
Q61483554,The Dreamers'
Q61090693,
Q125569964,The Young Elders
Q11762797,Loud Jazz Band
Q10495620,Fint Tillsammans
Q61037628,K2
Q117803327,Marching Band of the Spanish Royal Guard
Q50376107,Chamber Choir of the Estonian Choral Association
Q30903260,Kije
Q105076812,
Q488819,Karmah
Q110895176,Orchestre symphonique de Drummondville
Q104664557,
Q9195418,Collegium Cantorum
Q27679052,Günther & D’sanz
Q10524894,Hjältarna
Q2048748,Pan-Pot
Q7722149,The Chapters
Q12318185,In Flagranti
Q608840,Allegri Quartet
Q4890342,Bent Sea
Q18411740,Männer
Q7199993,Pizzaman
Q61363725,Tristtan Mourguy eta Horeba
Q16611920,Nine Stories
Q7063477,Notre Dame Symphony Orchestra
Q10692453,Telge Blues
Q50223422,
Q2137794,
Q7536664,Skruff
Q134970971,They Walk Among Us
Q104623045,
Q104223843,
Q9195190,Coach
Q48075001,
Q6979514,National Youth Orchestra of Wales
Q11201713,GO 2
Q131345306,"Bach, Beethoven, and Brahms Society"
Q84077370,Acapella Soul
Q1062479,Alilang Group
Q7797609,Three Man Army
Q10615150,Painfield
Q11297846,King & Queen
Q5997079,Ilanda
Q65052858,The Ugly Beats
Q2418587,
Q11907789,Banda Municipal de Lleida
Q9144113,Alamut
Q114839459,
Q697291,Gustav Mahler Youth Orchestra
Q7432026,Schola Cantorum
Q4050738,
Q131275549,
Q18662936,Vox Artis
Q96407099,Sweet Mercy
Q11548243,
Q3376297,Pestifer
Q106040596,Jools
Q31188075,
Q7558333,Sollen
Q42573490,Deponeye
Q6053473,
Q3356672,Orquesta Riverside
Q60765118,United States Air Forces in Europe Band
Q10331304,
Q24945198,Simplefields
Q19951614,Akalé Wubé
Q11918969,Els Fatxendes
Q105460521,
Q22128543,OUTATBERO
Q18945207,Luftwaffenmusikkorps Münster
Q6607799,Haifa Symphony Orchestra
Q137585149,
Q140238951,Küberünnak & Karmo
Q7713401,The Ambience Affair
Q986511,Raschèr Saxophone Quartet
Q12306264,Christianshavns Bluesband
Q16140800,
Q106351972,
Q12688309,
Q25453041,Funk Infection
Q10600250,New Keepers of the Water Towers
Q2911446,Bosco
Q104886985,
Q26253560,Partille kammarorkester
Q124818625,Jupiter String Quartet
Q5056305,Cecil Sharp Project
Q7743009,The Jasmine Minks
Q4952056,Boy Better Know
Q114033324,
Q29640029,Grands Boulevards
Q3483093,Sid Presley Experience
Q6942402,Music of the Spheres Society
Q3429487,Rhinwagges
Q109554403,
Q115058865,Son Uçurtma
Q3693306,
Q6448377,Kutcher String Quartet
Q9177492,Boreash
Q137604010,Musiqa
Q60834380,
Q55316397,Bad Moves
Q139761814,Xonara
Q100948153,MDR-Kinderchor
Q4053576,
Q5054913,Cave Painting
Q64438392,
Q65229429,MAD AIR
Q12373672,
Q3303050,Mazagan
Q100417779,Killages
Q64847568,Joe Haider Trio
Q3060758,European Camerata
Q1399869,United
Q20105830,GREC
Q86000653,
Q3842265,Madasun
Q7513076,Signum Quartet
Q39043234,Bagad Avel Vor
Q3355337,Christchurch Symphony Orchestra
Q91860289,Ottawa Bach Choir
Q97441553,
Q17106586,Tropical Depression
Q115095574,Dunvant Male Choir
Q31188479,
Q28044899,Mia REGINA
Q134429218,Hotel Fiction
Q139801632,
Q1283498,
Q130533676,The Simpsons
Q1673487,
Q11950306,Soweto
Q28403400,Monkey House
Q61362091,Frenetikodrome
Q3355318,Kuopio Symphony Orchestra
Q6908784,Moped
Q46996314,Ricco & Claudia
Q176392,Orchestre de la Suisse Romande
Q48002134,Liberale Harmonie Trouw aan Kunst
Q15812826,Grenzlandtrachtenkapelle Mureck
Q3005767,Cryptic Vision
Q124301326,
Q6587746,
Q17193520,
Q1343096,Männer-Minne
Q86058205,
Q20684107,Gaeleri
Q626020,Aranjuez Guitar Duo
Q110093570,Pirineos En Llamas
Q5275015,Diesel Park West
Q48780190,Cloud One
Q4059194,
Q22118549,S.S.Brothers
Q135438736,ffortissibros
Q105821383,
Q85982620,
Q10341660,Brasil Jazz Sinfônica
Q17620863,A for-Real
Q19384804,Oslo Damekor
Q15803775,Conflicto Urbano
Q116937196,
Q4195523,
Q19959754,Hannoverscher Oratorienchor
Q31189065,Ados
Q11972197,
Q111016327,Fluon
Q11823689,Pomoc Duchowa
Q12327557,Monopol
Q10393776,
Q64995574,Herb Miller Jazz Band
Q124359280,
Q85985815,
Q122815198,Django & Bonnie
Q1427067,Flanders Recorder Quartet
Q11556598,
Q138411361,Aiko el grupo
Q61361012,Los Galerna
Q11328669,Jean-Francois Paillard Chamber Orchestra
Q120335529,
Q10852382,
Q113502407,WesternBoy
Q3011175,DDamage
Q127413293,The Destructors
Q25056850,Templar
Q4588071,The Swedish Mounted Band of the Royal Lifeguards
Q123175203,
Q116809427,Morwenn Le Normand & Ronan Pinc
Q30597819,Posidonia
Q28502615,Snowmine
Q131862785,Orchestra da Camera Fiorentina
Q117858304,
Q7987067,West of Eden
Q3776730,Kerbdog
Q77951092,Modulations
Q60775472,The Scintas
Q4943364,Boolfight
Q7735358,The Front Lawn
Q118294981,Helen Bruner and Terry Jones
Q135668099,Yingisa
Q10291649,Grupa Operacyjna
Q18648267,
Q105972502,Tunabunny
Q7864832,UK Chinese Ensemble
Q117462788,ARXX
Q3790333,
Q136838313,Séchiari Quartet
Q118995791,Grešnici
Q135693531,
Q47765012,Nieuwpoort Philharmonie
Q113565390,Tetra Brass
Q19262815,Harmonie de Vriendschap
Q108266552,Thornhill
Q53341957,Boombox Cartel
Q12808654,Ayyuka
Q5256457,Den Fule
Q65016064,Skyjack
Q1925535,Chili Hi Fly
Q65255005,
Q3512332,TPOK Jazz
Q12328599,
Q12282282,
Q1924276,Messiah’s Kiss
Q10720210,Willowtree
Q18626324,
Q24031407,Ertebrekers
Q7102465,Origin South Africa
Q7268904,Quantic and his Combo Bárbaro
Q124378477,Fenečki Biseri
Q10695543,The Fine Arts Showcase
Q9098525,
Q22080380,HubbaBubbas
Q76833766,
Q7735514,The Fuse
Q1242806,Pécsi Nevelők Háza Kamarakórusa
Q65028422,Elephant Tree
Q10507643,Gospelbröderna
Q7714025,The Apples
Q97356246,Swiss Guard Band
Q24937113,
Q114878629,Ram-Lakshman
Q25056220,Promise Land
Q111181317,Wavelength
Q122850519,Ampage
Q134301295,
Q6089115,Oya-Bora
Q11979082,Johnny Yen Bang!
Q123703965,
Q30174085,Finnhittien kuninkaat
Q10695366,The Accidents
Q5507015,Fuckin Wild
Q20070573,
Q111715564,Przyjaciele Karpia
Q25056419,Hortor
Q50432621,Chór Czarownic
Q135752627,
Q7722277,The Checks
Q798099,Bachchor Mainz
Q13018662,
Q12354328,
Q140354723,Close Enemies
Q6053325,Avilés Orchestra
Q48784634,The Rudeboyz
Q13016392,
Q105237927,
Q10609216,Olle Montanus
Q140068020,
Q16139621,
Q28684182,Heutling-Quartett
Q17223017,Endzweck
Q47763796,Liberale Harmonie Sint-Cecilia
Q12253094,Alboka
Q11766962,Man Go Fish
Q42317707,Dababeats
Q9335913,Shannon
Q11982842,Kørvan
Q107543193,Pissgrave
Q104723940,
Q11222187,HAPPY!STYLE Rookies
Q116202539,New York City Police Band
Q18907369,Trondheim Sinfonietta
Q137654895,Witchrot
Q104867071,Sian
Q9387639,Zayazd
Q24928711,Pop's Cool
Q100321325,Members Of The House
Q113396365,I Belong to the Zoo
Q99472144,Psilicyber
Q64027193,2nd Marine Aircraft Wing Band
Q33836749,The Future Dead
Q5281915,Discovery Gospel Choir
Q11249106,HEART AID
Q56364789,Hoorosh
Q122665119,Entr’acte
Q65548765,Brotherhood of Sound
Q4891697,Bergman Rock
Q17510170,Black Harmony
Q7776317,Jennifer and Hazel Wrigley
Q55529498,
Q132828861,Excavation & Poésie
Q3075108,FollowBane
Q2455056,Troja
Q2972164,Chœur de chambre de Namur
Q12065973,Plastic Flowers
Q8207104,
Q17019616,University of Santo Tomas Singers
Q137594075,Crush
Q120064801,
Q11912261,Caracola
Q106374059,
Q140356410,Musikgesellschaft Andwil-Arnegg
Q6545657,Lift to Experience
Q11228895,LEDY JOE
Q55642251,The Avantis
Q9371093,Warsaw Symphony Orchestra
Q21559471,
Q59397122,
Q25212309,Dysphoria
Q136388936,Sinarades Philharmonic
Q11308684,
Q10505943,Glorious Bankrobbers
Q7939491,Voice Of Tranquility
Q131359784,Explicit Lyrics
Q28668130,
Q10405526,Škola pro radost
Q11784356,
Q2327049,
Q10397021,047
Q117605336,Obscure Son
Q894719,Botho-Lucas-Chor
Q12299928,3 Times 6
Q3059428,Etyl
Q121009865,Lucky Sonne
Q112819550,Melodiva Lesbenchor
Q10695631,The Last Resort
Q5612876,Gröûp X
Q23787235,Harvestehude symphony orchestra
Q10432942,Bonnkapälle
Q3191261,K'tan
Q3090845,Fumuj
Q767729,Schiersteiner Kantorei
Q64160757,Al Collins & Orchestra
Q24871851,Johann Strauss Society Orchestra of Japan
Q12257926,Four Friends
Q5047490,Caruso
Q10673153,Solen skiner
Q15621608,
Q139865016,Saihate no Hairaito
Q6670643,London PX
Q10668920,Sista sekunden
Q125484226,Tomáš Sýkora Trio
Q81969593,
Q124497031,
Q7745025,The LBG
Q29950701,Banane Metalik
Q123606042,Katawa Singers
Q65227834,C.O.S.A. x KID FRESINO
Q10931879,Shock Mall
Q30061461,Frederick Regional Youth Orchestra
Q30080220,
Q139073918,Bill Mason Band
Q12778493,
Q17994354,Erm
Q3355302,Orchestre français des jeunes
Q20525105,Slavonski bećari
Q85995632,LP Duo
Q19977263,Stonfrog
Q31187995,Odolaren Mintzoa
Q14920506,10forBrass
Q60048820,One Car Limited
Q30325748,Jade and Sarsaparilla
Q10476438,Dragskåpet
Q11901734,Virtuosi di Kuhmo
Q118780415,Flamingo Tours
Q123216608,
Q85768032,IDER
Q132756419,Hereford Choral Society
Q10695387,The Ballerinas & The Pendeltones
Q110174296,What About Tonight
Q110069514,
Q25212823,Gamalon
Q19704629,Divlje u srcu
Q48700739,Dustbowl
Q135831051,Mallett Brothers Band
Q123517451,Knarf Rellöm Trinity
Q7939703,Voices in Public
Q7641245,Sunset Cinema Club
Q24950541,Tom & Jame
Q120785321,2Kvėpavimas
Q2943135,Synapscape
Q1780868,
Q72965918,
Q84939472,Bon Odori Dance Group
Q131275111,
Q16027884,As They Burn
Q138747981,Sharp
Q130902007,Budapester Symphonic-Orchestra
Q10571576,Lynx
Q16097665,
Q11063577,Beamship
Q5364343,Elkland
Q5310764,Dubious Brothers
Q4419923,
Q105280567,
Q61993853,Salutaris
Q7798193,Thrilled Skinny
Q48747249,Sweet Way
Q20065497,Bendida
Q10716753,Von Benzo
Q110044191,
Q10678393,Stenblomma
Q10503124,Garizim
Q1457426,T-Slam
Q105582736,
Q131275126,
Q2289017,
Q11944966,Raynald Colom
Q10482146,Embracing
Q15905203,Eight Superstars
Q57830621,Rumors
Q16140940,
Q28434552,About Group
Q61361904,Rural Zombies
Q104630031,
Q108872628,Fearless Vampire Killers
Q1990343,
Q96219220,Ceraadi
Q107603730,
Q10499227,Friskt vatten
Q3572893,Your Shapeless Beauty
Q16356346,
Q28685138,MCS-mobius cosmic sounds-
Q16361547,Latvian Radio Choir
Q61107745,
Q7564943,Sounds of The Four Tops
Q63117783,Soul Fresh
Q7234420,Postolar Tripper
Q7312280,Remyl
Q121094549,Fly Tomorrow
Q137947224,
Q105280306,
Q137440358,AIC Mwadui Choir Shinyanga
Q136557365,
Q122927019,Trio Dali
Q134469054,Jemma Freeman
Q24860548,Luminous
Q56292808,Postdata
Q139074009,Breakkaway
Q111103207,Велосипедистов
Q123171226,Grandma's Smuzi
Q122675934,
Q96412654,United States Air Forces Central Command Band
Q5504267,Friends of Fiddler's Green
Q6549488,
Q137801060,Vicious Vicious
Q11222427,HEAVY HITTER
Q7362813,Romantic Rhythms Music Festival
Q132176606,Julia & Rafaela
Q3693856,
Q134083888,Honey Motel
Q6902524,Monserrate & DJ Urba
Q12256106,Deabruak Teilatuetan
Q16497209,
Q98456607,
Q120335527,
Q16639055,State symphony orchestra of Transnistria
Q6587856,
Q5182339,Crash
Q19850196,
Q55470286,Orquesta Típica La Furca
Q18564413,Cruadalach
Q138565398,DEXX (T-pop group)
Q16459012,Lietuvos televizijos ir radijo Valstybinis choras
Q16191984,University of Rochester YellowJackets
Q106929150,Fire Pig
Q4155192,
Q107610232,Mrs Magician
Q65007674,Vertigo Trombone Quartet
Q13654760,
Q105475053,
Q10484243,Enhärjarna
Q4779159,Apartchiks
Q29025041,Harsshit Abhiraj
Q10672996,Soffgruppen
Q115557125,Miles Tribut Big Band
Q5027900,Campanas de America
Q57156790,Brisom
Q12018417,Graffovo kvarteto
Q10850900,
Q10858048,
Q132645945,Unforgettable Big Band
Q37895486,Van Dammes
Q7124512,Pahan Silu
Q111788811,XYZ
Q12258917,Hartu Arte
Q113679503,Umlauts
Q108635283,United States Air Force Symphony Orchestra
Q5358794,Elektrotwist
Q47508686,Capella de banduristas “Taras Shevchenko”
Q99542250,Atlanta Community Symphony Orchestra
Q7881579,Umineco Sounds
Q12032818,Lašánek
Q9372216,Wet Fingers
Q60836908,
Q122920543,Sammartini family
Q11916355,Càlic
Q63208472,Escòla dau Mont-Gargan
Q3178010,Joven Orquesta de la Universidad de Valladolid
Q7431903,Schnell Fenster
Q3039557,Droids
Q3633885,Italian Navy Band
Q2103683,Lucerne Festival Orchestra
Q2448413,Venus In Flames
Q115656046,Vocissimo
Q12293010,Safo
Q11223857,ICE BAHN
Q1802257,
Q11253056,Voice&Rhythm
Q124004762,Banda La Indicada
Q108872323,Mason Hill
Q138657702,
Q3206883,La Brigade
Q55459655,Donato-Zerrillo
Q139761653,Ovens
Q5831882,
Q7826310,Toronto Choral Society
Q113076502,Schwubs - Schwule Berner Sänger
Q51029267,Chorklasse
Q20559740,
Q27817438,The Looking
Q126909852,Magazines Band
Q2200201,
Q3532997,Tour 2 Garde
Q12011075,Ytre Rymden Dansskola
Q97576863,Kizu
Q60776221,Deadland Ritual
Q138412305,Kinder- und Jugendchor der Marktkirche
Q110915979,んoon
Q137685134,TAGRIGHT
Q125184535,Inflabluntahz
Q3064686,Fake Oddity
Q65254880,
Q7715645,The Barleycorn
Q113613760,
Q123653684,0%Mercury
Q12072885,VISCULA
Q110805952,Natastor
Q111430508,M(h)aol
Q6138756,
Q10657481,Royal Modesty
Q4317720,
Q47760201,Société Coopérative L'Harmonie
Q5612219,Grupo Fuego
Q127413630,Drc
Q3227480,Le Syndicat
Q12132142,
Q16430528,
Q109040507,
Q25467485,FurioSnails
Q3193625,Karukera Sound System
Q124421766,The Ridgeway Sisters
Q10341858,Os Aguedenses
Q11771308,Matelot
Q7598797,Stanford Taiko
Q7759535,The Razors
Q136388889,National Symphony Orchestra of Ecuador
Q61365756,BiHozkada
Q72966089,
Q131275084,
Q106760101,Mini Dresses
Q140044948,Grosse Pointe Symphony Orchestra
Q123281012,Shane Smith and The Saints
Q10587576,Moll Flanders
Q116790653,
Q4955648,Braided
Q50303669,
Q11790864,New Life'm
Q4851063,Balkan
Q5594052,Gran Orquesta TangoVia Buenos Aires
Q16950544,Mapua Cardinal Singers
Q2368363,
Q28805869,Dansdepartementet
Q121090878,Wayne McGhie and the Sounds of Joy
Q19573490,The Orchid Highway
Q106130004,Sola Brass Band
Q12299942,40 Thieves
Q107641778,Dizzy Gillespie Orchestra
Q25395097,Narodnoye Opolcheniye
Q2360006,Städtischer Musikverein zu Düsseldorf
Q2410008,State Opera of South Australia
Q1802258,
Q5286854,Dobrovoljno Pevačko Društvo
Q126947818,Vocanta
Q137798929,Gillian Carter
Q7096633,Opera Tampa
Q12340315,
Q18657418,
Q17985613,Arte Mixto
Q6180004,Jenson McKenzie
Q10949138,Mielavs un Pārcēlāji
Q11318591,Chi-na
Q116803277,Djinn
Q6917988,Motocade
Q24962896,No Silence For Sale
Q11213721,The Schtrebers
Q33836902,Lionell Horrowitz and his combo
Q19376605,
Q85848109,Zone 2
Q2829364,Al Kapott
Q51929850,
Q57207356,
Q135212720,Mark Kassa and Slight Return
Q1063440,Oslo Philharmonic
Q55650160,
Q5088394,Chautauqua Opera
Q25111654,Topictoday
Q3860333,Mombasa Roots
Q2874787,Axiome
Q138543098,Radium Dolls
Q11953130,Trikizio
Q17629035,Get Dead
Q28678194,Banda de Música da Força Aérea
Q38784390,Bagad Hiziv bro Henbont
Q139762526,Winnipeg Ladies' Cornet Band
Q134028737,
Q3373002,Pavillon 7b
Q131145225,
Q10869218,
Q9251805,Ejectes
Q89430983,Pilgrim Fathers
Q11228815,LANCE OF THRILL
Q2254468,Original Schwarzwaldfamilie Seitz
Q16960283,Lehto and Wright
Q116879629,Water Tower
Q12411053,
Q25405979,Orquesta de Guitarras Simón Bolívar
Q109469895,
Q24191968,Purple Spirit Singers
Q122226953,Deathcrash
Q20053763,
Q110895137,Fredericton Symphony Orchestra
Q19788150,Sophie Lillienne
Q3726180,Ensemble Respighi
Q28664316,Lyapis 98
Q65028943,Innlaandds
Q5281330,Disaster KFW
Q135754418,
Q109414505,
Q118111445,Twompsax
Q20439541,Amorf Lovagok
Q61693411,Bleachin'
Q7776489,The Yandall Sisters
Q138580043,INTERNATIONAL VIDEOGAME ORCHESTRA LTD
Q118967879,The HIRS Collective
Q28925834,Jensen and The Flips
Q12805059,Univerzitetni pihalni orkester Ljubljana
Q110397139,
Q85979411,
Q2491418,Xang
Q3395892,Polémil Bazar
Q7720228,The Broadway Kids
Q123216890,Johanneksen Kirkon Kuoro
Q99519545,
Q24948500,Arte dei suonatori
Q7773003,The Voice Squad
Q4957995,Brat Pack
Q24962916,Limited Growth
Q12902714,R2D3
Q6489692,Larnaca Municipal Band
Q73229300,Gallaxy
Q109390363,
Q56061877,TIGHT
Q11234141,N'夙川BOYS
Q125241453,The Heart of Horror
Q65230578,Chronoform
Q17988010,IM5
Q5312259,Dueto América
Q125147945,Yasmine Tourist
Q3898594,Pedicab
Q19894232,Janski Beeeats
Q27670125,Manoj Kumar KC
Q136409994,Cartagena Symphonic Orchestra
Q20995347,FFx
Q5348949,Eight
Q104529564,
Q120336399,
Q11690476,
Q25021723,The Tidal Waves
Q136447191,Bahamas National Symphony Orchestra
Q111915175,Caroline
Q106238854,
Q17107756,Olombelona Ricky
Q25394509,
Q63208485,
Q4418277,
Q3497706,Stay Ali
Q2205845,
Q1979694,Neue Philharmonie Westfalen
Q65212505,
Q107709892,Wizardthrone
Q6457774,Bieły Son
Q120335526,
Q108571673,
Q22100624,Truth And Love
Q137426714,Weusi
Q56272558,The Fur.
Q17121263,Hearts of Darknesses
Q124338864,Little Stranger
Q21601144,Puras Patrañas
Q12453848,Sharma Bandhu
Q15053723,Houseguest
Q131419988,Finland's Lucy Choir
Q7723484,The Clothworkers Consort of Leeds
Q2410207,The Chehade Brothers
Q136656465,Jazziana Croatica
Q8001015,Wildcat Marching Band
Q116856311,Jugendkonzertchor der Chorakademie Dortmund
Q10577439,Royal Swedish Navy Band
Q4037607,
Q30501094,The Nashville String Band
Q30601814,Sleep On It
Q2402628,
Q24190468,The Bros. Landreth
Q20400304,
Q3519801,The Aquanauts
Q7268843,Quando Quango
Q104978620,
Q21040726,Klassische Philharmonie Stuttgart
Q85782895,MUSYCA Children's Choir
Q116814870,
Q9391495,Zmaza
Q10611087,
Q7845570,Troopers Drum and Bugle Corps
Q7258856,Puff Dragon
Q3047010,Echo Lali
Q104920556,Old Swing
Q10647974,Q Stone
Q107969816,Delfini
Q122847743,JAELYN
Q11523994,
Q65035352,The Peppermint Tea Group
Q10372757,Sociedade Musical de Moçâmedes
Q131367025,Crni Cerak
Q11410940,
Q20440059,Zalaegerszegi szimfonikus zenekar
Q108680344,Coquettish
Q2545653,African Magic Combo
Q111913304,Los Beat 4
Q133962421,
Q7514397,Silence at Sea
Q133092498,Stonebridge McGuinness
Q5788738,Coro estable de Rosario
Q1573459,Kölner Kantorei
Q97161254,Munhiin rap
Q12263248,
Q7619392,Stoney & Meatloaf
Q111917675,Light Reflections
Q12271172,
Q5140164,Codes
Q125401099,IMS
Q22667916,
Q11833735,Rale
Q6082594,Pop Girls
Q20105812,
Q139757314,Hartley Bay Cornet Band
Q16723450,Yaroslavl Academic Governor’s Symphony Orchestra
Q3510988,Parason
Q104814073,
Q5311484,Duck and Cover
Q3265917,
Q16115406,Tina i Nikša
Q10522193,Hep Cats
Q110127457,"""Art"" wind quintet"
Q4257743,
Q48999959,The Grizzly Folk
Q3523457,The Y's
Q97180796,Shot in the Dark
Q120097228,Keltas
Q1920319,MendelssohnKammerChor
Q4146741,
Q11994204,
Q11614821,Ashiya Chamber Orchestra
Q10551126,Kvinnaböske Band
Q136773046,
Q10697817,Tiger & hans vänner
Q6424937,Kocian Quartet
Q12119075,
Q13571772,
Q5256197,Demon Cleaner
Q40669899,The Serpent Power
Q102397995,
Q11588478,
Q11281160,PHERO☆MEN
Q2642841,Divertis
Q12351156,La Mondanoj
Q11854546,Boston Promenade
Q20625571,Yldau
Q109248146,Amzik
Q11314803,Central Aichi Symphony Orchestra
Q112111546,Chorale de Kigali
Q9192002,
Q60742075,Big Mother Gig
Q55635448,The Parlor
Q3523128,The Twisted Minds
Q107498088,Bardu Ali and His Orchestra
Q107486549,
Q118144636,Semperoper
Q7759248,The Raes
Q9191986,
Q2654389,
Q2123776,
Q60988521,JURASSIC
Q3515671,Tarentule
Q108304009,As Everything Unfolds
Q17630082,Showpay
Q3352166,On Thorns I Lay
Q7721705,The Cateran
Q76153974,
Q84939529,Howlin' Wolf Band
Q7552742,Società Filarmonica Maria Mater Gratiæ
Q131105229,Route 33
Q12254558,Azala taldea
Q123385787,
Q7761760,The Rubberbandits
Q123406623,Findlay First Edition
Q25412537,Sien
Q111170045,Bandang Lapis
Q30593057,Academia do Lumiar
Q55635070,The Blue Dogs
Q97177517,
Q3504100,The Soulmen
Q11229707,Luv Deluxe
Q1403824,XYNN
Q2932931,Café-Charbons
Q17335000,Inzirli
Q16113526,Zadruga
Q96405739,Singapore Police Force Band
Q137731306,
Q31188021,Kherau
Q1844074,Holland Baroque
Q6880358,Misterlee
Q11857728,
Q4788062,Ardijah
Q55527088,BEST FRIENDS!
Q122336474,Rikki Rakki
Q113531212,
Q105702568,
Q136452063,Edgar Winter's White Trash
Q11994326,
Q136679894,Sapporo Philharmonic Orchestra
Q136442991,Safaricom Youth Orchestra
Q7835485,Transylvania State Philharmonic Orchestra
Q68236739,RoboChanMan
Q6980954,Nature and Organisation
Q18238794,Far & Son
Q11944192,Quartet Renaixement
Q101837296,Marmen Quartet
Q3345992,Nu-Vice
Q12042777,
Q49001749,Saltire Music Group
Q128809512,WikiOrchestra
Q15847655,
Q127432087,Frankie Cosmos
Q5958166,Karimero
Q85806602,The Blunder of a Horse
Q5381532,Enzso
Q139757313,Glenbank Band
Q139594544,World Stars United
Q89694968,Sipan-Komitas choir
Q3192812,Kaophonic Tribu
Q6830004,
Q11569289,Baku Chu Mondai
Q106153695,
Q23784207,
Q11815302,Pchnąć W Tę Łódź Jeża
Q61061264,
Q126912926,Six Impala
Q18396153,
Q124738183,The Bronzettes
Q7743529,The Jouby's
Q10308030,
Q63208530,
Q55172554,
Q55641738,Sharkmuffin
Q110710357,
Q7847408,True Faith
Q10535681,Inmoria
Q4269120,AntarDhvani
Q124333641,YAN
Q18244561,Mölnlycke storband
Q65028562,Quintessenz
Q132757456,Liverpool Welsh Choral Society
Q96942489,
Q123906957,
Q4518330,
Q7713169,The Alleycats
Q105512204,
Q5704908,Arnau (banda)
Q6959622,Nailed
Q139762586,Concordia Concert Brass Band
Q8080267,İzmir State Symphony Orchestra
Q86725058,Flore Laurentienne
Q65683083,Apocalipsa
Q5917331,How's My Pop
Q7972071,Washington National Opera
Q39070336,Grayscale
Q10695843,The Thousand Dollar Playboys
Q3414469,Quidam
Q11282923,ACTION
Q6202118,Jindou
Q17177130,WINDZOR
Q7376872,Rude Kids
Q117031867,Dòchas
Q55316000,Dopapod
Q3413689,Pražák Quartet
Q20038887,Vodku
Q104666619,
Q105821135,M-D-Emm
Q65197189,Star Horse
Q6944511,Muñecos de Papel
Q18712870,Crash of Rhinos
Q112226531,
Q6808534,Megalopsy
Q10282180,
Q21546060,Stitch
Q138048323,Euphonia Vocal
Q3623913,Ars Antiqua
Q98637546,Queens Symphonic Band
Q139757262,Brandon City Orange Band
Q131913557,DivaGurl
Q48697852,The Sea Within
Q2694848,Kanał Audytywny
Q97872889,Der Musikalische Garten
Q12267361,Shaggy Daddy & the Troublemakers
Q105676466,Starvin Hungry
Q3902627,
Q63477546,1st Marine Division Band
Q7575287,Spectrum Concerts Berlin
Q85772736,K5
Q17750644,
Q110069432,
Q7736629,The Girls
Q117322694,Los Desterrados
Q1344300,Ensemble Vocal (Hamburg choir)
Q11343769,Mets
Q111678598,Acapulco Philharmonic Orchestra
Q105660781,
Q9326148,SL stereo
Q3386163,Balalajkaorkestern Kazbek
Q11238996,PPファクトリー
Q124083167,Mars Ray
Q16957989,Nikki Awesome & The Royal Society
Q4891578,Banda Municipal de Barcelona
Q10411762,Angeline
Q104843690,Staraya derevnya
Q81970404,
Q3231054,Les Blaireaux
Q55470865,"Ventura y sus Bohemios,"
Q114667698,The Navassars
Q7569251,Southcote
Q16140806,
Q106522276,
Q85759190,Emotional Oranges
Q20426453,DuoDivaa
Q61365711,Ertzak
Q7199418,Pittsburgh Youth Symphony Orchestra
Q12957658,Ižipkinje
Q139762577,Anglo Canadian Leather Co. Concert Band
Q3325191,Motis
Q134127562,
Q133837204,Ideal Mandolin and Guitar Club
Q97750128,Cheonan Philharmonic Youth Orchestra
Q18500678,
Q101251220,Iamnot
Q124004619,Banda Renovacion
Q4329313,Oblachny Kray
Q111845222,Military Music Corps of the Spanish Armed Forces
Q105638027,Cobweb
Q7798066,Threnody Ensemble
Q9337869,Skill Mega
Q85794898,Psychobuildings
Q618095,Waldbauer–Kerpely Quartet
Q10648432,Radiobandet
Q131730491,Rokudenashi
Q50223058,
Q13026217,
Q48697855,YG Family
Q24231990,El Perro Andaluz
Q48730046,Sikandar ka mandar
Q10341833,
Q4049697,Soisong
Q108695062,Watson Sisters
Q113076503,Schwuler Männerchor Kiel
Q19665583,About a Mile
Q3812380,Kaada/Patton
Q7749258,The MUJU Crew
Q23013824,Reese and Vica
Q12639932,katinas
Q126029281,Quarters of Change
Q64813245,KCPK
Q16559351,I z Poznania i z Torunia
Q113360708,
Q39057530,Apeiruss
Q9280946,Groovekojad
Q118798936,Wrocław Opera
Q19560636,Gruppen for Alternativ Musik
Q18289520,Niu Quaia
Q109363430,
Q584017,Sächsische Staatskapelle Dresden
Q9334852,Sedes
Q3377501,The Paris Boys Choir
Q20685449,Satsangi
Q3521992,The Needs
Q959380,King's Heralds
Q28405703,Nai Harvest
Q1807769,
Q4882040,Belcea Quartet
Q130369377,Prism
Q5244002,DeMUG Baroque Ensemble
Q120694265,
Q123600938,Old Mervs
Q136327935,
Q10556471,Leif Karate
Q86659594,Domingo en llamas
Q16643341,Implodes
Q60754635,Doug Deming & the Jewel Tones
Q117843549,
Q111149164,Russian Orthodox Cantors
Q10448869,Chester Copperpot
Q12511461,Saffe Band
Q7763268,The Selfs
Q56809121,Elijah Woods x Jamie Fine
Q63206798,
Q10441905,Canyons orkester
Q17990760,
Q98412849,
Q130391396,The Coquettes
Q3331681,Lisbon Metropolitan Orchestra
Q124062168,Millycent
Q6152804,Trio Łódzko-Chojnowskie
Q139762587,Beamsville Brass Band
Q105319335,
Q2085565,
Q3331727,Mystery Blue
Q122389222,
Q13234227,Orchestre symphonique de l'Estuaire
Q10541722,Jämtlands sinfonietta
Q105467049,
Q1632266,Münchner Bläserbuben
Q65032709,Silvan Schmid Quintet
Q133296427,
Q9645964,Banda Sinfônica do Estado de São Paulo
Q111943491,Kabareh Cheikhats
Q125966082,Category 7
Q10372720,
Q22031935,Abu Lahab
Q115942148,Bryttania
Q10341745,Orquestra Sinfônica do Recife
Q47469680,THYX
Q136674501,Siren Society
Q323352,Staatskapelle Halle
Q65012998,Famm
Q24078067,Scrubbaloe Caine
Q6557584,Lira Vega
Q119145789,Vincent Lopez Orchestra
Q1573068,Hamburger Liedertafel
Q47169166,Charles Bradley & His Extraordinaires
Q3483715,Signs Of Hope
Q884210,Windsbacher Knabenchor
Q55460272,Dúo De Puro Guapas
Q3413742,Quatuor Élysée
Q6672318,Long Beach Opera
Q1419480,Alpentrio Tirol
Q1453854,Freiburger Bachchor
Q63208453,Bouxwiller folk dance group
Q10405418,All Steel Coaches
Q12620106,Chungnam Philharmonic Orchestra
Q136192543,Ja-Spell
Q122639506,Nickel City Opera
Q119718703,Lous Cantaires dau Clapas
Q1695492,Mittelsächsisches Theater
Q66091729,Hansen & Friends
Q105952355,Big 6 Brass Band
Q7764729,The Slakadeliqs
Q5434160,Fantasma
Q7250306,Prophets of Da City
Q3345360,Novantiqua
Q16332009,Estoudiantina Neas Ionias
Q55165099,The Murphys
Q108429500,Musikverein Lafnitz
Q19668047,The Black Feathers
Q1326459,Tátrai Quartet
Q116874129,In Depths of Winter
Q101210422,
Q10695489,The Damnation of Adam Blessing
Q56705656,5GANG
Q55181877,Rocket Girls 101
Q4128382,Vulgarnyj toNN
Q13049496,Lobaparda
Q4545581,08001
Q61361274,Meido
Q48700297,Lab Waste
Q106281988,Duo Jolly
Q5043311,Carmel Quartet
Q6551338,Linda's Nephew
Q7107530,Osso Exótico
Q10287804,GS Megaphone
Q12644292,VIS Uragani
Q13015356,
Q17189975,LASKOWSKI BAND
Q113376045,Sonne Adam
Q130338986,Zon Del Barrio
Q18028992,Ute & Friedemann
Q23500583,Llorer
Q17373417,
Q12326326,Martin and the Martians
Q821548,Berliner Grammophoniker
Q55635598,The Umbrellas
Q2109963,Cheikh Sidi Bémol
Q1297991,Sziasztok Lányok
Q7603781,State of Mind
Q24899714,Rhythmic Toy World
Q55632045,Royal Australian Navy Band
Q6684288,Lost Tribe
Q7896698,University of the East Chorale
Q7624034,Strings of Consciousness
Q63970538,Rock the Opera
Q19361101,
Q78037751,Eyre Llew
Q110780280,Saxon Boy’s Choirs
Q134649416,New York Wind Symphony
Q25501725,EffaTha
Q9360582,
Q89430607,Ear Vings
Q80977471,Sinfonietta Regio
Q12763102,Bez ladu a skladu
Q116994792,
Q136465209,Muscat Royal Philharmonic Orchestra
Q84357672,
Q6904934,Monte Video and the Cassettes
Q7021066,Next Life
Q99647120,Erb N Dub
Q105452126,
Q16522770,Skála együttes
Q134053339,Bobby Nobody
Q7713186,The Alligators
Q123435214,
Q21069050,Hyperhate
Q122056027,Boldy James & The Alchemist
Q22807467,CygnosiC
Q47508536,The Courtneys
Q22100642,
Q10688430,Sångföreningen Manhem
Q8024103,Winder
Q6695893,Luca Family Singers
Q113640149,Stöner
Q2730975,
Q24933924,
Q121516029,
Q97196860,Fi-Asko
Q4371833,
Q133499596,Kobe University Symphony Orchestra
Q3118769,Guarapita
Q122746134,
Q872730,Csibor
Q3944761,Safari Sound Band
Q7788421,Thomas Circle Singers
Q25512099,Silvestre y la Naranja
Q4160322,
Q85866852,R6団
Q124497055,
Q5895775,Hermanos Rincón
Q21122961,Les Rieurs
Q11889123,Conscript Band of the Finnish Defence Forces
Q61079634,
Q63208518,
Q3705449,Denis Novato Trio
Q12255428,Boosterz Inc
Q11817191,Piorun
Q31188878,Adhur
Q19703999,Naked Truckers
Q277191,Orchestre Philharmonique de Paris
Q7670968,TOI
Q129676657,
Q102316819,Elision Ensemble
Q11228169,KRN-GEN.W & JACKSLACK
Q106372097,Jolly Mon
Q3567035,
Q9357752,The Almighty Trigger Happy
Q60750450,Gaussian Curve
Q131808068,Shepherds Reign
Q110895178,Orchestre symphonique du Saguenay-Lac-Saint-Jean
Q126372447,Splatterheads
Q9159656,Arka Noego
Q16155972,7horse
Q7371740,Rovo
Q7894037,Universal Poplab
Q133819779,
Q137927312,
Q12008502,
Q7430486,Scarlett O'Hara
Q16410840,Eesti Televisiooni ja Raadio Segakoor
Q10341751,Original Strauss Capelle Wien
Q3355354,
Q106928092,Big Ray & the Futuras
Q16731772,Igor and Olga Machlak
Q137315052,
Q104531066,
Q7730659,The Doo Wop All Stars
Q97293371,V
Q19380192,Louisiana Jazzband
Q7652969,Swahili Nation
Q736310,Sparta Locals
Q19373543,Hangface
Q19969690,Sokoli
Q11690486,
Q109359481,
Q113076486,Queerubim
Q16982632,University of South Florida Herd of Thunder
Q10543835,
Q6343571,Guards Band
Q110895198,Surrey Youth Orchestra
Q110239788,Leonid and Friends
Q19925007,Trio Musette de Paris
Q10641433,Psalm4
Q1936655,
Q19389455,Snobgod
Q86816915,
Q12264968,O.K. Korral
Q60787178,257th Army Band
Q10466869,Dark Soho
Q97009663,
Q24911909,Every Knee Shall Bow
Q893259,Orchestre national d'Île-de-France
Q112054050,Start Of The End
Q28668133,
Q20105563,Dazzling Jazz
Q84607013,The Coverups
Q99745638,The Grand Theft Orchestra
Q21003047,
Q12763460,Bratia Muchovci
Q65127245,
Q61073186,Sıla 4
Q65227899,CLOWN'S CROWN
Q125921117,Hong Kong Oratorio Society
Q104541777,
Q112573362,Soldier
Q126210083,Art Hodes' All Star Stompers
Q3104468,Gesppe
Q9295682,"I, Robot"
Q136527279,Schola vesperis
Q115610582,Petty Crime
Q124485331,Speedtheory
Q137674113,Gerard Edery Ensemble
Q20650087,Air Force Band Erfurt
Q11190102,
Q125177351,The String Theory
Q105123805,The Color Guard
Q5196905,Cutout Collective
Q65032258,Musical Art Quartet
Q42310557,Nebulae Come Sweet
Q17056082,Tipsy night
Q943752,Dolapdere Big Gang
Q10689368,TTBB
Q10602347,Norma Bates
Q117857660,
Q7157883,Peakin' Trippers
Q4999495,Burn
Q28667942,
Q11690477,
Q1631506,Houston Symphony
Q107354234,Kindred Spirits Orchestra
Q7048767,
Q134053331,Atlantis Bound
Q2883460,AC/DShe
Q138529481,Adult DVD
Q137039465,Junior Thompson With The Meteors
Q5750252,Hi-Q
Q100751451,
Q63194817,Banda de bronces
Q30921188,
Q106609772,Battle
Q15825120,
Q3327556,Mukanda wa Pende
Q125177197,The Precious Mings
Q13196415,Ideous Kinky
Q11167425,Peppermoon
Q130271100,A Dead Cold Lament
Q20524493,Sužnji sendvičev
Q12001719,
Q129409244,Brothers
Q13135043,Cormick
Q65228211,DyyPRIDE
Q104529663,
Q30915976,Suddenly Flatline
Q31360605,
Q17140016,Zucchini Drive
Q126936080,Fire
Q111841819,3rd Secret
Q12663410,
Q9192034,
Q89428027,
Q2846148,Andice Rupen
Q1779462,Tartit
Q17067833,Wreck Small Speakers on Expensive Stereos
Q11249296,THINK TANK
Q85883904,ODD Foot Works
Q7386689,Rönninge Show Chorus
Q11327787,Backdrop Cinderella
Q1621727,Keller Quartet
Q2101786,Polizeiorchester Niedersachsen
Q57830608,Growing Girls
Q10656827,Rosa
Q25540982,Mad Monkeys
Q25616632,
Q2818315,
Q5431130,Faith
Q69104757,Harlem Renaissance Jazz Orchestra
Q4793677,Armonicus Cuatro
Q10359884,Resposta Simples
Q130617377,Hardlein
Q107589190,
Q6718362,MT-TV
Q120329221,
Q98431921,
Q12001777,
Q24913466,The Standstills
Q2750616,Kamaya Painters
Q4332492,
Q105620045,Holocaust Survivor Band
Q12366284,"Chamber Choir Head Ööd, Vend"
Q17553308,Basarabian Hills
Q124372014,Flora & The Fauna
Q124459202,Perri
Q5139838,Coconut Revolution
Q12259513,Ikus
Q6144491,
Q110732432,Masterok
Q85815455,Who's Molly?
Q104905448,Bad Touch
Q97805237,
Q7598075,Stand Four
Q25936437,Mainland
Q61654315,Chœur gai d'Ottawa Gay Men's Chorus
Q115660143,Violet Club
Q2500040,
Q100231157,
Q139008663,Cortical White
Q1500785,Musica Elettronica Viva
Q12048147,
Q944162,Coro della SOSAT
Q2310973,
Q124497077,
Q9178594,Bractwo Kurkowe 1791
Q15489152,Goya Dress
Q7750391,The Marmite Sisters
Q123475339,Another Perfect Day
Q131275550,
Q59505243,Red Byrd
Q3502442,Akurat
Q28450041,Inheaven
Q9301622,Mosquito
Q106928103,Basic Drives
Q16606788,Sleeping Dogs Wake
Q12326382,Matadorerne
Q56811731,Arcaño y sus Maravillas
Q52225308,Zanggroep Alternatief uit Vrasene
Q104444835,Brillant Magnus Quintet
Q10518117,Harlequin
Q13054729,
Q61314130,Somos
Q138747789,Sons of Thunder
Q138773251,
Q12338989,The BPA
Q98641283,Pure Elegance
Q11773706,Crashpoint
Q18006525,mansionarius
Q4395388,
Q112977048,
Q64160611,
Q137480743,Dellacoma
Q65062281,MOI
Q115663017,
Q81776120,Killafornia Organization
Q1015506,Guangzhou Symphony Orchestra
Q2798566,
Q61378544,Raiba
Q98414655,
Q86365589,
Q12361353,
Q16306987,
Q2375240,Simon et les Modanais
Q6826150,Mexiclan
Q7604167,Static in Stereo
Q137440367,Ngoma Africa Band
Q104901404,
Q110069303,
Q7720910,The Cadets Drum and Bugle Corps
Q16187920,Czech-Norwegian Band
Q55137587,Indian City
Q133263200,The Black Suns
Q12072281,
Q56300784,
Q119085978,Teatro Colón
Q25094518,Regard Extrême
Q98431929,
Q5689580,Headgear
Q63208534,
Q12265338,Oskarbi
Q11826950,Preambulum
Q118224824,
Q97230022,
Q12071458,
Q61654313,Buffalo Gay Men's Chorus
Q140286951,Morveil
Q3885016,Orchestra Maquis Original
Q16239070,Bhujhangy Group
Q7750511,The Mascara Story
Q11293180,"Orchestra ""Do Svidaniya"""
Q3365547,Manfred Mann Chapter Three
Q4299692,Moi Rakety Vverkh
Q55470530,Cuarteto Victoria
Q28451755,The Princes
Q130379994,Dispossessed
Q112819548,Queerilla Singers
Q5515477,Gabor sisters
Q3285855,Mani
Q5968649,Igudesman & Joo
Q11788055,
Q120000123,Valve Studio Orchestra
Q17711737,
Q7397777,Saddolls
Q9696287,Capitolo 6
Q5270442,Dial
Q9142920,Ajax
Q18238348,Degerfors musikkår
Q3780054,Guy Smiley
Q4396791,
Q135205863,The Hooligans
Q25436316,
Q112156833,
Q7282840,Rage
Q11269062,
Q7741677,The Inbreds
Q136813425,Young & Company
Q15876466,House of Broken Promises
Q110104593,first violin
Q9191982,Chór Archikatedry Warszawskiej
Q1249838,Rojtos együttes
Q106200558,
Q7939394,Voggue
Q2358282,
Q7362391,Romance
Q60762334,Void of Vision
Q6629472,Royal Bangkok Symphony Orchestra
Q108871067,Profecía (musical group)
Q19560167,Bulldogs Allstar Goodtime Band
Q65029993,Jazzfriends Five
Q99605232,The Montreux In The House Band
Q11511485,
Q55470273,"Típica Brunswick,"
Q106483461,
Q5321633,E.M.M.A.
Q1801468,Pong Lang Sa On
Q31188006,Skabidean
Q139858099,
Q7721855,The Celtic Tenors
Q116246499,
Q11249091,THE STREET BEATS
Q278901,Shturtsite
Q16599429,Sagittarius
Q61363533,Hartzak Blues Band
Q111097746,Crumbsnatchers
Q12285752,
Q17081855,Sokolovsky gypsy choir
Q116680089,Iron Family
Q31304218,
Q3693869,
Q130757694,Wasa Sinfonietta
Q1467524,Zlatni prsti
Q3571510,Yan et les Abeilles
Q139753059,Nanaimo Brass Band
Q57830612,Swing Street
Q6467113,Labirent
Q17280844,ANNA Crusis Feminist Choir
Q139762653,Estevan Cornet Band
Q85770422,Jack Mack and the Heart Attack
Q123577492,Unified Highway
Q11122024,
Q105541243,
Q798756,Bad Reichenhall Philharmonic Orchestra
Q131544305,Objections
Q10426575,Barokkanerne
Q4929107,Blue Feather
Q10673693,Sonic Surf City
Q3000112,Zontanoi Nekroi
Q139780475,Enok Monk
Q4389323,
Q123261735,Pigboat
Q12074503,
Q10852400,SIGMA (Music Group)
Q2855785,Ortega Cartel
Q61074151,Necati ve Saykolar
Q11939567,
Q970473,Leipziger Vokalromantiker
Q1718306,KÖHV Sängerschaft Waltharia Wien
Q3358126,Oui Oui
Q124858157,Big Wolf Band
Q15854190,
Q56637719,Vlad Tepes
Q137585124,
Q3539323,Trio Madjesi
Q20648575,Robyn & La Bagatelle Magique
Q117286424,Shag Rock
Q60748542,32Stitches
Q12714645,Finnero
Q110895204,Toronto Chinese Orchestra
Q4882289,Belfast Food
Q10585898,Minora
Q5432654,False Mirror
Q104413100,Thessaloniki State Symphony Orchestra
Q7430594,Scatter
Q3524647,Think Twice
Q60963512,
Q10524952,Hjärter fem
Q109652742,Show Band
Q14507403,Legion
Q71724712,Lydbrook Band
Q137669685,
Q19879302,Diaspora Yeshiva Band
Q113076500,Schrillerlocken
Q9095475,Walknut
Q9392730,Zwłoki
Q85807167,The Fire Show
Q16163233,Black Knights
Q17285318,Black Vulcanite
Q85760089,Exotica
Q135992105,University of Stuttgart Academic Symphony Orchestra and Chorus
Q12096368,
Q5288013,Dodson And Fogg
Q12059483,Tramline
Q134053379,Raft Monk
Q30922505,Vez
Q1973214,Nebe Quartet
Q20105436,Veus - Cor Infantil Amics de la Unió (Youth Choir)
Q48995906,Esquela
Q61361336,Unidad Alavesa
Q105531197,Cobla Barcelona
Q12132121,
Q48995834,Kontinuum
Q122927099,Papanosh
Q6516894,Left Out
Q25436907,
Q85763022,Gentlemen Afterdark
Q99542914,California Dreams
Q116688475,
Q12396374,
Q12150357,
Q131820446,
Q7730277,The Dirty Tricks
Q11197964,EXILE GENERATION SEASON 1
Q139762620,Earlscourt Citadel Band
Q11944961,Raydibaum
Q18038609,Metal Scent
Q12298032,
Q16638898,Teqq
Q113484924,The Bombers
Q5367719,Elspeth
Q105721843,
Q1713409,Young Philharmonic Orchestra of Lower Saxony
Q3192125,Kalash
Q3274338,Machin
Q16140763,
Q39086209,Nonotak
Q5092185,Cherokee National Youth Choir
Q22098685,
Q1368863,Finnish Radio Symphony Orchestra
Q11915589,Coral Carmina
Q11342627,
Q19521134,The Animation
Q23826340,Non Stop
Q120630176,Pol de Mounégre
Q65254947,
Q2674592,Ol Sonuf
Q2465075,
Q9368471,Vespa
Q7092721,One Horse Blue
Q7488420,Shanghai City Symphonic Orchestra
Q28492415,Kiel Philharmonic Orchestra
Q63455877,Urgence Homophobie
Q110977532,Cowboys & Frenchmen
Q27817053,Berg Orchestra
Q5119416,Cici Kızlar
Q136681170,Camerata Musicalis
Q15857535,Esrarê Deyîr
Q5612203,Grupo D'Alma
Q3918719,Infestum
Q97276661,
Q136515577,
Q107710739,
Q7607247,Stellenbosch University Choir
Q7930642,Village Drums of Freedom
Q6002312,Imagenes
Q11239329,PaniCrew
Q3492644,Spaccanapoli
Q109556838,Andana
Q137440037,Kwaya Ya Uinjilisti Kijitonyama Lutheran Church
Q7135528,Paranoid Earthling
Q17772779,
Q9192038,
Q2052443,
Q11999712,Schtimm
Q105507391,
Q107504070,Bezimeni
Q85869113,
Q106418960,Uragshaa
Q7679959,Tall Ships
Q117328126,Pacific Symphony Chamber Orchestra
Q16158504,Jonathan Livingston
Q991482,Esterházy Ensemble
Q138300160,Icebreakers
Q19866800,Best Kissers in the World
Q109917971,I'm Glad It's You
Q109362407,
Q105064386,
Q2529768,
Q10552028,Kåmejnis kallsonger
Q1885422,Harmonie Ede
Q24525591,The Bare Facts
Q7906339,V/Vm
Q110643837,Split Personality
Q3212832,La Simphonie du Marais
Q4031897,5sta Family
Q61297692,Frankfurter Sinfoniker
Q71249758,Bromley Concert Band
Q138028050,New Potato Caboose
Q20112138,Cæciliaforeningen (Larvik)
Q115131583,Darkrealm
Q104862830,Redhouse
Q125147900,Zen Zebra
Q105086785,
Q7694817,Tehace
Q110069402,
Q60756515,Lips
Q7730263,The Dirty 9s
Q60531980,Chase’n Laszlo
Q30511396,Loote
Q12057246,Supercrooo
Q18246187,Duo Glacial
Q99587652,Montreux Orchestra
Q138088311,Six Part Invention
Q1753206,
Q6735452,Maidens IV
Q55625475,Northward
Q27207299,Anna Tulla
Q30643585,The Grahams
Q30602778,The Heartbeats
Q10351594,Pop Five Music Incorporated
Q55659626,
Q6070764,Pee-ka-boo
Q10685187,Svenska Saxofonkvartetten
Q122942464,Deeper
Q83790185,Halite
Q10439705,Calle & The Undervalleys
Q7824564,Top Junk
Q96610957,
Q104470352,Marble Waves
Q16680404,
Q8065303,Zale
Q1210745,Die 3 Friseure
Q11285686,
Q7445779,Seekae
Q123530703,The World is Mine
Q109564235,Toronto Youth Wind Orchestra
Q12047869,Pěvecké sdružení pražských učitelů
Q105637036,
Q11969665,Norwegian Naval Forces Band
Q11339236,
Q137922040,BBY Goyard
Q85203963,Coriky
Q3328888,Mustang
Q55477543,Bellshill Salvation Army Band
Q124004680,Las Hermanas Huerta
Q10282171,Filarmónica 15 de Agosto Alfarelense
Q100276667,Sloper
Q113076508,Trällerpfeifen
Q96885610,Morfeo
Q61364808,Txorroskilo
Q9645659,Banda 14 de Janeiro
Q130224578,Kanazoé Orkestra
Q11827226,Pro Contra
Q31092939,Yesyes
Q17192205,Filarmonica Arturo Toscanini
Q23309093,Lacerated and Carbonized
Q24239404,Black Eyed Pilseung
Q10688591,
Q2283004,DAAN
Q16840404,Grupo Compay Segundo
Q7733614,The Feddens
Q25435905,
Q11236369,Naomile
Q10470306,Di sma undar jårdi
Q117231310,
Q128768660,
Q50910931,Máxima Alerta
Q61000629,
Q48750714,KAKASHI
Q282795,Machi
Q7718236,The Black Atlantic
Q136686613,Genn
Q16111814,Sperantes
Q41802408,
Q31837475,Allotria Jazzband
Q997216,Fehér Törvény
Q2972162,Toronto Mendelssohn Choir
Q11799207,
Q12779489,Zobor
Q131519839,Straw Man Army
Q4280743,Manufaktura
Q126325014,E+Mausy
Q11249187,THE イナズマ戦隊
Q106928720,Molls
Q7743118,The Jerks
Q3140327,Hooka Hey
Q7486425,Jazz dance orchestra
Q61104652,
Q61055783,
Q133544840,Neriah (singer)
Q4391554,
Q105316600,Bodkin
Q11260822,Uruma Delvi
Q15053633,In the Face of War
Q10429930,Birgitta Wollgård & Salut
Q2731620,YouTube Symphony Orchestra
Q3952161,
Q4938280,Boi Akih
Q109415983,
Q25080702,El Morabba3
Q17209342,
Q10639855,Promenadorquestern
Q123513127,Kings and Comrades
Q24948520,Antoś Szprycha
Q106622580,Washington Idaho Symphony
Q110819277,Tijuana Cartel
Q1182452,Deepforces
Q30917449,El Plan de la Mariposa
Q65120722,Walls of Genius
Q11352214,Voce Angelica
Q9276366,Grin Piss
Q6842745,Midnight Peacocks
Q4695061,Aheng
Q3233009,Les Gourlazous
Q17501831,Savn
Q3259792,Los Muñequitos de Matanzas
Q124751119,Mitraz
Q11248945,The Mods
Q1735769,Alcalica
Q61641172,Freakings
Q16954408,My Autumn Empire
Q16643333,
Q10690959,Tapiola Choir
Q28408015,British Symphony Orchestra
Q11871979,Klemetti Institute Women's Choir
Q10568962,Lola Barbershop
Q11818731,Pivo
Q1910975,Belgian National Orchestra
Q72350975,Southern Sinfonia
Q119173969,RAIE
Q28683327,
Q79155539,Al-Firdaus Ensemble
Q15618248,Paprsky inženýra Garina
Q28219891,Syrian National Orchestra for Arabic Music
Q139757249,Bella Bella Brass Band
Q10966368,Mark No Limits
Q7361988,Roman Grey
Q31189070,Hilzorian
Q65032450,Bonkaponxz
Q117475615,
Q7267115,Qatar Philharmonic Orchestra
Q5259786,Denver Taiko
Q30946034,Voice Bear Studio
Q10719924,Why
Q25351970,The Carnival
Q28703835,
Q22121818,Anti-Social
Q2346514,
Q65255232,
Q11229138,LISP
Q65255670,
Q139257675,Crooks
Q6051114,Onward Brass Band
Q10397806,Abacorn
Q1572176,Hans-Sachs-Chor Nürnberg
Q110895210,Victoria Chamber Orchestra
Q105638802,Hololive Ninomae Ina'nis Channel
Q60835629,
Q56328872,Humaniztikz
Q7722657,The Chordials
Q112977039,Mare Cognitum
Q2657126,
Q131345296,Nevertel
Q31188222,Katamalo
Q23501860,
Q11028197,The Novembers
Q5890950,
Q125218015,
Q85965568,
Q106214018,
Q18279694,Peão Carreiro & Zé Paulo
Q10593394,Måns Mossa
Q12039492,N. V. Ú.
Q109416946,
Q10709666,Union Square
Q85409850,Volga-Volga (music band)
Q30935298,WAYZ
Q110069584,
Q125458338,
Q130312363,Folklorna skupina Tine Rožanc
Q11326598,Honey Nights
Q7751557,The Minglewood Band
Q129428440,De Wolfe Sisters
Q20059901,
Q61058002,IMPERIAL JB's
Q7759988,The Redneck Manifesto
Q25564583,Melmor
Q3350070,Okou
Q136452840,High voltage
Q49967415,
Q11432682,
Q18105381,Paper Plane
Q9390297,Zespół Pieśni i Tańca „Jarosław”
Q109974996,Wolf Bros
Q124497098,
Q7735407,The Fudge
Q106625701,
Q133500208,Amabile Philharmonic Orchestra
Q2979383,Clique
Q7769270,The Tigers
Q84939509,The Grosvenors
Q3520900,The Fitzcarraldo Sessions
Q61102669,The Bounty Hunters
Q126454204,The Vibro Champs
Q121144549,Kitchen's Floor
Q7774622,The Whizz Kids
Q60986701,Super Strings Kobe
Q4132526,
Q10518747,Heartbreak Hotel
Q3519472,Thalija
Q2928228,Bunker Strasse (groupe)
Q7641966,Super8
Q10371028,
Q111627793,
Q3441021,Magenta
Q13026281,
Q55869809,Söndörgő
Q106506671,
Q630719,Staatsorchester Braunschweig
Q2167883,Rostock Motet Choir
Q16161757,After Dark
Q7321855,Rhysently Granted
Q131152368,Dave and the Derros
Q56452944,Ben Riley's Monk Legacy Septet
Q127439937,
Q17192337,Alma Kaminiito
Q134993326,
Q7766331,The Stars
Q1426153,Vidám Vándorok
Q18642518,Compagnie d'Eustache
Q107536157,Dragged Under
Q120122202,Tokyo Young Vision
Q115916165,Young Musicians Orchestra
Q4890979,Berakah Project
Q97335150,
Q1137571,
Q110452117,Prokhodnoi Dvor
Q33836959,Bagad An Eor Du
Q6745315,Mama Rock
Q3342467,No Tears
Q111169933,Extortionist
Q9394361,Łoskot
Q114822193,Bakersfield Symphony Orchestra
Q105820569,Perfect Visions
Q28673877,Królestwo Beskidu
Q118869521,Dartmouth College Gospel Choir
Q107709910,The OBGMs
Q137381518,Nederlands Madrigaalkoor
Q3703015,Dave Anthony's Moods
Q15695009,The Bilinda Butchers
Q11277105,
Q10680542,Stockholms Negrer
Q6038872,Ajlan-Mine
Q6056933,Paco Ortega e Isabel Montero
Q15839827,
Q136724491,Sekaa Gong Taruna Mekar
Q1584346,Hara & Andreas Konstantinou
Q135585048,2ofus
Q18290779,Hägga & The Thieves From The North
Q115691397,
Q1418002,Finnish National Opera
Q104639057,Mat and Savanna Shaw
Q105064139,
Q110069436,
Q6453858,Kölner Akademie
Q18844444,Cnoc an Tursa
Q115611209,
Q4459645,
Q3355307,National Chinese Orchestra Taiwan
Q65028319,Das War Krach
Q11317619,Dark Ducks
Q3475192,Scars Of Chaos
Q85759399,Ensemble Offspring
Q108103615,Royal Life Guards Music Band (Denmark)
Q2142858,Remasuri
Q6435731,Kpist
Q105201992,
Q30587758,The Mel-Tones
Q66850587,Mount Moriah
Q117735874,
Q62070859,Coral Saba Nova
Q116967269,
Q3429322,Rhesus
Q8068944,Zen Alligators
Q27102852,Vihreät Valot
Q3657358,Cappella Marciana
Q7754639,The Observatory
Q20067368,
Q61747773,
Q121603483,Alternative Allstars
Q9336725,Sierra Manta
Q105721672,
Q9284886,
Q12110135,
Q4041789,Jane Air
Q48772642,Noise Gate
Q2051576,Holland Duo
Q1277733,East Belgian Swing Band
Q140232991,naf.
Q138775707,Soulidified
Q12314110,Golden Bug
Q29648455,Transylvania Damn Fun
Q9355745,Tarpač
Q4905678,Big Fat Snake
Q131744897,Pulselovers
Q7748342,The Longines Symphonette
Q11288307,
Q10341782,
Q56299270,
Q110746333,Driver 8
Q7600738,Star Guard Muffin
Q31188015,Ain 1
Q79433160,
Q104739022,
Q5505337,Frolic Froth
Q110069279,
Q4811154,Astra Chamber Music Society
Q139757309,Fountain Brass Band
Q84762477,New Orleans Symphony
Q4043747,Marselle
Q11233451,Missing Link
Q139601455,Hannaford Street Silver Band
Q3821274,The Earth Angels
Q5873901,HoBoLeMa
Q116962658,Launay-Savidan
Q61509093,Sayat-Nova Ensemble
Q5379949,Ensemble Georgika
Q136399148,Re-cycle
Q59601179,Saimaa Sinfonietta
Q12764938,Družina
Q137585144,
Q139571911,The Memphis Beats
Q48700821,
Q124333976,Johnny Burch Octet
Q97278286,
Q12336537,Soundspecies
Q6980920,Nature Living
Q9182948,Bóm Wakacje w Rzymie
Q9305535,"Regionalny Zespół Pieśni i Tańca Wilamowice"""
Q9206709,Dezire
Q6655901,Janet ve Jak Esim
Q108907115,Lightning Bug
Q5390492,Cherubini Quartet
Q108061090,CreativeDrugStore
Q105123828,A Scent Like Wolves
Q9203107,December's Fire
Q3355356,Orchestre symphonique et universitaire de Lausanne
Q10669725,Skansenpojkarna
Q124635454,Stefka Blagoeva choir
Q18400735,
Q5501176,Freestyle
Q11255444,Yenガール
Q24897875,
Q10600646,Nifters
Q2259867,
Q7734476,The Flirtations
Q39048939,Schtung
Q33219823,Marockin' Brass
Q10857982,ZeSrandy
Q139760283,Motherfuckers JMB & Co.
Q28406253,The Moonhearts
Q39023274,Bagad du pays d'Aix
Q48352232,
Q57830607,Savvy
Q139589568,Flowerbomb
Q74461499,Mehldau & Rossy Trio
Q7753362,The Needles
Q25454723,Woodland Choir
Q2972158,Chœur d'Oratorio de Paris
Q11230751,M.O.S.A.D.
Q16618336,Pershé Bolcot
Q63161631,Trautenberk
Q15909356,A Pay
Q12292425,Riton
Q112977037,
Q12267672,Split 77
Q24860554,
Q65262496,
Q131374715,Gibson Bros.
Q61364867,Cäctus
Q17023504,
Q18960274,Odious Sanction
Q63869840,Belenciana
Q6779053,Mary Beth Abella
Q61365713,Lappa
Q2775898,
Q65239484,The Lethal Weapons
Q6042458,Insólito
Q138004672,Bastions
Q84939534,J. B. Hutto and His Hawks
Q19560290,Coro Polifonico Farnesiano
Q24962945,Cantilena Chamber Players
Q16968413,Red Note Ensemble
Q78056754,Meta Gruau
Q7641153,Sunrisers Drum and Bugle Corps
Q7005343,New Amsterdam Singers
Q24929225,Les Dupont
Q5949232,Hush the Many
Q65051166,ARCADES
Q1421410,Moderntimes_1800
Q61392393,
Q120335592,
Q11263967,
Q1217582,Windows
Q7064082,IDF Rabbinate Choir
Q6079845,Isglem
Q108101795,
Q118430791,Eurynome
Q115287869,Nightimers
Q95231828,
Q109594838,
Q12742560,Trio Grigoriu
Q6075764,Isaac's Aircraft
Q3231145,Les Bozos
Q131948339,
Q105519070,
Q85808032,The OSYX
Q7801105,Tierra Cali
Q111703542,Dust Bolt
Q139762545,Cannings Brass Band
Q12012423,Barbra & Bas
Q2660506,Beijing Symphony Orchestra
Q15833974,Marinemusikkorps Nordsee
Q12183731,Les Frères Megri
Q18625934,
Q116220003,Celestial Aeon Project
Q65032438,Boillat Therace Quintet
Q9143783,Akwarele
Q12339052,The Late Parade
Q5315841,Duo Goebbels/Harth
Q130376964,Flint
Q20063213,
Q60050186,
Q10719582,Wemix
Q105761114,
Q11237702,OZROSAURUS
Q105528683,
Q30916572,Sonitum shelter
Q20683864,Banda Kawayan Pilipinas
Q3490331,Sonerien Du
Q123476743,Singrlice
Q8079614,Ąžuoliukas
Q136400203,Miami Band
Q55459694,El Cachivache
Q116236875,Friends of Pogge
Q3217043,Landed
Q4208269,
Q16146074,Artificial Joy
Q10461239,Crawley
Q6332962,KLPac Sinfonietta
Q118147559,Our Lady of the Rosary Choir and Orchestra
Q60823054,Västerbron
Q10394812,Ywolf
Q38604827,St. Julian's Band Club
Q2253813,Fanfare Juliana Stompwijk
Q29949109,Orchestre Symphonique Neuchâtelois
Q107596336,
Q137572134,Ax and the Hatchetmen
Q12008009,Twinklehead
Q11424474,
Q13424664,Dulce Liquido
Q115519380,1st.One
Q125156977,Arto Mwambé
Q120264223,
Q58231099,Awake
Q11675496,Karasu
Q73739094,Les Nièces de Rameau
Q4781504,
Q10333008,Muertos Una Vez
Q100251386,
Q48604189,Czech Radio Children's Choir
Q134053407,Wall Of Death
Q20035427,Vladimirska
Q131340650,Mahjor Bidet
Q65254793,
Q29934900,Bläsersolisten Aargau
Q11227468,Kame & L.N.K
Q9251564,Ego
Q25435939,Trioda
Q20530202,
Q85877050,
Q4689805,African Jazz Pioneers
Q116460071,
Q107470645,Original Pennsylvania Serenaders
Q107456557,Bellevue Youth Symphony Orchestra
Q7896990,Unknown to No One
Q3840824,Lupia Jazz Orchestra
Q7760365,The Retrosexuals
Q105410942,
Q7122720,Pacific Symphony Youth Orchestra
Q74781386,Fox & Arrow
Q69045218,J.E. Mainer's Mountaineers
Q30942337,IM66
Q124497026,
Q21725361,Prvačka pleh muzika
Q3233001,Les Goristes
Q113130717,Yiddish Philharmonic Chorus
Q4066905,Ensemble Jacques Moderne
Q11865097,VZOR 60
Q93737328,
Q25207211,Cadence
Q56407819,MiTri
Q2220744,
Q27817181,Colour Me Wednesday
Q11327489,Bayreuth Festival Orchestra
Q7295074,Raskolnikov
Q20684185,Hopper
Q11507249,
Q65255380,
Q123410031,
Q65028391,Fire Rose
Q10678209,
Q25056673,Alterations
Q7865225,UNC Clef Hangers
Q123692319,Pacific Dub
Q9335430,Serduszka
Q134591509,Rhode Island Highlanders Pipe Band
Q11315092,
Q130342536,IC Voicestream
Q3050654,Elektrocution
Q6939875,Mus'ka
Q19401821,Wango
Q126911159,
Q13091401,Koletova hornická hudba
Q22100830,
Q4059254,
Q130313828,Wigwam
Q3266292,Luen
Q133538892,
Q11994278,Oslo kammerorkester
Q97658102,
Q105080721,Banda de Música dos Bombeiros Voluntários da Póvoa de Lanhoso
Q134053405,Triviul
Q798106,Bachchor Wiesbaden
Q56400614,Mashroom
Q48996141,The Whistles & The Bells
Q11230190,Lip Cream
Q7181491,Phew Phew L!ve
Q20684195,Huntsville
Q1880661,L’Orfeo Barockorchester
Q110069317,
Q65089742,Granville
Q7797941,Three and a Quarter
Q60848225,Nagaarum
Q23198442,Zorian Quartet
Q2568946,Wiener Kammerchor
Q16962856,The Spindle Sect
Q104804854,
Q99279724,
Q130442126,Surf Trash
Q4043253,Luna Aeterna
Q133803116,
Q65433531,Tempus Fugit
Q16133100,Afor Gashum
Q10397271,3-Faced
Q105294227,
Q55470829,The Tango Project
Q5644074,Seein' Red
Q106140815,
Q104967838,
Q65087691,The Royal Arctic Institute
Q25340008,Merger
Q104879462,
Q12557867,
Q5050827,Castrovalva
Q10431404,Blktop Project
Q76849734,"Revision, Revised"
Q4962779,Brewster Productions
Q110069282,
Q7297346,Ray Columbus & the Invaders
Q50183920,
Q96217100,Madras Sappers Military Band
Q3928876,Radiostars
Q10417487,Arevik
Q16665576,Music is not fun
Q12738421,Praf în Ochi
Q11242466,SAMURAI JACK UNIVERSE
Q65226878,A & Z
Q31185697,
Q16680380,Tommy Hools
Q5402624,Eternal Descent
Q31188044,Ume Gaiztuak
Q28913455,
Q65028462,Silent Circus
Q55468723,Orquesta de Tango Puente Alsina
Q2044413,PM
Q24933730,
Q7013853,New York Polyphony
Q7766354,The Stars of Heaven
Q3536013,Toxxic TV
Q4043686,Manicure
Q16140738,
Q64962537,X-TG
Q16846000,Hype
Q4313408,Citovič Folk Choir
Q109553452,
Q104544532,
Q135212728,Kol B'Seder
Q11985711,Extempore
Q6582978,Pru
Q126172259,Għaqda Mużikali Viżitazzjoni
Q20467603,
Q57312995,
Q13137758,Sebeare
Q18690124,
Q5593935,Grampian Police Pipe Band
Q5379944,Ensemble Alternance
Q7276808,RIOT 111
Q134053374,North To Alaska
Q17111093,TenTemPiés
Q134454498,Ensemble Vivant
Q41498299,BNQT
Q65254748,
Q134053362,"Jokers, Jacks & Kings"
Q7201204,Planet of the Drums
Q124004669,El Palomo Y El Gorrion
Q25681470,
Q112567291,
Q3552045,Unun
Q113562565,A Nocte Temporis
Q131008267,Authentic Unlimited
Q2997281,Coriandre
Q122926890,Moziimo
Q139329038,Members Of The House
Q2319250,Catnip
Q138989146,The Goose Island Ramblers
Q60792024,En Bref
Q57312511,
Q13417783,Vlach Quartet
Q27509629,MilkShake
Q121603488,Ancient Vvisdom
Q2289012,Singakademie Potsdam
Q62635660,Vallens
Q81652865,See Saw
Q30916963,Dr. Maha's Miracle Tonic
Q114020484,The Countrymen
Q24909824,Valerie Collective
Q118113083,Angus McSix
Q16873144,My darling YOU!
Q11573647,Ryukyu Symphony Orchestra
Q13012757,Kala
Q105081243,
Q108065244,Bach Collegium
Q9080434,Sugarfree
Q130633290,Sputnik
Q107342253,Funeral Chasm
Q12078520,
Q11238735,PINKLOOP
Q122790695,CBC Montreal Orchestra
Q1319055,The Band From Utopia
Q104880420,Big Scenic Nowhere
Q1676665,The Merrymen
Q28496829,Deux
Q4425721,
Q3363018,More Than a Song
Q9348121,Sumptuastic
Q138035118,Case Kämäräinen
Q25449208,
Q120335596,
Q21490712,Vlčnovjanka
Q16866679,Magnetrixx
Q49139352,Mammoth Grinder
Q127476024,22 Kings
Q16082914,Obilić Academic Choir
Q2339838,Juan de la Cruz Band
Q13016988,
Q5873203,Hjaltalín
Q16167011,Ван-Гог
Q16159207,
Q104850250,Brasstracks
Q131545679,Flor de Loto
Q48756215,Städtischer Musikverein Bottrop
Q19602799,Vedlejší projekty Adama Younga
Q8218699,Holograf
Q65016232,MJT Monday Jazz Trio
Q1378869,
Q106405567,Holidaymakers
Q139922142,She/Her/Hers
Q5015538,The Telnyuk Sisters
Q65255363,
Q10545305,Kiethevez
Q11859542,
Q7743735,The Jubilees
Q65016303,Leafland
Q4279622,Malchishnik
Q11690468,Chór Politechniki Morskiej w Szczecinie
Q116180269,Göteborg Baroque
Q19296526,Mitteldeutsche Kammerphilharmonie
Q5138316,Coastal Sound Music Academy
Q61908370,Opus Concert Theatre
Q29152627,
Q139581316,New York Latvian Concert Choir
Q65013131,Silver Firs
Q4822011,Aunty Disco Project
Q85760873,Figuralchor Frankfurt
Q13024069,Inca
Q115314182,Grape
Q7578369,Splash
Q55699236,
Q4513974,Chernozem
Q1433478,SMOD
Q104778113,Royal Hussars Ladies Band
Q104778762,
Q30972458,Municipal Galician Chamber Orchestra
Q65260091,Shooros dukra
Q138007871,
Q4740609,Amati Quartet
Q1978056,Nervecell
Q2884342,Barde (groupe)
Q13518314,Bonka
Q625142,Gai Saber
Q65028504,DDK
Q6651162,Little Night Terrors
Q2023070,Belketre
Q6902783,Monster Movie
Q11957071,Aikaryu
Q4356463,Leviticus
Q3389316,Pit et Rik
Q39056655,The Super Stocks
Q136309859,
Q110069292,
Q16418975,1860
Q10847320,Girls Kingdom
Q1109305,Collegium Vocale Gent
Q80419002,
Q126948374,Soċjetà Santa Marija u Banda Re Ġorġ V
Q109555105,North York Concert Band
Q5029827,Canadian Chamber Choir
Q139854784,
Q98140879,
Q99589236,Saka Saka Orchestra
Q5647104,Hand
Q10372304,Skamoondongos
Q127273203,Islas (band)
Q139502894,
Q137585153,
Q104819344,
Q19963018,Spiritu (986)
Q105905851,One Thousand Motels
Q3191630,Kabal
Q136407967,Rhythms del Mundo
Q66382914,
Q9888905,
Q4461570,
Q55217622,Safeway
Q72114428,Talibam!
Q108561927,Kryptograf
Q124055664,Jen & Liv
Q104370502,Athens Philharmonia Orchestra
Q139855069,Cool Session Brass
Q5915415,House of Shem
Q12341610,Wolf & Lamb
Q122926913,The Rongetz Foundation
Q11190828,BALANCe
Q107599853,
Q9198073,Czarnobyl Zdrój
Q6715059,MC Hellshit & DJ Carhouse
Q10638573,President Gas
Q16593596,Quasiviri
Q3355328,
Q120266519,Petyaev-Petyaev
Q7491656,Shaye
Q134053377,Port St Willow
Q9184074,CO.IN.
Q138714727,Jacques Gauthé-Alain Marquet Clarinet Serenaders
Q12041093,Notes from Prague
Q65150746,
Q108257857,Beňa & Ptaszek
Q17395789,Čp.8
Q65032463,David Bruehwiler Quintet
Q113076471,Lilamunde Lesbenvokal
Q139762563,Durham Rubber Company Band
Q3527981,Ti Sours
Q66467344,Mo*Te
Q120962303,Florida BC
Q56056526,Seven Sisters
Q3976371,"Koninklijke Stockheimer Harmonie ""Sinte Elisabeth"""
Q55606164,Burger/Ink
Q2459216,
Q24893355,English Symphony Orchestra
Q12739664,Rustic
Q11756886,Lin Brotherz
Q12119344,
Q107641578,Gary Bartz Ntu Troop
Q4042538,
Q7145999,Patrick & Eugene
Q4982393,Field Marshal Montgomery Pipe Band
Q25556884,Sayany Ensemble
Q7757076,The Pied Pumkin
Q7843096,Trio Voronezh
Q15052696,Death Spells
Q11818837,Pięciu
Q17999140,Pešes
Q20687543,Walter TV
Q254283,Royal Swedish Opera
Q7714024,The Apples
Q122961143,Dimensional Sound
Q1063147,Cookies
Q104902406,No Hot Ashes
Q15848945,Starsplash
Q131275090,
Q3406633,Prodige Namor
Q55695448,Dusty Bottle
Q7020534,Israel Camerata
Q65254903,
Q30088741,Bagad Kiz Avel
Q130545079,Savoyaires
Q7977618,We In Music
Q10505281,Glasblåsarna
Q133456316,The Casual Dots
Q5332712,Echo Image
Q3414633,Quintette à vent de Paris
Q12302255,Arveene & Misk
Q9390313,Zespół Pieśni i Tańca Wileńszczyzna
Q91888144,
Q104741311,
Q61365182,Urgatz
Q9371261,Warsztat Muzyczny
Q117188309,Mughal-e-Funk
Q12154548,
Q20492584,Garaizarko Mahatsorriak (chorus)
Q116980388,Beanies
Q132853090,Kvintet A-B-C
Q64994964,Nat Su Trio
Q49101810,Australian Sunrise
Q19977132,P.I.G.
Q24078455,Thomas Trio and the Red Albino
Q55361235,Pegasaurus
Q136696254,Shikoku Philharmonic Orchestra
Q22121839,Haste
Q16216204,
Q10566867,
Q18245731,Desaparecidos
Q20481903,
Q2407150,The Analogs
Q2122346,Quartet New Generation
Q25056728,Worldview
Q105836020,Funeral Mourning
Q104370261,Ulla Pirttijärvi & Ulda
Q7622794,Street Chant
Q18246007,Spjärnsvallet
Q6841652,
Q49094516,UDK Discordia
Q120777179,Andvaka
Q24039090,SWR Symphonieorchester
Q127512089,3 Parts Dead
Q65255651,
Q110069498,
Q9293718,Hope
Q12958512,Mirzino jato
Q57830549,The Tune Twisters
Q24898204,Ellmer
Q116515983,Redeemed Quartet
Q56056522,Amulet
Q10589847,Mr Jones Machine
Q136696076,Nara Symphony Orchestra
Q5251112,Defect Designer
Q62706571,Kadenzza
Q109469920,Cantus Choir
Q85984574,
Q106322084,
Q9346324,
Q20682500,Pizza
Q3325902,Tijuana in Blue
Q56056524,VOJD
Q9191980,Alla Polacca (Choral group)
Q137456059,Kiri Recordstz
Q21598504,
Q3614804,An Emotional Fish
Q6038490,Inspell
Q11790335,Nazar
Q9360586,
Q116826215,Buckstone Hardware
Q112120508,
Q10726995,Åtta Bier Ti Min Far
Q124004717,Los Hijos de Garcia
Q110988645,
Q7745327,The Lancastrians
Q97376760,
Q16631791,
Q3209204,La Fraction
Q5470220,Formosa Aboriginal Dance Troupe
Q48809590,
Q105672760,
Q17006329,Flanagan Brothers
Q28672719,Chór Akademicki im. prof. Jana Szyrockiego ZUT w Szczecinie
Q18151724,Golden Empire Drum and Bugle Corps
Q20521426,
Q82049366,Neil Frances
Q113636499,Bê
Q10511208,Gusto
Q110910129,Dimension Seven
Q18408682,
Q15044910,My Luminaries
Q24077620,Golden Animals
Q115881157,Jordan Red
Q3020982,
Q7008894,New Hungarian Quartet
Q137603875,P.I.D.
Q20684454,Larry's Rebels
Q139679769,Glenmore Brass Band
Q3078712,Forzh Penaos
Q24260705,Eve to Adam
Q5217543,Attentat
Q26265932,Hellraper
Q107599746,Södertälje Symphony Orchestra
Q11983024,Lame Ducks
Q3481245,Shaka Labbits
Q107599210,Missouri Symphony
Q96354908,Black Dresses
Q12748904,Biber
Q55525850,Dutchman
Q5716860,Henry's Final Dream
Q12038633,Moravskoslezská Sinfonietta
Q6811389,Melanie is demented
Q20437212,London Hungarian Symphony Orchestra
Q1527748,Gitte und Rex Gildo
Q67506694,Tahribad-ı İsyan
Q106616327,Good Throb
Q7655381,Sweet Jesus
Q16828902,The Darcys
Q139437681,Sister Wife Sex Strike
Q7769203,The Ticket That Exploded
Q1253023,KBO!
Q2430898,Thüringer Symphoniker Saalfeld-Rudolstadt
Q28501175,Las Alondras del Guayas
Q111578120,Panic Stations
Q9207865,Dixie Warsaw Jazzmen
Q18661416,The Polytech Orchestra
Q104535711,Icarus
Q11236935,
Q18442276,L'Aħwa
Q3498142,Stella Maris
Q55470830,Orquesta Tango Spleen
Q137732200,Garden Variety String Band
Q20526113,Deafness By Noise
Q10341772,
Q113076465,Kirschblüten
Q128405599,Soċjetà Mużikali Spinola
Q16668408,Otis
Q7768500,The Termites
Q136221858,
Q110895195,Strings Attached Orchestra
Q18424091,DCX
Q118190609,Galimir Quartet
Q124896803,
Q3548093,Rivermaya
Q139753067,Alberni Boarding School Band
Q101007291,Hell Divers
Q7171537,Pet Dog Storm
Q39055740,The Zenith Passage
Q116763904,Mint Green
Q96742318,
Q7727617,The Corn Sisters
Q11324969,
Q106645657,The Hi-Jacks
Q139762599,Ottawa City Cornet Band
Q54820121,Fondazione Teatro alla Scala
Q55648853,Meadows End
Q17636602,Phenomenal Club
Q48700543,Take
Q7722003,The Chalets
Q586430,Takarazuka Revue
Q1376146,Royal Stockholm Philharmonic Orchestra
Q16096784,
Q22683783,Concert de la Loge Olympique
Q24075496,Hamradun
Q96380401,Haunt
Q9018069,Kuazar
Q85966347,
Q124482958,
Q107349572,
Q15452286,Ensemble Aventure
Q124656823,Xciter
Q12269182,Zaldibobo
Q11228840,LAUGHIN' NOSE
Q139300666,Pure Adult
Q131356477,Stojanovo gymnázium . Pěvecký sbor
Q2902569,Bikini Machine
Q104903101,Monster Florence
Q10289686,Gino & Geno
Q7232081,Portland Youth Philharmonic
Q117847962,
Q4876786,Bearsuit
Q5245267,Dead Man's Curve
Q17193915,Vimclip
Q5904239,Horned Almighty
Q3054150,Enfantastiques
Q4891562,Bergen Woodwind Quintet
Q1980749,Orchestre National des Pays de la Loire
Q7720232,The Brock McGuire Band
Q114357874,Sonus
Q119200905,Athena Ensemble
Q25222009,Driftwood
Q105320078,Bloodyminded
Q6941674,Music Together
Q104792205,
Q67932114,HOLY SHiTS
Q18658951,
Q17231312,Fullmember
Q65255595,
Q20065536,
Q119585659,Mueveloreina
Q133884225,W!TCHX
Q2208089,Trébol Clan
Q10623567,Per Cussion All Stars
Q10341777,
Q1494193,Kammerchor der Frauenkirche Dresden
Q5321649,E.Quals
Q23750278,Big Vern
Q10484194,Engmans Kapell
Q2106686,Ahmad Band
Q10646797,Punkin Pie
Q98399878,
Q115100503,2winz²
Q7739331,The Helicopters
Q123024195,
Q109042285,
Q5144967,Colin Campbell and his Highland Band
Q17711895,Sigrun and the Kitchen Band
Q7299645,Razorback
Q11571809,Moudoku
Q112030543,Lifter
Q15924580,Relax-ONE
Q65122593,Venom Prison
Q5738811,Heritage Fiddlers
Q15053592,Sangeet-Siddharth
Q56400556,
Q10682305,Studenter-Sangforeningen
Q140044410,Marquette Symphony Orchestra
Q16714784,
Q7204514,Plejboj
Q109320408,Outlanders
Q22079895,Frank Carter & The Rattlesnakes
Q7772769,The Vipers
Q62070750,Cor Maragall
Q48748224,QUICKDEAD
Q65195562,Klara & Jag
Q19377465,
Q116980608,Xarb
Q111181413,Clews
Q131443283,Ten56.
Q131648675,Chad Strentz
Q60744880,Shadow Puncher
Q5229300,Dave Matthews & Friends
Q10588906,Mora Träsk
Q125149198,Walker Family Singers
Q3352687,One shot
Q7113795,Overload
Q6515750,Noxagt
Q1506324,
Q5352028,El Rio Trio
Q81130800,
Q11512315,
Q6546558,Lights of Euphoria
Q55635120,The Choir of Newman College
Q3119248,Gueules Sèches
Q3100487,General Dub
Q65447422,Soċjeta Mużikali La Stella Levantina A.D. 1894 Banda Santa Marija
Q6837739,Michigan State University Spartan Marching Band
Q11293183,Orchestra Libera Classica
Q124499422,Dim Wizard
Q13026271,
Q7019410,Efroni Choir
Q3233865,Les Minouch' Naouak
Q74101086,
Q107564632,Static Dress
Q11282412,
Q7614403,Steveless
Q7721294,The Captains
Q56294818,Orquestra Barroca Casa da Música
Q109652610,Mała Armia Janosika
Q124321727,Terror
Q7272414,Quintessential Vocal Ensemble
Q16954729,Byron Lee and the Dragonaires
Q12392586,
Q4801304,Artists Against Bullying
Q17148780,Romantica
Q565939,Tölzer Knabenchor
Q9346456,Straszni Panowie Trzej
Q7594892,St Monica Choir
Q6052542,TRT Ankara Radyosu Çoksesli Korosu
Q114152677,Skinny Living
Q6658023,Live on Arrival
Q25495316,
Q24941741,Bezsensu
Q16438864,
Q106463353,
Q1076642,
Q104845352,The Senton Bombs
Q116146385,Oseledets
Q17592298,
Q24935982,
Q11277854,HoriHori Orchestra
Q25212812,The Stiffs
Q120335750,
Q130417113,Paleface Swiss
Q10311758,João Lucas & Marcelo
Q139667183,Blowhard
Q5501234,Freeway
Q120335677,
Q10648679,Rallypack
Q105107001,Bam Bam
Q124055493,
Q110895161,North York Concert Orchestra
Q4364780,
Q12844961,
Q2736045,
Q135706400,Nevada Chamber Opera
Q28407854,LNZNDRF
Q109469432,
Q16138234,
Q135092819,Illyes Ferfera Quartet
Q11245442,Saitone
Q96419456,Take a Daytrip
Q12292961,
Q16240017,Illustrated Man
Q138781896,
Q5307381,Dribbling Darts
Q12173323,
Q83733000,Konushenski Folk Orchestra
Q106141247,
Q138034632,
Q116456876,Finnic
Q49967019,
Q7927058,Victoria State Opera
Q16953540,Moscow Art Trio
Q9171329,
Q12314707,Gutterball
Q48965393,The Vampire Sound Incorporation
Q5560296,Junior Kilat
Q11436839,
Q98929944,Don Inorrez
Q3777342,
Q4544981,+1 Music
Q139762569,Tuscarora Cornet Band
Q55536530,TENDOUJI
Q109259769,University Heights Symphonic Band
Q65028601,Crazy Stools
Q136695841,Miyazaki Junior Orchestra
Q133825385,
Q5676833,Los R.E.D.D.
Q139570943,Offo tokyo
Q30890545,Posledny Shans
Q3413661,Quatuor Arpeggione
Q80181271,Avalon Jazz Band
Q130234721,Dave Lisik Orchestra
Q65124770,
Q3641149,
Q43218306,Senyor Oca
Q7895887,University of Nebraska Cornhusker Marching Band
Q11990149,Mr.Bluesman & The Hammond Grooves
Q20437757,Morbid Cow
Q17001972,
Q106516591,
Q113076459,Gemischter Saarbrücker Damenchor
Q124497078,
Q12108360,
Q55465948,Trío Los Halcones
Q47170657,Homes Llúdriga
Q10695427,The Black White Boys
Q7293960,Raphael Ensemble
Q110069494,
Q10278714,Exploit
Q124004666,Las Hermanas Padilla
Q18019495,Carnal Diafragma
Q12307956,Dear
Q7243562,Primitive Instinct
Q134053389,St Vitus
Q104841813,The Two-Man Band
Q4034576,Aural Planet
Q45761427,Dhaddi jatha
Q25351547,Flyte
Q136409897,Guerra String Orchestra
Q17119475,Sugar Boy and the Sinners
Q117317376,Toledo
Q120786729,Li Gai Farandoulaire
Q10470270,Dexter Jones Circus Orchestra
Q10672812,So What
Q104879552,
Q85785989,Moaning Lisa
Q55641073,Military Band of the Western Military District
Q4376513,Preztizh
Q20710603,Sky Ryders Drum and Bugle Corps
Q2818689,92I
Q15714523,
Q124934669,
Q7843343,Triple A
Q113576254,Capital Theatre
Q113399618,where swans will weep
Q117162413,
Q104520548,Unique 3
Q15132762,Sichgart
Q6053398,Orquesta Septentrional
Q122802157,West Norwood Cassette Library
Q11882453,Euga Male Voice Choir
Q116784000,Snail
Q5280739,Direktori
Q1837260,
Q138411731,Incidental Music Group
Q11221399,GUNDOG
Q107358585,
Q10720545,World tour Voodoo in Japan
Q5421826,Extended Noise
Q3285627,Maneg Tort
Q7335572,Ripchord
Q4040640,Hi_Tack
Q12784057,
Q4926358,Blestenation
Q7741203,The Hylozoists
Q3413688,Parisii Quartet
Q122925999,Muhlenberg Collegium musicum
Q12230597,Al Ashekien
Q1572042,Lonely Drifter Karen
Q113213380,They Hate Change
Q1374310,
Q96405829,"Slaughter Beach, Dog"
Q4043805,
Q31836270,The Tract
Q10662049,Satirnine
Q3112885,Goûts de Luxe
Q1213790,Die Kern-Buam
Q16066103,RO-KYU-BU!
Q28686420,1.G.K
Q124348296,BLYY
Q10674584,Spectra Gospel
Q23797880,The Lady Lifers
Q5455515,Fitts for Fight
Q10687771,Syster Lycklig
Q102248072,
Q105883263,Classic Ruins
Q7382583,Rusty Eye
Q11275968,
Q19965098,Liedertafel zu Leipzig
Q111973289,Maximum Love
Q89409326,
Q21490738,Vlčnovjan
Q11900405,Vantaa Pops Orchestra
Q11999436,
Q12646071,Šank?!
Q12266587,Rifter
Q122981636,Bulls of Prey
Q10532635,Hörselmat
Q48927585,KOGIRLS
Q1427454,
Q130333812,Cu Clu
Q1572142,Original Vogtlandecho
Q4050319,Suden Aika
Q65124239,
Q132166893,SPS
Q121494364,Heriot
Q11200211,Fizzy
Q16486828,Glintshake
Q4048339,
Q125160982,Samúel Jón Samúelsson Big Band
Q4032256,
Q11195893,Disco Twins
Q104845157,Moaning
Q113076462,Hamburger Tuntenchor
Q18537447,Ansamblul Oașul
Q25211994,Autostrad
Q138603670,Annexe the Moon
Q104666971,
Q820525,CBC Radio Orchestra
Q5188584,Crossfade
Q9390306,Zespół Pieśni i Tańca Mały Śląsk
Q1101093,
Q140172359,Ciribiribin Italian Swing Orchestra
Q11027009,The Amsterdams
Q115217738,Custodiae
Q130371027,Misekai
Q2325115,
Q135556588,Torment
Q31896969,Vaken
Q104848779,Joglaresa
Q4853346,Bambata
Q3567905,Wibutee
Q122926917,Vaudou Game
Q111758780,Cold Years
Q16674450,
Q114566097,Mañana
Q2411682,The Glimmer Twins
Q110272185,Notturna
Q2085970,Philharmonisches Staatsorchester Mainz
Q122180927,Teenage Halloween
Q18151539,Genesis Drum and Bugle Corps
Q63501657,"White Boy, Big Mouth & The Assassin"
Q130730744,Sveriges Ungdomskör
Q7838618,Trenton and Free Radical
Q111743292,Marion Hardy's Alabamians
Q20684177,Hippos of Doom
Q16146079,Artificial Joy NYC
Q2791181,
Q107611970,
Q13024639,JR-Voy
Q19963014,Williams Wetsox
Q7876318,U Škripcu
Q7919403,Velvet Knights Drum and Bugle Corps
Q16420482,Baraflokkurinn
Q110664408,Hazy Sour Cherry
Q2878914,Bagad Beuzeg ar C'hab
Q16851190,Just Kiddin
Q12258172,Garabi
Q28471580,Trío Ascensio del Rio
Q3231876,Les Cyclopes
Q11446765,
Q12000164,Sharp 9
Q61139893,
Q22125938,
Q91089377,
Q10690236,Talking to teapots
Q59202342,Remix Ensemble
Q122884424,
Q122454232,
Q11733319,
Q105554412,
Q20437181,Limunovo Drvo
Q123966101,Hishtron
Q18639584,Den Za Den
Q110130674,Supercrush
Q12794111,
Q127271107,Marooned
Q139835172,Istintivo Asia
Q13615057,Dolores Clan
Q134589245,Jeremy Ledbetter Trio
Q5026139,Camerata Ireland
Q136401462,Lublin Philharmonic Orchestra
Q97212702,
Q122864067,Musica Antiqua Amsterdam
Q7739115,The Headlines
Q16140605,
Q20544976,Qui hi ha
Q10467780,Dekademen
Q107414207,Hällas
Q124489042,Chorale TransMasc
Q17750595,Blokk 5
Q16949504,Coast
Q137997301,Boa
Q7728609,The Daggers
Q25516773,
Q16848654,Irving Aaronson and his Commanders
Q10555392,Lead Road
Q38278700,MAYDAY
Q6643539,
Q126810831,Oh! Caraga
Q9337515,Skalar
Q45735670,Bitchin Bajas
Q63523161,
Q11801838,PKS
Q18274556,Heavydeath
Q7771624,The University of Louisville Marching Band
Q24382112,ROTH BART BARON
Q4172396,
Q29025722,Culture spears
Q65213464,
Q11350146,Orchestra of the Royal Opera House
Q2907208,Blue Planet Corporation
Q12404626,Benzene
Q921441,Brixtonboogie
Q3226843,Le Sacre du tympan
Q3820912,Opal Butterfly
Q105364082,
Q3139300,Holdaar
Q12164294,
Q137590493,
Q123175072,
Q21055348,Onyria
Q30593500,Huck-A-Bucks
Q99678233,Chicago State University Jazz Ensemble
Q21040728,Chursächsische Capelle Leipzig
Q3576434,Z¨ukr
Q106940683,Boys Say Go
Q61068775,Machine Mouse
Q113461712,Irreversible Entanglements
Q111207563,Birds on a Wire
Q3841281,Message from God
Q73917423,Messed Up
Q114258119,Heartland
Q973339,Young Legionnaire
Q110402532,
Q105294752,
Q24886891,The Dantes
Q31200678,Perper
Q2316520,St.-Martins-Chorknaben Biberach
Q2410259,Abtei Heiligenkreuz. Cistercian Monks
Q65116079,The Knife
Q5462540,Floyd Soul and the Wolf
Q101528336,Los Canelos de Durango
Q61842472,3MA
Q7487073,
Q15918132,Trion Sov i ro
Q99933966,Lawineboys
Q1955195,
Q19392280,
Q54954113,Wuf Ticket
Q137480337,These New South Whales
Q57830591,The Tetrachords
Q16472881,
Q5135381,Closer
Q4365838,
Q108136480,Shuta Hasunuma Full Philharmonic Orchestra
Q16083026,
Q136933176,Cloning
Q108112889,Another Sky
Q104850662,The Stanley Clarke Band
Q17003685,Case Conrad
Q963661,Darkestrah
Q97444789,
Q116930817,Regensburg University Orchestra
Q11248179,Tatami
Q106261220,
Q10508451,Graumahd
Q50411391,"Koninklijke Velofanfare ""De Geniale Jongens"""
Q11787657,Mystic Fugu Orchestra
Q12775359,Rock Paper Scissors
Q50540331,The No-No's
Q33070302,Armenian National Instruments State Orchestra
Q7620098,Storm
Q3116926,Gronibard
Q10590612,Music By Em
Q113840972,Société Royale de la Grande Harmonie
Q106462099,The Parker Project
Q121168413,Moqui Marbles
Q112221086,Black Heart Saints
Q31188057,
Q138781893,
Q614926,The Evpatoria Report
Q121009035,The OGJB Quartet
Q11914379,
Q9360251,Tortilla
Q116776709,Milk Lines
Q9325270,Rzeszów Klezmer Band
Q1997800,Norddeutscher Figuralchor
Q12040399,Naquei Manou
Q30606282,Overcoats
Q136292460,Nymphenburger Cello-Duo
Q12484524,Gruvi
Q12262588,Lorelei
Q12521268,
Q105356901,
Q6681860,Los Alamos Community Winds
Q96408402,The Anix
Q17192519,
Q17211351,Serpent
Q131410510,
Q60749611,Trio Da Kali
Q105623225,Vilon’Androy
Q112711801,
Q111288072,Coral Sant Jeroni
Q12266352,Punkamine
Q96337319,Buddy & Julie Miller
Q20525727,Bosutski bećari
Q12261962,Las Culebras
Q10508194,Grape
Q30591879,Los Violines de Lima
Q12133940,
Q5449259,The Termites
Q12253017,Akelarre
Q12580849,Color Pink
Q61057758,Tae-chu
Q11799197,
Q56489951,Alison Brown Quartet
Q17107832,Terakaly
Q25424840,
Q97189382,
Q47001751,Cvrkut bijesnila
Q10622402,Pelles Orkester
Q7375810,Rubber Inc.
Q101004696,Edna Williams Sextette
Q989623,Endorfin Zajoskör Kamarakórus
Q97219399,Ára
Q24940998,ProMODERN
Q13016137,
Q56347972,DEARIVETH
Q11993509,Olavsguttene
Q5696160,Panzer
Q136522178,Epic Music World
Q16526278,Chaska
Q125803160,Interlay
Q132171471,Parlando
Q11979562,
Q81873511,3 Ohin
Q17748543,
Q65036857,Rival Empire
Q4259353,
Q24861990,Ropes
Q20310393,Quasarr
Q11988615,Masselys
Q115907900,Marchica
Q11291477,
Q1403932,Rundfunk-Tanzorchester Leipzig
Q4369582,
Q3355268,Hong Kong Chinese Orchestra
Q105263553,
Q96372268,April's Motel Room
Q104864666,Brotality
Q125767248,Major Force
Q31188142,Eratu
Q7726616,The Cohen Brothers
Q135216869,Psiryn
Q136169372,Na-Gora
Q65079175,Archivist
Q7487801,Shamur
Q12344119,Warm Guns
Q16420373,
Q11988788,Mayflies
Q11819762,Plug&Play
Q106808512,Moving Panoramas
Q5419422,Excellence
Q1738612,Ken Howard / Alan Blaikley
Q24521625,Choir! Choir! Choir!
Q10369393,Segréis de Lisboa
Q24175544,
Q16828539,Cubamar
Q10585404,Milla's Mirakel
Q101076301,Tomasz Stańko Quartet
Q126372439,Digger Revell and the Denvermen
Q108635379,University of Illinois Symphonic Band
Q10371894,
Q131122703,Libana
Q4329391,
Q49097147,Terrortory
Q86664597,
Q16960080,Okta Logue
Q66013156,Haggard Cat
Q26914790,PostClassical Ensemble
Q5566052,Gjurmët
Q5122186,Cisfinitum
Q52246162,WESLEE
Q116549579,Sunday
Q113332447,Flowers Band
Q121851685,Closer
Q11227899,King Brothers
Q5689698,Headless Chickens
Q116742235,Bombolessé
Q132753078,CRYCHIC
Q11248785,THE FAKES
Q118434749,L'Eix
Q99752047,
Q89427894,
Q117815961,
Q11197972,EXILE GENERATION クリスマスSP
Q120335569,
Q60787058,Yawn Mower
Q28429888,Pisces
Q5018966,Calcutta Youth Choir
Q12105998,Transcarpathian Folk Choir
Q139762539,St. George Cornet Band
Q110069330,
Q4422113,
Q120335565,
Q101464389,The Rheingans Sisters
Q41093705,Bagad Gwadloup
Q61365753,Bidelapurrak
Q125389040,"Silver, Platinum & Gold"
Q3011952,Dahlia
Q97007420,
Q31189138,Rodeo
Q321416,Rosamunde Quartett
Q106299550,
Q9336591,
Q16677277,
Q3549992,Union Jack
Q127429231,Għaqda Mużikali San Ġorġ Martri
Q10332891,
Q2122267,
Q4419931,
Q5323779,EO2
Q23657158,Quixotic Fusion
Q6143271,Terreviento
Q10695798,The Shakers
Q2435423,OverClocked ReMix
Q119149731,Born Without Bones
Q11558023,
Q11880949,
Q2917427,
Q64425936,The D-Day Darlings
Q30933002,Eximinds
Q2034404,Mahala Rai Banda
Q5910261,Hot Pstromi
Q7987076,West of Scotland Schools Symphony Orchestra
Q12007915,Hradec Králové Philharmonic Orchestra
Q10313528,K4-Quadrado Azul
Q121196570,
Q31888081,Samtidigt Som
Q16850538,John L. Watson & The Hummelflugs
Q2327688,One Day Fly
Q13024966,
Q107121680,98s
Q139757330,St. Mary's Mission Band
Q10672432,Smutstvätt
Q118780584,
Q9664610,
Q20065840,
Q65049147,The Phonemes
Q114142443,Hanover State Opera
Q110413878,Ditchmaster
Q134506374,
Q120006532,Yellowknife Choral Society
Q10523920,High Heels
Q31179118,
Q85369474,
Q11697244,
Q4179808,
Q110235543,
Q10674153,Soundry
Q61131496,Aeons
Q106547078,Portuguese Academic Orchestra
Q99479112,Powaflex
Q120335536,
Q11360543,
Q117479162,Frog and Henry
Q11228380,Kamomekamome
Q131639634,
Q7776304,The Wrens
Q4041318,
Q7756493,The Pees
Q134574839,Abysmal Oceans
Q107611417,
Q98208133,KCOV Amsterdam
Q2667562,New Zealand Symphony Orchestra
Q133885235,"Florida Symphony Orchestra, Orlando"
Q12601898,Seongnam Philharmonic Orchestra
Q97162283,
Q7880011,Ulster Scots eXperience
Q7731725,The Electric Swing Circus
Q56353869,
Q4325458,Novosibirsk Academic Symphony Orchestra
Q30931128,Paint in watercolour
Q28913244,
Q3693844,
Q122863623,Alma Musica
Q12897713,The Vessels
Q25514996,Caxade
Q31887724,Rytmi-Pojat
Q133567899,PeelingFlesh
Q24962976,MadGibbs
Q138642318,
Q15044918,Propellers
Q45337663,Cosecha Roja
Q138025378,The Truth
Q137585158,
Q123688410,The Pipes and Drums and Military Band of the Royal Scots Dragoon Guards
Q18467881,A Sagrada Família
Q111784810,The Bill Jennings - Leo Parker Quintet
Q6745746,Mammal Club
Q9395881,Śrubki
Q20898823,Putirecords
Q85867491,Siam☆Dream
Q39544979,
Q10539265,Jailbird Singers
Q137196140,Howl Owl Howl
Q4035264,Bog Morok
Q122382557,
Q12370133,
Q10385137,
Q25325410,Pyrates Royale
Q60581613,
Q127378351,Abdul Hannan
Q108350247,Deathrite
Q130777033,Wirefall
Q4481113,
Q3201977,L'Ange Vert
Q113324860,Kleppe Musikklag
Q12246413,
Q1484079,609
Q122842229,Sebastien Lepine Project
Q131293272,Flute Force
Q3191347,KDD
Q130646875,Alvin Purple
Q3505027,Janáček Philharmonic Orchestra
Q133828503,La Armada
Q67130292,Vojni orkestar Zagreb
Q64626451,Holy Nothing
Q61362867,Koiu
Q115662514,Korean People’s Army Song and Dance Ensemble
Q162745,Petersen Quartet
Q97184179,
Q2655659,
Q9303921,Ramzes & The Hooligans
Q699486,Dresden Philharmonic
Q105480522,
Q16479996,
Q65254967,
Q136469126,Hartwood
Q10695667,The Manish Boys
Q11416221,
Q121541784,
Q12636555,Maxmett
Q4508019,
Q11200927,GEEK
Q17190783,"I, My, Me, Mine"
Q12675309,Lithuanian Symphonic Wind Orchestra
Q104531560,
Q124004697,Los Alegres del Barranco
Q7582317,Squirm
Q137698605,Shinonome Choir
Q18205429,Beautiful Times
Q283339,Paris Opera
Q5519503,Galway Youth Orchestra
Q4037114,
Q46083457,
Q136488382,Immortal Disfigurement
Q110944567,Rain Drops
Q11690479,
Q1930988,
Q2683525,Fiocco
Q7413500,San Carlo Opera Company
Q10717897,Västerbrokören
Q11799219,
Q20520959,Pihalni orkester Ljubljana - Vič
Q124004628,Los Hijos de Barron
Q42377057,The EFFECTS
Q134053351,Fergessen
Q110069359,
Q2413644,Palindrome
Q60744282,Bad Boy
Q2085959,Philharmonisches Orchester Erfurt
Q67910134,Castle Trio
Q111628662,
Q85880421,Keio Gijuku Wagner Society OB Choir
Q119411237,
Q107124111,Gilius' Haagsche Hofje
Q134302677,Óperentzia
Q133456282,Divorce
Q12360500,Cantate Domino
Q10689260,
Q2133563,
Q29949063,Comiqu'Opéra
Q106940311,The Nasties
Q9192027,
Q123966027,IDF Choir
Q7761307,The Rocks
Q124852979,Schola Cantorum
Q139762535,Miramichi Fireman’s Band
Q20683950,The Christianaires
Q65235088,
Q10481233,Elektriska linden
Q2878943,Bagad Landi
Q3525673,Thomas Winter et Bogue
Q7801435,Tiger Lily
Q16531592,Battle Dagorath
Q134931881,Örebro Gospel
Q105680191,Davey Brothers
Q126689800,
Q27961193,CaraNua
Q115923376,Das Wanderlust
Q61365503,Zoo
Q30589605,4Mag Nitrous
Q16239943,Thin Man
Q1035193,Help
Q3885021,
Q12762625,
Q105695163,
Q25419109,Cardo-Roxo
Q27962931,Sheer K
Q5212120,Dame-Nation
Q4044476,Monofader
Q6528061,
Q12071910,
Q11951735,The Cabrians
Q3355288,Orchestre de l'Opéra national de Paris
Q61109059,
Q12259491,Iheskide
Q4859658,Barbie's Cradle
Q12306666,Coolsville
Q123165783,
Q10655818,Risken Finns
Q11398602,Kayama Yuzo & Hyper Launchers
Q10631930,Pinko Pinko
Q4588175,Knutna nävar
Q20101843,
Q3776764,Crystal Swing
Q3232407,Les Enfants terribles
Q12678102,Vnuki Sviatoslava
Q134648084,Rogue Valley Symphonic Band
Q121841110,Firey String Sistas
Q10385453,
Q105587917,
Q139682305,
Q11185290,13 Cats
Q16352104,Augusts IV
Q10304846,Jacó & Jacozinho
Q17003770,Chamber Philharmonic Taipei
Q4274037,
Q55522609,BULLPEN
Q28411981,Color Girls
Q66840949,Dear Seattle
Q111589989,Orquesta Sinfónica de San Luis Potosí
Q109556846,
Q13570532,Six by Seven
Q111703500,Surv
Q99542252,Atlanta Freedom Bands
Q31887020,We Like We
Q48808564,
Q139762601,Pembroke Boys' Band
Q7560873,Sond'Ar-te Electric Ensemble
Q57909443,Valley Forge
Q4462809,Tri O
Q112977035,
Q11766746,Malarze i Żołnierze
Q1190168,Depart
Q7560666,Son of Science
Q4930811,Blush
Q139757248,Bekevar Brass Band
Q17058563,Blue Choir of Sam Ratulangi University
Q115881651,Sirens Of Lesbos
Q116780495,Yiddish Glory
Q11343914,Metropolitan Opera Orchestra
Q6343895,Banda Municipal de Molinicos
Q7755784,The Oxford Belles
Q19959993,Jugendchor Belcanto
Q17048895,Sol3 Mio
Q128188945,Ateneo de Zamboanga University Concert Band
Q120335555,
Q139300974,Adult Human Females
Q15837007,Norddeutsche Philharmonie Rostock
Q65090323,The Sidekicks
Q98431928,
Q130476373,Two Tap Trio
Q1076294,Chor von St. Bonifatius
Q137920795,Motorocker
Q10357826,Real Reggae
Q42894358,Nine Stones Close
Q29947243,Orchester le phénix
Q11889688,Finnish Radio Chamber Choir
Q6756026,Marce et Tumpak
Q6103638,Flört
Q13018372,
Q31961078,Les Buffardins
Q65255067,
Q16361004,Lady's Sweet
Q11777545,Message
Q6076985,Pitlochry and Blair Atholl Pipe Band
Q85794535,Princess
Q138529514,NCT JNJM
Q7336535,Rita Indiana y los Misterios
Q137585147,
Q9335859,Sfond Sqnksa
Q10496823,Flintstens med Stanley
Q135094653,Isidore String Quartet
Q123691890,The Frightnrs
Q6419501,Kjwan
Q12000245,Show Chow
Q10431651,Blå Bergens Borduner
Q3508638,Boni Pueri
Q2327713,St. Gallen City Music
Q4245887,
Q10512203,Gypsy Kiss
Q16679474,The Celtic Social Club
Q12663379,
Q65036880,Chaoseum
Q110069403,
Q1127042,La Caffettiera Stioppeta
Q114033713,
Q1885718,Mainzer Domchor
Q140065659,Harry Raderman's Jazz Orchestra
Q140077537,Grup Seyran
Q139762567,Georgina Brass Band
Q19776330,KG Rest
Q12677597,
Q125020165,Chloë Ester
Q60755324,Bicycle Showband Crescendo
Q124820631,
Q17059802,
Q55975614,Modern Hungária
Q6933245,Muirhead & Sons Pipe Band
Q2403603,Geneva Symphony Orchestra
Q120878207,Major Love
Q28667723,
Q96406194,Splitting Adam
Q110069386,
Q50185069,
Q109469916,
Q4239329,Krasnye Zviozdy
Q47012849,Sqwonk
Q60320664,Kadef
Q31188045,Triki Ta Ke
Q60786966,Shorebirds
Q85867269,
Q12629721,Demonica
Q104196881,Turuturu TV
Q1828892,
Q13648642,Guillermo & Tropical Danny
Q96655523,
Q11834403,
Q20652630,Tritonus Guitar Trio
Q111154765,Violent Ground
Q105584382,Westphalian Symphony Orchestra
Q113076504,Schwullesbischer Chor Köln
Q7740957,The Hunches
Q4956042,Brakes
Q18242910,Iskra
Q10516968,Hampton '81
Q4669744,Absinthe Blind
Q134072823,GAT
Q12507437,
Q19602662,Schwarzprior
Q136437877,Amman Chamber Orchestra
Q12080228,
Q60744963,Lansdowne Symphony Orchestra
Q61117355,
Q99885873,SYTË
Q111902359,Tzemed Yeled
Q9340398,Spooko
Q18547022,Post Scriptum
Q120497757,Karakoram
Q5370151,Embraced
Q65254714,A. Le Coq
Q10688019,Sällskapet CMB
Q9353710,THX
Q86685430,Trupa Trupa
Q7301420,Reaper
Q16238010,Mi Lu Bing
Q29093356,Duke University Marching Band
Q3520541,The Death Riders
Q15053544,Vishnu
Q104622969,
Q110820498,
Q12327984,Musti & Amin
Q1329573,Moscow Philharmonic Orchestra
Q131275200,
Q16822541,Bats
Q1582829,P-Square
Q97289315,
Q66287334,Marinemusikkorps Wilhelmshaven
Q4309841,
Q7913799,Van and Schenck
Q17138683,Marien
Q10800997,
Q17014659,UFOetry
Q131357133,Děčín Symphony Orchestra
Q91789,Arne Schaffhausen & Wayan Raabe
Q137739156,Bull
Q85798337,SECT
Q7619609,Stony Sleep
Q7249013,Project Born
Q66095763,ÄÄNIPÄÄ
Q19380193,Louisiana Washboard Five
Q12787079,Cole in predsednik
Q1292958,Swetter
Q3952165,
Q12008935,Vanaheim
Q123484433,Jagas
Q2349201,La Familia
Q113509592,Desechables
Q55642279,The Fighters
Q136696317,Okayama Symphony Orchestra
Q28451559,Art in America
Q119983043,
Q85765493,Halal Gang
Q121714487,GALS
Q85864281,ARCANA PROJECT
Q7783510,Thesyre
Q11997041,Rammsund
Q7745004,The Kybosh
Q107292779,Reliant Tom
Q19692164,BLOG OF MAD!!!
Q31189025,Hotzikara
Q1180329,
Q138005600,
Q7280024,Radcliffe Choral Society
Q105492568,
Q4079194,Bastion
Q30880155,
Q3413702,Quatuor Zaïde
Q27058560,All Tvvins
Q137825276,Mosaic
Q10847065,Eternity Girls
Q136702877,
Q126426303,White Horse
Q5103642,Chocolate Weasel
Q2579381,The Makem and Spain Brothers
Q61363420,Zaratamakers
Q4954441,Braddell Heights Symphony Orchestra
Q10549944,Kultiration
Q11914377,
Q4721408,Alexis Blue
Q25555286,Rok Hotel
Q17095122,
Q55075073,NEW CITY
Q138927782,Fit to Work
Q17025320,
Q136720903,Creature
Q12794958,Little Pig
Q31188272,Mushkum
Q11234230,N/Y Funk shot!!
Q4048411,Roman Rain
Q6059146,Istanbul Chamber Orchestra
Q113076484,QueerChor Tübingen
Q4854290,Banda Jerez
Q4394408,
Q1446327,L'Enfance Rouge
Q14075336,
Q137210063,
Q13023764,
Q19298328,SuperScum
Q9390310,"Zespół Pieśni i Tańca Uniwersytetu Przyrodniczego w Lublinie Jawor"""
Q30921652,CANVAS
Q104692366,The Lathums
Q2569156,Vienna Walzer Orchestra
Q6411717,King Hobo
Q13026685,
Q7491754,Shchedryk
Q13016227,
Q55137943,The Happy Pals
Q23791712,8 Dukes of Caldecott Hill
Q134028094,
Q125184380,My Friend Skeleton
Q109441571,
Q4037293,Diagnose: Lebensgefahr
Q15052670,Mopti
Q105064329,
Q2312995,De Stem des Volks
Q16582542,No Romance in China
Q125772507,Sensei
Q105335788,
Q117600012,Hasunosora Girls' High School Idol Club
Q6544448,Lieutenant Murnau
Q61115097,
Q8057902,Young Ambassadors
Q5263911,Desert Dolphins
Q15052942,Los Daniels
Q10302269,Innerlogics
Q1711404,
Q105530513,
Q51883474,Wit Kasteel
Q22908861,Meishi Smile
Q106604716,
Q57909442,Seven Hills
Q126285926,Għaqda Mużikali San Ġużepp Għajnsielem
Q134893974,Athens Chamber Choir
Q7734517,The Florida Orchestra
Q125422380,Persia
Q110069566,
Q6428605,Kompleksi
Q125998651,HaltMaKurz
Q2992304,Condkoi
Q25483121,Karaganda Symphony Orchestra
Q120335593,
Q96374025,Bros
Q7720959,The Caledonia Soul Orchestra
Q17709319,Dødsengel
Q57830613,City Lights
Q4275714,
Q22123235,EverLast
Q111598738,Mockingbird
Q21857766,
Q6861851,Milwaukee Youth Symphony Orchestra
Q7423535,Sarcastic Front
Q7122607,Pacific Opera
Q10610450,
Q88395599,Second Sky
Q12957910,Klinci s Ribnjaka
Q25506334,
Q30908754,
Q7460849,Shadowseeds
Q14520186,
Q108522782,Troubadours United
Q4815852,Atish Raj
Q24075111,Dosti Music Project
Q118119606,Die Härte
Q11343628,
Q81059175,Fuego Bxndz
Q123195427,
Q9614072,André & Andrade
Q56056525,Satan's Host
Q90123488,
Q10505185,
Q5378413,English Words
Q5208705,Dah
Q6084160,Multitap
Q4262168,
Q12078923,
Q24936597,
Q13020481,The Suntaraporn Band
Q1929820,
Q137585145,
Q7091525,On the Rocks
Q5430399,Fairfield University Glee Club
Q137455936,Female gang
Q1853765,
Q137041802,
Q126925492,BananaLemon
Q20666834,Kristoff K.Roll
Q24566948,Portland Lesbian Choir
Q13424413,Mohamed Abozekry & Heejaz
Q108635405,Improvisation Chamber Ensemble
Q3032420,Laxmikant-Pyarelal
Q110069634,
Q139499876,Ear
Q105550859,
Q18244158,Långfinger
Q12072928,"W.Angel""s CONQUEST"
Q3394482,Opstrukcija
Q121425191,Red Garland trio
Q10535419,Infuneral
Q11192064,Be-ppin
Q6703293,Lumino
Q5374157,Empire Statesmen Drum and Bugle Corps
Q125161163,Scraps Of Tape
Q103839859,Biryani Brothers
Q58565239,Phantom Sentinel
Q104832583,
Q122927020,Trio Karénine
Q4739474,Amampondo
Q124424755,
Q7397313,Sacred Sin
Q4038942,
Q11735704,Karimski Club
Q10680522,
Q3157597,
Q138542360,Epysode
Q17143334,Tristwood
Q105723990,
Q7766641,The Stones
Q25056389,Mae Valley
Q13024983,
Q136476095,S.Coups X Mingyu
Q138875088,Rabbit Rabbit
Q136343940,La Rondinella
Q112072796,Oshima Brothers
Q2028678,Orchestre de chambre de McGill
Q11884271,
Q1740963,Kieler Knabenchor
Q117217609,Aaron May & David Ridley
Q2028614,Orchester der IG Wismut
Q2148839,T-junction
Q126544159,Għaqda Mużikali Banda San Pio X
Q15918018,Dirty honkers
Q62630625,Peter Doherty and the Puta Madres
Q3866751,Mp2
Q10518150,Harmonious Society
Q4738982,"Amabile Choirs of London, Canada"
Q2907180,Blue Jean Society
Q5461990,Flosstradamus
Q86008229,
Q127691563,8-Bit Operators
Q5553201,Gert Jonnys
Q1958481,Mühlenhof Musikanten
Q139762616,Thunder Bay Brass Band
Q24996610,The Little Unsaid
Q6461100,La Banda Gorda
Q125177374,So So Modern
Q9303251,
Q137260086,
Q106042331,
Q1375185,EuropaChorAkademie
Q66425338,Damien Dubrovnik
Q12149487,Ruthenia
Q22908676,Gnaw Their Tongues
Q4033720,Alien Vampires
Q131368134,Triumph Együttes
Q11997564,
Q10305411,New Group Three
Q25434116,
Q13104436,Cercle symphonique
Q880801,Berlin Radio Choir
Q677141,Regensburger Domspatzen
Q123261861,Houdini Roadshow
Q65051809,Nova Twins
Q12645500,Zagrebački jazz kvartet
Q28449289,Sex Stains
Q7770265,The Triplets
Q6736696,Mainly Spaniards
Q96397017,ONO
Q11297914,Black Noise
Q11649629,Metal Clone X
Q20493405,Čisté Tvary
Q139602672,Whitby Brass Band
Q23301646,
Q104906191,
Q111260284,Las Soles
Q16386341,
Q134966935,Karyn Crisis' Gospel of the Witches
Q55605174,Bello Spark
Q55521925,
Q11231512,MIC BANDITZ
Q10509197,Grus i dojjan
Q16133901,Chenda melam
Q61046337,Loewenhertz
Q104841259,Video Age
Q4463059,
Q60296899,Total
Q7490637,YesYes
Q125606856,rwarifo
Q18712415,Los Angeles Virtuosi Orchestra
Q125157221,The Desoto Caucus
Q10686296,Svettens Söner
Q93738450,EVTHANAZIA
Q139762673,Moose Jaw Cornet Band
Q104708983,Galileo
Q3416597,
Q19772434,Rychagy Mashin
Q56354347,A・LA・CARTE
Q132810557,Sound Cellar
Q3209923,La K-Bine
Q92199487,Krav Boca
Q85987441,
Q55631920,Rolie Polie Guacamole
Q1042152,Prague Philharmonia
Q10719730,West Side Family
Q11191696,BREMEN
Q13104807,
Q1278411,Eatliz
Q131689220,
Q16763785,
Q137778688,Offenburg City Band
Q61107905,
Q110010572,Corbu
Q12638458,No Comment
Q139762615,Teeswater Cornet Band
Q3413662,Bartholdy-Quartett
Q20684042,The Dublin City Rounders
Q130376575,Cantamus Giessen
Q11325821,Non-Human Level
Q31885463,Alonzo & Fas 3
Q12035041,Malá Bílá Vrána
Q115570926,
Q18915575,
Q117220182,
Q11197970,EXILE GENERATION SEASON 4
Q7235968,Powder
Q65084432,Delicate Flowers
Q139762530,Campbellton Brass Band
Q65227948,Cheeky
Q6084888,Ismail and Junaid
Q12262789,MIX6T
Q10493275,Eyes of Blue
Q26358315,
Q19385667,Prime Time Orchestra
Q65255464,
Q57830627,Swinglish Mix
Q130539042,Savlonic
Q119003076,Rezinovy Dedushka
Q10659937,Sad Motion
Q89686391,
Q43381838,Le Piccole Voci di Angelo Di Mario
Q5449997,Findlay Napier and the Bar Room Mountaineers
Q138565068,Kigurumi
Q2778376,YuiKaori
Q1802260,
Q116291366,
Q61364919,Jasan
Q19976476,De gladas kapell
Q3506790,Big Cyc
Q12254844,Basque Rap Conspiracy
Q1713415,Junges Vokalensemble Hannover
Q6413609,Kingston Symphony
Q47469686,November Process
Q106994170,
Q117847955,
Q2138068,
Q97192201,Taleteller
Q30917583,Bolivian National Symphony Orchestra
Q107026149,Biello & Martin
Q61654327,Midlands Men's Chorus: The Gay Men's Chorus of Columbia (SC)
Q7439429,Scullion
Q136327919,Indonesian National Orchestra
Q12270564,
Q10681113,
Q118780389,Hans Laguna
Q106526317,The Bitritsa Four
Q7773097,The Voom Blooms
Q110895143,Kamloops Symphony
Q7130284,Panchari melam
Q5739280,Cahobazul
Q6876404,Miss Construction
Q7492755,Sheffield Symphony Orchestra
Q22127106,Chouchou merged syrups.
Q18291196,Katrineholms symfoniorkester
Q19392224,
Q48769184,ELECTRIC MACHINE GUN TITS
Q473850,Deutsche Kammerphilharmonie
Q10368900,
Q3881050,
Q25095293,Scar for Life
Q110135958,Sheriff
Q31188915,Guretzat
Q105759708,
Q1572634,Hamann-Quartett
Q111948095,The Tenneva Ramblers
Q11199704,Four Minutes Til Midnight
Q1582029,Konono Nº1
Q136723167,Constant Follower
Q7444111,Secret Square
Q13127745,Côr Rhuthun
Q30526984,Barrocade
Q11234223,N.O.B.U!!!
Q2411896,Gregoriaans Abdijkoor Grimbergen
Q28682297,
Q10646540,Pulpahornen
Q20103189,Els Surfing Sirles
Q10461964,Crosstalk
Q15877528,
Q1131885,Corale Alpina Savonese
Q10719373,Watermelon Men
Q12117643,
Q5136518,Clubfeet
Q7296853,Raw Bud
Q138666822,Dinu Lipatti State Philharmonic
Q16536766,Cielak & Jaromi
Q109411763,
Q16481514,
Q106812304,Choomba
Q19605767,Stuart Highlanders
Q12088703,VEREMIY
Q9390622,
Q2983697,collège Vocal
Q28497585,Body Bag
Q4858595,Barbados Chamber Orchestra
Q107594914,
Q131578365,Mayatrix & The Psychics
Q122926844,Arts Sonic
Q22129618,The fin.
Q1216280,Die Singphoniker
Q10575311,Magnum Bonum
Q16853942,Patrola Šlapeto
Q136680258,Sendai City Symphony Orchestra
Q11250896,The Vomits
Q93164932,Philharmonisches Staatsorchester Halle
Q124041584,Royal Albert Hall Orchestra
Q109603888,
Q3925387,
Q137485434,Indialucía
Q96419348,SiIvaGunner
Q6577674,Ramat Gan Chamber Choir
Q28718525,Andreas Dreier Trio
Q11960649,Bergen Pipeband
Q9182112,Buraky
Q11729443,Juno
Q136325270,Yokohama Choral Society
Q106483463,
Q25410008,Gob
Q5434091,Fans of Kate
Q11766338,Maidens
Q20043041,
Q7453154,Serenade Chamber Orchestra
Q16112071,Vokalisti Salone
Q7766570,The Stolen Minks
Q5576277,Goddess
Q16543185,Concert des Amateurs
Q2359545,Kantorei der Stiftskirche Stuttgart
Q116971910,La Fiammata Piano Duo
Q1321799,Titán
Q16530922,Bagad Saozon-Sevigneg
Q6941783,Music for Miners
Q126596374,Vitamin Dub
Q11966134,
Q42534660,Skandau
Q11189554,Area51
Q17098897,Zdravo
Q7675691,Tahuna Breaks
Q4047350,Prime STH
Q11728504,Joshua Fit for Battle
Q20041005,SOUL GAUGE
Q49974134,
Q11685556,Amazonki
Q12898963,Battlecry
Q5509111,Funeral Party
Q99455405,Cattletruck
Q25344618,Ghosting Season
Q9287612,Hellveto
Q139762659,Grenfell Cornet Band
Q4303703,
Q11287576,
Q12029924,
Q16614997,The Sacred Mushroom
Q18153358,Impulse Drum and Bugle Corps
Q4930816,Blush Response
Q108701762,
Q11817060,Pilichowski Band
Q1328398,Orchestra dell'Accademia Nazionale di Santa Cecilia
Q131451793,
Q19724523,ĴeLe
Q7578909,Spoken Word Youth Choir
Q9206867,Diadem
Q104779064,
Q136749350,
Q4039752,Gulag Tunes
Q113325687,Lyon National Orchestra
Q85765032,Génération Taragalte
Q20854246,Ebert Trio Vienna
Q115800034,
Q10341735,
Q105364080,
Q136389956,J.A.L.N. Band
Q106483513,
Q10323039,
Q85876087,
Q5223124,Dark Ages
Q11252411,
Q7283705,Raiché Coutev Sisters
Q10279996,Trapp family
Q9089538,Transportes Hernández y Sanjurjo
Q11831674,
Q7767229,The Suits XL
Q28233374,Teen Daze
Q12744439,357
Q4336488,State Hermitage Orchestra
Q6155970,Under the Shadow
Q3355248,Orchestra of the Music Makers
Q65075309,Fews
Q131693010,Batekoo
Q91463164,
Q16293597,Salzburg Bach Choir
Q1690626,Killing Me Inside
Q97278374,The Beat Freaks
Q1739778,
Q7643407,Supergroove
Q131919108,
Q134837636,
Q12072767,
Q110069560,
Q4051306,
Q20529953,
Q23498819,Kaulakau
Q28451501,Vaults
Q61061956,
Q11255359,Yacht.
Q104882659,Slow Pulp
Q12339143,The Whiteouts
Q7798348,Thronar
Q7186834,Phoenix Effect
Q2279021,RBO Sinfonia
Q24963376,Dirty Dishes
Q4169921,
Q7667926,T-raperzy znad Wisły
Q104627921,
Q22689037,
Q124848685,Kasso
Q12072143,Quarta+
Q63213095,Aftermath of a Trainwreck
Q138679557,Stannington Brass Band
Q65049041,The Hand to Man Band
Q20108537,No Remorse No Retreat
Q109555247,Mississauga Pops Concert Band
Q30731405,Lands End
Q21010109,Lean Left
Q104597486,
Q20104364,Pilseners
Q106645565,Stepson
Q10671684,Slowlife
Q7495507,Sherwood Consort
Q8249804,Bojalar
Q7299980,Re:
Q1124007,Concilium Musicum
Q7409090,Sambrasa Trio
Q57830622,Signature Sound
Q11242426,SAKURANBO
Q4833638,B(if)tek
Q11936830,Minimal 21
Q105677069,Chapel Hart
Q15052807,Jets to Zurich
Q122926843,Alienor
Q134889110,Rigel family
Q124004754,Grupo Escolta
Q6156444,Japaharinet
Q131747499,Quartet Diminished
Q22023005,"Jazz, Ltd."
Q20685148,Platoon 1107
Q17218463,LAGITAGIDA
Q124497080,
Q18626116,
Q117191004,Suns of the Tundra
Q2456230,True Tiger
Q6880321,Mister Twister
Q27959386,
Q3231027,Les Bidochons
Q122981480,Special Cases
Q111019633,
Q5347176,Eevee
Q6672083,
Q7105469,Os Músicos do Tejo
Q137583324,Pihalni orkester Piran
Q55519823,
Q6971441,National Chamber Choir
Q7564431,Soulbizness
Q122847876,Niji Saga
Q2122627,Nijmeegs Studentenorkest Collegium Musicum Carolinum
Q3638976,
Q78045434,Ezra Collective
Q123878759,Phantom Excaliver
Q131950093,
Q11194696,Cluster'S
Q25587412,Zinga Goshty
Q97198707,
Q7419344,Santa Clara Vanguard Cadets Drum and Bugle Corps
Q3693828,Coro Concordia
Q11229945,Les.R
Q2148062,
Q135087992,Split Chain
Q110443700,
Q132758129,Mynyddislwyn Male Voice Choir
Q10691567,Taximi
Q85853252,Fou
Q49966827,
Q11302828,Telemann Chamber Orchestra
Q18274723,Västgöta nations manskör
Q2265108,Seekersplanet
Q6682799,Los Hang Ten's
Q15124113,Maids of Gravity
Q11962352,Bronco Busters
Q136439555,Orchestra of Kazakh Folk Instruments named after M. Tolebayev
Q111913560,The Vaughans
Q110895128,Deep River Symphony Orchestra
Q33837070,Tommigun
Q11188394,8 1/2
Q12321179,Kammerkoret Camerata
Q127129993,Opera Kelowna
Q1329763,Danish National Symphony Orchestra
Q94959328,Georgia Symphony Orchestra
Q7743105,The Jennifers
Q4273693,Mad Dog
Q19356907,Teenebelle
Q120468332,The Ocean Party
Q121425085,John Alldis Choir
Q85865309,Friday Night Plans
Q25095042,oslo.
Q16836640,Festival Flamenco Gitano
Q122441860,冷
Q137039448,The Meteors
Q113634870,Hoops Inc.
Q5455850,Five Centuries Ensemble
Q2272857,Soldat Louis
Q124020843,Remences (band)
Q25095390,Body hound
Q20066756,
Q123475271,Apbs
Q13570889,"Dasja, Alina & Karina"
Q16417561,
Q586283,Saint Petersburg Court Capella
Q56327748,
Q16851058,Juke Joint Gamblers
Q25463034,
Q16161131,
Q12336604,Speaker Bite Me
Q116312047,Blushing
Q52723301,Connect.Ohm
Q65035844,You May Begin
Q123174749,
Q7728490,The Curtains
Q96419144,Pantayo
Q55604265,Artichoke (band)
Q20520888,Akademski pevski zbor Alojzij Mav
Q5317069,Dustin's Bar Mitzvah
Q97959402,Club Asylum
Q3303348,Maîtrise Saint-Louis de Gonzague
Q126542434,Soċjetà Filarmonika San Ġużepp Kirkop
Q891582,
Q102316808,Orchestre du Conservatoire de Gennevilliers
Q135398590,SACHI
Q61118173,Nine by Nine
Q11821917,Polne Kwiaty
Q22693342,
Q124477910,
Q7842081,Trilogy
Q136835997,Castalian String Quartet
Q65255117,
Q17104753,We Should Be Dead
Q20128094,Soil
Q2098217,The Me in You
Q97163776,
Q16477238,
Q85800853,Ships
Q99542448,Savannah Philharmonic Corporation
Q20651833,
Q106393526,Kvartet Do
Q9361400,Trawnik
Q134425080,
Q2997575,Cornu
Q127429116,Għaqda Mużikali Ite ad Joseph
Q123184670,
Q139974634,Pebble & Stone
Q5243077,Daybehavior
Q135262095,
Q116236858,Dev-c
Q139762515,Hartney Brass Band
Q10395430,
Q99758013,Alius Soileau
Q109594404,
Q140313482,
Q4218540,
Q124476937,
Q17107807,Senge
Q13105404,Wallstreet
Q6746155,Man Alive
Q10593443,Mårtens hjältar
Q11230971,MAN-ZOKUディーバ
Q116263612,Atrabilis Sunrise
Q55662797,
Q24562629,Altenburg Boys' Choir
Q7045948,Nobody Beats The Beats
Q137886371,Kaya Project
Q114397659,
Q47169183,Levon Helm Band
Q7713005,The Albert Brothers
Q11240535,RAPES
Q55466036,"La Puñalada,"
Q126901467,The Eastern Swell
Q12005852,The Mojo Blues
Q61654347,Phoenix Metropolitan Men's Chorus
Q65254733,
Q5297508,Doramaar
Q131697617,SambaSax
Q7703859,Terror Syndrome
Q130374794,Zuid Nederlandse Opera
Q96375775,Cyfarthfa Band
Q32767024,Dortmunder Bachchor
Q108822184,Concrete Castles
Q3355341,City of Kyoto Symphony Orchestra
Q131686763,Salmon
Q19876729,The Yeomen
Q643767,The Tulla Céilí Band
Q15053695,Death Wolf
Q19373586,Hans orkester
Q48941591,
Q105883686,The Hopelessly Obscure
Q49098695,Gilla mej
Q20257579,
Q99542375,Macon Pops
Q96692189,Cactus Troop
Q8068569,Zeigeist
Q116894455,Na Chui
Q139762523,Winnipeg City Band
Q11306694,
Q12134576,
Q129737715,bubble flowers
Q1531745,Globe Unity Orchestra
Q85738227,323rd Army Band
Q84939535,Jacqui and Bridie
Q104530534,
Q116171264,DV tribo
Q60793039,Simply Majestic
Q7209885,Polish Chamber Orchestra Camerata-Wroclaw
Q3977563,Super Etoile de Dakar
Q117595681,cat-sì
Q19378837,
Q3054867,ECM+
Q86753114,Lanier & Co.
Q4806336,Asia 2001
Q7103982,Orpheus Club of Philadelphia
Q11270632,
Q19757822,Jackson Southernaires
Q131741776,
Q56400563,GIOrquestra
Q11974954,Heltan
Q125156968,Dead Fingers
Q6718655,Rishon LeZion Orchestra
Q30587753,Demob Happy
Q9262041,Framerowie
Q16959581,La Paz
Q137653770,Pestiferous
Q56348562,Alom
Q137455918,Twanga Pepeta International
Q12671685,Romowe Rikoito
Q1337500,Times Three
Q5404337,
Q31897868,Svenska Missionskyrkans Musikkårer
Q11711971,Inpalumbia
Q21147540,Soharóza
Q60741931,Chrysilia
Q3067466,Singapore Chinese Orchestra
Q131753670,Wisconsin Youth Symphony Orchestras
Q116045580,
Q1327822,Elemér Balázs Group
Q7523608,Singing Priests of Tagbilaran
Q10699922,
Q134053364,Little Chicago's Finest
Q12004974,TFL
Q106562791,Skagit Symphony
Q6648395,Lithuanian Opera Company of Chicago
Q124302715,Karolinska Kammarkören
Q99542277,Bent Frequency
Q7740392,The Hosts
Q29789788,Symfobia
Q25501405,Šo!Mazgoon
Q11348235,Little Bird Nation
Q134562413,Glare of the Sun
Q42300978,Cannonsong
Q9632355,As Galvão
Q31277614,
Q4973153,Brodsky Quartet
Q120335761,
Q31277620,
Q85874231,
Q16522491,Quo Vadis
Q31188246,
Q3047020,Echospace
Q104814120,
Q12509241,
Q12391750,
Q1798828,La Gaia Scienza
Q16246443,Alias Empire
Q9257628,Fabuła
Q105435907,
Q7911779,Valkyrja
Q15052971,Spira Mirabilis (orchestra)
Q4045463,Nord’n’Commander
Q6197622,Jim Protector
Q104814783,
Q10542735,Kalle Baah
Q77418475,
Q8058461,Young Toruń
Q51882970,
Q135706380,Bainbridge Symphony Orchestra
Q95690569,Dalit
Q137583551,Gut Health
Q111203273,chœur Znamenie
Q80511091,
Q48780750,The Skylarks
Q13048463,
Q85747057,Big Cheese
Q64984343,P. S. Corporation
Q11248836,The Heavymanners
Q6663754,Loboc Children's Choir
Q16946910,Bros 'n' Beasts
Q130240118,The Young Senators
Q136298239,Koor en Orkest Singhet Ende Weset Fro
Q139762548,Taylor Concert Company Band
Q41556429,Kings County Queens
Q110895947,Camerata Academica of the Antipodes
Q123138779,
Q134895783,Aua
Q7766079,The Spurs
Q92681844,
Q138845202,Eros Chasm
Q10448218,
Q22101183,
Q5957066,Hyogo Performing Arts Center Orchestra
Q134932552,锦鲤Glee
Q84432238,
Q18627229,ROSTANY
Q65281598,SBFIVE
Q39070945,Strange Creatures
Q3954766,Capella Cracoviensis
Q18243702,Life
Q12366785,Kellerkoor
Q11826162,Poznań Boys' Choir
Q7928917,Vigilante
Q104517926,
Q12255276,Birracel
Q56352605,Sleepyhead
Q17370606,vox
Q13134400,12 Bar Grooves
Q11930844,La Taponera
Q16966139,Typhoon Saturday
Q10958542,Sliek De Zeesterre
Q110823857,Gamelan Tunas Mekar
Q48807714,
Q65202558,
Q5125842,Clap Clap Riot
Q19712882,
Q124788656,Capella Lipsiensis
Q31312548,Kipu
Q124051915,Knür
Q139753074,Amherst Brass Band
Q2963071,Cheveu
Q11964197,Crimetime Orchestra
Q139780526,PASTEL RADIO
Q65255678,
Q131358339,Sally Skull
Q106453167,
Q99640627,Prophets of Sound
Q4796318,Ars Nova Singers
Q61811844,ANU
Q16823456,Los Black Stars
Q135722209,Gwalarn
Q55468719,Puglia-Pedroza
Q16006245,
Q135765414,Malawi Mouse Boys
Q104777374,
Q105508397,
Q7754558,The O.D's
Q124497105,
Q16842265,Helitron
Q99518248,Corticyte
Q7757384,The Planets
Q109383263,Sounds with Peace
Q16115704,Mississippi Queen
Q31273874,
Q60747496,Imperial Age
Q107496215,Società Corale Giacomo Puccini
Q131191508,THE HARA
Q28758636,Day Of Phoenix
Q136000591,Brighton Gay Men's Chorus
Q109469929,
Q48773526,Five Hollywood Blue Jays
Q11715020,J.J. Band
Q132057828,
Q48700482,Bloodstrike
Q7743455,The Joker & The Thief
Q115691387,
Q7374897,Royal Swedish Army Drum Corps
Q11770850,Marvel
Q110069314,
Q62070583,
Q136679331,So What Brass Quintet
Q66425353,Puce Mary
Q6917452,Mother Vulpine
Q20105787,Ara Va de Bo
Q545148,Anhaltische Philharmonie Dessau
Q6404217,Kick Horns
Q51029380,Wortart Ensemble
Q6439065,Krosswindz
Q24960885,Kachimba 1551
Q15044792,The Jimmy Swift Band
Q20613781,Bombarje
Q4918615,Four-Mod
Q11245734,Sea*A
Q128466253,Soċjetà Filarmonika La Vincitrice
Q2819070,ACWL
Q56352294,Missionário Shalom
Q12360496,Camerata Universitatis
Q3651312,
Q105342923,The Ebony Hillbillies
Q79246271,
Q28402446,The City and Horses
Q3021115,DeepChord
Q106880601,Secret Band
Q28405584,The Blind Shake
Q2840821,Amadeus Tappioka
Q61404583,
Q27655304,Arms Aloft
Q16967266,Ploiești Philharmonic Orchestra
Q10637451,Pools orkester
Q110130682,The Great Excelsior Jazz Band
Q47169108,Jay-Z and Kanye West
Q5246879,"Dear Jane, I..."
Q3043495,Démocrates D
Q2028617,
Q124497082,Rides In ReVellion
Q4066802,
Q105438544,Beddy Rays
Q106707333,Ulysses String Quartet
Q97206249,A Tuti Plain
Q9161740,Atomega
Q5288897,Dolce Vita String Quartet
Q7813372,Toimii
Q1955915,DDF Crew
Q7731808,The Elizabeth Shepherd Trio
Q3777402,
Q2725735,Symphony Orchestra Bellitoni
Q116619546,Gyumri State Orchestra of Folk Instruments
Q4042314,The Korea
Q3232834,Les Frères à ch'val
Q9360261,Toruń Symphony Orchestra
Q11830810,Public Affection
Q16486836,Grizzly Knows No Remorse
Q3231550,Les Chœurs de Paris XIII
Q15788557,Big Band Liechtenstein
Q1941341,Voisix
Q7742167,The Inspirations
Q4044603,Moving Heroes
Q15053655,The Things (Irish band)
Q16139067,
Q116458114,OR
Q13014546,
Q106483515,
Q139921229,Världen Brinner
Q8031931,Wonderswan
Q63208535,
Q16683673,Yellow hand
Q105637914,Hololive Haato/Haachama's Channel
Q106182051,
Q16161965,
Q60825856,Flame of Life
Q17110717,New Orford String Quartet
Q18414067,Der Kaiser
Q1707345,Orchester Berliner Musikfreunde
Q6606608,Meitar Ensemble
Q21849608,Tom Hagan
Q53155380,
Q2994684,
Q3399353,Portobello Bones
Q109515645,250 piano pieces for Beethoven
Q125243059,Fatal Opera
Q11789245,Najakotiva
Q85978980,
Q139504834,TokimekiFM
Q3355296,Orchestra of Colours
Q6094330,Itchyworms
Q14159614,Heathers
Q133316830,Rum Jungle
Q60852067,
Q4965726,Brian & Tony Gold
Q4050227,Stray
Q107608419,Crescent Trio
Q65057424,Dorita y Pepe
Q55522822,AKB48グループの派生ユニット
Q11705152,Voces y Guitarras
Q22248827,
Q139762525,Winnipeg Free Press Boys' Brass Band
Q6417495,Kit and The Widow
Q19854797,Girls' Sample
Q6971477,National Children's Orchestra of Great Britain
Q114020444,Aidan Simpson and Matt
Q10658833,
Q2905333,Black Buddha Saraband
Q105433357,
Q3474951,Scan 7
Q115622022,Bonemachine
Q61365799,Ingot
Q110830483,Number One Son
Q23541223,Skwatta kamp
Q3357574,Otargos
Q15148593,Lövői Zenekar
Q12275234,
Q105405029,
Q48352333,
Q3547297,UPLIFT SPICE
Q6894808,Moishe's Bagel
Q17021616,The Savage Nomads
Q124392552,The Castellows
Q18720581,Farvel
Q61108024,
Q3522285,The Popopopops
Q11690484,
Q12313067,Frogstone
Q9361525,Trials X
Q10518725,Headbug
Q84608929,
Q7169167,Perlonex
Q129677507,Ugly
Q2001404,Darwin Symphony Orchestra
Q12882132,
Q125177066,The Eminent Stars
Q7618033,Stockholm Saxophone Quartet
Q487771,Wiener Hofmusikkapelle
Q115955971,Wellington Trio d’Anches
Q3005569,Crumble Lane
Q18658926,Helsinki Chamber Choir
Q61365996,Kuartz
Q20107981,
Q10710235,Uppsala blåsarsinfonietta
Q6651100,Little My
Q106940003,Nine Nine Nine
Q13138476,Umberto di Bosso é Compadres
Q2443321,Orchestre de Chambre de Lausanne
Q23541180,Original Swimming Party
Q111685905,
Q4566143,Lazze Ohlyz
Q5067987,Chainides
Q4922169,Black Wire
Q6410646,Kindred Spirit
Q11838626,
Q15830255,Koninklijke Fanfare De Verenigde Vrienden Overmere
Q60832932,Magnificent Muttley (musical group)
Q2205515,
Q12041821,OTK
Q7940108,Volcom Entertainment Vinyl Club
Q5030832,Canadian military bands
Q122053324,Ad Vitam Aeternam
Q130372733,Woolf
Q24836161,
Q20105869,Mai Toquem Junts
Q15052685,Young Kato
Q27609638,Mosquera Celtic Band
Q10538389,Itchy Daze
Q16698589,
Q85794504,Prime Time
Q48698449,Air-sea Dolphin
Q18221838,No arashi
Q5130557,Cleaner
Q18223985,Letargo
Q24912028,Skald in Veum
Q126360850,Lip Critic
Q1955573,Lunatic Society
Q139762575,Hamilton Temple Band
Q182321,Stendeck
Q126126586,San Jose Taiko
Q12047588,Pueri gaudentes
Q3790934,
Q18423827,
Q56356292,
Q9276322,Gribojedow
Q60828172,Valle de Muñecas
Q109925380,
Q16839549,Golden Retriever
Q10298783,
Q5069512,Chamber Music Northwest
Q131402391,
Q1194127,Imperial Vengeance
Q56318111,Orquesta Filarmónica Municipal de Guayaquil
Q65038036,TRE
Q61102208,Firezone
Q11854577,
Q1257848,
Q16158432,
Q15105415,Klapa Trogir
Q10489107,Eskju Divine
Q86665979,Le Anime
Q5245184,Dead Famous People
Q24903038,HERE
Q28181146,Pollard’s Lilliputian Opera Company
Q136419465,National Youth Orchestra of Kenya
Q3054852,
Q25459629,Fukushima Kodály Choir
Q5521878,Garageland
Q20685267,Ravenhill
Q137455929,Innomatix
Q7301011,Real Ones
Q12162430,Trystavisim
Q115973911,Cello Republic
Q6018369,Mozaik
Q105686931,
Q65086154,Yumi Zouma
Q5860634,Ferrara Ensemble
Q17141167,Flashmob
Q5910641,Hot Zex
Q20421900,
Q101094339,
Q2926157,Brooklyn
Q16962274,Outloud
Q13026686,
Q16922524,BOP
Q139762521,Winnipeg Citadel Band
Q22689030,
Q12054946,Sly Rabbits
Q5123084,City Chamber Orchestra of Hong Kong
Q5308444,Dropbears
Q52215790,
Q110895213,Winnipeg Youth Orchestras
Q112751443,Dev-a
Q48700560,The Sonic Dawn
Q6738241,Major Major
Q106292026,
Q11960670,Bergen Philharmonic Choir
Q86739452,YOBAI SUSPECTS
Q138028369,Undeath
Q1870710,Lost in Desire
Q1076558,
Q9390625,"Zespół śpiewaczy Zakukała kukułecka"""
Q65271274,The Tokyo Chamber Opera Theatre
Q7015762,New Zealand String Quartet
Q13023461,Stone Metal Fire
Q5962116,
Q3417963,Rajas
Q31075325,
Q7794357,Thomas Tantrum
Q18206490,Droïds
Q99670693,A. Swayze & the Ghosts
Q2843436,Aming
Q7729075,The Dash
Q23425674,OK Band
Q138034634,
Q12062322,999
Q7539993,Sleepyard
Q6978416,Lama Alpaka
Q137591550,Black Gorilla
Q25450899,
Q55458826,Trío Los Cóndores
Q131950308,Music-Band SPGL
Q15712749,ATOS-Trio
Q5588598,Govenaires Drum and Bugle Corps
Q7193655,Pikes Peak Ringers
Q125389043,Massivo
Q63208484,
Q10846549,
Q55604612,BAT!
Q4093378,Bonch Bru Bonch
Q10659223,S.U.M.O.
Q25469124,
Q16089091,
Q6061401,Rebel Moves
Q55612381,Gaylord
Q6018861,"Lisa, Amy & Shelley"
Q913873,"Orchestra of the Teatro alla Scala, Milan"
Q25401451,Music for the soul
Q130407743,as1one
Q57909444,Racine
Q64995027,Andy Scherrer Quartet
Q5684386,Hawaii Slam
Q7449955,Senakah
Q10681655,Streetwaves
Q25438529,
Q117757480,VIS Veritas Aeterna
Q24946518,Long & Junior
Q105529145,
Q7715104,The Axemen
Q10475780,Domenicer
Q4246710,Kulturnaya Revolyutsiya
Q20471107,Los Çatikos
Q1522862,Groningse Bachvereniging
Q55612593,Ghana Armed Forces Central Band
Q11914382,Cobla Orquestra La Selvatana
Q65230833,Pepe California
Q17322086,Hamburger Singakademie
Q1258175,Leipziger Synagogalchor
Q4211513,
Q106548386,ÀTTØØXXÁ
Q137673198,Saturdays At Your Place
Q131011001,Victoria Choir
Q25212903,Scaramuccia
Q61364077,Nahiadance
Q11660234,
Q112225230,
Q19401928,
Q7241562,Presing
Q115621979,Tunnel
Q3388346,Hekiyō Gakuen Seitokai
Q116275430,Dirty Sound Magnet
Q49967303,Cerkveni ženski pevski zbor Andreja Vavkna
Q85995655,
Q104555926,
Q123051802,Grumiaux Trio
Q7438682,Scrabbel
Q12256280,Discipulos de Dionisos
Q20437771,
Q138317467,Erotic Dreams
Q5104926,Chor Leoni Men's Choir
Q2415981,Theatre of West Pomerania
Q12004462,Svæveru
Q55523602,SparQlew
Q130066069,Andre Pettipas and the Giants
Q84939502,Ed Young Trio
Q120648003,University of Louisville Wind Ensemble
Q2816418,38 Dub Band
Q124472975,
Q28232708,Black Light Orchestra
Q7939190,Vocal Tempo
Q140263880,Dante Noxe
Q18435451,
Q10422136,Attack Over Grace
Q16246710,The Banned
Q20823665,The Profets
Q60986311,KIS
Q16458927,
Q25351870,Roots Revival
Q106460896,
Q11064843,Quanta Philharmonic Orchestra
Q48719906,Time Machine
Q31188030,Voltaia
Q105883546,Lizzie Borden & the Axes
Q12253344,Ameslariak
Q10685210,Svenska Showorkestern Phontrattarne
Q64853815,Al Pesto
Q104205895,ERT Contemporary Music Orchestra
Q7748898,The Love Decree
Q16863135,OneLittleKiss
Q11281015,
Q138773628,ENONA Vokalensemble
Q122574128,Suzie True
Q7808182,Tingstad and Rumbel
Q126090397,The Calabash Band
Q50360069,Amandla
Q7405707,Saloon
Q5422781,Eyeopener
Q85806679,The Bushwhackers
Q132398857,
Q17770709,Fatah Morgana Quartet
Q131395562,
Q11244132,Special Others
Q18237354,Aphrodite
Q16020974,Amañ octet
Q16517702,Barbárfivérek
Q5251054,Def La Desh & The Fresh Witness
Q9203174,Dedli Swim
Q4690261,Afrocuba
Q111799625,Radio City Music Hall Orchestra
Q22032231,El hombre misterioso
Q1338801,Roboti
Q137918432,Hand to Earth
Q1508040,Münchner Chorbuben
Q96381874,I Will Never Be The Same
Q12375418,Suisapäisa
Q11692502,D-Bomb
Q105071221,
Q123169441,Grünen
Q56275166,NYPD Police Band
Q11280489,
Q122926866,Huck
Q28453338,Witching Waves
Q5448265,Filament
Q9192009,
Q56342776,Ultimo Mondo Cannibale
Q5755302,High Dependency Unit
Q5583510,Goodnight And I Wish*
Q139602586,Weston Silver Band
Q20684967,New Waters
Q16423980,Q4U
Q15637042,
Q25628954,
Q7207123,Podsdarapomuk
Q21426164,Ten Commando
Q12486978,Jagostu
Q5017303,Cage9
Q48698473,Noiseshaper
Q110069398,
Q65071504,Smallworld Smallband
Q25021944,Tonto and the Renegades
Q2094688,
Q11855450,Collegium Musicum Turku
Q12745992,
Q20561457,Lik Ha Lik
Q1144875,Singapore Symphony Orchestra
Q2887838,Cardenales de Nuevo León
Q3232466,Les Escoliers
Q642730,Six Organs of Admittance
Q6456903,L8R
Q15052672,New Opera Singapore Limited
Q10602835,
Q106463343,
Q61388993,
Q24947376,Singin' Birds
Q4315159,
Q98446206,
Q12112263,
Q10424008,Babian
Q116922153,Opus Orchestra
Q65102980,Republic of China Army Band
Q28408399,Paradise Bangkok Molam International Band
Q109469924,
Q120734792,L'Escandihado baussenco
Q17144682,Thantifaxath
Q61950092,Artisti uniti per l'Abruzzo
Q28464962,Los Gemelos del Sur
Q63208496,
Q10567931,Little Big Adventure
Q7749800,The Mallett Brothers Band
Q7249609,Prolifik
Q9138745,Accademia dell'Arcadia
Q61101101,
Q139676179,Clarkson Brass
Q113746846,
Q7777139,The stiX
Q56410705,QSS
Q106699486,
Q124219561,VVV Trippin'you
Q16324700,The Ivytree
Q9360584,
Q18150613,Dimma
Q99542339,Georgia Children's Chorus
Q3331756,Mystria
Q136373213,Ramona
Q9394880,Łyczacza
Q131547231,Ostravský rozhlasový orchestr
Q4139578,The Matrixx
Q4281940,
Q10578524,Mattias Alkberg BD
Q15052718,The T.S. Eliot Appreciation Society
Q3147000,IV My People
Q11950011,
Q10510831,Gunnar Källström & Fridens Liljer
Q10393985,Wonkavision
Q16997669,Jeff Hart and the Ruins
Q7310840,Relativity
Q61361892,Arakajun
Q65119520,Position Normal
Q61361756,Orgasmic Toothpics
Q5211464,Dallax
Q12263929,
Q12021500,Ilmo Smokehouse
Q10437175,Bubu & C.o.
Q1028606,Camerata Musica Limburg
Q16620017,Zespół Pieśni i Tańca „Kielce”
Q65255612,
Q10401420,
Q61747623,
Q85874405,
Q118675344,Jan Garbarek Group
Q107329201,Blackfang
Q18712367,Joe Russo's Almost Dead
Q10668922,Sista skriket
Q28665966,Glinka Opera and Ballet Theatre
Q111715572,Przyjaciele Karpia
Q122926858,Dorian Pimperne
Q15187717,ByTheWay
Q139822815,Burner Herzog
Q28609273,
Q5298627,Dorothy Shaw Bell Choir
Q121761661,Eliza and the Organix
Q7767874,The Tables
Q13138675,Wim Beckers Groep
Q104873709,Chubby and the Gang
Q3231095,Les Booze Brothers
Q138747702,Tom Wills
Q124378020,Alcatraz
Q19560755,Hometown Boys
Q12267372,Sharon Stoner
Q98446208,
Q10634968,Pocketful
Q9366971,Ur
Q7557558,Soleil Moon
Q3078536,
Q26003106,Duo Enarmonia
Q24521592,The Young Novelists
Q2378827,Sächsisches Vokalensemble
Q16139498,
Q11280778,
Q6352428,Kali Mutsa
Q12572976,
Q57830601,4 For The Show
Q19967328,Bingo~re Bongore
Q20684369,The Killjoy Club
Q116918615,
Q56404503,Lonely Woman
Q5652971,Happy Peanuts
Q12726672,Dies Irae
Q4336497,Оркестр креольского танго
Q124654908,leroy
Q15710638,Budapest Strings Chamber Orchestra
Q116921157,Brisbane Chorale
Q15053095,missFlag
Q106545677,
Q12263187,Martxoak 31
Q16531036,BaliMurphy
Q113714552,Soul Glo
Q10484253,
Q105761334,
Q6757002,Marching Band
Q111630912,
Q3103937,Gerard
Q116600562,
Q7661418,Symphonic Orchestra of Dushanbe
Q12794018,Kontrabant
Q6773258,Marseille Figs
Q11736676,Kasa Chorych
Q132752522,Crosskeys Silver Band
Q113076470,Liederliche Lesben
Q5373496,Emmet Spiceland
Q20407776,Thunā'i al-'Āṣima
Q39024412,
Q32361687,Agon
Q65043087,IRS
Q17099659,Type V Blood
Q11240434,RADICAL FREAKS
Q127418057,Black Water Rising
Q105223396,Grívf
Q122926918,We Are Match
Q5612175,Grupo Aguakate
Q56405509,
Q2370127,Hanine Y Son Cubano
Q22959767,Smilo
Q17496718,Sympho-Nick
Q7743898,The Justice of Suffering
Q69104759,Mamie Smith’s Jazz Hounds
Q10620391,Paris Bis
Q11235938,NO☆GAIN
Q10695656,The Lower Third
Q4053108,
Q6966779,Nash Ensemble
Q65944789,White Hospital
Q128767942,Badila
Q22130418,Q-MHz
Q24839221,
Q138773273,きのこオールスターズ
Q42563485,Lovebites
Q69810924,Diamants Éternels
Q3862247,Montefiori Cocktail
Q2160547,The Kids
Q16239479,End of Level Boss
Q28899442,Every Day6
Q124613671,3rd Nation
Q5130165,Clayton-Hamilton Jazz Orchestra
Q67154301,Ian Van Dahl
Q116736532,
Q15977323,Il Tempio delle Clessidre
Q140089335,Go!
Q106868423,The National Opera of Wellington
Q11229812,Language
Q21130632,Rollaug
Q626629,Sarband
Q135440748,Gold Celeste
Q122926848,Cannibale
Q139757296,Chilliwack (Squiala) Brass Band
Q135441372,The Right Light
Q17283470,Squarewave Orchestra
Q18290049,Försvarsmusiken
Q7849101,"Träd, Gräs & Stenar"
Q65015812,Christy Doran's Sound Fountain
Q110895123,Cambridge Symphony Orchestra
Q20065494,Ai Laika!
Q136327802,Chengdu Symphony Orchestra
Q6517314,Legacy of disorder
Q10710242,
Q61365078,Kau Kori Kura
Q16957719,Nexus
Q136389778,
Q4637975,43zla
Q12162102,Toster
Q10900684,
Q124004690,Grupo H-100
Q60269711,
Q2171027,Showband Marum
Q61693702,¡Cubanismo!
Q25411599,Misteria
Q109599884,
Q2815794,2manyDJs
Q65028628,Counterpoints
Q25056872,Air Swell
Q18163811,Sinezamia
Q7770014,The Travellers
Q5432398,Fallingice
Q139759858,Voice Coils
Q124483451,
Q7395251,SYC Ensemble Singers
Q60729790,The Scills
Q65245113,Sizzlebrothers
Q16111346,Slavonia Band
Q4781451,Appliance
Q16968255,Random Recipe
Q85863547,-KARMA-
Q6747136,Manawatu Scottish Pipe Band
Q113551562,L'Yriade
Q20683901,Brothers in Blood
Q4412518,
Q106153927,Moontower
Q10572728,Låt 3:e örat lyssna in & 3:e benet stampa takten
Q29467613,The Dirty Nil
Q124988499,
Q110069443,
Q123240982,Made to Break
Q90411224,Aden x Asme
Q5389553,Erisioni
Q83434973,J-Misá
Q3802507,Isifi Lokole
Q4253126,
Q7457485,Seven Summers
Q17002804,Southside of Bombay
Q3339615,Nice Girl Project!
Q18455695,Superbad MIDI Breaks
Q11897262,The Opposition
Q9294276,Hołd
Q6435769,Krace
Q11248791,THE FOOLS
Q133281285,Santiago Philharmonic Orchestra
Q14554881,Hijackers
Q120692016,ikkubaru
Q20620775,Irolt
Q1865870,
Q1055936,Hot R. S.
Q5968348,IAMMEDIC
Q130633080,The Saudi National Orchestra and Choir
Q12032032,Martinů Quartet
Q65007314,Xaver & Jules
Q2288973,
Q118641088,
Q118095332,Dev-e
Q5365443,Ellinor Skagegård & 5th Season
Q132861177,Wrld Tour Mafia
Q17500639,
Q98400550,Estanzuela
Q123717241,Picture Parlour
Q12728894,GENERIC
Q55394316,Modern Howls
Q23798957,The TED Staff
Q16403851,
Q6393046,
Q5452495,First Base
Q17049252,Stardust
Q3398695,
Q96380078,HBCU band
Q1644324,Kathrin und Peter
Q19907453,
Q139762649,Richmond Cornet Band
Q115618705,
Q124052554,
Q110069320,
Q65053485,The New Respects
Q2396240,Torgeist
Q65254787,
Q97193146,Budapest Chorus
Q135840274,
Q4161772,Dynamic
Q79054050,Jumpstarted Plowhards
Q42310331,Reverend Ken and the Lost Followers
Q5205598,DMBQ
Q10550586,Kurt Olvars Rebeller
Q630249,Trebunie-Tutki
Q3359339,P'unk-en-Ciel
Q1870502,Los Helmstedt
Q65012988,Len Sander
Q85751362,Chaika
Q109742964,HoloX
Q7230258,Porodična Manufaktura Crnog Hleba
Q10695756,The Products
Q125565556,Les Itinérantes
Q55470820,Dúo Tami-Castro
Q124497070,
Q10695453,The Change
Q105687813,
Q4053046,
Q19852692,
Q5348891,Eifo HaYeled
Q31189063,Anai Arrebak
Q10663879,Science Poption
Q108525922,RURA
Q11229372,LOST IN TIME
Q17333792,Daniel Cros
Q166229,Gemischter Chor Jakob Petelin Gallus
Q42397395,Lyonbrotherz
Q51151753,Rocket Juice & the Moon
Q17060436,IGU
Q104791963,
Q122712389,Magazine Beach
Q1212052,Die Edlseer
Q85769112,Imperial Wax
Q5260468,Bergville Vuka
Q1250784,Dortmunder Philharmoniker
Q20968873,Samson & Gert
Q7876159,UW MadHatters
Q59503837,Ac Eraill
Q708259,Comedian Harmonists
Q4247715,
Q3234515,Les Païens
Q16081687,Deep Purple 25 Years Anniversary World Tour
Q137383104,
Q15053476,Taxi Violence
Q10472185,"Die, Emperor! Die!"
Q21141266,Outspoken
Q9281240,Grupa I
Q85864910,D-selections
Q60750949,Juan Karlos
Q24870218,
Q4304487,Most
Q6186501,Jesse Jordan Band
Q129738199,wonder channel
Q106283797,
Q12297702,
Q134053329,Angels In Amplifiers
Q111326814,Bronco Marching Band
Q9570559,Academia Almadense
Q139558965,Modern Error
Q3527979,Ti Jaz
Q9390311,"Zespół Pieśni i Tańca Uniwersytetu Rzeszowskiego Resovia Saltans"""
Q115862345,Teenage Dads
Q11192855,C.O.M.P.
Q6582371,Szeged Chamber Orchestra
Q2467162,
Q9248298,Dzieci Kapitana Klossa
Q104846869,Gray
Q7744967,The Kry
Q42748008,Ex machina
Q3520840,The Fantastic Baggys
Q12691007,
Q18392400,Splash
Q11969816,Foyn Trio!
Q2799286,Salzburger Liedertafel
Q51029405,The Committee
Q25092479,Master Musicians of Bukkake
Q31886871,Bortalaget
Q84939511,The Harris Family Gospel Singers
Q3522394,The Rabeats
Q18816535,Flottans musikkår i Stockholm
Q5161186,Conjunto Kiñewen
Q104575706,
Q107599313,Since September
Q63220281,Killdozer
Q12127682,Sunrise
Q1208007,Diabolos Rising
Q16097029,Daegu Symphony Orchestra
Q114027145,No More Lullabies
Q65209837,
Q18690290,
Q131872968,Ivory Duo Piano Ensemble
Q112977032,
Q132296446,The Allusions
Q11240575,RAZORS EDGE
Q4083671,
Q111436772,
Q11690487,Choir of Białystok Technical University
Q1543089,Pocket Opera Company
Q1034844,Cappella Giulia
Q119167176,
Q138036298,
Q890872,The Fountainheads
Q17500464,
Q110285526,Sonans
Q9078368,Soak
Q20107011,
Q19935255,
Q11306490,The College Operahouse Orchestra
Q139762533,Edmunston Girl's Brass Band
Q111716798,Przyjaciele Karpia
Q17211599,
Q107137531,Zveroboy
Q21600085,Stamic Quartet
Q10551366,Kylans Rockorkester
Q11524473,
Q10316632,
Q90483858,Ensemble vocal européen de la Chapelle royale
Q11790850,New Day
Q5398149,Eskimohunter
Q894337,
Q16503725,Bofors Musikkår
Q96210270,Drew Holcomb and the Neighbors
Q16130467,Right Rabbit
Q2660364,Brutal Begude
Q105047427,
Q12871925,
Q109416920,Kamchatka Choir Capella
Q15931646,
Q7199053,Pitsj
Q114876077,
Q122920477,
Q18812679,Jour Majesty
Q55466328,Cuarteto Del Centenario
Q7294392,Rapture Ruckus
Q5953068,Hybrid Artworks
Q109409694,Dawn Ray'd
Q27962853,Slow Hollows
Q16240119,Ziwo jiaoyu
Q7705944,Testube
Q12981951,Sunwill
Q24900731,MAKUTA
Q7426822,Saturnalia
Q65016945,Gisela Horat Trio
Q17010661,Chloë and Jason Roweth
Q19955613,Ensemble Clematis
Q10403858,
Q131275139,
Q7487635,Shamrock
Q138795858,
Q5532161,General Rudie
Q2558637,Handel and Haydn Society
Q15708435,Nükleer Başlıklı Kız
Q13426296,Destroid
Q139972284,Penknifelovelife
Q5304617,Drabness
Q3495088,Dan D
Q134702826,Kiiras
Q134311220,Vavo
Q121841368,Ranger Maid
Q3050588,Electrod
Q16644063,
Q108078606,Seminary Kantorei
Q12308317,
Q106543341,
Q12392102,LosDelGás
Q7827379,Torturer
Q4049073,Satan on Fire
Q11633789,Toyohashi Symphony Orchestra
Q4443373,Strannye Igry
Q61057273,Sokoninaru
Q121360668,The Bushwackers Band
Q11757635,Lion Vibrations
Q122010350,
Q3054871,Orchestre Régional de Basse-Normandie
Q6651538,Little Red Wolf
Q3156650,J'aurais voulu…
Q20666491,Dazibao
Q125447735,Gentri
Q3406152,Pro Arte Singers
Q14934735,Askra
Q132067654,Electric Avenue
Q15983695,Empty Yard Experiment
Q10503157,Garp
Q4920008,Blab Happy
Q7229068,Pop System
Q108134681,
Q55238639,Starfire
Q122926876,Les Chevals
Q1280731,Echo-Echo
Q3633909,Italian Army Band
Q3448789,Poslednja Igra Leptira
Q7317059,Retrospect Ensemble
Q1318033,Schlagquartett Köln
Q15906176,Don & Susie Newby
Q19605472,Electric Deads
Q3885003,Orchestra Castellina-Pasi
Q6125421,Jakokoyak
Q3087325,Freedom For King Kong
Q8049259,Yard Dogs Road Show
Q123475419,Asio Kids
Q11314184,
Q61107940,
Q27817218,Keith Top Of The Pops & His Minor UK Indie Celebrity All-Star Backing Band
Q7664009,Syzygys
Q110072317,
Q85965476,
Q109595499,
Q10972849,Metin & Kemal Kahraman
Q30947407,
Q11853737,Ayde Mori
Q16688534,MainstreaM
Q3572060,Yeallow
Q109469900,
Q7093372,One Week of Days
Q10426773,Basically the Same
Q22121794,The Preachers
Q65028560,Morgarten
Q6998991,Atraf
Q25212068,Vesuvius
Q104203776,Symphony Orchestra of El Salvador
Q7548550,Snowcake
Q18396446,Alla Kostina
Q10611086,
Q115621995,Riverby
Q2749882,Minimum Serious
Q24911614,432 Chamber Orchestra
Q16543286,El Charro
Q18238805,Felix Zaltaio & Lindh Van Berg
Q18221881,
Q6811843,Melbourne Opera
Q7923244,Veslefrekk
Q11968685,FemFemten
Q11242072,Romeo
Q57830598,Music Gallery
Q12170619,
Q110069465,
Q110234471,3-nen E-gumi Utatan
Q20880846,Trio Los Condes
Q2855012,
Q56313354,
Q13382587,Massar Egbari
Q57457782,Immigrantes
Q3074631,Flying Tractors
Q7776839,The Youth
Q96409714,The Widow Babies
Q109321838,Ginger
Q104603310,
Q111611113,
Q12005992,Theo
Q11751026,Kulturka
Q133855775,Neon Union
Q4042022,
Q99565505,
Q12212241,
Q2945018,Tamboer- en trompetterkorps Ahoy Rotterdam
Q12645997,Čuvari parka
Q924936,Oruro Symphony Orchestra
Q31188437,Nothing Box
Q3076485,FC Apatride UTD
Q11287726,
Q106930563,Johnny & the Jumper Cables
Q65203744,Els Folls
Q16114635,Klapa Iskon
Q96373806,Border Security Force Camel Band
Q4223519,
Q31189105,Zein da Zein?
Q43279213,Lapland Military Band
Q124416552,Lassnitzer Dorfmusikanten
Q55701004,
Q11792665,Nocna Zmiana Bluesa
Q119150048,Dilaw
Q39047458,New Town Animals
Q125161002,Toxic Waltz
Q139891154,Penelope & The Parasols
Q131766045,Caesaria
Q85999358,Srbski pravoslavni pojci
Q2992688,
Q106831800,The Vandykes
Q4041770,Jah Division
Q6836502,Ma'ain Ze
Q4034959,Beerocephals
Q18342224,A29
Q125177672,Potential Threat SF
Q7109996,Ottottrio
Q24887158,Dimestore Hoods
Q139780487,ARKis
Q56073102,Schweizer Jugend-Sinfonie-Orchester
Q48791582,Hoops
Q10342010,Os Lunáticos
Q5594673,Grand Incredible
Q11980355,
Q131808095,Southeast Desert Metal
Q3098392,Garlic Bread
Q11835729,Scholares Minores pro Musica Antiqua
Q140026791,Wray
Q16545230,Filipy
Q131449880,
Q28688506,Frontpagestory
Q60747336,Yacht Rock Revue
Q6410737,Kinetic
Q133799777,
Q15847327,Seti
Q28677697,
Q10518538,Hate Is Just A Feeling
Q122926919,Yīn Yīn
Q43527138,Guldgurkorna
Q5070196,Champloose
Q47491937,Zolki Band
Q4322423,
Q120335652,
Q55599047,Ping Machine
Q6945121,My Brother The Wind
Q56352243,PLASTICZOOMS
Q12259980,
Q61069327,Mr. Pongo Band
Q55635424,The No-No's
Q11245979,Sherry
Q6772360,Maroon Commandos
Q12755047,
Q1137568,Couperin family
Q65239260,
Q63208452,
Q12269265,Zein?
Q55625567,Nowhere To Be Found
Q7895199,University of California Marching Band
Q7721077,The Camels
Q2028320,
Q11250236,Tuff Session
Q16255126,Sforzata Steelband
Q6705802,Lutke
Q107611389,
Q115941115,
Q2878937,Bagad Bro Konk Kerne
Q110895207,Vancouver Philharmonic Orchestra
Q105677786,
Q1626446,NRG Band
Q96408542,The Chuck Dukowski Sextet
Q28235032,Camila & Haniel
Q30879971,
Q111010581,ROF-MAO
Q6983896,
Q133809820,
Q123862767,Persephore
Q29957483,Kur und Bad Orchester
Q7096237,Open Space
Q20102977,Kontra-Band
Q6087925,Knight Errant
Q7331270,Rick Bryant and the Jive Bombers
Q3373792,Peace Choir
Q17193920,VILILIO FETISH
Q138302137,Rehash
Q134139331,Prima Queen
Q3303908,Medef inna Babylone
Q10615165,Pajala Truck Co.
Q56174754,Cantorion Gorllewin Cymru
Q124656117,I Love You
Q25422567,Social Waste
Q16518518,The Buttons
Q115814102,Tigercub
Q65173848,1Kilo
Q7108836,Otis Waygood
Q65032593,Bucher's Organ Book
Q4160382,
Q136386267,Piccolo Orchestra
Q65064416,Champion Band
Q114056453,The Music Men
Q123907194,Twin Tribes
Q96419365,Skengdo & AM
Q21168782,Hellenthaler Alpenglühn
Q104586042,The Halliday's
Q12889351,D'Zine
Q30526888,Full Trunk
Q2024237,SunSay
Q30916843,Hermanos Mi ñaño Naranjo
Q28406965,The Marching 101
Q15932968,
Q15847653,
Q7259765,Puma
Q106574573,
Q131688888,
Q6039378,Nox Aurea
Q7634434,Sueño Latino
Q810399,Basler Gesangverein
Q4042039,Kaizen
Q101558825,Kardosch-Sänger
Q105424363,
Q12404891,Gazoz
Q7080496,Oh My!
Q60028634,Los Xey
Q76846924,The Know
Q20568292,
Q11501289,
Q105080509,Banda de Música de Aboím da Nóbrega
Q4051321,The Telescopes
Q5141457,Coil Live
Q5019876,Calico Sunset
Q115641548,Spark 'N Cinder
Q5882930,Hollywood Sinners
Q123291589,Tomb Mold
Q129634476,"Macédonius, Théodule et Tacien"
Q4036471,
Q3041394,Duo Caron
Q1955264,Musikverein „Cäcilia“ Herrlingen
Q812405,Bavarian Chamber Orchestra Bad Brückenau
Q1881607,
Q61365539,Montauk
Q2724683,"Koninklijke Fanfare ""ULTO"", Winssen - Ewijk"
Q22128653,"Eeny, meeny, miny, moe!"
Q25424821,Schnodig
Q24939158,La Mixture
Q16639421,Gomez et Dubois
Q1395543,Fanfarenzug Holsterhausen
Q1406246,Ferhan and Ferzan Önder
Q106211657,
Q10260647,Coro Académico da Universidade do Minho
Q6898830,Mondsucht
Q124516435,Green Hornet
Q2875063,Aza
Q104370520,Áššu
Q11930571,
Q6188760,JetRockers
Q11975876,Hot Dogs
Q7714937,The Australian Voices
Q5274369,Die Grafsteensangers
Q2687107,
Q10560811,
Q25351759,DIL
Q99308883,The Ex-Girlfriends
Q10341609,
Q139762573,Dyson's Silver Cornet Band
Q4947731,Boston Archdiocesan Choir School
Q19705629,Kiwi & Tess
Q65055942,The Components
Q15044908,Munroe Effect
Q110588939,Envy of None
Q25519049,Emajõe Laulikud
Q2352713,
Q97460721,Weller-Quartett
Q136558401,Peter Kreuder and His Orchestra
Q2022187,Queen Elisabeth Music Chapel
Q30594908,Nuclear Chaos
Q11893247,Shadowplay
Q11826164,Poznański Chór Kameralny
Q1538751,Gothaer Kinderchor
Q24950922,Rosqo
Q10483151,Empty Hearts
Q63347383,ViVii
Q1564052,Kolibri Choir
Q17021600,The Presidents
Q478511,Amsterdam Baroque Orchestra & Choir
Q112176327,
Q110069564,
Q134889725,Undefeated
Q11311492,Scrap Metal
Q98100706,Hats Off Gentlemen It's Adequate
Q65084070,DCappella
Q30917154,Recarga
Q56347923,Glamscure
Q6012175,Mexicanto
Q138036276,
Q123388946,Syracuse University Bands
Q104843942,Fraser Union
Q59799254,
Q48775301,Repercussions
Q135943649,
Q19971792,Navy Band Kiel
Q61365749,EraBatera
Q135285167,Aristotle University Orchestra
Q11975951,Howard & the White Boys
Q135399844,Lights of Vimana
Q16906218,Naked
Q13036452,Zinkplaat
Q1819936,Leopolder-Quartett
Q121006518,Kilian & Jo
Q133837251,Fibonacci Quartet
Q85746020,Bayaan
Q80769038,Tea Cup Gin
Q12766732,Haviar
Q13577825,The Hong Kong Children's Choir
Q11306189,Sata Andagi
Q11744011,Kosmetyki Mrs. Pinki
Q56349005,
Q3726182,Ensemble Scintille di Musica
Q9191976,
Q110069318,
Q7396848,Sackville
Q1800873,Schneeweiss und Rosenrot
Q117007087,
Q137456000,AvooStudios
Q25558048,
Q136679976,Kitakami Philharmonic Orchestra
Q9391007,Zielone Żabki (band)
Q9053246,Symphony Orchestra Camerata XXI
Q9144643,Alchemik
Q85865907,
Q140119163,Destroy Man & Jhonygo
Q31188020,Izaki Gardenak
Q136388334,Frozen Soul
Q131415269,Friedberg
Q12005928,The Snake Decides
Q20112063,
Q12680937,SMUT
Q4914242,Binghamton Crosbys
Q6459737,Dzieciuki
Q55605416,Big House
Q104881511,Makari
Q2854710,Netherlands Wind Ensemble
Q3885010,Mediterranean Orchestra
Q10394892,
Q21583944,Kiasmos
Q4400510,Russkaya pesnya
Q65035022,Kukuruz Quartet
Q110138388,Tours Opera
Q105477299,
Q4827097,Autozamm
Q12077267,Philharmonia Orchestra
Q109556869,
Q65007771,Grüüveli Tüüfeli
Q6847041,Mike Got Spiked
Q31359667,
Q136349325,Sinfonietta de San Francisco de Paula
Q4048386,
Q125161156,Scumbag Millionaire
Q132551254,
Q11549983,
Q3038320,Downless
Q20070878,
Q106689942,Athens Philharmonic
Q131350556,
Q135422788,Duo NIHZ
Q122927017,Minou
Q11374818,Kyoto Philharmonic Chamber Orchestra
Q29551593,
Q8026188,Winter & Williams Band
Q133860749,Mouraine
Q3500919,Full Diesel
Q106696107,Another Michael
Q54958539,Transcendence Gospel Choir
Q110069586,
Q3879238,Nucleus Torn
Q7738659,The Halifax III
Q18242338,Happydeadmen
Q111832528,
Q123171913,
Q6426639,Kokin Gumi
Q84428684,
Q7488493,Shanghai Quartet
Q96410838,Trinary System
Q3520654,The Dolls
Q3574734,Zampano
Q107599802,
Q1242822,
Q10290729,Gothica
Q89428485,
Q5877365,Geoff Mott and the Mottoes
Q5308681,Drowning Craze
Q25303340,Port Harcourt Male Ensemble
Q122926901,Temenik Electric
Q112688609,BBC Northern symphony orchestra
Q85847669,The Blackberries
Q48700880,
Q31836064,Hella Heizmann und ihre Rasselbande
Q16413211,
Q138942717,K-Nitrate
Q6899661,Mongolian Philharmonic Symphony Orchestra
Q12960596,Xanax
Q3256583,Lito y Polaco
Q7755478,The Other Guys
Q10672786,Snöras
Q13654810,
Q3542567,Twisted Charm
Q16164908,Brooklyn Zu
Q113076466,Aqueerious
Q7045048,No Sweat
Q10543158,
Q19560606,Greater Victoria Police Pipe Band
Q65227779,BlooDye
Q61666351,Mzansi Gay Choir
Q11675541,Kamogawa
Q7127058,Pale Forest
Q7562660,Sookmyung Gayageum Orchestra
Q7564339,Soul Syndicate
Q6759037,Marfil
Q102213413,Ivnniiguin
Q16826367,Chasing Ourselves
Q29693507,Die Bayerischen Jungwölfe
Q16844133,Hog Hoggidy Hog
Q50484878,
Q110572800,Le Petit Bayreuth
Q2404975,Die! Die! Die!
Q136174970,Jordyn with a Why
Q28405179,Barcelona Guitar Orchestra
Q3520231,The Catch
Q120728229,33 Masterchefs of Belgium
Q4224400,
Q10695508,The Dontcares
Q108271880,Zartipo
Q15850560,The Tattoos
Q113076495,RosaCavaliere
Q124287640,
Q130382666,The Dirty Disco
Q20982261,Apsny 67
Q5210074,Dakrya
Q1989035,Magnate & Valentino
Q18236734,
Q4408802,
Q7591498,St. Petersburg String Quartet
Q20065493,Aeternus Prophet
Q1983145,
Q20685103,PDK
Q4827554,Avalon
Q6907649,Moonbabies
Q17192186,
Q60999834,Lira Sanjoanense Orchestra
Q51955146,
Q16438819,
Q11239309,Paix2
Q109469215,
Q20155597,Zefur Wolves
Q65079148,Binghamton Philharmonic
Q4827202,Autumn owls
Q9341402,Stan Oskarżenia
Q111715568,Przyjaciele Karpia
Q7119324,PICK-UP
Q126951038,Operation Re-Information
Q2287057,Simentera
Q18626918,Vanemuine Symphony Orchestra
Q99485126,Leave The Planet
Q6826661,Ezzat Abou Auf & 4 m
Q16847858,Instrumental Quarter
Q5533458,Genocide Superstars
Q9323016,Roxa
Q132781257,
Q48812807,
Q7576036,Spencer Dyke Quartet
Q7390560,SJ Esau
Q138818320,
Q12168258,
Q11688677,Boston Gay Men's Chorus
Q3422630,Recycler
Q130386345,
Q65196253,Junior Brielle
Q130634038,White Wolf
Q123038147,Crooks & Nannies
Q136694899,Orchestre de Sendai
Q56274249,Alexander Search
Q55114644,OHMME
Q11306716,The Blessin' Four
Q4917004,Birth Through Knowledge
Q123437828,
Q65229049,KAZUKI & NAOTO
Q9371006,Warganism
Q11921087,Estudi XX Cor
Q105638430,
Q118900985,The Entitled Sons
Q60999607,Like
Q3480789,Vømmøl Spellmannslag
Q24863074,
Q85967296,
Q7771775,The Upgrades
Q17149278,State of Negation
Q22100331,
Q10637503,Popkollo
Q65158099,
Q21040723,Barockorchester Stuttgart
Q2460836,No Vacancy
Q1324304,Trogaz
Q6717210,MP4
Q16866628,Liverpool Mozart Orchestra
Q9358150,The Pips
Q39045514,Jerusalem In My Heart
Q4694980,Aharit Hayamim
Q10319356,Livres para Adorar
Q11999177,Salhus Pinsetten
Q11327465,
Q7643943,Supermarionation
Q33276282,Dark Model
Q7067695,NuBreed
Q110372011,
Q3231858,Les Croquants
Q63526788,
Q71135983,Nordic String Quartet
Q15806304,Don Camillo Chor
Q19380040,Liverpool Scene
Q111599749,MTV
Q140267147,Schola Hungarica
Q65254973,
Q120335523,
Q56300513,
Q48780839,The Winking Owl
Q51360954,The Penguins
Q10846512,
Q9261077,Flykkiller
Q99639196,Muffinhead
Q106382940,
Q30727465,Bella Mondo Africa
Q63346750,USA/Mexico
Q136649432,Φιλαρμονική Κοντοκαλίου
Q33836960,NoMoBS
Q3422029,Recon
Q27817151,The Heard
Q60229361,Error
Q16081138,Prljavi Romeo
Q7296046,Rattus
Q6078409,Acil Servis
Q9248344,"Dziecięcy Zespół Pieśni i Tańca „Mikulczyce"" Q9248759,DzieńDobry"
Q119206197,Erfurt line
Q112124875,Velvet Chains
Q12100403,State Academic Volyn Folk Choir
Q12785347,BHC
Q137587089,Touché
Q4304419,
Q16700398,National Exemplary Band of the Armed Forces of Ukraine
Q137298232,Dutch String Quartet
Q85803949,SugarComa
Q30598259,Yuri Gagarin
Q10686384,Svänzons
Q123579373,
Q13429951,
Q69069608,
Q9293305,Holden Avenue
Q25053807,Fufanu
Q104153041,
Q105268730,
Q64262510,ExHusbands
Q12120330,Madjodo
Q47067201,Mary Dress
Q16614315,Orquesta Sinfónica de México
Q1089682,
Q3492930,Speed Caravan
Q97363700,
Q877640,Cantus Cölln
Q9171513,"Big Band Stodoła"""
Q24886642,
Q114209926,Dordrechts Kamerorkest
Q131648951,
Q7895981,University of North Texas Symphony Orchestra
Q10319824,Loss
Q125910766,
Q3355355,Orchestre Symphonique du Jura
Q16523435,Tudósok
Q18960257,Gestapo 666
Q50364057,Vienna Residence Orchestra
Q5788728,Coro de la Universidad de Sevilla
Q125516516,Jake Vaadeland & the Sturgeon River Boys
Q123136596,The Convergence Quartet
Q11234344,NAHT
Q11195465,DANCE EARTH PARTY
Q7908802,Vainilla
Q127512081,28 North
Q2623459,Syn
Q7880343,Ultra-red
Q61362098,EMe
Q11721348,
Q12641219,Riječka filharmonija
Q124334750,Most Badass Asian
Q112073671,Hipoxia
Q10595314,Necrocurse
Q61362679,Rotten XIII
Q51029889,Martin Brothers
Q109773295,Czernowitz State Philharmonic
Q20745651,Kabukimono
Q4920445,Black Brothers
Q7140673,Partizan
Q134600567,9353
Q4639022,4 AM
Q136406140,Sunrot
Q48049534,Jim Miller and Charlie Farrell
Q25283937,Ifrikya
Q138499097,Salvation
Q31090406,Golgota Gospel Kórus
Q5265496,Det Vackra Livet
Q110465363,
Q11150020,Ju Percussion Group
Q85806823,The Comrads
Q97098348,
Q10496926,Florian
Q12303770,Blackouts
Q56402587,La Soul Machine
Q5359287,Elephant9
Q4393716,
Q10695519,The Elephantz
Q118435194,Arriaga Quartet
Q248426,Zürcher Bach Chor
Q11992416,
Q85979954,
Q26265929,Black Storm Division
Q10538881,Jack Baymoore & the Bandits
Q65030609,Der Verboten
Q6085249,Cemali
Q107192330,Small Jam
Q7375616,Rua
Q12958726,Ni na nebu ni na zemlji
Q85761799,Four Fists
Q106238941,
Q25494630,Israel Netanya Kibbutz Orchestra
Q4904808,Bifrost
Q54855414,Kukushai
Q7742396,The Invaders
Q55294437,Stedelijk Muziekkorps Harmonie
Q113039694,City of Dunedin Pipe Band
Q9344022,Stare Dzwony
Q106725851,Os Quatro e Meia
Q11199129,FIRE BALL
Q4657238,A Handful of Dust
Q105702303,HB Surround Sound
Q4033827,Altar of Oblivion
Q111168972,Dealer
Q139676269,Orillia Silver Band
Q123312434,Black Market Karma
Q11999086,
Q29023799,Yr Eira
Q2247353,
Q131786654,Empty old City
Q106940294,The Flying Squirrels
Q97160193,
Q108690467,The Celebs
Q10398918,
Q7362275,Roman and the Four Steps
Q9368287,Varsowia
Q10669183,Sixten Redlös
Q137697942,The Last Bad Day
Q4868865,Batfoot
Q96217148,The 18th Street Singers
Q2927077,Brussels Philharmonic Orchestra
Q107103784,Perkins Brothers Band
Q117600419,Dazmo
Q104914748,
Q124304186,Kefaya
Q29467612,The East Pointers
Q27831246,Gumpoldskirchner Spatzen
Q85981047,
Q16110591,Agrameri
Q2080758,
Q73483537,I Ragazzi di Arnolfo
Q7939079,Vlks
Q10501765,G-ANX
Q106443032,Lebowski
Q111766793,Donor
Q137795125,Zaria abesbatza
Q3732599,Errors
Q12254827,Base Attack
Q105320038,Abstract Orchestra
Q106253728,Rum Ragged
Q11419702,Shikoku Nikikai
Q12321886,Kings Of Dark Disco
Q20606337,
Q11747908,Grand Philharmonic Choir
Q65128994,
Q8072442,Zino & Tommy
Q6750853,Manning
Q100732881,Dutty Moonshine Big Band
Q134053372,Nerve 9
Q18395536,
Q11882929,Mint Tattoo
Q124322770,The Rocks
Q18278091,Mococa & Paraíso
Q4820975,Augusta Symphony Orchestra
Q7939975,Volapük
Q12274011,
Q16520481,Home Made Asia
Q16591494,Projekt Warszawiak
Q1734665,Kartäuserkantorei
Q2878967,Bagad Lann Bihoue
Q10478724,Dýrðin
Q111678609,The Clingers
Q5527946,Gauze
Q139762658,Fort Walsh Mounted Police Brass Band
Q135721594,
Q16954194,Music for Dead Birds
Q8029004,Woden Valley Youth Choir
Q9166675,Basspace
Q134569854,J.A. Coburn's Minstrels
Q11771869,Max Klezmer Band
Q4453430,
Q107503531,Orchestra Sinfonica Città di Grosseto
Q104787791,
Q13025720,
Q134501142,
Q1242058,
Q3077232,Forgas Band Phenomena
Q22693300,Hanover State Symphony Orchestra
Q127499655,Sister Star
Q96410752,Treasure Fleet
Q109640258,Ayacucho
Q1609906,New Mixed Emotions
Q89429612,
Q7969406,Warheads
Q6930461,Mtiebi
Q1091745,Cie. toula limnaios
Q11994274,Oslo Fagottkor
Q6122911,State Merited Chorus of the Korean People's Army
Q7316035,Rest
Q104623833,
Q12007628,Trondheim Kunstorkester
Q12306751,Culpeper
Q17123107,Fanfarenzug Greiz
Q10269382,E-Jekt
Q134608098,Foreign Hands
Q101006837,Anna Mae Winburn and Her Sweethearts
Q25473791,Street Boys Army
Q2439818,
Q57830594,Penna-Fores
Q3042117,Dyslesia
Q129676647,
Q9289258,Philharmonia Moment Musical
Q105426904,
Q2141415,Boatzz
Q6411673,King Giddra
Q122891676,
Q4463129,
Q65076956,Hey Douglas
Q108028031,The Companions of Saint-Laurent
Q5522501,Gardenzitty
Q136351030,WE Philharmonic Orchestra
Q1195484,Libera
Q25513695,
Q12077265,Dmytro Bortnyanskyi Chamber Choir
Q4889956,Benny Crespo's Gang
Q65143553,
Q30957941,
Q111982396,Plano Symphony Orchestra
Q104849284,Afro Brothers
Q140289086,Croatian choir Ivan pl. Zajc
Q4051611,
Q26960650,Pyxis
Q96374442,Carcer City
Q12644727,Vis Atomi
Q4051509,Tinavie
Q31181983,Kaiser band
Q84137098,Dantzut
Q20067716,Kontrabanda
Q59264427,Quatuor Arod
Q116470757,Cowboy Nation
Q7718149,The Birthday Suit
Q7773578,The Warratahs
Q4584752,Paus
Q16111311,Had
Q28232367,Na Mooneys
Q1253842,Trio Soli Sono
Q19976891,Kompis
Q30645543,Central Band of the Armed Forces of the Republic of Belarus
Q55080893,Max & Harvey
Q94383864,
Q134053382,Secret Mountains
Q106367919,
Q13021276,Vietrio
Q98400263,
Q10525185,Holden
Q7549305,So Hot Productions
Q29023770,Neu Unrhyw Declyn Arall
Q65036867,Wolfman
Q109411797,Donbass
Q13020500,
Q65149821,
Q16424953,Geirfuglarnir
Q9358632,Tia Maria
Q25452764,Yellow Spots
Q99440484,Alice Roger
Q7249071,Project E.A.R.
Q28414966,Fok Ka Ho
Q3321462,"Theodore, Paul & Gabriel"
Q17301695,
Q12746350,Novosadski bras orkestar
Q56377395,Renovación Vallenata
Q99745942,The Green Brothers
Q1952748,Mundstuhl
Q125678778,Arnotto
Q6696909,Lucid 3
Q55465961,"Hermanos Rivas,"
Q118680491,
Q4500160,Haroshki
Q109237042,The Kal-Q-Lated Risk
Q7908481,Vaghy String Quartet
Q13014593,
Q21857065,
Q85863038,
Q139753065,Aiyansh Harmonic Silver Band
Q55532675,
Q104624079,
Q16586443,Kchiporros
Q7914137,Vancouver Chamber Choir
Q136106810,The Spirit of the Mountain
Q115926048,Vivabeat
Q96381295,Household Gods
Q48701687,
Q7298401,Raybeats
Q16058632,
Q61364152,Broken Bihotz
Q110654682,The Rions
Q3032737,Djal
Q7881368,Umboza
Q7300873,Real Compañía Ópera de Cámara
Q136432949,Philadelphia Sinfonia Chamber Orchestra
Q10436942,Brända Barn
Q132606156,Meth Math
Q10691416,Tatuerade Snutkukar
Q12268711,Urretxindorrak
Q7858053,Twin-X
Q7030742,
Q6288566,Josh
Q1420925,Fisnikët
Q18290516,Hardy Nilsson
Q9159985,Armia Cieni
Q31094131,HolddalaNap Zenekar
Q11340328,
Q12027919,Kampanela
Q30591347,Youth Attack
Q6941597,Music Makers
Q20616034,Brongl
Q59197945,The Llamps
Q17232348,KUROI MORI
Q6404499,Kid Kilowatt
Q85878657,
Q19725676,
Q7321917,Rhythm Masters
Q28441354,Autokrator
Q2537040,WDR Rundfunkchor Köln
Q55611640,Fiji Military Forces Band
Q111089867,Keira Is You
Q1189969,Denver Duke and Jeffrey Null
Q7418173,Sanguma
Q104882446,The Paul O'Sullivan Band
Q10481369,Elias & the Wizzkids
Q134375828,Holy Esque
Q74101096,
Q97703975,Lempo
Q7769127,The Threshold HouseBoys Choir
Q109331968,Tatxers
Q126888391,El Moono
Q106832473,The Turbines
Q39059166,National Youth Orchestra of China
Q20652629,Philharmonic Orchestra of Fenice
Q11597526,
Q111031090,The Fisherfolk
Q119382582,
Q821758,
Q61133084,Die Tuindwergies
Q3987515,
Q12290926,Poduene Blues Band
Q61362305,Falta Taldea
Q56034137,Liber Null
Q134624384,Church of Scientology Choir
Q20108419,
Q5250338,Deep Treble
Q109416953,
Q71138126,Neave Trio
Q105480293,
Q56328069,Jazz Band Młynarski-Masecki
Q61403193,
Q25111512,Byron Hare
Q123691902,Los Míticos del Ritmo
Q6050838,Grup Ekin
Q20549147,
Q11894105,Sonus Borealis
Q63198511,Passage
Q19910678,Onego (orchestra)
Q107863093,Tunnelmental
Q122920538,Mazzocchi family
Q61063632,
Q12759577,
Q130312404,Folklorna skupina Stu ledi
Q113027158,
Q11969540,FordRekord
Q18245803,Sjukstugan
Q5196739,Cute
Q17220665,
Q64022009,Blackbird
Q16307429,
Q2647737,Snook
Q136384807,La Madrileña
Q6494114,Last Amanda
Q120500051,Las Trelhos Mountblanencos
Q62023041,
Q10958848,
Q139762628,Wabigoon Brass Band
Q12256365,San Sebastián Municipal Band
Q23833545,Ensemble KONTRASTE
Q96373905,Branden & James
Q137604334,Legss
Q13018249,
Q85308110,Abrupt demise
Q16408695,
Q135420241,The Cabin Kids
Q7814009,Tokyo Union
Q25535852,ERT Choir
Q56389683,Ed Philips and the Memphis Patrol
Q125157356,The Modern Age Slavery
Q12258102,Gaizkiñe
Q972725,
Q23668164,
Q6878335,Missing Foundation
Q112567669,Ludovico Technique
Q56378415,
Q9090848,Tía Newton
Q138048196,Ainbinder Sisters
Q16191348,Dumanoir
Q47780116,Koninklijke Liberale Muziekmaatschappij De Vrijheidsvrienden - Wilrijk
Q20720875,With Increase
Q137209878,
Q6942475,Musica Sacra
Q7543639,Smaller
Q27817034,Masquer
Q31838378,European Lute Orchestra
Q24579017,Ladylike Dragons
Q25245869,Denpa Girl
Q13571329,
Q6537939,
Q7713189,The Allman Joys
Q65064679,Bishop Ryan Xpression
Q65255284,
Q79017574,
Q104781442,
Q7818165,Tom and Matt Smith
Q5890607,Hometown Band
Q7784268,Thin Lizard Dawn
Q29829847,Montreal Youth Symphony Orchestra
Q3355294,Orchestre des Pays de Savoie
Q85790085,"O, Majestic Winter"
Q11690483,
Q3614103,
Q10622037,Pedavoces
Q25056941,Tone
Q106261260,
Q132753112,
Q5190382,Cry Before Dawn
Q20437658,
Q129077936,Ispíní na hÉireann
Q9171574,Big Stars
Q135556382,Flavor
Q4218537,
Q7271135,Queentastic
Q1710545,Sinfonietta Dresden
Q139300597,Vaelastrasz
Q2626172,
Q139762550,Cape Breton Brass Band
Q6648433,Lithuanian State Symphony Orchestra
Q23816310,
Q104782099,
Q14749748,Bennet and the Band
Q114311642,
Q7975307,Wave in Head
Q104661772,
Q124623292,4 by Four
Q106758472,Young Stunners
Q10577243,Mariakören
Q123367198,Coast Contra
Q11861774,HeavensDust
Q136405107,Cairo Opera Orchestra
Q136661559,Espadrille
Q11225627,Jelly
Q1288404,Partibrejkers
Q17318500,Bunga Hitam
Q4034887,
Q3202404,L'Art à Tatouille
Q3503984,Sunshiners
Q130480487,Earthside
Q131275548,
Q11057602,Vodolija
Q18745961,
Q13188826,Rohrstock
Q55658059,
Q54917869,Broadway Boys
Q12072966,
Q105661602,
Q139762676,Regina Mounted Police Brass Band
Q3042999,Dédale
Q24566185,
Q138331449,Krome Angels
Q126286154,Soċjetà Filarmonika San Bartilmew
Q109416933,
Q7316880,Retorica
Q105106203,
Q10727774,"Östan sol, västan måne"
Q104821982,
Q11918921,ELS BERROS DE LA CORT
Q96002137,The Murlocs
Q132757599,Louis a'r Rocyrs
Q139762606,Preston Silver Band
Q7644126,Supersci
Q13014895,
Q112053018,Nebulis
Q7202068,Plastic Toys
Q124497054,
Q12005825,
Q135927696,Strvngers
Q20684051,Dynasty
Q7718016,The Bilz and Kashif
Q123206347,
Q20035285,Lorein
Q55138622,Caveman Shoestore
Q56351287,Heaviest
Q10467327,De Stijl
Q10552277,L.A. Blues
Q10526373,Hornboskapen
Q130493618,Von Ryan's Express
Q130259792,Flummox
Q9284978,Haiku Fristajl
Q127506546,8 Kambarys
Q5390211,The Dalston Set
Q7729700,The Demise
Q28668991,
Q6862263,Mimir
Q55629135,Partner
Q118780411,Desert
Q15906062,Deela
Q47239316,Sisters of Invention
Q3052047,Touch of Joy
Q136349384,Sinfonietta de Lisboa
Q11735031,
Q138775710,Ponyshow
Q19716061,Orchestra Fireluche
Q8354677,Demotional
Q61655464,Julverne
Q15821979,Jugendsinfonieorchester Marzahn-Hellersdorf
Q112567325,
Q16710243,Orkestra Voli
Q25094140,Wheelfall
Q3987828,The Kingstonians
Q10511107,Gustav & The Seasick Sailors
Q10431385,Blisterhead
Q1247018,Rehab Nation
Q10668125,Simpkins
Q19401505,Westpoint
Q2593388,
Q85786434,Motel Beds
Q85996913,Israel Jazz Orchestra
Q65219883,Gedik Philharmonic Orchestra
Q5033815,Canticum Novum
Q17215178,NUDYLINE
Q5104078,Choir of Ormond College
Q138036258,
Q50214707,
Q85853828,Les Petits Chanteurs de Bordeaux
Q19935206,
Q97350659,YellOW
Q11229283,LIZARD
Q7562252,Sonos
Q4336487,
Q15053061,The Deer Tracks
Q136512671,Bombay Chamber Orchestra
Q7908919,Vajara
Q61117239,
Q48698496,Little Mike and the Tornadoes
Q7785780,This Is Colour
Q55624567,Nakama (band)
Q123577902,Finefones Saxophone Quartet
Q111585847,Helsingin naisorkesteri
Q2946459,Celtic circle
Q94961399,
Q8044106,Xiamen Philharmonic Orchestra
Q7992017,Wheel of Doom
Q95692090,
Q11484679,
Q136838687,Aram Khachaturian String Quartet
Q17060538,Handan Dongfeng Opera Group
Q13025022,
Q11690462,
Q2201411,
Q16836030,ExR
Q3538730,Tribal Jam
Q115152212,Rococo
Q57830581,Bron’s Tones
Q12328885,Niels På Dåse
Q25579255,
Q120335738,
Q5455142,Fishtank Ensemble
Q3157367,Jack or Jive
Q12639893,Podgorac
Q12275624,
Q55468684,Cuarteto Típico Puente Alsina
Q21684868,Surf Aid-Kit
Q125866754,Open Road
Q13130384,New Rope String Band
Q56276690,T2U
Q5336878,Eden James
Q67696226,The Lonesome Strangers
Q2937267,Capenoules
Q1883883,Magdeburger Kammerchor
Q130611661,Panic Pocket
Q111842760,The Pink Nostalgia
Q24075484,Globelamp
Q55521542,
Q133277540,Jean-Claude Rossier 4tet
Q11316118,
Q7742866,The Jackpots
Q110075405,Treetops
Q109806581,Coral Joventut del Gínjol
Q29949087,Ensemble Symphonique Neuchâtel
Q139591773,Nérija
Q38277112,
Q3074639,Flying pooh
Q117303763,Don't Stop Or We'll Die
Q18660486,
Q2860162,Archigram
Q105550843,
Q64750220,MUB48
Q122926975,DuOud
Q31188099,Belarmiñak
Q129940625,Chthonic Force
Q138155786,Marseille Chamber Orchestra
Q7082680,Oktoikh ensemble
Q104787731,
Q17578660,Männerstimmen Basel
Q104889692,
Q118675093,Beecham Choral Society
Q10637541,Popsie
Q112242710,Minihi
Q120176573,Forester
Q5456036,Five Musicians
Q124477936,
Q42904099,Gájanas
Q56292320,The Blues Broers
Q55470276,"Típica Columbia,"
Q121602937,Ken Colyer's Skiffle Group
Q16306264,Fly
Q65196697,
Q12009486,
Q798098,Kronstadt Bach Choir
Q30936610,
Q4042272,Koala
Q1956783,
Q10695743,The Penht
Q106289413,
Q117816138,Kommuna Lux
Q30589261,Nik and the Nice Guys
Q10424052,Adolf Fredrik's Bach Choir
Q5446699,Fiddlers' Bid
Q17621737,Bagad Raoul II
Q10688862,Södra Bergens Balalaikor
Q16829193,The Decorators
Q5158560,Concerto Palatino
Q23014660,Mo-I-Rana
Q7196682,Pioneer Drum and Bugle Corps
Q6816594,Mendelssohn Quintette Club
Q76288332,
Q125398679,Holyoke Civic Symphony
Q61699031,We Are the Flesh
Q6902819,Monster Squad
Q139762594,Newboro Masonic Brass Band
Q5674181,Hart House Symphonic Band
Q7073241,O Emperor
Q393151,Inga and Anush Arshakyan
Q121775411,Green Lung
Q4037628,Drum Ecstasy
Q1266365,Duo Datz
Q135338812,
Q21998472,Dublin Orchestral Players
Q110396178,
Q7033453,Night Shift
Q8029913,Wolf Trap Opera Company
Q4043889,Medievil
Q55833225,
Q24933071,Razones de Cambio
Q31897473,Högtryck
Q24839713,1931
Q123913934,Mr.phylzzz
Q48213482,De Forbandede
Q6423833,Knugen Faller
Q20828259,Association des Fanfares d'Eglises (Volksberg). Ensemble de cuivres
Q124830358,The Pickard Family
Q137585148,
Q117707943,Triskalyon
Q76392027,
Q10405676,Allmänna Sången Visby
Q1700236,Philharmonischer Chor Augsburg
Q15857155,Cpt. Nepomuk’s Friendly Heart Choir Club
Q85966049,
Q96240428,
Q6381059,Kazha
Q4210537,Nasida Ria
Q18279364,Panzer
Q105622409,
Q131427027,Y-Studs A Cappella
Q20068514,
Q85867904,The birds of paradise
Q22953651,Julius
Q139762576,East Hamilton Conservative Club Brass Band
Q134963378,nnaai
Q115814479,Levee Town
Q6875970,Miss 600
Q107031237,Spina bifida
Q25303206,The Dearly Beloved
Q20438622,Bürkös zenekar
Q927728,Endelekheia
Q104640267,
Q11694289,Disgusted
Q115560686,KingFisher
Q20684909,My Heart to Fear
Q17214274,Dr.ドラゴン&オリエンタル・エクスプレス
Q64152807,Avonbank Brass Band
Q2961949,Cheepskates
Q6896068,Molemen
Q104848094,Narrow Head
Q62070900,Cor Filharmonia
Q131830728,Los Brito
Q1258534,Dresdner Kapellsolisten
Q12115158,
Q121091436,The Beijing Opera Troupe of Fujian Province
Q3520562,The Delano Orchestra
Q96408526,The Cheap Thrills
Q5230180,Dave and Domino
Q3054858,Ensemble Vocal Mélisme(s)
Q11228402,Katokunnlee
Q21074941,Qarsoq
Q61079643,
Q4407653,Saint Petersburg Chamber Opera
Q48803709,Colwell-Winfield Blues Band
Q12252670,5 Twisters
Q7773362,The Wallstones
Q105550814,
Q10703941,Trio con Tromba
Q20065530,Rosa Marena
Q1871991,
Q104986112,
Q2864359,Arsch Dolls
Q17214761,Sugar
Q99752046,
Q56299323,
Q3792635,
Q25652639,Mental Floss
Q61365961,Marmoka
Q137383489,Stormcellar
Q85987411,
Q20041027,Sora
Q24834355,
Q27817195,The Kings Ransom
Q5923831,BORN
Q131573215,Julien Baker & Torres
Q2876595,B-Girlz
Q106610382,The Relatives
Q137326699,St. Spyridon Choir
Q20530260,Estonian National Girls' Choir LEELO
Q5613744,Guangzhou Trout Opera Company
Q3375510,Abalone Dots
Q7564673,Sound Factory
Q11197445,EAST END
Q58241457,
Q112252440,3Bubble and J. Gray
Q2617311,
Q23807996,Grupo Vena
Q106459511,
Q126909778,
Q139086384,Naples Philharmonic
Q13025577,
Q11319436,
Q20528573,
Q11996449,Publiners
Q127919451,Soċjetà Mużikali San Pawl
Q4086921,biopsyhoz
Q835685,Hamburger Symphoniker
Q9213675,Dynamind
Q18960278,Ozone Monday
Q39054158,The Hissyfits
Q21143920,Pep & Rash
Q124619040,The Snědlipsa
Q111795682,Cologne Chamber Orchestra
Q12088620,Verbena
Q1711365,
Q3100878,Golf & Mike
Q136762890,Girl Group
Q65201844,
Q21546031,Adrana
Q1508841,Neuburger Kammeroper
Q22125766,
Q11361958,Bujabéza
Q11301068,
Q1564042,Inje
Q18719006,Kalin and Myles
Q2909910,Minimal Compact
Q1285442,Edler Trio
Q4038851,Flying
Q16974313,Monody
Q12739636,Rue du Soleil
Q12386410,
Q12760906,
Q24912878,The Wizards of Winter
Q10520030,
Q108687217,
Q9383708,Zoo
Q10576482,Mannerz
Q20755510,EFeM
Q130581240,The Hard Quartet
Q60965180,Zen Bamboo
Q6166260,Jax Panik
Q116257697,.Hroptr.
Q122423487,Palm Ghosts
Q30593320,Atteridgeville Happy Boys
Q110069275,
Q48747257,Usotsuki
Q2295485,Anguish
Q10683448,Sugar Baby Doll
Q11951791,Three Dead Trolls in a Baggie
Q109552590,
Q30729016,The Noodles
Q109363773,Libravel
Q1435498,Folkwang Kammerorchester Essen
Q16672079,Rag Mama Rag
Q30069709,Mbira dzeNharira
Q17144039,Toronto String Quartette
Q138414187,
Q31187984,Screamers and Sinners
Q97613590,Flowers of Evil
Q1818638,Jagger–Richards
Q128033705,The Joy
Q122971820,Mercedes Ladies
Q106418845,Aqsarniit
Q105264961,
Q3032445,Diwall
Q25510253,Sociedad Coral Polifónica de Pontevedra
Q105361994,A Forest Mighty Black
Q65295176,
Q6404464,Kid Courageous
Q106034974,
Q48720077,Dirty Disco
Q6823123,Metaphra
Q3259730,Los Desperados
Q129820232,Veseli Plavnjaci
Q25212126,Caitlin Krisko and The Broadcast
Q115622373,Nobody Robot
Q10689350,TOGO
Q3923908,Coro del Teatro alla Scala
Q4051112,The Guggenheim Grotto
Q121450324,Capitol Quartet
Q19720617,Mariachi Charanda
Q135228473,
Q135763972,Awake the Dreamer
Q139301121,Ultra Deluxe
Q20525322,Tajni projekt
Q121756184,
Q113714934,Frogwings
Q135092731,Flitter
Q12011285,Zweizz
Q14771325,Doležal Quartet
Q9390333,"Zespół Regionalny Gdowianie"""
Q12292999,
Q21074917,Karenn
Q115063262,Solitaire
Q12627132,Apex Mind
Q135004080,Walk On Mars
Q31187988,Zazkel
Q5207911,Dadamah
Q116140441,
Q65117328,Marvin Gardens
Q1974255,Beequeen
Q7755031,The One Ensemble Of Daniel Padden
Q5638403,Hafnia Chamber Orchestra
Q5253659,Deleyaman
Q10576368,Mandylon
Q15983120,Potchefstroom University Choir
Q135971934,Primož Grašič Trio
Q3693841,
Q11720660,Jar
Q4918538,The Wynners
Q16246571,Atheif
Q134028007,Wake Up 1230
Q11915588,
Q130224579,
Q124005525,Macula Dog
Q127269400,Manitoba Underground Opera
Q124094412,Katharos XIII
Q5310855,The Dublin City Ramblers
Q118218594,Camerata Pontresina
Q60740849,Mojo & The Bayou Gypsies
Q61362621,Anita Parker
Q9358576,Thoth
Q6392848,Kenyan Boys Choir
Q65085323,Rocky & the Chapter
Q2101776,Polizeimusik Wien
Q138545431,Loaded Guns
Q526791,Konzerthausorchester Berlin
Q55316758,Kat Solar
Q17121269,Vancouver Opera
Q106930578,Flying Scots
Q112116557,Tríó Aage Lorange
Q12373502,
Q7024729,Niceland
Q103085211,
Q20101545,
Q65255529,
Q5597464,Grass Show
Q125792640,Rubycon
Q13566098,Machina
Q28705860,
Q12119417,Lyotomysl
Q14942747,
Q98446211,
Q4197760,Igry
Q3235930,Les Troubadours du désordre
Q625819,Bucheon Philharmonic Orchestra
Q57830575,The Galatones
Q50286578,
Q44962204,Lione/Conti
Q7107049,Oslo String Quartet
Q97186983,
Q5250244,Deep Obsession
Q86010966,P336
Q13632874,
Q7737467,The Grand Astoria
Q48698478,Armageddon USA
Q111913115,Pas Chic Chic
Q136674672,The Two Lips
Q4314999,H. Veryovka Ukrainian National Honoured Academic Folk Choir
Q120533395,Needanamebro
Q61365959,Delient
Q2415675,Theater Altenburg-Gera
Q6039472,Philharmonia Istanbul Orchestra
Q42269928,Gestapo Knallmuzik
Q106483528,
Q125177622,Peyoti for President
Q13383620,Zoči Voči
Q55611967,Frances Rose
Q9335436,Serencza
Q122946126,Deporitaz
Q6530088,Les Wanyika
Q25503833,
Q24910016,JudaBlue
Q116201124,Podočnjaci
Q11874611,The Lapland Chamber Orchestra
Q138391524,Lesbian Bed Death
Q136102646,
Q140032627,Yuhz
Q16953525,Morriston Orpheus Choir
Q12045098,Petr a Pavel Orm
Q16113108,Croatian Baroque Ensemble
Q85811378,Typecast
Q16129194,
Q12028727,Karlovy Vary Symphony Orchestra
Q138528131,
Q5367975,Elva Snow
Q7826123,Torngat
Q11835060,Rocka's Delight
Q11423730,
Q17111058,ZAZA
Q105531446,
Q132778068,
Q113480704,The South Austin Moonlighters
Q1711280,
Q5913040,Iglu and Hartly
Q8068223,Zeb and Haniya
Q139894300,Istintivo South America
Q104829594,
Q120487874,Indianapolis Men's Chorus
Q117287144,
Q7761898,The Russian Jazz Quartet
Q19794797,Symphony Orchestra for the Next Generation
Q115152243,The Oot n' Oots
Q48700952,
Q7731035,The Driven
Q7564172,Soul Ballet
Q21261754,The Chopstars
Q38805663,
Q1411021,
Q11465612,
Q125484244,Štěpánka Balcarová Quartet
Q10695824,The Spitts
Q59575886,Malva
Q105753343,B-EDGE
Q104622938,Sociedade Artística Banda de Vale de Cambra
Q1951714,Muddy Waters Tribute Band
Q10695906,The Zolge
Q3917347,KRIWI
Q91232066,
Q19956124,The Hardy Boys
Q6014335,Incest Brothers
Q120335579,
Q11250062,TRIBAL CHAIR
Q106433503,Mužáci ze Zlína
Q3149602,In Arkadia
Q9367776,V.E.T.O.
Q131702191,Igor Swamp
Q131275149,
Q65968803,ELMA
Q10397752,
Q55605597,Bleak House
Q60823037,
Q12725885,
Q117074583,
Q3129323,Hederos & Hellberg
Q4050311,Subwave
Q1951452,Mr. X & Mr. Y
Q88391896,
Q22032099,Fasedown
Q30899574,
Q136838629,Amicus Strings
Q134053357,Invisible Familiars
Q28555303,TRXD
Q135721605,Gwalarn
Q55108385,Escolania del Mercadal
Q130396159,Atenea Quartet
Q10708276,UBBA
Q11229873,
Q136349217,Iberian Sinfonietta
Q28225707,The NULLL Collective
Q10589808,Moxies
Q107466820,City Muffin Boys
Q7879931,Ulster-Scots Folk Orchestra
Q3414589,Quintessence
Q7507433,Sichuan Symphony Orchestra
Q110267716,Aina Palmer
Q65174646,
Q6801116,McFadden Brothers
Q9141814,After Blues
Q65013044,Strain Of Madness
Q76465064,
Q111832076,
Q11684730,
Q56283721,Bisiugroup
Q11313791,
Q94958222,Weddings and Funerals Orchestra
Q19703013,
Q699427,Bamberg Symphony
Q23309094,Long Since Dark
Q65255432,
Q48941476,
Q16720647,
Q2972168,Chœur vocal masculin « Optina Poustyne » de Saint-Pétersbourg
Q1109271,
Q56318244,La Pamplonesa
Q9371655,Way Side Crew
Q119136526,Šimek & Grossmann
Q7047695,Noise Production
Q7205485,Plumtree
Q127505039,A Journey Down the Well
Q11104661,
Q6503647,Lawn
Q1920884,
Q12132934,Odesa Philharmonic Orchestra
Q7598750,Stanford Harmonics
Q10605904,Obliq
Q9026420,MYMP
Q11882036,
Q3061789,
Q16837874,From the Airport
Q3519470,Thalion
Q66969008,
Q12256921,Epelde eta Larrañaga
Q24864900,
Q21638283,The State Jazz Orchestra of the USSR
Q105113998,
Q116650605,Bozambo
Q6728080,Madison Scouts Drum and Bugle Corps
Q104791608,
Q9336356,Siedem
Q11192032,Barbarian On The Groove
Q16956333,New World Youth Orchestras
Q17265825,Mountain Bird
Q44940434,Oostmalle Koninklijke Harmonie Sint-Laurentius
Q19390936,
Q811063,Batzdorfer Hofkapelle
Q2094681,Pigor & Eichhorn
Q18022152,
Q97516258,Omni
Q124742716,
Q19709985,Irmãs Castro
Q20106406,
Q11351530,
Q1204230,Deutsche Streicherphilharmonie
Q11080903,Luck 7
Q21872805,Voice of Men
Q2430747,Thüringen Philharmonie Gotha
Q55635438,The Ophelias
Q30527429,Dryden Quartet
Q10443190,
Q104777323,
Q16069821,California Transit Authority
Q10578907,Me and My Army
Q117803477,
Q4051262,The Retuses
Q111130818,The New Blood Orchestra
Q139964629,
Q11281944,Česká komorní filharmonie
Q12336536,Sound of Seduction
Q3519693,The ARRS
Q3576534,Zéro de conduite
Q135618037,Psycho Synner
Q7830515,Toy Love
Q16948851,Nordic Giants
Q114030819,Go!Go!kids
Q131275089,
Q49567655,Sakamichi Series
Q106452568,
Q25455963,Csicsóka népdalcsoport
Q11959337,
Q723450,Metropolin
Q85749174,Bronz
Q11950009,Societat Coral El Micalet
Q104979910,
Q16253010,Jeunesses Musicales World Orchestra
Q2972159,Chœur d'enfants d'Île-de-France
Q137401495,Jitro
Q9295073,Husky (band)
Q109975449,Bodega Brovas
Q105080771,Banda Musical de Cabreiros
Q7161049,Peking All-Stars
Q132853229,Dead!
Q109228847,FREE Players Drum and Bugle Corps
Q10483718,Encryptor
Q125023295,ACME
Q28676653,Cytadela
Q28405854,The Cardboard Brains
Q55625059,New Zealand Army Band
Q131350468,
Q6772370,Marooned
Q16373024,Heavy Cross
Q11255965,
Q3290209,Cairo Symphony Orchestra
Q134984633,Love Migrate
Q107709788,One Day
Q12266172,Potrotaino
Q113633964,Spirit Award
Q57830550,The Harmony Belles
Q2621516,Dominia
Q5037230,Car Music Project
Q3355357,Orchestre symphonique et lyrique de Nancy
Q7168614,Period Pains
Q22123621,Negasphere
Q17401943,Wordless Music Orchestra
Q96386222,Kolohe Kai
Q73920187,University of São Paulo Chamber Orchestra
Q3413679,Quatuor Habanera
Q139762546,Donkin Brass Band
Q6057277,Paiko
Q11249033,THE ROYAL CROWN
Q112124399,Dechový orchestr mladých Krnov
Q4106963,
Q7288851,Ramallah Underground
Q5246846,Dear Eloise
Q25345323,The One Hundred
Q135186091,Muziekvereniging Apollo
Q7738939,The Harrogate Band
Q20070018,SonCe
Q11328694,PintSIZE
Q11195768,DETROX
Q12107468,
Q135992060,
Q121027606,University of Auckland Festival Choir
Q109466089,Trio Lengyel
Q65016011,Johannes Böhmer Domenic Landolf Quintet
Q4823580,Australia Highlanders Pipe Band
Q6875418,Misfits of Science
Q4249099,Kurylev-band
Q5669071,Aljadaqui
Q16088365,Crna Dama
Q28678432,
Q15919635,"EXILE LIVE TOUR 2013 ""EXILE PRIDE"" 9.27 FINAL"
Q12072452,The Walt
Q2644142,
Q6043536,Niños Cantores de Córdoba
Q29023738,Mattoidz
Q65060949,404th Armed Service Forces Band
Q96741528,Blitz Vega
Q8055757,Yorkshire Symphony Orchestra
Q1344564,Neumeyer Consort
Q7205952,Pneuma
Q45910620,
Q7801572,Tigerstyle
Q101110382,Paul Motian and the Electric Bebop Band
Q25350378,JJI Brothers
Q4051395,Therm.Eye.Flame
Q124805601,
Q57830634,LoveNotes
Q7745673,The Last Days of Jesus
Q8075082,Zukerman Chamber Players
Q10423997,Babblers
Q110021833,
Q98438108,
Q1239628,London Brass
Q1257142,
Q115759608,Stone Foundation
Q4841468,Bagatelle
Q23787466,Frauenblasorchester Berlin
Q20858322,Since Remembered
Q10545296,Kids4Rock
Q104637383,
Q4979135,Bruno Benetton Free Band
Q21809629,Der Marabu
Q12960111,Svi na pod!
Q12370135,Melbourne Estonian Male Singing Society
Q98233164,Feuerbach Quartett
Q17228389,
Q55634549,TENET
Q11524794,
Q24864587,
Q12016822,Fousy Moudžou Rajzin
Q16584513,Osada Vida
Q10459866,
Q2091885,Serdtsevy napad
Q109144932,Unreqvited
Q675494,Berlin Radio Symphony Orchestra
Q2036196,Swedish Chamber Orchestra
Q131351405,Anna Zoitke
Q118674549,Talichův komorní orchestr
Q12815498,Neurotic
Q139602648,Chester Brass Band
Q808545,Barocco sempre giovane
Q6305240,Juilliard Electric Ensemble
Q1359474,Hugo-Distler-Ensemble
Q140067223,
Q117020135,Beach Weather
Q2758792,Shihad
Q5118926,Chéri
Q126285423,Lakko & Herba
Q6522754,
Q25109815,Lyraka
Q7761792,The Rugbys
Q12627050,Antitodor
Q24836377,
Q25381193,ZO! Gospel Choir
Q136407226,Overflow
Q2929358,Bästard
Q10562761,Linköping Jazz Orchestra
Q24077739,Grupo Rana
Q140026809,Friend of a Friend
Q2878952,Bagad Saint Nazaire
Q12054937,Slušní chlapci
Q11894842,Orchestra of the Finnish National Opera
Q64876864,Mädchenkantorei Limburg
Q120047415,Terrador floricat
Q15911419,PURE
Q20028563,
Q15842818,Rodscha aus Kambodscha und Tom Palme
Q2348271,Koninklijke Gentse Oratoriumvereniging
Q2659995,Skryabin
Q20685765,The Blamed
Q61107852,
Q111745903,The Toughest Tenors
Q20500756,Bulgarka Junior Quartet
Q25352404,Shadow
Q75829419,Les Garrigues
Q55138116,TWRP
Q5281557,Disco Ruido
Q13866636,OBK Bennekom
Q113270257,chœur de la paroisse de la Résurrection-du-Christ
Q3346029,Nuclear Device
Q21055340,Murder Void
Q19729230,
Q96440246,Metamorphose String Orchestra
Q107225580,
Q4043719,Marimba Plus
Q28444709,Progressive Brothers
Q43140440,De Vriendenkring
Q4336492,
Q24191168,The Outside Track
Q11782120,Mistic
Q124258688,Symphonian
Q650101,Dymna Sumish
Q124393472,Brigadei Retro Mishto
Q12375365,Estonian Men's Chorus in Stockholm
Q7374896,Royal Swedish Army Band
Q63208513,
Q15041615,Mylène and Rosanne
Q124649283,Harlem River Drive
Q1444984,Frankfurter Kantorei
Q110895169,Orchestra Breva
Q54954527,Save Face
Q105620809,
Q888425,Bobby & Blumm
Q92894643,
Q30715607,Vattica
Q4819812,Audio Active
Q11939483,Orfeó Martinenc
Q11240268,Qomolangma Tomato
Q134028154,Quemmekh
Q25477044,Landarbaso Abesbatza
Q139375460,Emotional World
Q5002032,Bussetti
Q13034776,Gentle Touch
Q85137922,The Love Junkies
Q111274077,Luca Bianchini and Anna Trombetta
Q97623929,New Life Worship band
Q7664958,Szwadron 97
Q61364018,Fiebre
Q4631581,23 Till
Q110146948,The Spats
Q7637600,Summerhill
Q12050319,Rudolfiiinum
Q10475827,Domnivet
Q131360086,South Summit
Q27768147,Funkallisto
Q6472710,Lagrima
Q48720085,Jimmy James
Q111165229,Testify
Q313692,Wiener Singverein
Q1045143,Carro di Tespi
Q31277617,
Q125157200,The Beta Machine
Q64438156,Pub Choir
Q13024976,
Q11225401,
Q16580395,Myon & Shane 54
Q17146114,Roddy Hart & The Lonesome Fire
Q139757308,Fort Douglas Brass Band
Q12072484,Sepiamusic
Q113678084,Omega Force
Q135825175,Yogyakarta Royal Orchestra
Q112966225,FEniX
Q12049188,Remorse
Q82811248,Cemetery
Q9361586,Trihelix
Q7413972,San Francisco Choral Society
Q13102962,
Q49155152,Viktor Hurmio
Q99395395,Votz en bal
Q15943697,Solarfeast
Q16075375,A-Bao&Brandy
Q138722293,Stefano Maltese Open Sound Ensemble
Q138036302,
Q118395158,PRIMROSE
Q109469210,
Q98456462,
Q18221071,Les Amis de Philippe
Q28685520,
Q22080967,Shizune
Q131350224,
Q126126652,Philippine Violators
Q65548768,One for Trane
Q16323446,Dreamers' Circus
Q7577367,Spin
Q132040856,Great Aunt
Q28669501,Dorian Gray
Q7304782,Red Red Rockit
Q11744157,Kostrzanie
Q25352094,C4
Q11189036,AIDS
Q12816741,Vox Caelestis Vegyeskar
Q21010030,Bestias De Asalto
Q11197063,Dope HEADz
Q104003990,
Q25804063,Creature Feature
Q10540005,Jesaiah
Q25351916,The Shake
Q18327155,Wacław Zimpel To Tu Orchestra
Q65591610,Sickness of Snakes
Q104863408,Forth Wanderers
Q61364868,Xiberoots
Q24836876,
Q85810654,Tri-Continental
Q13023034,Smile Buffalo
Q99801411,
Q13013892,
Q2861699,Armagedda
Q10534272,Iguana Party
Q113649760,The Waffle Machine Orchestra
Q11192050,Bassy
Q39042460,
Q733241,Cocosuma
Q85966387,
Q12088161,
Q20312819,An Epic No Less
Q18682840,
Q10577590,Markovic
Q53032468,
Q5979910,Los Llopis
Q139762595,North Bay Boys' Brass Band
Q4575275,Oslo Sinfonietta
Q7229605,Popshop
Q12275904,
Q19689019,Korben Dallas
Q7987489,Western Australia Police Pipe Band
Q12309064,DUSIKA – Copenhagen Region Youth Symphony Orchestra
Q131303562,Astrakan Project
Q112277298,Banda de Congo Amores da Lua
Q3656455,Cantori di Santomio
Q20563167,Rainbow
Q25345369,Featherstone
Q77224050,Somnium Ensemble
Q65255457,
Q114372183,Københavns Jernbaneorkester
Q121769844,Menuhin Festival Orchestra
Q1667323,Internationale Junge Orchesterakademie
Q125344356,
Q110323865,Bab L' Bluz
Q3486354,Skolvan
Q7731811,The Elizabethan Madrigal Singers
Q7575039,Speck Mountain
Q56291672,Nekokat
Q106288370,
Q113462827,D.P.M.B
Q20684766,Meat Machine
Q12758454,
Q17210248,Kyūso Nekokami
Q31188175,Naizroxa
Q19961183,Bistrouille Amateur Dance Orchestra
Q3663067,The Amazing
Q139100076,
Q61364321,Pantxix Bidart eta Alexis Therain
Q139762610,South Lake Brass Band
Q10520354,Hello Kinski
Q18621195,Svetoglas
Q17510632,Columbus Gay Men's Chorus
Q107899732,Choro
Q11732914,KG Band
Q3213463,La Varda
Q11200667,G-Freak Factory
Q3012208,Daisybox
Q16885867,Stereoblis
Q134126434,Middle Palms
Q1591863,Haydn Sinfonietta Wien
Q10614895,Paddington Distortion Combo
Q20476424,Zen
Q3028671,Diogen
Q97192458,Kidbug
Q20106944,
Q7443369,Second Identity
Q1251656,"Pips, Chips & Videoclips"
Q4218545,Beethoven String Quartet
Q11242938,SET YOU FREE
Q19560811,Indecent Assault
Q4756537,Andrew Capra
Q4340099,
Q6708853,Lyngby-Taarbæk Symfoniorkester
Q11737550,Kawałek Kulki
Q127698794,
Q65295332,
Q7680591,Tamalin
Q107226977,Oldham Symphony Orchestra
Q66765072,Nymphomatriarch
Q16637756,Tango X2
Q111945498,The Four Kinsmen
Q6448170,Kustbandet
Q5202755,Côr Meibion Pontypridd
Q15943294,
Q4047661,Purple Fog Side
Q65079956,NGHTCRWLRS
Q136696271,Takamatsu Symphony Orchestra
Q1186475,The Philharmonic Winds
Q109042066,
Q5648260,Hank & Cupcakes
Q97172992,
Q86446868,KammerChorus Klosterneuburg
Q10632393,Pitbullfarm
Q16064054,Ecoensemble Trio
Q3481387,Shanghai Atraxion
Q6689459,Louisville Chorus
Q10426252,Bara vänner
Q20795294,Klaviertrio Würzburg
Q55466226,Conjunto Los cosos de al lao
Q60747897,Cappella SF
Q2569088,Wiener Schubertbund
Q7735052,The Fourmyula
Q7918984,Veliki Prezir
Q2210108,Sabri Brothers
Q12072730,Theogonia
Q4808820,Assfort
Q123468334,Hotline TNT
Q4315077,National Symphony Orchestra of Uzbekistan
Q10671738,Slutstation Tjernobyl
Q136452791,High Voltage
Q123684855,Sprain
Q10656252,Rock-Ragge & His Four Comets
Q65444059,Trasga
Q112191608,The Zodiac
Q5318796,Dylath-Leen
Q28608393,Absolute Monarchs
Q12741878,TNT
Q16641959,Tr3s
Q3657313,Cappella Andrea Barca
Q11834445,Revolucja
Q84939557,The Marrotts
Q30081397,
Q110257579,
Q136696338,Kurashiki Orchestra
Q56582354,Die Innsbrucker Böhmische
Q16959317,Kudzu Wish
Q128792373,GXTP
Q3232244,
Q9304979,Rebelion
Q122926892,Onipa
Q12554530,MuzART
Q2308854,Swahili Blonde
Q14906858,Passengers
Q886935,The Original Wailers
Q24935335,Theresia Orchestra
Q11800973,Otako
Q7732838,The Exploder
Q23023436,PE 2.0
Q6058260,Intoxicado
Q105450683,
Q140026671,Dawn Riding
Q10851551,
Q19706255,Dupla Verde e Amarelo
Q139771740,Keyveatz
Q106407063,Kmo Tzoani
Q9337121,Sinfonietta Cracovia
Q14395464,Joker's Daughter
Q4992272,Dzeltenie Pastnieki
Q7194636,Pimentola
Q31188098,
Q104622922,
Q131561884,Schatteman & Couvreur
Q665969,Basel Boys Choir
Q48746311,LONGMAN
Q7771826,The Urges
Q10688248,
Q4620651,Vertú
Q126485615,Soċjetà Mużikali San Ġużepp Ħamrun
Q2910424,Boogie Balagan
Q3234561,Les Petites Tounes
Q10341682,Póvoa de Varzim Symphony Orchestra
Q139621916,muque
Q31188029,Kraussk
Q39052709,The Hot Place
Q12295117,
Q7934437,Virginia Opera
Q97189821,
Q10817193,Papouškovo sirotci
Q7854820,Turdus Musicus
Q3336026,Nârâyana
Q16866661,Lunch At Allen's
Q16962822,Pascal Quartet
Q124423686,
Q11902513,Wotanorden
Q3257560,Lo'Jo
Q6859735,Million Dollar Band
Q1402397,Viktor Vaszy Choir
Q16671861,Quench
Q7852951,Tunel
Q7398106,Sads
Q28232272,Rory and the Island
Q50285897,
Q8069500,Zero Cipher
Q67376285,Sounds of kolachi
Q4423013,
Q117858289,
Q109602307,Shoujo Fractal
Q6355563,Kamala
Q133500385,Okayama University Symphony Orchestra
Q12618674,Changwon Philharmonic Orchestra
Q4924682,Blam Blam Blam
Q130664206,
Q4643872,7 Samurai
Q9192069,
Q5232940,David Devant & His Spirit Wife
Q117050655,Caryna
Q911371,Dunakeszi koncertfúvósok
Q1553061,Sogenanntes Linksradikales Blasorchester
Q7880537,Ultrafox
Q2801618,Staats- und Domchor Berlin
Q54854571,She's Only Sixteen
Q7379624,Runaround Kids
Q2467358,
Q18662635,
Q16048181,Melal Orchestra
Q10715722,Vindra
Q4702201,Al-Andalus Ensemble
Q33836920,Lidlboj
Q16169495,Cumchrist
Q121033855,
Q7644041,Supernaut
Q29023767,Plant Bach Ofnus
Q139780389,PERICULUM
Q110413318,Canaan Gents
Q27817225,Wagëblë
Q16351360,
Q7162791,Penguin Prison
Q10708722,
Q18332126,Ramlösa kvällar
Q2453786,Parnassus Trio
Q133497327,Niiza Symphony Orchestra
Q24909766,Yaakov Chesed
Q122513715,The White Flames
Q139780979,
Q17233155,The Pink Floyd Show UK
Q25408375,Priscilla Band
Q138632625,Mothermary
Q11687694,
Q20687539,The Walls Group
Q135517030,Levitation Room
Q13138533,Walpurgis
Q20684264,Agbaland
Q137585137,
Q12254615,BTK Batukada Taldea
Q121302419,XSmashcasters
Q5019799,Cali Philharmonic Orchestra
Q2151013,Jurassic Jade
Q11690490,
Q108222872,Project: HOPE
Q12326637,Menfolk
Q120734962,206
Q30605919,Political Asylum
Q13105189,Tempus est iocundum
Q15792818,BlöZinger
Q7272429,Quintetto Chigiano
Q3061938,Exhumation
Q6964464,Nanyang Concert Band
Q7561830,Sonic Porno
Q7833366,Trance Dance
Q8052740,Yes Boss
Q10330443,Minnemann Blues Band
Q140235249,Orchestra of the Royal Opera of the Palace of Versailles
Q55730540,
Q105089903,
Q7716520,The Benjamin Gate
Q5654142,Haranga
Q28689814,BE×DUNK
Q17636127,Orchestre symphonique de Laval
Q11279516,Transistor
Q10539817,JazzKamikaze
Q20311763,Abel
Q16587917,Piilot
Q56274219,Mob Style
Q140286040,Four Roses
Q28686775,Septaluck
Q138830467,i-dushi
Q6720673,MaSKott
Q54952564,Kelly Brothers
Q47122619,John Lennon and Yoko Ono
Q85759195,Empath
Q12336517,Sortsind
Q5798951,Danny Diaz & The Checkmates
Q1955006,Musik Verein von Calcar
Q5245300,Dead Man
Q7099732,Orange Then Blue
Q11998424,Roquefire
Q1664671,Instant Composers Pool
Q2215138,Salonorchester Cappuccino
Q6148793,Tonic Rays
Q127418064,Flowjob
Q2462405,Two Jazzers
Q71808284,
Q6407144,Kill Squad vs. Doubleheader
Q27472870,The Aftermath
Q117230868,SUGARCAT
Q7006382,New Cassettes
Q102316728,Divertimento Ensemble
Q135261209,Rambies
Q139602727,Mill Creek Colliery Band
Q65030460,The Monkberry Moon Orchestra
Q104914839,
Q63057955,
Q10674154,Sounds Nice
Q23668260,
Q134540205,An Tóramh
Q6879363,Mississippi Witch
Q110069383,
Q118780402,Albert Bover Trio
Q106200355,
Q2678278,Ništa Lično
Q3563699,Vromb
Q111913305,Afrikana Soul Sister
Q60969772,The Cit
Q104531497,
Q104640334,
Q107643355,IXFORM
Q126719754,Cuba Libre Son Band
Q9164902,Bandog
Q122973814,Isaac and The Soul Company
Q2566633,Cran
Q107640718,
Q10524942,Hjärtats orkester
Q11592000,Fukuyama Symphony Orchestra
Q105045467,Pete Brown & Piblokto!
Q65091499,Valsassina Ensemble Wien
Q124497029,
Q3790396,
Q25668538,
Q48759021,NEW KID'N PLAY
Q903452,World Choir Games
Q136388621,Youth Orchestra of the Middle East
Q98412127,
Q10348952,Peter Nalitch & Friends
Q18910389,Serious Black
Q29040289,Berliner Residenzorchester
Q11277550,Prhymx
Q12052467,Autokarma
Q39048984,Christageddon
Q139762677,Tate Brass Band
Q7744419,The Kinetiks
Q106382091,
Q2545729,
Q5694948,Heavenstamp
Q2346333,Stettiner Sänger
Q12041007,Noel Redding and Friends
Q5520897,Gang-a-tsui
Q137455940,New Jerusalem Brothers
Q97173891,
Q113651477,
Q532380,Carmina Quartet
Q121741960,
Q96988344,
Q28404364,Bo Grumpus
Q135677929,
Q16833580,Double J and Twice the T
Q1716508,Pee Froiss
Q105451572,
Q11855538,Cosmobile
Q7844197,Tristitia
Q105359505,Hellripper
Q134079013,Emil Brandqvist Trio
Q13198172,Unavantaluna
Q61115976,
Q98535307,Los Báxin
Q2338504,
Q136557488,Off-Shore
Q10695896,The Wizards
Q11824933,Dovolena narkotika
Q9169115,Berliner Ärzte-Orchester
Q11076217,Twisted Machine
Q4514081,Black Sea Philharmonic
Q12267566,Special Crew
Q4161778,
Q23807946,Man's Gin
Q10614447,P-Floyd
Q25345285,Picadillo
Q19776328,Die Madmans
Q2957870,
Q10426771,Basho-Ensemblen
Q105721594,
Q11723356,Jauntix
Q4823977,Australian Children's Choir
Q38504452,Tagoe Sisters
Q7577127,Spies
Q112265206,Byggnadsarbetarkören
Q97371932,
Q12000938,
Q4156935,December
Q3140758,Hors Contrôle
Q10679433,Stereo Explosion
Q85766385,Heron
Q65028420,Joscha Schraff Quartet
Q11860682,Grex Musicus
Q113076477,Melodykes
Q3355279,Orchestre de chambre de Genève
Q83284523,Eyo'Nlé
Q3106781,Ginkobiloba
Q15847788,Slokar Quartet
Q124743851,Stone
Q5447601,Fifths of Seven
Q11249175,THE ZETT
Q137710209,Scary Pockets
Q12062929,Pleso
Q100944814,
Q3640730,Black Magick Sorceress
Q10462111,Cryo
Q12624939,Herz Analog
Q9295292,Hvarna
Q137049614,Stray Dags
Q3233707,Les Marins d'Iroise
Q28685308,Aichi Festival Orchestra
Q30923593,
Q19309251,Sonus Brass Ensemble
Q105061754,Balmog
Q758926,Auditiv Vokal Dresden
Q4703300,Al-Turath Ensemble
Q15729993,
Q56276939,Special Explosion
Q21189891,With Shaking Hands
Q61363534,El Mentón de Fogarty
Q56354188,
Q5998273,Marimba Internacionales Conejos
Q31188031,Haxotz
Q1827161,Linzer Konzertverein
Q16960700,Voodoo Six
Q21683669,Tiroler Symphonieorchester Innsbruck
Q109255375,Appalatin
Q11296971,Kimidori
Q29023763,Malcolm Gwyon
Q21019216,Tokyo Chamber Orchestra
Q12809054,
Q12003320,
Q43374242,Macan Band
Q104795087,
Q120335643,
Q24864869,Valve Fiction
Q17711658,Casa Murilo
Q139825616,Philadelphia Baroque Orchestra Tempesta di Mare
Q134613730,Novarupta
Q105695118,
Q2706278,Novosibirsk Opera and Ballet Theatre
Q17776411,
Q5814897,Duet Emmo
Q105277210,Dayglow
Q60748106,TNT Boys
Q15053170,Adolf Satan
Q106317572,
Q134028720,
Q56359629,
Q6023263,Blue Blues Band
Q121501952,Donetsk Symphony Orchestra
Q85768871,Icon A.D.
Q4690216,Afro Jetz
Q126595270,Hart The Band
Q6886405,Moana and the Moahunters
Q19358443,Maîtrise de Toulouse (Conservatoire de Toulouse)
Q135419224,
Q124713309,Victor Military Band
Q31188477,Nevermind Trio
Q139753069,Almonte Brass Band
Q3484914,Jyväskylä Sinfonia
Q12027689,Kaiserbund
Q104695738,
Q10519265,
Q24872430,DUDE TONE
Q28403985,RadaR Rock Band
Q24870911,Beautiful Gorgeous Love
Q18660878,
Q7245016,Princeton Tigertones
Q135183739,Clave Y Cuba
Q12131874,
Q995339,Frogcircus
Q20615354,Dochmarwatts
Q134053350,Faces On Film
Q139780442,DЯAW♡ME
Q4305899,
Q109358951,
Q106448075,ZborXop
Q4130789,
Q6742003,Malaysian Philharmonic Youth Orchestra
Q4169383,
Q12334649,
Q7277953,RTÉ Vanbrugh Quartet
Q105296165,
Q105105872,
Q11708729,Heam
Q139757329,Metlakatla Brass Band
Q84015372,Holman Trío
Q125459113,musica assoluta
Q117824466,Mephistopheles
Q4676633,Act Noir
Q7570047,Southern Isolation
Q124516446,Dr.Anon
Q4037036,Darkened Nocturn Slaughtercult
Q43080774,The Fellow Travellers
Q30241818,Kinos
Q7757407,The Platinum Brothers
Q10284447,Frailty
Q10540753,Jonas Kullhammar Quartet
Q75185837,Dropout Kings
Q3427738,Ulens kvintett
Q86100496,Julia Fischer Quartet
Q28407655,Crimson Company
Q136338834,Moscow State University Chamber Orchestra
Q134520074,
Q10265963,Diabo a Sete
Q124389467,Candlegoat
Q98075706,JazziDisciples
Q25339859,The Africans
Q7723264,The Clare Memory Orchestra
Q55099015,Sauna Youth
Q3481454,Shaolin Temple Defenders
Q1292085,Stuðmenn
Q109311177,Hrafngrímr
Q105037894,
Q104903247,Michael Stanley Band
Q3803851,Orchestra dell'Istituzione Sinfonica Abruzzese
Q116809764,Le Bour Bodros Quintet
Q60775115,Svetlanas
Q7729384,The Dealians
Q1201053,Det Norske Solistkor
Q10659969,Safari on Pluto
Q6094217,Itch-E and Scratch-E
Q63859930,Fru Katinka
Q111785033,Duke Jenkins' Aristocrats
Q4272473,Lyavony
Q6555901,Lions Gate Chorus
Q181813,New York City Opera
Q65028378,Quartier Bon Son
Q41805924,
Q125177645,Pigna People
Q9340293,Spirituals Singers Band
Q110895158,Niagara Symphony Orchestra
Q124004615,Banda Estrellas de Sinaloa de German Lizarraga
Q30752279,Ursus Minor
Q1626961,
Q11819522,Playing Family
Q3496411,Stalag
Q3413352,quartiers nord
Q11190329,Another sunnyday
Q3562145,Voices of Destiny
Q109469220,
Q139757346,Canadian Legion Brass Band
Q3307780,Meï Teï Shô
Q9641813,S.B.D.W.
Q4927043,Blk Sonshine
Q123943410,Prins S. en De Geit
Q127508829,Soċjetà Filarmonika Lourdes
Q7646908,Surrounded
Q4273835,Mavrik
Q12748812,Beli Bagremi
Q85996764,
Q25429694,
Q56400606,Big Band Jazz Maresme
Q111817394,
Q28451468,The Chargers
Q136445591,Far Caspian
Q5581486,Gondwana Choirs
Q135903215,Adorável Clichê
Q115899587,Reptile Ranch
Q7900062,Urban Tapestry
Q4347766,Dreyssigsche Singakademie
Q19843786,Cinq de Cœur
Q7754158,The Nightblooms
Q2082003,National Radio Orchestra of Romania
Q61082001,
Q24192011,Johnny Favourite Swing Orchestra
Q131449917,
Q5193697,Cultus Sabbati
Q24286827,Jonas & Sebastian
Q7762210,The Sand Band
Q136385463,Ganja State Philharmonic Chamber Orchestra
Q85864940,DARA
Q12370090,
Q986014,Qkumba Zoo
Q7009881,New London Chamber Ensemble
Q11249177,THE ZOOT16
Q107933712,Stadtorchester Ravensburg
Q6431286,Kora
Q116432811,Analfebetism
Q16139927,
Q101836850,Act of Denial
Q3555770,Vercoquin
Q11747862,Krakowska Grupa Bluesowa
Q19296689,Saint Rebel
Q7755721,The Outsyders
Q20101844,Societat Coral El Penedès
Q45272856,
Q6716007,MIDIval Punditz
Q131275207,
Q61749607,Donald Sinta Quartet
Q127603690,Lucky Bags
Q82293855,Brickfoot
Q10475349,Dogday
Q12308919,Dream City
Q3514895,Tamtrum
Q25498473,Uglašena riba
Q7432000,Schofield Pilgrim
Q12758776,
Q60823168,
Q12333652,Rockmaskinen
Q18647666,Mannskoret Arme Riddere
Q22080818,The FreeRolls
Q1723142,Kammerchor Wernigerode
Q579493,Cappella Amsterdam
Q20033152,
Q11224150,INSPi
Q4915887,Bird Nest Roys
Q1810455,LeaderChor Berlin
Q10610051,One Eye Q=Young Wizdom
Q96152238,Kesem
Q7063414,Notre Dame Glee Club
Q2278348,Toonkunstkoor
Q106292596,
Q20439232,MDC zenekar
Q9250253,Ed'mans
Q7907044,VVIP
Q16426951,Sonus Futurae
Q120335525,Yang Skinny
Q17711610,Alien Allies
Q7751413,The Milestones
Q20828682,La Folia Barockorchester
Q109286403,Space Primates
Q3693909,
Q27817991,VanJess
Q106375383,
Q16515952,Agorazein
Q123922923,
Q108121962,Grand Serment Royal des Archers de Saint-Sébastien de Bruxelles
Q2259265,Schönherz & Fleer
Q12810114,Jilet
Q4926753,Blink Indonesia
Q31187982,Neallta Fola
Q23042684,Bow To Each Other
Q15074269,Ends With A Bullet
Q61108022,Sorela
Q25434160,The Beems
Q139243620,Party Wave (band)
Q25502972,Emanuel
Q10460251,
Q12637133,Mješoviti pjevački zbor DVD Drenova
Q2485576,CREA Orkest
Q135206178,Cognizance
Q20684075,F.O.D.
Q65391813,
Q2313410,Spree-Revellers
Q7897330,Unravelled Broken Orchestra
Q10695629,The Last Days of Disco
Q27817039,Imphal Talkies and The Howlers
Q16142627,
Q16139474,
Q96271332,
Q114202134,The Cooltrane Quartet
Q118108080,Madrigal
Q114397878,PUT
Q31277621,
Q5365074,Ellen and the Escapades
Q23013918,Toast of Tampa Show Chorus
Q5905266,Hungry Ghosts
Q137299522,Ole 60
Q12018021,Gajdušek
Q20101845,
Q4241059,Krynica ensemble
Q22126391,Arrival art
Q61363303,Edozein Bi
Q22080515,Raaga Trippin'
Q114060743,The Lairs
Q15408027,Analena
Q109465507,Boekaniers shantykoor
Q29636387,Despise You
Q11078437,
Q105199293,
Q99670699,The Kevins
Q30597841,Stroma
Q55315751,Original Casuals
Q3504703,Superlux
Q10372716,
Q7302178,Reborn
Q107599447,
Q5793257,Cuarteto contemporáneo de Guatemala
Q132127229,
Q22951464,Aurora (band)
Q18358488,Bitter Ruin
Q12269343,Ziklox Garaialde
Q7684022,Tanya Markova
Q11965790,Diva
Q7272700,Quiz & Larossi
Q3768527,
Q16143759,
Q19976837,Jakobstads sångarbröder
Q11250765,The Happy&Bleedin'
Q121603505,Yes We Mystic
Q12078518,
Q928702,Israel Chamber Orchestra
Q11939573,Bratislava Symphony Orchestra
Q24863855,Orchestre Symphonique Français
Q10672623,
Q11984027,
Q104186324,Romanian Youth Orchestra
Q25434364,
Q106829463,Kabir Café
Q10602856,
Q24950677,Liste de chantres et groupes musicaux évangéliques
Q11864673,Air Force Band
Q5035097,Cape Town Philharmonia Choir
Q105672810,
Q14324192,Military Music Band of the Armed Forces of the Slovak Republic
Q6021086,Indian National Youth Orchestra
Q12747444,Šinobusi
Q21569040,Lenacay
Q18245572,S:t Johannes kammarkör
Q19892948,Kings Kaleidoscope
Q12021387,Iuventus Svitavy
Q16845887,The Hyannis Sound
Q122733486,Zero Mentality
Q11309729,
Q85876285,National Broadcasting Symphonic Orquestra (Portugal)
Q13429183,Aly Bain & Phil Cunningham
Q169509,Bach family
Q104603341,
Q113469023,0N4B
Q139676390,London Citadel Band
Q3155529,Isolation Years
Q85864057,
Q120922951,Soċjetà Filarmonika Vilhena
Q57584290,Michele Corino and his Orchestra
Q10898544,
Q107928688,
Q48701432,
Q118313711,
Q16495248,Grup Tıva
Q12723364,
Q56301331,Eldoradio
Q136933226,Dragoncorpse
Q5176143,Coull Quartet
Q11682685,B.E.T.H
Q18249528,Matylda a Tylda
Q5286724,Dobri Isak
Q56354746,Orchestra Triptyque
Q3236191,Les Wopos
Q3693316,
Q12487921,
Q14490239,Boheme Children's Choir
Q5612183,Grupo Armado
Q7004921,Nevine String Quartet
Q135984427,Drottningholm Theatre Chorus
Q11294801,
Q4103072,
Q104531126,
Q20012434,Step Brothers
Q130235268,Gwacamoli
Q61941387,Mysterium Musicum Vocal Ensemble
Q31200165,Gego & Picigin Band
Q135423360,Arcata Stuttgart Chamber Orchestra
Q16086046,Legende
Q13019231,
Q3388329,Pigzwilltoast
Q11504492,
Q16374234,Sirr
Q106374195,
Q55469448,"Quantum Tango,"
Q58630684,Kundalini
Q50273152,
Q7196501,Pint Shot Riot
Q16138500,
Q11243161,SHACHI
Q7425993,Sateliti
Q16409421,Band of the Estonian Defence Forces
Q12484464,
Q6074542,
Q4397655,Rondo (group)
Q122920198,De Lalande family
Q83661319,Sea Scout
Q106313639,
Q129941192,Schlaasss
Q48699424,Fizzy Blood
Q26719051,Farvenspeel
Q16427652,
Q138330183,
Q126181519,Tamkang University Chinese Orchestra
Q16732422,Meet Bros
Q139762681,Crystal Lake Brass Band
Q28958246,Il Sogno del Marinaio
Q10674594,Speedfreaks
Q99479233,We Are Knights
Q15053469,Shady Bard
Q131275150,
Q6527114,
Q12253937,Argoitia neba-arrebak
Q16097233,Voiture
Q11699903,Glabulator
Q55466225,"Los Bolivios,"
Q4881688,Bel's Boys
Q3547669,Ubuhle be Afrika
Q11299909,Chroming Rose
Q108731157,Bataille
Q133265471,LBD
Q3039222,Dreaggan
Q705499,State Symphony Orchestra of the Democratic People's Republic of Korea
Q104869955,Fat Tuesday
Q61365716,Hezurbeltzak
Q15052840,Barb Wire Dolls
Q137440420,Sir Starmer and the Granny Harmers
Q124460036,
Q104530814,
Q132778001,
Q104845110,Flor de Toloache
Q3539324,Trio Sud
Q12246871,
Q127424951,Rumkicks
Q10589681,Motorjoke
Q3706282,Deviates
Q16239603,Freak Party
Q106437902,Jord
Q125260635,Honey Revenge
Q6917325,Mother Destruction
Q95078303,
Q99510872,Cmix
Q65254905,
Q625366,Soweto String Quartet
Q7244661,Princess Katie & Racer Steve
Q124372875,Ogbert the Nerd
Q16138389,
Q11287204,Ilkae
Q770384,A House
Q10649621,Rankarna
Q20474229,Cosmosquad
Q114019814,Banda de los Supremos Poderes de El Salvador
Q140188093,Empanadas Illegales
Q2270387,Martin en Áine Furey
Q62592090,Tanzorchester Heinz Igel
Q139762578,Iroquois Cornet Band
Q122926962,Opus 333
Q10851573,
Q10968567,Izingane ZoMa
Q4053110,White Sound
Q11524514,Tokyo Nikikai Opera Foundation
Q3140331,Hookers 'N' Blow
Q25581843,Manas Presidential Chamber Orchestra
Q128995867,Fight Clvb
Q110069319,
Q104876125,
Q3059364,Eton Road
Q4310872,N.E.P.
Q56309129,
Q112161098,Wayward Sons
Q18660126,
Q138542362,Rexoria
Q12255153,Bide Ertzean
Q17750438,Bjarne Liens kvartett
Q94580548,Roma and Sinti Philharmonic
Q6015683,Dostlar
Q115869378,
Q125338448,
Q12376440,
Q21716101,Zdounečanka
Q47757743,Muzikale Kring De Philharmonie
Q60986509,
Q85762164,Friendship
Q3726179,
Q136401786,Freekind
Q10695591,The Headless Marines
Q7015640,New Zealand Secondary Students' Choir
Q106989794,Master Chorus Eastside
Q16834758,Eight Beat Measure
Q117012196,Bleed This Earth
Q12289508,Otryad 13
Q3896115,
Q28060038,Pirin
Q17215866,BALANCE COATED
Q4254780,
Q7202100,Plastics
Q11862164,Helsinki Police Band
Q56278484,Useless Eaters
Q11492181,Kyōakukyōjindan
Q25351865,The Nomads
Q10723603,Yngve Forssells orkester
Q61361895,Arean
Q12595024,
Q810407,Basler Kammerorchester
Q122927108,Surnatural Orchestra
Q9368489,Vexel
Q31273877,
Q7576670,Sphere3
Q126392460,hackedepicciotto
Q1885758,Mainzer Singakademie
Q111730124,Frontline
Q1993890,Nisvanis
Q4045293,New Era Orchestra
Q132753034,Datguddiad
Q5631641,Vlaams Radiokoor
Q11914375,Cobla Jovenívola de Sabadell
Q48351994,
Q21874648,
Q109596532,Enjin
Q130681770,
Q3200952,Kyma
Q112888619,The Vowels They Orbit
Q16404908,
Q5958759,Kayma
Q21546039,Crossbones
Q7984360,West Australian Opera
Q109692476,Xanguito
Q122329554,
Q4940660,Bomberos
Q10559661,Leslies
Q107619661,
Q130731163,
Q31188474,Napoka Iria
Q12262957,Mantisa
Q122180087,Godcaster
Q5512638,G.a.s. Drummers
Q7739097,The Hazey Janes
Q136140402,
Q12252789,Adikune
Q2822055,Abstrackt Keal Agram
Q3072244,Filthy Charity
Q65008009,Me And The Rest
Q39072671,Grupo Extra
Q3047243,
Q11661153,Jeunesses Musicales du Japon
Q16113631,Neno Belan & Fiumens
Q3480984,Sexypop
Q56254034,
Q30136882,Revolting Puppets
Q28408330,The Ransom Collective
Q1685316,Xyrion Trio
Q16423903,
Q4854625,Bandit Queen
Q28763244,Kennek
Q3377493,
Q11752388,
Q6957766,NadimaČ
Q12262946,Manent
Q111912379,Halloweens
Q16358362,
Q30315705,Jean Luc Ponpon
Q4160984,
Q12744711,Blues rezervata
Q4172457,
Q104830929,
Q12071924,Niagara
Q2758071,Luna Amară
Q16967963,Purest Form
Q16143162,
Q118673841,Quartetto Esterházy
Q139568630,RUGG
Q124004708,LEGADO 7
Q104817386,
Q121361210,Shanghai Film Orchestra
Q20077392,
Q65232499,THE sexy Korum Korum
Q24950530,Lush & Simon
Q6374947,Kat & Roman Kostrzewski
Q124329171,Midnight
Q6321424,JøKleBa
Q106797755,The Castiles
Q5331043,Eastyle
Q12781853,Štátna opera Banská Bystrica
Q17104570,Viswanathan–Ramamoorthy
Q65232000,ShYbeast
Q4650383,ABS-CBN Philharmonic Orchestra
Q6265364,John ac Alun
Q6087829,Pickpocket
Q12004165,Svarte svingende
Q99745072,Mars Plastic
Q6697926,Lucky Lew
Q7013861,The Eretz Israel Opera
Q11988286,
Q6737915,Majke
Q43140792,Antwerps Bachkoor
Q19744391,
Q7960067,Wailing Wall
Q20048736,Marquinhos e Dolores
Q2700487,Product
Q134729809,Jewish Culture Society Chorus
Q4070142,
Q2030750,
Q10282137,
Q130260454,
Q3576453,Zébulon
Q85999510,
Q31739553,Systraat Serenade
Q124358160,Frog
Q5960064,Kitty B
Q136295545,Nihonbashi Opera Tokyo
Q13013224,
Q3521348,The Hyènes
Q63208487,
Q131275102,
Q29598846,Paroxsihzem
Q1896942,Marianne und Michael
Q5155498,Company
Q16566991,Kocin Kociński Trio
Q1287200,Serenus
Q2739699,Kíla
Q95387053,Rundfunkorchester Hamburg
Q22773819,
Q20712719,Buffalo Sunn
Q10695605,The IMF's
Q123261670,Kieselguhr
Q135517778,Flyin Up
Q661098,Somatic Responses
Q2893310,Beautiful Leopard
Q12043711,Pankix
Q27916489,Baby et Lulu
Q12041481,Nuck Chorris Gang
Q22669287,Infernal Torture
Q30922523,
Q12284517,
Q85807967,The Mystic Knights of the Oingo Boingo
Q123261850,Malum Persicum
Q134053383,Secretariat
Q4759513,Androp
Q55557001,Koninklijke Muziekmaatschappij Sint Cecilia De Haan
Q108635377,Brevard Music Center Orchestra
Q73759936,Arilyn
Q5431449,Fakawi
Q20048660,Jads & Jadson
Q25464253,
Q3693813,
Q3072819,Fireballet
Q31895560,Alenah
Q48817126,Astronoid
Q2385355,La Foule
Q10601304,Nisses Nötter
Q25550562,Trio Italiano d'Archi
Q136694915,Nakagusuku Junior Orchestra
Q138390990,The Darrow Chem Syndicate
Q11192886,C4
Q85864776,CLEEM MIKU
Q136825334,Band of Gypsys
Q105676408,Uralym
Q137456056,Afro Miziiki
Q65254835,
Q139561201,San Francisco Choral Artists
Q3206390,La Bamboche
Q16423623,Pelican
Q28421691,White Light Motorcade
Q98961667,
Q135675757,Utopia
Q65448174,
Q57830624,a cappella Gold
Q7124193,Paganizer
Q6358854,KammerChor Saarbrücken
Q7824846,Topi Drama
Q27817675,London Musici
Q61394253,
Q124724977,Odienne Philharmonic Orchestra
Q7239444,Precious Fathers
Q7642632,Super Numeri
Q2866249,As We Fall
Q106448716,
Q3355291,Joensuu City Orchestra
Q10426305,Barbie
Q2864510,Art-School
Q9189988,Chludowianie
Q139762650,Argureon Cornet Band
Q117482172,
Q10419801,
Q16306201,
Q7195978,Pink Champagne
Q49100930,Betlehemskyrkans Musikkår
Q10684484,Svarteskerm
Q16239093,Bilge Pump
Q7169522,Perper
Q138330184,
Q30929831,
Q24887623,P.O.P
Q7569950,Southern Gospel Choir
Q5580724,Goliath and the Giants
Q97187067,Svidaniye
Q137770146,STAFFcirc
Q131344079,noise annoys
Q7432840,Schreck Ensemble
Q2932299,Cabestan
Q3358552,Out
Q122920374,Wendling family
Q3192611,Kandyss
Q25668086,
Q123969444,
Q5418528,Evmolpeya
Q12072593,
Q5637026,Hacettepe Symphony Orchestra
Q28163667,Rarity
Q11195522,DASH!!
Q11241314,Rude Bones
Q79029627,Bondfire.
Q87492908,
Q2290077,Sirius B
Q10341693,Orquestra Sinfônica Nacional da Universidade Federal Fluminense
Q4494908,
Q4124541,
Q120335661,
Q7392075,SONO
Q1177701,Miskolc Dixieland Band
Q6745904,
Q7617010,Still Blind
Q25351809,The Electras
Q17104398,Team Rockit
Q56669299,
Q4748494,Amplifico
Q1076279,
Q126937253,Għaqda Każin Banda San Filep
Q12273923,
Q106367747,
Q4890378,Valencia Orchestra
Q131344071,Noise Annoys
Q22908460,Flying Down Thunder and Rise Ashen
Q16138335,Klear
Q18225391,
Q5459649,Flip & Fill
Q7771063,The Uglyz
Q4139972,
Q19976821,Häxmjölk
Q139780413,Timsel
Q56272698,HO2
Q5490869,M. N. Sobolev
Q65015335,Gabriela Krapf And Horns
Q11238079,P&ART SASANOOOHA
Q44640411,Cilver
Q122571919,Dagdagan
Q117253168,Shade of Blue
Q9385367,Zabili Mi Żółwia
Q113570267,Ashram
Q4044181,MiNensemblet
Q137485480,
Q904700,
Q65080510,Kee of Hearts
Q4673464,Achanak
Q48699801,K-Town Clan
Q113945850,Yulara
Q1136697,
Q61053441,RAiNBOW Music
Q108649575,MFR Souls
Q9337127,Sing Sing Penelope
Q12062538,Audi Sile
Q27864687,Maxim
Q7374122,Royal Dunedin Male Choir
Q18455649,PRITZ
Q4160591,Jungle
Q12277125,
Q133543408,Hermanos
Q130386993,
Q20625449,Wiltsje fan Peazens
Q106928049,Athena & the True Love Band
Q19937298,
Q12254470,Audience
Q11978291,Jazzin' Babies
Q12740911,Sincron
Q15736272,Asiatic Warriors
Q12748936,
Q11344246,More Rhythm
Q122761978,Ballard family
Q115691392,
Q137455991,AIC Vijana Choir Morogoro
Q104201235,Aurelian Singers
Q107642699,Alistair Hennessey
Q1867157,
Q96337339,Our Native Daughters
Q20473634,
Q12299236,
Q13137487,Pir
Q12310973,Fahrenheit
Q2923592,Brain Damage
Q31091262,Hoppál Mihály Band
Q137187804,
Q5277709,Dimmer
Q16115603,Ready Cool
Q12116461,
Q65264910,
Q5504352,Friends of the Stars
Q49103860,Primal Instinct
Q135423574,Mother's Angels
Q28450795,Skyliners Drum and Bugle Corps
Q2832495,Aleksandar Makedonski
Q5530009,Geezer Butler Band
Q106940624,The Underachievers
Q11950012,
Q7919336,Veltpunch
Q62591572,Lost Bodies
Q2978924,
Q25640470,Fanfare Concordia Maastricht
Q65036868,Daniel Bagutti Quartet
Q23013446,4th Impact
Q140190958,Tinge
Q12254644,Bad Sound System
Q138413630,Nikolai Komyagin
Q5013296,COGASM
Q3812724,Kan'Nal
Q4377057,
Q18516871,Baby Guru
Q4030640,
Q84939612,Tony and Irene Saletan
Q3535431,Tournée Générale
Q9322942,Rotary
Q97278005,HP Boyz
Q54958808,The Boobé Sisters
Q7762159,The Same
Q16655320,Illinoiz
Q12343016,The Defenders
Q12263501,Metralleta
Q97363688,
Q96411308,Tuk Smith and The Restless Hearts
Q587287,T with the Maggies
Q9191968,Chór Akademicki Uniwersytetu Warszawskiego
Q120335721,
Q104641993,
Q5119965,Cilindar
Q56402029,
Q12136353,
Q9199834,
Q10710409,Urban Släke
Q1872305,
Q3210927,La Musique du Royal 22e Régiment
Q31479391,Verbal Escrotum
Q116980751,Silver Creek Mountain Band
Q104862287,Pantha
Q20558517,Top
Q16689982,
Q61654348,Pioneer Valley Gay Men's Chorus
Q16834532,Echoes and Signals
Q106619775,
Q11688040,Big Dance
Q17420619,
Q126927282,
Q18218501,Tržaški Partizanski Pevski Zbor Pinko Tomažič
Q7267811,Qingdao Symphony Orchestra
Q4356541,Parasense
Q6439023,Krosfyah
Q65173291,
Q7239774,Preeti & Pinky
Q108121408,Fanfare du Meyboom - Meyboomfanfare
Q19391413,Svidd Gummi
Q3414437,Quic-en-Groigne
Q61404593,
Q61364092,Kafha
Q2529306,Vlach Quartet
Q1319884,Ensemble Alarius
Q3817654,Bosquito
Q28665741,
Q61982511,
Q139676062,Plumbing Factory Brass Band
Q112341328,Shwi no Mtekhala
Q11721347,
Q2530389,Voice Event
Q10658857,Röda kapellet
Q97178518,Moon Wiring Club
Q17635251,Mokoomba
Q24898988,Pallet
Q7564830,Soundarcade
Q31188071,Gadafiste Brothers & Sisters
Q137802444,Hannah Sanders & Ben Savage
Q7451880,Sephira
Q4529889,Oedipus Complex
Q18290984,Isak Strand vs. TOE
Q111848394,Bill Samuels Trio
Q2329461,
Q6121377,Jade String Quartet
Q4371288,
Q112710610,Horse Meat Disco
Q21559113,
Q24290056,
Q3308355,Pescozada
Q105271655,
Q14708274,Western Carolina University Pride of the Mountains Marching Band
Q63208459,
Q12289319,Orion
Q97658116,
Q5556508,Ghetto Brothers
Q99600444,Timoys
Q135515744,Eprom
Q28687414,SudannaYuzuYully
Q11499212,
Q30527146,Mo'adon Haketzev Shel Avihu Pinchasov
Q5928525,Hudson & Landry
Q19308128,
Q127278420,Burnaby Lyric Opera
Q5600590,Greater Kensington
Q113482649,Peepholes
Q16845759,Húsakórið
Q85985921,
Q20687617,Wobble Jaggle Jiggle
Q3433125,Rise and Fall of a Decade
Q137643560,MERS
Q11869641,
Q1988636,
Q134376430,Revelation
Q11899308,
Q6436873,Krettly Quartet
Q13048448,
Q47169196,Jenny and Johnny
Q11291203,
Q12501541,
Q113080685,Die Choryfeen
Q17748303,Airamero
Q2473371,São Paulo State Symphony Orchestra
Q137455927,The Holyday
Q106468944,Wells Cathedral Choir
Q113076492,Rheintochter
Q103043847,Orchestra Regional de Jazz d'Alsace
Q10581924,Merryland
Q16113089,Narodni dar
Q11771898,Maxel
Q7761498,The Roosters
Q79054060,Scarcity Of Tanks
Q16844515,Home Brew
Q109633544,Tiels Mannenkoor
Q10695573,The Grand Trick
Q5681189,Hate Force
Q67438567,Seattle Symphony Chorale
Q128404294,Għaqda Mużikali Marija Annunzjata
Q132358685,Cantata Profana
Q6975891,Little Tel Aviv
Q27535197,Nowhere Boys
Q123691904,Combo Chimbita
Q123524169,Electric Johnny & his Skyrockets
Q55286290,Muse Girls
Q1135589,Taiyō to Ciscomoon
Q3693850,
Q89438035,The Church Keys
Q17065558,Tadpole
Q9390022,
Q86659857,
Q131926713,Floya
Q110548528,Pi de la Serra
Q60839937,
Q10684604,Svea livgardes fältpiparkår
Q2826248,Afrodiziac
Q65035893,Royal Flash
Q114765120,Qlowski
Q124050053,LiLYPSE
Q10576145,Malmö akademiska orkester
Q12075646,
Q120335745,
Q4903767,Bicycle Thieves
Q6761086,Maria Cecília & Rodolfo
Q18151710,Gold Drum and Bugle Corps
Q117705173,Herman Keh
Q16665569,Kontora Kooka
Q106537854,P1X3L
Q105908729,Atramentus
Q134622245,Drown in Sulphur
Q11201088,GIRAFFE
Q2262686,The Freak Accident
Q104868724,Make Them Die Slowly
Q111785283,
Q7755774,The Ox and the Fury
Q2960810,Charlie & Charlie
Q39072278,Les Vikings de la Guadeloupe
Q111907442,
Q5252760,Deka Moni
Q107630584,
Q7755361,The Original Caste
Q125157087,Underwater Circus
Q4150665,
Q3312263,Micropoint
Q3297294,Masnada
Q139546277,Chinabot
Q23906581,Orléans symphonic Orchestra
Q96384261,Jax Jones & Martin Solveig Present Europa
Q110895119,Brantford Symphony Orchestra
Q111893384,Plethora
Q56299576,
Q6692478,Loves Ugly Children
Q4036093,Cheshires
Q16487021,
Q11735030,Kapela Warszawska
Q135332701,Celtic Tradition
Q136556160,Kalā jeng
Q6699821,Lugnut
Q96374954,Choir of New College Oxford
Q3656192,Irfan
Q16655120,Les Maxel's
Q133284509,
Q132758325,National Youth Brass Band of Wales
Q12044678,Peshata
Q120335627,
Q3441298,Wild Water band
Q30643063,Dead Favours
Q110895189,Scarborough Philharmonic Orchestra
Q61841654,Beto y sus Canarios
Q10852673,Square
Q12737495,ParadigmA
Q106375179,
Q10512446,
Q18246274,Svenska Löd AB!
Q85845848,E.G.family
Q13434826,Satelit Kanibal
Q112111653,Strange Kind of Women
Q117825625,Tasha & Tracie
Q69104747,Baritone Saxophonists
Q1370991,
Q10510275,Gudibrallan
Q83719865,Viestiveljet
Q48752639,
Q16563353,Himmerland
Q99542274,Creative Impressions
Q31886715,Tvärvägen
Q130581176,Unpersons
Q106292533,
Q31082454,Secret Sensation
Q9362649,Tumbao
Q11963532,Chicas del Coro
Q130312417,Akademska folklorna skupina Študent
Q68200851,Crispy
Q18762559,South Czech Philharmonic
Q7094447,Onoff
Q16145980,Backyard Dog
Q12006031,Third Brigade
Q21474011,
Q1996180,RTV Slovenia Symphony Orchestra
Q18242182,Göteborgs Brechtensemble
Q30928781,Feel So Alive
Q125157121,Talk Radio Talk
Q16959949,Oeldorf Group
Q5494272,Freaks of Reality
Q11188814,ABNORMALS
Q82111216,Silent Front
Q10487661,Erik Lihms
Q17428771,Lost Department
Q7064618,November-7
Q25514603,Voces Tallinn
Q1258545,Dresdner Motettenchor
Q104876109,Joachim Quartett
Q4407739,Musical Comedy Theatre
Q55600323,...Whatever That Means
Q85305719,
Q3693303,
Q16211954,Moorhouse
Q110048039,Montenegro Youth Orchestra
Q10368242,Santo Remedio
Q63314203,Women's Symphony Orchestra of Chicago
Q3205792,
Q16569697,L'Effet C'Est Moi
Q1029355,Gyergyóalfalvi Helikon Fúvószenekar
Q42434811,Ideflawen
Q124423418,
Q9346166,
Q5579786,Golden Shower
Q6029998,Infinity 16
Q25667864,
Q30909221,Elbląg Chamber Orchestra
Q110895151,London Community Orchestra
Q122969444,Distorsión
Q6745449,Mamas Gun
Q7711927,The 4 Cats
Q84849940,Words To Remember
Q63208492,
Q104642834,
Q21169351,Hollow Limit
Q7401520,Saint Joseph's Institution Military Band
Q11711768,Iluzjon
Q3624943,Sokol (Soviet band)
Q18712796,Beatenberg
Q22122617,Agnes Vein
Q12047383,Prácheňský soubor
Q7413607,San Diego Children's Choir
Q54873868,Scatter Their Own
Q60990528,BACK LIFT
Q130530466,Mystic Merlin
Q10531475,Hälsingepojkarna
Q11799212,
Q22128873,MELT MY MEMORY
Q11869515,Krysostomos
Q4759463,Androids of Mu
Q65012960,Klaudiusz Zylinski's Blanks of Silence
Q48700516,
Q122882607,Blueblut
Q4734865,Alph Lyla
Q55727964,Cold world
Q138297104,
Q22080757,Aye Nako
Q64995779,Robert Lakatos Trio
Q10603818,
Q24963934,Rosy & Andres
Q96403506,SHAPE International Band
Q7978074,Weapons
Q17388337,Et Cetera
Q125184523,Hermanos Inglesos
Q15041036,Rising West
Q16873060,Mika sy Davis
Q5565138,Gito Gito Hustler
Q6297005,Joy
Q139499383,EMPRESS RAV
Q515308,Bx3
Q60841768,
Q10651047,Replicats
Q66825450,Gustafs Dagar
Q4304947,Paco de Lucía Sextet
Q19560032,Baltic Fleet
Q16242028,La Compañia del Tango Nomada
Q28805857,Baltik
Q17769334,
Q5187260,Crocats
Q4038430,Exit Project
Q39042617,
Q12299197,
Q12956987,Eleven11
Q28869513,
Q130363371,Proulx - Demers
Q105741067,
Q124004700,Banda Sinaloense Los Huejoteños de Badiraguato Sinaloa
Q132778103,
Q2459169,
Q30880418,
Q133500498,Japan BGM Philharmonic Orchestra
Q5608451,Greylevel
Q99670863,Original Soulboy
Q139780534,9DayzGlitchClubTokyo
Q116722962,Sons of the Silent Age
Q137456006,STDz
Q16630201,Duende
Q5495457,
Q23044182,Beglomeg
Q3093023,G-Squad
Q89671419,Göttingen Boys' Choir
Q3613689,Amaryllis Consort
Q106313871,
Q2906231,Blasted
Q24038544,Tribe Society
Q21569178,Transadelica
Q125585038,
Q139661542,Ultrastar
Q11192349,Biedronka
Q2071085,Alien Dream
Q124655299,Orthodox (band)
Q116922142,Blessing Offor
Q6825210,
Q3051151,Elista
Q140195195,Choir Cantiamo
Q5099792,China NCPA Concert Hall Orchestra
Q118583596,Street Eaters
Q10461257,Credokören
Q138121157,Tigaray
Q16934986,Rick Estrin & The Nightcats
Q1469257,
Q12254750,Banana Inc
Q10310903,Jotta Herre
Q9363586,Tuman
Q109041547,
Q120335562,
Q28836446,Bella & Filippa
Q6410890,King's College Harmonica Band
Q124004625,Los Dinamicos del Norte
Q5221284,Danubius Quartet
Q12361264,
Q116867817,Stratvm Terror
Q55637021,Vein.fm
Q96216975,Australian Army Band Newcastle
Q23308126,RockA
Q13023780,
Q10341688,Campinas Municipal Symphony Orchestra
Q55099310,Mammoth Penguins
Q8063316,ZZAJ
Q10505444,Glesbygd'n
Q6990487,
Q123165581,
Q66977844,
Q11686682,Arfik
Q20182841,
Q25450109,
Q121603509,Waste of Space Orchestra
Q131275157,
Q105853790,Swiss Orchestra
Q115242885,Little Daddy & the Bachelors
Q11989802,
Q131275203,
Q1865683,
Q11198904,FANTA ZERO COASTER
Q25456958,Hi Lockation Markets
Q97277463,
Q65121268,Giants in the Trees
Q10680530,Stockholms gosskör
Q85767506,Hovvdy
Q48701963,Partisan Choir
Q7769939,Transcenders
Q105171923,
Q28688377,MUSIC FROM THE MARS
Q2064192,
Q113076490,Berliner Heartchor
Q124400046,
Q7729574,The Defectors
Q21666045,Crown the Lost
Q12334773,Scream Club
Q3054847,
Q31889655,Age of Woe
Q10701718,Treklang Reggae
Q2917040,Orquesta Chepín-Chovén
Q17322169,
Q3437715,Rock n Roll Soldiers
Q11926142,Huapachà Combo
Q96755879,
Q11929228,Youth Symphony Orchestra Castelló
Q107294726,Surinaams Philharmonisch Orkest
Q85867740,The Love Ningen
Q20106169,
Q128796748,Rosehip Teahouse
Q3235318,Les Satellites
Q120335732,
Q106604021,
Q20106325,
Q11526176,Tohoku University Symphony Orchestra
Q13090474,Skroz
Q120335515,
Q137301885,North German Orchestra Academy
Q136696027,Kurume City Orchestra
Q7956894,WVM
Q11815648,
Q12746752,Potres
Q7227083,The Polytech Choir
Q137927347,
Q18638886,Grin Department
Q2994740,Consort contemporain de Québec
Q13632873,
Q24229349,Way Station
Q10412941,Ansambl Urošević
Q18477829,
Q97216690,
Q109611638,
