genre,genreLabel,genderLabel,artist
Q132438,black metal,female,15
Q29973057,gqom,male,1
Q186472,folk rock,non-binary,2
Q124791567,Drum and bass electronic rock,male,1
Q1425661,folk punk,male,18
Q486263,bossa nova,male,130
Q783097,college rock,female,1
Q65089257,punk rap,male,19
Q2988851,Finnish rock,female,1
Q663979,glee,male,1
Q3392209,tonada,female,2
Q726239,noise music,null/unknown,2
Q574651,anti-folk,male,9
Q5110298,Christian alternative rock,male,4
Q2726026,konpa,male,24
Q9089200,totalism,male,1
Q13627677,psychobilly,male,10
Q14493900,Texas country music,male,5
Q117187744,Jewish liturgical music,female,1
Q539089,third stream,male,7
Q3328692,music of Iraq,female,1
Q1123745,Glam punk,male,6
Q107010574,halftime,non-binary,1
Q106642120,Bashkir folk music,female,1
Q213714,bluegrass music,male,191
Q4971454,British soul,female,1
Q28517114,Andean music (Colombia),female,1
Q325397,indietronica,travesti,1
Q623824,arabesque,male,8
Q830634,Minnesang,male,3
Q1995980,new rave,male,1
Q113493820,French electro,genderfluid,1
Q18110001,Azerbaijani pop,female,2
Q2743435,psychedelic soul,male,4
Q1051735,soca music,female,7
Q16491869,Dominican dembow,male,20
Q1049625,musical improvisation,male,10
Q783097,college rock,male,1
Q1166158,dark cabaret,female,4
Q9759,blues,non-binary,1
Q968730,industrial rock,male,28
Q973150,mandopop,male,146
Q2464833,Turkish hip-hop,male,3
Q115485183,sigilkore,male,1
Q2743,musical play,male,138
Q9078960,Motown,male,1
Q484641,pop rock,trans woman,1
Q65936391,acoustic rock,female,3
Q3807537,orchestral jazz,male,2
Q6742070,Malaysian popular music,male,1
Q48941193,Tatar pop,male,4
Q7800608,desert blues,female,1
Q757143,chill-out music,male,9
Q5643186,cumbia amazónica,male,1
Q10846275,Akiba-pop,male,1
Q5794682,cumbia norteña mexicana,male,1
Q320592,Krautrock,male,26
Q211723,speed metal,female,1
Q106528422,glitch pop,female,2
Q7496127,shidaiqu,female,3
Q7248857,progressive music,male,4
Q155858,music of Ukraine,male,2
Q5731395,bolero ranchero,female,1
Q211756,dance-pop,non-binary,3
Q722989,Hungarian folk music,female,1
Q1089050,Latin alternative,female,1
Q1702909,raga rock,male,3
Q69596,Thumri,male,2
Q906647,Dixieland jazz,male,61
Q4145841,rock fusion,male,2
Q4159719,Armenian jazz,male,2
Q8812109,church music,female,4
Q725011,neo-classical metal,female,3
Q2566660,British rock,male,1
Q117193815,slushwave,male,1
Q114443489,partyschlager,female,1
Q37073,pop music,travesti,1
Q9048261,urbano music,male,21
Q131272,soul,female,835
Q2004156,industrial hip-hop,male,5
Q98528299,Liedermacher,male,1
Q211756,dance-pop,intersex trans woman,1
Q12497663,psalm,female,2
Q188450,electropop,transmasculine,1
Q2956156,Occitan chanson,female,2
Q268253,neo soul,trans man,1
Q834959,samba rock,female,2
Q660984,intelligent dance music,trans woman,2
Q11162353,jiuta,female,1
Q2101610,political punk,male,1
Q2863648,arrocha,female,3
Q3437841,French rock,female,4
Q2532274,Volkstümliche Musik,female,6
Q783874,nasheed,male,27
Q3328778,tropical music,male,23
Q4942839,boogie,female,1
Q135637,chiptune,male,31
Q76092,glam rock,male,89
Q1370345,musical theater,male,9
Q4797,conjunto,female,1
Q4736507,alternative electronic,male,3
Q1440196,ambient industrial,male,1
Q4428744,son cubano,female,3
Q1936659,Nederpop,female,20
Q1323698,Indian classical music,male,103
Q97216998,Java-pop,male,2
Q627906,electro house,male,169
Q1077172,instrumental hip-hop,male,5
Q608862,anime song,female,79
Q11366,alternative rock,agender,1
Q959583,schlager music,female,212
Q1062702,video game music,trans woman,1
Q1228230,Dutch house,female,1
Q106404229,melodic dubstep,male,1
Q9162904,avant-pop,undisclosed gender,1
Q2407862,Americana,male,120
Q2994332,rock en español,female,3
Q1773654,country folk,female,1
Q3071,punk rock,trans woman,4
Q107697041,g-house,male,1
Q6701559,luk krung,male,1
Q98528482,abstract hip-hop,female,1
Q106583068,dreampunk,male,1
Q1808721,sound poetry,male,1
Q2668052,Dutch-language music,female,8
Q20825943,Balkan pop-folk,male,4
Q710425,nakasi,female,1
Q1162954,French pop,male,10
Q2835456,Nigerian hip hop,male,1
Q9759,blues,female,276
Q28401124,yacht rock,female,1
Q65937954,contemporary country,male,2
Q1750049,modern jazz,female,1
Q25448883,pagode baiano,female,1
Q747717,heartland rock,female,1
Q7309098,regional Mexican,male,42
Q592060,free improvisation,male,47
Q1026089,Cajun music,female,5
Q844245,Gypsy jazz,male,59
Q825769,crust punk,female,2
Q2064394,worldbeat,male,8
Q111973339,American roots music,non-binary,1
Q828181,Rock Against Communism,male,2
Q675553,swamp rock,male,7
Q868855,old-school hip-hop,male,19
Q217467,art rock,male,117
Q96395212,neoperreo,female,10
Q805130,ballade,male,29
Q2710523,ragga jungle,male,1
Q110143732,Serbian pop-folk,female,2
Q1982426,New Orleans jazz,male,1
Q1195253,sea shanty,male,4
Q12274232,Bulgarian folk music,male,56
Q131272,soul,non-binary,7
Q899116,neoclassical dark wave,female,2
Q6432024,Korean rock,female,1
Q370515,new wave of British heavy metal,male,3
Q1643549,dance-punk,female,2
Q83440,country music,genderfluid,2
Q885561,blue-eyed soul,male,49
Q181010,hard bop,male,95
Q932977,crossover thrash,male,17
Q106298881,contemporary folk music,non-binary,1
Q8341,jazz,intersex woman,1
Q1583807,art music,genderqueer,1
Q641357,avant-garde metal,female,3
Q1930107,kroncong,female,7
Q773880,bitpop,male,1
Q21662779,Neue Musik,male,1
Q13646229,gothic music,female,2
Q98909757,norteño-banda,male,5
Q423918,acousmatic music,female,1
Q1956166,Muwashshah,male,2
Q199415,ziglibithy,male,1
Q185298,a cappella,female,13
Q876171,East Coast hip-hop,male,162
Q1621467,symphonic black metal,male,13
Q1361891,jōruri,male,1
Q106917640,kleinkunst,female,3
Q221686,twelve-tone technique,male,28
Q235858,traditional folk music,genderqueer,1
Q966564,hardcore hip-hop,trans woman,1
Q5654316,harawi,female,1
Q2744144,Gharnati music,female,1
Q460674,ska punk,female,2
Q2281713,cantiga,female,1
Q28055053,Q-pop,female,2
Q2047814,Palingsound,male,4
Q60743281,Korean indie,male,1
Q188450,electropop,male,95
Q2406900,twoubadou,male,2
Q4452477,Tatar folk music,female,1
Q124357128,gabberpop,female,2
Q1164252,deathrock,male,3
Q964987,music of Spain,male,2
Q6941842,music for the Requiem Mass,male,2
Q28206879,Brill Building,female,2
Q3401087,poésie courtoise,male,1
Q65937946,modern classical music,male,11
Q1202208,joropo,male,10
Q1928583,Northern soul,male,2
Q1262697,mento,male,4
Q832665,Hard trance,male,3
Q105334717,progressive soul,male,3
Q2332751,avant-garde music,non-binary,2
Q2452152,dark psytrance,male,2
Q1076513,choral music,male,51
Q51446080,Zhōngguó mínjiān yīnyuè,female,1
Q903735,breakcore,null/unknown,2
Q2253688,dark music,male,1
Q185676,fado,female,61
Q963369,vispop,male,4
Q4034145,antipop,male,1
Q9778,electronic music,genderqueer,2
Q2369761,salon music,male,9
Q586110,forró,female,14
Q130572,music of the Soviet Union,male,4
Q7832297,traditional Japanese music,female,1
Q56342556,classical crossover,female,5
Q829147,protest song,male,33
Q278409,Hokkien pop,male,18
Q1537056,light music,trans woman,1
Q69596,Thumri,female,3
Q848399,Easy Listening,female,35
Q428656,album-oriented rock,female,4
Q107267759,Arabic jazz,male,1
Q2864671,art lyrique,female,4
Q104695865,hyperpop,non-binary,4
Q2603965,piano blues,female,1
Q274401,oi!,male,2
Q9759,blues,male,1515
Q188534,grindcore,male,23
Q848852,Eurobeat,female,7
Q7185310,Philippine folk music,male,2
Q89363113,singer-songwriter music,female,21
Q325397,indietronica,genderfluid,1
Q2956164,Quebec chanson,male,2
Q896513,Hamburger Schule,female,1
Q515074,Louisiana blues,female,1
Q1245902,spectral music,female,1
Q132598288,anti-racist music,male,1
Q178145,gothic metal,female,26
Q10334890,music of Mali,female,1
Q20502,house music,trans woman,3
Q612024,contemporary classical music,male,278
Q2614533,British folk rock,male,2
Q1426909,flamenco jazz,female,1
Q132438,black metal,male,205
Q831354,Smooth jazz,male,46
Q118120984,Punjabi pop,male,1
Q174873,cantata,female,2
Q723418,cumbia,female,24
Q9748,concerto,female,4
Q108297209,canzone d'autore,female,1
Q3090876,funaná,male,1
Q7309098,regional Mexican,female,8
Q7122786,Pacific reggae,male,1
Q1374731,Eurodisco,male,18
Q11330425,therapy music,male,1
Q535328,gaita zuliana,male,5
Q20502,house music,female,200
Q5128236,classic country,cisgender man,1
Q1780056,norteño,female,3
Q25448883,pagode baiano,male,2
Q623904,Andalusi classical music,female,4
Q584752,pornogrind,null/unknown,1
Q627906,electro house,female,16
Q949369,funky house,male,3
Q9759,blues,trans man,1
Q529742,boom bap,female,1
Q3477737,seggae,male,2
Q2000173,Gnawa music,female,2
Q205560,trip hop,non-binary,1
Q2562237,music of Syria,male,1
Q124060761,Igbo Christian music,female,1
Q85748774,Brazilian bass,male,6
Q325504,electronic rock,female,11
Q109833526,Scandinavian pop,female,1
Q20022908,party music,male,1
Q1641839,experimental rock,male,111
Q973150,mandopop,female,121
Q25629962,kawih,male,1
Q1420722,partido alto,female,1
Q771291,sean-nós singing,male,11
Q486365,anarcho-punk,male,12
Q25230739,mahraganat,male,1
Q110592421,Christian pop,male,1
Q1973965,Nederhop,female,4
Q16295131,urban cowboy,male,1
Q255406,jazz rap,female,1
Q132531675,feminist music,female,2
Q107515261,digicore,non-binary,2
Q189201,chamber music,female,17
Q98528482,abstract hip-hop,male,10
Q7229757,Vietnamese popular music,male,1
Q1074569,chipmunk soul,male,3
Q19820570,ma'luf,male,3
Q556959,mbalax,female,5
Q1046920,Dōjin music,female,2
Q1190565,jangle pop,male,8
Q2707994,Catalan rumba,female,1
Q485915,trot,female,242
Q2389651,children's music,female,54
Q114880130,bass music (EDM),non-binary,2
Q1465419,music of Greece,female,1
Q1185390,disco polo,male,13
Q3397882,progressive pop,female,2
Q170611,techno,female,57
Q722989,Hungarian folk music,male,1
Q815536,Belgian hip hop,male,2
Q3071,punk rock,intersex,1
Q110592306,alté,male,6
Q239459,trip rock,male,1
Q869750,Okinawan music,female,1
Q704073,ars subtilior,male,4
Q7205507,plunderphonics,null/unknown,1
Q118123304,post-folk,female,2
Q7085499,Old time fiddle,male,1
Q8361,Baroque music,male,102
Q6452410,Christian music,female,30
Q5510816,future garage,male,5
Q220528,Rebetiko,female,21
Q786815,turbo-folk,male,25
Q454071,German hip-hop,male,43
Q138020,French hip-hop,male,98
Q1931555,microhouse,female,1
null/unknown,null/unknown,transgender,16
Q956883,Carnatic music,male,118
Q1162475,nóta,male,9
Q253137,rock opera,genderfluid,1
Q9014988,Jota Aragonese,male,15
Q115691081,Chicago drill,male,11
Q642983,manele,male,14
Q873478,enka,agender,1
Q38848,heavy metal music,female,93
Q1100989,glitch,female,2
Q1414130,filk,female,2
Q2662148,Celtic rock,male,12
Q106576145,neoclassical music,male,5
Q8560269,dirty south,female,1
Q1474372,mugham,male,72
Q16241990,Chicano rock,male,2
Q483352,thrash metal,male,224
Q1317816,indie folk,trans woman,2
Q1064810,Chinese rock,male,2
Q641357,avant-garde metal,male,15
Q11401,hip-hop,non-binary,17
Q271802,symphonic poem,male,10
Q37073,pop music,non-binary,31
Q55648025,Korean ballad,male,3
Q2045695,shock rock,female,2
Q935586,liturgical music,female,3
Q16837290,Balearic trance,male,1
Q3453150,Congolese rumba,female,5
Q26473,Gregorian chant,female,1
Q251192,downtempo,male,82
Q80724932,vaportrap,male,1
Q11399,rock music,male,5558
Q47781397,EDM trap music,genderfluid,1
Q121032006,national music,male,1
Q12307741,dansktop,female,1
Q1530455,vocal jazz,male,6
Q4056436,bard song,female,43
Q438503,alternative hip-hop,non-binary,2
Q1884689,Indo pop,male,2
Q1159539,dangdut,female,120
Q83270,hard rock,trans woman,1
Q1552806,guaracha,male,2
Q2346484,music of Morocco,male,10
Q107189715,Arabic classical music,male,1
Q170611,techno,male,308
Q8701407,waltz,male,9
Q940462,music hall,female,9
Q217467,art rock,genderfluid,1
Q1048469,music of Scotland,female,2
Q8341,jazz,non-binary,6
Q4789437,Argentine cumbia,male,3
Q850412,contemporary R&B,transfeminine,1
Q4736507,alternative electronic,female,1
Q868855,old-school hip-hop,female,1
Q1162954,French pop,female,24
Q1567032,Southern soul,female,1
Q1503406,music of the Middle East,male,2
Q473602,music of Poland,male,1
Q11401,hip-hop,female,614
Q96740854,bass music,male,7
Q674684,sevdalinka,female,9
Q2256407,hip-hop soul,non-binary,1
Q16024685,Afro-soul,female,11
Q726239,noise music,male,54
Q500879,reggae en Español,male,7
Q5447390,fife and drum blues,male,1
Q1797650,son jarocho,female,1
Q114023769,slow-rock,female,4
Q1071961,Chicago house,male,1
Q7124405,pagode de viola,male,1
Q724755,early hardcore,male,2
Q4949812,bounce music,trans woman,1
Q325397,indietronica,male,7
Q648311,Detroit blues,male,1
Q1692318,modinha,female,1
Q20820817,Frisian pop,male,1
Q1781796,sega,male,44
Q188534,grindcore,female,3
Q1027999,vocal trance,male,15
Q108123046,slacker rock,male,3
Q95469495,alternative pop,genderfluid,1
Q2715398,plena,female,1
Q16250593,pub rock,male,2
Q1716019,Jewish music,female,5
Q183504,indie rock,trans woman,6
Q2913982,trap music,female,66
Q25094591,experimental pop,non-binary,1
Q1253172,Southern hip-hop,male,198
Q388475,Cuban rumba,female,2
Q12010046,Norwegian vocal folk music,female,1
Q7205507,plunderphonics,male,4
Q188285,motet,male,9
Q4251198,Kui,male,5
Q25413973,Fandango (Colombia),male,1
Q11399,rock music,intersex,1
Q814402,biguine,male,27
Q3091180,shashmaqam,female,2
Q107565104,original Pilipino music,female,9
Q55644985,trap metal,female,1
Q205560,trip hop,male,119
Q18345375,Latin music,female,29
Q216860,Lied,male,14
Q2545135,noise pop,male,7
Q2343562,coldwave,male,4
Q23687321,choir work,male,1
Q630689,bongo flava,female,3
Q487914,pop-punk,female,32
Q11325235,neo-acoustic,male,1
Q107029644,Hari Raya music,female,3
Q316930,dance music,trans woman,3
Q98528178,chamber folk,female,1
Q9334632,screamo rap,male,2
Q2665906,music of Armenia,female,1
Q24876318,drumstep,male,2
Q3724778,emotional hardcore,male,17
Q24887126,post-progressive,male,1
Q289505,music of Rajasthan,male,1
Q2353203,Straight-ahead jazz,male,1
Q1191544,kuduro,male,6
Q2982341,coladeira,female,2
Q203720,rockabilly,female,10
Q2532560,djent,male,3
Q131578,J-pop,transmasculine,1
Q3328697,music of Jordan,male,1
Q3535998,Indian pop,female,16
Q547137,Latin pop,male,168
Q1271752,Texas blues,male,21
Q6908884,mor lam sing,female,1
Q10978770,Jewish religious music,male,1
Q9364028,UK funky,male,6
Q9778,electronic music,non-binary,11
Q1190485,post-disco,female,2
Q3710513,music of Haiti,male,1
Q97375316,poetry song,female,1
Q6950428,música criolla,female,5
Q1049625,musical improvisation,female,5
Q968018,music of Belize,male,1
Q2572585,pop rap,female,60
Q388906,hardcore,female,6
Q492067,Buddhist music,male,2
Q438476,alternative country,trans woman,1
Q1695023,alternative music,cisgender man,1
Q1344,opera,female,1210
Q187760,new wave,female,133
Q5100799,Chinese hip hop,male,1
Q255406,jazz rap,male,30
Q85867089,cumbia rebajada,male,1
Q201405,Renaissance music,male,28
Q1436228,Gwerz (Breton song),male,2
Q1784106,Powerviolence,male,1
Q5192064,Cuban folk music,female,1
Q3071,punk rock,male,779
Q5184215,Creole music,female,3
Q212944,klezmer,male,19
Q5934478,campus folk song,female,1
Q217295,mass,male,6
Q3140141,honky tonk,female,1
Q848457,speedcore,null/unknown,2
Q20903,brostep,genderfluid,1
Q1452181,murga,male,1
Q3858,music of Israel,female,18
Q11399,rock music,intersex trans woman,1
Q107572242,progressive rap,male,13
Q2354912,street music,male,1
Q922865,trancecore,male,1
Q492096,Andean music,male,16
Q202930,reggaeton,transfeminine,1
Q1036183,carimbó,female,1
Q504635,crossover,male,31
Q111357005,RKT,female,2
Q113509746,French contemporary R&B,female,14
Q3437814,Basque rock,male,1
Q56580,digital hardcore,male,3
Q1775316,progg,female,1
Q6918602,motswako,female,1
Q17191592,anime music,male,1
Q2296495,garage punk,female,1
Q1684520,jazz blues,female,2
Q724473,chorale,male,4
Q667659,funk metal,male,9
Q108616106,Appalachian folk music,male,1
Q137753347,Antsa (praise),male,1
Q1737332,mainstream jazz,male,5
Q496929,maloya,female,13
Q12483322,Gamad,male,1
Q131578,J-pop,null/unknown,1
Q46046,baroque pop,trans woman,2
Q6665252,Phleng phuea chiwit,female,2
Q109873092,social media pop,female,2
Q2106887,psychedelic hip-hop,male,4
Q33246019,big-beat (Eastern bloc),female,1
Q3089524,huapango,male,1
Q5794674,cumbia boliviana,male,1
Q54329757,Latin trap,female,22
Q106493832,slap house,male,3
Q846119,psychedelic music,male,29
Q691771,overtone singing,male,1
Q110185782,melodic techno,female,2
Q7692752,tecnocumbia,male,2
Q28502454,Canarian folk music,female,1
Q3328720,Mixed music,female,1
Q5510857,Future soul,male,1
Q842324,indie pop,cisgender woman,2
Q3135790,Algerian hip hop,male,3
Q1585015,hard house,male,5
Q4789437,Argentine cumbia,female,4
Q51446080,Zhōngguó mínjiān yīnyuè,male,2
Q110231205,romanţe,male,1
Q573484,rocksteady,female,2
Q890887,Eurotrance,male,1
Q209741,programme music,male,1
Q106547171,funk paulista,male,1
Q108297215,chazzanut,female,1
Q1136765,uplifting trance,male,16
Q56342556,classical crossover,male,4
Q1136331,nu jazz,female,37
Q846119,psychedelic music,female,1
Q2456210,true metal,male,1
Q107022156,television soundtrack,male,2
Q379033,arena rock,male,11
Q7023411,nhạc đỏ,female,5
Q208341,pasodoble,female,2
Q6865341,minimal wave,male,2
Q9149801,ambient techno,male,5
Q310871,lowercase,male,1
Q106369996,wave,male,2
Q1077388,sentimental ballad,male,38
Q20903,brostep,male,5
Q3135791,Ivorian hip hop,male,1
Q2956176,chanson à texte,male,2
Q4400497,Russian folk song,female,9
Q17111414,township music,female,2
Q111973339,American roots music,female,4
Q1770695,Hindustani classical music,male,48
Q2104067,jazz pop,female,4
Q740911,ragga,male,41
Q22991878,chamber pop,female,6
Q12411192,Israeli hip hop,male,5
Q16491869,Dominican dembow,female,4
Q5794690,cumbia sureña,female,3
Q19754215,cante alentejano,male,2
Q484344,progressive metal,female,8
Q6942010,music of Bahrain,male,1
Q2893435,mawwal,male,1
Q123707590,pop urbaine,male,7
Q28206879,Brill Building,male,1
Q11366,alternative rock,female,396
Q6036466,música popular colombiana,male,2
Q106581679,cobla,male,1
Q104695865,hyperpop,agender,1
Q125854050,tradi-moderne ivoirien,female,2
Q108297178,Armenian church music,female,1
Q16527140,adult-oriented rock,male,1
Q118146900,Haryanvi music,male,1
Q25094849,art pop,female,24
Q1159539,dangdut,male,42
Q11324951,new music,female,4
Q16562829,harsh noise,null/unknown,1
Q756956,dark ambient,male,30
Q43343,folk music,trans woman,1
Q6296743,jovem guarda,male,3
Q5110298,Christian alternative rock,female,2
Q1077388,sentimental ballad,female,19
Q37073,pop music,genderfluid,10
Q5794688,cumbia santafesina,trans woman,1
Q1620079,hipster hop,male,1
Q640097,electric blues,female,10
Q119889474,trap soul,male,1
Q483251,death metal,female,13
Q30917612,Eurohouse,female,1
Q4290471,minstrel song,male,1
Q15957030,electro,male,1
Q11622339,Satsuma biwa,male,1
Q2138639,Levenslied,male,11
Q965635,underground hip-hop,male,87
Q1338153,20th-century classical music,male,22
Q623824,arabesque,female,5
Q7170257,Iranian pop,female,1
Q11223087,Persian traditional music,male,30
Q631621,bertsolaritza,female,1
Q173844,vocal house,female,2
Q108321657,jackin' house,male,1
Q1309336,classic female blues,female,5
Q98528166,Latin electronic music,female,1
Q23817363,parody song,female,1
Q170435,trance,female,28
Q1437709,canción,male,7
Q1299260,roots reggae,female,1
Q2537356,Bay Area thrash metal,male,1
Q107970042,mulatós,male,1
Q181861,noise rock,male,51
Q438476,alternative country,non-binary,2
Q1089050,Latin alternative,male,2
Q203720,rockabilly,male,116
Q58339,disco,male,166
Q3328758,music of Saudi Arabia,female,3
Q2867170,assiko,male,1
Q208341,pasodoble,male,7
Q870340,chalga,non-binary,1
Q2879857,bailecito,male,1
Q4400837,Russian romance,female,9
Q12876995,Greek folk music,female,15
Q4138449,Catholic hymn,male,1
Q37073,pop music,cisgender woman,1
Q5421158,experimental hip-hop,male,26
Q1425661,folk punk,non-binary,1
Q840748,Iranian hip hop,male,6
Q513357,coupé-décalé,male,22
Q65937906,leftfield electronic,male,1
Q105636940,leftfield house,male,1
Q617338,apala,male,2
Q384181,freestyle rap,female,2
Q602646,comedy hip-hop,female,4
Q805044,Balkan brass,male,3
Q3622181,tonadilla,female,1
Q66686936,electro-orchestral music,male,1
Q842324,indie pop,transmasculine,1
Q106528422,glitch pop,male,1
Q17108017,Zimdancehall,male,1
Q186170,doom metal,non-binary,1
Q2517263,Midwest hip-hop,female,1
Q9300624,patriotic music,male,4
Q63203971,religious hymn,male,1
Q685884,vocal music,female,34
Q1045756,microtonal music,male,12
Q13586773,war metal,male,2
Q116192789,gommance,male,1
Q3322869,Palm Desert Scene,male,1
Q9302696,mafioso rap,male,22
Q1431327,pub rock,male,8
Q1490170,slowcore,female,5
Q79784514,progressive electronic music,female,1
Q107515261,digicore,female,1
Q15356546,Hakkapop,male,2
Q3135807,hip hop tuga,male,2
Q869750,Okinawan music,male,1
Q430075,maxixe,male,2
Q110126996,rave funk,male,1
Q282131,merengue,female,11
Q83440,country music,male,2168
Q8361,Baroque music,female,31
Q2529400,urban contemporary,non-binary,2
Q4117103,music of Sudan,male,6
Q16562829,harsh noise,female,1
Q108297250,gorenoise,male,1
Q6868046,Minneapolis sound,male,1
Q969663,political hip-hop,female,3
Q3305039,malhun,female,1
Q108556049,Italo pop,male,1
Q8341,jazz,female,2537
null/unknown,null/unknown,two-spirit,11
Q109469638,indie dance,female,1
Q31174954,koplo,female,5
Q1470503,semba,male,3
Q332478,absolute music,male,1
Q180268,gospel music,trans woman,1
Q48445,mashup,null/unknown,1
null/unknown,null/unknown,intersex trans woman,3
Q38656,jazz-funk,female,17
Q3709211,dirty rap,male,18
Q856872,rap metal,male,36
Q11399,rock music,null/unknown,1
Q585588,Khaliji,female,42
Q183862,metalcore,female,8
Q429264,West Coast hip-hop,male,118
Q1067089,throat singing,male,4
Q290869,son montuno,male,5
Q131578,J-pop,trans man,1
Q110312968,Afro-Colombian music,female,1
Q10367221,samba-funk,male,2
Q2258450,Spanish hip-hop,female,1
Q3328710,music of Lebanon,male,3
Q1552806,guaracha,female,3
Q8261759,asturianada,female,4
Q26234147,Afro trap,female,2
Q5794676,Chilean cumbia,male,2
Q2579987,music of Portugal,female,2
Q7293809,DMV hip-hop,male,3
Q11401,hip-hop,genderqueer,1
Q19938910,synthwave,male,21
Q117745444,Pop Minang,male,6
Q188450,electropop,null/unknown,1
Q11399,rock music,trans woman,5
Q11332204,funkot,male,1
Q438476,alternative country,genderfluid,1
Q7397641,sadcore,female,2
Q2583965,duma,male,1
Q196999,Zeuhl,male,7
Q123753500,phonk house,non-binary,1
Q120715924,asian rock,male,1
Q461064,music in advertising,female,1
Q2738469,tumba,male,1
Q108297238,euphoric hardstyle,male,1
Q2863648,arrocha,male,5
Q235858,traditional folk music,non-binary,4
Q3163340,Afro-Cuban jazz,male,63
Q2342263,space music,female,2
Q11366,alternative rock,male,1671
Q733804,hands up,male,5
Q623715,aleatoric music,male,7
Q650316,drone music,male,32
Q7602145,starogradska muzika,male,1
Q840065,new jack swing,male,14
Q1071834,music of Hawaii,female,3
Q9162904,avant-pop,male,11
Q10367225,samba rap,male,2
Q211781,free jazz,female,21
Q5934478,campus folk song,male,1
Q2407589,Australian country music,female,2
Q529742,boom bap,male,14
Q2963337,Chicago hip-hop,male,12
Q470611,Italian hip-hop,female,1
Q2529400,urban contemporary,trans woman,1
Q10801097,nhạc trẻ,male,31
Q48971892,dungeon synth,male,2
Q2332751,avant-garde music,genderfluid,1
Q217467,art rock,female,23
Q186170,doom metal,female,6
Q965635,underground hip-hop,female,5
Q83440,country music,trans woman,1
Q106581470,surf rock,male,3
Q1078010,martial industrial,male,1
Q3211884,music of the Balkans,male,3
Q189201,chamber music,male,63
Q108951349,music of the Llanos,male,5
Q7196456,Pinoy hip hop,male,3
Q19358266,electro latino,male,2
Q858579,big beat,trans woman,1
Q3328714,music of North Macedonia,male,1
Q598593,tech house,male,52
Q30593639,avant-funk,male,2
Q20474,dubstep,non-binary,1
Q108297236,entechna laika,male,11
Q420883,LGBT hip hop,male,2
Q12499696,Malay music,female,7
Q109426115,maloya élektrik,female,1
Q1775316,progg,male,7
Q890887,Eurotrance,female,1
Q206159,psychedelic rock,male,213
null/unknown,null/unknown,transfeminine,9
null/unknown,null/unknown,intersex man,2
Q316930,dance music,non-binary,1
Q3140141,honky tonk,non-binary,1
Q5871848,Latin American fusion,male,7
Q1426909,flamenco jazz,male,4
Q98842769,serrieño,male,1
Q1987980,breakstep,female,1
Q45981,rhythm and blues,non-binary,3
Q65943778,traditional country music,female,1
Q1062400,chanson,non-binary,1
Q85775929,Latin R&B,male,15
Q784310,electro hop,male,2
null/unknown,null/unknown,gender agnostic,1
Q213714,bluegrass music,female,38
Q3032090,Salegy,male,1
Q1619932,hiplife,male,19
Q1076539,choro,female,5
Q212688,dub music,male,80
Q624221,Arabic hip-hop,male,2
Q3274667,campursari,male,2
Q43343,folk music,male,691
Q264289,sophisti-pop,male,2
Q6821898,semi-classical music,female,1
Q30934395,pessoal do Ceará,female,1
Q9300624,patriotic music,female,1
Q3071,punk rock,non-binary,3
Q284543,ethereal wave,female,11
Q2389651,children's music,male,48
Q1544863,music of Cuba,female,3
Q3876770,nightcore,male,2
Q2744144,Gharnati music,male,2
Q546206,Miami bass,male,5
Q109914703,Rajasthani folk music,female,1
Q205978,circus music,male,2
Q1046920,Dōjin music,male,2
Q873478,enka,female,112
Q1931130,funk carioca,male,27
Q3305039,malhun,male,1
Q5515214,gaana,male,1
Q181897,stride piano,female,1
Q193207,ambient music,female,34
Q3564915,wabap biguine,male,1
Q111678759,guaracha,male,1
Q1795903,Kölschrock,male,1
Q7118426,alternative R&B,female,44
Q178145,gothic metal,male,44
Q465978,extreme metal,male,47
Q1634085,tecno brega,trans woman,1
Q1418683,kayōkyoku,female,101
Q1744659,Cuban salsa,male,1
Q106642120,Bashkir folk music,male,1
Q11401,hip-hop,male,4333
Q16829781,cloud rap,null/unknown,2
Q354204,Argentine folklore,male,10
Q108297236,entechna laika,female,2
Q20631510,Ameripolitan,female,1
Q105756581,big band music,male,336
Q12200830,progressive electronic dance music,male,2
Q3655696,cante flamenco,male,1
Q24383,German rock,male,1
Q3827483,Latin hip-hop,female,2
Q10757361,Vietnamese folk music,female,1
Q211756,dance-pop,female,249
Q1379958,contemporary Christian music,non-binary,2
Q3482281,visa,male,54
Q8031215,women's music,female,1
Q6432024,Korean rock,male,4
Q106506985,music of the Caucasus,male,1
Q2385862,progressive psytrance,male,1
Q2748817,ghetto house,male,5
Q6036427,Andean music of Peru,female,4
Q48445,mashup,male,7
Q1051575,humppa,male,1
Q2022163,Southern gospel,male,7
Q482981,pansori,male,6
Q719927,symphonic rock,female,4
Q60973191,darksynth,male,1
Q3487087,Smyrneiko,female,1
Q106239244,svatbarskata muzika,female,2
Q98528171,minimal synth,male,1
Q3360459,pagode,female,1
Q11325235,neo-acoustic,female,1
Q2426383,crunkcore,trans woman,1
Q11330425,therapy music,female,1
Q1374731,Eurodisco,female,14
Q181861,noise rock,trans woman,1
Q9734,symphony,female,16
Q5640528,Hakka hill song,male,1
Q718540,gagaku,male,3
Q5928480,contemporary jazz,female,3
Q10367221,samba-funk,female,1
Q828305,skate punk,male,17
Q1190485,post-disco,male,6
Q216961,Eurodance,male,68
Q1754592,nerdcore,female,2
Q339906,happy hardcore,female,1
Q16002495,algorave,male,2
Q3843655,couplet,male,33
Q3328714,music of North Macedonia,female,1
Q16357920,Albanian hip hop,male,1
Q60463676,dolewave,male,1
Q3813661,Catalan rock,male,2
Q4852979,Baltimore club,female,1
Q29252685,trikiti,female,8
Q739138,teen pop,male,13
Q2961759,Moroccan chaabi,female,4
Q920883,music of Colombia,male,3
Q2407862,Americana,female,56
Q3963051,smooth soul,female,1
Q613874,neoclassical new-age music,male,2
Q660984,intelligent dance music,female,3
null/unknown,null/unknown,cisgender woman,4
Q3328694,Kabyle music,male,12
Q9794,reggae,non-binary,1
Q1046768,música popular brasileira,female,181
Q3394906,music of the Caribbean,male,29
Q9734,symphony,male,548
Q1373485,underground music,male,3
Q212944,klezmer,female,2
Q1891685,Russian chanson,male,81
Q3889661,marchinha,male,8
Q1632601,nuevo tango,male,4
Q1640319,experimental music,female,59
Q574651,anti-folk,trans woman,1
Q383982,psychedelic pop,female,4
Q592330,dream pop,male,18
Q10370558,sertanejo universitário,female,3
Q10922,hardcore punk,trans woman,1
Q2404568,freak folk,female,1
Q2812726,banda music,male,6
Q48834745,orchestral pop,female,2
Q97368941,Hebrew music,female,1
Q1339027,dream trance,female,1
Q972634,African popular music,male,105
Q423918,acousmatic music,male,2
Q899215,music of Brazil,male,89
Q135637,chiptune,female,6
Q1102161,jungle,female,1
Q115625176,Colombian cumbia,male,1
Q512410,qawwali,male,24
Q2545135,noise pop,non-binary,1
Q1815364,makossa,female,9
Q24935256,Candombe beat,male,1
Q22991878,chamber pop,male,12
Q903735,breakcore,genderfluid,1
Q61340552,stage and screen,female,1
Q123223381,Pontic Greek music,male,1
Q7050752,Nordic folk music,female,2
Q606393,Hi-NRG,female,11
Q183504,indie rock,cisgender man,1
Q63885,Christian punk,male,1
Q1425661,folk punk,two-spirit,1
Q6022257,Indian folk music,male,5
Q1071834,music of Hawaii,male,13
Q131535007,Colombian hip-hop,male,1
Q753520,Christian rock,male,71
Q1430587,minimal techno,female,2
Q6950428,música criolla,male,17
Q15697534,drill,female,8
Q5069525,chamber jazz,male,3
Q64137792,religious vocal music,male,3
Q3397325,music of Mexico,male,1
Q42201,independent music,female,58
Q6010,rapping,male,865
Q861823,electroclash,trans woman,1
Q131578,J-pop,trans woman,2
Q188994,drum and bass,trans woman,2
Q790188,avant-garde jazz,male,60
Q46046,baroque pop,genderfluid,2
Q120484427,dariacore,non-binary,1
Q25094849,art pop,genderfluid,1
Q108556049,Italo pop,female,1
Q10836741,xẩm,female,1
Q3791697,chopper,male,10
Q830325,horror punk,female,2
Q1060475,chamamé,male,12
Q3840596,dark wave,female,13
Q6799787,mbube,male,1
Q2982341,coladeira,male,1
Q45981,rhythm and blues,trans woman,3
Q1379958,contemporary Christian music,male,256
Q274401,oi!,female,2
Q83440,country music,female,729
Q13634037,samba-jazz,male,10
Q245296,zydeco,male,19
Q2238236,Christian hip-hop,male,105
Q17018487,Scottish folk music,male,5
Q3328583,music of Algeria,female,2
Q11363,screamo,male,8
Q3032090,Salegy,female,4
Q112997482,drift phonk,male,2
Q4849865,Balakadri,male,1
Q5747258,canción melódica,male,7
Q7125918,Pakistani rock,male,1
Q1443316,Christmas music,female,1
Q16056349,Indian rock,male,3
Q2579987,music of Portugal,male,9
Q476983,synth-punk,male,9
Q3622181,tonadilla,trans woman,1
Q541947,anthem,male,2
Q869210,corrido,male,12
null/unknown,null/unknown,neutral sex,1
Q6942217,music of Nicaragua,male,1
Q56315833,Viennese music,male,1
Q43343,folk music,female,1095
Q944465,jazz rock,male,31
Q85741139,Amapiano,male,10
Q16525381,Afro-zouk,male,1
Q3108920,glitch hop,male,4
Q659599,art punk,non-binary,1
Q110207937,rockdut,female,1
Q547137,Latin pop,female,164
Q115138321,Ainu music,female,1
Q4690168,Afro-Caribbean music,male,1
Q486415,symphonic metal,male,56
Q21260785,rara tech,male,1
Q3071,punk rock,genderfluid,1
Q741702,melologue,male,3
Q49451,progressive rock,female,42
Q1585015,hard house,female,2
Q14942341,R'n'Besk,male,1
Q1606591,reggae fusion,male,24
Q20474,dubstep,transfeminine,1
Q8341,jazz,trans woman,1
Q2486179,music of Venezuela,male,2
Q7692752,tecnocumbia,female,5
Q164444,funk,genderfluid,1
Q170611,techno,non-binary,2
Q235858,traditional folk music,transgender,1
Q484641,pop rock,genderqueer,1
Q590662,bend-skin,female,1
Q4851628,ballet,male,15
Q25554481,punk music,female,1
Q111973339,American roots music,male,4
Q3482281,visa,female,24
Q125850367,cuplé,trans woman,1
Q739138,teen pop,genderfluid,1
Q124399713,Jersey club rap,male,1
Q1003981,music of Bulgaria,female,1
Q3328778,tropical music,female,7
Q106085531,black gospel music,male,4
Q484344,progressive metal,male,191
Q1425111,western music,female,1
Q6942037,music of Canada,female,1
Q124312240,Afro fusion,female,3
Q677542,riot grrrl,female,11
Q966564,hardcore hip-hop,genderfluid,1
Q492264,film score,male,167
Q20474,dubstep,genderfluid,1
Q918727,revue,female,1
Q3141414,Hawzi,female,5
Q814402,biguine,female,7
Q876171,East Coast hip-hop,female,9
Q65943851,UK drill,female,2
Q141459,conscious hip-hop,male,39
Q18379604,Christian electronic dance music,male,1
Q3855113,merenhouse,male,1
Q107539904,estrada music,female,4
Q2307786,huayno,female,13
Q28458027,hardbass,male,1
Q12876995,Greek folk music,male,40
Q104695865,hyperpop,male,14
Q3656510,canzone genovese,male,1
Q216961,Eurodance,female,45
Q12497663,psalm,male,3
Q45981,rhythm and blues,female,721
Q11399,rock music,transgender,1
Q10331354,moda de viola,male,2
Q2961766,Algerian chaabi,male,26
Q108575656,tchinkoumé,male,1
Q504635,crossover,female,28
Q1507298,lo-fi music,trans woman,1
Q1751782,Nashville sound,male,2
Q12702016,rock kapak,male,1
Q212952,boogie-woogie,male,49
Q1519864,sung poetry,male,24
Q6016474,Fantezi,female,1
Q2737175,mélodie,male,5
Q209498,2 tone,male,2
Q700423,Austropop,male,2
Q17018487,Scottish folk music,female,1
Q1457545,pagan metal,female,2
Q106642094,Atlanta bass,male,2
Q724010,Ashiqs of Azerbaijan,male,1
Q18342587,tropical house,non-binary,1
Q3510161,Memphis soul,female,2
Q387916,twist,male,3
Q11401,hip-hop,trans man,2
Q41343,post-metal,female,3
Q1989725,nigun,male,1
Q6942329,music of West Africa,female,1
Q1646666,mambo,female,2
Q1425661,folk punk,female,2
Q37073,pop music,genderqueer,2
Q235858,traditional folk music,female,577
Q42201,independent music,male,86
Q388296,Afrobeat,non-binary,1
Q828243,futurepop,male,4
Q6168369,Afro-jazz,male,6
Q12499696,Malay music,male,10
Q2261628,chopped and screwed,female,1
Q3328601,Berber music,male,1
Q388207,African-American music,male,3
Q1781796,sega,female,11
Q90568328,phonk,non-binary,1
Q502535,morna,female,7
Q1872505,lovers rock,female,8
Q53677895,Navarese jota,male,1
Q3328694,Kabyle music,female,3
Q2707688,plainsong,male,1
Q469343,UK rap,female,7
Q6130346,slam death metal,male,1
Q4901016,bhangragga,male,1
Q2280497,country pop,male,18
Q2917508,music of Ethiopia,male,1
Q20378,alternative metal,female,34
Q193207,ambient music,non-binary,1
Q3347022,bhawaiya,male,1
Q1074080,music of Turkey,male,2
Q3855113,merenhouse,female,1
Q3032212,diva house,female,1
Q10334885,music of Benin,male,1
Q48855105,Iê-iê-iê,male,2
Q110391587,Vocaloid music,null/unknown,1
Q9051097,Nueva ola,female,3
Q775614,neofolk,male,19
Q10831132,tình khúc 1954-1975,female,2
Q885561,blue-eyed soul,female,21
Q2404568,freak folk,male,3
Q6942022,Bollywood film music,female,2
Q1643549,dance-punk,male,9
Q2420447,trova,male,19
Q527675,bambuco,female,2
Q107515261,digicore,male,4
Q9014988,Jota Aragonese,female,6
Q196999,Zeuhl,female,1
Q101417642,Catholic music,male,1
Q155119,cuarteto,male,4
Q1425661,folk punk,trans woman,1
Q107589110,Karelian folk music,male,2
Q18217098,New Mexico music,male,3
Q1127539,Delta blues,male,25
Q1433387,drone metal,male,5
Q111133885,pluggnb,male,3
Q2549052,ethnic electronica,female,2
Q7749,rock and roll,female,51
Q3085344,music of Peru,male,3
Q823080,no wave,male,7
Q2138639,Levenslied,female,6
Q4400498,Russian folk music,female,3
Q958982,saeta,male,2
Q842324,indie pop,genderqueer,1
Q107539785,Israeli pop,female,1
Q2746731,parody music,female,1
Q105637106,clubjazz,male,1
Q3553356,Hiragasy,female,1
Q108857881,piseiro,male,2
Q58339,disco,female,101
Q1166321,darkstep,male,2
Q9332634,sacro polo,male,1
Q853873,cantopop,male,99
Q131272,soul,genderfluid,1
Q485915,trot,male,182
Q1136765,uplifting trance,female,1
Q5151495,comedy music,female,5
Q2022163,Southern gospel,female,1
Q940462,music hall,male,7
Q268253,neo soul,male,80
Q1507298,lo-fi music,female,21
Q1931555,microhouse,male,4
Q1370345,musical theater,female,4
Q6444335,kundiman,female,3
Q13646229,gothic music,trans woman,1
Q485395,gothic rock,female,25
Q216926,raga,male,1
Q96376113,deconstructed club,genderfluid,1
Q4179738,Cruel romance,female,1
Q3437832,Spanish rock,male,4
null/unknown,null/unknown,trans woman,346
Q2187392,alternative dance,female,6
Q183504,indie rock,genderfluid,2
Q4490718,melodic metalcore,male,1
Q96395212,neoperreo,male,3
Q378495,Russian pop,male,5
Q1755959,Sufi music,female,3
Q21092,moombahton,male,12
Q354204,Argentine folklore,female,4
Q2631396,Brazilian rock,male,5
Q3630966,avant-prog,female,1
Q255406,jazz rap,non-binary,1
Q2988851,Finnish rock,male,12
Q1338153,20th-century classical music,female,1
Q108177317,Māori showband,male,1
Q105527,jazz fusion,female,61
Q928825,garage house,male,12
Q187760,new wave,non-binary,1
Q835562,habanera,female,6
Q188994,drum and bass,bigender,1
Q484179,folk metal,female,14
Q108857881,piseiro,female,1
Q193207,ambient music,transgender,1
Q109713745,modern laika,female,1
Q3328732,music of Occitania,female,1
Q2737175,mélodie,female,2
Q2599472,blackened death metal,male,5
Q16942070,Mexican folk music,male,1
Q3071,punk rock,transfeminine,1
Q56353998,Southern metal,male,3
Q131425,visual kei,female,1
Q6040713,neofolklore,male,5
Q108556056,samba soul,male,1
Q21662779,Neue Musik,female,1
Q2109360,Danza,female,2
Q2715283,Gypsy punk,male,2
Q573484,rocksteady,male,25
Q2626684,chillwave,male,6
Q278409,Hokkien pop,female,17
Q211745,atonality,male,9
Q55104351,Indian hip hop,male,1
Q135472492,Dangdut hip-hop,male,2
null/unknown,null/unknown,apagender,1
Q98076452,Sabadell Sound,male,3
Q617240,stoner rock,male,21
Q125455354,reggaelton,male,1
Q25094849,art pop,non-binary,3
Q476983,synth-punk,trans woman,1
Q26234147,Afro trap,male,7
Q123907465,Michigan rap,male,4
Q11992449,Norwegian folk music,female,1
Q25116,Argentine tango,male,22
Q7555120,sokkie,male,1
Q213608,beatboxing,male,6
Q65937845,funk soul,male,3
Q474027,dancehall,transfeminine,1
Q9778,electronic music,undisclosed gender,1
Q11366,alternative rock,intersex man,1
Q1062400,chanson,male,356
Q2549052,ethnic electronica,male,1
Q2509521,Peruvian waltz,male,7
Q781402,piyyut,male,1
Q205560,trip hop,trans woman,1
Q973150,mandopop,null/unknown,1
Q5683605,Maddahi,male,5
Q388207,African-American music,female,2
Q98528203,experimental big band,male,1
Q121667432,psychedelic rap,male,9
Q138020,French hip-hop,female,9
Q11821942,polonaise,male,2
Q15629158,medieval metal,male,1
Q98528143,post-minimalism,male,1
Q1228230,Dutch house,male,14
Q22908553,future bass,male,23
Q106839650,Detroit sound,male,3
Q972424,old-time music,female,9
Q586110,forró,genderfluid,1
Q740911,ragga,female,5
Q186472,folk rock,female,166
Q7915876,variety,male,24
Q16011695,vocal surf,male,1
Q205560,trip hop,genderfluid,1
Q1430587,minimal techno,male,23
Q109500733,Swiss folk music,male,1
Q65936391,acoustic rock,male,3
Q3328732,music of Occitania,male,3
Q507246,serialism,male,6
Q5099460,chimurenga music,male,1
Q534606,swamp blues,female,1
Q1634085,tecno brega,male,1
Q599510,romance,male,73
Q3090876,funaná,female,3
Q3843655,couplet,female,7
Q180268,gospel music,female,285
Q5464445,folk baroque,male,1
Q747717,heartland rock,male,5
Q972634,African popular music,female,46
Q19880374,Mongolian folk music,male,1
Q208494,industrial metal,female,9
Q108615898,Cretan folk music,male,2
Q212952,boogie-woogie,female,8
Q6826021,Mexican cumbia,female,3
Q98528189,Arabic folk music,male,1
Q30632022,synth funk,male,3
Q592330,dream pop,non-binary,1
Q64152500,sacred folk song,male,1
Q220830,surf music,female,3
Q11319210,techno-pop,male,16
Q124705104,trapeton,male,1
Q6865341,minimal wave,female,1
Q2746831,quiet storm,male,3
Q109916244,British folk music,female,1
Q2832970,dialect music,male,2
Q188539,glam metal,female,6
Q58339,disco,genderfluid,1
Q3328711,Mandingo music,female,1
Q7858125,Twin Cities hip hop,male,1
Q2517263,Midwest hip-hop,agender,1
Q124713283,reparto,male,1
Q3052655,low bap,female,1
Q616679,mathcore,male,9
Q903735,breakcore,male,7
Q282131,merengue,male,45
Q1092553,Celtic fusion,male,6
Q16977816,Moroccan pop,male,2
Q12701217,pop yeh-yeh,female,1
Q106015533,wedding music,female,1
Q1891685,Russian chanson,female,16
Q2551540,punk blues,male,1
Q1455292,French house,male,15
Q4736555,alternative reggaeton,male,3
Q212024,spirituals,male,6
Q1139136,horrorcore,male,84
Q110038872,ambient jazz,female,1
Q124022145,Rapfrobeat,male,1
Q1418683,kayōkyoku,male,121
Q1548170,musical comedy,female,3
Q107364106,quadrille,female,1
Q661651,show tune,male,1
Q110241458,Tigrinya music,male,1
Q837837,power pop,female,17
Q2956176,chanson à texte,female,1
Q205049,world music,male,479
Q1641839,experimental rock,female,22
Q918542,British blues,male,3
Q25047660,Serbian folk music,male,2
Q877693,rap rock,agender,1
Q602561,electro swing,male,2
Q23019151,reggada,male,1
Q49451,progressive rock,male,577
Q10979284,Tarling,female,1
Q753520,Christian rock,female,14
Q341395,acid techno,female,1
Q104853037,Sundanese music,male,1
Q757143,chill-out music,female,3
Q910606,music of Brittany,female,7
Q114238485,meme techno,male,3
Q7405765,salsa romántica,male,2
Q108124565,incelcore,female,2
Q25094591,experimental pop,agender,1
Q2572585,pop rap,male,228
Q631621,bertsolaritza,male,2
Q90568328,phonk,male,14
Q16855754,blackgaze,male,1
Q109538468,sungura,male,1
Q11500122,shōka,male,1
Q25419286,Gaúcho rock,male,1
Q37073,pop music,transmasculine,1
Q110592429,traditional gospel music,female,1
Q109834799,Assyrian folk music,male,1
Q8341,jazz,two-spirit,1
null/unknown,null/unknown,trans man,79
Q2106887,psychedelic hip-hop,non-binary,1
Q6819034,merengue típico,male,1
Q910606,music of Brittany,male,48
Q837837,power pop,male,71
Q11821889,polka,female,1
Q201405,Renaissance music,female,4
Q138605895,zoomergaze,male,1
Q245296,zydeco,female,2
Q485395,gothic rock,male,50
Q6742070,Malaysian popular music,female,3
Q110391587,Vocaloid music,male,7
Q9162904,avant-pop,female,4
Q11324951,new music,male,12
Q4668383,indigenous rock,male,3
Q108297222,cubaton,male,2
Q263734,nu metal,female,13
Q10286515,funk melody,female,1
Q213572,Neue Deutsche Härte,male,11
Q92869446,classical worship music,male,1
Q48855105,Iê-iê-iê,female,1
Q7972788,Wassoulou music,female,3
Q1634085,tecno brega,travesti,1
Q486415,symphonic metal,female,34
Q193207,ambient music,genderfluid,1
Q3135794,Quebec hip hop,male,4
Q2784269,oriental music,male,4
Q5393053,filin,female,2
Q4088026,blatnaya pesnya,male,6
Q525073,music of Asia,male,2
Q956717,kwaito,male,11
Q1519864,sung poetry,female,13
Q930995,queercore,intersex,1
Q2517263,Midwest hip-hop,male,47
Q783874,nasheed,female,1
Q12736123,Romanian folk music,female,18
Q194172,nocturne,male,2
Q5794688,cumbia santafesina,male,1
Q1980100,8-bit music,male,1
Q6918602,motswako,male,2
Q2090023,piano rock,male,3
Q106641536,Afro-funk,male,2
Q544440,Indian film music,male,54
Q973150,mandopop,non-binary,1
Q14546558,neo-bop jazz,male,3
Q3525838,quan họ,female,1
Q3963051,smooth soul,male,1
Q14390274,tango,male,547
Q107539785,Israeli pop,male,1
Q963061,highlife,female,13
Q8341,jazz,intersex man,1
Q725011,neo-classical metal,male,27
Q3879286,nueva canción chilena,male,9
Q3605852,adult album alternative,male,1
Q7450478,Senegalese hip hop,male,1
Q117745444,Pop Minang,female,6
Q186472,folk rock,male,507
Q20819985,Hasidic music,male,55
Q3509353,fuji music,male,10
Q253918,melodic death metal,male,72
Q188994,drum and bass,female,16
Q1754592,nerdcore,male,14
Q16572889,liscio,male,1
Q19708604,funk ousadia,female,1
Q8074636,zouk-love,female,1
Q106621114,dark folk,male,1
Q7306376,reductionism,male,1
Q47781397,EDM trap music,null/unknown,1
Q1166218,dark rock,male,2
Q1249907,Roma jazz,male,1
Q4400803,Russian post-chanson,female,3
Q33160145,ambient pop,female,3
Q612024,contemporary classical music,female,56
Q388100,Afro house,female,1
Q19938910,synthwave,transfeminine,1
Q11319210,techno-pop,female,2
Q622871,psychedelic trance,female,2
Q944465,jazz rock,female,3
Q11911997,canto valenciano,female,1
Q95469495,alternative pop,male,20
Q3069904,porro,male,4
Q1524296,Neue Volksmusik,female,10
Q25339858,Afro,female,3
Q851213,electronic dance music,female,134
Q11403,samba,male,265
Q11660484,denpa song,female,11
Q25094591,experimental pop,female,5
Q19860267,Kazakh pop,male,1
Q1139136,horrorcore,female,2
Q252833,Alpine folk music,male,15
Q726239,noise music,trans woman,1
Q2529400,urban contemporary,female,44
Q1958247,Brazilian gaucho music,female,1
Q1640319,experimental music,genderfluid,2
Q19938910,synthwave,female,6
Q116296482,melodic house,female,1
Q25099840,Afrobeats,female,28
Q284543,ethereal wave,male,2
Q1151259,nueva canción,female,2
Q3827483,Latin hip-hop,male,35
Q4797274,art song,female,4
Q110593065,Egyptian pop,female,2
Q21684437,rumba,male,3
Q3879179,nu gaze,female,1
Q33160145,ambient pop,male,1
Q31837446,dark jazz,female,1
Q124312240,Afro fusion,male,12
Q13025600,Thai classical music,male,1
Q18342587,tropical house,female,1
Q124692508,jerk,male,1
Q116690343,ballad,female,1
Q2374619,UK hardcore,male,6
Q5928480,contemporary jazz,male,13
Q597240,New Romantic,male,1
Q880270,traditional black gospel,male,1
Q1474372,mugham,female,22
Q16148439,Gaelic music,female,1
Q2529400,urban contemporary,male,83
Q25094591,experimental pop,male,4
Q2278881,shima-uta,male,1
Q211756,dance-pop,male,158
Q2047814,Palingsound,female,5
Q906647,Dixieland jazz,female,2
Q5690818,rock urbano mexicano,male,1
Q454071,German hip-hop,female,2
Q163491,ars antiqua,male,3
Q107022182,television score,male,9
Q867306,music of Thailand,female,2
Q766240,cueca,male,8
Q3930216,rapcore,male,12
Q108197774,colour bass,male,1
Q20102359,Catalan traditional folk music,female,1
Q964987,music of Spain,female,1
Q37073,pop music,female,6346
Q1298934,synth-pop,transmasculine,1
Q131269,sonata,male,9
Q1045756,microtonal music,female,1
Q85787413,música cebolla,male,1
Q370778,twee pop,male,1
Q361164,Wienerlied,male,5
Q2407862,Americana,trans man,1
Q18345375,Latin music,male,42
Q5177472,country and Irish,male,6
Q27190,proto-punk,female,2
Q7170257,Iranian pop,male,12
Q483251,death metal,male,267
Q3879179,nu gaze,male,1
Q8341,jazz,demiboy,1
Q17091278,Romanian muzica populara,male,4
Q11401,hip-hop,cisgender man,1
Q592330,dream pop,female,56
Q25345818,hypnagogic pop,female,2
Q29973057,gqom,female,2
Q65937774,breaks,female,1
Q213149,viking metal,female,2
Q431415,tejano music,female,12
Q5794690,cumbia sureña,male,1
Q5794983,currulao,male,1
Q91841612,tarab,male,1
Q918727,revue,male,6
Q7129072,Pambiche,male,1
Q12362064,emo rap,male,53
Q2719078,Western music,female,2
Q115200681,electro-R&B,male,1
Q6036568,Argentinian popular music,female,1
Q108297241,flamenco pop,female,1
Q388296,Afrobeat,female,31
Q1195630,canzone napoletana,male,14
Q2742742,music of Andalusia,female,1
Q1840167,witch house,male,4
Q464129,mariachi,female,6
Q2913982,trap music,genderfluid,2
Q6036427,Andean music of Peru,male,6
Q852027,impromptu,male,1
Q131578,J-pop,male,1461
Q601235,hip house,female,4
Q105334717,progressive soul,non-binary,1
Q574651,anti-folk,female,8
Q123707590,pop urbaine,female,10
Q57143,power metal,female,14
Q930995,queercore,genderfluid,1
Q1344,opera,male,4247
Q1298934,synth-pop,male,204
Q6067375,Iranian folk music,male,3
Q835131,Goa trance,male,4
Q101112088,kaskawi,male,1
Q6010,rapping,cisgender man,1
Q217597,electro,male,139
Q4848738,baithak gana,male,5
Q11223087,Persian traditional music,female,8
Q592330,dream pop,genderfluid,1
Q1166726,grime,female,11
Q1162461,Hungarian folk song,male,1
Q989478,empfindsamkeit,male,1
Q4056436,bard song,male,156
Q3785731,New Zealand hip-hop,male,1
Q90730712,neo-classic music,male,1
Q27345019,bass house,female,1
Q221772,acid jazz,female,12
Q2521569,soul blues,female,5
Q109526125,taiko music,transgender,1
Q27345019,bass house,male,18
Q110593056,Levant music,female,1
Q1071873,Chicago blues,female,5
Q109148913,organic house,male,1
Q212688,dub music,genderfluid,1
Q2866725,Balearic beat,male,2
Q101440473,sierreña,male,2
Q483740,Anatolian rock,female,2
Q2336819,operatic pop,female,15
Q1403744,electro-industrial,female,4
Q223840,hardstyle,genderfluid,1
Q12736122,muzica ușoară românească,female,1
Q1770695,Hindustani classical music,female,17
Q48941193,Tatar pop,female,5
Q277393,music of China,male,2
Q107572242,progressive rap,female,1
Q674684,sevdalinka,male,11
Q97277483,New Jersey sound,male,2
Q837389,Latin jazz,female,27
Q487965,industrial music,male,68
Q108123046,slacker rock,female,1
Q109653544,shatta,female,1
Q105637110,jazz house,male,17
Q3328603,music of Bolivia,male,1
Q4020968,world fusion,male,3
Q5583956,goombay,male,1
Q54365,ska,female,13
Q1151663,novelty music,female,1
Q750811,minimal house,male,3
Q3098078,J-core,male,6
Q2687544,power electronics,male,2
Q174873,cantata,male,33
Q1034231,cape jazz,male,4
Q9730,classical music,female,1571
Q29252685,trikiti,male,4
Q1515757,jump blues,female,1
Q31837971,NS-rap,male,2
Q87270951,stara gradska song,female,1
Q1027999,vocal trance,female,5
Q752785,calypso,male,20
Q194492,gamelan,female,1
Q2525544,Celtic metal,female,1
Q646679,Neue Deutsche Welle,male,7
Q1026089,Cajun music,male,54
Q1640319,experimental music,non-binary,7
Q4006465,Urlatori,male,1
Q720959,sludge metal,female,1
Q1435485,axé,trans woman,1
Q2076779,bubblegum dance,female,1
Q3084222,hard techno,female,1
Q4950496,bouyon,female,1
Q58339,disco,non-binary,1
Q98528195,lăutărească music,male,8
Q590662,bend-skin,male,2
Q2281409,dance-rock,female,3
Q155119,cuarteto,female,1
Q2902385,Teutonic thrash metal,male,1
Q1692318,modinha,male,3
Q474027,dancehall,female,52
Q107010574,halftime,transfeminine,1
Q108834047,mele ʻauana,male,1
Q126335126,hypertechno,female,1
Q446241,neo-medieval music,male,2
Q837389,Latin jazz,male,104
Q65937774,breaks,male,1
Q115483855,Jersey drill,female,1
Q25093633,tsapiky,female,2
Q104847619,tread rap,male,2
Q1507298,lo-fi music,genderfluid,1
Q1046768,música popular brasileira,non-binary,4
Q10343541,pagode romântico,male,1
Q1143741,chicha,female,4
Q37073,pop music,trans man,8
Q2342263,space music,male,4
Q901610,min'yō,female,9
Q4145692,Russian urban romance,female,5
Q3908370,pop metal,agender,1
Q20474,dubstep,female,13
Q5747258,canción melódica,female,5
Q183862,metalcore,trans woman,1
Q185162,Latin rock,female,6
Q1195630,canzone napoletana,female,1
Q7777494,theatre music,female,2
Q624044,Arabic music,female,94
Q533914,National Socialist black metal,male,2
Q723418,cumbia,male,37
Q6452410,Christian music,male,63
Q55644985,trap metal,agender,1
Q1683348,Japanese hip-hop,male,9
Q106589886,Waiata,female,1
Q2002705,nouvelle chanson,male,6
Q4942839,boogie,male,3
Q1785243,Long song,female,1
Q17000631,Australian folk music,male,2
Q272167,shoegaze,female,14
Q15720097,bhavageete,male,3
Q1465419,music of Greece,male,4
Q16056349,Indian rock,female,1
Q227036,zouglou,male,14
Q3785732,Russian hip-hop,male,13
Q6584641,munajat,male,1
Q9095433,waka music,female,1
Q7810544,tizita,male,1
Q7118426,alternative R&B,non-binary,4
Q1373485,underground music,female,1
Q116985035,electronic pop,female,1
Q663519,breakbeat,female,5
Q115483855,Jersey drill,trans woman,1
Q2416307,outsider music,female,2
Q25456501,pop melayu,female,11
Q179465,polyphony,male,20
Q1939197,türkü,male,3
Q2743758,music of Germany,male,1
Q7439349,Scrumpy and Western,male,1
Q5967604,urban contemporary gospel,male,14
Q1537056,light music,female,10
Q56580,digital hardcore,female,2
Q1597549,kizomba,female,5
Q503354,Christmas carol,female,1
Q1751409,2-step garage,female,3
Q15042720,copla,trans woman,1
Q572901,minimalist music,female,2
Q1051735,soca music,male,12
Q2346991,UK bass,male,4
Q10926,emo,female,3
Q854844,bhangra,male,44
Q65177809,Tsyganskiy romance,female,3
Q109146989,piano house,male,1
Q1597549,kizomba,male,11
Q1715700,Jùjú music,male,5
Q3982213,singing theater,female,1
Q384181,freestyle rap,male,21
Q213121,new age music,female,42
Q546359,doo-wop,male,24
Q11403,samba,female,55
Q602561,electro swing,female,2
Q1185390,disco polo,female,3
Q6774721,military music,male,20
null/unknown,null/unknown,transmasculine,10
Q8341,jazz,trans man,2
Q2278881,shima-uta,female,1
Q1931130,funk carioca,travesti,2
Q208494,industrial metal,male,52
Q98528178,chamber folk,male,5
Q4763552,Anglican church music,male,1
Q7654953,Swedish folk music,male,1
Q854775,bhajan,female,9
Q1317816,indie folk,female,51
Q1810546,Turkish folk music,female,16
Q964658,outlaw country,male,12
Q2891921,batuque,male,1
Q997481,bubblegum music,male,6
Q5421158,experimental hip-hop,female,8
Q1141081,lounge music,male,29
Q361164,Wienerlied,female,1
Q646026,Argentine rock,female,1
Q3389124,pirate metal,male,1
Q2090023,piano rock,female,1
Q11399,rock music,trans man,1
Q606393,Hi-NRG,male,12
Q655514,freestyle music,male,12
Q7409412,Sami music,female,1
Q11691380,complextro,male,1
Q474027,dancehall,non-binary,2
Q56351111,classic rock,male,7
Q1413061,tropicália,male,5
Q685884,vocal music,male,139
Q2736181,punk jazz,female,1
Q1298934,synth-pop,genderfluid,1
Q250090,Ruba'i,male,1
Q325397,indietronica,non-binary woman,1
Q125854050,tradi-moderne ivoirien,male,1
Q104847359,Brooklyn drill,female,1
Q106560659,Mongolian pop,female,1
Q113082312,demenzial rock,male,1
Q40461,bachata,female,7
Q10283582,electronic forró,male,6
Q1413061,tropicália,female,1
Q535402,tropipop,male,2
Q12257561,euskal kantagintza berria,male,1
Q2187392,alternative dance,male,13
Q2568406,postmodern music,male,1
Q533946,lambada,female,4
Q903735,breakcore,non-binary,2
Q206159,psychedelic rock,non-binary,1
Q209137,post-rock,female,18
Q202930,reggaeton,male,324
Q3974631,boerenrock,female,1
Q8964779,Nigerian gospel,female,1
Q26473,Gregorian chant,male,2
Q117745223,Brazilian funk,male,3
Q106586236,Japanese classical music,female,1
Q9778,electronic music,trans man,1
Q105627377,progressive jazz,female,1
Q438476,alternative country,female,36
Q106528422,glitch pop,non-binary,1
Q5643186,cumbia amazónica,female,3
Q97216998,Java-pop,female,4
Q1136331,nu jazz,male,261
Q263734,nu metal,male,92
Q1640319,experimental music,transfeminine,2
Q209137,post-rock,male,66
Q222445,marinera,female,1
Q20022908,party music,female,2
Q108297215,chazzanut,male,9
Q4490991,progressive country,male,2
Q22949256,aita,female,5
Q11399,rock music,travesti,1
Q25094849,art pop,transmasculine,1
Q5466607,footwork,female,1
Q12845743,symphonic mugham,male,1
Q4846346,bassline,female,1
Q12408914,contemporary Jewish religious music,male,17
Q98528206,ECM style jazz,male,1
Q106917640,kleinkunst,male,7
Q727803,Canterbury scene,female,1
Q40461,bachata,male,42
Q98528277,Celtic folk music,male,1
Q2697917,go-go,male,5
Q492067,Buddhist music,female,1
Q12046406,contemporary popular music,male,2
Q18129813,music of Egypt,male,16
Q206159,psychedelic rock,genderfluid,1
Q107697260,broken transmission,male,1
Q516568,New Orleans blues,female,1
Q963061,highlife,male,40
Q487965,industrial music,non-binary,1
Q388296,Afrobeat,male,163
Q4376204,Eastern Orthodox music,female,1
Q1202208,joropo,female,1
Q19820570,ma'luf,female,1
Q1958247,Brazilian gaucho music,male,24
Q20502,house music,male,632
Q130391349,funk automotivo,male,1
Q1815364,makossa,male,19
Q3108920,glitch hop,female,2
Q95469495,alternative pop,female,44
Q188994,drum and bass,non-binary,2
Q4736555,alternative reggaeton,female,3
Q861823,electroclash,male,12
Q257533,music of Japan,male,4
Q10922,hardcore punk,female,13
Q7295057,rasin,female,1
Q3071,punk rock,female,120
Q2913982,trap music,agender,1
Q139801507,Afrosounds,male,1
Q10367259,sambalanço,male,4
Q1518063,Ottoman classical music,male,38
Q1159539,dangdut,trans woman,1
Q567915,gigue,male,1
Q193207,ambient music,male,247
Q211756,dance-pop,genderfluid,2
Q5956785,hymn tune,male,1
Q61360197,Jaranan dangdut,female,1
Q3141879,huaylarsh,male,1
Q208239,salsa,female,29
Q336567,cosmic disco,female,1
Q483352,thrash metal,female,8
Q630689,bongo flava,male,18
Q17007779,Latin Christian music,male,2
Q2407589,Australian country music,male,1
Q106477753,midtempo bass,female,1
Q4215151,samba-canção,female,5
Q18370965,Pinoy pop,female,9
Q1413570,sardana,male,2537
Q3724735,emo pop,male,4
null/unknown,null/unknown,non-binary,331
Q11660484,denpa song,male,2
Q97375316,poetry song,male,1
Q1546028,Philadelphia soul,male,1
Q920883,music of Colombia,female,1
Q4797274,art song,male,22
Q2526653,mainstream rock,female,2
Q2961763,chaabi,female,2
Q60722009,Kasékò,male,1
Q851213,electronic dance music,non-binary,3
Q1033831,canticle,male,1
Q1452401,għana,male,2
Q3327514,Galician folk music,male,1
Q3135793,Middle Eastern hip hop,male,1
Q1298934,synth-pop,trans woman,1
Q1913888,power noise,male,2
Q104847359,Brooklyn drill,male,12
Q123177120,franco,male,1
Q55644985,trap metal,male,18
Q585588,Khaliji,male,25
Q25456501,pop melayu,male,9
Q226887,noh,male,1
Q125850367,cuplé,female,1
Q469343,UK rap,male,77
Q70076,tappa,male,1
Q1534821,golden age hip-hop,male,9
Q7118426,alternative R&B,male,51
Q1232283,villancico,male,1
Q16942070,Mexican folk music,female,1
Q966564,hardcore hip-hop,female,4
Q3487087,Smyrneiko,male,2
Q4400837,Russian romance,male,2
Q1091056,funktronica,male,1
Q1890098,new beat,male,5
Q517415,Europop,female,23
Q9730,classical music,non-binary,1
Q1786724,marrabenta,female,2
Q15931253,dimotiko,male,4
Q854451,Celtic music,male,56
Q108297189,Balochi folk music,male,1
Q284543,ethereal wave,non-binary,1
Q458480,neotraditional country,male,6
Q1048469,music of Scotland,male,1
Q206159,psychedelic rock,female,29
Q3328710,music of Lebanon,female,11
Q844245,Gypsy jazz,female,5
Q325397,indietronica,female,3
Q16096634,kawaii metal,female,3
Q106085531,black gospel music,female,1
Q108665706,corridos tumbados,male,12
Q2722134,lavani,female,1
Q1090048,chutney music,male,3
Q3437855,Malaysian rock,male,1
Q2956156,Occitan chanson,male,2
Q15974722,Breton song,male,20
Q106544624,eletrobrega,male,1
Q3908370,pop metal,male,1
Q6036517,Chilean folk music,male,1
Q2378916,music of Corsica,male,1
Q1771297,English folk music,male,1
Q9778,electronic music,male,1149
Q378988,adult contemporary music,male,34
Q6826151,Qudud Halabiya,male,1
Q1076092,technical death metal,male,26
Q2706919,country rap,male,19
Q727781,music of Latin America,female,25
Q112628064,big music,female,1
Q1929352,roots rock,female,1
Q33246019,big-beat (Eastern bloc),male,6
Q942955,milonga,male,4
Q727781,music of Latin America,male,129
Q5762403,hill country blues,male,1
Q3029796,disco-funk,male,1
Q16993565,Afro-Peruvian music,female,1
Q4069711,Armenian folk music,female,2
Q3135796,Brazilian hip-hop,male,1
Q65177809,Tsyganskiy romance,male,1
Q861823,electroclash,female,12
Q846784,music of Sweden,female,1
Q1866223,live electronic music,male,1
Q10360435,rhythm & grime,female,1
Q5618068,gumbé,male,1
Q947155,kirtan,male,1
Q138807858,Afro-raga,male,1
Q613408,country rock,female,9
Q828243,futurepop,genderfluid,1
Q28219760,descarga,male,2
Q544440,Indian film music,female,41
Q25094591,experimental pop,transmasculine,1
Q1695023,alternative music,male,47
Q254890,nova cançó,male,7
Q3397882,progressive pop,male,2
Q8261759,asturianada,male,4
Q164444,funk,non-binary,3
Q1786724,marrabenta,male,4
Q744417,Italo disco,male,24
Q3709211,dirty rap,female,11
Q1755959,Sufi music,male,9
Q352235,Chicago jazz,male,2
Q211723,speed metal,male,33
Q127606451,street pop,male,5
Q3931695,gospel reggae,female,1
Q170611,techno,trans woman,4
Q6979961,Native American hip hop,male,1
Q181014,fugue,male,1
Q964658,outlaw country,female,1
Q2551540,punk blues,female,1
Q9730,classical music,trans woman,1
Q8011523,contemporary music,female,14
Q125687720,road rap,male,11
Q9031739,merecumbé,male,1
Q11487510,string quartet,male,1
Q109382160,plugg music,male,11
Q1371364,ethno jazz,female,2
Q37073,pop music,transfeminine,1
Q23301960,dark pop,female,16
Q1062702,video game music,male,134
Q842324,indie pop,male,296
Q116006456,Hindutva pop,female,1
Q181010,hard bop,female,5
Q2256407,hip-hop soul,female,15
Q94951462,Auvergnat folk music,female,1
Q76092,glam rock,female,7
Q4078107,bard rock,female,4
Q10286515,funk melody,male,5
Q11938280,Uyghur music,female,1
Q132598288,anti-racist music,female,2
Q3470692,samba-enredo,male,4
Q1253172,Southern hip-hop,female,8
Q135472492,Dangdut hip-hop,female,1
Q3564665,music of Crete,male,5
Q970409,unblack metal,male,2
Q742341,modern creative,female,2
Q1427690,daina,female,2
Q846833,crossover jazz,male,81
Q3141879,huaylarsh,female,2
Q18170752,canto nuevo,male,1
Q969663,political hip-hop,male,43
Q820049,gabber,female,2
Q1323698,Indian classical music,female,29
Q2238236,Christian hip-hop,female,4
Q1636684,yé-yé,male,3
Q241662,groove metal,male,47
Q105757139,dansband music,male,15
Q2406633,broken beat,male,2
Q1507298,lo-fi music,transmasculine,1
Q193355,blues rock,male,268
Q109322851,mashcore,null/unknown,1
Q5834708,epic doom metal,male,3
Q727803,Canterbury scene,male,2
Q1141081,lounge music,female,6
Q870340,chalga,male,37
Q2266376,boogie rock,male,2
Q12499697,Minangkabau music,male,2
Q3141414,Hawzi,male,1
Q956883,Carnatic music,female,56
Q140544,toccata,male,1
Q3365745,parang,male,1
Q2256407,hip-hop soul,male,27
Q854451,Celtic music,female,53
Q13409536,pantomime,male,1
Q12408915,Israeli classical music,female,1
Q649634,progressive folk,female,1
Q9764,flamenco,male,204
Q107819512,German folk music,female,1
Q890887,Eurotrance,genderfluid,1
Q217597,electro,trans woman,1
Q888612,deathgrind,male,5
Q930995,queercore,female,1
Q221772,acid jazz,male,53
Q1268283,Romani music,male,20
Q484641,pop rock,non-binary,2
Q108665706,corridos tumbados,female,1
Q496929,maloya,male,41
Q641318,medieval folk rock,male,1
Q236913,space rock,female,1
Q2913982,trap music,cisgender man,1
Q16821210,Japanese jazz,female,1
Q1779294,space age pop,male,2
Q3702442,Occitan folk music,female,12
Q9048261,urbano music,female,6
Q5177472,country and Irish,female,1
Q1490170,slowcore,male,2
Q3575673,zoblazo,male,2
Q202930,reggaeton,trans woman,2
Q371745,timba,male,8
Q3570024,ethnic music,male,8
Q842324,indie pop,non-binary,9
Q5110317,Christian country music,male,2
Q58339,disco,trans woman,1
Q1123037,nursery rhyme,male,1
Q15077373,Neues Geistliches Lied,male,1
Q3531526,tondero,male,1
Q5151495,comedy music,male,23
Q2346484,music of Morocco,female,12
Q1899347,post-punk revival,male,7
Q1265050,terrorcore,male,1
Q1136045,wonky,female,1
Q25091767,mutuashi,female,1
Q97278139,brega funk,male,1
Q11700065,pop soul,female,5
Q185676,fado,male,44
Q12302979,battle rap,male,9
Q10801090,Vietnamese diasporic music,male,4
Q211025,march,male,22
Q2281409,dance-rock,male,12
Q28401204,alternative folk,female,1
Q124352838,Bronx drill,male,7
Q2111784,production music,male,5
Q533946,lambada,male,2
Q1344,opera,trans woman,1
Q542703,melodic hardcore,male,36
Q65154273,Siberian punk,male,1
Q6168369,Afro-jazz,female,5
Q378495,Russian pop,female,11
Q264289,sophisti-pop,female,1
Q1165358,danzón,male,1
Q19708604,funk ousadia,male,1
Q2500734,meykhana,male,12
Q1640319,experimental music,male,215
Q12881722,nisiotika,male,4
Q28746819,bedroom pop,female,16
Q3437841,French rock,male,23
Q4400498,Russian folk music,male,12
Q1191299,industrial hardcore,male,4
Q1428470,klapa,male,1
Q105627377,progressive jazz,male,7
Q39046859,harsh noise wall,male,5
Q18204859,Igbo rap,male,2
Q3908370,pop metal,female,1
Q469630,Canadian hip-hop,female,2
Q4428744,son cubano,male,17
Q1564596,taarab,male,4
Q1113204,dub poetry,male,1
Q1242484,doomcore,male,2
Q15974722,Breton song,female,9
null/unknown,null/unknown,intersex woman,3
Q1127539,Delta blues,female,2
Q83440,country music,non-binary,3
Q1037693,modern rock,male,5
Q2464314,brega,male,25
Q268253,neo soul,female,57
Q2000173,Gnawa music,male,10
Q8564213,Punjabi folk music,female,1
Q97368934,malouf tunisien,male,1
Q3328774,symphonic music,male,88
Q6821898,semi-classical music,male,1
Q535328,gaita zuliana,female,1
Q4376204,Eastern Orthodox music,male,6
Q59387411,archontorebetiko,male,1
Q59351462,DPRK-pop,female,1
Q1793004,Kurdish music,male,4
Q1548603,West Coast jazz,male,4
Q3446440,rub-a-dub,male,1
Q672134,music of France,male,1
Q874038,deep house,male,76
Q848457,speedcore,trans woman,2
Q1067089,throat singing,female,2
Q185652,ragtime,male,55
Q116764541,science fiction music,male,1
Q2260696,progressive trance,male,23
Q272167,shoegaze,male,25
Q482981,pansori,female,2
Q3053954,new flamenco,male,10
Q115063474,digital fusion,male,1
Q122730605,Cosmic American,male,1
Q6510987,Lebanese hip hop,male,1
Q546264,beat music,female,3
Q188450,electropop,female,180
Q189045,Britpop,male,33
Q1436228,Gwerz (Breton song),female,1
Q3630966,avant-prog,male,4
Q106298881,contemporary folk music,female,24
Q109941986,ratchet music,male,1
Q6161710,vidala,male,1
Q1797650,son jarocho,male,16
Q1147752,incidental music,male,102
Q1055871,Japanese rock,male,27
Q3121396,Basque radical rock,male,1
Q1756680,songo music,male,1
Q105636937,experimental techno,male,1
Q1452401,għana,female,1
Q4971454,British soul,male,1
Q60199541,emo rock,female,1
Q110391587,Vocaloid music,trans woman,1
Q541947,anthem,female,1
Q3328739,music of Palestine,female,2
Q428656,album-oriented rock,male,21
Q9794,reggae,female,144
Q1752683,soukous,female,6
Q11875657,leudd,male,1
Q640097,electric blues,male,82
Q94951462,Auvergnat folk music,male,7
Q123923529,bubblegrunge,female,1
Q851213,electronic dance music,trans woman,2
Q6701559,luk krung,female,4
Q183504,indie rock,non-binary,8
Q3328764,Thai pop,male,25
Q99470350,Campirano,male,4
Q65943851,UK drill,male,38
Q438503,alternative hip-hop,trans woman,1
Q65943778,traditional country music,male,1
Q7125908,Pakistani popular music,male,1
Q186170,doom metal,male,57
Q427183,music of Puerto Rico,female,8
Q2991840,snap music,female,1
Q2526653,mainstream rock,male,9
Q11135733,novokomponovana narodna muzika,female,1
Q2332751,avant-garde music,female,22
Q19938910,synthwave,non-binary,1
Q253137,rock opera,male,12
Q7005181,new acoustic music,male,2
Q85785117,Mexican hip-hop,male,1
Q106591506,bubblegum bass,genderfluid,1
Q202930,reggaeton,non-binary,1
Q1929352,roots rock,male,15
Q17723,Classical period,male,10
Q2879962,baião,male,9
Q613408,country rock,male,81
Q1715700,Jùjú music,female,1
Q756956,dark ambient,non-binary,1
Q1780056,norteño,male,20
Q11366,alternative rock,non-binary,9
Q11787379,ritual music,male,1
Q1564596,taarab,female,4
Q107033384,holiday music,male,1
Q2509521,Peruvian waltz,female,1
Q1298934,synth-pop,female,147
Q124357128,gabberpop,male,2
Q3328660,middle of the road,female,48
Q133709530,joropo llanero,male,1
Q3328774,symphonic music,female,10
Q47781397,EDM trap music,female,1
Q370515,new wave of British heavy metal,female,1
Q597493,chacarera,male,4
Q41343,post-metal,male,13
Q2991840,snap music,male,7
Q3106448,zamba,male,4
Q107539904,estrada music,male,2
Q2913982,trap music,non-binary,4
Q916387,exotica,female,2
Q546264,beat music,male,22
Q193207,ambient music,trans woman,3
Q98528204,spiritual jazz,male,1
Q1641839,experimental rock,genderqueer,1
Q484692,hymn,male,6
Q42201,independent music,trans woman,1
Q17119147,indie hip-hop,male,2
Q5110317,Christian country music,female,44
Q727634,ranchera,male,31
Q383982,psychedelic pop,male,19
Q6444335,kundiman,male,1
Q37073,pop music,male,6557
Q942955,milonga,female,2
Q220528,Rebetiko,male,55
Q101109587,future rave,female,1
Q1123763,kávéházi cigányzene,female,2
Q1020611,bühnenmusik,male,2
Q4875789,beach music,male,1
Q3559240,neo kyma,male,4
Q1574985,Vallenato,female,1
Q753679,gangsta rap,male,353
Q852767,Southern rock,female,6
Q109378734,popcorn music,male,1
Q85755605,dancehall pop,female,1
Q7067688,nu-funk,male,1
Q861823,electroclash,genderfluid,1
Q835562,habanera,male,6
Q27190,proto-punk,male,28
Q3538739,tribe,male,1
Q7654953,Swedish folk music,female,1
Q860196,bikutsi,male,4
Q107407607,hard trap,male,1
Q21006606,bass,female,1
Q1090048,chutney music,female,1
Q210854,ars nova,male,4
Q4045538,nu-disco,female,3
Q116296482,melodic house,male,3
Q1621467,symphonic black metal,female,1
Q830325,horror punk,male,22
Q3328681,popular folk music,female,12
Q880270,traditional black gospel,female,1
Q236913,space rock,male,22
Q18391540,Christian R&B,female,2
Q3541635,tsugaru-jamisen,male,4
Q2742742,music of Andalusia,male,3
Q1884689,Indo pop,female,3
Q3328676,music of Europe,female,1
Q106634926,future bounce,male,4
Q1378776,music of Ireland,female,24
Q239459,trip rock,female,1
Q98528251,nyahbinghi,male,1
Q3437873,Peruvian rock,female,1
Q1339121,contemporary worship music,male,23
Q188237,music of Cape Verde,male,1
Q3337494,Ndombolo,male,4
Q12274240,Bulgarian rock music,male,1
Q10801090,Vietnamese diasporic music,female,3
Q373342,popular music,male,358
Q7077860,Odissi music,male,18
Q968730,industrial rock,female,4
Q7770873,bal-musette,female,1
Q1391336,comedy rock,male,35
Q212148,prelude,male,1
Q7915876,variety,female,18
Q1484821,Brazilian classical music,male,1
Q598929,post-punk,female,23
Q110593065,Egyptian pop,male,3
Q817138,electronica,male,373
Q98528277,Celtic folk music,female,2
Q1134562,coronation anthem,male,1
Q4058252,Azerbaijani folk music,male,2
Q2343562,coldwave,female,3
Q105756581,big band music,female,36
Q438476,alternative country,male,98
Q252626,jota,male,1
Q108951349,music of the Llanos,female,1
Q209137,post-rock,trans woman,1
Q2064394,worldbeat,female,1
Q6188299,Jesus music,female,1
Q117745223,Brazilian funk,female,1
Q11401,hip-hop,transfeminine,1
Q45981,rhythm and blues,male,1252
Q2917227,Israeli rock,male,5
Q6496549,Latin soul,male,2
Q1583807,art music,male,110
Q1196752,traditional pop,female,99
Q877693,rap rock,male,101
Q47074428,SoundCloud rap,male,25
Q726239,noise music,non-binary,1
Q1507298,lo-fi music,non-binary,1
Q18208255,Igbo highlife,male,2
Q850412,contemporary R&B,genderfluid,2
Q3591962,Ethio-jazz,male,8
Q492264,film score,female,13
Q930592,Italo dance,male,6
Q6942277,music of Somalia,female,2
Q665286,luk thung,female,40
Q903735,breakcore,trans woman,2
Q369820,music of Africa,male,140
Q624044,Arabic music,male,80
Q2929369,bélé,male,4
Q6158987,Japanese reggae,male,1
Q1541229,American folk music,male,20
Q669738,yass,male,1
Q4381192,music of Paraguay,male,1
Q1092837,post-bop,male,196
Q1619932,hiplife,female,4
Q915152,progressive house,female,11
Q484692,hymn,female,2
Q11560476,kiyomoto-bushi,male,2
Q11366,alternative rock,trans man,2
Q9048265,Yoruba music,male,2
Q997481,bubblegum music,non-binary,1
Q4848738,baithak gana,female,2
Q108757333,Tuvan throat singing,male,3
Q18170752,canto nuevo,female,1
Q4846346,bassline,male,3
Q649823,country blues,female,5
Q7770873,bal-musette,male,2
Q10801096,Purple music,male,24
Q203775,swing,male,233
Q76825003,"folk, world and country",female,2
Q11401,hip-hop,agender,1
Q475221,deathcore,male,13
Q124099574,cosmic black metal,male,1
Q111133884,rage,non-binary,3
Q4971442,British rhythm and blues,male,3
Q61065236,koche bazari,male,1
Q7125896,Pakistani hip hop,male,1
Q1983116,New York hardcore,male,1
Q113509746,French contemporary R&B,male,8
Q106590078,Israeli folk music,female,2
Q65031097,Gengeton,male,1
Q627906,electro house,genderfluid,1
Q726239,noise music,female,9
Q1399695,Chicano rap,male,5
Q3392209,tonada,male,4
Q835891,funk rock,male,29
Q2261628,chopped and screwed,male,3
Q151942,mazurka,male,2
Q1192110,C-pop,female,31
Q3083000,kan ha diskan,male,3
Q1524296,Neue Volksmusik,male,53
Q1326777,electroacoustic music,female,14
Q9078960,Motown,female,1
Q1371364,ethno jazz,male,17
Q5264196,Desi hip hop,male,4
Q1534821,golden age hip-hop,female,1
Q1125657,conga,male,1
Q43343,folk music,trans man,1
Q5105480,Chouval bwa,male,1
Q65448155,sebene,male,1
Q513357,coupé-décalé,female,3
Q111540535,cantautor music,male,9
Q1540495,puirt à beul,female,1
Q16986699,cha-cha-chá,male,3
Q3291151,music of Angola,male,1
Q3328660,middle of the road,male,78
Q1033810,cantiga de amigo,male,1
Q387236,African hip-hop,male,5
Q1414130,filk,male,3
Q476983,synth-punk,female,2
Q4400497,Russian folk song,male,2
Q130369429,brincao,male,1
Q107290934,hookah rap,male,2
Q18358879,outsider house,male,2
Q2465085,ambient house,male,1
Q1744327,sound art,male,5
Q1958273,sertanejo,female,22
Q484641,pop rock,trans man,1
Q2210998,sacropop,male,3
Q2391393,Armenian rock,male,2
Q10757361,Vietnamese folk music,male,1
Q898709,rave music,female,1
Q850412,contemporary R&B,non-binary,10
Q1192110,C-pop,male,43
Q12046406,contemporary popular music,female,1
Q1071873,Chicago blues,male,59
Q972424,old-time music,male,54
Q724010,Ashiqs of Azerbaijan,female,1
Q610022,kaseko,male,3
Q1046768,música popular brasileira,trans woman,1
Q850412,contemporary R&B,male,930
Q877693,rap rock,female,2
Q13646229,gothic music,male,2
Q1156570,dabke,female,1
Q3453150,Congolese rumba,male,23
Q18358879,outsider house,female,4
Q4690168,Afro-Caribbean music,female,3
Q25339858,Afro,male,3
Q3083000,kan ha diskan,female,4
Q966564,hardcore hip-hop,male,274
Q132531661,leftist music,male,1
Q85765918,hauntology,male,1
Q10926,emo,non-binary,1
Q316930,dance music,male,337
Q124352838,Bronx drill,female,2
Q105697765,impressionist music,male,6
Q105672644,electro-jazz,male,2
Q756956,dark ambient,female,3
Q1060475,chamamé,female,3
Q1418683,kayōkyoku,null/unknown,1
Q5955539,payada,male,2
Q11401,hip-hop,intersex,1
Q65089257,punk rap,non-binary,1
Q2624785,Russian rock,male,40
Q3328779,urban classical music,male,1
Q367751,pachanga,male,1
Q1123763,kávéházi cigányzene,male,1
Q2634010,acid breaks,male,1
Q8011523,contemporary music,male,21
Q115612369,mbolé,male,4
Q2662072,indigenous music of North America,male,1
Q11058823,music of Martinique,male,1
Q1075338,jug band,male,1
Q5969884,tape music,male,3
Q2332751,avant-garde music,male,107
null/unknown,null/unknown,intersex,4
Q7308175,reggae rock,male,15
Q744417,Italo disco,female,15
Q2624785,Russian rock,female,6
Q3328720,Mixed music,male,2
Q101552821,gothic rap,male,2
Q272167,shoegaze,non-binary,4
Q10370558,sertanejo universitário,male,6
Q227036,zouglou,female,1
Q1102161,jungle,male,17
Q1182371,deep funk,female,1
Q15042720,copla,female,22
Q109526125,taiko music,non-binary,1
Q202925,tribal house,female,1
Q12499697,Minangkabau music,female,2
Q10370216,seresta,male,1
Q9778,electronic music,female,442
Q388100,Afro house,male,15
Q66364245,Ukrainian folk music,female,1
Q105527,jazz fusion,trans woman,1
Q12881722,nisiotika,female,5
Q744327,joik,male,5
Q2448147,trailer music,male,2
Q508790,chastushka,male,1
Q48834745,orchestral pop,male,8
Q3333303,méringue,male,1
Q1413570,sardana,female,141
Q497957,nueva trova,female,1
Q107565104,original Pilipino music,male,9
Q3089524,huapango,trans woman,1
Q1166726,grime,male,80
Q1143752,cumbia villera,male,1
Q1518063,Ottoman classical music,female,23
Q672134,music of France,female,2
Q1435509,folktronica,female,11
Q126728409,doomshop phonk,male,1
Q3410876,punta rock,male,1
Q7205507,plunderphonics,female,1
Q1753803,mor lam,male,18
Q1530455,vocal jazz,female,41
Q2104067,jazz pop,trans man,1
Q507246,serialism,female,1
Q9778,electronic music,genderfluid,1
Q117348352,traditional québécois music,male,11
Q2738178,zamacueca,male,1
Q1499262,yellow music,female,10
Q16323732,shaabi,male,3
Q6496560,Latin ballad,male,40
Q3328681,popular folk music,male,19
Q10831132,tình khúc 1954-1975,male,10
Q24189851,epic music,male,5
Q28949059,depressive black metal,male,1
Q372103,electronic body music,male,16
Q183504,indie rock,female,250
Q2268922,cowpunk,female,1
Q257533,music of Japan,female,3
Q15733887,vaporwave,male,9
Q16829781,cloud rap,non-binary,1
Q1162954,French pop,non-binary,1
Q9300201,samba de roda,female,1
Q281111,ġazal,male,30
Q2268922,cowpunk,male,5
Q1930107,kroncong,male,3
Q3591962,Ethio-jazz,female,2
Q379671,post-grunge,female,12
Q11366,alternative rock,trans woman,3
Q9778,electronic music,transfeminine,2
Q5398894,V-pop,male,36
Q113186482,Sambalpuri music,male,3
Q108124565,incelcore,male,1
Q2082572,liquid drum and bass,male,7
Q835891,funk rock,female,3
Q383615,street punk,male,1
Q1983750,mainstream hardcore,male,1
Q107029644,Hari Raya music,male,1
Q5967604,urban contemporary gospel,female,14
Q916387,exotica,male,9
Q388296,Afrobeat,trans woman,1
Q16829781,cloud rap,male,59
Q1672398,music of Iran,female,2
Q2662148,Celtic rock,female,3
Q42201,independent music,non-binary,2
Q21000514,rawstyle,male,3
Q663519,breakbeat,male,39
Q839029,raï,female,11
Q105527,jazz fusion,male,637
Q1132152,math rock,male,10
Q7832302,traditional Nordic dance music,male,1
Q2994332,rock en español,male,20
Q117261741,tôba hanyé,male,1
Q371745,timba,female,6
Q2426383,crunkcore,male,1
Q1164252,deathrock,female,1
Q187760,new wave,male,499
Q1418683,kayōkyoku,non-binary,1
Q1299260,roots reggae,male,17
Q790188,avant-garde jazz,female,6
Q189045,Britpop,female,2
Q3415943,rabiz,male,6
Q958982,saeta,female,2
Q592060,free improvisation,female,6
Q1936659,Nederpop,male,15
Q2420447,trova,female,6
Q327547,cool jazz,male,37
Q10283582,electronic forró,female,6
Q492264,film score,trans woman,1
Q492096,Andean music,female,8
Q837837,power pop,non-binary,1
Q890575,punk metal,male,1
Q16986699,cha-cha-chá,female,2
Q1751409,2-step garage,male,2
Q194492,gamelan,male,4
Q164444,funk,female,96
Q2798694,marabi,female,1
Q3327514,Galician folk music,female,3
Q1109497,Piedmont blues,male,2
Q1879175,ländler music,male,1
Q236932,acid rock,male,13
Q211781,free jazz,male,148
Q124713283,reparto,female,1
Q1583807,art music,female,22
Q1752683,soukous,male,26
Q17723,Classical period,female,2
Q586110,forró,male,32
Q106877744,Philippine classical music,female,4
Q108297181,Asturian folk music,female,1
Q2461933,sunshine pop,male,2
Q12362064,emo rap,non-binary,1
Q14390274,tango,female,57
Q6022257,Indian folk music,female,6
Q2936886,cantèra,female,2
Q1247105,singjay,male,1
Q8964779,Nigerian gospel,male,1
Q114880130,bass music (EDM),male,3
Q106586219,Japanese folk music,null/unknown,1
Q784310,electro hop,female,1
Q83440,country music,trans man,1
null/unknown,null/unknown,null/unknown,26
Q5185778,criolla,female,1
Q116256909,Korean traditional music,female,1
Q1033073,candombe,male,8
Q2280497,country pop,genderfluid,1
Q646679,Neue Deutsche Welle,female,3
Q3606268,Afro-rock,female,1
Q9764,flamenco,female,76
Q2746731,parody music,male,5
Q1942905,Geuzen song,male,1
Q6067375,Iranian folk music,female,1
Q997481,bubblegum music,female,8
Q57143,power metal,male,126
Q829147,protest song,female,7
Q1062400,chanson,female,188
Q1646666,mambo,male,3
Q389631,jumpstyle,male,2
Q372103,electronic body music,female,1
null/unknown,null/unknown,takatāpui,3
null/unknown,null/unknown,bigender,3
Q193355,blues rock,female,17
Q378988,adult contemporary music,female,53
Q9778,electronic music,trans woman,29
Q461064,music in advertising,male,2
Q3328768,music of Sri Lanka,male,1
Q106926325,Brazilian folk music,male,1
Q1750049,modern jazz,male,14
Q2497323,suomisaundi,male,2
Q17053024,folkhop,male,2
Q11399,rock music,non-binary,7
Q828181,Rock Against Communism,female,1
Q327547,cool jazz,female,10
Q170435,trance,male,184
Q107364106,quadrille,male,3
Q853873,cantopop,female,102
Q1061165,champeta,male,1
Q1100989,glitch,male,13
Q13026479,Phleng Lae,male,2
Q12362064,emo rap,female,1
Q1938987,club house,male,1
Q1162475,nóta,female,4
Q624081,Arabic pop,male,16
Q1634085,tecno brega,genderfluid,1
Q33160145,ambient pop,non-binary,1
Q2258450,Spanish hip-hop,male,7
Q930995,queercore,genderqueer,1
Q915152,progressive house,male,109
Q1207347,Shibuya-kei,male,15
Q3347279,nòva cançon,male,5
Q703778,neo-psychedelia,male,15
Q2498201,music of Russia,male,3
Q1931130,funk carioca,female,16
Q1048249,Italian folk music,male,1
Q492643,trad jazz,male,4
Q25099840,Afrobeats,male,105
Q8032087,wonky pop,non-binary,1
Q107740285,cumbia,male,1
Q874038,deep house,non-binary,2
Q1973965,Nederhop,male,30
Q854775,bhajan,male,9
Q512410,qawwali,female,4
Q547137,Latin pop,trans woman,1
Q7139128,parlour music,male,1
Q85740017,Afroswing,male,13
Q703778,neo-psychedelia,female,1
Q3724735,emo pop,female,8
Q2738544,Mizrahi music,female,15
Q122616091,muzika yehudit mekorit,male,1
Q16024685,Afro-soul,male,5
Q1139787,music of ancient Greece,male,1
Q96647680,bardcore,female,1
Q25093633,tsapiky,male,2
Q956717,kwaito,female,2
Q17153632,tallava,female,1
Q2736181,punk jazz,male,4
Q1425661,folk punk,transmasculine,1
Q10367226,samba-sincopado,male,1
Q105757139,dansband music,female,20
Q936942,post-industrial music,male,3
Q16625659,space ambient,male,4
Q438503,alternative hip-hop,agender,2
Q15893013,funk ostentação,male,11
Q286080,acoustic music,male,95
Q6783396,maskandi,male,1
Q1326777,electroacoustic music,male,79
Q487914,pop-punk,trans man,1
Q846833,crossover jazz,female,10
Q3559240,neo kyma,female,3
Q11691380,complextro,genderfluid,1
Q181861,noise rock,female,6
Q1500364,psychedelic folk,cisgender man,1
Q3702442,Occitan folk music,male,27
Q1482325,Islamic music,male,6
Q15042720,copla,male,12
Q1227093,Bilbainada,male,1
Q2719078,Western music,male,2
Q28401204,alternative folk,trans woman,1
Q2365784,fidget house,genderfluid,1
Q212688,dub music,female,5
Q5118383,chutney soca,male,1
Q4949812,bounce music,female,2
Q223840,hardstyle,male,53
Q1470503,semba,female,1
Q6110311,flamenco rock,male,4
Q725888,Italian progressive rock,male,2
Q10926,emo,trans man,1
Q3840596,dark wave,trans woman,2
Q3191747,cadence rampa,male,5
Q1166197,dark metal,male,1
Q1752801,Rock in Opposition,male,1
Q96376113,deconstructed club,female,2
Q1417272,rondeau,male,1
Q373342,popular music,female,158
Q18846,ancient music,male,1
Q1425111,western music,male,15
Q805130,ballade,female,17
Q117348352,traditional québécois music,female,3
Q110592389,contemporary singer-songwriter music,female,1
Q213121,new age music,male,119
Q1196752,traditional pop,male,84
Q851213,electronic dance music,genderfluid,2
Q1955040,music of the Democratic Republic of the Congo,male,1
Q43343,folk music,genderfluid,2
Q1695023,alternative music,female,27
Q3613770,ambient dub,male,1
Q12876996,Greek hip hop,male,2
null/unknown,null/unknown,undisclosed gender,8
Q115218587,nhạc trữ tình,male,3
Q15697534,drill,male,137
Q16562829,harsh noise,male,9
Q5716336,baguala,male,2
Q1810546,Turkish folk music,male,37
Q1499839,lundu,male,1
Q207591,Romantic music,female,10
Q107697441,surf punk,male,1
Q20378,alternative metal,male,180
Q2915789,gwo ka,female,6
Q235858,traditional folk music,male,1177
Q104842028,satirical music,male,2
Q823080,no wave,female,3
Q1065742,religious music,female,22
Q1065742,religious music,male,100
Q94639707,Gascon folk music,male,16
Q2101613,Politrock,male,1
Q5515214,gaana,female,1
Q18466722,cacuriá,female,1
Q2043175,hyphy,male,15
Q1650296,instrumental rock,male,54
Q1207347,Shibuya-kei,female,11
Q817138,electronica,trans woman,1
Q2494949,Gato,male,1
Q1990122,Celtic punk,male,7
Q825769,crust punk,male,2
Q2302695,tech trance,female,1
Q62128,Khyal,male,3
Q649823,country blues,male,40
Q5612172,grupera,male,2
Q11401,hip-hop,genderfluid,4
Q817138,electronica,non-binary,2
Q97181439,arrocha funk,female,1
Q1045541,G-funk,male,50
Q645992,music of Argentina,male,1
Q6010,rapping,female,104
Q56351526,forró,male,1
Q899116,neoclassical dark wave,male,2
Q474027,dancehall,genderfluid,1
Q7050752,Nordic folk music,male,1
Q2249365,kawina,female,1
Q3052655,low bap,male,1
Q57392588,foxtrot,male,1
Q4088026,blatnaya pesnya,female,1
Q106876075,bubbling,male,1
Q89363113,singer-songwriter music,male,36
Q840748,Iranian hip hop,female,1
Q3422697,red dirt,male,4
Q271802,symphonic poem,female,1
Q1753803,mor lam,female,25
Q6749708,Manila sound,male,2
Q65937017,atmospheric black metal,female,1
Q649634,progressive folk,male,2
Q1737332,mainstream jazz,female,1
Q1109497,Piedmont blues,female,1
Q109426115,maloya élektrik,male,3
Q749475,psybient,male,1
Q546359,doo-wop,female,6
Q320592,Krautrock,female,1
Q2084353,electronicore,male,1
Q28746819,bedroom pop,trans woman,2
Q7295057,rasin,male,1
Q1151663,novelty music,male,10
Q7118426,alternative R&B,trans woman,1
Q848852,Eurobeat,male,9
Q7482056,Irish folk music,female,8
Q820049,gabber,male,11
null/unknown,null/unknown,genderqueer,34
Q106594706,cinematic classical,male,3
Q1339121,contemporary worship music,female,12
Q7749,rock and roll,male,546
Q899215,music of Brazil,female,8
Q2280273,mod revival,male,1
Q2235352,carnavalskraker,male,2
Q2707994,Catalan rumba,male,9
Q46046,baroque pop,male,19
Q6010,rapping,non-binary,3
Q15975701,narodnozabavna glasba,male,1
Q7832297,traditional Japanese music,male,5
Q2668052,Dutch-language music,male,16
Q9067503,reggae punk,male,2
Q2109360,Danza,male,8
Q29480448,industrial techno,male,6
Q5464464,folk jazz,female,2
Q105527,jazz fusion,non-binary,1
null/unknown,null/unknown,male,257934
Q2997058,melodic black metal,male,2
Q2529400,urban contemporary,transfeminine,1
Q892958,boogaloo,male,4
Q3345491,Rabindra Sangeet,male,3
Q2089511,death-doom,male,5
Q388906,hardcore,male,60
Q131425,visual kei,male,13
Q775614,neofolk,female,11
Q3570024,ethnic music,female,9
Q107033667,Halloween music,male,1
Q1695023,alternative music,trans woman,2
Q2913982,trap music,male,615
Q2607836,freakbeat,male,1
Q11365,grunge,female,19
Q1344,opera,non-binary,1
Q28746819,bedroom pop,male,9
Q108297181,Asturian folk music,male,2
Q786815,turbo-folk,female,37
Q105697907,swingbeat,male,3
Q484641,pop rock,female,503
Q85477,oratorio,female,6
Q186472,folk rock,trans man,1
Q281111,ġazal,female,10
Q1716019,Jewish music,male,9
Q612024,contemporary classical music,intersex trans woman,1
Q104695865,hyperpop,genderfluid,2
Q193217,madrigal,male,4
Q193207,ambient music,transfeminine,1
Q28517114,Andean music (Colombia),male,2
Q527675,bambuco,male,1
Q208494,industrial metal,genderfluid,1
Q1615483,soul jazz,male,19
Q503354,Christmas carol,male,1
Q848399,Easy Listening,male,121
Q1151259,nueva canción,male,6
Q97265899,lofi hip-hop,female,2
Q1143741,chicha,male,11
Q25116,Argentine tango,female,4
Q2956468,Chaoui music,female,4
Q104695865,hyperpop,female,16
Q46046,baroque pop,non-binary,2
Q205560,trip hop,female,64
Q22949256,aita,male,2
Q111540535,cantautor music,female,2
Q110592306,alté,female,1
Q1435509,folktronica,male,20
Q6942022,Bollywood film music,male,1
Q842324,indie pop,genderfluid,4
Q930592,Italo dance,female,4
Q316930,dance music,female,230
Q164444,funk,male,548
Q5202988,cải lương,female,4
Q12701217,pop yeh-yeh,male,1
Q1744304,sound collage,null/unknown,1
Q3542334,turlute,female,1
Q2545135,noise pop,female,6
Q105763581,experimental electronic music,male,1
Q1793004,Kurdish music,female,1
Q1457545,pagan metal,male,4
Q2842043,atmospheric drum and bass,female,1
Q7800608,desert blues,male,2
Q11366,alternative rock,genderqueer,2
Q1298934,synth-pop,non-binary,5
Q3840596,dark wave,male,26
Q1521688,ghettotech,female,1
Q526463,Detroit techno,male,10
Q16525381,Afro-zouk,female,5
Q97278139,brega funk,female,2
Q1036183,carimbó,male,1
Q12479445,congdut,male,1
Q6153324,trova paisa,male,1
Q20474,dubstep,male,123
Q3328797,musique actuelle,male,4
Q3163340,Afro-Cuban jazz,female,6
Q531426,music of India,female,2
Q2225757,Christian hardcore,male,1
Q179465,polyphony,female,14
Q163775,medieval music,female,9
Q612024,contemporary classical music,trans man,1
Q83270,hard rock,female,66
Q10801096,Purple music,female,11
Q839029,raï,male,44
Q1636684,yé-yé,female,7
Q54329757,Latin trap,male,126
Q20631510,Ameripolitan,male,1
Q45981,rhythm and blues,trans man,1
Q235858,traditional folk music,trans woman,2
Q47074428,SoundCloud rap,non-binary,1
Q5341293,educational music,male,8
Q7127417,Palestinian hip-hop,male,2
Q185298,a cappella,male,26
Q464129,mariachi,male,14
Q2961766,Algerian chaabi,female,4
Q106654149,Yiddish folksong,female,1
Q9364028,UK funky,female,5
Q135637,chiptune,null/unknown,1
Q116690343,ballad,male,1
Q54864794,horror music,male,1
Q1567032,Southern soul,male,1
Q15300817,big room house,male,19
Q112997482,drift phonk,female,1
Q2324411,geek rock,male,2
Q17091278,Romanian muzica populara,female,20
Q1268283,Romani music,female,12
Q11912270,caramelles,male,2
Q1076092,technical death metal,female,1
Q170611,techno,agender,1
Q1455487,Frenchcore,male,6
Q109555263,Broadway music,female,3
Q111440420,Moldovan folk music,male,1
Q1092837,post-bop,female,14
Q1195253,sea shanty,female,1
Q1914924,mbaqanga,female,1
Q10497435,traditional folk music of Hälsingland,female,1
Q823560,musique concrète,male,17
Q3135801,Serbian hip-hop,male,5
Q5184215,Creole music,male,2
Q2260696,progressive trance,female,1
Q25554481,punk music,male,7
Q1931130,funk carioca,trans woman,1
Q379671,post-grunge,male,47
Q6942010,music of Bahrain,female,1
Q474027,dancehall,male,262
Q46046,baroque pop,female,21
Q10335288,nacional-canconetismo,female,1
Q185652,ragtime,female,35
Q719927,symphonic rock,male,19
Q2464314,brega,female,2
Q106298881,contemporary folk music,male,38
Q622871,psychedelic trance,male,47
Q869210,corrido,female,4
Q213149,viking metal,male,13
Q3879286,nueva canción chilena,female,1
Q848457,speedcore,male,5
Q65065491,riddim,male,4
Q1744304,sound collage,male,1
Q591990,jazz standard,female,2
Q1574985,Vallenato,male,32
Q384064,African gospel,female,1
Q131535017,Argentine hip-hop,male,2
Q3117305,group sounds,male,31
Q727634,ranchera,female,32
Q2963621,chillstep,male,1
Q599510,romance,female,55
Q598593,tech house,female,6
Q98528139,tribal ambient,male,1
Q95469495,alternative pop,intersex trans woman,1
Q15733887,vaporwave,null/unknown,1
Q2726026,konpa,female,4
Q3679098,music of Italy,male,1
Q959583,schlager music,male,275
Q1541229,American folk music,female,5
Q1931130,funk carioca,genderfluid,3
Q5871848,Latin American fusion,female,2
Q5413514,European free jazz,male,1
Q4925966,kantrum,male,1
Q752785,calypso,female,6
Q623904,Andalusi classical music,male,16
Q2525544,Celtic metal,male,3
Q30638997,mumble rap,male,27
Q1091450,aggrotech,male,1
Q608862,anime song,male,61
Q1325966,electro wave,male,1
Q6110296,rock subterráneo,female,1
Q188539,glam metal,male,101
Q2956171,chanson réaliste,female,4
Q3085344,music of Peru,female,3
Q203775,swing,female,29
Q2832970,dialect music,female,2
Q105513,bebop,male,103
Q51560345,intuitive folk,female,1
Q6301761,benga music,male,3
Q497957,nueva trova,male,3
Q123413364,Afro tech,female,1
Q130344249,Type Beat,male,1
Q11398105,gekiban music,male,1
Q254890,nova cançó,female,1
Q489913,bolero,male,9
Q1956166,Muwashshah,female,1
Q1515757,jump blues,male,7
Q1544863,music of Cuba,male,5
Q515074,Louisiana blues,male,2
Q646026,Argentine rock,male,6
Q106514601,glitch hop (EDM),male,1
Q2004156,industrial hip-hop,female,1
Q341395,acid techno,male,9
Q2338544,cante jondo,male,2
Q1046768,música popular brasileira,male,453
Q377910,post-hardcore,male,105
Q487914,pop-punk,male,147
null/unknown,null/unknown,cisgender man,2
Q436016,early music,male,26
Q5464464,folk jazz,male,3
Q224694,white power music,female,1
Q3071,punk rock,agender,1
Q5716953,bakalao,male,1
Q3724735,emo pop,trans woman,1
Q96647680,bardcore,male,1
Q455686,samba reggae,male,2
Q277393,music of China,female,1
Q20378,alternative metal,genderfluid,1
Q7482056,Irish folk music,male,23
Q4155078,dark electro,male,1
Q111540441,Greek pop,male,1
Q1014887,burger-highlife,male,1
Q64055364,ethnic pop,female,4
Q1064810,Chinese rock,female,1
Q2280497,country pop,female,48
Q639197,instrumental music,female,11
Q3889385,music of Chile,male,1
Q107000797,Korean folk music,female,1
Q11401,hip-hop,trans woman,3
Q124253576,Eelam Melody,male,1
Q1868278,black doom,male,2
Q1076539,choro,male,48
Q115218587,nhạc trữ tình,female,2
Q1500364,psychedelic folk,male,12
Q1798870,pagan folk,male,1
Q822914,Christian metal,male,35
Q7142141,pasillo,female,3
Q2426218,modernism,female,3
Q592330,dream pop,trans woman,2
Q53806314,éntekhno,male,43
Q9162904,avant-pop,trans woman,1
Q186472,folk rock,genderqueer,1
Q79784514,progressive electronic music,male,2
Q577080,P-Funk,male,2
Q268253,neo soul,non-binary,2
Q217191,soft rock,female,46
Q502535,morna,male,5
Q253137,rock opera,female,2
Q213665,K-pop,female,771
Q1507298,lo-fi music,transgender,1
Q1147752,incidental music,female,4
Q1606591,reggae fusion,female,1
Q11700065,pop soul,male,2
Q65937946,modern classical music,female,1
Q724104,music of Azerbaijan,male,2
Q7777494,theatre music,male,18
Q113627735,alternative urban,male,2
Q6010117,Memphis rap,female,2
Q1435485,axé,female,9
Q252626,jota,female,2
Q208239,salsa,male,160
Q1051843,neo-prog,male,8
Q106130091,post-dubstep,male,2
Q6665245,phleng Thai sakon,female,1
Q122474125,egg punk,trans woman,1
Q2271846,sampler-based music,male,1
Q1166158,dark cabaret,male,4
Q1695023,alternative music,non-binary,2
Q5978495,lolicore,null/unknown,4
Q109148913,organic house,female,1
Q1317816,indie folk,trans man,3
Q2916253,music of the Trecento,male,4
Q898709,rave music,male,19
Q4949812,bounce music,male,6
Q85755605,dancehall pop,male,1
Q3114644,music of Australia,female,1
Q8341,jazz,male,11040
Q3486097,ska rock,male,1
Q1425661,folk punk,transgender,1
Q283405,punta,male,1
Q88340836,Russian music,male,3
Q1931130,funk carioca,non-binary,2
Q1062328,Chanson,male,3
Q132778448,shit talk,male,1
Q109713745,modern laika,male,10
Q5747907,canto popular uruguayo,male,3
Q109653544,shatta,male,1
Q542971,progressive death metal,male,2
Q1182371,deep funk,male,1
Q489913,bolero,female,8
Q2307786,huayno,male,15
Q11787389,club/dance music,male,9
Q6457912,LGBT music,female,1
Q6665252,Phleng phuea chiwit,male,10
Q12007812,trønder rock,male,3
Q3048168,mákina,male,5
Q104695865,hyperpop,trans woman,8
Q831354,Smooth jazz,female,10
Q1872505,lovers rock,male,4
Q6016474,Fantezi,male,3
Q4965901,Jersey club,male,3
Q3328711,Mandingo music,male,1
Q2532274,Volkstümliche Musik,male,16
Q20825943,Balkan pop-folk,female,6
Q851213,electronic dance music,male,375
Q61693382,pilantragem,male,1
Q65089257,punk rap,female,1
Q484641,pop rock,genderfluid,2
Q1435485,axé,male,7
Q16993565,Afro-Peruvian music,male,1
Q1455932,frevo,male,9
Q11399,rock music,transmasculine,1
Q114023769,slow-rock,male,4
Q110592414,Christmas rock music,male,1
Q627906,electro house,null/unknown,1
Q7855391,Turkish pop,male,11
Q130247900,Ghanaian drill,male,1
Q221934,narcocorrido,male,1
Q606089,skiffle,male,10
Q6111428,romantic style,female,1
Q5160756,congregational singing,male,2
Q180268,gospel music,male,415
Q65937817,crossover prog,male,7
Q1759189,mangue bit,male,4
Q9778,electronic music,null/unknown,1
Q116690325,power ballad,male,1
Q7023411,nhạc đỏ,male,20
Q7911938,vallenato-salsa,female,1
null/unknown,null/unknown,demigirl,1
Q28746819,bedroom pop,undisclosed gender,1
Q1443316,Christmas music,male,2
Q1162461,Hungarian folk song,female,1
Q3631657,aṣíkò,male,1
Q2956164,Quebec chanson,female,2
Q188450,electropop,trans woman,4
Q98528253,pop reggae,male,1
Q7077860,Odissi music,female,2
Q1775526,Contradanza,male,1
Q1190565,jangle pop,female,1
Q11700058,folk-pop,male,152
Q870340,chalga,female,81
Q45981,rhythm and blues,transfeminine,1
Q1127530,modal jazz,male,11
Q12736122,muzica ușoară românească,male,1
Q15830404,bolero,female,35
Q97265899,lofi hip-hop,male,3
Q6111428,romantic style,male,1
Q968730,industrial rock,genderfluid,1
Q18217098,New Mexico music,female,1
Q2142754,choral symphony,male,1
Q660984,intelligent dance music,male,53
Q83270,hard rock,male,1052
Q1772422,stoner metal,male,3
Q1435485,axé,travesti,1
Q470611,Italian hip-hop,male,13
Q11320501,digital rock,male,1
Q8812109,church music,male,65
Q60729751,soulful house,male,1
Q135637,chiptune,trans woman,1
null/unknown,null/unknown,travesti,2
Q16954055,bro-country,male,1
Q114239322,carnival music,female,1
Q850412,contemporary R&B,female,642
Q1165777,UK garage,female,9
Q85477,oratorio,male,37
Q963369,vispop,female,5
Q1165777,UK garage,male,33
Q1133657,traditional heavy metal,female,12
Q54365,ska,male,195
Q2743,musical play,female,85
Q106594706,cinematic classical,female,1
Q936573,crunk,female,3
Q5466607,footwork,male,4
Q6431989,Korean hip-hop,male,22
Q1243254,lento violento,male,1
Q1271752,Texas blues,female,2
Q1133657,traditional heavy metal,male,146
Q65937845,funk soul,female,1
Q502808,xote,male,1
Q6010,rapping,trans woman,2
Q105672644,electro-jazz,female,1
Q5201841,Czech tramping music,male,5
Q2572585,pop rap,trans woman,1
Q650316,drone music,female,6
Q2864671,art lyrique,male,4
Q3397325,music of Mexico,female,2
Q1033912,hard dance,male,5
Q3084222,hard techno,male,8
Q2697917,go-go,female,1
Q28401204,alternative folk,male,4
Q45981,rhythm and blues,genderfluid,1
Q4215151,samba-canção,male,9
Q531426,music of India,male,4
Q2998920,country soul,male,1
Q1437709,canción,female,1
Q10334890,music of Mali,male,2
Q572901,minimalist music,male,42
Q1785028,sleaze rock,male,1
Q12183214,minimal music,male,1
Q205049,world music,trans man,1
Q3535998,Indian pop,male,29
Q1259016,drill and bass,male,2
Q5950055,music of Khorasan,male,1
Q3274667,campursari,female,3
Q4400803,Russian post-chanson,male,7
Q4069711,Armenian folk music,male,6
Q1091056,funktronica,female,1
Q429264,West Coast hip-hop,female,3
Q661651,show tune,female,1
Q3437842,Greek rock,male,7
Q11307326,city pop,female,11
Q2346991,UK bass,female,1
Q2406900,twoubadou,female,2
Q624081,Arabic pop,female,15
Q185162,Latin rock,male,11
Q2891921,batuque,female,3
Q2407862,Americana,genderfluid,1
Q47781397,EDM trap music,male,19
Q1136846,sinfonia concertante,male,1
Q28746819,bedroom pop,non-binary,3
Q3349878,ohangla,male,1
Q842324,indie pop,trans woman,4
Q2426383,crunkcore,female,1
Q584752,pornogrind,male,2
Q227045,zouk,male,72
Q12274232,Bulgarian folk music,female,89
Q65937017,atmospheric black metal,male,3
Q834959,samba rock,male,10
Q11700058,folk-pop,non-binary,1
Q642983,manele,female,3
Q211573,garage rock,male,103
Q3644819,cello rock,male,1
Q48855636,gaucha music,male,1
Q469630,Canadian hip-hop,male,10
Q236932,acid rock,female,1
Q431415,tejano music,male,14
Q1062702,video game music,non-binary,1
Q253918,melodic death metal,female,4
Q2002705,nouvelle chanson,female,1
Q31837446,dark jazz,male,1
Q114880130,bass music (EDM),transfeminine,1
Q6110313,Catholic Christian rock,male,1
Q858579,big beat,male,14
Q53806314,éntekhno,female,10
Q16829781,cloud rap,female,7
Q1995569,thrashcore,male,1
Q2715398,plena,male,2
Q7402829,Sakara music,male,1
Q873478,enka,male,108
Q115483855,Jersey drill,male,2
Q901610,min'yō,male,12
Q1076513,choral music,female,7
Q216860,Lied,female,9
Q7847156,truck-driving country,male,1
Q3056538,Latin house,male,2
Q2416307,outsider music,male,12
Q12826679,maqom,male,7
Q11399,rock music,genderfluid,2
Q98528185,African folk music,female,1
Q131578,J-pop,non-binary,5
Q9051097,Nueva ola,male,8
Q556959,mbalax,male,8
null/unknown,null/unknown,genderfluid,31
Q9162904,avant-pop,genderfluid,1
Q6496560,Latin ballad,female,16
Q856713,Christian hymn,male,3
Q3025242,pimba,male,6
Q85775929,Latin R&B,female,15
Q483740,Anatolian rock,male,12
Q3328692,music of Iraq,male,5
Q11700058,folk-pop,female,193
Q3328758,music of Saudi Arabia,male,4
Q1191544,kuduro,trans woman,1
Q6057482,pala pala,male,1
Q163775,medieval music,male,5
Q1500364,psychedelic folk,female,8
Q211573,garage rock,female,9
Q1403744,electro-industrial,null/unknown,1
Q11787389,club/dance music,female,9
Q207591,Romantic music,male,50
Q12326776,metal music,male,9
Q1037693,modern rock,female,1
Q108250543,music of Mediterranea,female,6
Q188994,drum and bass,male,133
Q1165777,UK garage,trans woman,1
Q38848,heavy metal music,male,1043
Q1130969,fandango,male,1
Q25116,Argentine tango,intersex,1
Q1878514,post-black metal,male,2
Q188450,electropop,genderfluid,3
Q106641536,Afro-funk,female,2
Q10466674,dansbandspop,male,6
Q25094591,experimental pop,genderfluid,1
Q106621114,dark folk,female,2
Q202930,reggaeton,female,93
Q29480448,industrial techno,female,2
Q1797650,son jarocho,trans woman,1
Q6132088,son nica,male,1
Q188450,electropop,non-binary,5
Q3328740,music of Pakistan,male,1
Q360596,disco house,male,1
Q211025,march,female,1
Q2956468,Chaoui music,male,9
Q2104067,jazz pop,male,5
Q2743435,psychedelic soul,non-binary,1
Q252833,Alpine folk music,female,2
Q316930,dance music,two-spirit,1
Q251192,downtempo,female,17
Q1379958,contemporary Christian music,transgender,1
Q930995,queercore,trans woman,2
Q842324,indie pop,female,360
Q1548170,musical comedy,male,7
Q61340552,stage and screen,male,13
Q750811,minimal house,female,1
Q377910,post-hardcore,female,5
Q2665906,music of Armenia,male,2
Q1062702,video game music,female,28
Q1754592,nerdcore,null/unknown,2
Q20474,dubstep,null/unknown,1
Q121667432,psychedelic rap,non-binary,1
Q108297241,flamenco pop,male,4
Q135239105,jerk rap,male,2
Q263734,nu metal,non-binary,1
Q108250543,music of Mediterranea,male,4
Q11399,rock music,female,913
Q5747907,canto popular uruguayo,female,1
Q739138,teen pop,female,33
Q43343,folk music,transmasculine,1
Q13060093,Sufi rock,male,2
Q815536,Belgian hip hop,female,1
Q9162904,avant-pop,non-binary,1
Q1673922,isicathamiya,male,1
Q369820,music of Africa,female,24
Q1482325,Islamic music,female,3
Q55296418,occult rock,male,1
Q876171,East Coast hip-hop,non-binary,1
Q742341,modern creative,male,20
Q3658336,New Orleans rhythm and blues,female,1
Q2738544,Mizrahi music,male,65
Q840065,new jack swing,female,3
Q1730388,Western swing,male,31
Q3328739,music of Palestine,male,1
Q181897,stride piano,male,3
Q9748,concerto,male,27
Q3889661,marchinha,female,1
Q16610474,Contemporary Catholic liturgical music,male,6
Q107123896,griot music,male,1
Q836571,fantasia,male,1
Q935586,liturgical music,male,392
Q325504,electronic rock,male,28
Q3140141,honky tonk,male,3
Q1640319,experimental music,trans woman,9
Q5612172,grupera,female,3
Q681379,Neudeutsche Schule,male,1
Q4852979,Baltimore club,male,6
Q109382160,plugg music,female,1
Q486263,bossa nova,female,69
Q131272,soul,trans woman,3
Q186472,folk rock,trans woman,2
Q2362669,kwassa kwassa,male,1
Q130392790,Gothic pop,female,2
Q665286,luk thung,male,54
Q97368941,Hebrew music,male,1
Q217191,soft rock,male,109
Q1899347,post-punk revival,female,4
Q10730335,A-pop,male,1
Q111357005,RKT,male,3
Q241662,groove metal,female,3
Q387916,twist,female,3
Q8560269,dirty south,male,97
Q517415,Europop,male,15
Q2521569,soul blues,male,2
null/unknown,null/unknown,agender,6
Q854844,bhangra,female,14
Q64441232,ethnic rock,male,1
Q4996773,bullerengue,female,1
Q1499262,yellow music,male,20
Q3419345,Romanian hip hop,male,1
Q1156570,dabke,male,3
Q6748746,mangambeu,male,1
Q28102012,disco-pop,female,2
Q2956224,Inuit throat singing,female,1
Q95469495,alternative pop,agender,1
Q1472271,pastoral,female,1
Q105404852,hi-tech psytrance,male,1
Q106440193,emo trap,male,3
Q3328622,Russian classical music,male,1
Q220535,verbunkos,male,1
Q1100989,glitch,trans woman,1
Q7308175,reggae rock,female,1
Q3322869,Palm Desert Scene,female,2
Q3191747,cadence rampa,female,1
Q2302695,tech trance,male,14
Q11573651,Ryukyu classical music,male,1
Q2249365,kawina,male,2
Q1317816,indie folk,non-binary,6
Q602646,comedy hip-hop,male,28
Q1995980,new rave,female,1
Q10801097,nhạc trẻ,female,20
Q1033912,hard dance,female,1
Q539089,third stream,female,2
Q486365,anarcho-punk,female,4
Q122143484,scam rap,male,3
Q105637114,deep funk revival,male,1
Q2087267,laïko,male,114
Q105334717,progressive soul,female,1
Q856713,Christian hymn,female,1
Q1490170,slowcore,trans woman,1
Q6365528,kanto,female,1
Q286080,acoustic music,female,52
Q11365,grunge,male,52
Q15733887,vaporwave,trans woman,1
Q2296495,garage punk,male,12
Q487914,pop-punk,non-binary,1
Q1634085,tecno brega,female,4
Q215911,serenade,male,1
Q316930,dance music,genderfluid,1
Q1151260,D-beat,male,1
Q3858,music of Israel,male,26
Q116985035,electronic pop,male,4
Q6966089,Balkan folk music,female,2
Q7855391,Turkish pop,female,5
Q37073,pop music,trans woman,26
Q1683348,Japanese hip-hop,female,1
Q11365,grunge,agender,1
Q6036543,litoraleña music,female,1
Q1139787,music of ancient Greece,female,1
Q1055871,Japanese rock,female,5
Q383982,psychedelic pop,non-binary,1
Q183862,metalcore,male,116
Q17153632,tallava,male,1
Q339906,happy hardcore,male,12
Q2045695,shock rock,male,14
Q94639707,Gascon folk music,female,6
Q2614533,British folk rock,female,1
Q114107195,psycore,male,1
Q3328583,music of Algeria,male,3
Q104695865,hyperpop,undisclosed gender,1
Q6942130,music of Java,female,1
Q202925,tribal house,male,2
Q10296747,mood kayō,male,2
Q2087267,laïko,female,71
Q85741139,Amapiano,female,10
Q484641,pop rock,male,976
Q2915789,gwo ka,male,45
Q220830,surf music,male,19
Q4631020,21st-century classical music,male,14
Q3541635,tsugaru-jamisen,female,1
Q1414130,filk,trans man,1
Q11366,alternative rock,genderfluid,1
Q1378776,music of Ireland,male,82
Q4145692,Russian urban romance,male,7
Q10922,hardcore punk,male,176
Q783243,Australian hip-hop,male,26
Q1046801,turntablism,male,11
Q20021059,future house,male,26
Q487965,industrial music,female,19
Q12736123,Romanian folk music,male,18
Q4045538,nu-disco,male,18
Q460674,ska punk,male,45
Q341364,acid house,male,16
Q101109587,future rave,male,4
Q205049,world music,female,221
Q3437817,Australian rock,male,1
Q59158,dhrupad,male,1
Q64055364,ethnic pop,male,1
Q13034199,Afrikaans music,male,1
Q659599,art punk,female,2
Q1379958,contemporary Christian music,female,162
Q62128,Khyal,female,3
Q55641646,Russ music,male,1
Q1784032,viking rock,male,4
Q7410145,sampledelia,male,1
Q15830404,bolero,male,56
Q139564613,handbell music,male,1
Q125848864,Milwaukee hip hop,male,1
Q139551738,merengue urbano,male,1
Q966564,hardcore hip-hop,non-binary,1
Q3360459,pagode,male,5
Q7397641,sadcore,male,1
Q212112,bel canto,male,3
Q98076452,Sabadell Sound,female,1
Q5793032,cuándo,male,1
Q3328599,Basque music,male,1
Q96395212,neoperreo,trans woman,1
Q4965901,Jersey club,female,2
Q655514,freestyle music,female,18
Q12326776,metal music,female,2
Q388475,Cuban rumba,male,8
Q601235,hip house,male,11
Q6942216,music of New Zealand,female,1
Q105224848,chanson swing,female,1
Q716060,music of Korea,female,2
Q4290471,minstrel song,female,1
Q28401124,yacht rock,male,4
Q2426218,modernism,male,7
Q6188299,Jesus music,male,5
Q739138,teen pop,non-binary,1
Q4696445,ahwash,male,1
Q25094849,art pop,male,10
Q2265866,brutal death metal,male,3
Q339906,happy hardcore,genderfluid,1
Q822309,cerdd dant,male,1
null/unknown,null/unknown,androgyne,2
Q817138,electronica,female,80
Q37073,pop music,intersex trans woman,1
Q2572585,pop rap,genderfluid,1
Q213572,Neue Deutsche Härte,female,1
Q3785731,New Zealand hip-hop,female,2
Q771291,sean-nós singing,female,12
null/unknown,null/unknown,female,86607
Q2090950,Byzantine music,male,15
Q3470692,samba-enredo,female,1
Q110185782,melodic techno,male,9
Q126281100,New York drill,male,1
Q107736421,soundtrack,male,27
Q131272,soul,male,1154
Q80725127,future funk,male,1
Q4078107,bard rock,male,14
Q131440882,electro hip-hop,female,1
Q1650296,instrumental rock,female,2
Q48971892,dungeon synth,trans woman,1
Q2090950,Byzantine music,female,2
Q1143744,digital cumbia,male,1
Q6966089,Balkan folk music,male,3
Q4797,conjunto,male,3
Q76825003,"folk, world and country",male,3
Q9730,classical music,male,5711
Q2271589,Sephardic music,female,2
Q753679,gangsta rap,female,5
Q2369761,salon music,female,1
Q17058526,political music in China,male,1
Q10334896,music of Galicia,female,2
Q5753407,carranga,male,1
Q43343,folk music,non-binary,5
Q936573,crunk,male,43
Q15356546,Hakkapop,female,1
Q852767,Southern rock,male,61
Q47005557,Breton rock,male,8
Q18129813,music of Egypt,female,17
Q1585075,breakbeat hardcore,male,3
Q1537056,light music,male,29
Q263734,nu metal,genderfluid,1
Q5332963,eclecticism in music,male,1
Q1151663,novelty music,genderfluid,1
Q170611,techno,genderqueer,1
Q235858,traditional folk music,trans man,1
Q7983231,Were music,male,1
Q38656,jazz-funk,male,146
Q659599,art punk,male,14
Q183504,indie rock,male,812
Q598929,post-punk,male,181
Q639197,instrumental music,male,63
Q1348260,Kagura,male,1
Q8251828,brega pop,female,1
Q217597,electro,female,35
Q1672398,music of Iran,male,10
Q860196,bikutsi,female,8
Q11307326,city pop,male,15
Q720959,sludge metal,male,14
Q6153818,tunantada,female,2
Q6010117,Memphis rap,male,24
Q6431989,Korean hip-hop,female,3
Q18370965,Pinoy pop,male,12
Q534606,swamp blues,male,2
Q12367419,choir singing,female,1
Q13634037,samba-jazz,female,1
Q1317816,indie folk,male,114
Q436016,early music,female,13
Q10926,emo,male,44
Q123177120,franco,female,1
Q1262781,dub techno,male,2
Q31930766,symphonic power metal,male,1
Q18342587,tropical house,male,13
Q131578,J-pop,female,1746
Q1615483,soul jazz,female,2
Q185858,Franco-Flemish School,male,1
Q213665,K-pop,male,512
Q105513,bebop,female,14
Q936552,music of Tunisia,male,2
Q105637123,leftfield hip hop,female,1
Q4631020,21st-century classical music,female,12
Q1403744,electro-industrial,male,7
Q9794,reggae,male,992
Q2621049,Afro-punk,male,1
Q3967328,spy music,male,2
Q1507298,lo-fi music,male,51
Q108297209,canzone d'autore,male,3
Q227045,zouk,female,39
Q1958273,sertanejo,male,75
Q3025242,pimba,female,2
Q438503,alternative hip-hop,female,22
Q1808721,sound poetry,female,1
Q223840,hardstyle,female,2
Q1684520,jazz blues,male,1
Q438503,alternative hip-hop,male,312
Q2461933,sunshine pop,female,2
Q3071,punk rock,genderqueer,1
Q458480,neotraditional country,female,1
Q3328764,Thai pop,female,34
Q98528141,acoustic Texas blues,male,1
Q5072880,chap hop,male,2
Q12367419,choir singing,male,1
Q484179,folk metal,male,61
Q3394906,music of the Caribbean,female,8
Q675553,swamp rock,female,1
Q7171184,Peruvian cumbia,female,18
Q744327,joik,female,5
Q3091180,shashmaqam,male,2
Q46046,baroque pop,genderqueer,1
Q2961759,Moroccan chaabi,male,8
Q60199541,emo rock,male,1
Q127472147,Hindi music,male,1
Q427183,music of Puerto Rico,male,15
Q3328590,French baroque music,female,3
Q874038,deep house,female,21
Q212112,bel canto,female,1
Q8251828,brega pop,male,3
Q272167,shoegaze,trans woman,1
Q111133884,rage,male,19
Q1884018,Garifuna music,male,1
Q1143743,cumbia romántica,male,1
Q1344,opera,transgender,1
Q2336819,operatic pop,male,24
Q212024,spirituals,female,11
Q598929,post-punk,trans woman,1
Q108297196,Bengali folk music,male,1
Q1773654,country folk,male,5
Q7229757,Vietnamese popular music,female,1
Q4349839,chèo,female,1
Q1193470,theme music,male,1
Q2835456,Nigerian hip hop,female,1
Q388906,hardcore,trans woman,1
Q5398894,V-pop,female,25
Q19816,batucada,male,1
Q3328743,music of the Philippines,female,1
Q850412,contemporary R&B,cisgender man,1
Q3053954,new flamenco,female,1
Q3735537,Ainu folk music,male,1
Q325397,indietronica,trans woman,1
Q106239244,svatbarskata muzika,male,4
Q2337447,meditation music,female,1
Q8072085,Zimbabwean hip hop,male,1
Q7171184,Peruvian cumbia,male,43
